series,basis,ref_month,value,value_ocr_consensus,source,issue,pub_date,pub_date_basis,occ,is_current,row_basis_label,cps_basis,unit,precision,derived,n_agree,n_valid,alts,readings,identity,flags,nvote,sfcheck,xmed,spike,xglyph,pair,colmed,support,xcheck,doubt,page,month_inferred
AWHDURNSA,NSA,1948-02,40.0,40.0,EI,1949-04,19490430,Economic Indicators issue month (last day); press release was earlier in that month,1,True,,,hours,,,3,3,,txt=40.0|t300d=40.0|t400=40.0,FAIL,,,,,,,,,6.0,confirmed_by_adjacent_issue,identity_fail,12,0
AWHDURNSA,NSA,1948-02,40.0,40.0,EI,1949-05,19490531,Economic Indicators issue month (last day); press release was earlier in that month,1,True,,,hours,,,3,3,,txt=40.0|t300d=40.0|t400=40.0,FAIL,,,,,,,,,6.0,confirmed_by_adjacent_issue,identity_fail,12,0
AWHDURNSA,NSA,1948-04,39.8,39.8,EI,1949-04,19490430,Economic Indicators issue month (last day); press release was earlier in that month,1,True,,,hours,,,3,3,,txt=39.8|t300d=39.8|t400=39.8,FAIL,,,,,,,,,9.0,confirmed_by_adjacent_issue,identity_fail,12,0
AWHDURNSA,NSA,1948-04,39.8,39.8,EI,1949-05,19490531,Economic Indicators issue month (last day); press release was earlier in that month,1,True,,,hours,,,3,3,,txt=39.8|t300d=39.8|t400=39.8,FAIL,,,,,,,,,12.0,confirmed_by_adjacent_issue,identity_fail,12,0
AWHDURNSA,NSA,1948-04,39.8,39.8,EI,1949-06,19490630,Economic Indicators issue month (last day); press release was earlier in that month,1,True,,,hours,,,3,3,,txt=39.8|t300d=39.8|t400=39.8,FAIL,,,,,,,,,12.0,confirmed_by_adjacent_issue,identity_fail,12,0
AWHDURNSA,NSA,1948-04,39.8,39.8,EI,1949-07,19490731,Economic Indicators issue month (last day); press release was earlier in that month,1,True,,,hours,,,3,3,,txt=39.8|t300d=39.8|t400=39.8,FAIL,,,,,,,,,9.0,confirmed_by_adjacent_issue,identity_fail,12,0
AWHDURNSA,NSA,1948-10,39.7,39.7,EI,1949-04,19490430,Economic Indicators issue month (last day); press release was earlier in that month,1,True,,,hours,,,3,3,,txt=39.7|t300d=39.7|t400=39.7,FAIL,,,,,,,,,9.0,confirmed_by_adjacent_issue,identity_fail,12,0
AWHDURNSA,NSA,1948-10,39.7,39.7,EI,1949-05,19490531,Economic Indicators issue month (last day); press release was earlier in that month,1,True,,,hours,,,3,3,,txt=39.7|t300d=39.7|t400=39.7,FAIL,,,,,,,,,12.0,confirmed_by_adjacent_issue,identity_fail,12,0
AWHDURNSA,NSA,1948-10,39.7,39.7,EI,1949-06,19490630,Economic Indicators issue month (last day); press release was earlier in that month,1,True,,,hours,,,3,3,,txt=39.7|t300d=39.7|t400=39.7,FAIL,,,,,,,,,15.0,confirmed_by_adjacent_issue,identity_fail,12,0
AWHDURNSA,NSA,1948-10,39.7,39.7,EI,1949-07,19490731,Economic Indicators issue month (last day); press release was earlier in that month,1,True,,,hours,,,3,3,,txt=39.7|t300d=39.7|t400=39.7,FAIL,,,,,,,,,15.0,confirmed_by_adjacent_issue,identity_fail,12,0
AWHDURNSA,NSA,1948-10,39.7,39.7,EI,1949-08,19490831,Economic Indicators issue month (last day); press release was earlier in that month,1,True,,,hours,,,3,3,,txt=39.7|t300d=39.7|t400=39.7,FAIL,,,,,,,,,12.0,confirmed_by_adjacent_issue,identity_fail,12,0
AWHDURNSA,NSA,1948-10,39.7,39.7,EI,1949-09,19490930,Economic Indicators issue month (last day); press release was earlier in that month,1,True,,,hours,,,3,3,,txt=39.7|t300d=39.7|t400=39.7,FAIL,,,,,,,,,9.0,confirmed_by_adjacent_issue,identity_fail,12,0
AWHDURNSA,NSA,1948-11,39.5,39.5,EI,1949-04,19490430,Economic Indicators issue month (last day); press release was earlier in that month,1,True,,,hours,,,3,3,,txt=39.5|t300d=39.5|t400=39.5,FAIL,,,,,,,,,9.0,confirmed_by_adjacent_issue,identity_fail,12,0
AWHDURNSA,NSA,1948-11,39.5,39.5,EI,1949-05,19490531,Economic Indicators issue month (last day); press release was earlier in that month,1,True,,,hours,,,3,3,,txt=39.5|t300d=39.5|t400=39.5,FAIL,,,,,,,,,12.0,confirmed_by_adjacent_issue,identity_fail,12,0
AWHDURNSA,NSA,1948-11,39.5,39.5,EI,1949-06,19490630,Economic Indicators issue month (last day); press release was earlier in that month,1,True,,,hours,,,3,3,,txt=39.5|t300d=39.5|t400=39.5,FAIL,,,,,,,,,15.0,confirmed_by_adjacent_issue,identity_fail,12,0
AWHDURNSA,NSA,1948-11,39.5,39.5,EI,1949-07,19490731,Economic Indicators issue month (last day); press release was earlier in that month,1,True,,,hours,,,3,3,,txt=39.5|t300d=39.5|t400=39.5,FAIL,,,,,,,,,14.0,confirmed_by_adjacent_issue,identity_fail,12,0
AWHDURNSA,NSA,1948-11,39.5,39.5,EI,1949-08,19490831,Economic Indicators issue month (last day); press release was earlier in that month,1,True,,,hours,,,3,3,,txt=39.5|t300d=39.5|t400=39.5,FAIL,,,,,,,,,11.0,confirmed_by_adjacent_issue,identity_fail,12,0
AWHDURNSA,NSA,1948-11,39.5,39.5,EI,1949-09,19490930,Economic Indicators issue month (last day); press release was earlier in that month,1,True,,,hours,,,2,2,,txt=|t300d=39.5|t400=39.5,FAIL,,,,,,,,,8.0,confirmed_by_adjacent_issue,identity_fail,12,0
AWHDURNSA,NSA,1949-07,38.9,38.9,EI,1949-11,19491130,Economic Indicators issue month (last day); press release was earlier in that month,1,True,,,hours,,,3,3,,txt=38.9|t300d=38.9|t400=38.9,ok,,,,,,,,,3.0,OUTLIER_vs_adjacent_issues,xissue_outlier,12,0
AWHDURNSA,NSA,1949-12,40.3,40.3,EI,1950-03,19500331,Economic Indicators issue month (last day); press release was earlier in that month,1,True,,,hours,,,3,3,,txt=40.3|t300d=40.3|t400=40.3,ok,,,,,,,,,3.0,OUTLIER_vs_adjacent_issues,xissue_outlier,12,0
AWHDURNSA,NSA,1950-07,41.0,41.0,EI,1950-11,19501130,Economic Indicators issue month (last day); press release was earlier in that month,1,True,,,hours,,,3,3,,txt=41.0|t300d=41.0|t400=41.0,ok,,,,,,,,,3.0,OUTLIER_vs_adjacent_issues,xissue_outlier,12,0
AWHDURNSA,NSA,1950-10,42.1,42.1,EI,1951-01,19510131,Economic Indicators issue month (last day); press release was earlier in that month,1,True,,,hours,,,3,3,,txt=42.1|t300d=42.1|t400=42.1,ok,,,,,,,,,6.0,OUTLIER_vs_adjacent_issues,xissue_outlier,12,0
AWHDURNSA,NSA,1950-10,42.2,42.2,EI,1951-02,19510228,Economic Indicators issue month (last day); press release was earlier in that month,1,True,,,hours,,,3,3,,txt=42.2|t300d=42.2|t400=42.2,ok,,,,,,,,,6.0,OUTLIER_vs_adjacent_issues,xissue_outlier,12,0
AWHDURNSA,NSA,1950-12,41.2,41.2,EI,1951-04,19510430,Economic Indicators issue month (last day); press release was earlier in that month,1,True,,,hours,,,2,2,,txt=|t300d=41.2|t400=41.2,FAIL,,,,,,,,,2.0,OUTLIER_vs_adjacent_issues,identity_fail;xissue_outlier,12,0
AWHDURNSA,NSA,1951-01,41.6,41.6,EI,1951-05,19510531,Economic Indicators issue month (last day); press release was earlier in that month,1,True,,,hours,,,2,2,,txt=|t300d=41.6|t400=41.6,ok,,,,,,,,,2.0,OUTLIER_vs_adjacent_issues,xissue_outlier,12,0
AWHDURNSA,NSA,1951-02,41.5,41.5,EI,1951-06,19510630,Economic Indicators issue month (last day); press release was earlier in that month,1,True,,,hours,,,3,3,,txt=41.5|t300d=41.5|t400=41.5,ok,,,,,,,,,3.0,OUTLIER_vs_adjacent_issues,xissue_outlier,12,0
AWHDURNSA,NSA,1951-09,41.6,41.6,EI,1951-12,19511231,Economic Indicators issue month (last day); press release was earlier in that month,1,True,,,hours,,,3,3,,txt=41.6|t300d=41.6|t400=41.6,ok,,,,,,,,,6.0,OUTLIER_vs_adjacent_issues,xissue_outlier,12,0
AWHDURNSA,NSA,1951-09,41.5,41.5,EI,1952-01,19520131,Economic Indicators issue month (last day); press release was earlier in that month,1,True,,,hours,,,2,2,,txt=|t300d=41.5|t400=41.5,ok,,,,,,,,,4.0,OUTLIER_vs_adjacent_issues,xissue_outlier,12,0
AWHDURNSA,NSA,1951-11,41.4,41.4,EI,1952-03,19520331,Economic Indicators issue month (last day); press release was earlier in that month,1,True,,,hours,,,2,2,,txt=41.4|t300d=|t400=41.4,ok,,,,,,,,,2.0,OUTLIER_vs_adjacent_issues,xissue_outlier,12,0
AWHDURNSA,NSA,1952-11,41.9,41.9,EI,1953-06,19530630,Economic Indicators issue month (last day); press release was earlier in that month,1,True,,,hours,,,2,2,,txt=|t300d=41.9|t400=41.9,FAIL,,,,,,,,,9.0,confirmed_by_adjacent_issue,identity_fail,12,0
AWHDURNSA,NSA,1954-01,40.0,40.0,EI,1954-03,19540331,Economic Indicators issue month (last day); press release was earlier in that month,1,True,,,hours,,,2,2,,txt=|t300d=40.0|t400=40.0,ok,,,,,,,,,2.0,OUTLIER_vs_adjacent_issues,xissue_outlier,12,0
AWHDURNSA,NSA,1955-12,41.9,41.9,EI,1956-02,19560229,Economic Indicators issue month (last day); press release was earlier in that month,1,True,,,hours,,,3,3,,txt=41.9|t300d=41.9|t400=41.9,ok,,,,,,,,,3.0,OUTLIER_vs_adjacent_issues,xissue_outlier,16,0
AWHDURNSA,NSA,1956-10,41.5,41.5,EI,1956-12,19561231,Economic Indicators issue month (last day); press release was earlier in that month,1,True,,,hours,,,2,2,,txt=41.5|t300d=41.5|t400=,ok,,,,,,,,,2.0,OUTLIER_vs_adjacent_issues,xissue_outlier,16,0
AWHDURNSA,NSA,1957-06,40.6,40.6,EI,1957-08,19570831,Economic Indicators issue month (last day); press release was earlier in that month,1,True,,,hours,,,3,3,,txt=40.6|t300d=40.6|t400=40.6,ok,,,,,,,,,3.0,OUTLIER_vs_adjacent_issues,xissue_outlier,16,0
AWHDURNSA,NSA,1957-10,39.9,39.9,EI,1957-12,19571231,Economic Indicators issue month (last day); press release was earlier in that month,1,True,,,hours,,,3,3,,txt=39.9|t300d=39.9|t400=39.9,ok,,,,,,,,,3.0,OUTLIER_vs_adjacent_issues,xissue_outlier,16,0
AWHDURNSA,NSA,1957-10,39.8,39.8,EI,1958-12,19581231,Economic Indicators issue month (last day); press release was earlier in that month,1,True,,,hours,,,3,3,,txt=39.8|t300d=39.8|t400=39.8,FAIL,,,,,,,,,7.0,confirmed_by_adjacent_issue,identity_fail,16,0
AWHDURNSA,NSA,1959-08,40.8,40.8,EI,1959-12,19591231,Economic Indicators issue month (last day); press release was earlier in that month,1,True,,,hours,,,3,3,,txt=40.8|t300d=40.8|t400=40.8,FAIL,,,,,,,,,11.0,confirmed_by_adjacent_issue,identity_fail,16,0
AWHMAN,SA,1960-11,39.0,39.0,EI,1961-01,19610131,Economic Indicators issue month (last day); press release was earlier in that month,1,True,,,hours,,,3,3,,txt=39.0|t300d=39.0|t400=39.0,ok,,,,,,,,,3.0,OUTLIER_vs_adjacent_issues,xissue_outlier,16,0
AWHMAN,SA,1961-05,39.9,39.9,EI,1961-07,19610731,Economic Indicators issue month (last day); press release was earlier in that month,1,True,,,hours,,,3,3,,txt=39.9|t300d=39.9|t400=39.9,ok,,,,,,,,,3.0,OUTLIER_vs_adjacent_issues,xissue_outlier,16,0
AWHMAN,SA,1961-08,40.0,40.6,EI,1961-10,19611031,Economic Indicators issue month (last day); press release was earlier in that month,1,True,,,hours,,,2,3,40.0,txt=40.0|t300d=40.6|t400=40.6,FAIL,,neighbourhood_vote:40.6->40.0,,,,,,,10.0,confirmed_by_adjacent_issue,identity_fail,16,1
AWHMANNSA,NSA,1948-02,40.1,40.1,EI,1948-06,19480630,Economic Indicators issue month (last day); press release was earlier in that month,1,True,,,hours,,,3,3,,txt=40.1|t300d=40.1|t400=40.1,,,,,,,,,,3.0,OUTLIER_vs_adjacent_issues,xissue_outlier,11,0
AWHMANNSA,NSA,1948-02,40.2,40.2,EI,1949-04,19490430,Economic Indicators issue month (last day); press release was earlier in that month,1,True,,,hours,,,3,3,,txt=40.2|t300d=40.2|t400=40.2,FAIL,,,,,,,,,12.0,confirmed_by_adjacent_issue,identity_fail,12,0
AWHMANNSA,NSA,1948-02,40.2,40.2,EI,1949-05,19490531,Economic Indicators issue month (last day); press release was earlier in that month,1,True,,,hours,,,3,3,,txt=40.2|t300d=40.2|t400=40.2,FAIL,,,,,,,,,9.0,confirmed_by_adjacent_issue,identity_fail,12,0
AWHMANNSA,NSA,1948-03,40.3,40.3,EI,1948-06,19480630,Economic Indicators issue month (last day); press release was earlier in that month,1,True,,,hours,,,3,3,,txt=40.3|t300d=40.3|t400=40.3,,,,,,,,,,3.0,OUTLIER_vs_adjacent_issues,xissue_outlier,11,0
AWHMANNSA,NSA,1948-04,40.1,40.1,EI,1949-04,19490430,Economic Indicators issue month (last day); press release was earlier in that month,1,True,,,hours,,,3,3,,txt=40.1|t300d=40.1|t400=40.1,FAIL,,,,,,,,,14.0,confirmed_by_adjacent_issue,identity_fail,12,0
AWHMANNSA,NSA,1948-04,40.1,40.1,EI,1949-05,19490531,Economic Indicators issue month (last day); press release was earlier in that month,1,True,,,hours,,,3,3,,txt=40.1|t300d=40.1|t400=40.1,FAIL,,,,,,,,,14.0,confirmed_by_adjacent_issue,identity_fail,12,0
AWHMANNSA,NSA,1948-04,40.1,40.1,EI,1949-06,19490630,Economic Indicators issue month (last day); press release was earlier in that month,1,True,,,hours,,,2,2,,txt=|t300d=40.1|t400=40.1,FAIL,,,,,,,,,11.0,confirmed_by_adjacent_issue,identity_fail,12,0
AWHMANNSA,NSA,1948-04,40.1,40.1,EI,1949-07,19490731,Economic Indicators issue month (last day); press release was earlier in that month,1,True,,,hours,,,3,3,,txt=40.1|t300d=40.1|t400=40.1,FAIL,,,,,,,,,8.0,confirmed_by_adjacent_issue,identity_fail,12,0
AWHMANNSA,NSA,1948-05,39.8,39.8,EI,1948-08,19480831,Economic Indicators issue month (last day); press release was earlier in that month,1,True,,,hours,,,3,3,,txt=39.8|t300d=39.8|t400=39.8,,,,,,,,,,3.0,OUTLIER_vs_adjacent_issues,xissue_outlier,12,0
AWHMANNSA,NSA,1948-06,40.0,40.0,EI,1948-08,19480831,Economic Indicators issue month (last day); press release was earlier in that month,1,True,,,hours,,,1,1,,txt=40.0|t300d=|t400=,,,,,,,,,,1.0,differs_from_adjacent (revision or OCR),ocr_readings_disagree_unconfirmed,12,0
AWHMANNSA,NSA,1948-07,39.9,39.9,EI,1948-10,19481031,Economic Indicators issue month (last day); press release was earlier in that month,1,True,,,hours,,,3,3,,txt=39.9|t300d=39.9|t400=39.9,,,,,,,,,,3.0,OUTLIER_vs_adjacent_issues,xissue_outlier,12,0
AWHMANNSA,NSA,1948-09,39.7,39.7,EI,1948-11,19481130,Economic Indicators issue month (last day); press release was earlier in that month,1,True,,,hours,,,1,1,,txt=|t300d=|t400=39.7,,,,,,,,,,1.0,differs_from_adjacent (revision or OCR),ocr_readings_disagree_unconfirmed,12,0
AWHMANNSA,NSA,1948-10,40.0,40.0,EI,1948-12,19481231,Economic Indicators issue month (last day); press release was earlier in that month,1,True,,,hours,,,1,1,,txt=|t300d=|t400=40.0,,,,,,,,,,1.0,differs_from_adjacent (revision or OCR),ocr_readings_disagree_unconfirmed,12,0
AWHMANNSA,NSA,1948-10,40.0,40.0,EI,1949-04,19490430,Economic Indicators issue month (last day); press release was earlier in that month,1,True,,,hours,,,3,3,,txt=40.0|t300d=40.0|t400=40.0,FAIL,,,,,,,,,12.0,confirmed_by_adjacent_issue,identity_fail,12,0
AWHMANNSA,NSA,1948-10,40.0,40.0,EI,1949-05,19490531,Economic Indicators issue month (last day); press release was earlier in that month,1,True,,,hours,,,3,3,,txt=40.0|t300d=40.0|t400=40.0,FAIL,,,,,,,,,15.0,confirmed_by_adjacent_issue,identity_fail,12,0
AWHMANNSA,NSA,1948-10,40.0,40.0,EI,1949-06,19490630,Economic Indicators issue month (last day); press release was earlier in that month,1,True,,,hours,,,3,3,,txt=40.0|t300d=40.0|t400=40.0,FAIL,,,,,,,,,15.0,confirmed_by_adjacent_issue,identity_fail,12,0
AWHMANNSA,NSA,1948-10,40.0,40.0,EI,1949-07,19490731,Economic Indicators issue month (last day); press release was earlier in that month,1,True,,,hours,,,3,3,,txt=40.0|t300d=40.0|t400=40.0,FAIL,,,,,,,,,15.0,confirmed_by_adjacent_issue,identity_fail,12,0
AWHMANNSA,NSA,1948-10,40.0,40.0,EI,1949-08,19490831,Economic Indicators issue month (last day); press release was earlier in that month,1,True,,,hours,,,3,3,,txt=40.0|t300d=40.0|t400=40.0,FAIL,,,,,,,,,15.0,confirmed_by_adjacent_issue,identity_fail,12,0
AWHMANNSA,NSA,1948-10,40.0,40.0,EI,1949-09,19490930,Economic Indicators issue month (last day); press release was earlier in that month,1,True,,,hours,,,3,3,,txt=40.0|t300d=40.0|t400=40.0,FAIL,,,,,,,,,15.0,confirmed_by_adjacent_issue,identity_fail,12,0
AWHMANNSA,NSA,1948-11,39.8,39.8,EI,1949-04,19490430,Economic Indicators issue month (last day); press release was earlier in that month,1,True,,,hours,,,3,3,,txt=39.8|t300d=39.8|t400=39.8,FAIL,,,,,,,,,12.0,confirmed_by_adjacent_issue,identity_fail,12,0
AWHMANNSA,NSA,1948-11,39.8,39.8,EI,1949-05,19490531,Economic Indicators issue month (last day); press release was earlier in that month,1,True,,,hours,,,3,3,,txt=39.8|t300d=39.8|t400=39.8,FAIL,,,,,,,,,15.0,confirmed_by_adjacent_issue,identity_fail,12,0
AWHMANNSA,NSA,1948-11,39.8,39.8,EI,1949-06,19490630,Economic Indicators issue month (last day); press release was earlier in that month,1,True,,,hours,,,3,3,,txt=39.8|t300d=39.8|t400=39.8,FAIL,,,,,,,,,15.0,confirmed_by_adjacent_issue,identity_fail,12,0
AWHMANNSA,NSA,1948-11,39.8,39.8,EI,1949-07,19490731,Economic Indicators issue month (last day); press release was earlier in that month,1,True,,,hours,,,3,3,,txt=39.8|t300d=39.8|t400=39.8,FAIL,,,,,,,,,15.0,confirmed_by_adjacent_issue,identity_fail,12,0
AWHMANNSA,NSA,1948-11,39.8,39.8,EI,1949-08,19490831,Economic Indicators issue month (last day); press release was earlier in that month,1,True,,,hours,,,3,3,,txt=39.8|t300d=39.8|t400=39.8,FAIL,,,,,,,,,15.0,confirmed_by_adjacent_issue,identity_fail,12,0
AWHMANNSA,NSA,1948-11,39.8,39.8,EI,1949-09,19490930,Economic Indicators issue month (last day); press release was earlier in that month,1,True,,,hours,,,3,3,,txt=39.8|t300d=39.8|t400=39.8,FAIL,,,,,,,,,15.0,confirmed_by_adjacent_issue,identity_fail,12,0
AWHMANNSA,NSA,1949-05,38.6,38.6,EI,1949-07,19490731,Economic Indicators issue month (last day); press release was earlier in that month,1,True,,,hours,,,1,1,,txt=38.6|t300d=|t400=,,,,,,,,,,1.0,differs_from_adjacent (revision or OCR),ocr_readings_disagree_unconfirmed,12,0
AWHMANNSA,NSA,1950-12,41.4,41.4,EI,1951-04,19510430,Economic Indicators issue month (last day); press release was earlier in that month,1,True,,,hours,,,3,3,,txt=41.4|t300d=41.4|t400=41.4,FAIL,,,,,,,,,12.0,confirmed_by_adjacent_issue,identity_fail,12,0
AWHMANNSA,NSA,1951-03,41.0,41.0,EI,1951-06,19510630,Economic Indicators issue month (last day); press release was earlier in that month,1,True,,,hours,,,3,3,,txt=41.0|t300d=41.0|t400=41.0,ok,,,,,,,,,3.0,OUTLIER_vs_adjacent_issues,xissue_outlier,12,0
AWHMANNSA,NSA,1952-11,44.1,44.1,EI,1953-06,19530630,Economic Indicators issue month (last day); press release was earlier in that month,1,True,,,hours,,,1,2,43.1,txt=|t300d=44.1|t400=43.1,FAIL,,,,,SPIKE,,,,2.0,OUTLIER_vs_adjacent_issues,identity_fail;xissue_outlier;ocr_readings_disagree_unconfirmed;isolated_spike_vs_adjacent_months,12,0
AWHMANNSA,NSA,1954-12,40.6,40.6,EI,1955-02,19550228,Economic Indicators issue month (last day); press release was earlier in that month,1,True,,,hours,,,3,3,,txt=40.6|t300d=40.6|t400=40.6,ok,,,,,,,,,3.0,OUTLIER_vs_adjacent_issues,xissue_outlier,12,0
AWHMANNSA,NSA,1956-07,40.0,40.0,EI,1956-09,19560930,Economic Indicators issue month (last day); press release was earlier in that month,1,True,,,hours,,,3,3,,txt=40.0|t300d=40.0|t400=40.0,ok,,,,,,,,,3.0,OUTLIER_vs_adjacent_issues,xissue_outlier,16,0
AWHMANNSA,NSA,1956-08,40.2,40.2,EI,1956-10,19561031,Economic Indicators issue month (last day); press release was earlier in that month,1,True,,,hours,,,3,3,,txt=40.2|t300d=40.2|t400=40.2,ok,,,,,,,,,3.0,OUTLIER_vs_adjacent_issues,xissue_outlier,16,0
AWHMANNSA,NSA,1957-01,40.1,40.1,EI,1957-03,19570331,Economic Indicators issue month (last day); press release was earlier in that month,1,True,,,hours,,,3,3,,txt=40.1|t300d=40.1|t400=40.1,ok,,,,,,,,,3.0,OUTLIER_vs_adjacent_issues,xissue_outlier,16,0
AWHMANNSA,NSA,1957-10,39.5,39.5,EI,1958-12,19581231,Economic Indicators issue month (last day); press release was earlier in that month,1,True,,,hours,,,3,3,,txt=39.5|t300d=39.5|t400=39.5,FAIL,,,,,,,,,9.0,confirmed_by_adjacent_issue,identity_fail,16,0
AWHMANNSA,NSA,1958-01,38.6,38.6,EI,1958-03,19580331,Economic Indicators issue month (last day); press release was earlier in that month,1,True,,,hours,,,3,3,,txt=38.6|t300d=38.6|t400=38.6,ok,,,,,,,,,3.0,OUTLIER_vs_adjacent_issues,xissue_outlier,16,0
AWHMANNSA,NSA,1958-12,40.3,40.3,EI,1959-02,19590228,Economic Indicators issue month (last day); press release was earlier in that month,1,True,,,hours,,,3,3,,txt=40.3|t300d=40.3|t400=40.3,ok,,,,,,,,,3.0,OUTLIER_vs_adjacent_issues,xissue_outlier,16,0
AWHMANNSA,NSA,1959-08,40.5,40.5,EI,1959-12,19591231,Economic Indicators issue month (last day); press release was earlier in that month,1,True,,,hours,,,3,3,,txt=40.5|t300d=40.5|t400=40.5,FAIL,,,,,,,,,15.0,confirmed_by_adjacent_issue,identity_fail,16,0
AWHMANNSA,NSA,1960-08,39.7,39.7,EI,1960-09,19600930,Economic Indicators issue month (last day); press release was earlier in that month,1,True,,,hours,,,1,1,,txt=39.7|t300d=|t400=,,,,,,,,,,1.0,differs_from_adjacent (revision or OCR),ocr_readings_disagree_unconfirmed,17,0
AWHNONDURNSA,NSA,1948-02,38.7,38.7,EI,1949-04,19490430,Economic Indicators issue month (last day); press release was earlier in that month,1,True,,,hours,,,3,3,,txt=38.7|t300d=38.7|t400=38.7,FAIL,,,,,,,,,6.0,confirmed_by_adjacent_issue,identity_fail,12,0
AWHNONDURNSA,NSA,1948-02,38.7,38.7,EI,1949-05,19490531,Economic Indicators issue month (last day); press release was earlier in that month,1,True,,,hours,,,3,3,,txt=38.7|t300d=38.7|t400=38.7,FAIL,,,,,,,,,6.0,confirmed_by_adjacent_issue,identity_fail,12,0
AWHNONDURNSA,NSA,1948-04,27.0,27.0,EI,1949-04,19490430,Economic Indicators issue month (last day); press release was earlier in that month,1,True,,,hours,,,2,2,,txt=27.0|t300d=|t400=27.0,FAIL,,,,,SPIKE,,,,5.0,confirmed_by_adjacent_issue,identity_fail;isolated_spike_vs_adjacent_months,12,0
AWHNONDURNSA,NSA,1948-04,27.0,27.0,EI,1949-05,19490531,Economic Indicators issue month (last day); press release was earlier in that month,1,True,,,hours,,,2,2,,txt=27.0|t300d=|t400=27.0,FAIL,,,,,SPIKE,,,,7.0,confirmed_by_adjacent_issue,identity_fail;isolated_spike_vs_adjacent_months,12,0
AWHNONDURNSA,NSA,1948-04,27.0,27.0,EI,1949-06,19490630,Economic Indicators issue month (last day); press release was earlier in that month,1,True,,,hours,,,1,1,,txt=|t300d=|t400=27.0,FAIL,,,,,SPIKE,,,,7.0,confirmed_by_adjacent_issue,identity_fail;isolated_spike_vs_adjacent_months,12,0
AWHNONDURNSA,NSA,1948-04,27.0,27.0,EI,1949-07,19490731,Economic Indicators issue month (last day); press release was earlier in that month,1,True,,,hours,,,2,2,,txt=27.0|t300d=|t400=27.0,FAIL,,,,,SPIKE,,,,5.0,confirmed_by_adjacent_issue,identity_fail;isolated_spike_vs_adjacent_months,12,0
AWHNONDURNSA,NSA,1948-10,38.6,38.6,EI,1949-04,19490430,Economic Indicators issue month (last day); press release was earlier in that month,1,True,,,hours,,,3,3,,txt=38.6|t300d=38.6|t400=38.6,FAIL,,,,,,,,,9.0,confirmed_by_adjacent_issue,identity_fail,12,0
AWHNONDURNSA,NSA,1948-10,38.6,38.6,EI,1949-05,19490531,Economic Indicators issue month (last day); press release was earlier in that month,1,True,,,hours,,,3,3,,txt=38.6|t300d=38.6|t400=38.6,FAIL,,,,,,,,,12.0,confirmed_by_adjacent_issue,identity_fail,12,0
AWHNONDURNSA,NSA,1948-10,38.6,38.6,EI,1949-06,19490630,Economic Indicators issue month (last day); press release was earlier in that month,1,True,,,hours,,,3,3,,txt=38.6|t300d=38.6|t400=38.6,FAIL,,,,,,,,,15.0,confirmed_by_adjacent_issue,identity_fail,12,0
AWHNONDURNSA,NSA,1948-10,38.6,38.6,EI,1949-07,19490731,Economic Indicators issue month (last day); press release was earlier in that month,1,True,,,hours,,,3,3,,txt=38.6|t300d=38.6|t400=38.6,FAIL,,,,,,,,,15.0,confirmed_by_adjacent_issue,identity_fail,12,0
AWHNONDURNSA,NSA,1948-10,38.6,38.6,EI,1949-08,19490831,Economic Indicators issue month (last day); press release was earlier in that month,1,True,,,hours,,,3,3,,txt=38.6|t300d=38.6|t400=38.6,FAIL,,,,,,,,,12.0,confirmed_by_adjacent_issue,identity_fail,12,0
AWHNONDURNSA,NSA,1948-10,38.6,38.6,EI,1949-09,19490930,Economic Indicators issue month (last day); press release was earlier in that month,1,True,,,hours,,,3,3,,txt=38.6|t300d=38.6|t400=38.6,FAIL,,,,,,,,,9.0,confirmed_by_adjacent_issue,identity_fail,12,0
AWHNONDURNSA,NSA,1948-11,37.1,37.1,EI,1949-04,19490430,Economic Indicators issue month (last day); press release was earlier in that month,1,True,,,hours,,,3,3,,txt=37.1|t300d=37.1|t400=37.1,FAIL,,,,,,,,,8.0,confirmed_by_adjacent_issue,identity_fail,12,0
AWHNONDURNSA,NSA,1948-11,37.1,37.1,EI,1949-05,19490531,Economic Indicators issue month (last day); press release was earlier in that month,1,True,,,hours,,,2,2,,txt=37.1|t300d=37.1|t400=,FAIL,,,,,,,,,11.0,confirmed_by_adjacent_issue,identity_fail,12,0
AWHNONDURNSA,NSA,1948-11,37.1,37.1,EI,1949-06,19490630,Economic Indicators issue month (last day); press release was earlier in that month,1,True,,,hours,,,3,3,,txt=37.1|t300d=37.1|t400=37.1,FAIL,,,,,,,,,13.0,confirmed_by_adjacent_issue,identity_fail,12,0
AWHNONDURNSA,NSA,1948-11,37.1,37.1,EI,1949-07,19490731,Economic Indicators issue month (last day); press release was earlier in that month,1,True,,,hours,,,3,3,,txt=37.1|t300d=37.1|t400=37.1,FAIL,,,,,,,,,12.0,confirmed_by_adjacent_issue,identity_fail,12,0
AWHNONDURNSA,NSA,1948-11,37.1,37.1,EI,1949-08,19490831,Economic Indicators issue month (last day); press release was earlier in that month,1,True,,,hours,,,2,2,,txt=37.1|t300d=|t400=37.1,FAIL,,,,,,,,,10.0,confirmed_by_adjacent_issue,identity_fail,12,0
AWHNONDURNSA,NSA,1948-11,37.1,37.1,EI,1949-09,19490930,Economic Indicators issue month (last day); press release was earlier in that month,1,True,,,hours,,,2,2,,txt=|t300d=37.1|t400=37.1,FAIL,,,,,,,,,7.0,confirmed_by_adjacent_issue,identity_fail,12,0
AWHNONDURNSA,NSA,1950-06,39.5,39.5,EI,1950-09,19500930,Economic Indicators issue month (last day); press release was earlier in that month,1,True,,,hours,,,1,1,,txt=|t300d=39.5|t400=,ok,,,,,,,,,4.0,OUTLIER_vs_adjacent_issues,xissue_outlier,12,0
AWHNONDURNSA,NSA,1950-06,39.4,39.4,EI,1950-10,19501031,Economic Indicators issue month (last day); press release was earlier in that month,1,True,,,hours,,,3,3,,txt=39.4|t300d=39.4|t400=39.4,ok,,,,,,,,,6.0,OUTLIER_vs_adjacent_issues,xissue_outlier,12,0
AWHNONDURNSA,NSA,1950-12,40.4,40.4,EI,1951-03,19510331,Economic Indicators issue month (last day); press release was earlier in that month,1,True,,,hours,,,2,2,,txt=|t300d=40.4|t400=40.4,ok,,,,,,,,,2.0,OUTLIER_vs_adjacent_issues,xissue_outlier,12,0
AWHNONDURNSA,NSA,1950-12,40.5,40.5,EI,1951-04,19510430,Economic Indicators issue month (last day); press release was earlier in that month,1,True,,,hours,,,3,3,,txt=40.5|t300d=40.5|t400=40.5,FAIL,,,,,,,,,11.0,confirmed_by_adjacent_issue,identity_fail,12,0
AWHNONDURNSA,NSA,1951-03,40.0,40.0,EI,1951-06,19510630,Economic Indicators issue month (last day); press release was earlier in that month,1,True,,,hours,,,3,3,,txt=40.0|t300d=40.0|t400=40.0,ok,,,,,,,,,5.0,OUTLIER_vs_adjacent_issues,xissue_outlier,12,0
AWHNONDURNSA,NSA,1951-03,40.1,40.1,EI,1951-07,19510731,Economic Indicators issue month (last day); press release was earlier in that month,1,True,,,hours,,,3,3,,txt=40.1|t300d=40.1|t400=40.1,ok,,,,,,,,,6.0,OUTLIER_vs_adjacent_issues,xissue_outlier,12,0
AWHNONDURNSA,NSA,1951-04,39.7,39.7,EI,1951-07,19510731,Economic Indicators issue month (last day); press release was earlier in that month,1,True,,,hours,,,3,3,,txt=39.7|t300d=39.7|t400=39.7,ok,,,,,,,,,5.0,OUTLIER_vs_adjacent_issues,xissue_outlier,12,0
AWHNONDURNSA,NSA,1951-04,39.6,39.6,EI,1951-08,19510831,Economic Indicators issue month (last day); press release was earlier in that month,1,True,,,hours,,,2,2,,txt=|t300d=39.6|t400=39.6,ok,,,,,,,,,5.0,OUTLIER_vs_adjacent_issues,xissue_outlier,12,0
AWHNONDURNSA,NSA,1951-06,39.5,39.5,EI,1951-10,19511031,Economic Indicators issue month (last day); press release was earlier in that month,1,True,,,hours,,,3,3,,txt=39.5|t300d=39.5|t400=39.5,ok,,,,,,,,,3.0,OUTLIER_vs_adjacent_issues,xissue_outlier,12,0
AWHNONDURNSA,NSA,1951-07,39.8,39.8,EI,1952-01,19520131,Economic Indicators issue month (last day); press release was earlier in that month,1,True,,,hours,,,2,2,,txt=|t300d=39.8|t400=39.8,ok,,,,,,,,,2.0,OUTLIER_vs_adjacent_issues,xissue_outlier,12,0
AWHNONDURNSA,NSA,1951-09,39.3,39.3,EI,1952-01,19520131,Economic Indicators issue month (last day); press release was earlier in that month,1,True,,,hours,,,2,2,,txt=|t300d=39.3|t400=39.3,ok,,,,,,,,,2.0,OUTLIER_vs_adjacent_issues,xissue_outlier,12,0
AWHNONDURNSA,NSA,1952-01,39.6,39.6,EI,1952-05,19520531,Economic Indicators issue month (last day); press release was earlier in that month,1,True,,,hours,,,2,2,,txt=|t300d=39.6|t400=39.6,ok,,,,,,,,,2.0,OUTLIER_vs_adjacent_issues,xissue_outlier,12,0
AWHNONDURNSA,NSA,1952-02,39.4,39.4,EI,1952-06,19520630,Economic Indicators issue month (last day); press release was earlier in that month,1,True,,,hours,,,3,3,,txt=39.4|t300d=39.4|t400=39.4,ok,,,,,,,,,3.0,OUTLIER_vs_adjacent_issues,xissue_outlier,12,0
AWHNONDURNSA,NSA,1952-06,39.6,39.6,EI,1952-10,19521031,Economic Indicators issue month (last day); press release was earlier in that month,1,True,,,hours,,,3,3,,txt=39.6|t300d=39.6|t400=39.6,ok,,,,,,,,,3.0,OUTLIER_vs_adjacent_issues,xissue_outlier,12,0
AWHNONDURNSA,NSA,1952-07,39.4,39.4,EI,1952-10,19521031,Economic Indicators issue month (last day); press release was earlier in that month,1,True,,,hours,,,3,3,,txt=39.4|t300d=39.4|t400=39.4,ok,,,,,,,,,3.0,OUTLIER_vs_adjacent_issues,xissue_outlier,12,0
AWHNONDURNSA,NSA,1952-11,40.2,40.2,EI,1953-02,19530228,Economic Indicators issue month (last day); press release was earlier in that month,1,True,,,hours,,,2,2,,txt=|t300d=40.2|t400=40.2,ok,,,,,,,,,2.0,OUTLIER_vs_adjacent_issues,xissue_outlier,12,0
AWHNONDURNSA,NSA,1952-11,40.1,40.1,EI,1953-06,19530630,Economic Indicators issue month (last day); press release was earlier in that month,1,True,,,hours,,,2,2,,txt=|t300d=40.1|t400=40.1,FAIL,,,,,,,,,11.0,confirmed_by_adjacent_issue,identity_fail,12,0
AWHNONDURNSA,NSA,1953-02,39.7,39.7,EI,1953-06,19530630,Economic Indicators issue month (last day); press release was earlier in that month,1,True,,,hours,,,1,1,,txt=|t300d=39.7|t400=,ok,,,,,,,,,1.0,OUTLIER_vs_adjacent_issues,xissue_outlier,12,0
AWHNONDURNSA,NSA,1953-02,39.7,39.7,EI,1954-02,19540228,Economic Indicators issue month (last day); press release was earlier in that month,1,True,,,hours,,,3,3,,txt=39.7|t300d=39.7|t400=39.7,ok,,,,,,,,,3.0,OUTLIER_vs_adjacent_issues,xissue_outlier,12,0
AWHNONDURNSA,NSA,1954-06,39.0,39.0,EI,1954-08,19540831,Economic Indicators issue month (last day); press release was earlier in that month,1,True,,,hours,,,2,2,,txt=39.0|t300d=|t400=39.0,ok,,,,,,,,,2.0,OUTLIER_vs_adjacent_issues,xissue_outlier,12,0
AWHNONDURNSA,NSA,1954-08,39.3,39.3,EI,1954-10,19541031,Economic Indicators issue month (last day); press release was earlier in that month,1,True,,,hours,,,3,3,,txt=39.3|t300d=39.3|t400=39.3,ok,,,,,,,,,3.0,OUTLIER_vs_adjacent_issues,xissue_outlier,12,0
AWHNONDURNSA,NSA,1955-02,39.6,39.6,EI,1955-04,19550430,Economic Indicators issue month (last day); press release was earlier in that month,1,True,,,hours,,,3,3,,txt=39.6|t300d=39.6|t400=39.6,ok,,,,,,,,,3.0,OUTLIER_vs_adjacent_issues,xissue_outlier,12,0
AWHNONDURNSA,NSA,1955-09,40.2,40.2,EI,1955-11,19551130,Economic Indicators issue month (last day); press release was earlier in that month,1,True,,,hours,,,2,2,,txt=|t300d=40.2|t400=40.2,ok,,,,,,,,,2.0,OUTLIER_vs_adjacent_issues,xissue_outlier,16,0
AWHNONDURNSA,NSA,1956-01,39.8,39.8,EI,1956-03,19560331,Economic Indicators issue month (last day); press release was earlier in that month,1,True,,,hours,,,3,3,,txt=39.8|t300d=39.8|t400=39.8,ok,,,,,,,,,3.0,OUTLIER_vs_adjacent_issues,xissue_outlier,16,0
AWHNONDURNSA,NSA,1957-04,38.8,38.8,EI,1957-06,19570630,Economic Indicators issue month (last day); press release was earlier in that month,1,True,,,hours,,,3,3,,txt=38.8|t300d=38.8|t400=38.8,ok,,,,,,,,,3.0,OUTLIER_vs_adjacent_issues,xissue_outlier,16,0
AWHNONDURNSA,NSA,1957-10,39.0,39.6,EI,1958-12,19581231,Economic Indicators issue month (last day); press release was earlier in that month,1,True,,,hours,,,2,3,39.0,txt=39.0|t300d=39.6|t400=39.6,FAIL,,neighbourhood_vote:39.6->39.0,,,,,,,6.0,confirmed_by_adjacent_issue,identity_fail,16,0
AWHNONDURNSA,NSA,1958-01,38.3,38.3,EI,1958-03,19580331,Economic Indicators issue month (last day); press release was earlier in that month,1,True,,,hours,,,1,1,,txt=|t300d=|t400=38.3,ok,,,,,,,,,1.0,OUTLIER_vs_adjacent_issues,xissue_outlier,16,0
AWHNONDURNSA,NSA,1958-09,39.4,39.4,EI,1958-11,19581130,Economic Indicators issue month (last day); press release was earlier in that month,1,True,,,hours,,,3,3,,txt=39.4|t300d=39.4|t400=39.4,ok,,,,,,,,,3.0,OUTLIER_vs_adjacent_issues,xissue_outlier,16,0
AWHNONDURNSA,NSA,1958-10,39.3,39.3,EI,1958-12,19581231,Economic Indicators issue month (last day); press release was earlier in that month,1,True,,,hours,,,3,3,,txt=39.3|t300d=39.3|t400=39.3,ok,,,,,,,,,3.0,OUTLIER_vs_adjacent_issues,xissue_outlier,16,0
AWHNONDURNSA,NSA,1959-05,39.6,39.6,EI,1959-07,19590731,Economic Indicators issue month (last day); press release was earlier in that month,1,True,,,hours,,,3,3,,txt=39.6|t300d=39.6|t400=39.6,ok,,,,,,,,,3.0,OUTLIER_vs_adjacent_issues,xissue_outlier,16,0
AWHNONDURNSA,NSA,1959-08,40.1,49.1,EI,1959-12,19591231,Economic Indicators issue month (last day); press release was earlier in that month,1,True,,,hours,,,2,3,40.1,txt=40.1|t300d=49.1|t400=49.1,FAIL,,neighbourhood_vote:49.1->40.1,,,,,,,9.0,confirmed_by_adjacent_issue,identity_fail,16,0
CE14NSA,NSA,1948-08,61245.0,61245.0,EI,1948-11,19481130,Economic Indicators issue month (last day); press release was earlier in that month,1,True,,68-area sample; pre-1957 definitions; age 14+,thousands,,,3,3,,txt=61245|t300d=61245|t400=61245,FAIL,,,,,,,,,15.0,confirmed_by_adjacent_issue,identity_fail,10,0
CE14NSA,NSA,1948-08,61245.0,61245.0,EI,1949-06,19490630,Economic Indicators issue month (last day); press release was earlier in that month,1,True,,68-area sample; pre-1957 definitions; age 14+,thousands,,,3,3,,txt=61245|t300d=61245|t400=61245,FAIL,,,,,,,,,15.0,confirmed_by_adjacent_issue,identity_fail,10,0
CE14NSA,NSA,1948-10,60134.0,60134.0,EI,1948-11,19481130,Economic Indicators issue month (last day); press release was earlier in that month,1,True,,68-area sample; pre-1957 definitions; age 14+,thousands,,,2,3,60138,txt=60134|t300d=60134|t400=60138,FAIL,,,,,,,,,6.0,confirmed_by_adjacent_issue,identity_fail,10,0
CE14NSA,NSA,1949-03,57647.0,57647.0,EI,1949-06,19490630,Economic Indicators issue month (last day); press release was earlier in that month,1,True,,68-area sample; pre-1957 definitions; age 14+,thousands,,,3,3,,txt=57647|t300d=57647|t400=57647,FAIL,,,,,,,,,15.0,confirmed_by_adjacent_issue,identity_fail,10,0
CE14NSA,NSA,1949-04,57819.0,57819.0,EI,1949-05,19490531,Economic Indicators issue month (last day); press release was earlier in that month,1,True,,68-area sample; pre-1957 definitions; age 14+,thousands,,,3,3,,txt=57819|t300d=57819|t400=57819,FAIL,,,,,,,,,9.0,confirmed_by_adjacent_issue,identity_fail,10,0
CE14NSA,NSA,1949-04,57819.0,57819.0,EI,1949-06,19490630,Economic Indicators issue month (last day); press release was earlier in that month,1,True,,68-area sample; pre-1957 definitions; age 14+,thousands,,,3,3,,txt=57819|t300d=57819|t400=57819,FAIL,,,,,,,,,12.0,confirmed_by_adjacent_issue,identity_fail,10,0
CE14NSA,NSA,1951-11,61336.0,61336.0,EI,1952-12,19521231,Economic Indicators issue month (last day); press release was earlier in that month,1,True,,68-area sample; pre-1957 definitions; age 14+,thousands,,,3,3,,txt=61336|t300d=61336|t400=61336,FAIL,,,,,,,,,12.0,confirmed_by_adjacent_issue,identity_fail,10,0
CE14NSA,NSA,1953-06,638172.0,638172.0,EI,1954-06,19540630,Economic Indicators issue month (last day); press release was earlier in that month,1,True,GS-arca sample:,68-area sample; pre-1957 definitions; age 14+,thousands,,,1,2,68172;1172,txt=|t300d=638172|t400=68172,FAIL,,,,FAR_FROM_XISSUE_MEDIAN,SPIKE,XISSUE_LEVEL_JUMP,,FAR_FROM_ISSUE_COLUMN_MEDIAN,1.0,OUTLIER_vs_adjacent_issues,identity_fail;xissue_outlier;ocr_readings_disagree_unconfirmed;far_from_issue_column_median;far_from_median_of_all_prints;level_jump_vs_adjacent_issues;isolated_spike_vs_adjacent_months,11,0
CE14NSA,NSA,1953-12,60764.0,60764.0,EI,1954-02,19540228,Economic Indicators issue month (last day); press release was earlier in that month,1,True,,68-area sample; pre-1957 definitions; age 14+,thousands,,,3,3,,txt=60764|t300d=60764|t400=60764,FAIL,,,,,,,,,12.0,confirmed_by_adjacent_issue,identity_fail,10,0
CE14NSA,NSA,1954-01,60764.0,60764.0,EI,1954-09,19540930,Economic Indicators issue month (last day); press release was earlier in that month,1,False,,230-area-sample era (Jan 1954 on); pre-1957 definitions; age 14+,thousands,,,2,2,,txt=60764|t300d=|t400=60764,FAIL,,,,,,,,,,,identity_fail,10,0
CE14NSA,NSA,1954-02,60051.0,60051.0,EI,1954-03,19540331,Economic Indicators issue month (last day); press release was earlier in that month,2,True,New sample (230 areas): 3,230-area-sample era (Jan 1954 on); pre-1957 definitions; age 14+,thousands,,,2,2,,txt=60051|t300d=|t400=60051,FAIL,,,,,,,,,2.0,differs_from_adjacent (revision or OCR),identity_fail,10,0
CE14NSA,NSA,1954-05,6110.0,6110.0,EI,1954-09,19540930,Economic Indicators issue month (last day); press release was earlier in that month,1,True,230-area sample: §,230-area-sample era (Jan 1954 on); pre-1957 definitions; age 14+,thousands,,,1,1,,txt=|t300d=|t400=6110,,,,,FAR_FROM_XISSUE_MEDIAN,SPIKE,XISSUE_LEVEL_JUMP,,FAR_FROM_ISSUE_COLUMN_MEDIAN,1.0,OUTLIER_vs_adjacent_issues,xissue_outlier;ocr_readings_disagree_unconfirmed;far_from_issue_column_median;far_from_median_of_all_prints;level_jump_vs_adjacent_issues;isolated_spike_vs_adjacent_months,10,0
CE14NSA,NSA,1954-07,62148.0,62148.0,EI,1954-09,19540930,Economic Indicators issue month (last day); press release was earlier in that month,1,True,230-area sample: §,230-area-sample era (Jan 1954 on); pre-1957 definitions; age 14+,thousands,,,2,3,62098,txt=62148|t300d=62098|t400=62148,FAIL,,,,,,,,,11.0,confirmed_by_adjacent_issue,identity_fail,10,0
CE14NSA,NSA,1955-01,60150.0,60150.0,EI,1955-07,19550731,Economic Indicators issue month (last day); press release was earlier in that month,1,True,230-area sample:3,230-area-sample era (Jan 1954 on); pre-1957 definitions; age 14+,thousands,,,3,3,,txt=60150|t300d=60150|t400=60150,FAIL,,,,,,,,,15.0,confirmed_by_adjacent_issue,identity_fail,14,0
CE14NSA,NSA,1956-01,62891.0,62891.0,EI,1956-08,19560831,Economic Indicators issue month (last day); press release was earlier in that month,1,True,,230-area-sample era (Jan 1954 on); pre-1957 definitions; age 14+,thousands,,,1,2,62891,txt=2891|t300d=|t400=62891,FAIL,identity_resolved,,,,,,,,13.0,confirmed_by_adjacent_issue,identity_fail,14,0
CE14NSA,NSA,1956-03,68078.0,68078.0,EI,1956-08,19560831,Economic Indicators issue month (last day); press release was earlier in that month,1,True,,230-area-sample era (Jan 1954 on); pre-1957 definitions; age 14+,thousands,,,2,3,3078,txt=3078|t300d=68078|t400=68078,FAIL,,,,,,XISSUE_LEVEL_JUMP,,,2.0,OUTLIER_vs_adjacent_issues,identity_fail;xissue_outlier;level_jump_vs_adjacent_issues,14,0
CE14NSA,NSA,1956-04,638990.0,638990.0,EI,1956-08,19560831,Economic Indicators issue month (last day); press release was earlier in that month,1,True,,230-area-sample era (Jan 1954 on); pre-1957 definitions; age 14+,thousands,,,2,3,3090,txt=3090|t300d=638990|t400=638990,FAIL,,,,FAR_FROM_XISSUE_MEDIAN,,XISSUE_LEVEL_JUMP,,FAR_FROM_ISSUE_COLUMN_MEDIAN,3.0,OUTLIER_vs_adjacent_issues,identity_fail;xissue_outlier;far_from_issue_column_median;far_from_median_of_all_prints;level_jump_vs_adjacent_issues,14,0
CE14NSA,NSA,1957-06,66504.0,66504.0,EI,1957-11,19571130,Economic Indicators issue month (last day); press release was earlier in that month,1,True,New definitions: !,230-area-sample era (Jan 1954 on); Jan-1957 definitions; age 14+,thousands,,,2,3,60504,txt=60504|t300d=66504|t400=66504,FAIL,,,,,,,,,14.0,confirmed_by_adjacent_issue,identity_fail,14,0
CE14NSA,NSA,1961-12,66500.0,66500.0,EI,1962-01,19620131,Economic Indicators issue month (last day); press release was earlier in that month,1,True,,230-area-sample era (Jan 1954 on); Jan-1957 definitions; incl. Alaska & Hawaii; age 14+,millions,printed in millions (1 decimal),,2,2,,txt=66.5|t300d=66.5|t400=,FAIL,,,,,,,,,2.0,differs_from_adjacent (revision or OCR),identity_fail,13,0
CE14SA,SA,1960-09,67000.0,67000.0,EI,1961-05,19610531,Economic Indicators issue month (last day); press release was earlier in that month,1,True,,230-area-sample era (Jan 1954 on); Jan-1957 definitions; incl. Alaska & Hawaii; age 14+,millions,printed in millions (1 decimal),,3,3,,txt=67.0|t300d=67.0|t400=67.0,FAIL,,,,,,,,,15.0,confirmed_by_adjacent_issue,identity_fail,13,0
CE14SA,SA,1960-11,67000.0,67000.0,EI,1961-05,19610531,Economic Indicators issue month (last day); press release was earlier in that month,1,True,,230-area-sample era (Jan 1954 on); Jan-1957 definitions; incl. Alaska & Hawaii; age 14+,millions,printed in millions (1 decimal),,2,3,7.0,txt=7.0|t300d=67.0|t400=67.0,FAIL,,,,,,,,,14.0,confirmed_by_adjacent_issue,identity_fail,13,0
CLF14NSA,NSA,1948-05,60422.0,60422.0,EI,1949-07,19490731,Economic Indicators issue month (last day); press release was earlier in that month,1,True,,68-area sample; pre-1957 definitions; age 14+,thousands,,TLF-AF (civilian labor force not printed),,,,,,,,,,SPIKE,,,,,confirmed_by_adjacent_issue,isolated_spike_vs_adjacent_months,10,0
CLF14NSA,NSA,1948-06,63480.0,63480.0,EI,1948-07,19480731,Economic Indicators issue month (last day); press release was earlier in that month,1,True,,68-area sample; pre-1957 definitions; age 14+,thousands,,TLF-AF (civilian labor force not printed),,,,,,,,,,SPIKE,,,,,confirmed_by_adjacent_issue,isolated_spike_vs_adjacent_months,10,0
CLF14NSA,NSA,1949-03,61814.0,61814.0,EI,1949-06,19490630,Economic Indicators issue month (last day); press release was earlier in that month,1,True,,68-area sample; pre-1957 definitions; age 14+,thousands,,TLF-AF (civilian labor force not printed),,,,,,,,,,,,,,,OUTLIER_vs_adjacent_issues,xissue_outlier,10,0
CLF14NSA,NSA,1953-06,64734.0,64734.0,EI,1954-06,19540630,Economic Indicators issue month (last day); press release was earlier in that month,1,True,GS-arca sample:,68-area sample; pre-1957 definitions; age 14+,thousands,,,2,3,64738,txt=64734|t300d=64738|t400=64734,FAIL,,,,,,,,,14.0,confirmed_by_adjacent_issue,identity_fail,11,0
CLF14NSA,NSA,1953-12,62761.0,62761.0,EI,1954-02,19540228,Economic Indicators issue month (last day); press release was earlier in that month,1,True,,68-area sample; pre-1957 definitions; age 14+,thousands,,,2,2,,txt=|t300d=62761|t400=62761,FAIL,"t300d:trail_digit_dropped,t400:trail_digit_dropped",,,,,,,,2.0,OUTLIER_vs_adjacent_issues,identity_fail;xissue_outlier,10,0
CLF14NSA,NSA,1954-01,62137.0,62137.0,EI,1954-09,19540930,Economic Indicators issue month (last day); press release was earlier in that month,1,False,,230-area-sample era (Jan 1954 on); pre-1957 definitions; age 14+,thousands,,,3,3,,txt=62137|t300d=62137|t400=62137,FAIL,,,,,,,,,,,identity_fail,10,0
CLF14NSA,NSA,1955-01,63407.0,68497.0,EI,1955-07,19550731,Economic Indicators issue month (last day); press release was earlier in that month,1,True,230-area sample:3,230-area-sample era (Jan 1954 on); pre-1957 definitions; age 14+,thousands,,,2,3,63407,txt=63407|t300d=68497|t400=68497,FAIL,,,,,spike_fixed:68497.0->63407.0,,,,3.0,OUTLIER_vs_adjacent_issues,identity_fail;xissue_outlier,14,0
CLF14NSA,NSA,1956-03,65913.0,65918.0,EI,1956-08,19560831,Economic Indicators issue month (last day); press release was earlier in that month,1,True,,230-area-sample era (Jan 1954 on); pre-1957 definitions; age 14+,thousands,,,1,2,65913;1913,txt=|t300d=65918|t400=65913,FAIL,,neighbourhood_vote:65918.0->65913.0,,,,,,,13.0,confirmed_by_adjacent_issue,identity_fail,14,0
CLF14NSA,NSA,1956-04,66555.0,66555.0,EI,1956-08,19560831,Economic Indicators issue month (last day); press release was earlier in that month,1,True,,230-area-sample era (Jan 1954 on); pre-1957 definitions; age 14+,thousands,,,2,2,1555,txt=|t300d=66555|t400=66555,FAIL,,,,,,,,,14.0,confirmed_by_adjacent_issue,identity_fail,14,0
CLF14NSA,NSA,1957-06,69812.0,69812.0,EI,1957-11,19571130,Economic Indicators issue month (last day); press release was earlier in that month,1,True,New definitions: !,230-area-sample era (Jan 1954 on); Jan-1957 definitions; age 14+,thousands,,,2,3,9812,txt=9812|t300d=69812|t400=69812,FAIL,,,,,,,,,2.0,OUTLIER_vs_adjacent_issues,identity_fail;xissue_outlier,14,0
CLF14NSA,NSA,1961-12,70600.0,70600.0,EI,1962-01,19620131,Economic Indicators issue month (last day); press release was earlier in that month,1,True,,230-area-sample era (Jan 1954 on); Jan-1957 definitions; incl. Alaska & Hawaii; age 14+,millions,printed in millions (1 decimal),,2,2,,txt=70.6|t300d=70.6|t400=,FAIL,,,,,,,,,2.0,differs_from_adjacent (revision or OCR),identity_fail,13,0
CLF14SA,SA,1960-09,7000.0,7000.0,EI,1961-05,19610531,Economic Indicators issue month (last day); press release was earlier in that month,1,True,,230-area-sample era (Jan 1954 on); Jan-1957 definitions; incl. Alaska & Hawaii; age 14+,millions,printed in millions (1 decimal),,1,1,,txt=7.0|t300d=|t400=,FAIL,,,,FAR_FROM_XISSUE_MEDIAN,SPIKE,XISSUE_LEVEL_JUMP,NSA_SA_MISMATCH,FAR_FROM_ISSUE_COLUMN_MEDIAN,1.0,OUTLIER_vs_adjacent_issues,identity_fail;xissue_outlier;ocr_readings_disagree_unconfirmed;far_from_issue_column_median;nsa_sa_totals_inconsistent;far_from_median_of_all_prints;level_jump_vs_adjacent_issues;isolated_spike_vs_adjacent_months,13,0
DMANEMP,SA,1958-09,8625.0,8625.0,EI,1959-06,19590630,Economic Indicators issue month (last day); press release was earlier in that month,1,True,,,thousands,,,2,2,1625,txt=8625|t300d=|t400=8625,FAIL,,,,,,,,,2.0,OUTLIER_vs_adjacent_issues,identity_fail;xissue_outlier,15,0
DMANEMP,SA,1959-11,2266.0,2266.0,EI,1961-01,19610131,Economic Indicators issue month (last day); press release was earlier in that month,1,True,,,thousands,,,1,1,1266;1366,txt=|t300d=|t400=2266,FAIL,,,,FAR_FROM_XISSUE_MEDIAN,SPIKE,XISSUE_LEVEL_JUMP,,FAR_FROM_ISSUE_COLUMN_MEDIAN,1.0,differs_from_adjacent (revision or OCR),identity_fail;ocr_readings_disagree_unconfirmed;far_from_issue_column_median;far_from_median_of_all_prints;level_jump_vs_adjacent_issues;isolated_spike_vs_adjacent_months,15,0
DMANEMP,SA,1961-02,8799.0,8799.0,EI,1961-04,19610430,Economic Indicators issue month (last day); press release was earlier in that month,1,True,,,thousands,,,3,3,,txt=8799|t300d=8799|t400=8799,ok,,,,,,,,,3.0,OUTLIER_vs_adjacent_issues,xissue_outlier,15,0
DMANEMPNSA,NSA,1949-05,7444.0,7444.0,EI,1949-07,19490731,Economic Indicators issue month (last day); press release was earlier in that month,1,True,,,thousands,,,3,3,,txt=7444|t300d=7444|t400=7444,,,,,,,,,FAR_FROM_ISSUE_COLUMN_MEDIAN,3.0,differs_from_adjacent (revision or OCR),far_from_issue_column_median,11,0
DMANEMPNSA,NSA,1949-05,7451.0,7451.0,EI,1949-08,19490831,Economic Indicators issue month (last day); press release was earlier in that month,1,True,,,thousands,,,3,3,,txt=7451|t300d=7451|t400=7451,,,,,,,,,FAR_FROM_ISSUE_COLUMN_MEDIAN,6.0,confirmed_by_adjacent_issue,far_from_issue_column_median,11,0
DMANEMPNSA,NSA,1949-06,7430.0,7430.0,EI,1949-08,19490831,Economic Indicators issue month (last day); press release was earlier in that month,1,True,,,thousands,,,3,3,,txt=7430|t300d=7430|t400=7430,,,,,,,,,FAR_FROM_ISSUE_COLUMN_MEDIAN,6.0,confirmed_by_adjacent_issue,far_from_issue_column_median,11,0
DMANEMPNSA,NSA,1949-07,7309.0,7309.0,EI,1949-09,19490930,Economic Indicators issue month (last day); press release was earlier in that month,1,True,,,thousands,,,3,3,,txt=7309|t300d=7309|t400=7309,,,,,,,,,FAR_FROM_ISSUE_COLUMN_MEDIAN,3.0,differs_from_adjacent (revision or OCR),far_from_issue_column_median,11,0
DMANEMPNSA,NSA,1949-07,7257.0,7257.0,EI,1949-11,19491130,Economic Indicators issue month (last day); press release was earlier in that month,1,True,,,thousands,,,3,3,,txt=7257|t300d=7257|t400=7257,ok,,,,,,,,,3.0,OUTLIER_vs_adjacent_issues,xissue_outlier,11,0
DMANEMPNSA,NSA,1949-08,7301.0,7301.0,EI,1949-11,19491130,Economic Indicators issue month (last day); press release was earlier in that month,1,True,,,thousands,,,2,3,7801,txt=7301|t300d=7801|t400=7301,ok,,,,,,,,,2.0,OUTLIER_vs_adjacent_issues,xissue_outlier,11,0
DMANEMPNSA,NSA,1950-05,7809.0,7809.0,EI,1951-02,19510228,Economic Indicators issue month (last day); press release was earlier in that month,1,True,,,thousands,,,3,3,,txt=7809|t300d=7809|t400=7809,FAIL,,,,,,,,,15.0,confirmed_by_adjacent_issue,identity_fail,11,0
DMANEMPNSA,NSA,1951-08,8900.0,8900.0,EI,1951-10,19511031,Economic Indicators issue month (last day); press release was earlier in that month,1,True,,,thousands,,,3,3,,txt=8900|t300d=8900|t400=8900,FAIL,,,,,,,,,3.0,differs_from_adjacent (revision or OCR),identity_fail,11,0
DMANEMPNSA,NSA,1952-01,8950.0,8950.0,EI,1952-05,19520531,Economic Indicators issue month (last day); press release was earlier in that month,1,True,,,thousands,,,3,3,,txt=8950|t300d=8950|t400=8950,ok,,,,,,,,,3.0,OUTLIER_vs_adjacent_issues,xissue_outlier,11,0
DMANEMPNSA,NSA,1953-03,10101.0,10101.0,EI,1953-07,19530731,Economic Indicators issue month (last day); press release was earlier in that month,1,True,,,thousands,,,3,3,,txt=10101|t300d=10101|t400=10101,ok,,,,,,,,,3.0,OUTLIER_vs_adjacent_issues,xissue_outlier,11,0
DMANEMPNSA,NSA,1953-06,1953.0,1953.0,EI,1953-07,19530731,Economic Indicators issue month (last day); press release was earlier in that month,1,True,,,thousands,,,2,2,,txt=|t300d=1953|t400=1953,,"t300d:no_sep,t400:no_sep",,,FAR_FROM_XISSUE_MEDIAN,SPIKE,XISSUE_LEVEL_JUMP,,FAR_FROM_ISSUE_COLUMN_MEDIAN,2.0,differs_from_adjacent (revision or OCR),far_from_issue_column_median;far_from_median_of_all_prints;level_jump_vs_adjacent_issues;isolated_spike_vs_adjacent_months;month_label_inferred,11,1
DMANEMPNSA,NSA,1953-07,10190.0,10190.0,EI,1954-07,19540731,Economic Indicators issue month (last day); press release was earlier in that month,1,True,,,thousands,,,3,3,,txt=10190|t300d=10190|t400=10190,FAIL,,,,,,,,,13.0,confirmed_by_adjacent_issue,identity_fail,11,0
DMANEMPNSA,NSA,1954-05,9152.0,9152.0,EI,1954-07,19540731,Economic Indicators issue month (last day); press release was earlier in that month,1,True,,,thousands,,,3,3,,txt=9152|t300d=9152|t400=9152,FAIL,,,,,,,,,9.0,confirmed_by_adjacent_issue,identity_fail,11,0
DMANEMPNSA,NSA,1955-09,9595.0,9595.0,EI,1955-10,19551031,Economic Indicators issue month (last day); press release was earlier in that month,1,True,,,thousands,,,1,2,9632,txt=|t300d=9595|t400=9632,FAIL,,,,,,,,,1.0,differs_from_adjacent (revision or OCR),identity_fail;ocr_readings_disagree_unconfirmed,15,0
MANEMP,SA,1958-09,15529.0,15529.0,EI,1959-06,19590630,Economic Indicators issue month (last day); press release was earlier in that month,1,True,,,thousands,,,2,3,5529,txt=15529|t300d=5529|t400=15529,FAIL,,,,,,,,,14.0,confirmed_by_adjacent_issue,identity_fail,15,0
MANEMP,SA,1959-11,16174.0,16174.0,EI,1961-01,19610131,Economic Indicators issue month (last day); press release was earlier in that month,1,True,,,thousands,,,1,1,,txt=16174|t300d=|t400=,FAIL,,,,,,,,,6.0,confirmed_by_adjacent_issue,identity_fail,15,0
MANEMP,SA,1960-07,16421.0,16421.0,EI,1960-09,19600930,Economic Indicators issue month (last day); press release was earlier in that month,1,True,,,thousands,,,3,3,,txt=16421|t300d=16421|t400=16421,ok,,,,,,,,,3.0,OUTLIER_vs_adjacent_issues,xissue_outlier,16,0
MANEMP,SA,1961-02,15532.0,15532.0,EI,1961-04,19610430,Economic Indicators issue month (last day); press release was earlier in that month,1,True,,,thousands,,,3,3,,txt=15532|t300d=15532|t400=15532,ok,,,,,,,,,3.0,OUTLIER_vs_adjacent_issues,xissue_outlier,15,0
MANEMPNSA,NSA,1947-02,15475.0,15475.0,MLR,1948-04,19480430,Monthly Labor Review issue month (last day),1,True,MLR text layer,,thousands,,,1,1,,txt=15475,,single_reading_mlr,,,,,,,,1.0,single_print,ocr_readings_disagree_unconfirmed,,0
MANEMPNSA,NSA,1947-08,15695.0,15695.0,MLR,1948-06,19480630,Monthly Labor Review issue month (last day),1,True,MLR text layer,,thousands,,,1,1,,txt=15695,,single_reading_mlr,,,,,,,,1.0,differs_from_adjacent (revision or OCR),ocr_readings_disagree_unconfirmed,,0
MANEMPNSA,NSA,1947-12,15965.0,15965.0,MLR,1948-04,19480430,Monthly Labor Review issue month (last day),1,True,MLR text layer,,thousands,,,1,1,,txt=15965,,single_reading_mlr,,,,,,,,1.0,differs_from_adjacent (revision or OCR),ocr_readings_disagree_unconfirmed,,0
MANEMPNSA,NSA,1948-01,15852.0,15852.0,MLR,1948-04,19480430,Monthly Labor Review issue month (last day),1,True,MLR text layer,,thousands,,,1,1,,txt=15852,,single_reading_mlr,,,,,,,,1.0,differs_from_adjacent (revision or OCR),ocr_readings_disagree_unconfirmed,,0
MANEMPNSA,NSA,1948-01,15878.0,15878.0,MLR,1948-05,19480531,Monthly Labor Review issue month (last day),1,True,MLR text layer,,thousands,,,1,1,,txt=15878,,single_reading_mlr,,,,,,,,1.0,differs_from_adjacent (revision or OCR),ocr_readings_disagree_unconfirmed,,0
MANEMPNSA,NSA,1948-01,15876.0,15876.0,MLR,1948-06,19480630,Monthly Labor Review issue month (last day),1,True,MLR text layer,,thousands,,,1,1,,txt=15876,,single_reading_mlr,,,,,,,,1.0,differs_from_adjacent (revision or OCR),ocr_readings_disagree_unconfirmed,,0
MANEMPNSA,NSA,1948-02,15785.0,15785.0,MLR,1948-06,19480630,Monthly Labor Review issue month (last day),1,True,MLR text layer,,thousands,,,1,1,,txt=15785,,single_reading_mlr,,,,,,,,1.0,differs_from_adjacent (revision or OCR),ocr_readings_disagree_unconfirmed,,0
MANEMPNSA,NSA,1948-04,15531.0,15531.0,MLR,1948-06,19480630,Monthly Labor Review issue month (last day),1,True,MLR text layer,,thousands,,,1,1,,txt=15531,,single_reading_mlr,,,,,,,,1.0,single_print,ocr_readings_disagree_unconfirmed,,0
MANEMPNSA,NSA,1949-07,14951.0,14951.0,EI,1949-09,19490930,Economic Indicators issue month (last day); press release was earlier in that month,1,True,,,thousands,,DUR+NDUR (no manufacturing total printed),,,,,,,,,,,XISSUE_LEVEL_JUMP,,,,differs_from_adjacent (revision or OCR),level_jump_vs_adjacent_issues,11,0
MANEMPNSA,NSA,1950-05,14418.0,14418.0,EI,1951-02,19510228,Economic Indicators issue month (last day); press release was earlier in that month,1,True,,,thousands,,,2,2,1413,txt=|t300d=14418|t400=14418,FAIL,,,,,,,,,3.0,OUTLIER_vs_adjacent_issues,identity_fail;xissue_outlier,11,0
MANEMPNSA,NSA,1951-03,16031.0,16031.0,EI,1951-07,19510731,Economic Indicators issue month (last day); press release was earlier in that month,1,True,,,thousands,,,3,3,,txt=16031|t300d=16031|t400=16031,ok,,,,,,,,,3.0,OUTLIER_vs_adjacent_issues,xissue_outlier,11,0
MANEMPNSA,NSA,1951-08,15970.0,15970.0,EI,1951-10,19511031,Economic Indicators issue month (last day); press release was earlier in that month,1,True,,,thousands,,,3,3,,txt=15970|t300d=15970|t400=15970,FAIL,,,,,,,,,3.0,differs_from_adjacent (revision or OCR),identity_fail,11,0
MANEMPNSA,NSA,1952-01,15777.0,15777.0,EI,1952-05,19520531,Economic Indicators issue month (last day); press release was earlier in that month,1,True,,,thousands,,,3,3,,txt=15777|t300d=15777|t400=15777,ok,,,,,,,,,3.0,OUTLIER_vs_adjacent_issues,xissue_outlier,11,0
MANEMPNSA,NSA,1953-04,17081.0,17081.0,EI,1953-08,19530831,Economic Indicators issue month (last day); press release was earlier in that month,1,True,,,thousands,,,3,3,,txt=17081|t300d=17081|t400=17081,ok,,,,,,,,,3.0,OUTLIER_vs_adjacent_issues,xissue_outlier,11,0
MANEMPNSA,NSA,1953-07,17886.0,17886.0,EI,1954-07,19540731,Economic Indicators issue month (last day); press release was earlier in that month,1,True,,,thousands,,,1,1,1336,txt=|t300d=17886|t400=,FAIL,,,,,,,,,1.0,OUTLIER_vs_adjacent_issues,identity_fail;xissue_outlier;ocr_readings_disagree_unconfirmed,11,0
MANEMPNSA,NSA,1954-05,5835.0,5835.0,EI,1954-07,19540731,Economic Indicators issue month (last day); press release was earlier in that month,1,True,,,thousands,,,1,1,1835;1885,txt=5835|t300d=|t400=,FAIL,,,,FAR_FROM_XISSUE_MEDIAN,SPIKE,XISSUE_LEVEL_JUMP,,FAR_FROM_ISSUE_COLUMN_MEDIAN,1.0,differs_from_adjacent (revision or OCR),identity_fail;ocr_readings_disagree_unconfirmed;far_from_issue_column_median;far_from_median_of_all_prints;level_jump_vs_adjacent_issues;isolated_spike_vs_adjacent_months,11,0
MANEMPNSA,NSA,1955-09,16925.0,16925.0,EI,1955-10,19551031,Economic Indicators issue month (last day); press release was earlier in that month,1,True,,,thousands,,,2,2,,txt=16925|t300d=|t400=16925,FAIL,,,,,,,,,2.0,differs_from_adjacent (revision or OCR),identity_fail,15,0
NDMANEMP,SA,1958-02,6788.0,6788.0,EI,1958-04,19580430,Economic Indicators issue month (last day); press release was earlier in that month,1,True,,,thousands,,,3,3,,txt=6788|t300d=6788|t400=6788,ok,,,,,,,,,3.0,OUTLIER_vs_adjacent_issues,xissue_outlier,15,0
NDMANEMP,SA,1958-09,6728.0,6728.0,EI,1959-06,19590630,Economic Indicators issue month (last day); press release was earlier in that month,1,True,,,thousands,,,2,2,1333,txt=6728|t300d=|t400=6728,FAIL,,,,,,,,,14.0,confirmed_by_adjacent_issue,identity_fail,15,0
NDMANEMP,SA,1959-11,6908.0,6908.0,EI,1961-01,19610131,Economic Indicators issue month (last day); press release was earlier in that month,1,True,,,thousands,,,1,1,1908,txt=|t300d=6908|t400=,FAIL,,,,,,,,,5.0,confirmed_by_adjacent_issue,identity_fail,15,0
NDMANEMP,SA,1961-02,6733.0,6733.0,EI,1961-04,19610430,Economic Indicators issue month (last day); press release was earlier in that month,1,True,,,thousands,,,3,3,,txt=6733|t300d=6733|t400=6733,ok,,,,,,,,,3.0,OUTLIER_vs_adjacent_issues,xissue_outlier,15,0
NDMANEMPNSA,NSA,1948-08,8256.0,8256.0,EI,1948-12,19481231,Economic Indicators issue month (last day); press release was earlier in that month,1,True,,,thousands,,,3,3,,txt=8256|t300d=8256|t400=8256,,,,,FAR_FROM_XISSUE_MEDIAN,,,,,3.0,differs_from_adjacent (revision or OCR),far_from_median_of_all_prints,11,0
NDMANEMPNSA,NSA,1948-08,8253.0,8253.0,EI,1949-01,19490131,Economic Indicators issue month (last day); press release was earlier in that month,1,True,,,thousands,,,3,3,,txt=8253|t300d=8253|t400=8253,,,,,FAR_FROM_XISSUE_MEDIAN,,,,,9.0,confirmed_by_adjacent_issue,far_from_median_of_all_prints,11,0
NDMANEMPNSA,NSA,1948-08,8253.0,8253.0,EI,1949-02,19490228,Economic Indicators issue month (last day); press release was earlier in that month,1,True,,,thousands,,,3,3,,txt=8253|t300d=8253|t400=8253,,,,,FAR_FROM_XISSUE_MEDIAN,,,,,12.0,confirmed_by_adjacent_issue,far_from_median_of_all_prints,11,0
NDMANEMPNSA,NSA,1948-08,8253.0,8253.0,EI,1949-03,19490331,Economic Indicators issue month (last day); press release was earlier in that month,1,True,,,thousands,,,3,3,,txt=8253|t300d=8253|t400=8253,,,,,FAR_FROM_XISSUE_MEDIAN,,,,,15.0,confirmed_by_adjacent_issue,far_from_median_of_all_prints,11,0
NDMANEMPNSA,NSA,1948-08,8253.0,8253.0,EI,1949-04,19490430,Economic Indicators issue month (last day); press release was earlier in that month,1,True,,,thousands,,,3,3,,txt=8253|t300d=8253|t400=8253,,,,,FAR_FROM_XISSUE_MEDIAN,,,,,14.0,confirmed_by_adjacent_issue,far_from_median_of_all_prints,11,0
NDMANEMPNSA,NSA,1948-08,8253.0,8253.0,EI,1949-05,19490531,Economic Indicators issue month (last day); press release was earlier in that month,1,True,,,thousands,,,3,3,,txt=8253|t300d=8253|t400=8253,,,,,FAR_FROM_XISSUE_MEDIAN,,,,,14.0,confirmed_by_adjacent_issue,far_from_median_of_all_prints,11,0
NDMANEMPNSA,NSA,1948-08,8253.0,8253.0,EI,1949-06,19490630,Economic Indicators issue month (last day); press release was earlier in that month,1,True,,,thousands,,,2,2,1253,txt=|t300d=8253|t400=8253,,,,,FAR_FROM_XISSUE_MEDIAN,,,,,14.0,confirmed_by_adjacent_issue,far_from_median_of_all_prints,11,0
NDMANEMPNSA,NSA,1948-08,8253.0,8253.0,EI,1949-07,19490731,Economic Indicators issue month (last day); press release was earlier in that month,1,True,,,thousands,,,3,3,,txt=8253|t300d=8253|t400=8253,,,,,FAR_FROM_XISSUE_MEDIAN,,,,,14.0,confirmed_by_adjacent_issue,far_from_median_of_all_prints,11,0
NDMANEMPNSA,NSA,1948-08,8253.0,8253.0,EI,1949-08,19490831,Economic Indicators issue month (last day); press release was earlier in that month,1,True,,,thousands,,,3,3,,txt=8253|t300d=8253|t400=8253,,,,,FAR_FROM_XISSUE_MEDIAN,,,,,11.0,confirmed_by_adjacent_issue,far_from_median_of_all_prints,11,0
NDMANEMPNSA,NSA,1948-08,8253.0,8253.0,EI,1949-09,19490930,Economic Indicators issue month (last day); press release was earlier in that month,1,True,,,thousands,,,3,3,,txt=8253|t300d=8253|t400=8253,,,,,FAR_FROM_XISSUE_MEDIAN,,,,,9.0,confirmed_by_adjacent_issue,far_from_median_of_all_prints,11,0
NDMANEMPNSA,NSA,1948-09,8412.0,8412.0,EI,1948-12,19481231,Economic Indicators issue month (last day); press release was earlier in that month,1,True,,,thousands,,,3,3,,txt=8412|t300d=8412|t400=8412,,,,,FAR_FROM_XISSUE_MEDIAN,,,,,3.0,differs_from_adjacent (revision or OCR),far_from_median_of_all_prints,11,0
NDMANEMPNSA,NSA,1948-09,8403.0,8403.0,EI,1949-01,19490131,Economic Indicators issue month (last day); press release was earlier in that month,1,True,,,thousands,,,3,3,,txt=8403|t300d=8403|t400=8403,,,,,FAR_FROM_XISSUE_MEDIAN,,,,,8.0,confirmed_by_adjacent_issue,far_from_median_of_all_prints,11,0
NDMANEMPNSA,NSA,1948-09,8403.0,8403.0,EI,1949-02,19490228,Economic Indicators issue month (last day); press release was earlier in that month,1,True,,,thousands,,,3,3,,txt=8403|t300d=8403|t400=8403,,,,,FAR_FROM_XISSUE_MEDIAN,,,,,11.0,confirmed_by_adjacent_issue,far_from_median_of_all_prints,11,0
NDMANEMPNSA,NSA,1948-09,8403.0,8403.0,EI,1949-03,19490331,Economic Indicators issue month (last day); press release was earlier in that month,1,True,,,thousands,,,2,3,8408,txt=8403|t300d=8408|t400=8403,,,,,FAR_FROM_XISSUE_MEDIAN,,,,,14.0,confirmed_by_adjacent_issue,far_from_median_of_all_prints,11,0
NDMANEMPNSA,NSA,1948-09,8403.0,8403.0,EI,1949-04,19490430,Economic Indicators issue month (last day); press release was earlier in that month,1,True,,,thousands,,,3,3,,txt=8403|t300d=8403|t400=8403,,,,,FAR_FROM_XISSUE_MEDIAN,,,,,14.0,confirmed_by_adjacent_issue,far_from_median_of_all_prints,11,0
NDMANEMPNSA,NSA,1948-09,8403.0,8403.0,EI,1949-05,19490531,Economic Indicators issue month (last day); press release was earlier in that month,1,True,,,thousands,,,3,3,,txt=8403|t300d=8403|t400=8403,,,,,FAR_FROM_XISSUE_MEDIAN,,,,,14.0,confirmed_by_adjacent_issue,far_from_median_of_all_prints,11,0
NDMANEMPNSA,NSA,1948-09,8403.0,8403.0,EI,1949-06,19490630,Economic Indicators issue month (last day); press release was earlier in that month,1,True,,,thousands,,,3,3,,txt=8403|t300d=8403|t400=8403,,,,,FAR_FROM_XISSUE_MEDIAN,,,,,15.0,confirmed_by_adjacent_issue,far_from_median_of_all_prints,11,0
NDMANEMPNSA,NSA,1948-09,8403.0,8403.0,EI,1949-07,19490731,Economic Indicators issue month (last day); press release was earlier in that month,1,True,,,thousands,,,3,3,,txt=8403|t300d=8403|t400=8403,,,,,FAR_FROM_XISSUE_MEDIAN,,,,,15.0,confirmed_by_adjacent_issue,far_from_median_of_all_prints,11,0
NDMANEMPNSA,NSA,1948-09,8403.0,8403.0,EI,1949-08,19490831,Economic Indicators issue month (last day); press release was earlier in that month,1,True,,,thousands,,,3,3,,txt=8403|t300d=8403|t400=8403,,,,,FAR_FROM_XISSUE_MEDIAN,,,,,12.0,confirmed_by_adjacent_issue,far_from_median_of_all_prints,11,0
NDMANEMPNSA,NSA,1948-09,8403.0,8403.0,EI,1949-09,19490930,Economic Indicators issue month (last day); press release was earlier in that month,1,True,,,thousands,,,3,3,,txt=8403|t300d=8403|t400=8403,,,,,FAR_FROM_XISSUE_MEDIAN,,,,,9.0,confirmed_by_adjacent_issue,far_from_median_of_all_prints,11,0
NDMANEMPNSA,NSA,1948-10,8281.0,8281.0,EI,1948-12,19481231,Economic Indicators issue month (last day); press release was earlier in that month,1,True,,,thousands,,,3,3,,txt=8281|t300d=8281|t400=8281,,txt:no_sep,,,FAR_FROM_XISSUE_MEDIAN,,,,,3.0,differs_from_adjacent (revision or OCR),far_from_median_of_all_prints,11,0
NDMANEMPNSA,NSA,1948-10,8279.0,8279.0,EI,1949-01,19490131,Economic Indicators issue month (last day); press release was earlier in that month,1,True,,,thousands,,,3,3,,txt=8279|t300d=8279|t400=8279,,,,,FAR_FROM_XISSUE_MEDIAN,,,,,9.0,confirmed_by_adjacent_issue,far_from_median_of_all_prints,11,0
NDMANEMPNSA,NSA,1948-10,8279.0,8279.0,EI,1949-02,19490228,Economic Indicators issue month (last day); press release was earlier in that month,1,True,,,thousands,,,3,3,,txt=8279|t300d=8279|t400=8279,,,,,FAR_FROM_XISSUE_MEDIAN,,,,,12.0,confirmed_by_adjacent_issue,far_from_median_of_all_prints,11,0
NDMANEMPNSA,NSA,1948-10,8279.0,8279.0,EI,1949-03,19490331,Economic Indicators issue month (last day); press release was earlier in that month,1,True,,,thousands,,,3,3,,txt=8279|t300d=8279|t400=8279,,,,,FAR_FROM_XISSUE_MEDIAN,,,,,15.0,confirmed_by_adjacent_issue,far_from_median_of_all_prints,11,0
NDMANEMPNSA,NSA,1948-10,8279.0,8279.0,EI,1949-04,19490430,Economic Indicators issue month (last day); press release was earlier in that month,1,True,,,thousands,,,3,3,,txt=8279|t300d=8279|t400=8279,,,,,FAR_FROM_XISSUE_MEDIAN,,,,,15.0,confirmed_by_adjacent_issue,far_from_median_of_all_prints,11,0
NDMANEMPNSA,NSA,1948-10,8279.0,8279.0,EI,1949-05,19490531,Economic Indicators issue month (last day); press release was earlier in that month,1,True,,,thousands,,,3,3,,txt=8279|t300d=8279|t400=8279,,,,,FAR_FROM_XISSUE_MEDIAN,,,,,15.0,confirmed_by_adjacent_issue,far_from_median_of_all_prints,11,0
NDMANEMPNSA,NSA,1948-10,8279.0,8279.0,EI,1949-06,19490630,Economic Indicators issue month (last day); press release was earlier in that month,1,True,,,thousands,,,3,3,,txt=8279|t300d=8279|t400=8279,,,,,FAR_FROM_XISSUE_MEDIAN,,,,,15.0,confirmed_by_adjacent_issue,far_from_median_of_all_prints,11,0
NDMANEMPNSA,NSA,1948-10,8279.0,8279.0,EI,1949-07,19490731,Economic Indicators issue month (last day); press release was earlier in that month,1,True,,,thousands,,,3,3,,txt=8279|t300d=8279|t400=8279,,,,,FAR_FROM_XISSUE_MEDIAN,,,,,15.0,confirmed_by_adjacent_issue,far_from_median_of_all_prints,11,0
NDMANEMPNSA,NSA,1948-10,8279.0,8279.0,EI,1949-08,19490831,Economic Indicators issue month (last day); press release was earlier in that month,1,True,,,thousands,,,3,3,,txt=8279|t300d=8279|t400=8279,,,,,FAR_FROM_XISSUE_MEDIAN,,,,,12.0,confirmed_by_adjacent_issue,far_from_median_of_all_prints,11,0
NDMANEMPNSA,NSA,1948-10,8279.0,8279.0,EI,1949-09,19490930,Economic Indicators issue month (last day); press release was earlier in that month,1,True,,,thousands,,,3,3,,txt=8279|t300d=8279|t400=8279,,,,,FAR_FROM_XISSUE_MEDIAN,,,,,9.0,confirmed_by_adjacent_issue,far_from_median_of_all_prints,11,0
NDMANEMPNSA,NSA,1948-11,8148.0,8148.0,EI,1949-01,19490131,Economic Indicators issue month (last day); press release was earlier in that month,1,True,,,thousands,,,3,3,,txt=8148|t300d=8148|t400=8148,,,,,FAR_FROM_XISSUE_MEDIAN,,,,,6.0,confirmed_by_adjacent_issue,far_from_median_of_all_prints,11,0
NDMANEMPNSA,NSA,1948-11,8148.0,8148.0,EI,1949-02,19490228,Economic Indicators issue month (last day); press release was earlier in that month,1,True,,,thousands,,,3,3,,txt=8148|t300d=8148|t400=8148,,,,,FAR_FROM_XISSUE_MEDIAN,,,,,6.0,confirmed_by_adjacent_issue,far_from_median_of_all_prints,11,0
NDMANEMPNSA,NSA,1948-11,8156.0,8156.0,EI,1949-03,19490331,Economic Indicators issue month (last day); press release was earlier in that month,1,True,,,thousands,,,3,3,,txt=8156|t300d=8156|t400=8156,,,,,FAR_FROM_XISSUE_MEDIAN,,,,,3.0,differs_from_adjacent (revision or OCR),far_from_median_of_all_prints,11,0
NDMANEMPNSA,NSA,1948-11,8158.0,8158.0,EI,1949-04,19490430,Economic Indicators issue month (last day); press release was earlier in that month,1,True,,,thousands,,,3,3,,txt=8158|t300d=8158|t400=8158,,,,,FAR_FROM_XISSUE_MEDIAN,,,,,8.0,confirmed_by_adjacent_issue,far_from_median_of_all_prints,11,0
NDMANEMPNSA,NSA,1948-11,8158.0,8158.0,EI,1949-05,19490531,Economic Indicators issue month (last day); press release was earlier in that month,1,True,,,thousands,,,3,3,,txt=8158|t300d=8158|t400=8158,,,,,FAR_FROM_XISSUE_MEDIAN,,,,,11.0,confirmed_by_adjacent_issue,far_from_median_of_all_prints,11,0
NDMANEMPNSA,NSA,1948-11,8158.0,8158.0,EI,1949-06,19490630,Economic Indicators issue month (last day); press release was earlier in that month,1,True,,,thousands,,,2,3,8148,txt=8158|t300d=8158|t400=8148,,,,,FAR_FROM_XISSUE_MEDIAN,,,,,14.0,confirmed_by_adjacent_issue,far_from_median_of_all_prints,11,0
NDMANEMPNSA,NSA,1948-11,8158.0,8158.0,EI,1949-07,19490731,Economic Indicators issue month (last day); press release was earlier in that month,1,True,,,thousands,,,3,3,,txt=8158|t300d=8158|t400=8158,,,,,FAR_FROM_XISSUE_MEDIAN,,,,,14.0,confirmed_by_adjacent_issue,far_from_median_of_all_prints,11,0
NDMANEMPNSA,NSA,1948-11,8158.0,8158.0,EI,1949-08,19490831,Economic Indicators issue month (last day); press release was earlier in that month,1,True,,,thousands,,,3,3,,txt=8158|t300d=8158|t400=8158,,,,,FAR_FROM_XISSUE_MEDIAN,,,,,11.0,confirmed_by_adjacent_issue,far_from_median_of_all_prints,11,0
NDMANEMPNSA,NSA,1948-11,8158.0,8158.0,EI,1949-09,19490930,Economic Indicators issue month (last day); press release was earlier in that month,1,True,,,thousands,,,3,3,,txt=8158|t300d=8158|t400=8158,,,,,FAR_FROM_XISSUE_MEDIAN,,,,,9.0,confirmed_by_adjacent_issue,far_from_median_of_all_prints,11,0
NDMANEMPNSA,NSA,1948-12,8028.0,8028.0,EI,1949-01,19490131,Economic Indicators issue month (last day); press release was earlier in that month,1,True,,,thousands,,,3,3,,txt=8028|t300d=8028|t400=8028,,,,,FAR_FROM_XISSUE_MEDIAN,,,,,6.0,confirmed_by_adjacent_issue,far_from_median_of_all_prints,11,0
NDMANEMPNSA,NSA,1948-12,8028.0,8028.0,EI,1949-02,19490228,Economic Indicators issue month (last day); press release was earlier in that month,1,True,,,thousands,,,3,3,,txt=8028|t300d=8028|t400=8028,,,,,FAR_FROM_XISSUE_MEDIAN,,,,,6.0,confirmed_by_adjacent_issue,far_from_median_of_all_prints,11,0
NDMANEMPNSA,NSA,1948-12,8050.0,8050.0,EI,1949-03,19490331,Economic Indicators issue month (last day); press release was earlier in that month,1,True,,,thousands,,,3,3,,txt=8050|t300d=8050|t400=8050,,,,,FAR_FROM_XISSUE_MEDIAN,,,,,3.0,differs_from_adjacent (revision or OCR),far_from_median_of_all_prints,11,0
NDMANEMPNSA,NSA,1948-12,8058.0,8058.0,EI,1949-04,19490430,Economic Indicators issue month (last day); press release was earlier in that month,1,True,,,thousands,,,3,3,,txt=8058|t300d=8058|t400=8058,,,,,FAR_FROM_XISSUE_MEDIAN,,,,,3.0,differs_from_adjacent (revision or OCR),far_from_median_of_all_prints,11,0
NDMANEMPNSA,NSA,1948-12,8061.0,8061.0,EI,1949-05,19490531,Economic Indicators issue month (last day); press release was earlier in that month,1,True,,,thousands,,,3,3,,txt=8061|t300d=8061|t400=8061,,,,,FAR_FROM_XISSUE_MEDIAN,,,,,9.0,confirmed_by_adjacent_issue,far_from_median_of_all_prints,11,0
NDMANEMPNSA,NSA,1948-12,8061.0,8061.0,EI,1949-06,19490630,Economic Indicators issue month (last day); press release was earlier in that month,1,True,,,thousands,,,3,3,,txt=8061|t300d=8061|t400=8061,,,,,FAR_FROM_XISSUE_MEDIAN,,,,,12.0,confirmed_by_adjacent_issue,far_from_median_of_all_prints,11,0
NDMANEMPNSA,NSA,1948-12,8061.0,8061.0,EI,1949-07,19490731,Economic Indicators issue month (last day); press release was earlier in that month,1,True,,,thousands,,,3,3,,txt=8061|t300d=8061|t400=8061,,,,,FAR_FROM_XISSUE_MEDIAN,,,,,15.0,confirmed_by_adjacent_issue,far_from_median_of_all_prints,11,0
NDMANEMPNSA,NSA,1948-12,8061.0,8061.0,EI,1949-08,19490831,Economic Indicators issue month (last day); press release was earlier in that month,1,True,,,thousands,,,3,3,,txt=8061|t300d=8061|t400=8061,,,,,FAR_FROM_XISSUE_MEDIAN,,,,,12.0,confirmed_by_adjacent_issue,far_from_median_of_all_prints,11,0
NDMANEMPNSA,NSA,1948-12,8061.0,8061.0,EI,1949-09,19490930,Economic Indicators issue month (last day); press release was earlier in that month,1,True,,,thousands,,,3,3,,txt=8061|t300d=8061|t400=8061,,,,,FAR_FROM_XISSUE_MEDIAN,,,,,9.0,confirmed_by_adjacent_issue,far_from_median_of_all_prints,11,0
NDMANEMPNSA,NSA,1949-01,7842.0,7842.0,EI,1949-03,19490331,Economic Indicators issue month (last day); press release was earlier in that month,1,True,,,thousands,,,3,3,,txt=7842|t300d=7842|t400=7842,,,,,FAR_FROM_XISSUE_MEDIAN,,,,,3.0,differs_from_adjacent (revision or OCR),far_from_median_of_all_prints,11,0
NDMANEMPNSA,NSA,1949-01,7874.0,7874.0,EI,1949-04,19490430,Economic Indicators issue month (last day); press release was earlier in that month,1,True,,,thousands,,,3,3,,txt=7874|t300d=7874|t400=7874,,,,,FAR_FROM_XISSUE_MEDIAN,,,,,3.0,differs_from_adjacent (revision or OCR),far_from_median_of_all_prints,11,0
NDMANEMPNSA,NSA,1949-01,7885.0,7885.0,EI,1949-05,19490531,Economic Indicators issue month (last day); press release was earlier in that month,1,True,,,thousands,,,3,3,,txt=7885|t300d=7885|t400=7885,,,,,FAR_FROM_XISSUE_MEDIAN,,,,,8.0,confirmed_by_adjacent_issue,far_from_median_of_all_prints,11,0
NDMANEMPNSA,NSA,1949-01,7885.0,7885.0,EI,1949-06,19490630,Economic Indicators issue month (last day); press release was earlier in that month,1,True,,,thousands,,,2,2,,txt=7885|t300d=7885|t400=,,,,,FAR_FROM_XISSUE_MEDIAN,,,,,11.0,confirmed_by_adjacent_issue,far_from_median_of_all_prints,11,0
NDMANEMPNSA,NSA,1949-01,7885.0,7885.0,EI,1949-07,19490731,Economic Indicators issue month (last day); press release was earlier in that month,1,True,,,thousands,,,3,3,,txt=7885|t300d=7885|t400=7885,,,,,FAR_FROM_XISSUE_MEDIAN,,,,,14.0,confirmed_by_adjacent_issue,far_from_median_of_all_prints,11,0
NDMANEMPNSA,NSA,1949-01,7885.0,7885.0,EI,1949-08,19490831,Economic Indicators issue month (last day); press release was earlier in that month,1,True,,,thousands,,,3,3,,txt=7885|t300d=7885|t400=7885,,,,,FAR_FROM_XISSUE_MEDIAN,,,,,11.0,confirmed_by_adjacent_issue,far_from_median_of_all_prints,11,0
NDMANEMPNSA,NSA,1949-01,7885.0,7885.0,EI,1949-09,19490930,Economic Indicators issue month (last day); press release was earlier in that month,1,True,,,thousands,,,3,3,,txt=7885|t300d=7885|t400=7885,,,,,FAR_FROM_XISSUE_MEDIAN,,,,,9.0,confirmed_by_adjacent_issue,far_from_median_of_all_prints,11,0
NDMANEMPNSA,NSA,1949-02,7858.0,7858.0,EI,1949-04,19490430,Economic Indicators issue month (last day); press release was earlier in that month,1,True,,,thousands,,,3,3,,txt=7858|t300d=7858|t400=7858,,,,,FAR_FROM_XISSUE_MEDIAN,,,,,3.0,differs_from_adjacent (revision or OCR),far_from_median_of_all_prints,11,0
NDMANEMPNSA,NSA,1949-02,7865.0,7865.0,EI,1949-05,19490531,Economic Indicators issue month (last day); press release was earlier in that month,1,True,,,thousands,,,3,3,,txt=7865|t300d=7865|t400=7865,,,,,FAR_FROM_XISSUE_MEDIAN,,,,,3.0,differs_from_adjacent (revision or OCR),far_from_median_of_all_prints,11,0
NDMANEMPNSA,NSA,1949-02,7879.0,7879.0,EI,1949-06,19490630,Economic Indicators issue month (last day); press release was earlier in that month,1,True,,,thousands,,,1,1,,txt=7879|t300d=|t400=,,,,,FAR_FROM_XISSUE_MEDIAN,,,,,7.0,confirmed_by_adjacent_issue,far_from_median_of_all_prints,11,0
NDMANEMPNSA,NSA,1949-02,7879.0,7879.0,EI,1949-07,19490731,Economic Indicators issue month (last day); press release was earlier in that month,1,True,,,thousands,,,3,3,,txt=7879|t300d=7879|t400=7879,,,,,FAR_FROM_XISSUE_MEDIAN,,,,,10.0,confirmed_by_adjacent_issue,far_from_median_of_all_prints,11,0
NDMANEMPNSA,NSA,1949-02,7879.0,7879.0,EI,1949-08,19490831,Economic Indicators issue month (last day); press release was earlier in that month,1,True,,,thousands,,,3,3,,txt=7879|t300d=7879|t400=7879,,,,,FAR_FROM_XISSUE_MEDIAN,,,,,10.0,confirmed_by_adjacent_issue,far_from_median_of_all_prints,11,0
NDMANEMPNSA,NSA,1949-02,7879.0,7879.0,EI,1949-09,19490930,Economic Indicators issue month (last day); press release was earlier in that month,1,True,,,thousands,,,3,3,,txt=7879|t300d=7879|t400=7879,,,,,FAR_FROM_XISSUE_MEDIAN,,,,,9.0,confirmed_by_adjacent_issue,far_from_median_of_all_prints,11,0
NDMANEMPNSA,NSA,1949-03,7787.0,7787.0,EI,1949-05,19490531,Economic Indicators issue month (last day); press release was earlier in that month,1,True,,,thousands,,,3,3,,txt=7787|t300d=7787|t400=7787,,,,,FAR_FROM_XISSUE_MEDIAN,,,,,3.0,differs_from_adjacent (revision or OCR),far_from_median_of_all_prints,11,0
NDMANEMPNSA,NSA,1949-03,7815.0,7815.0,EI,1949-06,19490630,Economic Indicators issue month (last day); press release was earlier in that month,1,True,,,thousands,,,2,2,,txt=7815|t300d=|t400=7815,,,,,FAR_FROM_XISSUE_MEDIAN,,,,,2.0,differs_from_adjacent (revision or OCR),far_from_median_of_all_prints,11,0
NDMANEMPNSA,NSA,1949-03,7818.0,7818.0,EI,1949-07,19490731,Economic Indicators issue month (last day); press release was earlier in that month,1,True,,,thousands,,,3,3,,txt=7818|t300d=7818|t400=7818,,,,,FAR_FROM_XISSUE_MEDIAN,,,,,9.0,confirmed_by_adjacent_issue,far_from_median_of_all_prints,11,0
NDMANEMPNSA,NSA,1949-03,7818.0,7818.0,EI,1949-08,19490831,Economic Indicators issue month (last day); press release was earlier in that month,1,True,,,thousands,,,3,3,,txt=7818|t300d=7818|t400=7818,,,,,FAR_FROM_XISSUE_MEDIAN,,,,,9.0,confirmed_by_adjacent_issue,far_from_median_of_all_prints,11,0
NDMANEMPNSA,NSA,1949-03,7818.0,7818.0,EI,1949-09,19490930,Economic Indicators issue month (last day); press release was earlier in that month,1,True,,,thousands,,,3,3,,txt=7818|t300d=7818|t400=7818,,,,,FAR_FROM_XISSUE_MEDIAN,,,,,9.0,confirmed_by_adjacent_issue,far_from_median_of_all_prints,11,0
NDMANEMPNSA,NSA,1949-04,7649.0,7649.0,EI,1949-06,19490630,Economic Indicators issue month (last day); press release was earlier in that month,1,True,,,thousands,,,3,3,,txt=7649|t300d=7649|t400=7649,,,,,FAR_FROM_XISSUE_MEDIAN,,,,,3.0,differs_from_adjacent (revision or OCR),far_from_median_of_all_prints,11,0
NDMANEMPNSA,NSA,1949-04,7673.0,7673.0,EI,1949-07,19490731,Economic Indicators issue month (last day); press release was earlier in that month,1,True,,,thousands,,,3,3,,txt=7673|t300d=7673|t400=7673,,,,,FAR_FROM_XISSUE_MEDIAN,,,,,3.0,differs_from_adjacent (revision or OCR),far_from_median_of_all_prints,11,0
NDMANEMPNSA,NSA,1949-04,7676.0,7676.0,EI,1949-08,19490831,Economic Indicators issue month (last day); press release was earlier in that month,1,True,,,thousands,,,3,3,,txt=7676|t300d=7676|t400=7676,,,,,FAR_FROM_XISSUE_MEDIAN,,,,,6.0,confirmed_by_adjacent_issue,far_from_median_of_all_prints,11,0
NDMANEMPNSA,NSA,1949-04,7676.0,7676.0,EI,1949-09,19490930,Economic Indicators issue month (last day); press release was earlier in that month,1,True,,,thousands,,,3,3,,txt=7676|t300d=7676|t400=7676,,,,,FAR_FROM_XISSUE_MEDIAN,,,,,6.0,confirmed_by_adjacent_issue,far_from_median_of_all_prints,11,0
NDMANEMPNSA,NSA,1949-05,7573.0,7573.0,EI,1949-07,19490731,Economic Indicators issue month (last day); press release was earlier in that month,1,True,,,thousands,,,3,3,,txt=7573|t300d=7573|t400=7573,,,,,FAR_FROM_XISSUE_MEDIAN,,,,,3.0,differs_from_adjacent (revision or OCR),far_from_median_of_all_prints,11,0
NDMANEMPNSA,NSA,1949-05,7579.0,7579.0,EI,1949-08,19490831,Economic Indicators issue month (last day); press release was earlier in that month,1,True,,,thousands,,,3,3,,txt=7579|t300d=7579|t400=7579,,,,,FAR_FROM_XISSUE_MEDIAN,,,,,6.0,confirmed_by_adjacent_issue,far_from_median_of_all_prints,11,0
NDMANEMPNSA,NSA,1949-05,7579.0,7579.0,EI,1949-09,19490930,Economic Indicators issue month (last day); press release was earlier in that month,1,True,,,thousands,,,3,3,,txt=7579|t300d=7579|t400=7579,,,,,FAR_FROM_XISSUE_MEDIAN,,,,,6.0,confirmed_by_adjacent_issue,far_from_median_of_all_prints,11,0
NDMANEMPNSA,NSA,1949-06,7631.0,7631.0,EI,1949-08,19490831,Economic Indicators issue month (last day); press release was earlier in that month,1,True,,,thousands,,,3,3,,txt=7631|t300d=7631|t400=7631,,,,,FAR_FROM_XISSUE_MEDIAN,,,,,6.0,confirmed_by_adjacent_issue,far_from_median_of_all_prints,11,0
NDMANEMPNSA,NSA,1949-06,7631.0,7631.0,EI,1949-09,19490930,Economic Indicators issue month (last day); press release was earlier in that month,1,True,,,thousands,,,3,3,,txt=7631|t300d=7631|t400=7631,,,,,FAR_FROM_XISSUE_MEDIAN,,,,,6.0,confirmed_by_adjacent_issue,far_from_median_of_all_prints,11,0
NDMANEMPNSA,NSA,1949-07,7642.0,7642.0,EI,1949-09,19490930,Economic Indicators issue month (last day); press release was earlier in that month,1,True,,,thousands,,,3,3,,txt=7642|t300d=7642|t400=7642,,,,,FAR_FROM_XISSUE_MEDIAN,,XISSUE_LEVEL_JUMP,,,3.0,differs_from_adjacent (revision or OCR),far_from_median_of_all_prints;level_jump_vs_adjacent_issues,11,0
NDMANEMPNSA,NSA,1950-05,6604.0,6604.0,EI,1951-02,19510228,Economic Indicators issue month (last day); press release was earlier in that month,1,True,,,thousands,,,3,3,,txt=6604|t300d=6604|t400=6604,FAIL,,,,,,,,,15.0,confirmed_by_adjacent_issue,identity_fail,11,0
NDMANEMPNSA,NSA,1951-06,6954.0,6954.0,EI,1951-10,19511031,Economic Indicators issue month (last day); press release was earlier in that month,1,True,,,thousands,,,3,3,,txt=6954|t300d=6954|t400=6954,ok,,,,,,,,,3.0,OUTLIER_vs_adjacent_issues,xissue_outlier,11,0
NDMANEMPNSA,NSA,1951-07,6978.0,6978.0,EI,1951-11,19511130,Economic Indicators issue month (last day); press release was earlier in that month,1,True,,,thousands,,,3,3,,txt=6978|t300d=6978|t400=6978,ok,,,,,,,,,3.0,OUTLIER_vs_adjacent_issues,xissue_outlier,11,0
NDMANEMPNSA,NSA,1951-08,7000.0,7000.0,EI,1951-10,19511031,Economic Indicators issue month (last day); press release was earlier in that month,1,True,,,thousands,,,2,2,,txt=7000|t300d=|t400=7000,FAIL,,,,,,,,,2.0,differs_from_adjacent (revision or OCR),identity_fail,11,0
NDMANEMPNSA,NSA,1952-01,6827.0,6827.0,EI,1952-05,19520531,Economic Indicators issue month (last day); press release was earlier in that month,1,True,,,thousands,,,3,3,,txt=6827|t300d=6827|t400=6827,ok,,,,,,,,,3.0,OUTLIER_vs_adjacent_issues,xissue_outlier,11,0
NDMANEMPNSA,NSA,1953-07,7146.0,7146.0,EI,1954-07,19540731,Economic Indicators issue month (last day); press release was earlier in that month,1,True,,,thousands,,,3,3,,txt=7146|t300d=7146|t400=7146,FAIL,,,,,,,,,15.0,confirmed_by_adjacent_issue,identity_fail,11,0
NDMANEMPNSA,NSA,1954-05,6683.0,6683.0,EI,1954-07,19540731,Economic Indicators issue month (last day); press release was earlier in that month,1,True,,,thousands,,,3,3,,txt=6683|t300d=6683|t400=6683,FAIL,,,,,,,,,3.0,differs_from_adjacent (revision or OCR),identity_fail,11,0
NDMANEMPNSA,NSA,1955-09,7224.0,7224.0,EI,1955-10,19551031,Economic Indicators issue month (last day); press release was earlier in that month,1,True,,,thousands,,,1,2,7203,txt=|t300d=7224|t400=7203,FAIL,,,,,,,,,1.0,differs_from_adjacent (revision or OCR),identity_fail;ocr_readings_disagree_unconfirmed,15,0
PAYEMS,SA,1954-12,48849.0,48849.0,EI,1955-01,19550131,Economic Indicators issue month (last day); press release was earlier in that month,1,True,,,thousands,,,1,2,48349,txt=48849|t300d=|t400=48349,,,,,,,,,,1.0,differs_from_adjacent (revision or OCR),ocr_readings_disagree_unconfirmed,11,0
PAYEMS,SA,1954-12,48380.0,48380.0,EI,1955-09,19550930,Economic Indicators issue month (last day); press release was earlier in that month,1,True,,,thousands,,,2,2,,txt=|t300d=48380|t400=48380,,,,,,,,,,8.0,OUTLIER_vs_adjacent_issues,xissue_outlier,15,0
PAYEMS,SA,1954-12,48380.0,48380.0,EI,1955-11,19551130,Economic Indicators issue month (last day); press release was earlier in that month,1,True,,,thousands,,,3,3,,txt=48380|t300d=48380|t400=48380,,,,,,,,,,8.0,OUTLIER_vs_adjacent_issues,xissue_outlier,15,0
PAYEMS,SA,1954-12,48880.0,48880.0,EI,1955-12,19551231,Economic Indicators issue month (last day); press release was earlier in that month,1,True,,,thousands,,,2,3,48388,txt=48880|t300d=48388|t400=48880,,,,,,,,,,5.0,OUTLIER_vs_adjacent_issues,xissue_outlier,15,0
PAYEMS,SA,1955-01,48398.0,48898.0,EI,1955-11,19551130,Economic Indicators issue month (last day); press release was earlier in that month,1,True,,,thousands,,,2,3,48398,txt=48898|t300d=48398|t400=48898,,,neighbourhood_vote:48898.0->48398.0,,,,,,,7.0,OUTLIER_vs_adjacent_issues,xissue_outlier,15,0
PAYEMS,SA,1955-06,49488.0,49488.0,EI,1955-08,19550831,Economic Indicators issue month (last day); press release was earlier in that month,1,True,,,thousands,,,1,3,49483;49488,txt=40483|t300d=49488|t400=49483,,sa_vs_nsa_total_reading_choice,,,,,,,,1.0,differs_from_adjacent (revision or OCR),ocr_readings_disagree_unconfirmed,15,0
PAYEMS,SA,1955-07,60193.0,60193.0,EI,1956-09,19560930,Economic Indicators issue month (last day); press release was earlier in that month,1,True,,,thousands,,,2,3,60198,txt=60193|t300d=60198|t400=60193,,,,,FAR_FROM_XISSUE_MEDIAN,,XISSUE_LEVEL_JUMP,NSA_SA_MISMATCH,FAR_FROM_ISSUE_COLUMN_MEDIAN,2.0,differs_from_adjacent (revision or OCR),far_from_issue_column_median;nsa_sa_totals_inconsistent;far_from_median_of_all_prints;level_jump_vs_adjacent_issues,15,0
PAYEMS,SA,1955-08,60315.0,60315.0,EI,1956-09,19560930,Economic Indicators issue month (last day); press release was earlier in that month,1,True,,,thousands,,,1,2,650315;1815,txt=|t300d=60315|t400=650315,,,,,FAR_FROM_XISSUE_MEDIAN,,XISSUE_LEVEL_JUMP,NSA_SA_MISMATCH,FAR_FROM_ISSUE_COLUMN_MEDIAN,1.0,OUTLIER_vs_adjacent_issues,xissue_outlier;ocr_readings_disagree_unconfirmed;far_from_issue_column_median;nsa_sa_totals_inconsistent;far_from_median_of_all_prints;level_jump_vs_adjacent_issues,15,0
PAYEMS,SA,1955-08,50315.0,50315.0,EI,1956-10,19561031,Economic Indicators issue month (last day); press release was earlier in that month,1,True,,,thousands,,,1,2,40315;1315,txt=|t300d=50315|t400=40315,,,,,,,XISSUE_LEVEL_JUMP,,,2.0,differs_from_adjacent (revision or OCR),ocr_readings_disagree_unconfirmed;level_jump_vs_adjacent_issues,15,0
PAYEMS,SA,1955-11,50149.0,50149.0,EI,1955-12,19551231,Economic Indicators issue month (last day); press release was earlier in that month,1,True,,,thousands,,,2,3,50149,txt=50149|t300d=60149|t400=60149,,sa_vs_nsa_total_reading_choice,neighbourhood_vote:50149.0->60149.0,,FAR_FROM_XISSUE_MEDIAN,spike_fixed:60149.0->50149.0,,,,2.0,differs_from_adjacent (revision or OCR),far_from_median_of_all_prints,15,0
PAYEMS,SA,1955-12,40081.0,40081.0,EI,1956-01,19560131,Economic Indicators issue month (last day); press release was earlier in that month,1,True,,,thousands,,,2,2,,txt=|t300d=40081|t400=40081,,,,,FAR_FROM_XISSUE_MEDIAN,SPIKE,XISSUE_LEVEL_JUMP,NSA_SA_MISMATCH,FAR_FROM_ISSUE_COLUMN_MEDIAN,2.0,differs_from_adjacent (revision or OCR),far_from_issue_column_median;nsa_sa_totals_inconsistent;far_from_median_of_all_prints;level_jump_vs_adjacent_issues;isolated_spike_vs_adjacent_months,15,0
PAYEMS,SA,1955-12,50228.0,50228.0,EI,1956-03,19560331,Economic Indicators issue month (last day); press release was earlier in that month,1,True,,,thousands,,,2,3,50228,txt=50228|t300d=60228|t400=60228,,sa_vs_nsa_total_reading_choice,neighbourhood_vote:50228.0->60228.0,,FAR_FROM_XISSUE_MEDIAN,spike_fixed:60228.0->50228.0,,,,5.0,confirmed_by_adjacent_issue,far_from_median_of_all_prints,15,0
PAYEMS,SA,1955-12,50228.0,50228.0,EI,1956-04,19560430,Economic Indicators issue month (last day); press release was earlier in that month,1,True,,,thousands,,,2,3,60228,txt=50228|t300d=50228|t400=60228,,,neighbourhood_vote:50228.0->60228.0,,FAR_FROM_XISSUE_MEDIAN,spike_fixed:60228.0->50228.0,,,,5.0,confirmed_by_adjacent_issue,far_from_median_of_all_prints,16,0
PAYEMS,SA,1955-12,50228.0,50228.0,EI,1956-05,19560531,Economic Indicators issue month (last day); press release was earlier in that month,1,True,,,thousands,,,2,3,50228,txt=50228|t300d=60228|t400=60228,,sa_vs_nsa_total_reading_choice,neighbourhood_vote:50228.0->60228.0,,FAR_FROM_XISSUE_MEDIAN,spike_fixed:60228.0->50228.0,,,,5.0,confirmed_by_adjacent_issue,far_from_median_of_all_prints,15,0
PAYEMS,SA,1955-12,450948.0,60948.0,EI,1957-02,19570228,Economic Indicators issue month (last day); press release was earlier in that month,1,True,,,thousands,,,1,3,40948;450948,txt=60948|t300d=450948|t400=40948,,,neighbourhood_vote:60948.0->450948.0,,FAR_FROM_XISSUE_MEDIAN,SPIKE,XISSUE_LEVEL_JUMP,NSA_SA_MISMATCH,FAR_FROM_ISSUE_COLUMN_MEDIAN,3.0,differs_from_adjacent (revision or OCR),far_from_issue_column_median;nsa_sa_totals_inconsistent;far_from_median_of_all_prints;level_jump_vs_adjacent_issues;isolated_spike_vs_adjacent_months,15,0
PAYEMS,SA,1956-01,50298.0,50298.0,EI,1956-03,19560331,Economic Indicators issue month (last day); press release was earlier in that month,1,True,,,thousands,,,1,3,40293;50293,txt=50298|t300d=40293|t400=50293,,,,,,,,,,1.0,differs_from_adjacent (revision or OCR),ocr_readings_disagree_unconfirmed,15,0
PAYEMS,SA,1956-01,61080.0,61080.0,EI,1957-03,19570331,Economic Indicators issue month (last day); press release was earlier in that month,1,True,,,thousands,,,3,3,,txt=61080|t300d=61080|t400=61080,,,,,FAR_FROM_XISSUE_MEDIAN,,XISSUE_LEVEL_JUMP,NSA_SA_MISMATCH,,5.0,differs_from_adjacent (revision or OCR),nsa_sa_totals_inconsistent;far_from_median_of_all_prints;level_jump_vs_adjacent_issues,15,0
PAYEMS,SA,1956-02,50292.0,50292.0,EI,1956-05,19560531,Economic Indicators issue month (last day); press release was earlier in that month,1,True,,,thousands,,,1,3,40292;60292,txt=50292|t300d=60292|t400=40292,,,,,,,,,,1.0,differs_from_adjacent (revision or OCR),ocr_readings_disagree_unconfirmed,15,0
PAYEMS,SA,1956-02,61127.0,61127.0,EI,1956-10,19561031,Economic Indicators issue month (last day); press release was earlier in that month,1,True,,,thousands,,,2,2,1121,txt=|t300d=61127|t400=61127,,,,,FAR_FROM_XISSUE_MEDIAN,SPIKE,XISSUE_LEVEL_JUMP,NSA_SA_MISMATCH,FAR_FROM_ISSUE_COLUMN_MEDIAN,8.0,OUTLIER_vs_adjacent_issues,xissue_outlier;far_from_issue_column_median;nsa_sa_totals_inconsistent;far_from_median_of_all_prints;level_jump_vs_adjacent_issues;isolated_spike_vs_adjacent_months,15,0
PAYEMS,SA,1956-02,61127.0,61127.0,EI,1957-03,19570331,Economic Indicators issue month (last day); press release was earlier in that month,1,True,,,thousands,,,3,3,,txt=61127|t300d=61127|t400=61127,,,,,FAR_FROM_XISSUE_MEDIAN,,,NSA_SA_MISMATCH,,6.0,confirmed_by_adjacent_issue,nsa_sa_totals_inconsistent;far_from_median_of_all_prints,15,0
PAYEMS,SA,1956-02,61127.0,61127.0,EI,1957-04,19570430,Economic Indicators issue month (last day); press release was earlier in that month,1,True,,,thousands,,,2,3,61187,txt=61187|t300d=61127|t400=61127,,,,,FAR_FROM_XISSUE_MEDIAN,,,NSA_SA_MISMATCH,FAR_FROM_ISSUE_COLUMN_MEDIAN,6.0,confirmed_by_adjacent_issue,far_from_issue_column_median;nsa_sa_totals_inconsistent;far_from_median_of_all_prints,15,0
PAYEMS,SA,1956-03,50211.0,50211.0,EI,1956-04,19560430,Economic Indicators issue month (last day); press release was earlier in that month,1,True,,,thousands,,,3,3,,txt=50211|t300d=50211|t400=50211,,,,,,,XISSUE_LEVEL_JUMP,,,3.0,differs_from_adjacent (revision or OCR),level_jump_vs_adjacent_issues,16,0
PAYEMS,SA,1956-03,40270.0,40270.0,EI,1956-05,19560531,Economic Indicators issue month (last day); press release was earlier in that month,1,True,,,thousands,,,1,1,1210,txt=|t300d=|t400=40270,,,,,FAR_FROM_XISSUE_MEDIAN,SPIKE,XISSUE_LEVEL_JUMP,NSA_SA_MISMATCH,FAR_FROM_ISSUE_COLUMN_MEDIAN,1.0,differs_from_adjacent (revision or OCR),ocr_readings_disagree_unconfirmed;far_from_issue_column_median;nsa_sa_totals_inconsistent;far_from_median_of_all_prints;level_jump_vs_adjacent_issues;isolated_spike_vs_adjacent_months,15,0
PAYEMS,SA,1956-03,61057.0,61057.0,EI,1957-03,19570331,Economic Indicators issue month (last day); press release was earlier in that month,1,True,,,thousands,,,3,3,,txt=61057|t300d=61057|t400=61057,,,,,FAR_FROM_XISSUE_MEDIAN,,,NSA_SA_MISMATCH,,8.0,confirmed_by_adjacent_issue,nsa_sa_totals_inconsistent;far_from_median_of_all_prints,15,0
PAYEMS,SA,1956-03,61057.0,51057.0,EI,1957-04,19570430,Economic Indicators issue month (last day); press release was earlier in that month,1,True,,,thousands,,,2,3,51057,txt=51057|t300d=61057|t400=61057,,sa_vs_nsa_total_reading_choice,neighbourhood_vote:51057.0->61057.0,,xissue_median_fix:61057.0->51057.0,spike_fixed:51057.0->61057.0,,NSA_SA_MISMATCH,FAR_FROM_ISSUE_COLUMN_MEDIAN,7.0,confirmed_by_adjacent_issue,far_from_issue_column_median;nsa_sa_totals_inconsistent,15,0
PAYEMS,SA,1956-03,61057.0,51057.0,EI,1957-05,19570531,Economic Indicators issue month (last day); press release was earlier in that month,1,True,,,thousands,,,2,3,51057,txt=61057|t300d=61057|t400=51057,,sa_vs_nsa_total_reading_choice,neighbourhood_vote:51057.0->61057.0,,xissue_median_fix:61057.0->51057.0,spike_fixed:51057.0->61057.0,,NSA_SA_MISMATCH,FAR_FROM_ISSUE_COLUMN_MEDIAN,7.0,confirmed_by_adjacent_issue,far_from_issue_column_median;nsa_sa_totals_inconsistent,15,0
PAYEMS,SA,1956-04,50877.0,50877.0,EI,1956-05,19560531,Economic Indicators issue month (last day); press release was earlier in that month,1,True,,,thousands,,,2,2,,txt=|t300d=50877|t400=50877,,,,,FAR_FROM_XISSUE_MEDIAN,,,,,2.0,differs_from_adjacent (revision or OCR),far_from_median_of_all_prints,15,0
PAYEMS,SA,1956-04,51281.0,51281.0,EI,1956-06,19560630,Economic Indicators issue month (last day); press release was earlier in that month,1,True,,,thousands,,,2,2,,txt=51281|t300d=|t400=51281,,,,,FAR_FROM_XISSUE_MEDIAN,,,,,2.0,differs_from_adjacent (revision or OCR),far_from_median_of_all_prints,15,0
PAYEMS,SA,1956-04,51327.0,51327.0,EI,1956-07,19560731,Economic Indicators issue month (last day); press release was earlier in that month,1,True,,,thousands,,,3,3,,txt=51327|t300d=51327|t400=51327,,,,,FAR_FROM_XISSUE_MEDIAN,,,,,4.0,differs_from_adjacent (revision or OCR),far_from_median_of_all_prints,15,0
PAYEMS,SA,1956-04,61827.0,51327.0,EI,1956-08,19560831,Economic Indicators issue month (last day); press release was earlier in that month,1,True,,,thousands,,,1,3,61327;61827,txt=51327|t300d=61327|t400=61827,,,,,xissue_median_fix:51327.0->61827.0,,,NSA_SA_MISMATCH,FAR_FROM_ISSUE_COLUMN_MEDIAN,6.0,confirmed_by_adjacent_issue,far_from_issue_column_median;nsa_sa_totals_inconsistent,15,0
PAYEMS,SA,1956-04,61827.0,51827.0,EI,1956-09,19560930,Economic Indicators issue month (last day); press release was earlier in that month,1,True,,,thousands,,,1,3,61327;61827,txt=51827|t300d=61827|t400=61327,,,neighbourhood_vote:51827.0->61827.0,,,,,NSA_SA_MISMATCH,FAR_FROM_ISSUE_COLUMN_MEDIAN,5.0,confirmed_by_adjacent_issue,far_from_issue_column_median;nsa_sa_totals_inconsistent,15,0
PAYEMS,SA,1956-04,61827.0,51327.0,EI,1956-10,19561031,Economic Indicators issue month (last day); press release was earlier in that month,1,True,,,thousands,,,2,3,61827,txt=51327|t300d=61827|t400=51327,,,neighbourhood_vote:51327.0->61827.0,,,,,NSA_SA_MISMATCH,FAR_FROM_ISSUE_COLUMN_MEDIAN,6.0,confirmed_by_adjacent_issue,far_from_issue_column_median;nsa_sa_totals_inconsistent,15,0
PAYEMS,SA,1956-04,61827.0,51327.0,EI,1956-11,19561130,Economic Indicators issue month (last day); press release was earlier in that month,1,True,,,thousands,,,2,3,51327,txt=51327|t300d=61827|t400=61827,,sa_vs_nsa_total_reading_choice,neighbourhood_vote:51327.0->61827.0,,,,,NSA_SA_MISMATCH,FAR_FROM_ISSUE_COLUMN_MEDIAN,6.0,confirmed_by_adjacent_issue,far_from_issue_column_median;nsa_sa_totals_inconsistent,15,0
PAYEMS,SA,1956-04,61827.0,51827.0,EI,1956-12,19561231,Economic Indicators issue month (last day); press release was earlier in that month,1,True,,,thousands,,,1,3,61327;61827,txt=51827|t300d=61827|t400=61327,,,neighbourhood_vote:51827.0->61827.0,,,,,NSA_SA_MISMATCH,FAR_FROM_ISSUE_COLUMN_MEDIAN,6.0,confirmed_by_adjacent_issue,far_from_issue_column_median;nsa_sa_totals_inconsistent,15,0
PAYEMS,SA,1956-04,61827.0,51827.0,EI,1957-01,19570131,Economic Indicators issue month (last day); press release was earlier in that month,1,True,,,thousands,,,2,3,61827,txt=51827|t300d=61827|t400=51827,,,neighbourhood_vote:51827.0->61827.0,,,,,NSA_SA_MISMATCH,FAR_FROM_ISSUE_COLUMN_MEDIAN,8.0,confirmed_by_adjacent_issue,far_from_issue_column_median;nsa_sa_totals_inconsistent,15,0
PAYEMS,SA,1956-04,61827.0,51827.0,EI,1957-02,19570228,Economic Indicators issue month (last day); press release was earlier in that month,1,True,,,thousands,,,1,3,61327;61827,txt=51827|t300d=61327|t400=61827,,,neighbourhood_vote:51827.0->61827.0,,,,,NSA_SA_MISMATCH,FAR_FROM_ISSUE_COLUMN_MEDIAN,7.0,confirmed_by_adjacent_issue,far_from_issue_column_median;nsa_sa_totals_inconsistent,15,0
PAYEMS,SA,1956-04,61827.0,61827.0,EI,1957-03,19570331,Economic Indicators issue month (last day); press release was earlier in that month,1,True,,,thousands,,,3,3,,txt=61827|t300d=61827|t400=61827,,,,,,,,NSA_SA_MISMATCH,,6.0,confirmed_by_adjacent_issue,nsa_sa_totals_inconsistent,15,0
PAYEMS,SA,1956-04,61827.0,51327.0,EI,1957-04,19570430,Economic Indicators issue month (last day); press release was earlier in that month,1,True,,,thousands,,,1,3,51827;61827,txt=51327|t300d=61827|t400=51827,,,neighbourhood_vote:51327.0->61827.0,,,,,NSA_SA_MISMATCH,FAR_FROM_ISSUE_COLUMN_MEDIAN,5.0,confirmed_by_adjacent_issue,far_from_issue_column_median;nsa_sa_totals_inconsistent,15,0
PAYEMS,SA,1956-04,61887.0,51827.0,EI,1957-05,19570531,Economic Indicators issue month (last day); press release was earlier in that month,1,True,,,thousands,,,1,2,51827,txt=|t300d=61887|t400=51827,,sa_vs_nsa_total_reading_choice,,,xissue_median_fix:51827.0->61887.0,,,NSA_SA_MISMATCH,FAR_FROM_ISSUE_COLUMN_MEDIAN,2.0,differs_from_adjacent (revision or OCR),ocr_readings_disagree_unconfirmed;far_from_issue_column_median;nsa_sa_totals_inconsistent,15,0
PAYEMS,SA,1956-04,51624.0,51624.0,EI,1957-06,19570630,Economic Indicators issue month (last day); press release was earlier in that month,1,True,,,thousands,,,2,3,51624,txt=51624|t300d=61624|t400=61624,,sa_vs_nsa_total_reading_choice,neighbourhood_vote:51624.0->61624.0,,,spike_fixed:61624.0->51624.0,XISSUE_LEVEL_JUMP,,,2.0,differs_from_adjacent (revision or OCR),level_jump_vs_adjacent_issues,15,0
PAYEMS,SA,1956-05,51256.0,51256.0,EI,1956-06,19560630,Economic Indicators issue month (last day); press release was earlier in that month,1,True,,,thousands,,,2,2,,txt=51256|t300d=|t400=51256,,,,,FAR_FROM_XISSUE_MEDIAN,,XISSUE_LEVEL_JUMP,,,2.0,differs_from_adjacent (revision or OCR),far_from_median_of_all_prints;level_jump_vs_adjacent_issues,15,0
PAYEMS,SA,1956-05,61459.0,51459.0,EI,1956-08,19560831,Economic Indicators issue month (last day); press release was earlier in that month,1,True,,,thousands,,,1,3,41459;61459,txt=51459|t300d=61459|t400=41459,,,,,xissue_median_fix:51459.0->61459.0,,,NSA_SA_MISMATCH,FAR_FROM_ISSUE_COLUMN_MEDIAN,1.0,differs_from_adjacent (revision or OCR),ocr_readings_disagree_unconfirmed;far_from_issue_column_median;nsa_sa_totals_inconsistent,15,0
PAYEMS,SA,1956-05,61454.0,51454.0,EI,1956-09,19560930,Economic Indicators issue month (last day); press release was earlier in that month,1,True,,,thousands,,,1,3,61454;61464,txt=51454|t300d=61454|t400=61464,,,neighbourhood_vote:51454.0->61454.0,,,,,NSA_SA_MISMATCH,FAR_FROM_ISSUE_COLUMN_MEDIAN,5.0,confirmed_by_adjacent_issue,far_from_issue_column_median;nsa_sa_totals_inconsistent,15,0
PAYEMS,SA,1956-05,61454.0,51454.0,EI,1956-10,19561031,Economic Indicators issue month (last day); press release was earlier in that month,1,True,,,thousands,,,2,3,51454,txt=51454|t300d=61454|t400=61454,,sa_vs_nsa_total_reading_choice,neighbourhood_vote:51454.0->61454.0,,,,,NSA_SA_MISMATCH,FAR_FROM_ISSUE_COLUMN_MEDIAN,7.0,confirmed_by_adjacent_issue,far_from_issue_column_median;nsa_sa_totals_inconsistent,15,0
PAYEMS,SA,1956-05,61454.0,51564.0,EI,1956-11,19561130,Economic Indicators issue month (last day); press release was earlier in that month,1,True,,,thousands,,,2,3,51564,txt=51564|t300d=61454|t400=61454,,sa_vs_nsa_total_reading_choice,neighbourhood_vote:51564.0->61454.0,,,,,NSA_SA_MISMATCH,FAR_FROM_ISSUE_COLUMN_MEDIAN,8.0,confirmed_by_adjacent_issue,far_from_issue_column_median;nsa_sa_totals_inconsistent,15,0
PAYEMS,SA,1956-05,61454.0,51454.0,EI,1956-12,19561231,Economic Indicators issue month (last day); press release was earlier in that month,1,True,,,thousands,,,2,3,51454,txt=51454|t300d=61454|t400=61454,,sa_vs_nsa_total_reading_choice,neighbourhood_vote:51454.0->61454.0,,,,,NSA_SA_MISMATCH,FAR_FROM_ISSUE_COLUMN_MEDIAN,9.0,confirmed_by_adjacent_issue,far_from_issue_column_median;nsa_sa_totals_inconsistent,15,0
PAYEMS,SA,1956-05,61454.0,51454.0,EI,1957-01,19570131,Economic Indicators issue month (last day); press release was earlier in that month,1,True,,,thousands,,,1,3,61454;61464,txt=51454|t300d=61464|t400=61454,,,neighbourhood_vote:51454.0->61454.0,,,,,NSA_SA_MISMATCH,FAR_FROM_ISSUE_COLUMN_MEDIAN,9.0,confirmed_by_adjacent_issue,far_from_issue_column_median;nsa_sa_totals_inconsistent,15,0
PAYEMS,SA,1956-05,61454.0,51454.0,EI,1957-02,19570228,Economic Indicators issue month (last day); press release was earlier in that month,1,True,,,thousands,,,2,3,51454,txt=51454|t300d=61454|t400=61454,,sa_vs_nsa_total_reading_choice,neighbourhood_vote:51454.0->61454.0,,,,,NSA_SA_MISMATCH,FAR_FROM_ISSUE_COLUMN_MEDIAN,9.0,confirmed_by_adjacent_issue,far_from_issue_column_median;nsa_sa_totals_inconsistent,15,0
PAYEMS,SA,1956-05,61454.0,61454.0,EI,1957-03,19570331,Economic Indicators issue month (last day); press release was earlier in that month,1,True,,,thousands,,,2,3,61464,txt=61454|t300d=61464|t400=61454,,,,,,,,NSA_SA_MISMATCH,,8.0,confirmed_by_adjacent_issue,nsa_sa_totals_inconsistent,15,0
PAYEMS,SA,1956-05,61454.0,51454.0,EI,1957-04,19570430,Economic Indicators issue month (last day); press release was earlier in that month,1,True,,,thousands,,,2,3,51454,txt=51454|t300d=61454|t400=61454,,sa_vs_nsa_total_reading_choice,neighbourhood_vote:51454.0->61454.0,,,,,NSA_SA_MISMATCH,FAR_FROM_ISSUE_COLUMN_MEDIAN,7.0,confirmed_by_adjacent_issue,far_from_issue_column_median;nsa_sa_totals_inconsistent,15,0
PAYEMS,SA,1956-05,61454.0,51454.0,EI,1957-05,19570531,Economic Indicators issue month (last day); press release was earlier in that month,1,True,,,thousands,,,1,3,61454;61464,txt=51454|t300d=61454|t400=61464,,,neighbourhood_vote:51454.0->61454.0,,,,,NSA_SA_MISMATCH,FAR_FROM_ISSUE_COLUMN_MEDIAN,5.0,confirmed_by_adjacent_issue,far_from_issue_column_median;nsa_sa_totals_inconsistent,15,0
PAYEMS,SA,1956-05,51799.0,51799.0,EI,1957-06,19570630,Economic Indicators issue month (last day); press release was earlier in that month,1,True,,,thousands,,,3,3,,txt=51799|t300d=51799|t400=51799,,,,,FAR_FROM_XISSUE_MEDIAN,,,,,6.0,confirmed_by_adjacent_issue,far_from_median_of_all_prints,15,0
PAYEMS,SA,1956-06,51623.0,51623.0,EI,1956-08,19560831,Economic Indicators issue month (last day); press release was earlier in that month,1,True,,,thousands,,,1,3,57623;851623,txt=51623|t300d=851623|t400=57623,,,,,,,,,,1.0,differs_from_adjacent (revision or OCR),ocr_readings_disagree_unconfirmed,15,0
PAYEMS,SA,1956-06,51600.0,51600.0,EI,1956-09,19560930,Economic Indicators issue month (last day); press release was earlier in that month,1,True,,,thousands,,,3,3,,txt=51600|t300d=51600|t400=51600,,,,,,SPIKE,,,,6.0,confirmed_by_adjacent_issue,isolated_spike_vs_adjacent_months,15,0
PAYEMS,SA,1956-06,61600.0,51600.0,EI,1956-12,19561231,Economic Indicators issue month (last day); press release was earlier in that month,1,True,,,thousands,,,2,3,51600,txt=51600|t300d=61600|t400=61600,,sa_vs_nsa_total_reading_choice,neighbourhood_vote:51600.0->61600.0,,FAR_FROM_XISSUE_MEDIAN,,,NSA_SA_MISMATCH,FAR_FROM_ISSUE_COLUMN_MEDIAN,8.0,confirmed_by_adjacent_issue,far_from_issue_column_median;nsa_sa_totals_inconsistent;far_from_median_of_all_prints,15,0
PAYEMS,SA,1956-06,61600.0,51600.0,EI,1957-01,19570131,Economic Indicators issue month (last day); press release was earlier in that month,1,True,,,thousands,,,2,3,51600,txt=51600|t300d=61600|t400=61600,,sa_vs_nsa_total_reading_choice,neighbourhood_vote:51600.0->61600.0,,FAR_FROM_XISSUE_MEDIAN,,,NSA_SA_MISMATCH,FAR_FROM_ISSUE_COLUMN_MEDIAN,11.0,confirmed_by_adjacent_issue,far_from_issue_column_median;nsa_sa_totals_inconsistent;far_from_median_of_all_prints,15,0
PAYEMS,SA,1956-06,61600.0,51600.0,EI,1957-02,19570228,Economic Indicators issue month (last day); press release was earlier in that month,1,True,,,thousands,,,2,3,51600,txt=51600|t300d=61600|t400=61600,,sa_vs_nsa_total_reading_choice,neighbourhood_vote:51600.0->61600.0,,FAR_FROM_XISSUE_MEDIAN,,,NSA_SA_MISMATCH,FAR_FROM_ISSUE_COLUMN_MEDIAN,11.0,confirmed_by_adjacent_issue,far_from_issue_column_median;nsa_sa_totals_inconsistent;far_from_median_of_all_prints,15,0
PAYEMS,SA,1956-06,61600.0,61600.0,EI,1957-03,19570331,Economic Indicators issue month (last day); press release was earlier in that month,1,True,,,thousands,,,3,3,,txt=61600|t300d=61600|t400=61600,,,,,FAR_FROM_XISSUE_MEDIAN,,,NSA_SA_MISMATCH,,11.0,confirmed_by_adjacent_issue,nsa_sa_totals_inconsistent;far_from_median_of_all_prints,15,0
PAYEMS,SA,1956-06,61600.0,51600.0,EI,1957-04,19570430,Economic Indicators issue month (last day); press release was earlier in that month,1,True,,,thousands,,,2,3,51600,txt=51600|t300d=61600|t400=61600,,sa_vs_nsa_total_reading_choice,neighbourhood_vote:51600.0->61600.0,,FAR_FROM_XISSUE_MEDIAN,,,NSA_SA_MISMATCH,FAR_FROM_ISSUE_COLUMN_MEDIAN,9.0,confirmed_by_adjacent_issue,far_from_issue_column_median;nsa_sa_totals_inconsistent;far_from_median_of_all_prints,15,0
PAYEMS,SA,1956-06,61600.0,51600.0,EI,1957-05,19570531,Economic Indicators issue month (last day); press release was earlier in that month,1,True,,,thousands,,,2,3,51600,txt=51600|t300d=61600|t400=61600,,sa_vs_nsa_total_reading_choice,neighbourhood_vote:51600.0->61600.0,,FAR_FROM_XISSUE_MEDIAN,,,NSA_SA_MISMATCH,FAR_FROM_ISSUE_COLUMN_MEDIAN,7.0,confirmed_by_adjacent_issue,far_from_issue_column_median;nsa_sa_totals_inconsistent;far_from_median_of_all_prints,15,0
PAYEMS,SA,1956-07,51022.0,51022.0,EI,1956-09,19560930,Economic Indicators issue month (last day); press release was earlier in that month,1,True,,,thousands,,,2,3,51022,txt=51022|t300d=61022|t400=61022,,sa_vs_nsa_total_reading_choice,neighbourhood_vote:51022.0->61022.0,,FAR_FROM_XISSUE_MEDIAN,spike_fixed:61022.0->51022.0,,,,2.0,differs_from_adjacent (revision or OCR),far_from_median_of_all_prints,15,0
PAYEMS,SA,1956-07,51008.0,51008.0,EI,1957-02,19570228,Economic Indicators issue month (last day); press release was earlier in that month,1,True,,,thousands,,,2,3,41008,txt=51008|t300d=41008|t400=51008,,,,,,SPIKE,,,,3.0,differs_from_adjacent (revision or OCR),isolated_spike_vs_adjacent_months,15,0
PAYEMS,SA,1956-07,61003.0,61003.0,EI,1957-03,19570331,Economic Indicators issue month (last day); press release was earlier in that month,1,True,,,thousands,,,1,3,57003;61008,txt=61003|t300d=61008|t400=57003,,,,,FAR_FROM_XISSUE_MEDIAN,,,NSA_SA_MISMATCH,,5.0,confirmed_by_adjacent_issue,nsa_sa_totals_inconsistent;far_from_median_of_all_prints,15,0
PAYEMS,SA,1956-07,61003.0,61003.0,EI,1957-04,19570430,Economic Indicators issue month (last day); press release was earlier in that month,1,True,,,thousands,,,3,3,,txt=61003|t300d=61003|t400=61003,,,,,FAR_FROM_XISSUE_MEDIAN,,,NSA_SA_MISMATCH,FAR_FROM_ISSUE_COLUMN_MEDIAN,4.0,confirmed_by_adjacent_issue,far_from_issue_column_median;nsa_sa_totals_inconsistent;far_from_median_of_all_prints,15,0
PAYEMS,SA,1956-07,61008.0,51008.0,EI,1957-05,19570531,Economic Indicators issue month (last day); press release was earlier in that month,1,True,,,thousands,,,2,3,51008,txt=61008|t300d=61008|t400=51008,,sa_vs_nsa_total_reading_choice;t400:trail_digit_dropped,neighbourhood_vote:51008.0->61008.0,,FAR_FROM_XISSUE_MEDIAN,,,NSA_SA_MISMATCH,FAR_FROM_ISSUE_COLUMN_MEDIAN,3.0,differs_from_adjacent (revision or OCR),far_from_issue_column_median;nsa_sa_totals_inconsistent;far_from_median_of_all_prints,15,0
PAYEMS,SA,1956-08,51702.0,51702.0,EI,1957-01,19570131,Economic Indicators issue month (last day); press release was earlier in that month,1,True,,,thousands,,,1,3,57702;61702,txt=51702|t300d=61702|t400=57702,,,neighbourhood_vote:51702.0->61702.0,,FAR_FROM_XISSUE_MEDIAN,,xissue_own_reading_fix:61702.0->51702.0,,,7.0,confirmed_by_adjacent_issue,far_from_median_of_all_prints,15,0
PAYEMS,SA,1956-08,51702.0,51702.0,EI,1957-02,19570228,Economic Indicators issue month (last day); press release was earlier in that month,1,True,,,thousands,,,2,3,51702,txt=51702|t300d=61702|t400=61702,,sa_vs_nsa_total_reading_choice,neighbourhood_vote:51702.0->61702.0,,FAR_FROM_XISSUE_MEDIAN,spike_fixed:61702.0->51702.0,,,,7.0,confirmed_by_adjacent_issue,far_from_median_of_all_prints,15,0
PAYEMS,SA,1956-08,61702.0,51702.0,EI,1957-03,19570331,Economic Indicators issue month (last day); press release was earlier in that month,1,True,,,thousands,,,2,3,51702,txt=51702|t300d=61702|t400=61702,,sa_vs_nsa_total_reading_choice,neighbourhood_vote:51702.0->61702.0,,FAR_FROM_XISSUE_MEDIAN,,,NSA_SA_MISMATCH,,8.0,confirmed_by_adjacent_issue,nsa_sa_totals_inconsistent;far_from_median_of_all_prints,15,0
PAYEMS,SA,1956-08,61702.0,61702.0,EI,1957-04,19570430,Economic Indicators issue month (last day); press release was earlier in that month,1,True,,,thousands,,,2,2,,txt=|t300d=61702|t400=61702,,,,,FAR_FROM_XISSUE_MEDIAN,,,NSA_SA_MISMATCH,FAR_FROM_ISSUE_COLUMN_MEDIAN,7.0,confirmed_by_adjacent_issue,far_from_issue_column_median;nsa_sa_totals_inconsistent;far_from_median_of_all_prints,15,0
PAYEMS,SA,1956-08,61702.0,51702.0,EI,1957-05,19570531,Economic Indicators issue month (last day); press release was earlier in that month,1,True,,,thousands,,,2,3,61702,txt=51702|t300d=61702|t400=51702,,,neighbourhood_vote:51702.0->61702.0,,FAR_FROM_XISSUE_MEDIAN,,,NSA_SA_MISMATCH,FAR_FROM_ISSUE_COLUMN_MEDIAN,5.0,confirmed_by_adjacent_issue,far_from_issue_column_median;nsa_sa_totals_inconsistent;far_from_median_of_all_prints,15,0
PAYEMS,SA,1956-08,52180.0,52180.0,EI,1957-10,19571031,Economic Indicators issue month (last day); press release was earlier in that month,1,True,,,thousands,,,3,3,,txt=52180|t300d=52180|t400=52180,FAIL,,,,,,,,,9.0,confirmed_by_adjacent_issue,identity_fail,15,0
PAYEMS,SA,1956-09,51676.0,51676.0,EI,1957-03,19570331,Economic Indicators issue month (last day); press release was earlier in that month,1,True,,,thousands,,,1,3,41676;61676,txt=51676|t300d=61676|t400=41676,,,,,,,,,FAR_FROM_ISSUE_COLUMN_MEDIAN,11.0,confirmed_by_adjacent_issue,far_from_issue_column_median,15,0
PAYEMS,SA,1956-09,51676.0,51676.0,EI,1957-04,19570430,Economic Indicators issue month (last day); press release was earlier in that month,1,True,,,thousands,,,3,3,,txt=51676|t300d=51676|t400=51676,,,,,,,,,FAR_FROM_ISSUE_COLUMN_MEDIAN,8.0,confirmed_by_adjacent_issue,far_from_issue_column_median,15,0
PAYEMS,SA,1956-10,51817.0,51817.0,EI,1956-11,19561130,Economic Indicators issue month (last day); press release was earlier in that month,1,True,,,thousands,,,1,3,57817;57877,txt=51817|t300d=57877|t400=57817,,,,,,,,,,1.0,differs_from_adjacent (revision or OCR),ocr_readings_disagree_unconfirmed,15,0
PAYEMS,SA,1956-10,51902.0,51902.0,EI,1957-03,19570331,Economic Indicators issue month (last day); press release was earlier in that month,1,True,,,thousands,,,1,3,51902;517902,txt=61902|t300d=51902|t400=517902,,sa_vs_nsa_total_reading_choice,,,,,,,FAR_FROM_ISSUE_COLUMN_MEDIAN,8.0,confirmed_by_adjacent_issue,far_from_issue_column_median,15,0
PAYEMS,SA,1956-10,51902.0,51902.0,EI,1957-04,19570430,Economic Indicators issue month (last day); press release was earlier in that month,1,True,,,thousands,,,1,2,51902,txt=|t300d=61902|t400=51902,,sa_vs_nsa_total_reading_choice,,,,,,,FAR_FROM_ISSUE_COLUMN_MEDIAN,5.0,confirmed_by_adjacent_issue,far_from_issue_column_median,15,0
PAYEMS,SA,1956-10,52367.0,52367.0,EI,1957-11,19571130,Economic Indicators issue month (last day); press release was earlier in that month,1,True,,,thousands,,,3,3,,txt=52367|t300d=52367|t400=52367,FAIL,,,,,,,,,12.0,confirmed_by_adjacent_issue,identity_fail,15,0
PAYEMS,SA,1956-11,51950.0,51950.0,EI,1957-03,19570331,Economic Indicators issue month (last day); press release was earlier in that month,1,True,,,thousands,,,1,3,57950;61950,txt=51950|t300d=61950|t400=57950,,,,,,,,,FAR_FROM_ISSUE_COLUMN_MEDIAN,4.0,confirmed_by_adjacent_issue,far_from_issue_column_median,15,0
PAYEMS,SA,1956-11,51950.0,51950.0,EI,1957-04,19570430,Economic Indicators issue month (last day); press release was earlier in that month,1,True,,,thousands,,,1,3,61950;651950,txt=51950|t300d=651950|t400=61950,,,,,,,,,FAR_FROM_ISSUE_COLUMN_MEDIAN,4.0,confirmed_by_adjacent_issue,far_from_issue_column_median,15,0
PAYEMS,SA,1956-11,51950.0,51950.0,EI,1957-05,19570531,Economic Indicators issue month (last day); press release was earlier in that month,1,True,,,thousands,,,2,3,51950,txt=51950|t300d=61950|t400=61950,,sa_vs_nsa_total_reading_choice,neighbourhood_vote:51950.0->61950.0,,FAR_FROM_XISSUE_MEDIAN,spike_fixed:61950.0->51950.0,,,,4.0,confirmed_by_adjacent_issue,far_from_median_of_all_prints,15,0
PAYEMS,SA,1956-11,52441.0,52441.0,EI,1957-11,19571130,Economic Indicators issue month (last day); press release was earlier in that month,1,True,,,thousands,,,3,3,,txt=52441|t300d=52441|t400=52441,FAIL,,,,,,,NSA_SA_MISMATCH,,15.0,confirmed_by_adjacent_issue,identity_fail;nsa_sa_totals_inconsistent,15,0
PAYEMS,SA,1956-12,51988.0,51988.0,EI,1957-01,19570131,Economic Indicators issue month (last day); press release was earlier in that month,1,True,,,thousands,,,1,3,61988;657988,txt=51988|t300d=61988|t400=657988,,,,,,,,,,1.0,differs_from_adjacent (revision or OCR),ocr_readings_disagree_unconfirmed,15,0
PAYEMS,SA,1956-12,52072.0,52072.0,EI,1957-03,19570331,Economic Indicators issue month (last day); press release was earlier in that month,1,True,,,thousands,,,2,3,652072,txt=52072|t300d=652072|t400=52072,,,,,,,,,FAR_FROM_ISSUE_COLUMN_MEDIAN,4.0,confirmed_by_adjacent_issue,far_from_issue_column_median,15,0
PAYEMS,SA,1956-12,52072.0,52072.0,EI,1957-04,19570430,Economic Indicators issue month (last day); press release was earlier in that month,1,True,,,thousands,,,1,2,828072,txt=|t300d=52072|t400=828072,,,,,,,,,FAR_FROM_ISSUE_COLUMN_MEDIAN,4.0,confirmed_by_adjacent_issue,far_from_issue_column_median,15,0
PAYEMS,SA,1957-01,52112.0,52112.0,EI,1957-02,19570228,Economic Indicators issue month (last day); press release was earlier in that month,1,True,,,thousands,,,1,3,62112;69112,txt=52112|t300d=69112|t400=62112,,,,,,,,,,1.0,differs_from_adjacent (revision or OCR),ocr_readings_disagree_unconfirmed,15,0
PAYEMS,SA,1957-01,52063.0,52063.0,EI,1957-03,19570331,Economic Indicators issue month (last day); press release was earlier in that month,1,True,,,thousands,,,2,3,462063,txt=52063|t300d=462063|t400=52063,,,,,,,,,FAR_FROM_ISSUE_COLUMN_MEDIAN,2.0,differs_from_adjacent (revision or OCR),far_from_issue_column_median,15,0
PAYEMS,SA,1957-01,52046.0,52046.0,EI,1957-04,19570430,Economic Indicators issue month (last day); press release was earlier in that month,1,True,,,thousands,,,2,2,,txt=|t300d=52046|t400=52046,,,,,,,,,FAR_FROM_ISSUE_COLUMN_MEDIAN,3.0,confirmed_by_adjacent_issue,far_from_issue_column_median,15,0
PAYEMS,SA,1957-02,52151.0,52151.0,EI,1957-03,19570331,Economic Indicators issue month (last day); press release was earlier in that month,1,True,,,thousands,,,2,3,62161,txt=52151|t300d=62161|t400=52151,,,,,,,,,FAR_FROM_ISSUE_COLUMN_MEDIAN,2.0,differs_from_adjacent (revision or OCR),far_from_issue_column_median,15,0
PAYEMS,SA,1957-02,52105.0,52105.0,EI,1957-04,19570430,Economic Indicators issue month (last day); press release was earlier in that month,1,True,,,thousands,,,2,3,52105,txt=52105|t300d=62105|t400=62105,,sa_vs_nsa_total_reading_choice,neighbourhood_vote:52105.0->62105.0,,FAR_FROM_XISSUE_MEDIAN,spike_fixed:62105.0->52105.0,,,FAR_FROM_ISSUE_COLUMN_MEDIAN,2.0,differs_from_adjacent (revision or OCR),far_from_issue_column_median;far_from_median_of_all_prints,15,0
PAYEMS,SA,1957-02,52577.0,52577.0,EI,1957-09,19570930,Economic Indicators issue month (last day); press release was earlier in that month,1,True,,,thousands,,,3,3,,txt=52577|t300d=52577|t400=52577,FAIL,,,,,,,,,15.0,confirmed_by_adjacent_issue,identity_fail,15,0
PAYEMS,SA,1957-03,52008.0,52008.0,EI,1957-04,19570430,Economic Indicators issue month (last day); press release was earlier in that month,1,True,,,thousands,,,2,3,58008,txt=58008|t300d=52008|t400=52008,,,,,,,,,FAR_FROM_ISSUE_COLUMN_MEDIAN,2.0,differs_from_adjacent (revision or OCR),far_from_issue_column_median,15,0
PAYEMS,SA,1957-04,51992.0,51992.0,EI,1957-05,19570531,Economic Indicators issue month (last day); press release was earlier in that month,1,True,,,thousands,,,2,3,51992,txt=51992|t300d=61992|t400=61992,,sa_vs_nsa_total_reading_choice,neighbourhood_vote:51992.0->61992.0,,FAR_FROM_XISSUE_MEDIAN,spike_fixed:61992.0->51992.0,,,,2.0,differs_from_adjacent (revision or OCR),far_from_median_of_all_prints,15,0
PAYEMS,SA,1957-04,52567.0,52567.0,EI,1957-06,19570630,Economic Indicators issue month (last day); press release was earlier in that month,1,True,,,thousands,,,1,2,58867,txt=52567|t300d=|t400=58867,,,,,,,,,,1.0,differs_from_adjacent (revision or OCR),ocr_readings_disagree_unconfirmed,15,0
PAYEMS,SA,1957-05,52569.0,52569.0,EI,1957-06,19570630,Economic Indicators issue month (last day); press release was earlier in that month,1,True,,,thousands,,,1,3,82569;82869,txt=52569|t300d=82869|t400=82569,,,,,,,,,,1.0,differs_from_adjacent (revision or OCR),ocr_readings_disagree_unconfirmed,15,0
PAYEMS,SA,1957-05,52698.0,52698.0,EI,1958-03,19580331,Economic Indicators issue month (last day); press release was earlier in that month,1,True,,,thousands,,,3,3,,txt=52698|t300d=52698|t400=52698,FAIL,,,,,,,,,15.0,confirmed_by_adjacent_issue,identity_fail,15,0
PAYEMS,SA,1957-07,52815.0,52815.0,EI,1958-03,19580331,Economic Indicators issue month (last day); press release was earlier in that month,1,True,,,thousands,,,3,3,,txt=52815|t300d=52815|t400=52815,FAIL,,,,,,,,,13.0,confirmed_by_adjacent_issue,identity_fail,15,0
PAYEMS,SA,1957-07,52815.0,52815.0,EI,1958-04,19580430,Economic Indicators issue month (last day); press release was earlier in that month,1,True,,,thousands,,,3,3,,txt=52815|t300d=52815|t400=52815,FAIL,,,,,,,,,13.0,confirmed_by_adjacent_issue,identity_fail,15,0
PAYEMS,SA,1957-08,52844.0,52844.0,EI,1958-01,19580131,Economic Indicators issue month (last day); press release was earlier in that month,1,True,,,thousands,,,3,3,,txt=52844|t300d=52844|t400=52844,FAIL,,,,,,,,,14.0,confirmed_by_adjacent_issue,identity_fail,15,0
PAYEMS,SA,1957-08,52844.0,52844.0,EI,1958-03,19580331,Economic Indicators issue month (last day); press release was earlier in that month,1,True,,,thousands,,,3,3,,txt=52844|t300d=52844|t400=52844,FAIL,,,,,,,,,14.0,confirmed_by_adjacent_issue,identity_fail,15,0
PAYEMS,SA,1957-09,52662.0,52662.0,EI,1958-03,19580331,Economic Indicators issue month (last day); press release was earlier in that month,1,True,,,thousands,,,3,3,,txt=52662|t300d=52662|t400=52662,FAIL,,,,,,,,,15.0,confirmed_by_adjacent_issue,identity_fail,15,0
PAYEMS,SA,1958-05,60147.0,60147.0,EI,1959-07,19590731,Economic Indicators issue month (last day); press release was earlier in that month,1,True,,,thousands,,,2,2,,txt=60147|t300d=|t400=60147,,,,,FAR_FROM_XISSUE_MEDIAN,SPIKE,XISSUE_LEVEL_JUMP,NSA_SA_MISMATCH,FAR_FROM_ISSUE_COLUMN_MEDIAN,2.0,differs_from_adjacent (revision or OCR),far_from_issue_column_median;nsa_sa_totals_inconsistent;far_from_median_of_all_prints;level_jump_vs_adjacent_issues;isolated_spike_vs_adjacent_months,15,0
PAYEMS,SA,1958-12,50844.0,50844.0,EI,1960-02,19600229,Economic Indicators issue month (last day); press release was earlier in that month,1,True,,,thousands,,,3,3,,txt=50844|t300d=50844|t400=50844,,,,,,,,NSA_SA_MISMATCH,,7.0,confirmed_by_adjacent_issue,nsa_sa_totals_inconsistent,15,0
PAYEMS,SA,1959-04,51887.0,51887.0,EI,1960-02,19600229,Economic Indicators issue month (last day); press release was earlier in that month,1,True,,,thousands,,,3,3,,txt=51887|t300d=51887|t400=51887,,,,,,,,NSA_SA_MISMATCH,,11.0,confirmed_by_adjacent_issue,nsa_sa_totals_inconsistent,15,0
PAYEMS,SA,1959-04,51887.0,51887.0,EI,1960-03,19600331,Economic Indicators issue month (last day); press release was earlier in that month,1,True,,,thousands,,,3,3,,txt=51887|t300d=51887|t400=51887,,,,,,,,NSA_SA_MISMATCH,,9.0,confirmed_by_adjacent_issue,nsa_sa_totals_inconsistent,15,0
PAYEMS,SA,1959-05,52125.0,52125.0,EI,1960-02,19600229,Economic Indicators issue month (last day); press release was earlier in that month,1,True,,,thousands,,,3,3,,txt=52125|t300d=52125|t400=52125,,,,,,,,NSA_SA_MISMATCH,,12.0,confirmed_by_adjacent_issue,nsa_sa_totals_inconsistent,15,0
PAYEMS,SA,1959-05,52125.0,52125.0,EI,1960-03,19600331,Economic Indicators issue month (last day); press release was earlier in that month,1,True,,,thousands,,,3,3,,txt=52125|t300d=52125|t400=52125,,,,,,,,NSA_SA_MISMATCH,,9.0,confirmed_by_adjacent_issue,nsa_sa_totals_inconsistent,15,0
PAYEMS,SA,1959-11,52479.0,52479.0,EI,1960-09,19600930,Economic Indicators issue month (last day); press release was earlier in that month,1,True,,,thousands,,,3,3,,txt=52479|t300d=52479|t400=52479,,,,,,,,NSA_SA_MISMATCH,,13.0,confirmed_by_adjacent_issue,nsa_sa_totals_inconsistent,16,0
PAYEMS,SA,1959-11,52479.0,52479.0,EI,1960-10,19601031,Economic Indicators issue month (last day); press release was earlier in that month,1,True,,,thousands,,,2,3,62479,txt=62479|t300d=52479|t400=52479,,,,,,,,NSA_SA_MISMATCH,,12.0,confirmed_by_adjacent_issue,nsa_sa_totals_inconsistent,15,0
PAYEMS,SA,1959-11,52479.0,52479.0,EI,1960-11,19601130,Economic Indicators issue month (last day); press release was earlier in that month,1,True,,,thousands,,,2,3,2479,txt=52479|t300d=2479|t400=52479,,,,,,,,NSA_SA_MISMATCH,,12.0,confirmed_by_adjacent_issue,nsa_sa_totals_inconsistent,15,0
PAYEMS,SA,1959-12,52902.0,52902.0,EI,1960-09,19600930,Economic Indicators issue month (last day); press release was earlier in that month,1,True,,,thousands,,,3,3,,txt=52902|t300d=52902|t400=52902,,,,,,,,NSA_SA_MISMATCH,,10.0,confirmed_by_adjacent_issue,nsa_sa_totals_inconsistent,16,0
PAYEMS,SA,1960-01,53108.0,53108.0,EI,1960-09,19600930,Economic Indicators issue month (last day); press release was earlier in that month,1,True,,,thousands,,,2,2,,txt=53108|t300d=53108|t400=,,,,,,,,NSA_SA_MISMATCH,,11.0,confirmed_by_adjacent_issue,nsa_sa_totals_inconsistent,16,0
PAYEMS,SA,1960-01,53108.0,53108.0,EI,1960-10,19601031,Economic Indicators issue month (last day); press release was earlier in that month,1,True,,,thousands,,,1,1,,txt=53108|t300d=|t400=,,,,,,,,NSA_SA_MISMATCH,,10.0,confirmed_by_adjacent_issue,nsa_sa_totals_inconsistent,15,0
PAYEMS,SA,1960-01,53108.0,53108.0,EI,1960-11,19601130,Economic Indicators issue month (last day); press release was earlier in that month,1,True,,,thousands,,,2,2,,txt=53108|t300d=53108|t400=,,,,,,,,NSA_SA_MISMATCH,,10.0,confirmed_by_adjacent_issue,nsa_sa_totals_inconsistent,15,0
PAYEMS,SA,1960-01,53108.0,53108.0,EI,1960-12,19601231,Economic Indicators issue month (last day); press release was earlier in that month,1,True,,,thousands,,,2,2,,txt=53108|t300d=|t400=53108,,,,,,,,NSA_SA_MISMATCH,,11.0,confirmed_by_adjacent_issue,nsa_sa_totals_inconsistent,15,0
PAYEMS,SA,1960-01,53108.0,53108.0,EI,1961-01,19610131,Economic Indicators issue month (last day); press release was earlier in that month,1,True,,,thousands,,,3,3,,txt=53108|t300d=53108|t400=53108,,,,,,,,NSA_SA_MISMATCH,,13.0,confirmed_by_adjacent_issue,nsa_sa_totals_inconsistent,15,0
PAYEMS,SA,1960-01,53108.0,53108.0,EI,1961-02,19610228,Economic Indicators issue month (last day); press release was earlier in that month,1,True,,,thousands,,,3,3,,txt=53108|t300d=53108|t400=53108,,,,,,,,NSA_SA_MISMATCH,,11.0,confirmed_by_adjacent_issue,nsa_sa_totals_inconsistent,15,0
PAYEMS,SA,1960-01,53108.0,53108.0,EI,1961-03,19610331,Economic Indicators issue month (last day); press release was earlier in that month,1,True,,,thousands,,,3,3,,txt=53108|t300d=53108|t400=53108,,,,,,,,NSA_SA_MISMATCH,,9.0,confirmed_by_adjacent_issue,nsa_sa_totals_inconsistent,15,0
PAYEMS,SA,1960-03,53052.0,53052.0,EI,1960-09,19600930,Economic Indicators issue month (last day); press release was earlier in that month,1,True,,,thousands,,,1,3,53905;58052,txt=53052|t300d=58052|t400=53905,,,,,,,,NSA_SA_MISMATCH,,9.0,confirmed_by_adjacent_issue,nsa_sa_totals_inconsistent,16,0
PAYEMS,SA,1960-03,53052.0,53052.0,EI,1960-10,19601031,Economic Indicators issue month (last day); press release was earlier in that month,1,True,,,thousands,,,3,3,,txt=53052|t300d=53052|t400=53052,,,,,,,,NSA_SA_MISMATCH,,8.0,confirmed_by_adjacent_issue,nsa_sa_totals_inconsistent,15,0
PAYEMS,SA,1960-03,63052.0,63052.0,EI,1960-11,19601130,Economic Indicators issue month (last day); press release was earlier in that month,1,True,,,thousands,,,1,1,,txt=63052|t300d=|t400=,,,,,FAR_FROM_XISSUE_MEDIAN,SPIKE,XISSUE_LEVEL_JUMP,,FAR_FROM_ISSUE_COLUMN_MEDIAN,1.0,OUTLIER_vs_adjacent_issues,xissue_outlier;ocr_readings_disagree_unconfirmed;far_from_issue_column_median;far_from_median_of_all_prints;level_jump_vs_adjacent_issues;isolated_spike_vs_adjacent_months,15,0
PAYEMS,SA,1960-03,53052.0,53052.0,EI,1960-12,19601231,Economic Indicators issue month (last day); press release was earlier in that month,1,True,,,thousands,,,2,2,,txt=53052|t300d=|t400=53052,,,,,,,,NSA_SA_MISMATCH,,9.0,confirmed_by_adjacent_issue,nsa_sa_totals_inconsistent,15,0
PAYEMS,SA,1960-04,53362.0,53362.0,EI,1960-09,19600930,Economic Indicators issue month (last day); press release was earlier in that month,1,True,,,thousands,,,2,3,53862,txt=53362|t300d=53862|t400=53362,,,,,,,,NSA_SA_MISMATCH,,12.0,confirmed_by_adjacent_issue,nsa_sa_totals_inconsistent,16,0
PAYEMS,SA,1960-04,53362.0,53362.0,EI,1960-10,19601031,Economic Indicators issue month (last day); press release was earlier in that month,1,True,,,thousands,,,3,3,,txt=53362|t300d=53362|t400=53362,,,,,,,,NSA_SA_MISMATCH,,10.0,confirmed_by_adjacent_issue,nsa_sa_totals_inconsistent,15,0
PAYEMS,SA,1960-04,53362.0,53362.0,EI,1961-05,19610531,Economic Indicators issue month (last day); press release was earlier in that month,1,True,,,thousands,,,2,3,58362,txt=53362|t300d=53362|t400=58362,,,,,,,,NSA_SA_MISMATCH,,10.0,confirmed_by_adjacent_issue,nsa_sa_totals_inconsistent,15,0
PAYEMS,SA,1960-05,53344.0,63344.0,EI,1960-09,19600930,Economic Indicators issue month (last day); press release was earlier in that month,1,True,,,thousands,,,2,3,63344,txt=53344|t300d=63344|t400=53344,,sa_vs_nsa_total_reading_choice,neighbourhood_vote:63344.0->53344.0,,,,,NSA_SA_MISMATCH,,9.0,confirmed_by_adjacent_issue,nsa_sa_totals_inconsistent,16,0
PAYEMS,SA,1960-05,53344.0,53344.0,EI,1960-10,19601031,Economic Indicators issue month (last day); press release was earlier in that month,1,True,,,thousands,,,3,3,,txt=53344|t300d=53344|t400=53344,,,,,,,,NSA_SA_MISMATCH,,12.0,confirmed_by_adjacent_issue,nsa_sa_totals_inconsistent,15,0
PAYEMS,SA,1960-05,53344.0,53344.0,EI,1960-11,19601130,Economic Indicators issue month (last day); press release was earlier in that month,1,True,,,thousands,,,1,2,83344,txt=53344|t300d=|t400=83344,,,,,,,,NSA_SA_MISMATCH,,10.0,confirmed_by_adjacent_issue,nsa_sa_totals_inconsistent,15,0
PAYEMS,SA,1960-05,53344.0,53344.0,EI,1960-12,19601231,Economic Indicators issue month (last day); press release was earlier in that month,1,True,,,thousands,,,3,3,,txt=53344|t300d=53344|t400=53344,,t400:trail_digit_dropped,,,,,,NSA_SA_MISMATCH,,11.0,confirmed_by_adjacent_issue,nsa_sa_totals_inconsistent,15,0
PAYEMS,SA,1960-05,53344.0,53344.0,EI,1961-05,19610531,Economic Indicators issue month (last day); press release was earlier in that month,1,True,,,thousands,,,3,3,,txt=53344|t300d=53344|t400=53344,,,,,,,,NSA_SA_MISMATCH,,14.0,confirmed_by_adjacent_issue,nsa_sa_totals_inconsistent,15,0
PAYEMS,SA,1960-06,53388.0,58388.0,EI,1960-09,19600930,Economic Indicators issue month (last day); press release was earlier in that month,1,True,,,thousands,,,2,3,53388,txt=53388|t300d=58388|t400=58388,,,,,,spike_fixed:58388.0->53388.0,,NSA_SA_MISMATCH,,2.0,differs_from_adjacent (revision or OCR),nsa_sa_totals_inconsistent,16,0
PAYEMS,SA,1960-06,58888.0,58888.0,EI,1960-10,19601031,Economic Indicators issue month (last day); press release was earlier in that month,1,True,,,thousands,,,2,2,,txt=|t300d=58888|t400=58888,,,,,FAR_FROM_XISSUE_MEDIAN,SPIKE,XISSUE_LEVEL_JUMP,NSA_SA_MISMATCH,FAR_FROM_ISSUE_COLUMN_MEDIAN,2.0,OUTLIER_vs_adjacent_issues,xissue_outlier;far_from_issue_column_median;nsa_sa_totals_inconsistent;far_from_median_of_all_prints;level_jump_vs_adjacent_issues;isolated_spike_vs_adjacent_months,15,0
PAYEMS,SA,1960-06,53388.0,53388.0,EI,1960-11,19601130,Economic Indicators issue month (last day); press release was earlier in that month,1,True,,,thousands,,,1,1,,txt=53388|t300d=|t400=,,,,,,,,NSA_SA_MISMATCH,,7.0,confirmed_by_adjacent_issue,nsa_sa_totals_inconsistent,15,0
PAYEMS,SA,1960-06,53388.0,53388.0,EI,1960-12,19601231,Economic Indicators issue month (last day); press release was earlier in that month,1,True,,,thousands,,,2,3,58388,txt=53388|t300d=53388|t400=58388,,,,,,,,NSA_SA_MISMATCH,,9.0,confirmed_by_adjacent_issue,nsa_sa_totals_inconsistent,15,0
PAYEMS,SA,1960-06,53388.0,53388.0,EI,1961-02,19610228,Economic Indicators issue month (last day); press release was earlier in that month,1,True,,,thousands,,,3,3,,txt=53388|t300d=53388|t400=53388,,,,,,,,NSA_SA_MISMATCH,,14.0,confirmed_by_adjacent_issue,nsa_sa_totals_inconsistent,15,0
PAYEMS,SA,1960-06,53388.0,53388.0,EI,1961-03,19610331,Economic Indicators issue month (last day); press release was earlier in that month,1,True,,,thousands,,,3,3,,txt=53388|t300d=53388|t400=53388,,,,,,,,NSA_SA_MISMATCH,,15.0,confirmed_by_adjacent_issue,nsa_sa_totals_inconsistent,15,0
PAYEMS,SA,1960-06,53388.0,53388.0,EI,1961-06,19610630,Economic Indicators issue month (last day); press release was earlier in that month,1,True,,,thousands,,,1,3,58388;538388,txt=53388|t300d=538388|t400=58388,,,,,,,,NSA_SA_MISMATCH,,13.0,confirmed_by_adjacent_issue,nsa_sa_totals_inconsistent,15,0
PAYEMS,SA,1960-06,53388.0,53388.0,EI,1961-08,19610831,Economic Indicators issue month (last day); press release was earlier in that month,1,True,,,thousands,,,3,3,,txt=53388|t300d=53388|t400=53388,,,,,,,,NSA_SA_MISMATCH,,7.0,confirmed_by_adjacent_issue,nsa_sa_totals_inconsistent,15,0
PAYEMS,SA,1960-07,53420.0,53420.0,EI,1960-09,19600930,Economic Indicators issue month (last day); press release was earlier in that month,1,True,,,thousands,,,2,3,58420,txt=53420|t300d=53420|t400=58420,,,,,,,,NSA_SA_MISMATCH,,2.0,differs_from_adjacent (revision or OCR),nsa_sa_totals_inconsistent,16,0
PAYEMS,SA,1960-07,53407.0,53407.0,EI,1960-10,19601031,Economic Indicators issue month (last day); press release was earlier in that month,1,True,,,thousands,,,1,1,,txt=53407|t300d=|t400=,,,,,,SPIKE,,NSA_SA_MISMATCH,,5.0,confirmed_by_adjacent_issue,nsa_sa_totals_inconsistent;isolated_spike_vs_adjacent_months,15,0
PAYEMS,SA,1960-07,53407.0,53407.0,EI,1960-11,19601130,Economic Indicators issue month (last day); press release was earlier in that month,1,True,,,thousands,,,2,2,,txt=53407|t300d=|t400=53407,,,,,,,,NSA_SA_MISMATCH,,7.0,confirmed_by_adjacent_issue,nsa_sa_totals_inconsistent,15,0
PAYEMS,SA,1960-07,53407.0,53407.0,EI,1960-12,19601231,Economic Indicators issue month (last day); press release was earlier in that month,1,True,,,thousands,,,2,2,,txt=|t300d=53407|t400=53407,,,,,,,,NSA_SA_MISMATCH,,10.0,confirmed_by_adjacent_issue,nsa_sa_totals_inconsistent,15,0
PAYEMS,SA,1960-07,53407.0,53407.0,EI,1961-05,19610531,Economic Indicators issue month (last day); press release was earlier in that month,1,True,,,thousands,,,2,3,58407,txt=53407|t300d=53407|t400=58407,,,,,,,,NSA_SA_MISMATCH,,12.0,confirmed_by_adjacent_issue,nsa_sa_totals_inconsistent,15,0
PAYEMS,SA,1960-08,53334.0,53334.0,EI,1960-09,19600930,Economic Indicators issue month (last day); press release was earlier in that month,1,True,,,thousands,,,2,3,53384,txt=53334|t300d=53384|t400=53334,,,,,,,,NSA_SA_MISMATCH,,2.0,differs_from_adjacent (revision or OCR),nsa_sa_totals_inconsistent,16,0
PAYEMS,SA,1960-08,53294.0,58294.0,EI,1960-10,19601031,Economic Indicators issue month (last day); press release was earlier in that month,1,True,,,thousands,,,2,3,53294,txt=53294|t300d=58294|t400=58294,,,,,,spike_fixed:58294.0->53294.0,,NSA_SA_MISMATCH,,2.0,differs_from_adjacent (revision or OCR),nsa_sa_totals_inconsistent,15,0
PAYEMS,SA,1960-08,53304.0,53304.0,EI,1960-12,19601231,Economic Indicators issue month (last day); press release was earlier in that month,1,True,,,thousands,,,1,2,38242,txt=53304|t300d=38242|t400=,,,,,,,,NSA_SA_MISMATCH,,5.0,confirmed_by_adjacent_issue,nsa_sa_totals_inconsistent,15,0
PAYEMS,SA,1960-08,53304.0,53304.0,EI,1961-05,19610531,Economic Indicators issue month (last day); press release was earlier in that month,1,True,,,thousands,,,3,3,,txt=53304|t300d=53304|t400=53304,,,,,,,,NSA_SA_MISMATCH,,15.0,confirmed_by_adjacent_issue,nsa_sa_totals_inconsistent,15,0
PAYEMS,SA,1960-10,53093.0,63093.0,EI,1960-11,19601130,Economic Indicators issue month (last day); press release was earlier in that month,1,True,,,thousands,,,1,2,63093,txt=53093|t300d=|t400=63093,,sa_vs_nsa_total_reading_choice,,,xissue_median_fix:63093.0->53093.0,,,NSA_SA_MISMATCH,,1.0,differs_from_adjacent (revision or OCR),ocr_readings_disagree_unconfirmed;nsa_sa_totals_inconsistent,15,0
PAYEMS,SA,1960-10,53044.0,53044.0,EI,1960-12,19601231,Economic Indicators issue month (last day); press release was earlier in that month,1,True,,,thousands,,,1,1,,txt=53044|t300d=|t400=,,,,,,,,,,1.0,differs_from_adjacent (revision or OCR),ocr_readings_disagree_unconfirmed,15,0
PAYEMS,SA,1960-10,53047.0,53047.0,EI,1961-08,19610831,Economic Indicators issue month (last day); press release was earlier in that month,1,True,,,thousands,,,3,3,,txt=53047|t300d=53047|t400=53047,,,,,,,,NSA_SA_MISMATCH,,15.0,confirmed_by_adjacent_issue,nsa_sa_totals_inconsistent,15,0
PAYEMS,SA,1960-11,52938.0,52938.0,EI,1960-12,19601231,Economic Indicators issue month (last day); press release was earlier in that month,1,True,,,thousands,,,2,2,,txt=52938|t300d=|t400=52938,,,,,,,,NSA_SA_MISMATCH,,2.0,differs_from_adjacent (revision or OCR),nsa_sa_totals_inconsistent,15,0
PAYEMS,SA,1960-11,52825.0,52825.0,EI,1961-02,19610228,Economic Indicators issue month (last day); press release was earlier in that month,1,True,,,thousands,,,3,3,,txt=52825|t300d=52825|t400=52825,,,,,,,,NSA_SA_MISMATCH,,9.0,confirmed_by_adjacent_issue,nsa_sa_totals_inconsistent,15,0
PAYEMS,SA,1960-11,52825.0,52825.0,EI,1961-05,19610531,Economic Indicators issue month (last day); press release was earlier in that month,1,True,,,thousands,,,3,3,,txt=52825|t300d=52825|t400=52825,,,,,,,,NSA_SA_MISMATCH,,14.0,confirmed_by_adjacent_issue,nsa_sa_totals_inconsistent,15,0
PAYEMS,SA,1960-12,52456.0,52456.0,EI,1961-01,19610131,Economic Indicators issue month (last day); press release was earlier in that month,1,True,,,thousands,,,1,1,1456,txt=|t300d=|t400=52456,,,,,,,,,,1.0,differs_from_adjacent (revision or OCR),ocr_readings_disagree_unconfirmed,15,0
PAYEMS,SA,1960-12,58707.0,58707.0,EI,1962-02,19620228,Economic Indicators issue month (last day); press release was earlier in that month,1,True,,,thousands,,,2,3,3707,txt=58707|t300d=3707|t400=58707,FAIL,,,,FAR_FROM_XISSUE_MEDIAN,SPIKE,XISSUE_LEVEL_JUMP,NSA_SA_MISMATCH,FAR_FROM_ISSUE_COLUMN_MEDIAN,2.0,differs_from_adjacent (revision or OCR),identity_fail;far_from_issue_column_median;nsa_sa_totals_inconsistent;far_from_median_of_all_prints;level_jump_vs_adjacent_issues;isolated_spike_vs_adjacent_months,15,0
PAYEMS,SA,1961-01,52460.0,52460.0,EI,1961-05,19610531,Economic Indicators issue month (last day); press release was earlier in that month,1,True,,,thousands,,,3,3,,txt=52460|t300d=52460|t400=52460,,,,,,,,NSA_SA_MISMATCH,,11.0,confirmed_by_adjacent_issue,nsa_sa_totals_inconsistent,15,0
PAYEMS,SA,1961-01,53581.0,53581.0,EI,1962-02,19620228,Economic Indicators issue month (last day); press release was earlier in that month,1,True,,,thousands,,,2,2,,txt=53581|t300d=|t400=53581,FAIL,,,,,,,,,10.0,confirmed_by_adjacent_issue,identity_fail,15,0
PAYEMS,SA,1961-01,53581.0,53581.0,EI,1962-03,19620331,Economic Indicators issue month (last day); press release was earlier in that month,1,True,,,thousands,,,3,3,,txt=53581|t300d=53581|t400=53581,FAIL,,,,,,,,,7.0,confirmed_by_adjacent_issue,identity_fail,15,0
PAYEMS,SA,1961-02,52213.0,52213.0,EI,1961-05,19610531,Economic Indicators issue month (last day); press release was earlier in that month,1,True,,,thousands,,,3,3,,txt=52213|t300d=52213|t400=52213,,,,,,,,NSA_SA_MISMATCH,,9.0,confirmed_by_adjacent_issue,nsa_sa_totals_inconsistent,15,0
PAYEMS,SA,1961-02,53485.0,53485.0,EI,1962-02,19620228,Economic Indicators issue month (last day); press release was earlier in that month,1,True,,,thousands,,,2,2,,txt=53485|t300d=|t400=53485,FAIL,,,,,,,,,10.0,confirmed_by_adjacent_issue,identity_fail,15,0
PAYEMS,SA,1961-02,53485.0,53485.0,EI,1962-03,19620331,Economic Indicators issue month (last day); press release was earlier in that month,1,True,,,thousands,,,3,3,,txt=53485|t300d=53485|t400=53485,FAIL,,,,,,,,,8.0,confirmed_by_adjacent_issue,identity_fail,15,0
PAYEMS,SA,1961-03,53561.0,53561.0,EI,1962-02,19620228,Economic Indicators issue month (last day); press release was earlier in that month,1,True,,,thousands,,,3,3,,txt=53561|t300d=53561|t400=53561,FAIL,,,,,,,,,11.0,confirmed_by_adjacent_issue,identity_fail,15,0
PAYEMS,SA,1961-03,53561.0,53561.0,EI,1962-03,19620331,Economic Indicators issue month (last day); press release was earlier in that month,1,True,,,thousands,,,3,3,,txt=53561|t300d=53561|t400=53561,FAIL,,,,,,,,,9.0,confirmed_by_adjacent_issue,identity_fail,15,0
PAYEMS,SA,1961-04,53663.0,53663.0,EI,1962-02,19620228,Economic Indicators issue month (last day); press release was earlier in that month,1,True,,,thousands,,,3,3,,txt=53663|t300d=53663|t400=53663,FAIL,,,,,,,,,12.0,confirmed_by_adjacent_issue,identity_fail,15,0
PAYEMS,SA,1961-04,53663.0,53663.0,EI,1962-03,19620331,Economic Indicators issue month (last day); press release was earlier in that month,1,True,,,thousands,,,3,3,,txt=53663|t300d=53663|t400=53663,FAIL,,,,,,,,,9.0,confirmed_by_adjacent_issue,identity_fail,15,0
PAYEMS,SA,1961-05,53894.0,53894.0,EI,1962-02,19620228,Economic Indicators issue month (last day); press release was earlier in that month,1,True,,,thousands,,,2,2,,txt=53894|t300d=|t400=53894,FAIL,,,,,,,NSA_SA_MISMATCH,,9.0,confirmed_by_adjacent_issue,identity_fail;nsa_sa_totals_inconsistent,15,0
PAYEMS,SA,1961-05,53894.0,53894.0,EI,1962-03,19620331,Economic Indicators issue month (last day); press release was earlier in that month,1,True,,,thousands,,,2,3,58894,txt=53894|t300d=58894|t400=53894,FAIL,,,,,,,NSA_SA_MISMATCH,,7.0,confirmed_by_adjacent_issue,identity_fail;nsa_sa_totals_inconsistent,15,0
PAYEMS,SA,1961-06,54182.0,54182.0,EI,1962-02,19620228,Economic Indicators issue month (last day); press release was earlier in that month,1,True,,,thousands,,,2,3,53804,txt=54182|t300d=53804|t400=54182,FAIL,,,,,,,,,11.0,confirmed_by_adjacent_issue,identity_fail,15,0
PAYEMS,SA,1961-06,54182.0,54182.0,EI,1962-03,19620331,Economic Indicators issue month (last day); press release was earlier in that month,1,True,,,thousands,,,3,3,,txt=54182|t300d=54182|t400=54182,FAIL,,,,,,,,,8.0,confirmed_by_adjacent_issue,identity_fail,15,0
PAYEMS,SA,1961-07,54335.0,54335.0,EI,1962-02,19620228,Economic Indicators issue month (last day); press release was earlier in that month,1,True,,,thousands,,,2,2,,txt=54335|t300d=|t400=54335,FAIL,,,,,,,,,11.0,confirmed_by_adjacent_issue,identity_fail,15,0
PAYEMS,SA,1961-07,54335.0,54335.0,EI,1962-03,19620331,Economic Indicators issue month (last day); press release was earlier in that month,1,True,,,thousands,,,3,3,,txt=54335|t300d=54335|t400=54335,FAIL,,,,,,,,,8.0,confirmed_by_adjacent_issue,identity_fail,15,0
PAYEMS,SA,1961-08,54333.0,54333.0,EI,1962-02,19620228,Economic Indicators issue month (last day); press release was earlier in that month,1,True,,,thousands,,,3,3,,txt=54333|t300d=54333|t400=54333,FAIL,,,,,,,,,12.0,confirmed_by_adjacent_issue,identity_fail,15,0
PAYEMS,SA,1961-08,54333.0,54333.0,EI,1962-03,19620331,Economic Indicators issue month (last day); press release was earlier in that month,1,True,,,thousands,,,3,3,,txt=54333|t300d=54333|t400=54333,FAIL,,,,,,,,,9.0,confirmed_by_adjacent_issue,identity_fail,15,0
PAYEMS,SA,1961-09,54304.0,54394.0,EI,1962-02,19620228,Economic Indicators issue month (last day); press release was earlier in that month,1,True,,,thousands,,,1,3,54204;54304,txt=54394|t300d=54204|t400=54304,FAIL,,neighbourhood_vote:54394.0->54304.0,,,,,,,8.0,confirmed_by_adjacent_issue,identity_fail,15,0
PAYEMS,SA,1961-09,54304.0,54394.0,EI,1962-03,19620331,Economic Indicators issue month (last day); press release was earlier in that month,1,True,,,thousands,,,2,3,54304,txt=54304|t300d=54394|t400=54394,FAIL,,neighbourhood_vote:54394.0->54304.0,,,,,,,5.0,confirmed_by_adjacent_issue,identity_fail,15,0
PAYEMS,SA,1961-10,54385.0,54385.0,EI,1962-02,19620228,Economic Indicators issue month (last day); press release was earlier in that month,1,True,,,thousands,,,2,3,54304,txt=54385|t300d=54304|t400=54385,FAIL,,,,,,,,,8.0,confirmed_by_adjacent_issue,identity_fail,15,0
PAYEMS,SA,1961-10,54385.0,54385.0,EI,1962-03,19620331,Economic Indicators issue month (last day); press release was earlier in that month,1,True,,,thousands,,,3,3,,txt=54385|t300d=54385|t400=54385,FAIL,,,,,,,,,8.0,confirmed_by_adjacent_issue,identity_fail,15,0
PAYEMS,SA,1961-11,54525.0,54525.0,EI,1962-02,19620228,Economic Indicators issue month (last day); press release was earlier in that month,1,True,,,thousands,,,2,3,54385,txt=54525|t300d=54385|t400=54525,FAIL,,,,,,,,,5.0,confirmed_by_adjacent_issue,identity_fail,15,0
PAYEMS,SA,1961-11,54525.0,54525.0,EI,1962-03,19620331,Economic Indicators issue month (last day); press release was earlier in that month,1,True,,,thousands,,,3,3,,txt=54525|t300d=54525|t400=54525,FAIL,,,,,,,,,5.0,confirmed_by_adjacent_issue,identity_fail,15,0
PAYEMS,SA,1961-12,54492.0,54492.0,EI,1962-03,19620331,Economic Indicators issue month (last day); press release was earlier in that month,1,True,,,thousands,,,3,3,,txt=54492|t300d=54492|t400=54492,FAIL,,,,,,,,,3.0,differs_from_adjacent (revision or OCR),identity_fail,15,0
PAYEMS,SA,1962-01,54434.0,54434.0,EI,1962-02,19620228,Economic Indicators issue month (last day); press release was earlier in that month,1,True,,,thousands,,,2,2,,txt=54434|t300d=|t400=54434,FAIL,,,,,,,,,2.0,differs_from_adjacent (revision or OCR),identity_fail,15,0
PAYEMS,SA,1962-01,54424.0,54424.0,EI,1962-03,19620331,Economic Indicators issue month (last day); press release was earlier in that month,1,True,,,thousands,,,2,3,64424,txt=54424|t300d=54424|t400=64424,FAIL,,,,,,,,,2.0,differs_from_adjacent (revision or OCR),identity_fail,15,0
PAYEMS,SA,1962-02,54693.0,54693.0,EI,1962-03,19620331,Economic Indicators issue month (last day); press release was earlier in that month,1,True,,,thousands,,,3,3,,txt=54693|t300d=54693|t400=54693,FAIL,,,,,,,NSA_SA_MISMATCH,,3.0,single_print,identity_fail;nsa_sa_totals_inconsistent,15,0
PAYEMS_XAKHI,SA,1960-12,42924.0,42924.0,EI,1961-01,19610131,Economic Indicators issue month (last day); press release was earlier in that month,1,True,,,thousands,,,1,2,42224,txt=|t300d=42924|t400=42224,,,,,FAR_FROM_XISSUE_MEDIAN,SPIKE,XISSUE_LEVEL_JUMP,,FAR_FROM_ISSUE_COLUMN_MEDIAN,1.0,differs_from_adjacent (revision or OCR),ocr_readings_disagree_unconfirmed;far_from_issue_column_median;far_from_median_of_all_prints;level_jump_vs_adjacent_issues;isolated_spike_vs_adjacent_months,15,0
PAYNSA,NSA,1947-02,41849.0,41849.0,MLR,1948-04,19480430,Monthly Labor Review issue month (last day),1,True,MLR text layer,,thousands,,,1,1,,txt=41849,,single_reading_mlr,,,,,,,,1.0,single_print,ocr_readings_disagree_unconfirmed,,0
PAYNSA,NSA,1947-05,43344.0,48344.0,EI,1948-07,19480731,Economic Indicators issue month (last day); press release was earlier in that month,1,True,,,thousands,,,2,3,43344,txt=43344|t300d=48344|t400=48344,,,,,FAR_FROM_XISSUE_MEDIAN,spike_fixed:48344.0->43344.0,,,,2.0,differs_from_adjacent (revision or OCR),far_from_median_of_all_prints,11,0
PAYNSA,NSA,1947-12,45668.0,45668.0,EI,1948-12,19481231,Economic Indicators issue month (last day); press release was earlier in that month,1,True,,,thousands,,sum of printed industry divisions (no total printed),,,,,,,,,,,,,,,OUTLIER_vs_adjacent_issues,xissue_outlier,11,0
PAYNSA,NSA,1947-12,44081.0,44081.0,MLR,1948-04,19480430,Monthly Labor Review issue month (last day),1,True,MLR text layer,,thousands,,,1,1,,txt=44081,,single_reading_mlr,,,,,,,,1.0,differs_from_adjacent (revision or OCR),ocr_readings_disagree_unconfirmed,,0
PAYNSA,NSA,1948-01,43006.0,43006.0,MLR,1948-04,19480430,Monthly Labor Review issue month (last day),1,True,MLR text layer,,thousands,,,1,1,,txt=43006,,single_reading_mlr,,,,,,,,1.0,differs_from_adjacent (revision or OCR),ocr_readings_disagree_unconfirmed,,0
PAYNSA,NSA,1948-01,43015.0,43015.0,MLR,1948-05,19480531,Monthly Labor Review issue month (last day),1,True,MLR text layer,,thousands,,,1,1,,txt=43015,,single_reading_mlr,,,,,,,,1.0,differs_from_adjacent (revision or OCR),ocr_readings_disagree_unconfirmed,,0
PAYNSA,NSA,1948-01,43011.0,43011.0,MLR,1948-06,19480630,Monthly Labor Review issue month (last day),1,True,MLR text layer,,thousands,,,1,1,,txt=43011,,single_reading_mlr,,,,,,,,1.0,differs_from_adjacent (revision or OCR),ocr_readings_disagree_unconfirmed,,0
PAYNSA,NSA,1948-02,42680.0,42680.0,MLR,1948-06,19480630,Monthly Labor Review issue month (last day),1,True,MLR text layer,,thousands,,,1,1,,txt=42680,,single_reading_mlr,,,,,,,,1.0,differs_from_adjacent (revision or OCR),ocr_readings_disagree_unconfirmed,,0
PAYNSA,NSA,1948-04,42708.0,42708.0,MLR,1948-06,19480630,Monthly Labor Review issue month (last day),1,True,MLR text layer,,thousands,,,1,1,,txt=42708,,single_reading_mlr,,,,,,,,1.0,single_print,ocr_readings_disagree_unconfirmed,,0
PAYNSA,NSA,1948-09,45879.0,45879.0,EI,1949-06,19490630,Economic Indicators issue month (last day); press release was earlier in that month,1,True,,,thousands,,sum of printed industry divisions (no total printed),,,,,,,,,,,,,,,OUTLIER_vs_adjacent_issues,xissue_outlier,11,0
PAYNSA,NSA,1948-12,46084.0,46084.0,EI,1949-06,19490630,Economic Indicators issue month (last day); press release was earlier in that month,1,True,,,thousands,,sum of printed industry divisions (no total printed),,,,,,,,,,,,,,,OUTLIER_vs_adjacent_issues,xissue_outlier,11,0
PAYNSA,NSA,1949-01,43949.0,43949.0,EI,1949-12,19491231,Economic Indicators issue month (last day); press release was earlier in that month,1,True,,,thousands,,sum of printed industry divisions (no total printed),,,,,,,,,,,,,,,OUTLIER_vs_adjacent_issues,xissue_outlier,11,0
PAYNSA,NSA,1949-04,47966.0,47966.0,EI,1950-05,19500531,Economic Indicators issue month (last day); press release was earlier in that month,1,True,,,thousands,,sum of printed industry divisions (no total printed),,,,,,,,,FAR_FROM_XISSUE_MEDIAN,SPIKE,XISSUE_LEVEL_JUMP,,FAR_FROM_ISSUE_COLUMN_MEDIAN,,OUTLIER_vs_adjacent_issues,xissue_outlier;far_from_issue_column_median;far_from_median_of_all_prints;level_jump_vs_adjacent_issues;isolated_spike_vs_adjacent_months,12,0
PAYNSA,NSA,1949-10,42705.0,42705.0,EI,1949-12,19491231,Economic Indicators issue month (last day); press release was earlier in that month,1,True,,,thousands,,sum of printed industry divisions (no total printed),,,,,,,,,,,XISSUE_LEVEL_JUMP,,,,differs_from_adjacent (revision or OCR),level_jump_vs_adjacent_issues,11,0
PAYNSA,NSA,1949-10,47607.0,47607.0,EI,1950-01,19500131,Economic Indicators issue month (last day); press release was earlier in that month,1,True,,,thousands,,sum of printed industry divisions (no total printed),,,,,,,,,FAR_FROM_XISSUE_MEDIAN,SPIKE,XISSUE_LEVEL_JUMP,,FAR_FROM_ISSUE_COLUMN_MEDIAN,,differs_from_adjacent (revision or OCR),far_from_issue_column_median;far_from_median_of_all_prints;level_jump_vs_adjacent_issues;isolated_spike_vs_adjacent_months,11,0
PAYNSA,NSA,1949-10,47601.0,47601.0,EI,1950-05,19500531,Economic Indicators issue month (last day); press release was earlier in that month,1,True,,,thousands,,sum of printed industry divisions (no total printed),,,,,,,,,FAR_FROM_XISSUE_MEDIAN,SPIKE,,,FAR_FROM_ISSUE_COLUMN_MEDIAN,,confirmed_by_adjacent_issue,far_from_issue_column_median;far_from_median_of_all_prints;isolated_spike_vs_adjacent_months,12,0
PAYNSA,NSA,1949-10,47601.0,47601.0,EI,1950-06,19500630,Economic Indicators issue month (last day); press release was earlier in that month,1,True,,,thousands,,sum of printed industry divisions (no total printed),,,,,,,,,FAR_FROM_XISSUE_MEDIAN,,,,FAR_FROM_ISSUE_COLUMN_MEDIAN,,confirmed_by_adjacent_issue,far_from_issue_column_median;far_from_median_of_all_prints,11,0
PAYNSA,NSA,1949-11,47784.0,47784.0,EI,1950-06,19500630,Economic Indicators issue month (last day); press release was earlier in that month,1,True,,,thousands,,sum of printed industry divisions (no total printed),,,,,,,,,FAR_FROM_XISSUE_MEDIAN,,XISSUE_LEVEL_JUMP,,FAR_FROM_ISSUE_COLUMN_MEDIAN,,OUTLIER_vs_adjacent_issues,xissue_outlier;far_from_issue_column_median;far_from_median_of_all_prints;level_jump_vs_adjacent_issues,11,0
PAYNSA,NSA,1949-11,47784.0,47784.0,EI,1950-09,19500930,Economic Indicators issue month (last day); press release was earlier in that month,1,True,,,thousands,,sum of printed industry divisions (no total printed),,,,,,,,,FAR_FROM_XISSUE_MEDIAN,,XISSUE_LEVEL_JUMP,,FAR_FROM_ISSUE_COLUMN_MEDIAN,,OUTLIER_vs_adjacent_issues,xissue_outlier;far_from_issue_column_median;far_from_median_of_all_prints;level_jump_vs_adjacent_issues,11,0
PAYNSA,NSA,1949-11,47784.0,47784.0,EI,1951-01,19510131,Economic Indicators issue month (last day); press release was earlier in that month,1,True,,,thousands,,sum of printed industry divisions (no total printed),,,,,,,,,FAR_FROM_XISSUE_MEDIAN,,XISSUE_LEVEL_JUMP,,FAR_FROM_ISSUE_COLUMN_MEDIAN,,OUTLIER_vs_adjacent_issues,xissue_outlier;far_from_issue_column_median;far_from_median_of_all_prints;level_jump_vs_adjacent_issues,11,0
PAYNSA,NSA,1949-11,42784.0,42784.0,EI,1951-02,19510228,Economic Indicators issue month (last day); press release was earlier in that month,1,True,,,thousands,,sum of printed industry divisions (no total printed),,,,,,,,,,,XISSUE_LEVEL_JUMP,,,,differs_from_adjacent (revision or OCR),level_jump_vs_adjacent_issues,11,0
PAYNSA,NSA,1950-02,41693.0,41693.0,EI,1950-04,19500430,Economic Indicators issue month (last day); press release was earlier in that month,1,True,,,thousands,,sum of printed industry divisions (no total printed),,,,,,,,,,,XISSUE_LEVEL_JUMP,,,,differs_from_adjacent (revision or OCR),level_jump_vs_adjacent_issues,12,0
PAYNSA,NSA,1950-02,46687.0,46687.0,EI,1950-05,19500531,Economic Indicators issue month (last day); press release was earlier in that month,1,True,,,thousands,,sum of printed industry divisions (no total printed),,,,,,,,,FAR_FROM_XISSUE_MEDIAN,SPIKE,XISSUE_LEVEL_JUMP,,FAR_FROM_ISSUE_COLUMN_MEDIAN,,differs_from_adjacent (revision or OCR),far_from_issue_column_median;far_from_median_of_all_prints;level_jump_vs_adjacent_issues;isolated_spike_vs_adjacent_months,12,0
PAYNSA,NSA,1950-04,43226.0,43226.0,EI,1951-04,19510430,Economic Indicators issue month (last day); press release was earlier in that month,1,True,,,thousands,,sum of printed industry divisions (no total printed),,,,,,,,,,,,,,,OUTLIER_vs_adjacent_issues,xissue_outlier,11,0
PAYNSA,NSA,1950-05,48311.0,48311.0,EI,1951-01,19510131,Economic Indicators issue month (last day); press release was earlier in that month,1,True,,,thousands,,sum of printed industry divisions (no total printed),,,,,,,,,FAR_FROM_XISSUE_MEDIAN,SPIKE,XISSUE_LEVEL_JUMP,,FAR_FROM_ISSUE_COLUMN_MEDIAN,,differs_from_adjacent (revision or OCR),far_from_issue_column_median;far_from_median_of_all_prints;level_jump_vs_adjacent_issues;isolated_spike_vs_adjacent_months,11,0
PAYNSA,NSA,1951-10,46908.0,46908.0,EI,1952-10,19521031,Economic Indicators issue month (last day); press release was earlier in that month,1,True,,,thousands,,sum of printed industry divisions (no total printed),,,,,,,,,,,,,,,OUTLIER_vs_adjacent_issues,xissue_outlier,11,0
PAYNSA,NSA,1952-05,46334.0,46334.0,EI,1953-01,19530131,Economic Indicators issue month (last day); press release was earlier in that month,1,True,,,thousands,,sum of printed industry divisions (no total printed),,,,,,,,,,,,,,,OUTLIER_vs_adjacent_issues,xissue_outlier,11,0
PAYNSA,NSA,1953-07,50266.0,50266.0,EI,1954-07,19540731,Economic Indicators issue month (last day); press release was earlier in that month,1,True,,,thousands,,sum of printed industry divisions (no total printed),,,,,,,,,,,,,,,OUTLIER_vs_adjacent_issues,xissue_outlier,11,0
PAYNSA,NSA,1954-01,48147.0,48147.0,EI,1954-12,19541231,Economic Indicators issue month (last day); press release was earlier in that month,1,True,,,thousands,,,3,3,,txt=48147|t300d=48147|t400=48147,FAIL,,,,,,,,,14.0,confirmed_by_adjacent_issue,identity_fail,11,0
PAYNSA,NSA,1954-02,102880.0,102880.0,EI,1954-07,19540731,Economic Indicators issue month (last day); press release was earlier in that month,1,True,,,thousands,,sum of printed industry divisions (no total printed),,,,,,,,,FAR_FROM_XISSUE_MEDIAN,SPIKE,XISSUE_LEVEL_JUMP,,FAR_FROM_ISSUE_COLUMN_MEDIAN,,OUTLIER_vs_adjacent_issues,xissue_outlier;far_from_issue_column_median;far_from_median_of_all_prints;level_jump_vs_adjacent_issues;isolated_spike_vs_adjacent_months,11,0
PAYNSA,NSA,1954-05,47932.0,47932.0,EI,1954-06,19540630,Economic Indicators issue month (last day); press release was earlier in that month,1,True,,,thousands,,sum of printed industry divisions (no total printed),,,,,,,,,,,XISSUE_LEVEL_JUMP,,,,differs_from_adjacent (revision or OCR),level_jump_vs_adjacent_issues,12,0
PAYNSA,NSA,1954-05,37920.0,37920.0,EI,1954-07,19540731,Economic Indicators issue month (last day); press release was earlier in that month,1,True,,,thousands,,sum of printed industry divisions (no total printed),,,,,,,,,FAR_FROM_XISSUE_MEDIAN,SPIKE,XISSUE_LEVEL_JUMP,,FAR_FROM_ISSUE_COLUMN_MEDIAN,,differs_from_adjacent (revision or OCR),far_from_issue_column_median;far_from_median_of_all_prints;level_jump_vs_adjacent_issues;isolated_spike_vs_adjacent_months,11,0
PAYNSA,NSA,1954-10,48586.0,48586.0,EI,1955-08,19550831,Economic Indicators issue month (last day); press release was earlier in that month,1,True,,,thousands,,,3,3,,txt=48580|t300d=48580|t400=48580,ok,total_vs_divisions_resolved(glyph_variant),,,,,,,,0.0,OUTLIER_vs_adjacent_issues,xissue_outlier,15,0
PAYNSA,NSA,1955-09,50992.0,50992.0,EI,1956-08,19560831,Economic Indicators issue month (last day); press release was earlier in that month,1,True,,,thousands,,,3,3,,txt=50992|t300d=50992|t400=50992,FAIL,,,,,,,,,13.0,confirmed_by_adjacent_issue,identity_fail,15,0
PAYNSA,NSA,1955-12,51811.0,51811.0,EI,1956-04,19560430,Economic Indicators issue month (last day); press release was earlier in that month,1,True,,,thousands,,,3,3,,txt=51311|t300d=51311|t400=51311,ok,total_vs_divisions_resolved(glyph_variant),,,,,,,,0.0,OUTLIER_vs_adjacent_issues,xissue_outlier,16,0
PAYNSA,NSA,1955-12,51996.0,51996.0,EI,1957-02,19570228,Economic Indicators issue month (last day); press release was earlier in that month,1,True,,,thousands,,,3,3,,txt=51996|t300d=51996|t400=51996,FAIL,,,,,,,NSA_SA_MISMATCH,,9.0,confirmed_by_adjacent_issue,identity_fail;nsa_sa_totals_inconsistent,15,0
PAYNSA,NSA,1956-01,49615.0,49615.0,EI,1956-05,19560531,Economic Indicators issue month (last day); press release was earlier in that month,1,True,,,thousands,,,3,3,,txt=49615|t300d=49615|t400=49615,FAIL,,,,,,,,,6.0,confirmed_by_adjacent_issue,identity_fail,15,0
PAYNSA,NSA,1956-04,50848.0,50848.0,EI,1956-09,19560930,Economic Indicators issue month (last day); press release was earlier in that month,1,True,,,thousands,,,3,3,,txt=50848|t300d=50848|t400=50848,FAIL,,,,,,,NSA_SA_MISMATCH,,15.0,confirmed_by_adjacent_issue,identity_fail;nsa_sa_totals_inconsistent,15,0
PAYNSA,NSA,1956-04,50848.0,50848.0,EI,1956-11,19561130,Economic Indicators issue month (last day); press release was earlier in that month,1,True,,,thousands,,,3,3,,txt=50848|t300d=50848|t400=50848,FAIL,,,,,,,NSA_SA_MISMATCH,,15.0,confirmed_by_adjacent_issue,identity_fail;nsa_sa_totals_inconsistent,15,0
PAYNSA,NSA,1956-05,51197.0,51197.0,EI,1956-09,19560930,Economic Indicators issue month (last day); press release was earlier in that month,1,True,,,thousands,,,3,3,,txt=51197|t300d=51197|t400=51197,FAIL,,,,,,,NSA_SA_MISMATCH,,9.0,confirmed_by_adjacent_issue,identity_fail;nsa_sa_totals_inconsistent,15,0
PAYNSA,NSA,1956-05,51478.0,51478.0,EI,1957-07,19570731,Economic Indicators issue month (last day); press release was earlier in that month,1,True,,,thousands,,,1,1,,txt=|t300d=51478|t400=,,,,,,,,,,1.0,differs_from_adjacent (revision or OCR),ocr_readings_disagree_unconfirmed,15,0
PAYNSA,NSA,1956-06,51730.0,51730.0,EI,1956-08,19560831,Economic Indicators issue month (last day); press release was earlier in that month,1,True,,,thousands,,,3,3,,txt=51730|t300d=51730|t400=51730,FAIL,,,,,,,,,3.0,differs_from_adjacent (revision or OCR),identity_fail,15,0
PAYNSA,NSA,1956-06,52185.0,52185.0,EI,1957-08,19570831,Economic Indicators issue month (last day); press release was earlier in that month,1,True,,,thousands,,,1,3,62135;62185,txt=52185|t300d=62185|t400=62135,,,,,,,,,,2.0,differs_from_adjacent (revision or OCR),ocr_readings_disagree_unconfirmed,15,0
PAYNSA,NSA,1956-09,52183.0,52183.0,EI,1956-11,19561130,Economic Indicators issue month (last day); press release was earlier in that month,1,True,,,thousands,,,3,3,,txt=52183|t300d=52183|t400=52183,FAIL,,,,,,,,,3.0,differs_from_adjacent (revision or OCR),identity_fail,15,0
PAYNSA,NSA,1956-10,52952.0,52952.0,EI,1957-12,19571231,Economic Indicators issue month (last day); press release was earlier in that month,1,True,,,thousands,,,2,3,52952,txt=52952|t300d=62952|t400=62952,,sa_vs_nsa_total_reading_choice,neighbourhood_vote:52952.0->62952.0,,FAR_FROM_XISSUE_MEDIAN,,xissue_own_reading_fix:62952.0->52952.0,,,4.0,confirmed_by_adjacent_issue,far_from_median_of_all_prints,15,0
PAYNSA,NSA,1956-11,58007.0,58007.0,EI,1957-09,19570930,Economic Indicators issue month (last day); press release was earlier in that month,1,True,,,thousands,,,1,2,68007;1007,txt=58007|t300d=68007|t400=,,,,,FAR_FROM_XISSUE_MEDIAN,SPIKE,XISSUE_LEVEL_JUMP,NSA_SA_MISMATCH,FAR_FROM_ISSUE_COLUMN_MEDIAN,1.0,OUTLIER_vs_adjacent_issues,xissue_outlier;ocr_readings_disagree_unconfirmed;far_from_issue_column_median;nsa_sa_totals_inconsistent;far_from_median_of_all_prints;level_jump_vs_adjacent_issues;isolated_spike_vs_adjacent_months,15,0
PAYNSA,NSA,1956-11,53007.0,53007.0,EI,1957-10,19571031,Economic Indicators issue month (last day); press release was earlier in that month,1,True,,,thousands,,,1,3,43007;638007,txt=53007|t300d=638007|t400=43007,,,,,,,XISSUE_LEVEL_JUMP,,,4.0,differs_from_adjacent (revision or OCR),level_jump_vs_adjacent_issues,15,0
PAYNSA,NSA,1956-11,63007.0,53007.0,EI,1957-11,19571130,Economic Indicators issue month (last day); press release was earlier in that month,1,True,,,thousands,,,2,3,53007,txt=53007|t300d=63007|t400=63007,,sa_vs_nsa_total_reading_choice,neighbourhood_vote:53007.0->63007.0,,FAR_FROM_XISSUE_MEDIAN,,,NSA_SA_MISMATCH,FAR_FROM_ISSUE_COLUMN_MEDIAN,5.0,confirmed_by_adjacent_issue,far_from_issue_column_median;nsa_sa_totals_inconsistent;far_from_median_of_all_prints,15,0
PAYNSA,NSA,1956-11,63007.0,53007.0,EI,1957-12,19571231,Economic Indicators issue month (last day); press release was earlier in that month,1,True,,,thousands,,,2,3,53007,txt=53007|t300d=63007|t400=63007,,sa_vs_nsa_total_reading_choice,neighbourhood_vote:53007.0->63007.0,,FAR_FROM_XISSUE_MEDIAN,,,NSA_SA_MISMATCH,FAR_FROM_ISSUE_COLUMN_MEDIAN,5.0,confirmed_by_adjacent_issue,far_from_issue_column_median;nsa_sa_totals_inconsistent;far_from_median_of_all_prints,15,0
PAYNSA,NSA,1956-11,63007.0,58007.0,EI,1958-01,19580131,Economic Indicators issue month (last day); press release was earlier in that month,1,True,,,thousands,,,2,3,63007,txt=58007|t300d=63007|t400=58007,,,neighbourhood_vote:58007.0->63007.0,,FAR_FROM_XISSUE_MEDIAN,,,NSA_SA_MISMATCH,,5.0,confirmed_by_adjacent_issue,nsa_sa_totals_inconsistent;far_from_median_of_all_prints,15,0
PAYNSA,NSA,1956-12,63639.0,58689.0,EI,1957-10,19571031,Economic Indicators issue month (last day); press release was earlier in that month,1,True,,,thousands,,,2,3,63639,txt=58689|t300d=63639|t400=58689,,,,,FAR_FROM_XISSUE_MEDIAN,,xissue_own_reading_fix:58689.0->63639.0,NSA_SA_MISMATCH,FAR_FROM_ISSUE_COLUMN_MEDIAN,3.0,confirmed_by_adjacent_issue,far_from_issue_column_median;nsa_sa_totals_inconsistent;far_from_median_of_all_prints,15,0
PAYNSA,NSA,1956-12,63639.0,53639.0,EI,1957-11,19571130,Economic Indicators issue month (last day); press release was earlier in that month,1,True,,,thousands,,,1,3,63639;68689,txt=53639|t300d=68689|t400=63639,,,neighbourhood_vote:53639.0->63639.0,,FAR_FROM_XISSUE_MEDIAN,,,NSA_SA_MISMATCH,FAR_FROM_ISSUE_COLUMN_MEDIAN,4.0,confirmed_by_adjacent_issue,far_from_issue_column_median;nsa_sa_totals_inconsistent;far_from_median_of_all_prints,15,0
PAYNSA,NSA,1956-12,53639.0,53639.0,EI,1957-12,19571231,Economic Indicators issue month (last day); press release was earlier in that month,1,True,,,thousands,,,2,3,53639,txt=53639|t300d=68639|t400=68639,,sa_vs_nsa_total_reading_choice,,,,SPIKE,XISSUE_LEVEL_JUMP,,,2.0,OUTLIER_vs_adjacent_issues,xissue_outlier;level_jump_vs_adjacent_issues;isolated_spike_vs_adjacent_months,15,0
PAYNSA,NSA,1956-12,63639.0,63639.0,EI,1958-01,19580131,Economic Indicators issue month (last day); press release was earlier in that month,1,True,,,thousands,,,2,3,58689,txt=58689|t300d=63639|t400=63639,,,,,FAR_FROM_XISSUE_MEDIAN,,XISSUE_LEVEL_JUMP,NSA_SA_MISMATCH,,3.0,differs_from_adjacent (revision or OCR),nsa_sa_totals_inconsistent;far_from_median_of_all_prints;level_jump_vs_adjacent_issues,15,0
PAYNSA,NSA,1957-01,61716.0,51716.0,EI,1957-10,19571031,Economic Indicators issue month (last day); press release was earlier in that month,1,True,,,thousands,,,2,3,51716,txt=51716|t300d=61716|t400=61716,,sa_vs_nsa_total_reading_choice,neighbourhood_vote:51716.0->61716.0,,FAR_FROM_XISSUE_MEDIAN,,,NSA_SA_MISMATCH,FAR_FROM_ISSUE_COLUMN_MEDIAN,8.0,confirmed_by_adjacent_issue,far_from_issue_column_median;nsa_sa_totals_inconsistent;far_from_median_of_all_prints,15,0
PAYNSA,NSA,1957-01,61716.0,51716.0,EI,1957-11,19571130,Economic Indicators issue month (last day); press release was earlier in that month,1,True,,,thousands,,,2,3,61716,txt=51716|t300d=61716|t400=51716,,,neighbourhood_vote:51716.0->61716.0,,FAR_FROM_XISSUE_MEDIAN,,,NSA_SA_MISMATCH,FAR_FROM_ISSUE_COLUMN_MEDIAN,8.0,confirmed_by_adjacent_issue,far_from_issue_column_median;nsa_sa_totals_inconsistent;far_from_median_of_all_prints,15,0
PAYNSA,NSA,1957-01,61716.0,61716.0,EI,1957-12,19571231,Economic Indicators issue month (last day); press release was earlier in that month,1,True,,,thousands,,,3,3,,txt=61716|t300d=61716|t400=61716,,,,,FAR_FROM_XISSUE_MEDIAN,,,NSA_SA_MISMATCH,FAR_FROM_ISSUE_COLUMN_MEDIAN,10.0,confirmed_by_adjacent_issue,far_from_issue_column_median;nsa_sa_totals_inconsistent;far_from_median_of_all_prints,15,0
PAYNSA,NSA,1957-01,61716.0,51716.0,EI,1958-01,19580131,Economic Indicators issue month (last day); press release was earlier in that month,1,True,,,thousands,,,2,3,51716,txt=51716|t300d=61716|t400=61716,,sa_vs_nsa_total_reading_choice,neighbourhood_vote:51716.0->61716.0,,FAR_FROM_XISSUE_MEDIAN,,,NSA_SA_MISMATCH,,10.0,confirmed_by_adjacent_issue,nsa_sa_totals_inconsistent;far_from_median_of_all_prints,15,0
PAYNSA,NSA,1957-01,61716.0,61716.0,EI,1958-02,19580228,Economic Indicators issue month (last day); press release was earlier in that month,1,True,,,thousands,,,2,2,1716,txt=|t300d=61716|t400=61716,,,,,FAR_FROM_XISSUE_MEDIAN,,,NSA_SA_MISMATCH,,9.0,confirmed_by_adjacent_issue,nsa_sa_totals_inconsistent;far_from_median_of_all_prints,15,0
PAYNSA,NSA,1957-01,61716.0,51716.0,EI,1958-03,19580331,Economic Indicators issue month (last day); press release was earlier in that month,1,True,,,thousands,,,2,3,51716,txt=51716|t300d=61716|t400=61716,,sa_vs_nsa_total_reading_choice,neighbourhood_vote:51716.0->61716.0,,FAR_FROM_XISSUE_MEDIAN,,,NSA_SA_MISMATCH,FAR_FROM_ISSUE_COLUMN_MEDIAN,6.0,confirmed_by_adjacent_issue,far_from_issue_column_median;nsa_sa_totals_inconsistent;far_from_median_of_all_prints,15,0
PAYNSA,NSA,1957-02,51704.0,51704.0,EI,1957-09,19570930,Economic Indicators issue month (last day); press release was earlier in that month,1,True,,,thousands,,,2,3,61704,txt=51704|t300d=61704|t400=51704,,,neighbourhood_vote:51704.0->61704.0,,FAR_FROM_XISSUE_MEDIAN,spike_fixed:61704.0->51704.0,,,,8.0,confirmed_by_adjacent_issue,far_from_median_of_all_prints,15,0
PAYNSA,NSA,1957-02,61704.0,51704.0,EI,1957-10,19571031,Economic Indicators issue month (last day); press release was earlier in that month,1,True,,,thousands,,,2,3,51704,txt=51704|t300d=61704|t400=61704,,sa_vs_nsa_total_reading_choice,neighbourhood_vote:51704.0->61704.0,,FAR_FROM_XISSUE_MEDIAN,,,NSA_SA_MISMATCH,FAR_FROM_ISSUE_COLUMN_MEDIAN,9.0,confirmed_by_adjacent_issue,far_from_issue_column_median;nsa_sa_totals_inconsistent;far_from_median_of_all_prints,15,0
PAYNSA,NSA,1957-02,61704.0,51704.0,EI,1957-11,19571130,Economic Indicators issue month (last day); press release was earlier in that month,1,True,,,thousands,,,2,3,51704,txt=51704|t300d=61704|t400=61704,,sa_vs_nsa_total_reading_choice,neighbourhood_vote:51704.0->61704.0,,FAR_FROM_XISSUE_MEDIAN,,,NSA_SA_MISMATCH,FAR_FROM_ISSUE_COLUMN_MEDIAN,9.0,confirmed_by_adjacent_issue,far_from_issue_column_median;nsa_sa_totals_inconsistent;far_from_median_of_all_prints,15,0
PAYNSA,NSA,1957-02,61704.0,51704.0,EI,1957-12,19571231,Economic Indicators issue month (last day); press release was earlier in that month,1,True,,,thousands,,,2,3,51704,txt=51704|t300d=61704|t400=61704,,sa_vs_nsa_total_reading_choice,neighbourhood_vote:51704.0->61704.0,,FAR_FROM_XISSUE_MEDIAN,,,NSA_SA_MISMATCH,FAR_FROM_ISSUE_COLUMN_MEDIAN,10.0,confirmed_by_adjacent_issue,far_from_issue_column_median;nsa_sa_totals_inconsistent;far_from_median_of_all_prints,15,0
PAYNSA,NSA,1957-02,61704.0,51704.0,EI,1958-01,19580131,Economic Indicators issue month (last day); press release was earlier in that month,1,True,,,thousands,,,2,3,51704,txt=51704|t300d=61704|t400=61704,,sa_vs_nsa_total_reading_choice,neighbourhood_vote:51704.0->61704.0,,FAR_FROM_XISSUE_MEDIAN,,,NSA_SA_MISMATCH,,9.0,confirmed_by_adjacent_issue,nsa_sa_totals_inconsistent;far_from_median_of_all_prints,15,0
PAYNSA,NSA,1957-02,61704.0,51704.0,EI,1958-02,19580228,Economic Indicators issue month (last day); press release was earlier in that month,1,True,,,thousands,,,2,3,51704,txt=51704|t300d=61704|t400=61704,,sa_vs_nsa_total_reading_choice,neighbourhood_vote:51704.0->61704.0,,FAR_FROM_XISSUE_MEDIAN,,,NSA_SA_MISMATCH,,9.0,confirmed_by_adjacent_issue,nsa_sa_totals_inconsistent;far_from_median_of_all_prints,15,0
PAYNSA,NSA,1957-02,61704.0,51704.0,EI,1958-03,19580331,Economic Indicators issue month (last day); press release was earlier in that month,1,True,,,thousands,,,2,3,61704,txt=51704|t300d=61704|t400=51704,,,neighbourhood_vote:51704.0->61704.0,,FAR_FROM_XISSUE_MEDIAN,,,NSA_SA_MISMATCH,FAR_FROM_ISSUE_COLUMN_MEDIAN,7.0,confirmed_by_adjacent_issue,far_from_issue_column_median;nsa_sa_totals_inconsistent;far_from_median_of_all_prints,15,0
PAYNSA,NSA,1957-02,61704.0,51704.0,EI,1958-04,19580430,Economic Indicators issue month (last day); press release was earlier in that month,1,True,,,thousands,,,2,3,51704,txt=51704|t300d=61704|t400=61704,,sa_vs_nsa_total_reading_choice,neighbourhood_vote:51704.0->61704.0,,FAR_FROM_XISSUE_MEDIAN,,,NSA_SA_MISMATCH,FAR_FROM_ISSUE_COLUMN_MEDIAN,5.0,confirmed_by_adjacent_issue,far_from_issue_column_median;nsa_sa_totals_inconsistent;far_from_median_of_all_prints,15,0
PAYNSA,NSA,1957-03,61919.0,51919.0,EI,1957-12,19571231,Economic Indicators issue month (last day); press release was earlier in that month,1,True,,,thousands,,,2,3,61919,txt=51919|t300d=61919|t400=51919,,,,,,spike_fixed:51919.0->61919.0,,NSA_SA_MISMATCH,FAR_FROM_ISSUE_COLUMN_MEDIAN,7.0,confirmed_by_adjacent_issue,far_from_issue_column_median;nsa_sa_totals_inconsistent,15,0
PAYNSA,NSA,1957-03,61919.0,51919.0,EI,1958-01,19580131,Economic Indicators issue month (last day); press release was earlier in that month,1,True,,,thousands,,,2,3,51919,txt=51919|t300d=61919|t400=61919,,sa_vs_nsa_total_reading_choice,neighbourhood_vote:51919.0->61919.0,,FAR_FROM_XISSUE_MEDIAN,,,NSA_SA_MISMATCH,,7.0,confirmed_by_adjacent_issue,nsa_sa_totals_inconsistent;far_from_median_of_all_prints,15,0
PAYNSA,NSA,1957-03,61919.0,51919.0,EI,1958-02,19580228,Economic Indicators issue month (last day); press release was earlier in that month,1,True,,,thousands,,,2,3,51919,txt=51919|t300d=61919|t400=61919,,sa_vs_nsa_total_reading_choice,neighbourhood_vote:51919.0->61919.0,,FAR_FROM_XISSUE_MEDIAN,,,NSA_SA_MISMATCH,,8.0,confirmed_by_adjacent_issue,nsa_sa_totals_inconsistent;far_from_median_of_all_prints,15,0
PAYNSA,NSA,1957-03,61919.0,51919.0,EI,1958-03,19580331,Economic Indicators issue month (last day); press release was earlier in that month,1,True,,,thousands,,,1,2,61919,txt=51919|t300d=61919|t400=,,,neighbourhood_vote:51919.0->61919.0,,FAR_FROM_XISSUE_MEDIAN,,,NSA_SA_MISMATCH,FAR_FROM_ISSUE_COLUMN_MEDIAN,8.0,confirmed_by_adjacent_issue,far_from_issue_column_median;nsa_sa_totals_inconsistent;far_from_median_of_all_prints,15,0
PAYNSA,NSA,1957-03,61919.0,51919.0,EI,1958-04,19580430,Economic Indicators issue month (last day); press release was earlier in that month,1,True,,,thousands,,,2,3,51919,txt=51919|t300d=61919|t400=61919,,sa_vs_nsa_total_reading_choice,neighbourhood_vote:51919.0->61919.0,,FAR_FROM_XISSUE_MEDIAN,,,NSA_SA_MISMATCH,FAR_FROM_ISSUE_COLUMN_MEDIAN,6.0,confirmed_by_adjacent_issue,far_from_issue_column_median;nsa_sa_totals_inconsistent;far_from_median_of_all_prints,15,0
PAYNSA,NSA,1957-03,61919.0,51919.0,EI,1958-05,19580531,Economic Indicators issue month (last day); press release was earlier in that month,1,True,,,thousands,,,2,3,61919,txt=51919|t300d=61919|t400=51919,,,,,,,xissue_own_reading_fix:51919.0->61919.0,NSA_SA_MISMATCH,FAR_FROM_ISSUE_COLUMN_MEDIAN,4.0,confirmed_by_adjacent_issue,far_from_issue_column_median;nsa_sa_totals_inconsistent,15,0
PAYNSA,NSA,1957-04,62270.0,52270.0,EI,1957-12,19571231,Economic Indicators issue month (last day); press release was earlier in that month,1,True,,,thousands,,,1,3,62270;62870,txt=52270|t300d=62870|t400=62270,,,neighbourhood_vote:52270.0->62270.0,,FAR_FROM_XISSUE_MEDIAN,,,NSA_SA_MISMATCH,FAR_FROM_ISSUE_COLUMN_MEDIAN,5.0,confirmed_by_adjacent_issue,far_from_issue_column_median;nsa_sa_totals_inconsistent;far_from_median_of_all_prints,15,0
PAYNSA,NSA,1957-04,62270.0,52270.0,EI,1958-01,19580131,Economic Indicators issue month (last day); press release was earlier in that month,1,True,,,thousands,,,2,3,52270,txt=52270|t300d=62270|t400=62270,,sa_vs_nsa_total_reading_choice,,,,spike_fixed:52270.0->62270.0,,NSA_SA_MISMATCH,,4.0,confirmed_by_adjacent_issue,nsa_sa_totals_inconsistent,15,0
PAYNSA,NSA,1957-04,69270.0,69270.0,EI,1958-02,19580228,Economic Indicators issue month (last day); press release was earlier in that month,1,True,,,thousands,,,1,1,1870,txt=|t300d=69270|t400=,,,,,FAR_FROM_XISSUE_MEDIAN,SPIKE,XISSUE_LEVEL_JUMP,NSA_SA_MISMATCH,FAR_FROM_ISSUE_COLUMN_MEDIAN,2.0,differs_from_adjacent (revision or OCR),ocr_readings_disagree_unconfirmed;far_from_issue_column_median;nsa_sa_totals_inconsistent;far_from_median_of_all_prints;level_jump_vs_adjacent_issues;isolated_spike_vs_adjacent_months,15,0
PAYNSA,NSA,1957-04,62270.0,62270.0,EI,1958-06,19580630,Economic Indicators issue month (last day); press release was earlier in that month,1,True,,,thousands,,,1,1,1270,txt=62270|t300d=|t400=,,,,,FAR_FROM_XISSUE_MEDIAN,SPIKE,XISSUE_LEVEL_JUMP,NSA_SA_MISMATCH,FAR_FROM_ISSUE_COLUMN_MEDIAN,2.0,differs_from_adjacent (revision or OCR),ocr_readings_disagree_unconfirmed;far_from_issue_column_median;nsa_sa_totals_inconsistent;far_from_median_of_all_prints;level_jump_vs_adjacent_issues;isolated_spike_vs_adjacent_months,15,0
PAYNSA,NSA,1957-05,52420.0,52420.0,EI,1957-07,19570731,Economic Indicators issue month (last day); press release was earlier in that month,1,True,,,thousands,,,1,2,42420;1420,txt=52420|t300d=|t400=42420,,,,,,,,,,1.0,differs_from_adjacent (revision or OCR),ocr_readings_disagree_unconfirmed,15,0
PAYNSA,NSA,1957-05,62482.0,62482.0,EI,1958-01,19580131,Economic Indicators issue month (last day); press release was earlier in that month,1,True,,,thousands,,,2,3,58482,txt=62482|t300d=62482|t400=58482,,,,,FAR_FROM_XISSUE_MEDIAN,,,NSA_SA_MISMATCH,,7.0,confirmed_by_adjacent_issue,nsa_sa_totals_inconsistent;far_from_median_of_all_prints,15,0
PAYNSA,NSA,1957-05,62482.0,62482.0,EI,1958-02,19580228,Economic Indicators issue month (last day); press release was earlier in that month,1,True,,,thousands,,,2,2,,txt=|t300d=62482|t400=62482,,,,,FAR_FROM_XISSUE_MEDIAN,,,NSA_SA_MISMATCH,,8.0,confirmed_by_adjacent_issue,nsa_sa_totals_inconsistent;far_from_median_of_all_prints,15,0
PAYNSA,NSA,1957-05,62128.0,52128.0,EI,1958-07,19580731,Economic Indicators issue month (last day); press release was earlier in that month,1,True,,,thousands,,,2,3,52128,txt=52128|t300d=62128|t400=62128,,sa_vs_nsa_total_reading_choice,neighbourhood_vote:52128.0->62128.0,,FAR_FROM_XISSUE_MEDIAN,,XISSUE_LEVEL_JUMP,NSA_SA_MISMATCH,FAR_FROM_ISSUE_COLUMN_MEDIAN,2.0,differs_from_adjacent (revision or OCR),far_from_issue_column_median;nsa_sa_totals_inconsistent;far_from_median_of_all_prints;level_jump_vs_adjacent_issues,15,0
PAYNSA,NSA,1957-06,52881.0,52881.0,EI,1958-01,19580131,Economic Indicators issue month (last day); press release was earlier in that month,1,True,,,thousands,,,2,3,52881,txt=52881|t300d=62881|t400=62881,,sa_vs_nsa_total_reading_choice,neighbourhood_vote:52881.0->62881.0,,xissue_median_fix:62881.0->52881.0,,,,FAR_FROM_ISSUE_COLUMN_MEDIAN,6.0,confirmed_by_adjacent_issue,far_from_issue_column_median,15,0
PAYNSA,NSA,1957-06,62881.0,68881.0,EI,1958-02,19580228,Economic Indicators issue month (last day); press release was earlier in that month,1,True,,,thousands,,,2,3,62881,txt=62881|t300d=68881|t400=68881,,,neighbourhood_vote:68881.0->62881.0,,FAR_FROM_XISSUE_MEDIAN,,XISSUE_LEVEL_JUMP,NSA_SA_MISMATCH,,6.0,OUTLIER_vs_adjacent_issues,xissue_outlier;nsa_sa_totals_inconsistent;far_from_median_of_all_prints;level_jump_vs_adjacent_issues,15,0
PAYNSA,NSA,1957-06,62517.0,52517.0,EI,1958-07,19580731,Economic Indicators issue month (last day); press release was earlier in that month,1,True,,,thousands,,,1,3,62517;82517,txt=52517|t300d=62517|t400=82517,,,neighbourhood_vote:52517.0->62517.0,,FAR_FROM_XISSUE_MEDIAN,,,NSA_SA_MISMATCH,FAR_FROM_ISSUE_COLUMN_MEDIAN,2.0,confirmed_by_adjacent_issue,far_from_issue_column_median;nsa_sa_totals_inconsistent;far_from_median_of_all_prints,15,0
PAYNSA,NSA,1957-06,62517.0,62517.0,EI,1958-08,19580831,Economic Indicators issue month (last day); press release was earlier in that month,1,True,,,thousands,,,1,2,62617,txt=62517|t300d=|t400=62617,,,,,FAR_FROM_XISSUE_MEDIAN,SPIKE,,NSA_SA_MISMATCH,FAR_FROM_ISSUE_COLUMN_MEDIAN,2.0,confirmed_by_adjacent_issue,far_from_issue_column_median;nsa_sa_totals_inconsistent;far_from_median_of_all_prints;isolated_spike_vs_adjacent_months,15,0
PAYNSA,NSA,1957-07,52574.0,52574.0,EI,1957-08,19570831,Economic Indicators issue month (last day); press release was earlier in that month,1,True,,,thousands,,,1,3,62574;82574,txt=52574|t300d=62574|t400=82574,,,,,,,,,,1.0,differs_from_adjacent (revision or OCR),ocr_readings_disagree_unconfirmed,15,0
PAYNSA,NSA,1957-07,52600.0,52600.0,EI,1957-09,19570930,Economic Indicators issue month (last day); press release was earlier in that month,1,True,,,thousands,,,1,3,42600;68600,txt=52600|t300d=68600|t400=42600,,,,,,,,,,1.0,differs_from_adjacent (revision or OCR),ocr_readings_disagree_unconfirmed,15,0
PAYNSA,NSA,1957-07,52606.0,52606.0,EI,1958-01,19580131,Economic Indicators issue month (last day); press release was earlier in that month,1,True,,,thousands,,,2,3,68605,txt=52606|t300d=68605|t400=52606,,t400:trail_digit_dropped,,,,,,,FAR_FROM_ISSUE_COLUMN_MEDIAN,2.0,OUTLIER_vs_adjacent_issues,xissue_outlier;far_from_issue_column_median,15,0
PAYNSA,NSA,1957-08,62838.0,62838.0,EI,1957-09,19570930,Economic Indicators issue month (last day); press release was earlier in that month,1,True,,,thousands,,,1,2,62888,txt=62838|t300d=62888|t400=,,,,,FAR_FROM_XISSUE_MEDIAN,SPIKE,XISSUE_LEVEL_JUMP,NSA_SA_MISMATCH,FAR_FROM_ISSUE_COLUMN_MEDIAN,1.0,differs_from_adjacent (revision or OCR),ocr_readings_disagree_unconfirmed;far_from_issue_column_median;nsa_sa_totals_inconsistent;far_from_median_of_all_prints;level_jump_vs_adjacent_issues;isolated_spike_vs_adjacent_months,15,0
PAYNSA,NSA,1957-08,52891.0,52891.0,EI,1958-01,19580131,Economic Indicators issue month (last day); press release was earlier in that month,1,True,,,thousands,,,2,3,52891,txt=52891|t300d=62891|t400=62891,,sa_vs_nsa_total_reading_choice,neighbourhood_vote:52891.0->62891.0,,xissue_median_fix:62891.0->52891.0,,,,FAR_FROM_ISSUE_COLUMN_MEDIAN,6.0,confirmed_by_adjacent_issue,far_from_issue_column_median,15,0
PAYNSA,NSA,1957-08,62891.0,62891.0,EI,1958-02,19580228,Economic Indicators issue month (last day); press release was earlier in that month,1,True,,,thousands,,,2,2,1891,txt=|t300d=62891|t400=62891,,,,,FAR_FROM_XISSUE_MEDIAN,,XISSUE_LEVEL_JUMP,NSA_SA_MISMATCH,,6.0,OUTLIER_vs_adjacent_issues,xissue_outlier;nsa_sa_totals_inconsistent;far_from_median_of_all_prints;level_jump_vs_adjacent_issues,15,0
PAYNSA,NSA,1957-09,63169.0,63169.0,EI,1957-10,19571031,Economic Indicators issue month (last day); press release was earlier in that month,1,True,,,thousands,,,1,2,63769,txt=|t300d=63169|t400=63769,,,,,FAR_FROM_XISSUE_MEDIAN,SPIKE,XISSUE_LEVEL_JUMP,NSA_SA_MISMATCH,FAR_FROM_ISSUE_COLUMN_MEDIAN,1.0,differs_from_adjacent (revision or OCR),ocr_readings_disagree_unconfirmed;far_from_issue_column_median;nsa_sa_totals_inconsistent;far_from_median_of_all_prints;level_jump_vs_adjacent_issues;isolated_spike_vs_adjacent_months,15,0
PAYNSA,NSA,1957-09,53132.0,53132.0,EI,1957-11,19571130,Economic Indicators issue month (last day); press release was earlier in that month,1,True,,,thousands,,,1,3,63132;83138,txt=53132|t300d=83138|t400=63132,,,,,,,,,,1.0,differs_from_adjacent (revision or OCR),ocr_readings_disagree_unconfirmed,15,0
PAYNSA,NSA,1957-09,63152.0,58152.0,EI,1958-01,19580131,Economic Indicators issue month (last day); press release was earlier in that month,1,True,,,thousands,,,1,3,63152;63162,txt=58152|t300d=63162|t400=63152,,,neighbourhood_vote:58152.0->63152.0,,FAR_FROM_XISSUE_MEDIAN,SPIKE,,NSA_SA_MISMATCH,,3.0,confirmed_by_adjacent_issue,nsa_sa_totals_inconsistent;far_from_median_of_all_prints;isolated_spike_vs_adjacent_months,15,0
PAYNSA,NSA,1957-09,63152.0,63152.0,EI,1958-02,19580228,Economic Indicators issue month (last day); press release was earlier in that month,1,True,,,thousands,,,1,2,68162,txt=|t300d=63152|t400=68162,,,,,FAR_FROM_XISSUE_MEDIAN,,,NSA_SA_MISMATCH,,3.0,confirmed_by_adjacent_issue,nsa_sa_totals_inconsistent;far_from_median_of_all_prints,15,0
PAYNSA,NSA,1957-09,53152.0,53152.0,EI,1958-03,19580331,Economic Indicators issue month (last day); press release was earlier in that month,1,True,,,thousands,,,1,3,48152;88152,txt=53152|t300d=88152|t400=48152,,,,,,,XISSUE_LEVEL_JUMP,,,2.0,differs_from_adjacent (revision or OCR),ocr_readings_disagree_unconfirmed;level_jump_vs_adjacent_issues,15,0
PAYNSA,NSA,1957-09,58152.0,58152.0,EI,1958-04,19580430,Economic Indicators issue month (last day); press release was earlier in that month,1,True,,,thousands,,,1,3,68152;638152,txt=58152|t300d=638152|t400=68152,,,,,,,XISSUE_LEVEL_JUMP,NSA_SA_MISMATCH,FAR_FROM_ISSUE_COLUMN_MEDIAN,2.0,OUTLIER_vs_adjacent_issues,xissue_outlier;ocr_readings_disagree_unconfirmed;far_from_issue_column_median;nsa_sa_totals_inconsistent;level_jump_vs_adjacent_issues,15,0
PAYNSA,NSA,1957-09,62692.0,62692.0,EI,1958-08,19580831,Economic Indicators issue month (last day); press release was earlier in that month,1,True,,,thousands,,,2,2,,txt=62692|t300d=|t400=62692,,,,,FAR_FROM_XISSUE_MEDIAN,,XISSUE_LEVEL_JUMP,NSA_SA_MISMATCH,FAR_FROM_ISSUE_COLUMN_MEDIAN,4.0,OUTLIER_vs_adjacent_issues,xissue_outlier;far_from_issue_column_median;nsa_sa_totals_inconsistent;far_from_median_of_all_prints;level_jump_vs_adjacent_issues,15,0
PAYNSA,NSA,1957-10,53078.0,53078.0,EI,1957-11,19571130,Economic Indicators issue month (last day); press release was earlier in that month,1,True,,,thousands,,,1,3,58078;88078,txt=53078|t300d=58078|t400=88078,,,,,,,,,,1.0,differs_from_adjacent (revision or OCR),ocr_readings_disagree_unconfirmed,15,0
PAYNSA,NSA,1957-10,53043.0,53043.0,EI,1958-01,19580131,Economic Indicators issue month (last day); press release was earlier in that month,1,True,,,thousands,,,2,3,58048,txt=58048|t300d=53043|t400=53043,,,,,,,,,FAR_FROM_ISSUE_COLUMN_MEDIAN,4.0,differs_from_adjacent (revision or OCR),far_from_issue_column_median,15,0
PAYNSA,NSA,1957-10,68048.0,68048.0,EI,1958-02,19580228,Economic Indicators issue month (last day); press release was earlier in that month,1,True,,,thousands,,,2,2,1043,txt=|t300d=68048|t400=68048,,,,,FAR_FROM_XISSUE_MEDIAN,,XISSUE_LEVEL_JUMP,NSA_SA_MISMATCH,FAR_FROM_ISSUE_COLUMN_MEDIAN,2.0,differs_from_adjacent (revision or OCR),far_from_issue_column_median;nsa_sa_totals_inconsistent;far_from_median_of_all_prints;level_jump_vs_adjacent_issues,15,0
PAYNSA,NSA,1957-10,68043.0,53043.0,EI,1958-03,19580331,Economic Indicators issue month (last day); press release was earlier in that month,1,True,,,thousands,,,2,3,68043,txt=53043|t300d=68043|t400=53043,,,,,,,xissue_own_reading_fix:53043.0->68043.0,NSA_SA_MISMATCH,FAR_FROM_ISSUE_COLUMN_MEDIAN,5.0,differs_from_adjacent (revision or OCR),far_from_issue_column_median;nsa_sa_totals_inconsistent,15,0
PAYNSA,NSA,1957-10,63043.0,63043.0,EI,1958-04,19580430,Economic Indicators issue month (last day); press release was earlier in that month,1,True,,,thousands,,,2,3,58043,txt=58043|t300d=63043|t400=63043,,,,,FAR_FROM_XISSUE_MEDIAN,,XISSUE_LEVEL_JUMP,NSA_SA_MISMATCH,FAR_FROM_ISSUE_COLUMN_MEDIAN,3.0,confirmed_by_adjacent_issue,far_from_issue_column_median;nsa_sa_totals_inconsistent;far_from_median_of_all_prints;level_jump_vs_adjacent_issues,15,0
PAYNSA,NSA,1957-10,63043.0,53043.0,EI,1958-05,19580531,Economic Indicators issue month (last day); press release was earlier in that month,1,True,,,thousands,,,1,3,58043;63043,txt=53043|t300d=58043|t400=63043,,,,,,,xissue_own_reading_fix:53043.0->63043.0,NSA_SA_MISMATCH,FAR_FROM_ISSUE_COLUMN_MEDIAN,3.0,confirmed_by_adjacent_issue,far_from_issue_column_median;nsa_sa_totals_inconsistent,15,0
PAYNSA,NSA,1957-10,58048.0,58048.0,EI,1958-06,19580630,Economic Indicators issue month (last day); press release was earlier in that month,1,True,,,thousands,,,1,2,68043,txt=|t300d=58048|t400=68043,,,,,,,XISSUE_LEVEL_JUMP,NSA_SA_MISMATCH,FAR_FROM_ISSUE_COLUMN_MEDIAN,1.0,differs_from_adjacent (revision or OCR),ocr_readings_disagree_unconfirmed;far_from_issue_column_median;nsa_sa_totals_inconsistent;level_jump_vs_adjacent_issues,15,0
PAYNSA,NSA,1957-10,52570.0,52570.0,EI,1958-07,19580731,Economic Indicators issue month (last day); press release was earlier in that month,1,True,,,thousands,,,2,3,52570,txt=52570|t300d=62870|t400=62870,,sa_vs_nsa_total_reading_choice,,,,,XISSUE_LEVEL_JUMP,,,2.0,differs_from_adjacent (revision or OCR),level_jump_vs_adjacent_issues,15,0
PAYNSA,NSA,1957-10,62570.0,62570.0,EI,1958-08,19580831,Economic Indicators issue month (last day); press release was earlier in that month,1,True,,,thousands,,,2,2,1608,txt=62570|t300d=|t400=62570,,,,,FAR_FROM_XISSUE_MEDIAN,,XISSUE_LEVEL_JUMP,NSA_SA_MISMATCH,FAR_FROM_ISSUE_COLUMN_MEDIAN,3.0,OUTLIER_vs_adjacent_issues,xissue_outlier;far_from_issue_column_median;nsa_sa_totals_inconsistent;far_from_median_of_all_prints;level_jump_vs_adjacent_issues,15,0
PAYNSA,NSA,1957-11,52753.0,52753.0,EI,1957-12,19571231,Economic Indicators issue month (last day); press release was earlier in that month,1,True,,,thousands,,,1,3,62753;62758,txt=52753|t300d=62758|t400=62753,,,,,,,,,,1.0,differs_from_adjacent (revision or OCR),ocr_readings_disagree_unconfirmed,15,0
PAYNSA,NSA,1957-11,55807.0,55807.0,EI,1958-01,19580131,Economic Indicators issue month (last day); press release was earlier in that month,1,True,,,thousands,,,1,1,1807,txt=55807|t300d=|t400=,,,,,,SPIKE,,NSA_SA_MISMATCH,FAR_FROM_ISSUE_COLUMN_MEDIAN,1.0,differs_from_adjacent (revision or OCR),ocr_readings_disagree_unconfirmed;far_from_issue_column_median;nsa_sa_totals_inconsistent;isolated_spike_vs_adjacent_months,15,0
PAYNSA,NSA,1957-11,52789.0,52789.0,EI,1958-02,19580228,Economic Indicators issue month (last day); press release was earlier in that month,1,True,,,thousands,,,1,1,1789,txt=|t300d=|t400=52789,,,,,,SPIKE,,,FAR_FROM_ISSUE_COLUMN_MEDIAN,4.0,confirmed_by_adjacent_issue,far_from_issue_column_median;isolated_spike_vs_adjacent_months,15,0
PAYNSA,NSA,1957-11,62789.0,62789.0,EI,1958-06,19580630,Economic Indicators issue month (last day); press release was earlier in that month,1,True,,,thousands,,,3,3,,txt=62789|t300d=62789|t400=62789,,,,,FAR_FROM_XISSUE_MEDIAN,,XISSUE_LEVEL_JUMP,NSA_SA_MISMATCH,FAR_FROM_ISSUE_COLUMN_MEDIAN,5.0,differs_from_adjacent (revision or OCR),far_from_issue_column_median;nsa_sa_totals_inconsistent;far_from_median_of_all_prints;level_jump_vs_adjacent_issues,15,0
PAYNSA,NSA,1957-11,52816.0,52816.0,EI,1958-08,19580831,Economic Indicators issue month (last day); press release was earlier in that month,1,True,,,thousands,,,1,2,52816,txt=|t300d=58816|t400=52816,,sa_vs_nsa_total_reading_choice,,,,SPIKE,,,,1.0,OUTLIER_vs_adjacent_issues,xissue_outlier;ocr_readings_disagree_unconfirmed;isolated_spike_vs_adjacent_months,15,0
PAYNSA,NSA,1957-12,52992.0,52992.0,EI,1958-01,19580131,Economic Indicators issue month (last day); press release was earlier in that month,1,True,,,thousands,,,3,3,,txt=52992|t300d=52992|t400=52992,,,,,,,XISSUE_LEVEL_JUMP,,FAR_FROM_ISSUE_COLUMN_MEDIAN,3.0,differs_from_adjacent (revision or OCR),far_from_issue_column_median;level_jump_vs_adjacent_issues,15,0
PAYNSA,NSA,1957-12,68025.0,68025.0,EI,1958-02,19580228,Economic Indicators issue month (last day); press release was earlier in that month,1,True,,,thousands,,,2,2,,txt=|t300d=68025|t400=68025,,,,,FAR_FROM_XISSUE_MEDIAN,,XISSUE_LEVEL_JUMP,NSA_SA_MISMATCH,FAR_FROM_ISSUE_COLUMN_MEDIAN,2.0,differs_from_adjacent (revision or OCR),far_from_issue_column_median;nsa_sa_totals_inconsistent;far_from_median_of_all_prints;level_jump_vs_adjacent_issues,15,0
PAYNSA,NSA,1957-12,68084.0,53084.0,EI,1958-03,19580331,Economic Indicators issue month (last day); press release was earlier in that month,1,True,,,thousands,,,1,3,68084;638084,txt=53084|t300d=68084|t400=638084,,,,,,,xissue_own_reading_fix:53084.0->68084.0,NSA_SA_MISMATCH,FAR_FROM_ISSUE_COLUMN_MEDIAN,3.0,differs_from_adjacent (revision or OCR),far_from_issue_column_median;nsa_sa_totals_inconsistent,15,0
PAYNSA,NSA,1957-12,63084.0,58084.0,EI,1958-04,19580430,Economic Indicators issue month (last day); press release was earlier in that month,1,True,,,thousands,,,1,3,59084;63084,txt=58084|t300d=59084|t400=63084,,,neighbourhood_vote:58084.0->63084.0,,FAR_FROM_XISSUE_MEDIAN,,XISSUE_LEVEL_JUMP,NSA_SA_MISMATCH,FAR_FROM_ISSUE_COLUMN_MEDIAN,3.0,differs_from_adjacent (revision or OCR),far_from_issue_column_median;nsa_sa_totals_inconsistent;far_from_median_of_all_prints;level_jump_vs_adjacent_issues,15,0
PAYNSA,NSA,1957-12,53084.0,53084.0,EI,1958-05,19580531,Economic Indicators issue month (last day); press release was earlier in that month,1,True,,,thousands,,,2,3,58084,txt=58084|t300d=53084|t400=53084,,,,,,,XISSUE_LEVEL_JUMP,,,3.0,OUTLIER_vs_adjacent_issues,xissue_outlier;level_jump_vs_adjacent_issues,15,0
PAYNSA,NSA,1957-12,63084.0,63084.0,EI,1958-06,19580630,Economic Indicators issue month (last day); press release was earlier in that month,1,True,,,thousands,,,2,3,68084,txt=68084|t300d=63084|t400=63084,,,,,FAR_FROM_XISSUE_MEDIAN,,,NSA_SA_MISMATCH,FAR_FROM_ISSUE_COLUMN_MEDIAN,3.0,differs_from_adjacent (revision or OCR),far_from_issue_column_median;nsa_sa_totals_inconsistent;far_from_median_of_all_prints,15,0
PAYNSA,NSA,1957-12,62610.0,52610.0,EI,1958-07,19580731,Economic Indicators issue month (last day); press release was earlier in that month,1,True,,,thousands,,,2,3,52610,txt=52610|t300d=62610|t400=62610,,sa_vs_nsa_total_reading_choice,neighbourhood_vote:52610.0->62610.0,,FAR_FROM_XISSUE_MEDIAN,,,NSA_SA_MISMATCH,FAR_FROM_ISSUE_COLUMN_MEDIAN,6.0,confirmed_by_adjacent_issue,far_from_issue_column_median;nsa_sa_totals_inconsistent;far_from_median_of_all_prints,15,0
PAYNSA,NSA,1957-12,62610.0,62610.0,EI,1958-08,19580831,Economic Indicators issue month (last day); press release was earlier in that month,1,True,,,thousands,,,3,3,,txt=62610|t300d=62610|t400=62610,,,,,FAR_FROM_XISSUE_MEDIAN,,,NSA_SA_MISMATCH,FAR_FROM_ISSUE_COLUMN_MEDIAN,6.0,confirmed_by_adjacent_issue,far_from_issue_column_median;nsa_sa_totals_inconsistent;far_from_median_of_all_prints,15,0
PAYNSA,NSA,1957-12,52610.0,52610.0,EI,1959-02,19590228,Economic Indicators issue month (last day); press release was earlier in that month,1,True,,,thousands,,,2,3,52610,txt=52610|t300d=62610|t400=62610,,sa_vs_nsa_total_reading_choice,neighbourhood_vote:52610.0->62610.0,,FAR_FROM_XISSUE_MEDIAN,SPIKE,xissue_own_reading_fix:62610.0->52610.0,,,5.0,confirmed_by_adjacent_issue,far_from_median_of_all_prints;isolated_spike_vs_adjacent_months,15,0
PAYNSA,NSA,1958-01,60965.0,50965.0,EI,1958-02,19580228,Economic Indicators issue month (last day); press release was earlier in that month,1,True,,,thousands,,,1,2,50965;1985,txt=|t300d=60965|t400=50965,,sa_vs_nsa_total_reading_choice,,,,,xissue_own_reading_fix:50965.0->60965.0,NSA_SA_MISMATCH,,1.0,differs_from_adjacent (revision or OCR),ocr_readings_disagree_unconfirmed;nsa_sa_totals_inconsistent,15,0
PAYNSA,NSA,1958-01,60987.0,50987.0,EI,1958-03,19580331,Economic Indicators issue month (last day); press release was earlier in that month,1,True,,,thousands,,,2,3,60987,txt=50987|t300d=60987|t400=50987,,,neighbourhood_vote:50987.0->60987.0,,FAR_FROM_XISSUE_MEDIAN,,,NSA_SA_MISMATCH,FAR_FROM_ISSUE_COLUMN_MEDIAN,3.0,differs_from_adjacent (revision or OCR),far_from_issue_column_median;nsa_sa_totals_inconsistent;far_from_median_of_all_prints,15,0
PAYNSA,NSA,1958-01,60477.0,60477.0,EI,1958-11,19581130,Economic Indicators issue month (last day); press release was earlier in that month,1,True,,,thousands,,,1,2,40477;1477,txt=|t300d=60477|t400=40477,,,,,FAR_FROM_XISSUE_MEDIAN,,XISSUE_LEVEL_JUMP,NSA_SA_MISMATCH,FAR_FROM_ISSUE_COLUMN_MEDIAN,3.0,OUTLIER_vs_adjacent_issues,xissue_outlier;far_from_issue_column_median;nsa_sa_totals_inconsistent;far_from_median_of_all_prints;level_jump_vs_adjacent_issues,15,0
PAYNSA,NSA,1958-02,49777.0,49777.0,EI,1959-04,19590430,Economic Indicators issue month (last day); press release was earlier in that month,1,True,,,thousands,,,3,3,,txt=49777|t300d=49777|t400=49777,,,,,,,,,FAR_FROM_ISSUE_COLUMN_MEDIAN,9.0,confirmed_by_adjacent_issue,far_from_issue_column_median,15,0
PAYNSA,NSA,1958-03,50158.0,50158.0,EI,1958-06,19580630,Economic Indicators issue month (last day); press release was earlier in that month,1,True,,,thousands,,,2,3,50158,txt=50158|t300d=60168|t400=60168,,sa_vs_nsa_total_reading_choice,neighbourhood_vote:50158.0->60168.0,,FAR_FROM_XISSUE_MEDIAN,spike_fixed:60168.0->50158.0,,,,2.0,differs_from_adjacent (revision or OCR),far_from_median_of_all_prints,15,0
PAYNSA,NSA,1958-03,49690.0,49690.0,EI,1959-04,19590430,Economic Indicators issue month (last day); press release was earlier in that month,1,True,,,thousands,,,2,2,1690,txt=|t300d=49690|t400=49690,,,,,,,,,FAR_FROM_ISSUE_COLUMN_MEDIAN,9.0,confirmed_by_adjacent_issue,far_from_issue_column_median,15,0
PAYNSA,NSA,1958-03,49690.0,49690.0,EI,1959-05,19590531,Economic Indicators issue month (last day); press release was earlier in that month,1,True,,,thousands,,,3,3,,txt=49690|t300d=49690|t400=49690,,,,,,,,,FAR_FROM_ISSUE_COLUMN_MEDIAN,7.0,confirmed_by_adjacent_issue,far_from_issue_column_median,15,0
PAYNSA,NSA,1958-04,50888.0,50888.0,EI,1958-06,19580630,Economic Indicators issue month (last day); press release was earlier in that month,1,True,,,thousands,,,1,1,1288;1888,txt=50888|t300d=|t400=,,,,,,,,,,1.0,differs_from_adjacent (revision or OCR),ocr_readings_disagree_unconfirmed,15,0
PAYNSA,NSA,1958-04,49726.0,49726.0,EI,1959-04,19590430,Economic Indicators issue month (last day); press release was earlier in that month,1,True,,,thousands,,,2,3,49729,txt=49726|t300d=49726|t400=49729,,,,,,,,,FAR_FROM_ISSUE_COLUMN_MEDIAN,12.0,confirmed_by_adjacent_issue,far_from_issue_column_median,15,0
PAYNSA,NSA,1958-04,49726.0,49726.0,EI,1959-05,19590531,Economic Indicators issue month (last day); press release was earlier in that month,1,True,,,thousands,,,2,2,,txt=49726|t300d=|t400=49726,,,,,,,,,FAR_FROM_ISSUE_COLUMN_MEDIAN,10.0,confirmed_by_adjacent_issue,far_from_issue_column_median,15,0
PAYNSA,NSA,1958-04,49726.0,49726.0,EI,1959-06,19590630,Economic Indicators issue month (last day); press release was earlier in that month,1,True,,,thousands,,,3,3,,txt=49726|t300d=49726|t400=49726,,,,,,,,,FAR_FROM_ISSUE_COLUMN_MEDIAN,7.0,confirmed_by_adjacent_issue,far_from_issue_column_median,15,0
PAYNSA,NSA,1958-05,50480.0,50480.0,EI,1958-06,19580630,Economic Indicators issue month (last day); press release was earlier in that month,1,True,,,thousands,,,2,3,50480,txt=50480|t300d=60498|t400=60498,,sa_vs_nsa_total_reading_choice,neighbourhood_vote:50480.0->60498.0,,FAR_FROM_XISSUE_MEDIAN,spike_fixed:60498.0->50480.0,,,,2.0,differs_from_adjacent (revision or OCR),far_from_median_of_all_prints,15,0
PAYNSA,NSA,1958-05,49949.0,49949.0,EI,1959-04,19590430,Economic Indicators issue month (last day); press release was earlier in that month,1,True,,,thousands,,,3,3,,txt=49949|t300d=49949|t400=49949,,,,,,,,,FAR_FROM_ISSUE_COLUMN_MEDIAN,14.0,confirmed_by_adjacent_issue,far_from_issue_column_median,15,0
PAYNSA,NSA,1958-05,49949.0,49949.0,EI,1959-05,19590531,Economic Indicators issue month (last day); press release was earlier in that month,1,True,,,thousands,,,3,3,,txt=49949|t300d=49949|t400=49949,,,,,,,,,FAR_FROM_ISSUE_COLUMN_MEDIAN,13.0,confirmed_by_adjacent_issue,far_from_issue_column_median,15,0
PAYNSA,NSA,1958-05,49949.0,49949.0,EI,1959-06,19590630,Economic Indicators issue month (last day); press release was earlier in that month,1,True,,,thousands,,,2,2,,txt=49949|t300d=|t400=49949,,,,,,,,,FAR_FROM_ISSUE_COLUMN_MEDIAN,10.0,confirmed_by_adjacent_issue,far_from_issue_column_median,15,0
PAYNSA,NSA,1958-05,49949.0,49949.0,EI,1959-07,19590731,Economic Indicators issue month (last day); press release was earlier in that month,1,True,,,thousands,,,2,2,,txt=49949|t300d=|t400=49949,,,,,,SPIKE,,NSA_SA_MISMATCH,FAR_FROM_ISSUE_COLUMN_MEDIAN,7.0,confirmed_by_adjacent_issue,far_from_issue_column_median;nsa_sa_totals_inconsistent;isolated_spike_vs_adjacent_months,15,0
PAYNSA,NSA,1958-06,60389.0,50389.0,EI,1958-07,19580731,Economic Indicators issue month (last day); press release was earlier in that month,1,True,,,thousands,,,1,3,60389;60889,txt=50389|t300d=60889|t400=60389,,,,,,,xissue_own_reading_fix:50389.0->60389.0,NSA_SA_MISMATCH,FAR_FROM_ISSUE_COLUMN_MEDIAN,1.0,differs_from_adjacent (revision or OCR),ocr_readings_disagree_unconfirmed;far_from_issue_column_median;nsa_sa_totals_inconsistent,15,0
PAYNSA,NSA,1958-06,60396.0,60396.0,EI,1958-08,19580831,Economic Indicators issue month (last day); press release was earlier in that month,1,True,,,thousands,,,1,1,,txt=|t300d=|t400=60396,,,,,,,,NSA_SA_MISMATCH,FAR_FROM_ISSUE_COLUMN_MEDIAN,1.0,differs_from_adjacent (revision or OCR),ocr_readings_disagree_unconfirmed;far_from_issue_column_median;nsa_sa_totals_inconsistent,15,0
PAYNSA,NSA,1958-06,60413.0,50418.0,EI,1959-03,19590331,Economic Indicators issue month (last day); press release was earlier in that month,1,True,,,thousands,,,2,3,50418,txt=50418|t300d=60413|t400=60413,,sa_vs_nsa_total_reading_choice,neighbourhood_vote:50418.0->60413.0,,,,,NSA_SA_MISMATCH,FAR_FROM_ISSUE_COLUMN_MEDIAN,4.0,confirmed_by_adjacent_issue,far_from_issue_column_median;nsa_sa_totals_inconsistent,15,0
PAYNSA,NSA,1958-06,60413.0,60418.0,EI,1959-04,19590430,Economic Indicators issue month (last day); press release was earlier in that month,1,True,,,thousands,,,1,2,60413,txt=|t300d=60418|t400=60413,,,neighbourhood_vote:60418.0->60413.0,,,,,NSA_SA_MISMATCH,,5.0,confirmed_by_adjacent_issue,nsa_sa_totals_inconsistent,15,0
PAYNSA,NSA,1958-06,60413.0,50413.0,EI,1959-05,19590531,Economic Indicators issue month (last day); press release was earlier in that month,1,True,,,thousands,,,1,3,60413;60418,txt=50413|t300d=60418|t400=60413,,,neighbourhood_vote:50413.0->60413.0,,,,,NSA_SA_MISMATCH,,6.0,confirmed_by_adjacent_issue,nsa_sa_totals_inconsistent,15,0
PAYNSA,NSA,1958-06,60418.0,60413.0,EI,1959-06,19590630,Economic Indicators issue month (last day); press release was earlier in that month,1,True,,,thousands,,,1,2,60418,txt=60413|t300d=|t400=60418,,,neighbourhood_vote:60413.0->60418.0,,,,,NSA_SA_MISMATCH,,6.0,confirmed_by_adjacent_issue,nsa_sa_totals_inconsistent,15,0
PAYNSA,NSA,1958-06,60418.0,60413.0,EI,1959-07,19590731,Economic Indicators issue month (last day); press release was earlier in that month,1,True,,,thousands,,,1,2,60418,txt=|t300d=60413|t400=60418,,,neighbourhood_vote:60413.0->60418.0,,,,,NSA_SA_MISMATCH,,5.0,confirmed_by_adjacent_issue,nsa_sa_totals_inconsistent,15,0
PAYNSA,NSA,1958-06,60418.0,60418.0,EI,1959-08,19590831,Economic Indicators issue month (last day); press release was earlier in that month,1,True,,,thousands,,,2,2,1418,txt=60418|t300d=|t400=60418,,,,,,,,NSA_SA_MISMATCH,,4.0,confirmed_by_adjacent_issue,nsa_sa_totals_inconsistent,15,0
PAYNSA,NSA,1958-07,60199.0,60199.0,EI,1958-08,19580831,Economic Indicators issue month (last day); press release was earlier in that month,1,True,,,thousands,,,2,2,,txt=60199|t300d=|t400=60199,,,,,,,XISSUE_LEVEL_JUMP,NSA_SA_MISMATCH,FAR_FROM_ISSUE_COLUMN_MEDIAN,2.0,differs_from_adjacent (revision or OCR),far_from_issue_column_median;nsa_sa_totals_inconsistent;level_jump_vs_adjacent_issues,15,0
PAYNSA,NSA,1958-07,50202.0,50202.0,EI,1958-09,19580930,Economic Indicators issue month (last day); press release was earlier in that month,1,True,,,thousands,,,1,3,60202;680202,txt=50202|t300d=60202|t400=680202,,,,,,,,,,1.0,differs_from_adjacent (revision or OCR),ocr_readings_disagree_unconfirmed,15,0
PAYNSA,NSA,1958-07,60178.0,50178.0,EI,1959-03,19590331,Economic Indicators issue month (last day); press release was earlier in that month,1,True,,,thousands,,,2,3,50178,txt=50178|t300d=60178|t400=60178,,sa_vs_nsa_total_reading_choice,neighbourhood_vote:50178.0->60178.0,,,,,NSA_SA_MISMATCH,FAR_FROM_ISSUE_COLUMN_MEDIAN,8.0,confirmed_by_adjacent_issue,far_from_issue_column_median;nsa_sa_totals_inconsistent,15,0
PAYNSA,NSA,1958-07,60178.0,50178.0,EI,1959-04,19590430,Economic Indicators issue month (last day); press release was earlier in that month,1,True,,,thousands,,,2,3,50178,txt=50178|t300d=60178|t400=60178,,sa_vs_nsa_total_reading_choice,neighbourhood_vote:50178.0->60178.0,,,,,NSA_SA_MISMATCH,,9.0,confirmed_by_adjacent_issue,nsa_sa_totals_inconsistent,15,0
PAYNSA,NSA,1958-07,60178.0,50178.0,EI,1959-05,19590531,Economic Indicators issue month (last day); press release was earlier in that month,1,True,,,thousands,,,2,3,50178,txt=50178|t300d=60178|t400=60178,,sa_vs_nsa_total_reading_choice,neighbourhood_vote:50178.0->60178.0,,,,,NSA_SA_MISMATCH,,11.0,confirmed_by_adjacent_issue,nsa_sa_totals_inconsistent,15,0
PAYNSA,NSA,1958-07,60178.0,50178.0,EI,1959-06,19590630,Economic Indicators issue month (last day); press release was earlier in that month,1,True,,,thousands,,,2,3,50178,txt=60178|t300d=60178|t400=50178,,sa_vs_nsa_total_reading_choice,neighbourhood_vote:50178.0->60178.0,,,,,NSA_SA_MISMATCH,,11.0,confirmed_by_adjacent_issue,nsa_sa_totals_inconsistent,15,0
PAYNSA,NSA,1958-07,60178.0,60178.0,EI,1959-07,19590731,Economic Indicators issue month (last day); press release was earlier in that month,1,True,,,thousands,,,3,3,,txt=60178|t300d=60178|t400=60178,,,,,,,,NSA_SA_MISMATCH,,9.0,confirmed_by_adjacent_issue,nsa_sa_totals_inconsistent,15,0
PAYNSA,NSA,1958-07,60178.0,60178.0,EI,1959-08,19590831,Economic Indicators issue month (last day); press release was earlier in that month,1,True,,,thousands,,,2,2,,txt=60178|t300d=|t400=60178,,,,,,,,NSA_SA_MISMATCH,,7.0,confirmed_by_adjacent_issue,nsa_sa_totals_inconsistent,15,0
PAYNSA,NSA,1958-07,50178.0,50178.0,EI,1959-09,19590930,Economic Indicators issue month (last day); press release was earlier in that month,1,True,,,thousands,,,1,1,1178,txt=|t300d=50178|t400=,,,,,,,XISSUE_LEVEL_JUMP,,,1.0,differs_from_adjacent (revision or OCR),ocr_readings_disagree_unconfirmed;level_jump_vs_adjacent_issues,15,0
PAYNSA,NSA,1958-08,60676.0,50576.0,EI,1959-04,19590430,Economic Indicators issue month (last day); press release was earlier in that month,1,True,,,thousands,,,1,3,50676;60676,txt=50576|t300d=60676|t400=50676,,,neighbourhood_vote:50576.0->50676.0,,,spike_fixed:50676.0->60676.0,,NSA_SA_MISMATCH,,5.0,confirmed_by_adjacent_issue,nsa_sa_totals_inconsistent,15,0
PAYNSA,NSA,1958-08,60676.0,50676.0,EI,1959-05,19590531,Economic Indicators issue month (last day); press release was earlier in that month,1,True,,,thousands,,,1,3,50676;50876,txt=60676|t300d=50676|t400=50876,,sa_vs_nsa_total_reading_choice,neighbourhood_vote:50676.0->60676.0,,xissue_median_fix:60676.0->50676.0,spike_fixed:50676.0->60676.0,,NSA_SA_MISMATCH,,5.0,confirmed_by_adjacent_issue,nsa_sa_totals_inconsistent,15,0
PAYNSA,NSA,1958-08,60676.0,50676.0,EI,1959-06,19590630,Economic Indicators issue month (last day); press release was earlier in that month,1,True,,,thousands,,,1,2,60676,txt=50676|t300d=|t400=60676,,,neighbourhood_vote:50676.0->60676.0,,xissue_median_fix:60676.0->50676.0,spike_fixed:50676.0->60676.0,,NSA_SA_MISMATCH,,5.0,confirmed_by_adjacent_issue,nsa_sa_totals_inconsistent,15,0
PAYNSA,NSA,1958-08,60676.0,60576.0,EI,1959-07,19590731,Economic Indicators issue month (last day); press release was earlier in that month,1,True,,,thousands,,,2,3,60676,txt=60576|t300d=60676|t400=60576,,,neighbourhood_vote:60576.0->60676.0,,FAR_FROM_XISSUE_MEDIAN,,,NSA_SA_MISMATCH,,4.0,confirmed_by_adjacent_issue,nsa_sa_totals_inconsistent;far_from_median_of_all_prints,15,0
PAYNSA,NSA,1958-08,60676.0,60676.0,EI,1959-08,19590831,Economic Indicators issue month (last day); press release was earlier in that month,1,True,,,thousands,,,1,2,60876,txt=60676|t300d=|t400=60876,,,,,FAR_FROM_XISSUE_MEDIAN,,,NSA_SA_MISMATCH,,4.0,confirmed_by_adjacent_issue,nsa_sa_totals_inconsistent;far_from_median_of_all_prints,15,0
PAYNSA,NSA,1958-08,50676.0,50676.0,EI,1959-10,19591031,Economic Indicators issue month (last day); press release was earlier in that month,1,True,,,thousands,,,1,3,50676;60676,txt=60576|t300d=60676|t400=50676,,sa_vs_nsa_total_reading_choice,neighbourhood_vote:50676.0->60676.0,,xissue_median_fix:60676.0->50676.0,,,,,2.0,differs_from_adjacent (revision or OCR),ocr_readings_disagree_unconfirmed,15,0
PAYNSA,NSA,1958-09,51287.0,51287.0,EI,1958-12,19581231,Economic Indicators issue month (last day); press release was earlier in that month,1,True,,,thousands,,,1,3,41287;61237,txt=51287|t300d=61237|t400=41287,,,neighbourhood_vote:51287.0->61237.0,,,spike_fixed:61237.0->51287.0,,,,2.0,differs_from_adjacent (revision or OCR),ocr_readings_disagree_unconfirmed,15,0
PAYNSA,NSA,1958-09,51287.0,51287.0,EI,1959-03,19590331,Economic Indicators issue month (last day); press release was earlier in that month,1,True,,,thousands,,,2,3,51287,txt=51287|t300d=41237|t400=41237,,sa_vs_nsa_total_reading_choice,neighbourhood_vote:51287.0->41237.0,,FAR_FROM_XISSUE_MEDIAN,spike_fixed:41237.0->51287.0,,,,3.0,differs_from_adjacent (revision or OCR),far_from_median_of_all_prints,15,0
PAYNSA,NSA,1958-09,61237.0,51237.0,EI,1959-04,19590430,Economic Indicators issue month (last day); press release was earlier in that month,1,True,,,thousands,,,2,3,51237,txt=51237|t300d=61237|t400=61237,,sa_vs_nsa_total_reading_choice,neighbourhood_vote:51237.0->61237.0,,,,,NSA_SA_MISMATCH,,4.0,confirmed_by_adjacent_issue,nsa_sa_totals_inconsistent,15,0
PAYNSA,NSA,1958-09,61237.0,61287.0,EI,1959-05,19590531,Economic Indicators issue month (last day); press release was earlier in that month,1,True,,,thousands,,,2,3,61237,txt=61237|t300d=61287|t400=61287,,,neighbourhood_vote:61287.0->61237.0,,,,,NSA_SA_MISMATCH,,4.0,confirmed_by_adjacent_issue,nsa_sa_totals_inconsistent,15,0
PAYNSA,NSA,1958-09,61237.0,61237.0,EI,1959-06,19590630,Economic Indicators issue month (last day); press release was earlier in that month,1,True,,,thousands,,,1,1,1076,txt=|t300d=|t400=61237,,,,,,,,NSA_SA_MISMATCH,,4.0,confirmed_by_adjacent_issue,nsa_sa_totals_inconsistent,15,0
PAYNSA,NSA,1958-09,51237.0,51237.0,EI,1959-07,19590731,Economic Indicators issue month (last day); press release was earlier in that month,1,True,,,thousands,,,3,3,,txt=51237|t300d=51237|t400=51237,,,,,,,,,FAR_FROM_ISSUE_COLUMN_MEDIAN,4.0,differs_from_adjacent (revision or OCR),far_from_issue_column_median,15,0
PAYNSA,NSA,1958-09,51287.0,51287.0,EI,1959-08,19590831,Economic Indicators issue month (last day); press release was earlier in that month,1,True,,,thousands,,,1,2,651237,txt=|t300d=51287|t400=651237,,,,,,,,,FAR_FROM_ISSUE_COLUMN_MEDIAN,1.0,OUTLIER_vs_adjacent_issues,xissue_outlier;ocr_readings_disagree_unconfirmed;far_from_issue_column_median,15,0
PAYNSA,NSA,1958-09,61287.0,61287.0,EI,1959-11,19591130,Economic Indicators issue month (last day); press release was earlier in that month,1,True,,,thousands,,,2,2,,txt=|t300d=61287|t400=61287,,,,,,,XISSUE_LEVEL_JUMP,NSA_SA_MISMATCH,,2.0,differs_from_adjacent (revision or OCR),nsa_sa_totals_inconsistent;level_jump_vs_adjacent_issues,15,0
PAYNSA,NSA,1958-10,51185.0,51185.0,EI,1958-12,19581231,Economic Indicators issue month (last day); press release was earlier in that month,1,True,,,thousands,,,1,3,51135;61185,txt=51185|t300d=61185|t400=51135,,,,,,,,,,1.0,differs_from_adjacent (revision or OCR),ocr_readings_disagree_unconfirmed,15,0
PAYNSA,NSA,1958-10,61186.0,51136.0,EI,1959-04,19590430,Economic Indicators issue month (last day); press release was earlier in that month,1,True,,,thousands,,,1,3,51186;61186,txt=51136|t300d=61186|t400=51186,,,,,,spike_fixed:51136.0->61186.0,,NSA_SA_MISMATCH,,4.0,differs_from_adjacent (revision or OCR),nsa_sa_totals_inconsistent,15,0
PAYNSA,NSA,1958-10,61136.0,51136.0,EI,1959-05,19590531,Economic Indicators issue month (last day); press release was earlier in that month,1,True,,,thousands,,,2,3,51136,txt=61136|t300d=61136|t400=51136,,sa_vs_nsa_total_reading_choice,,,,spike_fixed:51136.0->61136.0,,NSA_SA_MISMATCH,,4.0,differs_from_adjacent (revision or OCR),nsa_sa_totals_inconsistent,15,0
PAYNSA,NSA,1958-10,51136.0,51136.0,EI,1959-07,19590731,Economic Indicators issue month (last day); press release was earlier in that month,1,True,,,thousands,,,1,2,87186,txt=51136|t300d=|t400=87186,,,,,,,,,FAR_FROM_ISSUE_COLUMN_MEDIAN,6.0,confirmed_by_adjacent_issue,far_from_issue_column_median,15,0
PAYNSA,NSA,1958-10,51136.0,51136.0,EI,1959-08,19590831,Economic Indicators issue month (last day); press release was earlier in that month,1,True,,,thousands,,,1,3,61186;81186,txt=51136|t300d=81186|t400=61186,,,,,,,,,FAR_FROM_ISSUE_COLUMN_MEDIAN,6.0,confirmed_by_adjacent_issue,far_from_issue_column_median,15,0
PAYNSA,NSA,1958-10,61186.0,51136.0,EI,1959-11,19591130,Economic Indicators issue month (last day); press release was earlier in that month,1,True,,,thousands,,,2,3,61186,txt=51136|t300d=61186|t400=51136,,,,,,spike_fixed:51136.0->61186.0,,NSA_SA_MISMATCH,,6.0,confirmed_by_adjacent_issue,nsa_sa_totals_inconsistent,15,0
PAYNSA,NSA,1958-10,61186.0,51136.0,EI,1959-12,19591231,Economic Indicators issue month (last day); press release was earlier in that month,1,True,,,thousands,,,1,3,61186;517186,txt=51136|t300d=517186|t400=61186,,,,,,spike_fixed:51136.0->61186.0,,NSA_SA_MISMATCH,FAR_FROM_ISSUE_COLUMN_MEDIAN,4.0,confirmed_by_adjacent_issue,far_from_issue_column_median;nsa_sa_totals_inconsistent,15,0
PAYNSA,NSA,1958-11,51825.0,51825.0,EI,1958-12,19581231,Economic Indicators issue month (last day); press release was earlier in that month,1,True,,,thousands,,,1,3,61325;61326,txt=51825|t300d=61325|t400=61326,,,,,xissue_median_fix:51825.0->61326.0,spike_fixed:61326.0->51825.0,,,,1.0,differs_from_adjacent (revision or OCR),ocr_readings_disagree_unconfirmed,15,0
PAYNSA,NSA,1958-11,51378.0,51378.0,EI,1959-01,19590131,Economic Indicators issue month (last day); press release was earlier in that month,1,True,,,thousands,,,1,2,51387;1378,txt=51378|t300d=51387|t400=,,,,,FAR_FROM_XISSUE_MEDIAN,,,,,1.0,differs_from_adjacent (revision or OCR),ocr_readings_disagree_unconfirmed;far_from_median_of_all_prints,15,0
PAYNSA,NSA,1958-11,61482.0,51432.0,EI,1959-02,19590228,Economic Indicators issue month (last day); press release was earlier in that month,1,True,,,thousands,,,2,3,51432,txt=51432|t300d=61482|t400=61482,,sa_vs_nsa_total_reading_choice,neighbourhood_vote:51432.0->61482.0,,,,,NSA_SA_MISMATCH,FAR_FROM_ISSUE_COLUMN_MEDIAN,4.0,confirmed_by_adjacent_issue,far_from_issue_column_median;nsa_sa_totals_inconsistent,15,0
PAYNSA,NSA,1958-11,61482.0,51482.0,EI,1959-03,19590331,Economic Indicators issue month (last day); press release was earlier in that month,1,True,,,thousands,,,2,3,51482,txt=51482|t300d=61482|t400=61482,,sa_vs_nsa_total_reading_choice,neighbourhood_vote:51482.0->61482.0,,,,,NSA_SA_MISMATCH,FAR_FROM_ISSUE_COLUMN_MEDIAN,4.0,confirmed_by_adjacent_issue,far_from_issue_column_median;nsa_sa_totals_inconsistent,15,0
PAYNSA,NSA,1958-11,61432.0,51432.0,EI,1959-04,19590430,Economic Indicators issue month (last day); press release was earlier in that month,1,True,,,thousands,,,2,3,51432,txt=51432|t300d=61432|t400=61432,,sa_vs_nsa_total_reading_choice,neighbourhood_vote:51432.0->61432.0,,,,,NSA_SA_MISMATCH,,3.0,confirmed_by_adjacent_issue,nsa_sa_totals_inconsistent,15,0
PAYNSA,NSA,1958-11,61432.0,61432.0,EI,1959-05,19590531,Economic Indicators issue month (last day); press release was earlier in that month,1,True,,,thousands,,,1,2,67432;1432,txt=61432|t300d=67432|t400=,,,,,,,,NSA_SA_MISMATCH,,4.0,confirmed_by_adjacent_issue,nsa_sa_totals_inconsistent,15,0
PAYNSA,NSA,1958-11,61482.0,61482.0,EI,1959-06,19590630,Economic Indicators issue month (last day); press release was earlier in that month,1,True,,,thousands,,,1,1,,txt=|t300d=|t400=61482,,,,,,,,NSA_SA_MISMATCH,,3.0,OUTLIER_vs_adjacent_issues,xissue_outlier;nsa_sa_totals_inconsistent,15,0
PAYNSA,NSA,1958-11,61432.0,61432.0,EI,1959-07,19590731,Economic Indicators issue month (last day); press release was earlier in that month,1,True,,,thousands,,,1,2,61482,txt=|t300d=61432|t400=61482,,,,,,,,NSA_SA_MISMATCH,,3.0,confirmed_by_adjacent_issue,nsa_sa_totals_inconsistent,15,0
PAYNSA,NSA,1958-11,61432.0,61432.0,EI,1959-08,19590831,Economic Indicators issue month (last day); press release was earlier in that month,1,True,,,thousands,,,1,3,61452;61482,txt=61432|t300d=61452|t400=61482,,,,,,,,NSA_SA_MISMATCH,,3.0,confirmed_by_adjacent_issue,nsa_sa_totals_inconsistent,15,0
PAYNSA,NSA,1958-11,51432.0,51432.0,EI,1959-09,19590930,Economic Indicators issue month (last day); press release was earlier in that month,1,True,,,thousands,,,1,2,51482;1482,txt=51432|t300d=51482|t400=,,,,,FAR_FROM_XISSUE_MEDIAN,,XISSUE_LEVEL_JUMP,,,3.0,OUTLIER_vs_adjacent_issues,xissue_outlier;far_from_median_of_all_prints;level_jump_vs_adjacent_issues,15,0
PAYNSA,NSA,1958-11,61432.0,51432.0,EI,1959-10,19591031,Economic Indicators issue month (last day); press release was earlier in that month,1,True,,,thousands,,,2,3,61432,txt=51432|t300d=51432|t400=61432,,,,,xissue_median_fix:51432.0->61432.0,,,NSA_SA_MISMATCH,FAR_FROM_ISSUE_COLUMN_MEDIAN,5.0,confirmed_by_adjacent_issue,far_from_issue_column_median;nsa_sa_totals_inconsistent,15,0
PAYNSA,NSA,1958-11,61432.0,61482.0,EI,1959-11,19591130,Economic Indicators issue month (last day); press release was earlier in that month,1,True,,,thousands,,,2,3,61432,txt=61432|t300d=61482|t400=61482,,,neighbourhood_vote:61482.0->61432.0,,,,,NSA_SA_MISMATCH,,3.0,confirmed_by_adjacent_issue,nsa_sa_totals_inconsistent,15,0
PAYNSA,NSA,1958-11,61432.0,51432.0,EI,1959-12,19591231,Economic Indicators issue month (last day); press release was earlier in that month,1,True,,,thousands,,,2,3,61432,txt=51432|t300d=61432|t400=51432,,,,,xissue_median_fix:51432.0->61432.0,,,NSA_SA_MISMATCH,FAR_FROM_ISSUE_COLUMN_MEDIAN,4.0,confirmed_by_adjacent_issue,far_from_issue_column_median;nsa_sa_totals_inconsistent,15,0
PAYNSA,NSA,1958-11,51482.0,51482.0,EI,1960-01,19600131,Economic Indicators issue month (last day); press release was earlier in that month,1,True,,,thousands,,,3,3,,txt=51482|t300d=51482|t400=51482,,,,,FAR_FROM_XISSUE_MEDIAN,,XISSUE_LEVEL_JUMP,,,3.0,differs_from_adjacent (revision or OCR),far_from_median_of_all_prints;level_jump_vs_adjacent_issues,15,0
PAYNSA,NSA,1958-12,51825.0,51825.0,EI,1959-01,19590131,Economic Indicators issue month (last day); press release was earlier in that month,1,True,,,thousands,,,2,3,41825,txt=51825|t300d=41825|t400=51825,,,,,FAR_FROM_XISSUE_MEDIAN,,XISSUE_LEVEL_JUMP,,,2.0,differs_from_adjacent (revision or OCR),far_from_median_of_all_prints;level_jump_vs_adjacent_issues,15,0
PAYNSA,NSA,1958-12,61909.0,51909.0,EI,1959-02,19590228,Economic Indicators issue month (last day); press release was earlier in that month,1,True,,,thousands,,,2,3,51909,txt=51909|t300d=61909|t400=61909,,sa_vs_nsa_total_reading_choice,neighbourhood_vote:51909.0->61909.0,,,,,NSA_SA_MISMATCH,FAR_FROM_ISSUE_COLUMN_MEDIAN,2.0,differs_from_adjacent (revision or OCR),far_from_issue_column_median;nsa_sa_totals_inconsistent,15,0
PAYNSA,NSA,1958-12,61935.0,51985.0,EI,1959-03,19590331,Economic Indicators issue month (last day); press release was earlier in that month,1,True,,,thousands,,,1,3,61935;61985,txt=51985|t300d=61985|t400=61935,,,neighbourhood_vote:51985.0->61935.0,,,,,NSA_SA_MISMATCH,FAR_FROM_ISSUE_COLUMN_MEDIAN,5.0,confirmed_by_adjacent_issue,far_from_issue_column_median;nsa_sa_totals_inconsistent,15,0
PAYNSA,NSA,1958-12,61935.0,51935.0,EI,1959-04,19590430,Economic Indicators issue month (last day); press release was earlier in that month,1,True,,,thousands,,,1,2,51935,txt=|t300d=61935|t400=51935,,sa_vs_nsa_total_reading_choice,neighbourhood_vote:51935.0->61935.0,,,,,NSA_SA_MISMATCH,,6.0,confirmed_by_adjacent_issue,nsa_sa_totals_inconsistent,15,0
PAYNSA,NSA,1958-12,61935.0,61935.0,EI,1959-05,19590531,Economic Indicators issue month (last day); press release was earlier in that month,1,True,,,thousands,,,3,3,,txt=61935|t300d=61935|t400=61935,,,,,,,,NSA_SA_MISMATCH,,8.0,confirmed_by_adjacent_issue,nsa_sa_totals_inconsistent,15,0
PAYNSA,NSA,1958-12,61935.0,61936.0,EI,1959-06,19590630,Economic Indicators issue month (last day); press release was earlier in that month,1,True,,,thousands,,,1,2,61935,txt=61936|t300d=|t400=61935,,,neighbourhood_vote:61936.0->61935.0,,,,,NSA_SA_MISMATCH,,8.0,confirmed_by_adjacent_issue,nsa_sa_totals_inconsistent,15,0
PAYNSA,NSA,1958-12,61935.0,61935.0,EI,1959-07,19590731,Economic Indicators issue month (last day); press release was earlier in that month,1,True,,,thousands,,,2,3,61985,txt=61935|t300d=61985|t400=61935,,,,,,,,NSA_SA_MISMATCH,,8.0,confirmed_by_adjacent_issue,nsa_sa_totals_inconsistent,15,0
PAYNSA,NSA,1958-12,61935.0,51935.0,EI,1959-08,19590831,Economic Indicators issue month (last day); press release was earlier in that month,1,True,,,thousands,,,1,3,61935;61985,txt=51935|t300d=61985|t400=61935,,,neighbourhood_vote:51935.0->61935.0,,,,,NSA_SA_MISMATCH,,7.0,confirmed_by_adjacent_issue,nsa_sa_totals_inconsistent,15,0
PAYNSA,NSA,1958-12,61935.0,51935.0,EI,1959-09,19590930,Economic Indicators issue month (last day); press release was earlier in that month,1,True,,,thousands,,,1,3,61935;61985,txt=51935|t300d=61935|t400=61985,,,neighbourhood_vote:51935.0->61935.0,,,spike_fixed:61935.0->51935.0,xissue_own_reading_fix:51935.0->61935.0,NSA_SA_MISMATCH,FAR_FROM_ISSUE_COLUMN_MEDIAN,8.0,confirmed_by_adjacent_issue,far_from_issue_column_median;nsa_sa_totals_inconsistent,15,0
PAYNSA,NSA,1958-12,61935.0,51935.0,EI,1959-10,19591031,Economic Indicators issue month (last day); press release was earlier in that month,1,True,,,thousands,,,2,3,51935,txt=51935|t300d=61935|t400=61935,,sa_vs_nsa_total_reading_choice,neighbourhood_vote:51935.0->61935.0,,,,,NSA_SA_MISMATCH,FAR_FROM_ISSUE_COLUMN_MEDIAN,7.0,confirmed_by_adjacent_issue,far_from_issue_column_median;nsa_sa_totals_inconsistent,15,0
PAYNSA,NSA,1958-12,61935.0,61935.0,EI,1959-11,19591130,Economic Indicators issue month (last day); press release was earlier in that month,1,True,,,thousands,,,2,3,41935,txt=61935|t300d=61935|t400=41935,,,,,,,,NSA_SA_MISMATCH,,6.0,confirmed_by_adjacent_issue,nsa_sa_totals_inconsistent,15,0
PAYNSA,NSA,1958-12,61935.0,51935.0,EI,1959-12,19591231,Economic Indicators issue month (last day); press release was earlier in that month,1,True,,,thousands,,,2,3,61935,txt=51935|t300d=51935|t400=61935,,,,,xissue_median_fix:51935.0->61935.0,,,NSA_SA_MISMATCH,FAR_FROM_ISSUE_COLUMN_MEDIAN,5.0,confirmed_by_adjacent_issue,far_from_issue_column_median;nsa_sa_totals_inconsistent,15,0
PAYNSA,NSA,1958-12,61985.0,51935.0,EI,1960-01,19600131,Economic Indicators issue month (last day); press release was earlier in that month,1,True,,,thousands,,,1,2,51935,txt=|t300d=61985|t400=51935,,sa_vs_nsa_total_reading_choice,,,xissue_median_fix:51935.0->61985.0,spike_fixed:61985.0->51935.0,xissue_own_reading_fix:51935.0->61985.0,NSA_SA_MISMATCH,FAR_FROM_ISSUE_COLUMN_MEDIAN,4.0,confirmed_by_adjacent_issue,far_from_issue_column_median;nsa_sa_totals_inconsistent,15,0
PAYNSA,NSA,1958-12,61985.0,51985.0,EI,1960-02,19600229,Economic Indicators issue month (last day); press release was earlier in that month,1,True,,,thousands,,,1,3,51935;61985,txt=51985|t300d=61985|t400=51935,,,neighbourhood_vote:51985.0->51935.0,,xissue_median_fix:51935.0->61985.0,SPIKE,,NSA_SA_MISMATCH,FAR_FROM_ISSUE_COLUMN_MEDIAN,4.0,confirmed_by_adjacent_issue,far_from_issue_column_median;nsa_sa_totals_inconsistent;isolated_spike_vs_adjacent_months,15,0
PAYNSA,NSA,1959-01,50266.0,50266.0,EI,1959-02,19590228,Economic Indicators issue month (last day); press release was earlier in that month,1,True,,,thousands,,,3,3,,txt=50266|t300d=50266|t400=50266,,,,,,SPIKE,,,,3.0,differs_from_adjacent (revision or OCR),isolated_spike_vs_adjacent_months,15,0
PAYNSA,NSA,1959-01,60310.0,50810.0,EI,1959-04,19590430,Economic Indicators issue month (last day); press release was earlier in that month,1,True,,,thousands,,,2,3,50810,txt=50810|t300d=60310|t400=60310,,sa_vs_nsa_total_reading_choice,neighbourhood_vote:50810.0->60310.0,,FAR_FROM_XISSUE_MEDIAN,,XISSUE_LEVEL_JUMP,NSA_SA_MISMATCH,,4.0,confirmed_by_adjacent_issue,nsa_sa_totals_inconsistent;far_from_median_of_all_prints;level_jump_vs_adjacent_issues,15,0
PAYNSA,NSA,1959-01,60310.0,50310.0,EI,1959-05,19590531,Economic Indicators issue month (last day); press release was earlier in that month,1,True,,,thousands,,,2,3,60310,txt=50310|t300d=50310|t400=60310,,,neighbourhood_vote:50310.0->60310.0,,xissue_median_fix:60310.0->50310.0,,xissue_own_reading_fix:50310.0->60310.0,NSA_SA_MISMATCH,,6.0,confirmed_by_adjacent_issue,nsa_sa_totals_inconsistent,15,0
PAYNSA,NSA,1959-01,60310.0,60310.0,EI,1959-06,19590630,Economic Indicators issue month (last day); press release was earlier in that month,1,True,,,thousands,,,1,2,40310,txt=|t300d=60310|t400=40310,,,,,FAR_FROM_XISSUE_MEDIAN,,,NSA_SA_MISMATCH,,7.0,confirmed_by_adjacent_issue,nsa_sa_totals_inconsistent;far_from_median_of_all_prints,15,0
PAYNSA,NSA,1959-01,60310.0,50310.0,EI,1959-07,19590731,Economic Indicators issue month (last day); press release was earlier in that month,1,True,,,thousands,,,2,3,50310,txt=50310|t300d=60310|t400=60310,,sa_vs_nsa_total_reading_choice,,,,,xissue_own_reading_fix:50310.0->60310.0,NSA_SA_MISMATCH,,6.0,confirmed_by_adjacent_issue,nsa_sa_totals_inconsistent,15,0
PAYNSA,NSA,1959-01,60310.0,50310.0,EI,1959-08,19590831,Economic Indicators issue month (last day); press release was earlier in that month,1,True,,,thousands,,,1,3,50310;650310,txt=60310|t300d=50310|t400=650310,,sa_vs_nsa_total_reading_choice,,,,spike_fixed:50310.0->60310.0,,NSA_SA_MISMATCH,,7.0,confirmed_by_adjacent_issue,nsa_sa_totals_inconsistent,15,0
PAYNSA,NSA,1959-01,60310.0,60310.0,EI,1959-11,19591130,Economic Indicators issue month (last day); press release was earlier in that month,1,True,,,thousands,,,3,3,,txt=60310|t300d=60310|t400=60310,,,,,FAR_FROM_XISSUE_MEDIAN,,XISSUE_LEVEL_JUMP,NSA_SA_MISMATCH,,3.0,OUTLIER_vs_adjacent_issues,xissue_outlier;nsa_sa_totals_inconsistent;far_from_median_of_all_prints;level_jump_vs_adjacent_issues,15,0
PAYNSA,NSA,1959-02,50283.0,50283.0,EI,1959-03,19590331,Economic Indicators issue month (last day); press release was earlier in that month,1,True,,,thousands,,,1,2,60283,txt=|t300d=50283|t400=60283,,,,,,,,,,1.0,differs_from_adjacent (revision or OCR),ocr_readings_disagree_unconfirmed,15,0
PAYNSA,NSA,1959-02,50306.0,50306.0,EI,1959-04,19590430,Economic Indicators issue month (last day); press release was earlier in that month,1,True,,,thousands,,,1,3,40306;60306,txt=50306|t300d=60306|t400=40306,,,,,,,,,FAR_FROM_ISSUE_COLUMN_MEDIAN,1.0,differs_from_adjacent (revision or OCR),ocr_readings_disagree_unconfirmed;far_from_issue_column_median,15,0
PAYNSA,NSA,1959-02,60315.0,60315.0,EI,1959-05,19590531,Economic Indicators issue month (last day); press release was earlier in that month,1,True,,,thousands,,,3,3,,txt=60315|t300d=60315|t400=60315,,,,,FAR_FROM_XISSUE_MEDIAN,SPIKE,,NSA_SA_MISMATCH,,4.0,differs_from_adjacent (revision or OCR),nsa_sa_totals_inconsistent;far_from_median_of_all_prints;isolated_spike_vs_adjacent_months,15,0
PAYNSA,NSA,1959-02,60815.0,60815.0,EI,1959-06,19590630,Economic Indicators issue month (last day); press release was earlier in that month,1,True,,,thousands,,,1,1,,txt=|t300d=|t400=60815,,,,,FAR_FROM_XISSUE_MEDIAN,,,NSA_SA_MISMATCH,,2.0,OUTLIER_vs_adjacent_issues,xissue_outlier;ocr_readings_disagree_unconfirmed;nsa_sa_totals_inconsistent;far_from_median_of_all_prints,15,0
PAYNSA,NSA,1959-02,60315.0,60316.0,EI,1959-07,19590731,Economic Indicators issue month (last day); press release was earlier in that month,1,True,,,thousands,,,2,3,60315,txt=60315|t300d=60316|t400=60316,,,neighbourhood_vote:60316.0->60315.0,,FAR_FROM_XISSUE_MEDIAN,SPIKE,,NSA_SA_MISMATCH,,4.0,OUTLIER_vs_adjacent_issues,xissue_outlier;nsa_sa_totals_inconsistent;far_from_median_of_all_prints;isolated_spike_vs_adjacent_months,15,0
PAYNSA,NSA,1959-02,60815.0,60815.0,EI,1959-08,19590831,Economic Indicators issue month (last day); press release was earlier in that month,1,True,,,thousands,,,1,2,60915,txt=60815|t300d=|t400=60915,,,,,FAR_FROM_XISSUE_MEDIAN,,,NSA_SA_MISMATCH,,2.0,differs_from_adjacent (revision or OCR),ocr_readings_disagree_unconfirmed;nsa_sa_totals_inconsistent;far_from_median_of_all_prints,15,0
PAYNSA,NSA,1959-02,50315.0,50815.0,EI,1959-11,19591130,Economic Indicators issue month (last day); press release was earlier in that month,1,True,,,thousands,,,1,3,50315;50815,txt=60315|t300d=50815|t400=50315,,sa_vs_nsa_total_reading_choice,neighbourhood_vote:50815.0->50315.0,,,,,,FAR_FROM_ISSUE_COLUMN_MEDIAN,8.0,confirmed_by_adjacent_issue,far_from_issue_column_median,15,0
PAYNSA,NSA,1959-03,60812.0,50812.0,EI,1959-04,19590430,Economic Indicators issue month (last day); press release was earlier in that month,1,True,,,thousands,,,2,3,50812,txt=50812|t300d=60812|t400=60812,,sa_vs_nsa_total_reading_choice,neighbourhood_vote:50812.0->60812.0,,xissue_median_fix:60812.0->50812.0,,xissue_own_reading_fix:50812.0->60812.0,NSA_SA_MISMATCH,,2.0,differs_from_adjacent (revision or OCR),nsa_sa_totals_inconsistent,15,0
PAYNSA,NSA,1959-03,60851.0,50861.0,EI,1959-05,19590531,Economic Indicators issue month (last day); press release was earlier in that month,1,True,,,thousands,,,1,2,60851;1861,txt=50861|t300d=60851|t400=,,,,,,spike_fixed:50861.0->60851.0,,NSA_SA_MISMATCH,,1.0,differs_from_adjacent (revision or OCR),ocr_readings_disagree_unconfirmed;nsa_sa_totals_inconsistent,15,0
PAYNSA,NSA,1959-03,60815.0,50878.0,EI,1959-06,19590630,Economic Indicators issue month (last day); press release was earlier in that month,1,True,,,thousands,,,2,3,60815,txt=50878|t300d=60815|t400=50878,,,,,,spike_fixed:50878.0->60815.0,,NSA_SA_MISMATCH,,5.0,differs_from_adjacent (revision or OCR),nsa_sa_totals_inconsistent,15,0
PAYNSA,NSA,1959-03,50878.0,50878.0,EI,1959-07,19590731,Economic Indicators issue month (last day); press release was earlier in that month,1,True,,,thousands,,,3,3,,txt=50878|t300d=50878|t400=50878,,,,,,SPIKE,XISSUE_LEVEL_JUMP,,FAR_FROM_ISSUE_COLUMN_MEDIAN,6.0,differs_from_adjacent (revision or OCR),far_from_issue_column_median;level_jump_vs_adjacent_issues;isolated_spike_vs_adjacent_months,15,0
PAYNSA,NSA,1959-03,60878.0,60878.0,EI,1959-08,19590831,Economic Indicators issue month (last day); press release was earlier in that month,1,True,,,thousands,,,2,2,,txt=60878|t300d=|t400=60878,,,,,FAR_FROM_XISSUE_MEDIAN,,XISSUE_LEVEL_JUMP,NSA_SA_MISMATCH,,5.0,OUTLIER_vs_adjacent_issues,xissue_outlier;nsa_sa_totals_inconsistent;far_from_median_of_all_prints;level_jump_vs_adjacent_issues,15,0
PAYNSA,NSA,1959-03,50878.0,50878.0,EI,1959-11,19591130,Economic Indicators issue month (last day); press release was earlier in that month,1,True,,,thousands,,,2,3,60878,txt=50878|t300d=60878|t400=50878,,,,,,,,,FAR_FROM_ISSUE_COLUMN_MEDIAN,8.0,confirmed_by_adjacent_issue,far_from_issue_column_median,15,0
PAYNSA,NSA,1959-03,60878.0,60878.0,EI,1960-05,19600531,Economic Indicators issue month (last day); press release was earlier in that month,1,True,,,thousands,,,2,2,,txt=|t300d=60878|t400=60878,,,,,FAR_FROM_XISSUE_MEDIAN,,XISSUE_LEVEL_JUMP,,FAR_FROM_ISSUE_COLUMN_MEDIAN,6.0,differs_from_adjacent (revision or OCR),far_from_issue_column_median;far_from_median_of_all_prints;level_jump_vs_adjacent_issues,15,0
PAYNSA,NSA,1959-04,61338.0,61338.0,EI,1959-05,19590531,Economic Indicators issue month (last day); press release was earlier in that month,1,True,,,thousands,,,1,3,61388;81338,txt=61338|t300d=61388|t400=81338,,,,,,,,NSA_SA_MISMATCH,,1.0,differs_from_adjacent (revision or OCR),ocr_readings_disagree_unconfirmed;nsa_sa_totals_inconsistent,15,0
PAYNSA,NSA,1959-04,61414.0,51414.0,EI,1959-06,19590630,Economic Indicators issue month (last day); press release was earlier in that month,1,True,,,thousands,,,1,2,61414,txt=|t300d=51414|t400=61414,,,,,xissue_median_fix:51414.0->61414.0,,,NSA_SA_MISMATCH,,1.0,differs_from_adjacent (revision or OCR),ocr_readings_disagree_unconfirmed;nsa_sa_totals_inconsistent,15,0
PAYNSA,NSA,1959-04,61480.0,61480.0,EI,1959-07,19590731,Economic Indicators issue month (last day); press release was earlier in that month,1,True,,,thousands,,,1,1,1480,txt=|t300d=61480|t400=,,,,,,,,NSA_SA_MISMATCH,,2.0,differs_from_adjacent (revision or OCR),ocr_readings_disagree_unconfirmed;nsa_sa_totals_inconsistent,15,0
PAYNSA,NSA,1959-04,61430.0,51430.0,EI,1959-08,19590831,Economic Indicators issue month (last day); press release was earlier in that month,1,True,,,thousands,,,1,2,51430;1430,txt=61430|t300d=|t400=51430,,sa_vs_nsa_total_reading_choice,,,xissue_median_fix:51430.0->61430.0,,,NSA_SA_MISMATCH,,3.0,OUTLIER_vs_adjacent_issues,xissue_outlier;nsa_sa_totals_inconsistent,15,0
PAYNSA,NSA,1959-04,61480.0,51430.0,EI,1959-09,19590930,Economic Indicators issue month (last day); press release was earlier in that month,1,True,,,thousands,,,1,3,61480;81480,txt=51430|t300d=61480|t400=81480,,,neighbourhood_vote:51430.0->61480.0,,,,,NSA_SA_MISMATCH,FAR_FROM_ISSUE_COLUMN_MEDIAN,5.0,confirmed_by_adjacent_issue,far_from_issue_column_median;nsa_sa_totals_inconsistent,15,0
PAYNSA,NSA,1959-04,61480.0,51430.0,EI,1959-10,19591031,Economic Indicators issue month (last day); press release was earlier in that month,1,True,,,thousands,,,1,3,61430;61480,txt=51430|t300d=61430|t400=61480,,,neighbourhood_vote:51430.0->61480.0,,,,,NSA_SA_MISMATCH,FAR_FROM_ISSUE_COLUMN_MEDIAN,6.0,confirmed_by_adjacent_issue,far_from_issue_column_median;nsa_sa_totals_inconsistent,15,0
PAYNSA,NSA,1959-04,61480.0,61480.0,EI,1959-11,19591130,Economic Indicators issue month (last day); press release was earlier in that month,1,True,,,thousands,,,2,3,61430,txt=61430|t300d=61480|t400=61480,,,,,,,,NSA_SA_MISMATCH,,6.0,confirmed_by_adjacent_issue,nsa_sa_totals_inconsistent,15,0
PAYNSA,NSA,1959-04,61480.0,61480.0,EI,1959-12,19591231,Economic Indicators issue month (last day); press release was earlier in that month,1,True,,,thousands,,,2,3,61430,txt=61430|t300d=61480|t400=61480,,,,,,,,NSA_SA_MISMATCH,FAR_FROM_ISSUE_COLUMN_MEDIAN,6.0,confirmed_by_adjacent_issue,far_from_issue_column_median;nsa_sa_totals_inconsistent,15,0
PAYNSA,NSA,1959-04,51480.0,51480.0,EI,1960-01,19600131,Economic Indicators issue month (last day); press release was earlier in that month,1,True,,,thousands,,,2,3,51430,txt=51430|t300d=51480|t400=51480,,,,,FAR_FROM_XISSUE_MEDIAN,,XISSUE_LEVEL_JUMP,,,3.0,OUTLIER_vs_adjacent_issues,xissue_outlier;far_from_median_of_all_prints;level_jump_vs_adjacent_issues,15,0
PAYNSA,NSA,1959-04,61480.0,51480.0,EI,1960-02,19600229,Economic Indicators issue month (last day); press release was earlier in that month,1,True,,,thousands,,,1,3,51430;61480,txt=51480|t300d=61480|t400=51430,,,neighbourhood_vote:51480.0->61480.0,,,,,NSA_SA_MISMATCH,FAR_FROM_ISSUE_COLUMN_MEDIAN,6.0,confirmed_by_adjacent_issue,far_from_issue_column_median;nsa_sa_totals_inconsistent,15,0
PAYNSA,NSA,1959-04,61480.0,51430.0,EI,1960-03,19600331,Economic Indicators issue month (last day); press release was earlier in that month,1,True,,,thousands,,,1,3,41480;61480,txt=51430|t300d=61480|t400=41480,,,,,xissue_median_fix:51430.0->61480.0,,,NSA_SA_MISMATCH,FAR_FROM_ISSUE_COLUMN_MEDIAN,5.0,confirmed_by_adjacent_issue,far_from_issue_column_median;nsa_sa_totals_inconsistent,15,0
PAYNSA,NSA,1959-04,51430.0,51430.0,EI,1960-05,19600531,Economic Indicators issue month (last day); press release was earlier in that month,1,True,,,thousands,,,1,2,51480,txt=51430|t300d=|t400=51480,,,,,FAR_FROM_XISSUE_MEDIAN,SPIKE,,,,3.0,confirmed_by_adjacent_issue,far_from_median_of_all_prints;isolated_spike_vs_adjacent_months,15,0
PAYNSA,NSA,1959-05,61956.0,61956.0,EI,1959-06,19590630,Economic Indicators issue month (last day); press release was earlier in that month,1,True,,,thousands,,,2,3,61966,txt=61956|t300d=61966|t400=61956,,,,,,,,NSA_SA_MISMATCH,,2.0,differs_from_adjacent (revision or OCR),nsa_sa_totals_inconsistent,15,0
PAYNSA,NSA,1959-05,61988.0,51983.0,EI,1959-07,19590731,Economic Indicators issue month (last day); press release was earlier in that month,1,True,,,thousands,,,1,3,61983;61988,txt=51983|t300d=61983|t400=61988,,,neighbourhood_vote:51983.0->61988.0,,,,,NSA_SA_MISMATCH,,2.0,differs_from_adjacent (revision or OCR),ocr_readings_disagree_unconfirmed;nsa_sa_totals_inconsistent,15,0
PAYNSA,NSA,1959-05,61982.0,61982.0,EI,1959-08,19590831,Economic Indicators issue month (last day); press release was earlier in that month,1,True,,,thousands,,,1,2,61988,txt=61982|t300d=61988|t400=,,,,,,,,NSA_SA_MISMATCH,,5.0,confirmed_by_adjacent_issue,nsa_sa_totals_inconsistent,15,0
PAYNSA,NSA,1959-05,61982.0,51982.0,EI,1959-09,19590930,Economic Indicators issue month (last day); press release was earlier in that month,1,True,,,thousands,,,2,3,51982,txt=51982|t300d=61982|t400=61982,,sa_vs_nsa_total_reading_choice,neighbourhood_vote:51982.0->61982.0,,,,,NSA_SA_MISMATCH,FAR_FROM_ISSUE_COLUMN_MEDIAN,8.0,confirmed_by_adjacent_issue,far_from_issue_column_median;nsa_sa_totals_inconsistent,15,0
PAYNSA,NSA,1959-05,61982.0,51982.0,EI,1959-10,19591031,Economic Indicators issue month (last day); press release was earlier in that month,1,True,,,thousands,,,2,3,51982,txt=51982|t300d=61982|t400=61982,,sa_vs_nsa_total_reading_choice,neighbourhood_vote:51982.0->61982.0,,,,,NSA_SA_MISMATCH,FAR_FROM_ISSUE_COLUMN_MEDIAN,9.0,confirmed_by_adjacent_issue,far_from_issue_column_median;nsa_sa_totals_inconsistent,15,0
PAYNSA,NSA,1959-05,61982.0,61982.0,EI,1959-11,19591130,Economic Indicators issue month (last day); press release was earlier in that month,1,True,,,thousands,,,3,3,,txt=61982|t300d=61982|t400=61982,,,,,,,,NSA_SA_MISMATCH,,9.0,confirmed_by_adjacent_issue,nsa_sa_totals_inconsistent,15,0
PAYNSA,NSA,1959-05,61982.0,51982.0,EI,1959-12,19591231,Economic Indicators issue month (last day); press release was earlier in that month,1,True,,,thousands,,,2,3,61982,txt=51982|t300d=61982|t400=51982,,,neighbourhood_vote:51982.0->61982.0,,,,,NSA_SA_MISMATCH,FAR_FROM_ISSUE_COLUMN_MEDIAN,9.0,confirmed_by_adjacent_issue,far_from_issue_column_median;nsa_sa_totals_inconsistent,15,0
PAYNSA,NSA,1959-05,61982.0,51982.0,EI,1960-01,19600131,Economic Indicators issue month (last day); press release was earlier in that month,1,True,,,thousands,,,1,3,61982;81982,txt=51982|t300d=61982|t400=81982,,,neighbourhood_vote:51982.0->61982.0,,,spike_fixed:61982.0->51982.0,xissue_own_reading_fix:51982.0->61982.0,NSA_SA_MISMATCH,FAR_FROM_ISSUE_COLUMN_MEDIAN,8.0,confirmed_by_adjacent_issue,far_from_issue_column_median;nsa_sa_totals_inconsistent,15,0
PAYNSA,NSA,1959-05,61982.0,51982.0,EI,1960-02,19600229,Economic Indicators issue month (last day); press release was earlier in that month,1,True,,,thousands,,,2,3,51982,txt=51982|t300d=61982|t400=61982,,sa_vs_nsa_total_reading_choice,,,xissue_median_fix:51982.0->61982.0,,,NSA_SA_MISMATCH,FAR_FROM_ISSUE_COLUMN_MEDIAN,7.0,confirmed_by_adjacent_issue,far_from_issue_column_median;nsa_sa_totals_inconsistent,15,0
PAYNSA,NSA,1959-05,61982.0,51982.0,EI,1960-03,19600331,Economic Indicators issue month (last day); press release was earlier in that month,1,True,,,thousands,,,1,3,61982;81982,txt=51982|t300d=61982|t400=81982,,,,,xissue_median_fix:51982.0->61982.0,,,NSA_SA_MISMATCH,FAR_FROM_ISSUE_COLUMN_MEDIAN,6.0,confirmed_by_adjacent_issue,far_from_issue_column_median;nsa_sa_totals_inconsistent,15,0
PAYNSA,NSA,1959-05,51982.0,51982.0,EI,1960-04,19600430,Economic Indicators issue month (last day); press release was earlier in that month,1,True,,,thousands,,,2,2,,txt=51982|t300d=|t400=51982,,,,,FAR_FROM_XISSUE_MEDIAN,,,,,6.0,confirmed_by_adjacent_issue,far_from_median_of_all_prints,15,0
PAYNSA,NSA,1959-06,62616.0,62616.0,EI,1959-07,19590731,Economic Indicators issue month (last day); press release was earlier in that month,1,True,,,thousands,,,2,3,68616,txt=62616|t300d=62616|t400=68616,,,,,FAR_FROM_XISSUE_MEDIAN,,XISSUE_LEVEL_JUMP,NSA_SA_MISMATCH,,2.0,differs_from_adjacent (revision or OCR),nsa_sa_totals_inconsistent;far_from_median_of_all_prints;level_jump_vs_adjacent_issues,15,0
PAYNSA,NSA,1959-06,52680.0,52680.0,EI,1959-08,19590831,Economic Indicators issue month (last day); press release was earlier in that month,1,True,,,thousands,,,2,2,,txt=52680|t300d=|t400=52680,,,,,,SPIKE,,,FAR_FROM_ISSUE_COLUMN_MEDIAN,2.0,differs_from_adjacent (revision or OCR),far_from_issue_column_median;isolated_spike_vs_adjacent_months,15,0
PAYNSA,NSA,1959-06,62680.0,62680.0,EI,1959-11,19591130,Economic Indicators issue month (last day); press release was earlier in that month,1,True,,,thousands,,,2,3,68680,txt=68680|t300d=62680|t400=62680,,,,,FAR_FROM_XISSUE_MEDIAN,,XISSUE_LEVEL_JUMP,NSA_SA_MISMATCH,,2.0,OUTLIER_vs_adjacent_issues,xissue_outlier;nsa_sa_totals_inconsistent;far_from_median_of_all_prints;level_jump_vs_adjacent_issues,15,0
PAYNSA,NSA,1959-07,62354.0,62354.0,EI,1959-08,19590831,Economic Indicators issue month (last day); press release was earlier in that month,1,True,,,thousands,,,1,2,62364,txt=62354|t300d=|t400=62364,,,,,FAR_FROM_XISSUE_MEDIAN,,XISSUE_LEVEL_JUMP,NSA_SA_MISMATCH,,1.0,differs_from_adjacent (revision or OCR),ocr_readings_disagree_unconfirmed;nsa_sa_totals_inconsistent;far_from_median_of_all_prints;level_jump_vs_adjacent_issues,15,0
PAYNSA,NSA,1959-07,52343.0,52343.0,EI,1959-10,19591031,Economic Indicators issue month (last day); press release was earlier in that month,1,True,,,thousands,,,1,3,52843;52848,txt=52343|t300d=52848|t400=52843,,,,,,,,,,2.0,differs_from_adjacent (revision or OCR),ocr_readings_disagree_unconfirmed,15,0
PAYNSA,NSA,1959-07,652843.0,652843.0,EI,1959-11,19591130,Economic Indicators issue month (last day); press release was earlier in that month,1,True,,,thousands,,,1,2,62343,txt=|t300d=652843|t400=62343,,,,,FAR_FROM_XISSUE_MEDIAN,,XISSUE_LEVEL_JUMP,NSA_SA_MISMATCH,FAR_FROM_ISSUE_COLUMN_MEDIAN,1.0,OUTLIER_vs_adjacent_issues,xissue_outlier;ocr_readings_disagree_unconfirmed;far_from_issue_column_median;nsa_sa_totals_inconsistent;far_from_median_of_all_prints;level_jump_vs_adjacent_issues,15,0
PAYNSA,NSA,1959-07,52343.0,52343.0,EI,1959-12,19591231,Economic Indicators issue month (last day); press release was earlier in that month,1,True,,,thousands,,,1,3,62848;68348,txt=52343|t300d=68348|t400=62848,,,,,,,,,,2.0,differs_from_adjacent (revision or OCR),ocr_readings_disagree_unconfirmed,15,0
PAYNSA,NSA,1959-07,52348.0,52348.0,EI,1960-01,19600131,Economic Indicators issue month (last day); press release was earlier in that month,1,True,,,thousands,,,1,3,62843;62848,txt=52348|t300d=62848|t400=62843,,,,,,,,,,2.0,differs_from_adjacent (revision or OCR),ocr_readings_disagree_unconfirmed,15,0
PAYNSA,NSA,1959-07,52848.0,52848.0,EI,1960-02,19600229,Economic Indicators issue month (last day); press release was earlier in that month,1,True,,,thousands,,,1,3,62343;62849,txt=52848|t300d=62849|t400=62343,,,,,,,,,,1.0,OUTLIER_vs_adjacent_issues,xissue_outlier;ocr_readings_disagree_unconfirmed,15,0
PAYNSA,NSA,1959-07,52843.0,52843.0,EI,1960-04,19600430,Economic Indicators issue month (last day); press release was earlier in that month,1,True,,,thousands,,,1,3,52343;62384,txt=52843|t300d=62384|t400=52343,,,,,,,,,,2.0,OUTLIER_vs_adjacent_issues,xissue_outlier;ocr_readings_disagree_unconfirmed,15,0
PAYNSA,NSA,1959-07,52348.0,62848.0,EI,1960-05,19600531,Economic Indicators issue month (last day); press release was earlier in that month,1,True,,,thousands,,,1,2,52348,txt=|t300d=62848|t400=52348,,,neighbourhood_vote:62848.0->52348.0,,,,,,,2.0,OUTLIER_vs_adjacent_issues,xissue_outlier;ocr_readings_disagree_unconfirmed,15,0
PAYNSA,NSA,1959-07,52843.0,52843.0,EI,1960-06,19600630,Economic Indicators issue month (last day); press release was earlier in that month,1,True,,,thousands,,,1,3,62343;68848,txt=52843|t300d=68848|t400=62343,,,,,,,,,,2.0,differs_from_adjacent (revision or OCR),ocr_readings_disagree_unconfirmed,15,0
PAYNSA,NSA,1959-07,52848.0,52848.0,EI,1960-07,19600731,Economic Indicators issue month (last day); press release was earlier in that month,1,True,,,thousands,,,1,3,68349;68843,txt=52848|t300d=68843|t400=68349,,,,,,,,,,2.0,differs_from_adjacent (revision or OCR),ocr_readings_disagree_unconfirmed,15,0
PAYNSA,NSA,1959-07,52343.0,68848.0,EI,1960-08,19600831,Economic Indicators issue month (last day); press release was earlier in that month,1,True,,,thousands,,,1,2,52343,txt=|t300d=68848|t400=52343,,,,,FAR_FROM_XISSUE_MEDIAN,spike_fixed:68848.0->52343.0,,,,2.0,differs_from_adjacent (revision or OCR),ocr_readings_disagree_unconfirmed;far_from_median_of_all_prints,15,0
PAYNSA,NSA,1959-07,62343.0,52848.0,EI,1960-09,19600930,Economic Indicators issue month (last day); press release was earlier in that month,1,True,,,thousands,,,1,2,62343,txt=|t300d=52848|t400=62343,,,,,,spike_fixed:52848.0->62343.0,XISSUE_LEVEL_JUMP,,,2.0,differs_from_adjacent (revision or OCR),ocr_readings_disagree_unconfirmed;level_jump_vs_adjacent_issues,16,0
PAYNSA,NSA,1959-08,52066.0,52066.0,EI,1959-11,19591130,Economic Indicators issue month (last day); press release was earlier in that month,1,True,,,thousands,,,1,3,62066;682066,txt=52066|t300d=62066|t400=682066,,,,,,,,,FAR_FROM_ISSUE_COLUMN_MEDIAN,5.0,confirmed_by_adjacent_issue,far_from_issue_column_median,15,0
PAYNSA,NSA,1959-08,62066.0,68068.0,EI,1960-09,19600930,Economic Indicators issue month (last day); press release was earlier in that month,1,True,,,thousands,,,1,2,62066,txt=68068|t300d=|t400=62066,,,neighbourhood_vote:68068.0->62066.0,,FAR_FROM_XISSUE_MEDIAN,,XISSUE_LEVEL_JUMP,,,3.0,differs_from_adjacent (revision or OCR),far_from_median_of_all_prints;level_jump_vs_adjacent_issues,16,0
PAYNSA,NSA,1959-08,58066.0,58066.0,EI,1960-10,19601031,Economic Indicators issue month (last day); press release was earlier in that month,1,True,,,thousands,,,1,2,68066;1066,txt=|t300d=58066|t400=68066,,,,,FAR_FROM_XISSUE_MEDIAN,SPIKE,XISSUE_LEVEL_JUMP,,,1.0,differs_from_adjacent (revision or OCR),ocr_readings_disagree_unconfirmed;far_from_median_of_all_prints;level_jump_vs_adjacent_issues;isolated_spike_vs_adjacent_months,15,0
PAYNSA,NSA,1959-09,52660.0,52660.0,EI,1959-11,19591130,Economic Indicators issue month (last day); press release was earlier in that month,1,True,,,thousands,,,1,1,,txt=|t300d=|t400=52660,,,,,,,,,FAR_FROM_ISSUE_COLUMN_MEDIAN,1.0,differs_from_adjacent (revision or OCR),ocr_readings_disagree_unconfirmed;far_from_issue_column_median,15,0
PAYNSA,NSA,1959-09,62648.0,62648.0,EI,1960-09,19600930,Economic Indicators issue month (last day); press release was earlier in that month,1,True,,,thousands,,,2,3,62848,txt=62848|t300d=62648|t400=62648,,,,,FAR_FROM_XISSUE_MEDIAN,,,,,8.0,confirmed_by_adjacent_issue,far_from_median_of_all_prints,16,0
PAYNSA,NSA,1959-09,62648.0,62648.0,EI,1960-10,19601031,Economic Indicators issue month (last day); press release was earlier in that month,1,True,,,thousands,,,2,3,68048,txt=68048|t300d=62648|t400=62648,,,,,FAR_FROM_XISSUE_MEDIAN,,,,,8.0,confirmed_by_adjacent_issue,far_from_median_of_all_prints,15,0
PAYNSA,NSA,1959-09,62648.0,62648.0,EI,1960-11,19601130,Economic Indicators issue month (last day); press release was earlier in that month,1,True,,,thousands,,,2,3,58648,txt=62648|t300d=58648|t400=62648,,,,,FAR_FROM_XISSUE_MEDIAN,,,,,6.0,confirmed_by_adjacent_issue,far_from_median_of_all_prints,15,0
PAYNSA,NSA,1959-10,62573.0,62573.0,EI,1959-11,19591130,Economic Indicators issue month (last day); press release was earlier in that month,1,True,,,thousands,,,1,2,2573,txt=62573|t300d=|t400=2573,,,,,FAR_FROM_XISSUE_MEDIAN,SPIKE,XISSUE_LEVEL_JUMP,NSA_SA_MISMATCH,,1.0,differs_from_adjacent (revision or OCR),ocr_readings_disagree_unconfirmed;nsa_sa_totals_inconsistent;far_from_median_of_all_prints;level_jump_vs_adjacent_issues;isolated_spike_vs_adjacent_months,15,0
PAYNSA,NSA,1959-10,52561.0,52561.0,EI,1959-12,19591231,Economic Indicators issue month (last day); press release was earlier in that month,1,True,,,thousands,,,1,3,62561;62562,txt=52561|t300d=62562|t400=62561,,,,,,,,,,1.0,differs_from_adjacent (revision or OCR),ocr_readings_disagree_unconfirmed,15,0
PAYNSA,NSA,1959-10,62669.0,62669.0,EI,1960-09,19600930,Economic Indicators issue month (last day); press release was earlier in that month,1,True,,,thousands,,,2,3,68569,txt=68569|t300d=62669|t400=62669,,,,,FAR_FROM_XISSUE_MEDIAN,,,,,5.0,confirmed_by_adjacent_issue,far_from_median_of_all_prints,16,0
PAYNSA,NSA,1959-10,62669.0,62669.0,EI,1960-10,19601031,Economic Indicators issue month (last day); press release was earlier in that month,1,True,,,thousands,,,1,1,,txt=|t300d=62669|t400=,,,,,FAR_FROM_XISSUE_MEDIAN,,,,,5.0,confirmed_by_adjacent_issue,far_from_median_of_all_prints,15,0
PAYNSA,NSA,1959-10,52569.0,52669.0,EI,1960-11,19601130,Economic Indicators issue month (last day); press release was earlier in that month,1,True,,,thousands,,,1,2,52569,txt=52669|t300d=|t400=52569,,,neighbourhood_vote:52669.0->52569.0,,,,,,FAR_FROM_ISSUE_COLUMN_MEDIAN,2.0,confirmed_by_adjacent_issue,far_from_issue_column_median,15,0
PAYNSA,NSA,1959-10,52569.0,52569.0,EI,1960-12,19601231,Economic Indicators issue month (last day); press release was earlier in that month,1,True,,,thousands,,,1,2,62569;1889,txt=|t300d=52569|t400=62569,,,,,,,,,FAR_FROM_ISSUE_COLUMN_MEDIAN,2.0,confirmed_by_adjacent_issue,far_from_issue_column_median,15,0
PAYNSA,NSA,1959-11,52658.0,52658.0,EI,1959-12,19591231,Economic Indicators issue month (last day); press release was earlier in that month,1,True,,,thousands,,,1,2,58658,txt=52658|t300d=58658|t400=,,,,,,,,,,1.0,differs_from_adjacent (revision or OCR),ocr_readings_disagree_unconfirmed,15,0
PAYNSA,NSA,1959-11,68798.0,68798.0,EI,1960-09,19600930,Economic Indicators issue month (last day); press release was earlier in that month,1,True,,,thousands,,,1,2,62798,txt=|t300d=68798|t400=62798,,,,,FAR_FROM_XISSUE_MEDIAN,,,NSA_SA_MISMATCH,FAR_FROM_ISSUE_COLUMN_MEDIAN,2.0,differs_from_adjacent (revision or OCR),ocr_readings_disagree_unconfirmed;far_from_issue_column_median;nsa_sa_totals_inconsistent;far_from_median_of_all_prints,16,0
PAYNSA,NSA,1959-11,69793.0,69793.0,EI,1960-10,19601031,Economic Indicators issue month (last day); press release was earlier in that month,1,True,,,thousands,,,1,2,62788;1793,txt=|t300d=69793|t400=62788,,,,,FAR_FROM_XISSUE_MEDIAN,,,NSA_SA_MISMATCH,FAR_FROM_ISSUE_COLUMN_MEDIAN,1.0,OUTLIER_vs_adjacent_issues,xissue_outlier;ocr_readings_disagree_unconfirmed;far_from_issue_column_median;nsa_sa_totals_inconsistent;far_from_median_of_all_prints,15,0
PAYNSA,NSA,1959-11,68798.0,68798.0,EI,1960-11,19601130,Economic Indicators issue month (last day); press release was earlier in that month,1,True,,,thousands,,,1,2,62793,txt=|t300d=68798|t400=62793,,,,,FAR_FROM_XISSUE_MEDIAN,SPIKE,,NSA_SA_MISMATCH,FAR_FROM_ISSUE_COLUMN_MEDIAN,2.0,differs_from_adjacent (revision or OCR),ocr_readings_disagree_unconfirmed;far_from_issue_column_median;nsa_sa_totals_inconsistent;far_from_median_of_all_prints;isolated_spike_vs_adjacent_months,15,0
PAYNSA,NSA,1959-11,52793.0,52793.0,EI,1960-12,19601231,Economic Indicators issue month (last day); press release was earlier in that month,1,True,,,thousands,,,2,2,,txt=|t300d=52793|t400=52793,,,,,,,,,FAR_FROM_ISSUE_COLUMN_MEDIAN,4.0,confirmed_by_adjacent_issue,far_from_issue_column_median,15,0
PAYNSA,NSA,1959-12,53789.0,53789.0,EI,1960-02,19600229,Economic Indicators issue month (last day); press release was earlier in that month,1,True,,,thousands,,,1,3,3739;53789,txt=58789|t300d=3739|t400=53789,,sa_vs_nsa_total_reading_choice,,,,,,,,1.0,differs_from_adjacent (revision or OCR),ocr_readings_disagree_unconfirmed,15,0
PAYNSA,NSA,1959-12,68756.0,65756.0,EI,1960-09,19600930,Economic Indicators issue month (last day); press release was earlier in that month,1,True,,,thousands,,,1,2,68756;1756,txt=|t300d=65756|t400=68756,,,neighbourhood_vote:65756.0->68756.0,,FAR_FROM_XISSUE_MEDIAN,,XISSUE_LEVEL_JUMP,NSA_SA_MISMATCH,FAR_FROM_ISSUE_COLUMN_MEDIAN,2.0,OUTLIER_vs_adjacent_issues,xissue_outlier;ocr_readings_disagree_unconfirmed;far_from_issue_column_median;nsa_sa_totals_inconsistent;far_from_median_of_all_prints;level_jump_vs_adjacent_issues,16,0
PAYNSA,NSA,1959-12,53756.0,53756.0,EI,1960-10,19601031,Economic Indicators issue month (last day); press release was earlier in that month,1,True,,,thousands,,,1,2,53756,txt=|t300d=63766|t400=53756,,sa_vs_nsa_total_reading_choice,,,,,,,FAR_FROM_ISSUE_COLUMN_MEDIAN,3.0,differs_from_adjacent (revision or OCR),far_from_issue_column_median,15,0
PAYNSA,NSA,1959-12,53766.0,53766.0,EI,1960-11,19601130,Economic Indicators issue month (last day); press release was earlier in that month,1,True,,,thousands,,,1,1,1768,txt=|t300d=|t400=53766,,,,,,,,,FAR_FROM_ISSUE_COLUMN_MEDIAN,1.0,differs_from_adjacent (revision or OCR),ocr_readings_disagree_unconfirmed;far_from_issue_column_median,15,0
PAYNSA,NSA,1959-12,53768.0,53768.0,EI,1960-12,19601231,Economic Indicators issue month (last day); press release was earlier in that month,1,True,,,thousands,,,1,3,68760;68766,txt=53768|t300d=68760|t400=68766,,,,,,,,,FAR_FROM_ISSUE_COLUMN_MEDIAN,1.0,differs_from_adjacent (revision or OCR),ocr_readings_disagree_unconfirmed;far_from_issue_column_median,15,0
PAYNSA,NSA,1960-01,62078.0,62078.0,EI,1960-09,19600930,Economic Indicators issue month (last day); press release was earlier in that month,1,True,,,thousands,,,3,3,,txt=62078|t300d=62078|t400=62078,,,,,,,,NSA_SA_MISMATCH,,6.0,confirmed_by_adjacent_issue,nsa_sa_totals_inconsistent,16,0
PAYNSA,NSA,1960-01,62078.0,58078.0,EI,1960-10,19601031,Economic Indicators issue month (last day); press release was earlier in that month,1,True,,,thousands,,,1,2,62078,txt=58078|t300d=62078|t400=,,,neighbourhood_vote:58078.0->62078.0,,,,,NSA_SA_MISMATCH,,6.0,confirmed_by_adjacent_issue,nsa_sa_totals_inconsistent,15,0
PAYNSA,NSA,1960-01,62078.0,68078.0,EI,1960-11,19601130,Economic Indicators issue month (last day); press release was earlier in that month,1,True,,,thousands,,,1,2,62078,txt=|t300d=68078|t400=62078,,,neighbourhood_vote:68078.0->62078.0,,,,,NSA_SA_MISMATCH,,7.0,confirmed_by_adjacent_issue,nsa_sa_totals_inconsistent,15,0
PAYNSA,NSA,1960-01,62078.0,62078.0,EI,1960-12,19601231,Economic Indicators issue month (last day); press release was earlier in that month,1,True,,,thousands,,,1,1,1078,txt=|t300d=|t400=62078,,,,,,,,NSA_SA_MISMATCH,,5.0,confirmed_by_adjacent_issue,nsa_sa_totals_inconsistent,15,0
PAYNSA,NSA,1960-01,62078.0,52078.0,EI,1961-01,19610131,Economic Indicators issue month (last day); press release was earlier in that month,1,True,,,thousands,,,1,3,42078;62078,txt=52078|t300d=42078|t400=62078,,,neighbourhood_vote:52078.0->62078.0,,,,,NSA_SA_MISMATCH,FAR_FROM_ISSUE_COLUMN_MEDIAN,5.0,confirmed_by_adjacent_issue,far_from_issue_column_median;nsa_sa_totals_inconsistent,15,0
PAYNSA,NSA,1960-01,62078.0,52078.0,EI,1961-02,19610228,Economic Indicators issue month (last day); press release was earlier in that month,1,True,,,thousands,,,1,2,62078;1078,txt=52078|t300d=62078|t400=,,,neighbourhood_vote:52078.0->62078.0,,,,,NSA_SA_MISMATCH,FAR_FROM_ISSUE_COLUMN_MEDIAN,4.0,confirmed_by_adjacent_issue,far_from_issue_column_median;nsa_sa_totals_inconsistent,15,0
PAYNSA,NSA,1960-01,62078.0,52078.0,EI,1961-03,19610331,Economic Indicators issue month (last day); press release was earlier in that month,1,True,,,thousands,,,1,3,42078;62078,txt=52078|t300d=62078|t400=42078,,,,,,,xissue_own_reading_fix:52078.0->62078.0,NSA_SA_MISMATCH,FAR_FROM_ISSUE_COLUMN_MEDIAN,3.0,confirmed_by_adjacent_issue,far_from_issue_column_median;nsa_sa_totals_inconsistent,15,0
PAYNSA,NSA,1960-02,52037.0,52037.0,EI,1960-04,19600430,Economic Indicators issue month (last day); press release was earlier in that month,1,True,,,thousands,,,1,3,62037;62087,txt=52037|t300d=62037|t400=62087,,,,,,,,,,1.0,differs_from_adjacent (revision or OCR),ocr_readings_disagree_unconfirmed,15,0
PAYNSA,NSA,1960-02,52060.0,52060.0,EI,1960-09,19600930,Economic Indicators issue month (last day); press release was earlier in that month,1,True,,,thousands,,,1,2,52060,txt=|t300d=62060|t400=52060,,sa_vs_nsa_total_reading_choice,,,,spike_fixed:52060.0->62060.0,xissue_own_reading_fix:62060.0->52060.0,,FAR_FROM_ISSUE_COLUMN_MEDIAN,8.0,confirmed_by_adjacent_issue,far_from_issue_column_median,16,0
PAYNSA,NSA,1960-02,52060.0,52060.0,EI,1960-10,19601031,Economic Indicators issue month (last day); press release was earlier in that month,1,True,,,thousands,,,2,2,,txt=|t300d=52060|t400=52060,,,,,,SPIKE,,,FAR_FROM_ISSUE_COLUMN_MEDIAN,6.0,confirmed_by_adjacent_issue,far_from_issue_column_median;isolated_spike_vs_adjacent_months,15,0
PAYNSA,NSA,1960-02,52060.0,52060.0,EI,1960-11,19601130,Economic Indicators issue month (last day); press release was earlier in that month,1,True,,,thousands,,,1,1,,txt=|t300d=|t400=52060,,,,,,SPIKE,,,FAR_FROM_ISSUE_COLUMN_MEDIAN,8.0,confirmed_by_adjacent_issue,far_from_issue_column_median;isolated_spike_vs_adjacent_months,15,0
PAYNSA,NSA,1960-03,52150.0,52150.0,EI,1960-05,19600531,Economic Indicators issue month (last day); press release was earlier in that month,1,True,,,thousands,,,1,3,62150;68160,txt=52150|t300d=68160|t400=62150,,,,,,,,,,1.0,differs_from_adjacent (revision or OCR),ocr_readings_disagree_unconfirmed,15,0
PAYNSA,NSA,1960-03,62172.0,62172.0,EI,1960-09,19600930,Economic Indicators issue month (last day); press release was earlier in that month,1,True,,,thousands,,,1,1,,txt=|t300d=|t400=62172,,t400:trail_digit_dropped,,,FAR_FROM_XISSUE_MEDIAN,,,NSA_SA_MISMATCH,,5.0,confirmed_by_adjacent_issue,nsa_sa_totals_inconsistent;far_from_median_of_all_prints,16,0
PAYNSA,NSA,1960-03,62172.0,68177.0,EI,1960-10,19601031,Economic Indicators issue month (last day); press release was earlier in that month,1,True,,,thousands,,,1,2,62172,txt=|t300d=68177|t400=62172,,t300d:trail_digit_dropped,neighbourhood_vote:68177.0->62172.0,,FAR_FROM_XISSUE_MEDIAN,,,NSA_SA_MISMATCH,,5.0,confirmed_by_adjacent_issue,nsa_sa_totals_inconsistent;far_from_median_of_all_prints,15,0
PAYNSA,NSA,1960-03,62172.0,62172.0,EI,1960-11,19601130,Economic Indicators issue month (last day); press release was earlier in that month,1,True,,,thousands,,,1,1,,txt=|t300d=|t400=62172,,,,,FAR_FROM_XISSUE_MEDIAN,,,,,5.0,confirmed_by_adjacent_issue,far_from_median_of_all_prints,15,0
PAYNSA,NSA,1960-03,62172.0,62172.0,EI,1960-12,19601231,Economic Indicators issue month (last day); press release was earlier in that month,1,True,,,thousands,,,2,3,62178,txt=62178|t300d=62172|t400=62172,,,,,FAR_FROM_XISSUE_MEDIAN,,,NSA_SA_MISMATCH,,4.0,confirmed_by_adjacent_issue,nsa_sa_totals_inconsistent;far_from_median_of_all_prints,15,0
PAYNSA,NSA,1960-04,52824.0,52824.0,EI,1960-06,19600630,Economic Indicators issue month (last day); press release was earlier in that month,1,True,,,thousands,,,1,3,68824;828824,txt=52824|t300d=68824|t400=828824,,,,,,,,,,1.0,differs_from_adjacent (revision or OCR),ocr_readings_disagree_unconfirmed,15,0
PAYNSA,NSA,1960-04,68844.0,68844.0,EI,1960-09,19600930,Economic Indicators issue month (last day); press release was earlier in that month,1,True,,,thousands,,,3,3,,txt=68844|t300d=68844|t400=68844,,,,,FAR_FROM_XISSUE_MEDIAN,SPIKE,XISSUE_LEVEL_JUMP,NSA_SA_MISMATCH,FAR_FROM_ISSUE_COLUMN_MEDIAN,5.0,confirmed_by_adjacent_issue,far_from_issue_column_median;nsa_sa_totals_inconsistent;far_from_median_of_all_prints;level_jump_vs_adjacent_issues;isolated_spike_vs_adjacent_months,16,0
PAYNSA,NSA,1960-04,68844.0,62844.0,EI,1960-10,19601031,Economic Indicators issue month (last day); press release was earlier in that month,1,True,,,thousands,,,1,2,68844;1844,txt=|t300d=62844|t400=68844,,,,,FAR_FROM_XISSUE_MEDIAN,,xissue_own_reading_fix:62844.0->68844.0,NSA_SA_MISMATCH,FAR_FROM_ISSUE_COLUMN_MEDIAN,5.0,confirmed_by_adjacent_issue,far_from_issue_column_median;nsa_sa_totals_inconsistent;far_from_median_of_all_prints,15,0
PAYNSA,NSA,1960-04,52844.0,52844.0,EI,1960-12,19601231,Economic Indicators issue month (last day); press release was earlier in that month,1,True,,,thousands,,,1,2,52844;1844,txt=68844|t300d=|t400=52844,,sa_vs_nsa_total_reading_choice,,,,,,,FAR_FROM_ISSUE_COLUMN_MEDIAN,5.0,confirmed_by_adjacent_issue,far_from_issue_column_median,15,0
PAYNSA,NSA,1960-04,62844.0,62844.0,EI,1961-05,19610531,Economic Indicators issue month (last day); press release was earlier in that month,1,True,,,thousands,,,3,3,,txt=62844|t300d=62844|t400=62844,,,,,FAR_FROM_XISSUE_MEDIAN,,XISSUE_LEVEL_JUMP,NSA_SA_MISMATCH,FAR_FROM_ISSUE_COLUMN_MEDIAN,5.0,OUTLIER_vs_adjacent_issues,xissue_outlier;far_from_issue_column_median;nsa_sa_totals_inconsistent;far_from_median_of_all_prints;level_jump_vs_adjacent_issues,15,0
PAYNSA,NSA,1960-04,52844.0,52844.0,EI,1961-06,19610630,Economic Indicators issue month (last day); press release was earlier in that month,1,True,,,thousands,,,2,3,528844,txt=52844|t300d=528844|t400=52844,,,,,,,XISSUE_LEVEL_JUMP,,,3.0,differs_from_adjacent (revision or OCR),level_jump_vs_adjacent_issues,15,0
PAYNSA,NSA,1960-05,52951.0,52951.0,EI,1960-07,19600731,Economic Indicators issue month (last day); press release was earlier in that month,1,True,,,thousands,,,1,2,628951;1951,txt=52951|t300d=628951|t400=,,,,,,,,,,1.0,differs_from_adjacent (revision or OCR),ocr_readings_disagree_unconfirmed,15,0
PAYNSA,NSA,1960-05,62967.0,62967.0,EI,1960-09,19600930,Economic Indicators issue month (last day); press release was earlier in that month,1,True,,,thousands,,,2,2,,txt=|t300d=62967|t400=62967,,,,,FAR_FROM_XISSUE_MEDIAN,,,NSA_SA_MISMATCH,,5.0,confirmed_by_adjacent_issue,nsa_sa_totals_inconsistent;far_from_median_of_all_prints,16,0
PAYNSA,NSA,1960-05,62967.0,62967.0,EI,1960-10,19601031,Economic Indicators issue month (last day); press release was earlier in that month,1,True,,,thousands,,,2,2,,txt=|t300d=62967|t400=62967,,,,,FAR_FROM_XISSUE_MEDIAN,,,NSA_SA_MISMATCH,,5.0,confirmed_by_adjacent_issue,nsa_sa_totals_inconsistent;far_from_median_of_all_prints,15,0
PAYNSA,NSA,1960-05,62967.0,68967.0,EI,1960-11,19601130,Economic Indicators issue month (last day); press release was earlier in that month,1,True,,,thousands,,,1,2,62967,txt=68967|t300d=|t400=62967,,,neighbourhood_vote:68967.0->62967.0,,FAR_FROM_XISSUE_MEDIAN,,,NSA_SA_MISMATCH,,5.0,confirmed_by_adjacent_issue,nsa_sa_totals_inconsistent;far_from_median_of_all_prints,15,0
PAYNSA,NSA,1960-05,62947.0,68957.0,EI,1960-12,19601231,Economic Indicators issue month (last day); press release was earlier in that month,1,True,,,thousands,,,1,3,62947;62987,txt=68957|t300d=62947|t400=62987,,,,,FAR_FROM_XISSUE_MEDIAN,,xissue_own_reading_fix:68957.0->62947.0,NSA_SA_MISMATCH,,1.0,differs_from_adjacent (revision or OCR),ocr_readings_disagree_unconfirmed;nsa_sa_totals_inconsistent;far_from_median_of_all_prints,15,0
PAYNSA,NSA,1960-05,62957.0,52057.0,EI,1961-05,19610531,Economic Indicators issue month (last day); press release was earlier in that month,1,True,,,thousands,,,1,3,62957;628957,txt=52057|t300d=628957|t400=62957,,,neighbourhood_vote:52057.0->62957.0,,FAR_FROM_XISSUE_MEDIAN,,XISSUE_LEVEL_JUMP,NSA_SA_MISMATCH,FAR_FROM_ISSUE_COLUMN_MEDIAN,3.0,OUTLIER_vs_adjacent_issues,xissue_outlier;far_from_issue_column_median;nsa_sa_totals_inconsistent;far_from_median_of_all_prints;level_jump_vs_adjacent_issues,15,0
PAYNSA,NSA,1960-06,53209.0,53209.0,EI,1960-07,19600731,Economic Indicators issue month (last day); press release was earlier in that month,1,True,,,thousands,,,1,3,53209;68209,txt=58209|t300d=68209|t400=53209,,sa_vs_nsa_total_reading_choice,,,,,,,,1.0,differs_from_adjacent (revision or OCR),ocr_readings_disagree_unconfirmed,15,0
PAYNSA,NSA,1960-06,58809.0,58809.0,EI,1960-09,19600930,Economic Indicators issue month (last day); press release was earlier in that month,1,True,,,thousands,,,1,1,,txt=|t300d=|t400=58809,,,,,,,XISSUE_LEVEL_JUMP,NSA_SA_MISMATCH,,1.0,differs_from_adjacent (revision or OCR),ocr_readings_disagree_unconfirmed;nsa_sa_totals_inconsistent;level_jump_vs_adjacent_issues,16,0
PAYNSA,NSA,1960-06,68309.0,68809.0,EI,1960-10,19601031,Economic Indicators issue month (last day); press release was earlier in that month,1,True,,,thousands,,,1,2,68309,txt=|t300d=68809|t400=68309,,,neighbourhood_vote:68809.0->68309.0,,FAR_FROM_XISSUE_MEDIAN,,XISSUE_LEVEL_JUMP,NSA_SA_MISMATCH,FAR_FROM_ISSUE_COLUMN_MEDIAN,2.0,differs_from_adjacent (revision or OCR),ocr_readings_disagree_unconfirmed;far_from_issue_column_median;nsa_sa_totals_inconsistent;far_from_median_of_all_prints;level_jump_vs_adjacent_issues,15,0
PAYNSA,NSA,1960-06,8307.0,8307.0,EI,1960-11,19601130,Economic Indicators issue month (last day); press release was earlier in that month,1,True,,,thousands,,,1,2,63809,txt=|t300d=8307|t400=63809,,,,,FAR_FROM_XISSUE_MEDIAN,,XISSUE_LEVEL_JUMP,NSA_SA_MISMATCH,FAR_FROM_ISSUE_COLUMN_MEDIAN,1.0,OUTLIER_vs_adjacent_issues,xissue_outlier;ocr_readings_disagree_unconfirmed;far_from_issue_column_median;nsa_sa_totals_inconsistent;far_from_median_of_all_prints;level_jump_vs_adjacent_issues,15,0
PAYNSA,NSA,1960-06,68309.0,63309.0,EI,1960-12,19601231,Economic Indicators issue month (last day); press release was earlier in that month,1,True,,,thousands,,,1,2,68309,txt=|t300d=63309|t400=68309,,,neighbourhood_vote:63309.0->68309.0,,FAR_FROM_XISSUE_MEDIAN,,XISSUE_LEVEL_JUMP,NSA_SA_MISMATCH,FAR_FROM_ISSUE_COLUMN_MEDIAN,2.0,differs_from_adjacent (revision or OCR),ocr_readings_disagree_unconfirmed;far_from_issue_column_median;nsa_sa_totals_inconsistent;far_from_median_of_all_prints;level_jump_vs_adjacent_issues,15,0
PAYNSA,NSA,1960-06,53309.0,53309.0,EI,1961-01,19610131,Economic Indicators issue month (last day); press release was earlier in that month,1,True,,,thousands,,,2,3,53309,txt=53309|t300d=88809|t400=88809,,sa_vs_nsa_total_reading_choice,neighbourhood_vote:53309.0->88809.0,,FAR_FROM_XISSUE_MEDIAN,spike_fixed:88809.0->53309.0,XISSUE_LEVEL_JUMP,,,2.0,differs_from_adjacent (revision or OCR),far_from_median_of_all_prints;level_jump_vs_adjacent_issues,15,0
PAYNSA,NSA,1960-06,58309.0,58309.0,EI,1961-02,19610228,Economic Indicators issue month (last day); press release was earlier in that month,1,True,,,thousands,,,1,3,58809;638809,txt=58309|t300d=58809|t400=638809,,,,,,SPIKE,XISSUE_LEVEL_JUMP,NSA_SA_MISMATCH,FAR_FROM_ISSUE_COLUMN_MEDIAN,1.0,differs_from_adjacent (revision or OCR),ocr_readings_disagree_unconfirmed;far_from_issue_column_median;nsa_sa_totals_inconsistent;level_jump_vs_adjacent_issues;isolated_spike_vs_adjacent_months,15,0
PAYNSA,NSA,1960-06,68809.0,68809.0,EI,1961-03,19610331,Economic Indicators issue month (last day); press release was earlier in that month,1,True,,,thousands,,,1,1,1809,txt=|t300d=68809|t400=,,,,,FAR_FROM_XISSUE_MEDIAN,SPIKE,XISSUE_LEVEL_JUMP,NSA_SA_MISMATCH,FAR_FROM_ISSUE_COLUMN_MEDIAN,1.0,differs_from_adjacent (revision or OCR),ocr_readings_disagree_unconfirmed;far_from_issue_column_median;nsa_sa_totals_inconsistent;far_from_median_of_all_prints;level_jump_vs_adjacent_issues;isolated_spike_vs_adjacent_months,15,0
PAYNSA,NSA,1960-06,53309.0,53309.0,EI,1961-04,19610430,Economic Indicators issue month (last day); press release was earlier in that month,1,True,,,thousands,,,1,3,63309;68309,txt=53309|t300d=68309|t400=63309,,,,,,,XISSUE_LEVEL_JUMP,,,2.0,confirmed_by_adjacent_issue,level_jump_vs_adjacent_issues,15,0
PAYNSA,NSA,1960-06,58809.0,68809.0,EI,1961-06,19610630,Economic Indicators issue month (last day); press release was earlier in that month,1,True,,,thousands,,,2,3,58809,txt=58809|t300d=68809|t400=68809,,,,,xissue_median_fix:68809.0->58809.0,SPIKE,XISSUE_LEVEL_JUMP,NSA_SA_MISMATCH,FAR_FROM_ISSUE_COLUMN_MEDIAN,3.0,OUTLIER_vs_adjacent_issues,xissue_outlier;far_from_issue_column_median;nsa_sa_totals_inconsistent;level_jump_vs_adjacent_issues;isolated_spike_vs_adjacent_months,15,0
PAYNSA,NSA,1960-06,53309.0,53309.0,EI,1961-07,19610731,Economic Indicators issue month (last day); press release was earlier in that month,1,True,,,thousands,,,1,3,68809;538309,txt=53309|t300d=68809|t400=538309,,,neighbourhood_vote:53309.0->68809.0,,FAR_FROM_XISSUE_MEDIAN,spike_fixed:68809.0->53309.0,XISSUE_LEVEL_JUMP,,,3.0,OUTLIER_vs_adjacent_issues,xissue_outlier;far_from_median_of_all_prints;level_jump_vs_adjacent_issues,15,0
PAYNSA,NSA,1960-06,58809.0,58809.0,EI,1961-08,19610831,Economic Indicators issue month (last day); press release was earlier in that month,1,True,,,thousands,,,2,3,538309,txt=58809|t300d=58809|t400=538309,,,,,,SPIKE,XISSUE_LEVEL_JUMP,NSA_SA_MISMATCH,FAR_FROM_ISSUE_COLUMN_MEDIAN,3.0,differs_from_adjacent (revision or OCR),far_from_issue_column_median;nsa_sa_totals_inconsistent;level_jump_vs_adjacent_issues;isolated_spike_vs_adjacent_months,15,0
PAYNSA,NSA,1960-07,52910.0,52910.0,EI,1960-08,19600831,Economic Indicators issue month (last day); press release was earlier in that month,1,True,,,thousands,,,1,3,2910;82910,txt=52910|t300d=2910|t400=82910,,,,,,,XISSUE_LEVEL_JUMP,,,1.0,differs_from_adjacent (revision or OCR),ocr_readings_disagree_unconfirmed;level_jump_vs_adjacent_issues,15,0
PAYNSA,NSA,1960-07,68984.0,68984.0,EI,1960-09,19600930,Economic Indicators issue month (last day); press release was earlier in that month,1,True,,,thousands,,,1,2,68934,txt=|t300d=68984|t400=68934,,,,,FAR_FROM_XISSUE_MEDIAN,,XISSUE_LEVEL_JUMP,NSA_SA_MISMATCH,FAR_FROM_ISSUE_COLUMN_MEDIAN,1.0,differs_from_adjacent (revision or OCR),ocr_readings_disagree_unconfirmed;far_from_issue_column_median;nsa_sa_totals_inconsistent;far_from_median_of_all_prints;level_jump_vs_adjacent_issues,16,0
PAYNSA,NSA,1960-07,58988.0,58988.0,EI,1960-10,19601031,Economic Indicators issue month (last day); press release was earlier in that month,1,True,,,thousands,,,1,1,,txt=|t300d=58988|t400=,,,,,FAR_FROM_XISSUE_MEDIAN,SPIKE,XISSUE_LEVEL_JUMP,NSA_SA_MISMATCH,,1.0,differs_from_adjacent (revision or OCR),ocr_readings_disagree_unconfirmed;nsa_sa_totals_inconsistent;far_from_median_of_all_prints;level_jump_vs_adjacent_issues;isolated_spike_vs_adjacent_months,15,0
PAYNSA,NSA,1960-07,428923.0,428923.0,EI,1960-11,19601130,Economic Indicators issue month (last day); press release was earlier in that month,1,True,,,thousands,,,1,1,,txt=|t300d=|t400=428923,,,,,FAR_FROM_XISSUE_MEDIAN,,XISSUE_LEVEL_JUMP,NSA_SA_MISMATCH,FAR_FROM_ISSUE_COLUMN_MEDIAN,1.0,differs_from_adjacent (revision or OCR),ocr_readings_disagree_unconfirmed;far_from_issue_column_median;nsa_sa_totals_inconsistent;far_from_median_of_all_prints;level_jump_vs_adjacent_issues,15,0
PAYNSA,NSA,1960-07,68923.0,68923.0,EI,1960-12,19601231,Economic Indicators issue month (last day); press release was earlier in that month,1,True,,,thousands,,,1,2,62923;1928,txt=68923|t300d=|t400=62923,,,,,FAR_FROM_XISSUE_MEDIAN,,XISSUE_LEVEL_JUMP,NSA_SA_MISMATCH,FAR_FROM_ISSUE_COLUMN_MEDIAN,2.0,differs_from_adjacent (revision or OCR),ocr_readings_disagree_unconfirmed;far_from_issue_column_median;nsa_sa_totals_inconsistent;far_from_median_of_all_prints;level_jump_vs_adjacent_issues,15,0
PAYNSA,NSA,1960-07,62923.0,63023.0,EI,1961-05,19610531,Economic Indicators issue month (last day); press release was earlier in that month,1,True,,,thousands,,,1,3,62923;62928,txt=63023|t300d=62923|t400=62928,,,neighbourhood_vote:63023.0->62923.0,,FAR_FROM_XISSUE_MEDIAN,,XISSUE_LEVEL_JUMP,NSA_SA_MISMATCH,FAR_FROM_ISSUE_COLUMN_MEDIAN,4.0,OUTLIER_vs_adjacent_issues,xissue_outlier;far_from_issue_column_median;nsa_sa_totals_inconsistent;far_from_median_of_all_prints;level_jump_vs_adjacent_issues,15,0
PAYNSA,NSA,1960-07,52928.0,52928.0,EI,1961-08,19610831,Economic Indicators issue month (last day); press release was earlier in that month,1,True,,,thousands,,,1,3,62923;68983,txt=52928|t300d=68983|t400=62923,,,,,,,,,,2.0,OUTLIER_vs_adjacent_issues,xissue_outlier;ocr_readings_disagree_unconfirmed,15,0
PAYNSA,NSA,1960-07,52923.0,52923.0,EI,1961-09,19610930,Economic Indicators issue month (last day); press release was earlier in that month,1,True,,,thousands,,,1,1,,txt=52923|t300d=|t400=,,,,,,,,,,2.0,differs_from_adjacent (revision or OCR),ocr_readings_disagree_unconfirmed,15,0
PAYNSA,NSA,1960-08,68107.0,68107.0,EI,1960-09,19600930,Economic Indicators issue month (last day); press release was earlier in that month,1,True,,,thousands,,,1,2,58102;1103,txt=|t300d=68107|t400=58102,,,,,FAR_FROM_XISSUE_MEDIAN,,,NSA_SA_MISMATCH,FAR_FROM_ISSUE_COLUMN_MEDIAN,1.0,differs_from_adjacent (revision or OCR),ocr_readings_disagree_unconfirmed;far_from_issue_column_median;nsa_sa_totals_inconsistent;far_from_median_of_all_prints,16,0
PAYNSA,NSA,1960-08,68062.0,68062.0,EI,1960-10,19601031,Economic Indicators issue month (last day); press release was earlier in that month,1,True,,,thousands,,,2,2,,txt=|t300d=68062|t400=68062,,,,,FAR_FROM_XISSUE_MEDIAN,,,NSA_SA_MISMATCH,FAR_FROM_ISSUE_COLUMN_MEDIAN,2.0,differs_from_adjacent (revision or OCR),far_from_issue_column_median;nsa_sa_totals_inconsistent;far_from_median_of_all_prints,15,0
PAYNSA,NSA,1960-08,53062.0,53062.0,EI,1960-11,19601130,Economic Indicators issue month (last day); press release was earlier in that month,1,True,,,thousands,,,1,1,,txt=|t300d=|t400=53062,,,,,,,XISSUE_LEVEL_JUMP,,FAR_FROM_ISSUE_COLUMN_MEDIAN,2.0,differs_from_adjacent (revision or OCR),ocr_readings_disagree_unconfirmed;far_from_issue_column_median;level_jump_vs_adjacent_issues,15,0
PAYNSA,NSA,1960-08,59408.0,59408.0,EI,1960-12,19601231,Economic Indicators issue month (last day); press release was earlier in that month,1,True,,,thousands,,,1,1,1062,txt=|t300d=59408|t400=,,t300d:no_sep,,,FAR_FROM_XISSUE_MEDIAN,,XISSUE_LEVEL_JUMP,NSA_SA_MISMATCH,,1.0,OUTLIER_vs_adjacent_issues,xissue_outlier;ocr_readings_disagree_unconfirmed;nsa_sa_totals_inconsistent;far_from_median_of_all_prints;level_jump_vs_adjacent_issues,15,0
PAYNSA,NSA,1960-08,3062.0,3062.0,EI,1961-05,19610531,Economic Indicators issue month (last day); press release was earlier in that month,1,True,,,thousands,,,1,1,1062,txt=3062|t300d=|t400=,,,,,FAR_FROM_XISSUE_MEDIAN,,XISSUE_LEVEL_JUMP,NSA_SA_MISMATCH,FAR_FROM_ISSUE_COLUMN_MEDIAN,1.0,OUTLIER_vs_adjacent_issues,xissue_outlier;ocr_readings_disagree_unconfirmed;far_from_issue_column_median;nsa_sa_totals_inconsistent;far_from_median_of_all_prints;level_jump_vs_adjacent_issues,15,0
PAYNSA,NSA,1960-09,53488.0,53488.0,EI,1960-10,19601031,Economic Indicators issue month (last day); press release was earlier in that month,1,True,,,thousands,,,1,3,53488;65488,txt=68488|t300d=65488|t400=53488,,sa_vs_nsa_total_reading_choice,,,,,,,FAR_FROM_ISSUE_COLUMN_MEDIAN,1.0,differs_from_adjacent (revision or OCR),ocr_readings_disagree_unconfirmed;far_from_issue_column_median,15,0
PAYNSA,NSA,1960-09,53446.0,53446.0,EI,1960-11,19601130,Economic Indicators issue month (last day); press release was earlier in that month,1,True,,,thousands,,,2,3,68446,txt=53446|t300d=68446|t400=53446,,,,,,,,,FAR_FROM_ISSUE_COLUMN_MEDIAN,2.0,differs_from_adjacent (revision or OCR),far_from_issue_column_median,15,0
PAYNSA,NSA,1960-09,53498.0,53498.0,EI,1961-03,19610331,Economic Indicators issue month (last day); press release was earlier in that month,1,True,,,thousands,,,1,2,58496;1496,txt=53498|t300d=58496|t400=,,,neighbourhood_vote:53498.0->58496.0,,,spike_fixed:58496.0->53498.0,,,,3.0,OUTLIER_vs_adjacent_issues,xissue_outlier,15,0
PAYNSA,NSA,1960-10,63435.0,63435.0,EI,1960-11,19601130,Economic Indicators issue month (last day); press release was earlier in that month,1,True,,,thousands,,,1,1,,txt=|t300d=|t400=63435,,,,,FAR_FROM_XISSUE_MEDIAN,SPIKE,XISSUE_LEVEL_JUMP,NSA_SA_MISMATCH,,1.0,differs_from_adjacent (revision or OCR),ocr_readings_disagree_unconfirmed;nsa_sa_totals_inconsistent;far_from_median_of_all_prints;level_jump_vs_adjacent_issues;isolated_spike_vs_adjacent_months,15,0
PAYNSA,NSA,1960-10,53386.0,53386.0,EI,1960-12,19601231,Economic Indicators issue month (last day); press release was earlier in that month,1,True,,,thousands,,,1,1,,txt=53386|t300d=|t400=,,,,,,,,,FAR_FROM_ISSUE_COLUMN_MEDIAN,1.0,differs_from_adjacent (revision or OCR),ocr_readings_disagree_unconfirmed;far_from_issue_column_median,15,0
PAYNSA,NSA,1960-10,53891.0,53891.0,EI,1961-02,19610228,Economic Indicators issue month (last day); press release was earlier in that month,1,True,,,thousands,,,1,2,68391;1391,txt=53891|t300d=68391|t400=,,,,,,,,,,1.0,OUTLIER_vs_adjacent_issues,xissue_outlier;ocr_readings_disagree_unconfirmed,15,0
PAYNSA,NSA,1960-10,58891.0,58891.0,EI,1961-08,19610831,Economic Indicators issue month (last day); press release was earlier in that month,1,True,,,thousands,,,1,3,88391;538391,txt=58891|t300d=88391|t400=538391,,,,,FAR_FROM_XISSUE_MEDIAN,SPIKE,XISSUE_LEVEL_JUMP,NSA_SA_MISMATCH,FAR_FROM_ISSUE_COLUMN_MEDIAN,2.0,OUTLIER_vs_adjacent_issues,xissue_outlier;ocr_readings_disagree_unconfirmed;far_from_issue_column_median;nsa_sa_totals_inconsistent;far_from_median_of_all_prints;level_jump_vs_adjacent_issues;isolated_spike_vs_adjacent_months,15,0
PAYNSA,NSA,1960-11,83248.0,83248.0,EI,1960-12,19601231,Economic Indicators issue month (last day); press release was earlier in that month,1,True,,,thousands,,,1,1,,txt=|t300d=|t400=83248,,,,,FAR_FROM_XISSUE_MEDIAN,,XISSUE_LEVEL_JUMP,NSA_SA_MISMATCH,FAR_FROM_ISSUE_COLUMN_MEDIAN,1.0,differs_from_adjacent (revision or OCR),ocr_readings_disagree_unconfirmed;far_from_issue_column_median;nsa_sa_totals_inconsistent;far_from_median_of_all_prints;level_jump_vs_adjacent_issues,15,0
PAYNSA,NSA,1960-11,53183.0,53183.0,EI,1961-01,19610131,Economic Indicators issue month (last day); press release was earlier in that month,1,True,,,thousands,,,2,3,53133,txt=53133|t300d=53183|t400=53183,,,,,,,XISSUE_LEVEL_JUMP,,,2.0,differs_from_adjacent (revision or OCR),level_jump_vs_adjacent_issues,15,0
PAYNSA,NSA,1960-11,58188.0,58188.0,EI,1961-02,19610228,Economic Indicators issue month (last day); press release was earlier in that month,1,True,,,thousands,,,2,2,1183,txt=58188|t300d=58188|t400=,,,,,,SPIKE,XISSUE_LEVEL_JUMP,NSA_SA_MISMATCH,FAR_FROM_ISSUE_COLUMN_MEDIAN,3.0,differs_from_adjacent (revision or OCR),far_from_issue_column_median;nsa_sa_totals_inconsistent;level_jump_vs_adjacent_issues;isolated_spike_vs_adjacent_months,15,0
PAYNSA,NSA,1960-11,63133.0,63133.0,EI,1961-05,19610531,Economic Indicators issue month (last day); press release was earlier in that month,1,True,,,thousands,,,1,2,68188;1188,txt=63133|t300d=|t400=68188,,,,,FAR_FROM_XISSUE_MEDIAN,SPIKE,XISSUE_LEVEL_JUMP,NSA_SA_MISMATCH,FAR_FROM_ISSUE_COLUMN_MEDIAN,2.0,differs_from_adjacent (revision or OCR),ocr_readings_disagree_unconfirmed;far_from_issue_column_median;nsa_sa_totals_inconsistent;far_from_median_of_all_prints;level_jump_vs_adjacent_issues;isolated_spike_vs_adjacent_months,15,0
PAYNSA,NSA,1960-12,53316.0,53316.0,EI,1961-01,19610131,Economic Indicators issue month (last day); press release was earlier in that month,1,True,,,thousands,,,1,3,58316;458316,txt=53316|t300d=58316|t400=458316,,,,,,,,,,1.0,differs_from_adjacent (revision or OCR),ocr_readings_disagree_unconfirmed,15,0
PAYNSA,NSA,1960-12,53803.0,53803.0,EI,1961-02,19610228,Economic Indicators issue month (last day); press release was earlier in that month,1,True,,,thousands,,,1,3,58303;58308,txt=53803|t300d=58308|t400=58303,,,,,,,,,,1.0,differs_from_adjacent (revision or OCR),ocr_readings_disagree_unconfirmed,15,0
PAYNSA,NSA,1960-12,54706.0,54706.0,EI,1962-02,19620228,Economic Indicators issue month (last day); press release was earlier in that month,1,True,,,thousands,,,2,2,1706,txt=54706|t300d=|t400=54706,,,,,,,,NSA_SA_MISMATCH,,7.0,confirmed_by_adjacent_issue,nsa_sa_totals_inconsistent,15,0
PAYNSA,NSA,1961-01,61487.0,61437.0,EI,1961-05,19610531,Economic Indicators issue month (last day); press release was earlier in that month,1,True,,,thousands,,,1,2,61487,txt=|t300d=61437|t400=61487,,,neighbourhood_vote:61437.0->61487.0,,FAR_FROM_XISSUE_MEDIAN,,XISSUE_LEVEL_JUMP,NSA_SA_MISMATCH,FAR_FROM_ISSUE_COLUMN_MEDIAN,2.0,OUTLIER_vs_adjacent_issues,xissue_outlier;ocr_readings_disagree_unconfirmed;far_from_issue_column_median;nsa_sa_totals_inconsistent;far_from_median_of_all_prints;level_jump_vs_adjacent_issues,15,0
PAYNSA,NSA,1961-01,51487.0,51487.0,EI,1961-08,19610831,Economic Indicators issue month (last day); press release was earlier in that month,1,True,,,thousands,,,1,3,41437;41487,txt=51487|t300d=41487|t400=41437,,,,,,,,,,2.0,OUTLIER_vs_adjacent_issues,xissue_outlier;ocr_readings_disagree_unconfirmed,15,0
PAYNSA,NSA,1961-02,61090.0,61090.0,EI,1961-05,19610531,Economic Indicators issue month (last day); press release was earlier in that month,1,True,,,thousands,,,2,3,41090,txt=61090|t300d=61090|t400=41090,,,,,FAR_FROM_XISSUE_MEDIAN,,XISSUE_LEVEL_JUMP,NSA_SA_MISMATCH,FAR_FROM_ISSUE_COLUMN_MEDIAN,2.0,differs_from_adjacent (revision or OCR),far_from_issue_column_median;nsa_sa_totals_inconsistent;far_from_median_of_all_prints;level_jump_vs_adjacent_issues,15,0
PAYNSA,NSA,1961-02,52598.0,52598.0,EI,1962-02,19620228,Economic Indicators issue month (last day); press release was earlier in that month,1,True,,,thousands,,,1,1,,txt=|t300d=|t400=52598,,,,,,,,,,1.0,OUTLIER_vs_adjacent_issues,xissue_outlier;ocr_readings_disagree_unconfirmed,15,0
PAYNSA,NSA,1961-03,51461.0,51461.0,EI,1961-04,19610430,Economic Indicators issue month (last day); press release was earlier in that month,1,True,,,thousands,,,2,3,81461,txt=51461|t300d=51461|t400=81461,,,,,,,XISSUE_LEVEL_JUMP,,,2.0,differs_from_adjacent (revision or OCR),level_jump_vs_adjacent_issues,15,0
PAYNSA,NSA,1961-04,51775.0,51775.0,EI,1961-05,19610531,Economic Indicators issue month (last day); press release was earlier in that month,1,True,,,thousands,,,2,3,51775,txt=51775|t300d=61778|t400=61778,,sa_vs_nsa_total_reading_choice,neighbourhood_vote:51775.0->61778.0,,FAR_FROM_XISSUE_MEDIAN,,xissue_own_reading_fix:61778.0->51775.0,,,2.0,differs_from_adjacent (revision or OCR),far_from_median_of_all_prints,15,0
PAYNSA,NSA,1961-04,51825.0,51825.0,EI,1961-06,19610630,Economic Indicators issue month (last day); press release was earlier in that month,1,True,,,thousands,,,2,3,51825,txt=51825|t300d=61825|t400=61825,,sa_vs_nsa_total_reading_choice,neighbourhood_vote:51825.0->61825.0,,FAR_FROM_XISSUE_MEDIAN,spike_fixed:61825.0->51825.0,,,,2.0,differs_from_adjacent (revision or OCR),far_from_median_of_all_prints,15,0
PAYNSA,NSA,1961-05,52298.0,52298.0,EI,1961-06,19610630,Economic Indicators issue month (last day); press release was earlier in that month,1,True,,,thousands,,,1,3,62298;462298,txt=52298|t300d=62298|t400=462298,,,,,,,,,,1.0,differs_from_adjacent (revision or OCR),ocr_readings_disagree_unconfirmed,15,0
PAYNSA,NSA,1961-05,52379.0,52379.0,EI,1961-07,19610731,Economic Indicators issue month (last day); press release was earlier in that month,1,True,,,thousands,,,1,2,3879;1879,txt=52379|t300d=|t400=3879,,,,,,,,,,1.0,differs_from_adjacent (revision or OCR),ocr_readings_disagree_unconfirmed,15,0
PAYNSA,NSA,1961-05,58708.0,58708.0,EI,1962-02,19620228,Economic Indicators issue month (last day); press release was earlier in that month,1,True,,,thousands,,,1,2,68708,txt=58708|t300d=|t400=68708,,,,,FAR_FROM_XISSUE_MEDIAN,SPIKE,XISSUE_LEVEL_JUMP,NSA_SA_MISMATCH,,2.0,confirmed_by_adjacent_issue,nsa_sa_totals_inconsistent;far_from_median_of_all_prints;level_jump_vs_adjacent_issues;isolated_spike_vs_adjacent_months,15,0
PAYNSA,NSA,1961-05,58708.0,53708.0,EI,1962-03,19620331,Economic Indicators issue month (last day); press release was earlier in that month,1,True,,,thousands,,,1,3,48708;58708,txt=53708|t300d=48708|t400=58708,,,,,,,xissue_own_reading_fix:53708.0->58708.0,NSA_SA_MISMATCH,,4.0,confirmed_by_adjacent_issue,nsa_sa_totals_inconsistent,15,0
PAYNSA,NSA,1961-06,53116.0,53116.0,EI,1961-08,19610831,Economic Indicators issue month (last day); press release was earlier in that month,1,True,,,thousands,,,2,3,53116,txt=53116|t300d=83116|t400=83116,,sa_vs_nsa_total_reading_choice,neighbourhood_vote:53116.0->83116.0,,FAR_FROM_XISSUE_MEDIAN,spike_fixed:83116.0->53116.0,,,,2.0,differs_from_adjacent (revision or OCR),far_from_median_of_all_prints,15,0
PAYNSA,NSA,1961-07,52858.0,52858.0,EI,1961-09,19610930,Economic Indicators issue month (last day); press release was earlier in that month,1,True,,,thousands,,,1,3,59858;82858,txt=52858|t300d=59858|t400=82858,,,,,,,,,,1.0,differs_from_adjacent (revision or OCR),ocr_readings_disagree_unconfirmed,15,0
PAYNSA,NSA,1961-07,52851.0,52851.0,EI,1961-10,19611031,Economic Indicators issue month (last day); press release was earlier in that month,1,True,,,thousands,,,1,2,62851;1851,txt=52851|t300d=62851|t400=,,,,,,,,,,1.0,differs_from_adjacent (revision or OCR),ocr_readings_disagree_unconfirmed,15,0
PAYNSA,NSA,1961-08,53153.0,53153.0,EI,1961-10,19611031,Economic Indicators issue month (last day); press release was earlier in that month,1,True,,,thousands,,,1,3,43153;88153,txt=53153|t300d=88153|t400=43153,,,,,,,,,,1.0,differs_from_adjacent (revision or OCR),ocr_readings_disagree_unconfirmed,15,0
PAYNSA,NSA,1961-08,54638.0,54638.0,EI,1961-12,19611231,Economic Indicators issue month (last day); press release was earlier in that month,1,True,,,thousands,,,1,3,64538;64588,txt=54638|t300d=64538|t400=64588,,,neighbourhood_vote:54638.0->64588.0,,xissue_median_fix:64588.0->54638.0,,,,,2.0,OUTLIER_vs_adjacent_issues,xissue_outlier;ocr_readings_disagree_unconfirmed,15,0
PAYNSA,NSA,1961-08,54538.0,54538.0,EI,1962-03,19620331,Economic Indicators issue month (last day); press release was earlier in that month,1,True,,,thousands,,,1,3,64588;84838,txt=54538|t300d=84838|t400=64588,,,,,,,,,,2.0,differs_from_adjacent (revision or OCR),ocr_readings_disagree_unconfirmed,15,0
PAYNSA,NSA,1961-10,55101.0,55101.0,EI,1961-12,19611231,Economic Indicators issue month (last day); press release was earlier in that month,1,True,,,thousands,,,1,3,45101;565101,txt=55101|t300d=45101|t400=565101,,,,,,,,,,1.0,differs_from_adjacent (revision or OCR),ocr_readings_disagree_unconfirmed,15,0
PAYNSA,NSA,1961-12,55505.0,55505.0,EI,1962-02,19620228,Economic Indicators issue month (last day); press release was earlier in that month,1,True,,,thousands,,,3,3,,txt=55505|t300d=55505|t400=55505,,,,,,,,,,3.0,OUTLIER_vs_adjacent_issues,xissue_outlier,15,0
PAYNSA,NSA,1962-01,53785.0,53785.0,EI,1962-02,19620228,Economic Indicators issue month (last day); press release was earlier in that month,1,True,,,thousands,,,1,3,39795;53735,txt=53785|t300d=39795|t400=53735,,,,,,,XISSUE_LEVEL_JUMP,,,1.0,differs_from_adjacent (revision or OCR),ocr_readings_disagree_unconfirmed;level_jump_vs_adjacent_issues,15,0
PAYNSA,NSA,1962-02,63747.0,63747.0,EI,1962-03,19620331,Economic Indicators issue month (last day); press release was earlier in that month,1,True,,,thousands,,,1,3,58747;68747,txt=63747|t300d=68747|t400=58747,,,,,,,,NSA_SA_MISMATCH,FAR_FROM_ISSUE_COLUMN_MEDIAN,1.0,single_print,ocr_readings_disagree_unconfirmed;far_from_issue_column_median;nsa_sa_totals_inconsistent,15,0
UNEMPLOY14NSA,NSA,1948-08,1011.0,1011.0,EI,1948-11,19481130,Economic Indicators issue month (last day); press release was earlier in that month,1,True,,68-area sample; pre-1957 definitions; age 14+,thousands,,,1,1,,txt=|t300d=|t400=1011,FAIL,,,,,,,,,1.0,OUTLIER_vs_adjacent_issues,identity_fail;xissue_outlier;ocr_readings_disagree_unconfirmed,10,0
UNEMPLOY14NSA,NSA,1948-10,1642.0,1642.0,EI,1948-11,19481130,Economic Indicators issue month (last day); press release was earlier in that month,1,True,,68-area sample; pre-1957 definitions; age 14+,thousands,,,1,2,1612,txt=|t300d=1642|t400=1612,FAIL,,,,,,,,,7.0,confirmed_by_adjacent_issue,identity_fail,10,0
UNEMPLOY14NSA,NSA,1949-03,3167.0,3167.0,EI,1949-06,19490630,Economic Indicators issue month (last day); press release was earlier in that month,1,True,,68-area sample; pre-1957 definitions; age 14+,thousands,,,2,2,1067,txt=|t300d=3167|t400=3167,FAIL,,,,,,,,,13.0,confirmed_by_adjacent_issue,identity_fail,10,0
UNEMPLOY14NSA,NSA,1949-04,3016.0,3016.0,EI,1949-05,19490531,Economic Indicators issue month (last day); press release was earlier in that month,1,True,,68-area sample; pre-1957 definitions; age 14+,thousands,,,2,3,38016,txt=3016|t300d=38016|t400=3016,FAIL,,,,,,,,,7.0,confirmed_by_adjacent_issue,identity_fail,10,0
UNEMPLOY14NSA,NSA,1949-04,3016.0,3016.0,EI,1949-06,19490630,Economic Indicators issue month (last day); press release was earlier in that month,1,True,,68-area sample; pre-1957 definitions; age 14+,thousands,,,2,3,8016,txt=3016|t300d=8016|t400=3016,FAIL,,,,,,,,,10.0,confirmed_by_adjacent_issue,identity_fail,10,0
UNEMPLOY14NSA,NSA,1953-06,1562.0,1562.0,EI,1954-06,19540630,Economic Indicators issue month (last day); press release was earlier in that month,1,True,GS-arca sample:,68-area sample; pre-1957 definitions; age 14+,thousands,,,3,3,,txt=1562|t300d=1562|t400=1562,FAIL,,,,,,,,,13.0,confirmed_by_adjacent_issue,identity_fail,11,0
UNEMPLOY14NSA,NSA,1953-12,1850.0,1850.0,EI,1954-02,19540228,Economic Indicators issue month (last day); press release was earlier in that month,1,True,,68-area sample; pre-1957 definitions; age 14+,thousands,,,3,3,,txt=1850|t300d=1850|t400=1850,FAIL,,,,,,,,,12.0,confirmed_by_adjacent_issue,identity_fail,10,0
UNEMPLOY14NSA,NSA,1954-01,2359.0,2359.0,EI,1954-09,19540930,Economic Indicators issue month (last day); press release was earlier in that month,1,False,,230-area-sample era (Jan 1954 on); pre-1957 definitions; age 14+,thousands,,,2,3,1850,txt=2359|t300d=1850|t400=2359,FAIL,,,,,,,,,,,identity_fail,10,0
UNEMPLOY14NSA,NSA,1955-01,3347.0,3347.0,EI,1955-07,19550731,Economic Indicators issue month (last day); press release was earlier in that month,1,True,230-area sample:3,230-area-sample era (Jan 1954 on); pre-1957 definitions; age 14+,thousands,,,3,3,,txt=3347|t300d=3347|t400=3347,FAIL,,,,,,,,,12.0,confirmed_by_adjacent_issue,identity_fail,14,0
UNEMPLOY14NSA,NSA,1956-03,2834.0,2834.0,EI,1956-08,19560831,Economic Indicators issue month (last day); press release was earlier in that month,1,True,,230-area-sample era (Jan 1954 on); pre-1957 definitions; age 14+,thousands,,,3,3,,txt=2834|t300d=2834|t400=2834,FAIL,,,,,,,,,10.0,confirmed_by_adjacent_issue,identity_fail,14,0
UNEMPLOY14NSA,NSA,1956-04,2564.0,2504.0,EI,1956-08,19560831,Economic Indicators issue month (last day); press release was earlier in that month,1,True,,230-area-sample era (Jan 1954 on); pre-1957 definitions; age 14+,thousands,,,2,3,2564,txt=2504|t300d=2564|t400=2504,FAIL,,neighbourhood_vote:2504.0->2564.0,,,,,,,12.0,confirmed_by_adjacent_issue,identity_fail,14,0
UNEMPLOY14NSA,NSA,1957-06,3337.0,3337.0,EI,1957-11,19571130,Economic Indicators issue month (last day); press release was earlier in that month,1,True,New definitions: !,230-area-sample era (Jan 1954 on); Jan-1957 definitions; age 14+,thousands,,,1,1,,txt=3337|t300d=|t400=,FAIL,,,,,,,,,8.0,confirmed_by_adjacent_issue,identity_fail,14,0
UNEMPLOY14NSA,NSA,1961-12,44100.0,44100.0,EI,1962-01,19620131,Economic Indicators issue month (last day); press release was earlier in that month,1,True,,230-area-sample era (Jan 1954 on); Jan-1957 definitions; incl. Alaska & Hawaii; age 14+,millions,printed in millions (1 decimal),,1,1,,txt=|t300d=44.1|t400=,FAIL,t300d:decimal_point_inserted,,,,,,,,1.0,differs_from_adjacent (revision or OCR),identity_fail;ocr_readings_disagree_unconfirmed,13,0
UNEMPLOY14SA,SA,1960-09,4000.0,4000.0,EI,1961-05,19610531,Economic Indicators issue month (last day); press release was earlier in that month,1,True,,230-area-sample era (Jan 1954 on); Jan-1957 definitions; incl. Alaska & Hawaii; age 14+,millions,printed in millions (1 decimal),,3,3,,txt=4.0|t300d=4.0|t400=4.0,FAIL,,,,,,,,,15.0,confirmed_by_adjacent_issue,identity_fail,13,0
UNRATE,SA,1956-12,3.8,3.8,EI,1957-07,19570731,Economic Indicators issue month (last day); press release was earlier in that month,1,True,,230-area-sample era (Jan 1954 on); pre-1957 definitions; age 14+,percent,,,1,1,,txt=|t300d=|t400=3.8,,,,,,,,,,1.0,differs_from_adjacent (revision or OCR),ocr_readings_disagree_unconfirmed,14,0
UNRATE,SA,1957-06,4.6,4.6,EI,1957-08,19570831,Economic Indicators issue month (last day); press release was earlier in that month,1,True,New definitions: },230-area-sample era (Jan 1954 on); Jan-1957 definitions; age 14+,percent,,,2,3,4.5,txt=4.5|t300d=4.6|t400=4.6,,,,SA_FACTOR_IMPLAUSIBLE,,,,,,6.0,confirmed_by_adjacent_issue,sa_nsa_factor_implausible,14,0
UNRATE,SA,1957-06,4.6,4.6,EI,1957-09,19570930,Economic Indicators issue month (last day); press release was earlier in that month,1,True,New definitions: },230-area-sample era (Jan 1954 on); Jan-1957 definitions; age 14+,percent,,,2,3,4.5,txt=4.5|t300d=4.6|t400=4.6,,t300d:decimal_point_inserted,,SA_FACTOR_IMPLAUSIBLE,,,,,,7.0,confirmed_by_adjacent_issue,sa_nsa_factor_implausible,14,0
UNRATE,SA,1957-06,4.6,4.6,EI,1957-10,19571031,Economic Indicators issue month (last day); press release was earlier in that month,1,True,New definitions: },230-area-sample era (Jan 1954 on); Jan-1957 definitions; age 14+,percent,,,2,3,4.5,txt=4.5|t300d=4.6|t400=4.6,,,,SA_FACTOR_IMPLAUSIBLE,,,,,,9.0,confirmed_by_adjacent_issue,sa_nsa_factor_implausible,14,0
UNRATE,SA,1957-06,4.6,4.5,EI,1957-11,19571130,Economic Indicators issue month (last day); press release was earlier in that month,1,True,New definitions: !,230-area-sample era (Jan 1954 on); Jan-1957 definitions; age 14+,percent,,,1,2,4.6,txt=4.5|t300d=|t400=4.6,,,neighbourhood_vote:4.5->4.6,SA_FACTOR_IMPLAUSIBLE,,,,,,9.0,confirmed_by_adjacent_issue,sa_nsa_factor_implausible,14,0
UNRATE,SA,1957-06,4.6,4.6,EI,1957-12,19571231,Economic Indicators issue month (last day); press release was earlier in that month,1,True,New definitions: !,230-area-sample era (Jan 1954 on); Jan-1957 definitions; age 14+,percent,,,2,3,4.5,txt=4.5|t300d=4.6|t400=4.6,,,,SA_FACTOR_IMPLAUSIBLE,,,,,,7.0,confirmed_by_adjacent_issue,sa_nsa_factor_implausible,14,0
UNRATE,SA,1957-06,4.6,4.6,EI,1958-01,19580131,Economic Indicators issue month (last day); press release was earlier in that month,1,True,New definitions: },230-area-sample era (Jan 1954 on); Jan-1957 definitions; age 14+,percent,,,2,3,4.5,txt=4.5|t300d=4.6|t400=4.6,,,,SA_FACTOR_IMPLAUSIBLE,,,,,,5.0,confirmed_by_adjacent_issue,sa_nsa_factor_implausible,14,0
UNRATE,SA,1957-12,5.2,5.2,EI,1958-01,19580131,Economic Indicators issue month (last day); press release was earlier in that month,1,True,New definitions: },230-area-sample era (Jan 1954 on); Jan-1957 definitions; age 14+,percent,,,1,3,4.2;6.2,txt=5.2|t300d=6.2|t400=4.2,,,,,,,,,,1.0,differs_from_adjacent (revision or OCR),ocr_readings_disagree_unconfirmed,14,0
UNRATE,SA,1958-04,7.5,7.5,EI,1959-04,19590430,Economic Indicators issue month (last day); press release was earlier in that month,1,True,New definitions: !,230-area-sample era (Jan 1954 on); Jan-1957 definitions; age 14+,percent,,,1,1,,txt=7.5|t300d=|t400=,,,,,,,,,,5.0,OUTLIER_vs_adjacent_issues,xissue_outlier,14,0
UNRATE,SA,1958-04,7.6,7.5,EI,1959-05,19590531,Economic Indicators issue month (last day); press release was earlier in that month,1,True,New definitions: ! .,230-area-sample era (Jan 1954 on); Jan-1957 definitions; age 14+,percent,,,2,3,7.6,txt=7.5|t300d=7.6|t400=7.5,,,neighbourhood_vote:7.5->7.6,,,,,,,6.0,OUTLIER_vs_adjacent_issues,xissue_outlier,14,0
UNRATE,SA,1958-07,7.8,7.8,EI,1959-06,19590630,Economic Indicators issue month (last day); press release was earlier in that month,1,True,New definitions: !,230-area-sample era (Jan 1954 on); Jan-1957 definitions; age 14+,percent,,,3,3,,txt=7.8|t300d=7.8|t400=7.8,,,,,,,,,,3.0,OUTLIER_vs_adjacent_issues,xissue_outlier,14,0
UNRATE,SA,1959-04,5.3,5.8,EI,1959-05,19590531,Economic Indicators issue month (last day); press release was earlier in that month,1,True,New definitions: ! .,230-area-sample era (Jan 1954 on); Jan-1957 definitions; age 14+,percent,,,1,2,6.3,txt=5.8|t300d=6.3|t400=,,,,sa_factor_check:5.8->5.3(glyph_variant),,,,,,1.0,differs_from_adjacent (revision or OCR),ocr_readings_disagree_unconfirmed,14,0
UNRATE,SA,1959-04,6.8,6.8,EI,1959-06,19590630,Economic Indicators issue month (last day); press release was earlier in that month,1,True,New definitions: !,230-area-sample era (Jan 1954 on); Jan-1957 definitions; age 14+,percent,,,2,2,,txt=|t300d=6.8|t400=6.8,,t400:decimal_point_inserted,,SA_FACTOR_IMPLAUSIBLE,,,,,,2.0,OUTLIER_vs_adjacent_issues,xissue_outlier;sa_nsa_factor_implausible,14,0
UNRATE,SA,1959-12,5.6,6.6,EI,1960-10,19601031,Economic Indicators issue month (last day); press release was earlier in that month,1,True,New definitions: },230-area-sample era (Jan 1954 on); Jan-1957 definitions; age 14+,percent,,,1,1,,txt=|t300d=6.6|t400=,,,,sa_factor_check:6.6->5.6(glyph_variant),,,,,,4.0,OUTLIER_vs_adjacent_issues,xissue_outlier,14,0
UNRATE,SA,1960-06,5.6,6.6,EI,1960-10,19601031,Economic Indicators issue month (last day); press release was earlier in that month,1,True,New definitions: },230-area-sample era (Jan 1954 on); Jan-1957 definitions; incl. Alaska & Hawaii; age 14+,percent,,,1,1,,txt=6.6|t300d=|t400=,,,,sa_factor_check:6.6->5.6(glyph_variant),,,,,,4.0,OUTLIER_vs_adjacent_issues,xissue_outlier,14,0
UNRATE,SA,1960-09,5.8,5.8,EI,1961-02,19610228,Economic Indicators issue month (last day); press release was earlier in that month,1,True,,230-area-sample era (Jan 1954 on); Jan-1957 definitions; incl. Alaska & Hawaii; age 14+,percent,,,2,2,,txt=5.8|t300d=5.8|t400=,,,,,,,,,,2.0,OUTLIER_vs_adjacent_issues,xissue_outlier,13,0
UNRATE,SA,1960-10,5.7,5.7,EI,1961-02,19610228,Economic Indicators issue month (last day); press release was earlier in that month,1,True,,230-area-sample era (Jan 1954 on); Jan-1957 definitions; incl. Alaska & Hawaii; age 14+,percent,,,3,3,,txt=5.7|t300d=5.7|t400=5.7,,,,SA_FACTOR_IMPLAUSIBLE,,,,,,3.0,differs_from_adjacent (revision or OCR),sa_nsa_factor_implausible,13,0
UNRATE,SA,1962-01,4.8,4.8,EI,1962-02,19620228,Economic Indicators issue month (last day); press release was earlier in that month,1,True,,230-area-sample era (Jan 1954 on); Jan-1957 definitions; incl. Alaska & Hawaii; age 14+,percent,,,1,1,,txt=4.8|t300d=|t400=,,txt:decimal_point_inserted,,SA_FACTOR_IMPLAUSIBLE,,,,,,1.0,differs_from_adjacent (revision or OCR),ocr_readings_disagree_unconfirmed;sa_nsa_factor_implausible;month_label_inferred,13,1
UNRATENSA,NSA,1948-08,1.6,1.6,EI,1948-11,19481130,Economic Indicators issue month (last day); press release was earlier in that month,1,True,,68-area sample; pre-1957 definitions; age 14+,percent,,100*UNEMP/CLF (rate not printed),,,,,,,,,,,,,,,OUTLIER_vs_adjacent_issues,xissue_outlier,10,0
UNRATENSA,NSA,1949-03,5.1,5.1,EI,1949-06,19490630,Economic Indicators issue month (last day); press release was earlier in that month,1,True,,68-area sample; pre-1957 definitions; age 14+,percent,,100*UNEMP/CLF (rate not printed),,,,,,,,,,,,,,,OUTLIER_vs_adjacent_issues,xissue_outlier,10,0
UNRATENSA,NSA,1950-01,7.1,7.1,EI,1950-02,19500228,Economic Indicators issue month (last day); press release was earlier in that month,1,True,,68-area sample; pre-1957 definitions; age 14+,percent,,,3,3,,txt=7.1|t300d=7.1|t400=7.1,FAIL,"t300d:decimal_point_inserted,t400:decimal_point_inserted",,,,,,,,9.0,confirmed_by_adjacent_issue,identity_fail,10,0
UNRATENSA,NSA,1950-01,7.1,7.1,EI,1950-03,19500331,Economic Indicators issue month (last day); press release was earlier in that month,1,True,,68-area sample; pre-1957 definitions; age 14+,percent,,,3,3,,txt=7.1|t300d=7.1|t400=7.1,FAIL,"t300d:decimal_point_inserted,t400:decimal_point_inserted",,,,,,,,11.0,confirmed_by_adjacent_issue,identity_fail,10,0
UNRATENSA,NSA,1950-01,7.1,7.1,EI,1950-04,19500430,Economic Indicators issue month (last day); press release was earlier in that month,1,True,,68-area sample; pre-1957 definitions; age 14+,percent,,,3,3,,txt=7.1|t300d=7.1|t400=7.1,FAIL,,,,,,,,,11.0,confirmed_by_adjacent_issue,identity_fail,11,0
UNRATENSA,NSA,1950-02,7.4,7.4,EI,1950-03,19500331,Economic Indicators issue month (last day); press release was earlier in that month,1,True,,68-area sample; pre-1957 definitions; age 14+,percent,,,3,3,,txt=7.4|t300d=7.4|t400=7.4,FAIL,t300d:decimal_point_inserted,,,,,,,,9.0,confirmed_by_adjacent_issue,identity_fail,10,0
UNRATENSA,NSA,1950-02,7.4,7.4,EI,1950-04,19500430,Economic Indicators issue month (last day); press release was earlier in that month,1,True,,68-area sample; pre-1957 definitions; age 14+,percent,,,3,3,,txt=7.4|t300d=7.4|t400=7.4,FAIL,,,,,,,,,9.0,confirmed_by_adjacent_issue,identity_fail,11,0
UNRATENSA,NSA,1950-02,7.4,7.4,EI,1950-05,19500531,Economic Indicators issue month (last day); press release was earlier in that month,1,True,,68-area sample; pre-1957 definitions; age 14+,percent,,,3,3,,txt=7.4|t300d=7.4|t400=7.4,FAIL,,,,,,,,,9.0,confirmed_by_adjacent_issue,identity_fail,11,0
UNRATENSA,NSA,1950-03,6.5,6.5,EI,1950-04,19500430,Economic Indicators issue month (last day); press release was earlier in that month,1,True,,68-area sample; pre-1957 definitions; age 14+,percent,,,3,3,,txt=6.5|t300d=6.5|t400=6.5,FAIL,,,,,,,,,5.0,differs_from_adjacent (revision or OCR),identity_fail,11,0
UNRATENSA,NSA,1953-01,3.6,3.6,EI,1953-08,19530831,Economic Indicators issue month (last day); press release was earlier in that month,1,True,,68-area sample; pre-1957 definitions; age 14+,percent,,,1,1,,txt=|t300d=3.6|t400=,FAIL,,,,,,,,,2.0,confirmed_by_adjacent_issue,identity_fail,10,0
UNRATENSA,NSA,1953-01,3.6,3.6,EI,1953-09,19530930,Economic Indicators issue month (last day); press release was earlier in that month,1,True,,68-area sample; pre-1957 definitions; age 14+,percent,,,1,1,,txt=|t300d=3.6|t400=,FAIL,,,,,,,,,2.0,confirmed_by_adjacent_issue,identity_fail,10,0
UNRATENSA,NSA,1953-01,3.8,3.8,EI,1953-10,19531031,Economic Indicators issue month (last day); press release was earlier in that month,1,True,,68-area sample; pre-1957 definitions; age 14+,percent,,,1,1,,txt=3.8|t300d=|t400=,FAIL,,,,,,,,,1.0,differs_from_adjacent (revision or OCR),identity_fail;ocr_readings_disagree_unconfirmed,10,0
UNRATENSA,NSA,1954-11,45.8,45.8,EI,1954-12,19541231,Economic Indicators issue month (last day); press release was earlier in that month,1,True,230-area sample: &,230-area-sample era (Jan 1954 on); pre-1957 definitions; age 14+,percent,,,1,1,,txt=|t300d=45.8|t400=,FAIL,t300d:decimal_point_inserted,,,,,,,,1.0,differs_from_adjacent (revision or OCR),identity_fail;ocr_readings_disagree_unconfirmed,10,0
UNRATENSA,NSA,1955-01,5.3,5.3,EI,1955-07,19550731,Economic Indicators issue month (last day); press release was earlier in that month,1,True,230-area sample:3,230-area-sample era (Jan 1954 on); pre-1957 definitions; age 14+,percent,,,3,3,,txt=5.3|t300d=5.3|t400=5.3,FAIL,t300d:trail_digit_dropped,,,,,,,,14.0,confirmed_by_adjacent_issue,identity_fail,14,0
UNRATENSA,NSA,1960-02,43.7,43.7,EI,1960-11,19601130,Economic Indicators issue month (last day); press release was earlier in that month,1,True,,230-area-sample era (Jan 1954 on); Jan-1957 definitions; incl. Alaska & Hawaii; age 14+,percent,,,1,1,,txt=|t300d=43.7|t400=,FAIL,t300d:decimal_point_inserted,,,,,,,,1.0,OUTLIER_vs_adjacent_issues,identity_fail;xissue_outlier;ocr_readings_disagree_unconfirmed,13,0
UNRATENSA,NSA,1960-07,5.6,5.6,EI,1960-10,19601031,Economic Indicators issue month (last day); press release was earlier in that month,1,True,New definitions: },230-area-sample era (Jan 1954 on); Jan-1957 definitions; incl. Alaska & Hawaii; age 14+,percent,,,3,3,,txt=5.6|t300d=5.6|t400=5.6,ok,t300d:decimal_point_inserted,,,,,,,,3.0,OUTLIER_vs_adjacent_issues,xissue_outlier,14,0
UNRATENSA,NSA,1961-12,5.8,5.8,EI,1962-01,19620131,Economic Indicators issue month (last day); press release was earlier in that month,1,True,,230-area-sample era (Jan 1954 on); Jan-1957 definitions; incl. Alaska & Hawaii; age 14+,percent,,,3,3,,txt=5.8|t300d=5.8|t400=5.8,FAIL,,,,,,,,,8.0,confirmed_by_adjacent_issue,identity_fail,13,0
