date,AMTMUO_20110624,AMTMUO_20110705,AMTMUO_20110803,AMTMUO_20110831,AMTMUO_20111004,AMTMUO_20111103,AMTMUO_20111205,AMTMUO_20120104,AMTMUO_20120203,AMTMUO_20120305,AMTMUO_20120403,AMTMUO_20120502,AMTMUO_20120518,AMTMUO_20120604,AMTMUO_20120703,AMTMUO_20120802,AMTMUO_20120831,AMTMUO_20121004,AMTMUO_20121102,AMTMUO_20121205,AMTMUO_20130104,AMTMUO_20130204,AMTMUO_20130306,AMTMUO_20130402,AMTMUO_20130503,AMTMUO_20130517,AMTMUO_20130605,AMTMUO_20130702,AMTMUO_20130802,AMTMUO_20130905,AMTMUO_20131104,AMTMUO_20131205,AMTMUO_20140106,AMTMUO_20140204,AMTMUO_20140306,AMTMUO_20140402,AMTMUO_20140502,AMTMUO_20140515,AMTMUO_20140603,AMTMUO_20140702,AMTMUO_20140805,AMTMUO_20140903,AMTMUO_20141002,AMTMUO_20141104,AMTMUO_20141205,AMTMUO_20150106,AMTMUO_20150203,AMTMUO_20150305,AMTMUO_20150402,AMTMUO_20150504,AMTMUO_20150602,AMTMUO_20150702,AMTMUO_20150804,AMTMUO_20150902,AMTMUO_20151002,AMTMUO_20151103,AMTMUO_20151203,AMTMUO_20160106,AMTMUO_20160204,AMTMUO_20160303,AMTMUO_20160404,AMTMUO_20160504,AMTMUO_20160603,AMTMUO_20160705,AMTMUO_20160804,AMTMUO_20160906,AMTMUO_20161005,AMTMUO_20161103,AMTMUO_20161206,AMTMUO_20170106,AMTMUO_20170203,AMTMUO_20170306,AMTMUO_20170404,AMTMUO_20170504,AMTMUO_20170605,AMTMUO_20170705,AMTMUO_20170803,AMTMUO_20170905,AMTMUO_20171005,AMTMUO_20171103,AMTMUO_20171204,AMTMUO_20180105,AMTMUO_20180202,AMTMUO_20180306,AMTMUO_20180404,AMTMUO_20180503,AMTMUO_20180604,AMTMUO_20180703,AMTMUO_20180802,AMTMUO_20180906,AMTMUO_20181004,AMTMUO_20181102,AMTMUO_20181206,AMTMUO_20190204,AMTMUO_20190227,AMTMUO_20190319,AMTMUO_20190408,AMTMUO_20190502,AMTMUO_20190604,AMTMUO_20190703,AMTMUO_20190802,AMTMUO_20190905,AMTMUO_20191003,AMTMUO_20191104,AMTMUO_20191205,AMTMUO_20200107,AMTMUO_20200204,AMTMUO_20200305,AMTMUO_20200402,AMTMUO_20200504,AMTMUO_20200603,AMTMUO_20200702,AMTMUO_20200804,AMTMUO_20200902,AMTMUO_20201002,AMTMUO_20201103,AMTMUO_20201204,AMTMUO_20210106,AMTMUO_20210204,AMTMUO_20210304,AMTMUO_20210405,AMTMUO_20210504,AMTMUO_20210514,AMTMUO_20210604,AMTMUO_20210702,AMTMUO_20210803,AMTMUO_20210902,AMTMUO_20211004,AMTMUO_20211103,AMTMUO_20211203,AMTMUO_20220106,AMTMUO_20220203,AMTMUO_20220303,AMTMUO_20220404,AMTMUO_20220503,AMTMUO_20220513,AMTMUO_20220602,AMTMUO_20220705,AMTMUO_20220803,AMTMUO_20220902,AMTMUO_20221004,AMTMUO_20221103,AMTMUO_20221205,AMTMUO_20230106,AMTMUO_20230202,AMTMUO_20230306,AMTMUO_20230404,AMTMUO_20230502,AMTMUO_20230512,AMTMUO_20230605,AMTMUO_20230705,AMTMUO_20230803,AMTMUO_20230905,AMTMUO_20231004,AMTMUO_20231102,AMTMUO_20231204,AMTMUO_20240105,AMTMUO_20240202,AMTMUO_20240305,AMTMUO_20240402,AMTMUO_20240502,AMTMUO_20240514,AMTMUO_20240604,AMTMUO_20240703,AMTMUO_20240802,AMTMUO_20240904,AMTMUO_20241003,AMTMUO_20241104,AMTMUO_20250106,AMTMUO_20250204,AMTMUO_20250305,AMTMUO_20250402,AMTMUO_20250502,AMTMUO_20250603,AMTMUO_20250703,AMTMUO_20250804,AMTMUO_20250903,AMTMUO_20251118,AMTMUO_20251204,AMTMUO_20260107,AMTMUO_20260129,AMTMUO_20260223,AMTMUO_20260318,AMTMUO_20260410,AMTMUO_20260504,AMTMUO_20260603,AMTMUO_20260702,AMTMUO_20260804
1992-01-01,471001,471001,471001,471001,471001,471001,471001,471001,471001,471001,471001,471001,471338,471338,471338,471338,471338,471338,471338,471338,471338,471338,471338,471338,471338,471459,471459,471459,471459,471459,471459,471459,471459,471459,471459,471459,471459,471297,471297,471297,471297,471297,471297,471297,471297,471297,471297,471297,471297,471297,471297,471297,471297,471297,471297,471297,471297,471297,471297,471297,471297,471297,471297,471297,471297,471297,471297,471297,471297,471297,471297,471297,471297,471297,471297,471297,471297,471297,471297,471297,471297,471297,471297,471297,471297,471297,471297,471297,471297,471297,471297,471297,471297,471297,471297,471297,471297,471297,471297,471297,471297,471297,471297,471297,471297,471297,471297,471297,471297,471297,471297,471297,471297,471297,471297,471297,471297,471297,471297,471297,471297,471297,471297,471297,471297,471297,471297,471297,471297,471297,471297,471297,471297,471297,471297,471297,471297,471297,471297,471297,471297,471297,471297,471297,471297,471297,471297,471297,471297,471297,471297,471297,471297,471297,471297,471297,471297,471297,471297,471297,471297,471297,471297,471297,471297,471297,471297,471297,471297,471297,471297,471297,471297,471297,471297,471297,471297,471297,471297,471297,471297,471297,471297,471297,471297,471297,471297,471297
1992-02-01,468477,468477,468477,468477,468477,468477,468477,468477,468477,468477,468477,468477,468449,468449,468449,468449,468449,468449,468449,468449,468449,468449,468449,468449,468449,468609,468609,468609,468609,468609,468609,468609,468609,468609,468609,468609,468609,468468,468468,468468,468468,468468,468468,468468,468468,468468,468468,468468,468468,468468,468468,468468,468468,468468,468468,468468,468468,468468,468468,468468,468468,468468,468468,468468,468468,468468,468468,468468,468468,468468,468468,468468,468468,468468,468468,468468,468468,468468,468468,468468,468468,468468,468468,468468,468468,468468,468468,468468,468468,468468,468468,468468,468468,468468,468468,468468,468468,468468,468468,468468,468468,468468,468468,468468,468468,468468,468468,468468,468468,468468,468468,468468,468468,468468,468468,468468,468468,468468,468468,468468,468468,468468,468468,468468,468468,468468,468468,468468,468468,468468,468468,468468,468468,468468,468468,468468,468468,468468,468468,468468,468468,468468,468468,468468,468468,468468,468468,468468,468468,468468,468468,468468,468468,468468,468468,468468,468468,468468,468468,468468,468468,468468,468468,468468,468468,468468,468468,468468,468468,468468,468468,468468,468468,468468,468468,468468,468468,468468,468468,468468,468468,468468,468468,468468,468468,468468,468468,468468
1992-03-01,465757,465757,465757,465757,465757,465757,465757,465757,465757,465757,465757,465757,466047,466047,466047,466047,466047,466047,466047,466047,466047,466047,466047,466047,466047,466207,466207,466207,466207,466207,466207,466207,466207,466207,466207,466207,466207,466222,466222,466222,466222,466222,466222,466222,466222,466222,466222,466222,466222,466222,466222,466222,466222,466222,466222,466222,466222,466222,466222,466222,466222,466222,466222,466222,466222,466222,466222,466222,466222,466222,466222,466222,466222,466222,466222,466222,466222,466222,466222,466222,466222,466222,466222,466222,466222,466222,466222,466222,466222,466222,466222,466222,466222,466222,466222,466222,466222,466222,466222,466222,466222,466222,466222,466222,466222,466222,466222,466222,466222,466222,466222,466222,466222,466222,466222,466222,466222,466222,466222,466222,466222,466222,466222,466222,466222,466222,466222,466222,466222,466222,466222,466222,466222,466222,466222,466222,466222,466222,466222,466222,466222,466222,466222,466222,466222,466222,466222,466222,466222,466222,466222,466222,466222,466222,466222,466222,466222,466222,466222,466222,466222,466222,466222,466222,466222,466222,466222,466222,466222,466222,466222,466222,466222,466222,466222,466222,466222,466222,466222,466222,466222,466222,466222,466222,466222,466222,466222,466222
1992-04-01,467156,467156,467156,467156,467156,467156,467156,467156,467156,467156,467156,467156,467153,467153,467153,467153,467153,467153,467153,467153,467153,467153,467153,467153,467153,466953,466953,466953,466953,466953,466953,466953,466953,466953,466953,466953,466953,467127,467127,467127,467127,467127,467127,467127,467127,467127,467127,467127,467127,467127,467127,467127,467127,467127,467127,467127,467127,467127,467127,467127,467127,467127,467127,467127,467127,467127,467127,467127,467127,467127,467127,467127,467127,467127,467127,467127,467127,467127,467127,467127,467127,467127,467127,467127,467127,467127,467127,467127,467127,467127,467127,467127,467127,467127,467127,467127,467127,467127,467127,467127,467127,467127,467127,467127,467127,467127,467127,467127,467127,467127,467127,467127,467127,467127,467127,467127,467127,467127,467127,467127,467127,467127,467127,467127,467127,467127,467127,467127,467127,467127,467127,467127,467127,467127,467127,467127,467127,467127,467127,467127,467127,467127,467127,467127,467127,467127,467127,467127,467127,467127,467127,467127,467127,467127,467127,467127,467127,467127,467127,467127,467127,467127,467127,467127,467127,467127,467127,467127,467127,467127,467127,467127,467127,467127,467127,467127,467127,467127,467127,467127,467127,467127,467127,467127,467127,467127,467127,467127
1992-05-01,468007,468007,468007,468007,468007,468007,468007,468007,468007,468007,468007,468007,467931,467931,467931,467931,467931,467931,467931,467931,467931,467931,467931,467931,467931,467889,467889,467889,467889,467889,467889,467889,467889,467889,467889,467889,467889,468021,468021,468021,468021,468021,468021,468021,468021,468021,468021,468021,468021,468021,468021,468021,468021,468021,468021,468021,468021,468021,468021,468021,468021,468021,468021,468021,468021,468021,468021,468021,468021,468021,468021,468021,468021,468021,468021,468021,468021,468021,468021,468021,468021,468021,468021,468021,468021,468021,468021,468021,468021,468021,468021,468021,468021,468021,468021,468021,468021,468021,468021,468021,468021,468021,468021,468021,468021,468021,468021,468021,468021,468021,468021,468021,468021,468021,468021,468021,468021,468021,468021,468021,468021,468021,468021,468021,468021,468021,468021,468021,468021,468021,468021,468021,468021,468021,468021,468021,468021,468021,468021,468021,468021,468021,468021,468021,468021,468021,468021,468021,468021,468021,468021,468021,468021,468021,468021,468021,468021,468021,468021,468021,468021,468021,468021,468021,468021,468021,468021,468021,468021,468021,468021,468021,468021,468021,468021,468021,468021,468021,468021,468021,468021,468021,468021,468021,468021,468021,468021,468021
1992-06-01,465682,465682,465682,465682,465682,465682,465682,465682,465682,465682,465682,465682,465466,465466,465466,465466,465466,465466,465466,465466,465466,465466,465466,465466,465466,465634,465634,465634,465634,465634,465634,465634,465634,465634,465634,465634,465634,465647,465647,465647,465647,465647,465647,465647,465647,465647,465647,465647,465647,465647,465647,465647,465647,465647,465647,465647,465647,465647,465647,465647,465647,465647,465647,465647,465647,465647,465647,465647,465647,465647,465647,465647,465647,465647,465647,465647,465647,465647,465647,465647,465647,465647,465647,465647,465647,465647,465647,465647,465647,465647,465647,465647,465647,465647,465647,465647,465647,465647,465647,465647,465647,465647,465647,465647,465647,465647,465647,465647,465647,465647,465647,465647,465647,465647,465647,465647,465647,465647,465647,465647,465647,465647,465647,465647,465647,465647,465647,465647,465647,465647,465647,465647,465647,465647,465647,465647,465647,465647,465647,465647,465647,465647,465647,465647,465647,465647,465647,465647,465647,465647,465647,465647,465647,465647,465647,465647,465647,465647,465647,465647,465647,465647,465647,465647,465647,465647,465647,465647,465647,465647,465647,465647,465647,465647,465647,465647,465647,465647,465647,465647,465647,465647,465647,465647,465647,465647,465647,465647
1992-07-01,461495,461495,461495,461495,461495,461495,461495,461495,461495,461495,461495,461495,461375,461375,461375,461375,461375,461375,461375,461375,461375,461375,461375,461375,461375,461315,461315,461315,461315,461315,461315,461315,461315,461315,461315,461315,461315,461351,461351,461351,461351,461351,461351,461351,461351,461351,461351,461351,461351,461351,461351,461351,461351,461351,461351,461351,461351,461351,461351,461351,461351,461351,461351,461351,461351,461351,461351,461351,461351,461351,461351,461351,461351,461351,461351,461351,461351,461351,461351,461351,461351,461351,461351,461351,461351,461351,461351,461351,461351,461351,461351,461351,461351,461351,461351,461351,461351,461351,461351,461351,461351,461351,461351,461351,461351,461351,461351,461351,461351,461351,461351,461351,461351,461351,461351,461351,461351,461351,461351,461351,461351,461351,461351,461351,461351,461351,461351,461351,461351,461351,461351,461351,461351,461351,461351,461351,461351,461351,461351,461351,461351,461351,461351,461351,461351,461351,461351,461351,461351,461351,461351,461351,461351,461351,461351,461351,461351,461351,461351,461351,461351,461351,461351,461351,461351,461351,461351,461351,461351,461351,461351,461351,461351,461351,461351,461351,461351,461351,461351,461351,461351,461351,461351,461351,461351,461351,461351,461351
1992-08-01,456560,456560,456560,456560,456560,456560,456560,456560,456560,456560,456560,456560,456462,456462,456462,456462,456462,456462,456462,456462,456462,456462,456462,456462,456462,456633,456633,456633,456633,456633,456633,456633,456633,456633,456633,456633,456633,456633,456633,456633,456633,456633,456633,456633,456633,456633,456633,456633,456633,456633,456633,456633,456633,456633,456633,456633,456633,456633,456633,456633,456633,456633,456633,456633,456633,456633,456633,456633,456633,456633,456633,456633,456633,456633,456633,456633,456633,456633,456633,456633,456633,456633,456633,456633,456633,456633,456633,456633,456633,456633,456633,456633,456633,456633,456633,456633,456633,456633,456633,456633,456633,456633,456633,456633,456633,456633,456633,456633,456633,456633,456633,456633,456633,456633,456633,456633,456633,456633,456633,456633,456633,456633,456633,456633,456633,456633,456633,456633,456633,456633,456633,456633,456633,456633,456633,456633,456633,456633,456633,456633,456633,456633,456633,456633,456633,456633,456633,456633,456633,456633,456633,456633,456633,456633,456633,456633,456633,456633,456633,456633,456633,456633,456633,456633,456633,456633,456633,456633,456633,456633,456633,456633,456633,456633,456633,456633,456633,456633,456633,456633,456633,456633,456633,456633,456633,456633,456633,456633
1992-09-01,453484,453484,453484,453484,453484,453484,453484,453484,453484,453484,453484,453484,453348,453348,453348,453348,453348,453348,453348,453348,453348,453348,453348,453348,453348,453410,453410,453410,453410,453410,453410,453410,453410,453410,453410,453410,453410,453470,453470,453470,453470,453470,453470,453470,453470,453470,453470,453470,453470,453470,453470,453470,453470,453470,453470,453470,453470,453470,453470,453470,453470,453470,453470,453470,453470,453470,453470,453470,453470,453470,453470,453470,453470,453470,453470,453470,453470,453470,453470,453470,453470,453470,453470,453470,453470,453470,453470,453470,453470,453470,453470,453470,453470,453470,453470,453470,453470,453470,453470,453470,453470,453470,453470,453470,453470,453470,453470,453470,453470,453470,453470,453470,453470,453470,453470,453470,453470,453470,453470,453470,453470,453470,453470,453470,453470,453470,453470,453470,453470,453470,453470,453470,453470,453470,453470,453470,453470,453470,453470,453470,453470,453470,453470,453470,453470,453470,453470,453470,453470,453470,453470,453470,453470,453470,453470,453470,453470,453470,453470,453470,453470,453470,453470,453470,453470,453470,453470,453470,453470,453470,453470,453470,453470,453470,453470,453470,453470,453470,453470,453470,453470,453470,453470,453470,453470,453470,453470,453470
1992-10-01,455854,455854,455854,455854,455854,455854,455854,455854,455854,455854,455854,455854,455940,455940,455940,455940,455940,455940,455940,455940,455940,455940,455940,455940,455940,455839,455839,455839,455839,455839,455839,455839,455839,455839,455839,455839,455839,455872,455872,455872,455872,455872,455872,455872,455872,455872,455872,455872,455872,455872,455872,455872,455872,455872,455872,455872,455872,455872,455872,455872,455872,455872,455872,455872,455872,455872,455872,455872,455872,455872,455872,455872,455872,455872,455872,455872,455872,455872,455872,455872,455872,455872,455872,455872,455872,455872,455872,455872,455872,455872,455872,455872,455872,455872,455872,455872,455872,455872,455872,455872,455872,455872,455872,455872,455872,455872,455872,455872,455872,455872,455872,455872,455872,455872,455872,455872,455872,455872,455872,455872,455872,455872,455872,455872,455872,455872,455872,455872,455872,455872,455872,455872,455872,455872,455872,455872,455872,455872,455872,455872,455872,455872,455872,455872,455872,455872,455872,455872,455872,455872,455872,455872,455872,455872,455872,455872,455872,455872,455872,455872,455872,455872,455872,455872,455872,455872,455872,455872,455872,455872,455872,455872,455872,455872,455872,455872,455872,455872,455872,455872,455872,455872,455872,455872,455872,455872,455872,455872
1992-11-01,452432,452432,452432,452432,452432,452432,452432,452432,452432,452432,452432,452432,452192,452192,452192,452192,452192,452192,452192,452192,452192,452192,452192,452192,452192,451994,451994,451994,451994,451994,451994,451994,451994,451994,451994,451994,451994,451965,451965,451965,451965,451965,451965,451965,451965,451965,451965,451965,451965,451965,451965,451965,451965,451965,451965,451965,451965,451965,451965,451965,451965,451965,451965,451965,451965,451965,451965,451965,451965,451965,451965,451965,451965,451965,451965,451965,451965,451965,451965,451965,451965,451965,451965,451965,451965,451965,451965,451965,451965,451965,451965,451965,451965,451965,451965,451965,451965,451965,451965,451965,451965,451965,451965,451965,451965,451965,451965,451965,451965,451965,451965,451965,451965,451965,451965,451965,451965,451965,451965,451965,451965,451965,451965,451965,451965,451965,451965,451965,451965,451965,451965,451965,451965,451965,451965,451965,451965,451965,451965,451965,451965,451965,451965,451965,451965,451965,451965,451965,451965,451965,451965,451965,451965,451965,451965,451965,451965,451965,451965,451965,451965,451965,451965,451965,451965,451965,451965,451965,451965,451965,451965,451965,451965,451965,451965,451965,451965,451965,451965,451965,451965,451965,451965,451965,451965,451965,451965,451965
1992-12-01,451078,451078,451078,451078,451078,451078,451078,451078,451078,451078,451078,451078,451312,451312,451312,451312,451312,451312,451312,451312,451312,451312,451312,451312,451312,451086,451086,451086,451086,451086,451086,451086,451086,451086,451086,451086,451086,450897,450897,450897,450897,450897,450897,450897,450897,450897,450897,450897,450897,450897,450897,450897,450897,450897,450897,450897,450897,450897,450897,450897,450897,450897,450897,450897,450897,450897,450897,450897,450897,450897,450897,450897,450897,450897,450897,450897,450897,450897,450897,450897,450897,450897,450897,450897,450897,450897,450897,450897,450897,450897,450897,450897,450897,450897,450897,450897,450897,450897,450897,450897,450897,450897,450897,450897,450897,450897,450897,450897,450897,450897,450897,450897,450897,450897,450897,450897,450897,450897,450897,450897,450897,450897,450897,450897,450897,450897,450897,450897,450897,450897,450897,450897,450897,450897,450897,450897,450897,450897,450897,450897,450897,450897,450897,450897,450897,450897,450897,450897,450897,450897,450897,450897,450897,450897,450897,450897,450897,450897,450897,450897,450897,450897,450897,450897,450897,450897,450897,450897,450897,450897,450897,450897,450897,450897,450897,450897,450897,450897,450897,450897,450897,450897,450897,450897,450897,450897,450897,450897
1993-01-01,445157,445157,445157,445157,445157,445157,445157,445157,445157,445157,445157,445157,445486,445486,445486,445486,445486,445486,445486,445486,445486,445486,445486,445486,445486,445584,445584,445584,445584,445584,445584,445584,445584,445584,445584,445584,445584,445479,445479,445479,445479,445479,445479,445479,445479,445479,445479,445479,445479,445479,445479,445479,445479,445479,445479,445479,445479,445479,445479,445479,445479,445479,445479,445479,445479,445479,445479,445479,445479,445479,445479,445479,445479,445479,445479,445479,445479,445479,445479,445479,445479,445479,445479,445479,445479,445479,445479,445479,445479,445479,445479,445479,445479,445479,445479,445479,445479,445479,445479,445479,445479,445479,445479,445479,445479,445479,445479,445479,445479,445479,445479,445479,445479,445479,445479,445479,445479,445479,445479,445479,445479,445479,445479,445479,445479,445479,445479,445479,445479,445479,445479,445479,445479,445479,445479,445479,445479,445479,445479,445479,445479,445479,445479,445479,445479,445479,445479,445479,445479,445479,445479,445479,445479,445479,445479,445479,445479,445479,445479,445479,445479,445479,445479,445479,445479,445479,445479,445479,445479,445479,445479,445479,445479,445479,445479,445479,445479,445479,445479,445479,445479,445479,445479,445479,445479,445479,445479,445479
1993-02-01,445939,445939,445939,445939,445939,445939,445939,445939,445939,445939,445939,445939,445919,445919,445919,445919,445919,445919,445919,445919,445919,445919,445919,445919,445919,446017,446017,446017,446017,446017,446017,446017,446017,446017,446017,446017,446017,445929,445929,445929,445929,445929,445929,445929,445929,445929,445929,445929,445929,445929,445929,445929,445929,445929,445929,445929,445929,445929,445929,445929,445929,445929,445929,445929,445929,445929,445929,445929,445929,445929,445929,445929,445929,445929,445929,445929,445929,445929,445929,445929,445929,445929,445929,445929,445929,445929,445929,445929,445929,445929,445929,445929,445929,445929,445929,445929,445929,445929,445929,445929,445929,445929,445929,445929,445929,445929,445929,445929,445929,445929,445929,445929,445929,445929,445929,445929,445929,445929,445929,445929,445929,445929,445929,445929,445929,445929,445929,445929,445929,445929,445929,445929,445929,445929,445929,445929,445929,445929,445929,445929,445929,445929,445929,445929,445929,445929,445929,445929,445929,445929,445929,445929,445929,445929,445929,445929,445929,445929,445929,445929,445929,445929,445929,445929,445929,445929,445929,445929,445929,445929,445929,445929,445929,445929,445929,445929,445929,445929,445929,445929,445929,445929,445929,445929,445929,445929,445929,445929
1993-03-01,443493,443493,443493,443493,443493,443493,443493,443493,443493,443493,443493,443493,443677,443677,443677,443677,443677,443677,443677,443677,443677,443677,443677,443677,443677,443844,443844,443844,443844,443844,443844,443844,443844,443844,443844,443844,443844,443831,443831,443831,443831,443831,443831,443831,443831,443831,443831,443831,443831,443831,443831,443831,443831,443831,443831,443831,443831,443831,443831,443831,443831,443831,443831,443831,443831,443831,443831,443831,443831,443831,443831,443831,443831,443831,443831,443831,443831,443831,443831,443831,443831,443831,443831,443831,443831,443831,443831,443831,443831,443831,443831,443831,443831,443831,443831,443831,443831,443831,443831,443831,443831,443831,443831,443831,443831,443831,443831,443831,443831,443831,443831,443831,443831,443831,443831,443831,443831,443831,443831,443831,443831,443831,443831,443831,443831,443831,443831,443831,443831,443831,443831,443831,443831,443831,443831,443831,443831,443831,443831,443831,443831,443831,443831,443831,443831,443831,443831,443831,443831,443831,443831,443831,443831,443831,443831,443831,443831,443831,443831,443831,443831,443831,443831,443831,443831,443831,443831,443831,443831,443831,443831,443831,443831,443831,443831,443831,443831,443831,443831,443831,443831,443831,443831,443831,443831,443831,443831,443831
1993-04-01,442486,442486,442486,442486,442486,442486,442486,442486,442486,442486,442486,442486,442521,442521,442521,442521,442521,442521,442521,442521,442521,442521,442521,442521,442521,442435,442435,442435,442435,442435,442435,442435,442435,442435,442435,442435,442435,442604,442604,442604,442604,442604,442604,442604,442604,442604,442604,442604,442604,442604,442604,442604,442604,442604,442604,442604,442604,442604,442604,442604,442604,442604,442604,442604,442604,442604,442604,442604,442604,442604,442604,442604,442604,442604,442604,442604,442604,442604,442604,442604,442604,442604,442604,442604,442604,442604,442604,442604,442604,442604,442604,442604,442604,442604,442604,442604,442604,442604,442604,442604,442604,442604,442604,442604,442604,442604,442604,442604,442604,442604,442604,442604,442604,442604,442604,442604,442604,442604,442604,442604,442604,442604,442604,442604,442604,442604,442604,442604,442604,442604,442604,442604,442604,442604,442604,442604,442604,442604,442604,442604,442604,442604,442604,442604,442604,442604,442604,442604,442604,442604,442604,442604,442604,442604,442604,442604,442604,442604,442604,442604,442604,442604,442604,442604,442604,442604,442604,442604,442604,442604,442604,442604,442604,442604,442604,442604,442604,442604,442604,442604,442604,442604,442604,442604,442604,442604,442604,442604
1993-05-01,438924,438924,438924,438924,438924,438924,438924,438924,438924,438924,438924,438924,438758,438758,438758,438758,438758,438758,438758,438758,438758,438758,438758,438758,438758,438684,438684,438684,438684,438684,438684,438684,438684,438684,438684,438684,438684,438750,438750,438750,438750,438750,438750,438750,438750,438750,438750,438750,438750,438750,438750,438750,438750,438750,438750,438750,438750,438750,438750,438750,438750,438750,438750,438750,438750,438750,438750,438750,438750,438750,438750,438750,438750,438750,438750,438750,438750,438750,438750,438750,438750,438750,438750,438750,438750,438750,438750,438750,438750,438750,438750,438750,438750,438750,438750,438750,438750,438750,438750,438750,438750,438750,438750,438750,438750,438750,438750,438750,438750,438750,438750,438750,438750,438750,438750,438750,438750,438750,438750,438750,438750,438750,438750,438750,438750,438750,438750,438750,438750,438750,438750,438750,438750,438750,438750,438750,438750,438750,438750,438750,438750,438750,438750,438750,438750,438750,438750,438750,438750,438750,438750,438750,438750,438750,438750,438750,438750,438750,438750,438750,438750,438750,438750,438750,438750,438750,438750,438750,438750,438750,438750,438750,438750,438750,438750,438750,438750,438750,438750,438750,438750,438750,438750,438750,438750,438750,438750,438750
1993-06-01,438143,438143,438143,438143,438143,438143,438143,438143,438143,438143,438143,438143,438017,438017,438017,438017,438017,438017,438017,438017,438017,438017,438017,438017,438017,438107,438107,438107,438107,438107,438107,438107,438107,438107,438107,438107,438107,438096,438096,438096,438096,438096,438096,438096,438096,438096,438096,438096,438096,438096,438096,438096,438096,438096,438096,438096,438096,438096,438096,438096,438096,438096,438096,438096,438096,438096,438096,438096,438096,438096,438096,438096,438096,438096,438096,438096,438096,438096,438096,438096,438096,438096,438096,438096,438096,438096,438096,438096,438096,438096,438096,438096,438096,438096,438096,438096,438096,438096,438096,438096,438096,438096,438096,438096,438096,438096,438096,438096,438096,438096,438096,438096,438096,438096,438096,438096,438096,438096,438096,438096,438096,438096,438096,438096,438096,438096,438096,438096,438096,438096,438096,438096,438096,438096,438096,438096,438096,438096,438096,438096,438096,438096,438096,438096,438096,438096,438096,438096,438096,438096,438096,438096,438096,438096,438096,438096,438096,438096,438096,438096,438096,438096,438096,438096,438096,438096,438096,438096,438096,438096,438096,438096,438096,438096,438096,438096,438096,438096,438096,438096,438096,438096,438096,438096,438096,438096,438096,438096
1993-07-01,438045,438045,438045,438045,438045,438045,438045,438045,438045,438045,438045,438045,437891,437891,437891,437891,437891,437891,437891,437891,437891,437891,437891,437891,437891,437878,437878,437878,437878,437878,437878,437878,437878,437878,437878,437878,437878,437944,437944,437944,437944,437944,437944,437944,437944,437944,437944,437944,437944,437944,437944,437944,437944,437944,437944,437944,437944,437944,437944,437944,437944,437944,437944,437944,437944,437944,437944,437944,437944,437944,437944,437944,437944,437944,437944,437944,437944,437944,437944,437944,437944,437944,437944,437944,437944,437944,437944,437944,437944,437944,437944,437944,437944,437944,437944,437944,437944,437944,437944,437944,437944,437944,437944,437944,437944,437944,437944,437944,437944,437944,437944,437944,437944,437944,437944,437944,437944,437944,437944,437944,437944,437944,437944,437944,437944,437944,437944,437944,437944,437944,437944,437944,437944,437944,437944,437944,437944,437944,437944,437944,437944,437944,437944,437944,437944,437944,437944,437944,437944,437944,437944,437944,437944,437944,437944,437944,437944,437944,437944,437944,437944,437944,437944,437944,437944,437944,437944,437944,437944,437944,437944,437944,437944,437944,437944,437944,437944,437944,437944,437944,437944,437944,437944,437944,437944,437944,437944,437944
1993-08-01,438081,438081,438081,438081,438081,438081,438081,438081,438081,438081,438081,438081,438067,438067,438067,438067,438067,438067,438067,438067,438067,438067,438067,438067,438067,438175,438175,438175,438175,438175,438175,438175,438175,438175,438175,438175,438175,438224,438224,438224,438224,438224,438224,438224,438224,438224,438224,438224,438224,438224,438224,438224,438224,438224,438224,438224,438224,438224,438224,438224,438224,438224,438224,438224,438224,438224,438224,438224,438224,438224,438224,438224,438224,438224,438224,438224,438224,438224,438224,438224,438224,438224,438224,438224,438224,438224,438224,438224,438224,438224,438224,438224,438224,438224,438224,438224,438224,438224,438224,438224,438224,438224,438224,438224,438224,438224,438224,438224,438224,438224,438224,438224,438224,438224,438224,438224,438224,438224,438224,438224,438224,438224,438224,438224,438224,438224,438224,438224,438224,438224,438224,438224,438224,438224,438224,438224,438224,438224,438224,438224,438224,438224,438224,438224,438224,438224,438224,438224,438224,438224,438224,438224,438224,438224,438224,438224,438224,438224,438224,438224,438224,438224,438224,438224,438224,438224,438224,438224,438224,438224,438224,438224,438224,438224,438224,438224,438224,438224,438224,438224,438224,438224,438224,438224,438224,438224,438224,438224
1993-09-01,434298,434298,434298,434298,434298,434298,434298,434298,434298,434298,434298,434298,434249,434249,434249,434249,434249,434249,434249,434249,434249,434249,434249,434249,434249,434259,434259,434259,434259,434259,434259,434259,434259,434259,434259,434259,434259,434328,434328,434328,434328,434328,434328,434328,434328,434328,434328,434328,434328,434328,434328,434328,434328,434328,434328,434328,434328,434328,434328,434328,434328,434328,434328,434328,434328,434328,434328,434328,434328,434328,434328,434328,434328,434328,434328,434328,434328,434328,434328,434328,434328,434328,434328,434328,434328,434328,434328,434328,434328,434328,434328,434328,434328,434328,434328,434328,434328,434328,434328,434328,434328,434328,434328,434328,434328,434328,434328,434328,434328,434328,434328,434328,434328,434328,434328,434328,434328,434328,434328,434328,434328,434328,434328,434328,434328,434328,434328,434328,434328,434328,434328,434328,434328,434328,434328,434328,434328,434328,434328,434328,434328,434328,434328,434328,434328,434328,434328,434328,434328,434328,434328,434328,434328,434328,434328,434328,434328,434328,434328,434328,434328,434328,434328,434328,434328,434328,434328,434328,434328,434328,434328,434328,434328,434328,434328,434328,434328,434328,434328,434328,434328,434328,434328,434328,434328,434328,434328,434328
1993-10-01,432379,432379,432379,432379,432379,432379,432379,432379,432379,432379,432379,432379,432356,432356,432356,432356,432356,432356,432356,432356,432356,432356,432356,432356,432356,432343,432343,432343,432343,432343,432343,432343,432343,432343,432343,432343,432343,432381,432381,432381,432381,432381,432381,432381,432381,432381,432381,432381,432381,432381,432381,432381,432381,432381,432381,432381,432381,432381,432381,432381,432381,432381,432381,432381,432381,432381,432381,432381,432381,432381,432381,432381,432381,432381,432381,432381,432381,432381,432381,432381,432381,432381,432381,432381,432381,432381,432381,432381,432381,432381,432381,432381,432381,432381,432381,432381,432381,432381,432381,432381,432381,432381,432381,432381,432381,432381,432381,432381,432381,432381,432381,432381,432381,432381,432381,432381,432381,432381,432381,432381,432381,432381,432381,432381,432381,432381,432381,432381,432381,432381,432381,432381,432381,432381,432381,432381,432381,432381,432381,432381,432381,432381,432381,432381,432381,432381,432381,432381,432381,432381,432381,432381,432381,432381,432381,432381,432381,432381,432381,432381,432381,432381,432381,432381,432381,432381,432381,432381,432381,432381,432381,432381,432381,432381,432381,432381,432381,432381,432381,432381,432381,432381,432381,432381,432381,432381,432381,432381
1993-11-01,428939,428939,428939,428939,428939,428939,428939,428939,428939,428939,428939,428939,428699,428699,428699,428699,428699,428699,428699,428699,428699,428699,428699,428699,428699,428431,428431,428431,428431,428431,428431,428431,428431,428431,428431,428431,428431,428393,428393,428393,428393,428393,428393,428393,428393,428393,428393,428393,428393,428393,428393,428393,428393,428393,428393,428393,428393,428393,428393,428393,428393,428393,428393,428393,428393,428393,428393,428393,428393,428393,428393,428393,428393,428393,428393,428393,428393,428393,428393,428393,428393,428393,428393,428393,428393,428393,428393,428393,428393,428393,428393,428393,428393,428393,428393,428393,428393,428393,428393,428393,428393,428393,428393,428393,428393,428393,428393,428393,428393,428393,428393,428393,428393,428393,428393,428393,428393,428393,428393,428393,428393,428393,428393,428393,428393,428393,428393,428393,428393,428393,428393,428393,428393,428393,428393,428393,428393,428393,428393,428393,428393,428393,428393,428393,428393,428393,428393,428393,428393,428393,428393,428393,428393,428393,428393,428393,428393,428393,428393,428393,428393,428393,428393,428393,428393,428393,428393,428393,428393,428393,428393,428393,428393,428393,428393,428393,428393,428393,428393,428393,428393,428393,428393,428393,428393,428393,428393,428393
1993-12-01,425743,425743,425743,425743,425743,425743,425743,425743,425743,425743,425743,425743,425915,425915,425915,425915,425915,425915,425915,425915,425915,425915,425915,425915,425915,425792,425792,425792,425792,425792,425792,425792,425792,425792,425792,425792,425792,425607,425607,425607,425607,425607,425607,425607,425607,425607,425607,425607,425607,425607,425607,425607,425607,425607,425607,425607,425607,425607,425607,425607,425607,425607,425607,425607,425607,425607,425607,425607,425607,425607,425607,425607,425607,425607,425607,425607,425607,425607,425607,425607,425607,425607,425607,425607,425607,425607,425607,425607,425607,425607,425607,425607,425607,425607,425607,425607,425607,425607,425607,425607,425607,425607,425607,425607,425607,425607,425607,425607,425607,425607,425607,425607,425607,425607,425607,425607,425607,425607,425607,425607,425607,425607,425607,425607,425607,425607,425607,425607,425607,425607,425607,425607,425607,425607,425607,425607,425607,425607,425607,425607,425607,425607,425607,425607,425607,425607,425607,425607,425607,425607,425607,425607,425607,425607,425607,425607,425607,425607,425607,425607,425607,425607,425607,425607,425607,425607,425607,425607,425607,425607,425607,425607,425607,425607,425607,425607,425607,425607,425607,425607,425607,425607,425607,425607,425607,425607,425607,425607
1994-01-01,425902,425902,425902,425902,425902,425902,425902,425902,425902,425902,425902,425902,426431,426431,426431,426431,426431,426431,426431,426431,426431,426431,426431,426431,426431,426442,426442,426442,426442,426442,426442,426442,426442,426442,426442,426442,426442,426329,426329,426329,426329,426329,426329,426329,426329,426329,426329,426329,426329,426329,426329,426329,426329,426329,426329,426329,426329,426329,426329,426329,426329,426329,426329,426329,426329,426329,426329,426329,426329,426329,426329,426329,426329,426329,426329,426329,426329,426329,426329,426329,426329,426329,426329,426329,426329,426329,426329,426329,426329,426329,426329,426329,426329,426329,426329,426329,426329,426329,426329,426329,426329,426329,426329,426329,426329,426329,426329,426329,426329,426329,426329,426329,426329,426329,426329,426329,426329,426329,426329,426329,426329,426329,426329,426329,426329,426329,426329,426329,426329,426329,426329,426329,426329,426329,426329,426329,426329,426329,426329,426329,426329,426329,426329,426329,426329,426329,426329,426329,426329,426329,426329,426329,426329,426329,426329,426329,426329,426329,426329,426329,426329,426329,426329,426329,426329,426329,426329,426329,426329,426329,426329,426329,426329,426329,426329,426329,426329,426329,426329,426329,426329,426329,426329,426329,426329,426329,426329,426329
1994-02-01,425381,425381,425381,425381,425381,425381,425381,425381,425381,425381,425381,425381,425381,425381,425381,425381,425381,425381,425381,425381,425381,425381,425381,425381,425381,425420,425420,425420,425420,425420,425420,425420,425420,425420,425420,425420,425420,425325,425325,425325,425325,425325,425325,425325,425325,425325,425325,425325,425325,425325,425325,425325,425325,425325,425325,425325,425325,425325,425325,425325,425325,425325,425325,425325,425325,425325,425325,425325,425325,425325,425325,425325,425325,425325,425325,425325,425325,425325,425325,425325,425325,425325,425325,425325,425325,425325,425325,425325,425325,425325,425325,425325,425325,425325,425325,425325,425325,425325,425325,425325,425325,425325,425325,425325,425325,425325,425325,425325,425325,425325,425325,425325,425325,425325,425325,425325,425325,425325,425325,425325,425325,425325,425325,425325,425325,425325,425325,425325,425325,425325,425325,425325,425325,425325,425325,425325,425325,425325,425325,425325,425325,425325,425325,425325,425325,425325,425325,425325,425325,425325,425325,425325,425325,425325,425325,425325,425325,425325,425325,425325,425325,425325,425325,425325,425325,425325,425325,425325,425325,425325,425325,425325,425325,425325,425325,425325,425325,425325,425325,425325,425325,425325,425325,425325,425325,425325,425325,425325
1994-03-01,424113,424113,424113,424113,424113,424113,424113,424113,424113,424113,424113,424113,424128,424128,424128,424128,424128,424128,424128,424128,424128,424128,424128,424128,424128,424309,424309,424309,424309,424309,424309,424309,424309,424309,424309,424309,424309,424271,424271,424271,424271,424271,424271,424271,424271,424271,424271,424271,424271,424271,424271,424271,424271,424271,424271,424271,424271,424271,424271,424271,424271,424271,424271,424271,424271,424271,424271,424271,424271,424271,424271,424271,424271,424271,424271,424271,424271,424271,424271,424271,424271,424271,424271,424271,424271,424271,424271,424271,424271,424271,424271,424271,424271,424271,424271,424271,424271,424271,424271,424271,424271,424271,424271,424271,424271,424271,424271,424271,424271,424271,424271,424271,424271,424271,424271,424271,424271,424271,424271,424271,424271,424271,424271,424271,424271,424271,424271,424271,424271,424271,424271,424271,424271,424271,424271,424271,424271,424271,424271,424271,424271,424271,424271,424271,424271,424271,424271,424271,424271,424271,424271,424271,424271,424271,424271,424271,424271,424271,424271,424271,424271,424271,424271,424271,424271,424271,424271,424271,424271,424271,424271,424271,424271,424271,424271,424271,424271,424271,424271,424271,424271,424271,424271,424271,424271,424271,424271,424271
1994-04-01,424461,424461,424461,424461,424461,424461,424461,424461,424461,424461,424461,424461,424441,424441,424441,424441,424441,424441,424441,424441,424441,424441,424441,424441,424441,424460,424460,424460,424460,424460,424460,424460,424460,424460,424460,424460,424460,424611,424611,424611,424611,424611,424611,424611,424611,424611,424611,424611,424611,424611,424611,424611,424611,424611,424611,424611,424611,424611,424611,424611,424611,424611,424611,424611,424611,424611,424611,424611,424611,424611,424611,424611,424611,424611,424611,424611,424611,424611,424611,424611,424611,424611,424611,424611,424611,424611,424611,424611,424611,424611,424611,424611,424611,424611,424611,424611,424611,424611,424611,424611,424611,424611,424611,424611,424611,424611,424611,424611,424611,424611,424611,424611,424611,424611,424611,424611,424611,424611,424611,424611,424611,424611,424611,424611,424611,424611,424611,424611,424611,424611,424611,424611,424611,424611,424611,424611,424611,424611,424611,424611,424611,424611,424611,424611,424611,424611,424611,424611,424611,424611,424611,424611,424611,424611,424611,424611,424611,424611,424611,424611,424611,424611,424611,424611,424611,424611,424611,424611,424611,424611,424611,424611,424611,424611,424611,424611,424611,424611,424611,424611,424611,424611,424611,424611,424611,424611,424611,424611
1994-05-01,425292,425292,425292,425292,425292,425292,425292,425292,425292,425292,425292,425292,425111,425111,425111,425111,425111,425111,425111,425111,425111,425111,425111,425111,425111,425175,425175,425175,425175,425175,425175,425175,425175,425175,425175,425175,425175,425269,425269,425269,425269,425269,425269,425269,425269,425269,425269,425269,425269,425269,425269,425269,425269,425269,425269,425269,425269,425269,425269,425269,425269,425269,425269,425269,425269,425269,425269,425269,425269,425269,425269,425269,425269,425269,425269,425269,425269,425269,425269,425269,425269,425269,425269,425269,425269,425269,425269,425269,425269,425269,425269,425269,425269,425269,425269,425269,425269,425269,425269,425269,425269,425269,425269,425269,425269,425269,425269,425269,425269,425269,425269,425269,425269,425269,425269,425269,425269,425269,425269,425269,425269,425269,425269,425269,425269,425269,425269,425269,425269,425269,425269,425269,425269,425269,425269,425269,425269,425269,425269,425269,425269,425269,425269,425269,425269,425269,425269,425269,425269,425269,425269,425269,425269,425269,425269,425269,425269,425269,425269,425269,425269,425269,425269,425269,425269,425269,425269,425269,425269,425269,425269,425269,425269,425269,425269,425269,425269,425269,425269,425269,425269,425269,425269,425269,425269,425269,425269,425269
1994-06-01,427977,427977,427977,427977,427977,427977,427977,427977,427977,427977,427977,427977,427877,427877,427877,427877,427877,427877,427877,427877,427877,427877,427877,427877,427877,427978,427978,427978,427978,427978,427978,427978,427978,427978,427978,427978,427978,427978,427978,427978,427978,427978,427978,427978,427978,427978,427978,427978,427978,427978,427978,427978,427978,427978,427978,427978,427978,427978,427978,427978,427978,427978,427978,427978,427978,427978,427978,427978,427978,427978,427978,427978,427978,427978,427978,427978,427978,427978,427978,427978,427978,427978,427978,427978,427978,427978,427978,427978,427978,427978,427978,427978,427978,427978,427978,427978,427978,427978,427978,427978,427978,427978,427978,427978,427978,427978,427978,427978,427978,427978,427978,427978,427978,427978,427978,427978,427978,427978,427978,427978,427978,427978,427978,427978,427978,427978,427978,427978,427978,427978,427978,427978,427978,427978,427978,427978,427978,427978,427978,427978,427978,427978,427978,427978,427978,427978,427978,427978,427978,427978,427978,427978,427978,427978,427978,427978,427978,427978,427978,427978,427978,427978,427978,427978,427978,427978,427978,427978,427978,427978,427978,427978,427978,427978,427978,427978,427978,427978,427978,427978,427978,427978,427978,427978,427978,427978,427978,427978
1994-07-01,428710,428710,428710,428710,428710,428710,428710,428710,428710,428710,428710,428710,428463,428463,428463,428463,428463,428463,428463,428463,428463,428463,428463,428463,428463,428452,428452,428452,428452,428452,428452,428452,428452,428452,428452,428452,428452,428538,428538,428538,428538,428538,428538,428538,428538,428538,428538,428538,428538,428538,428538,428538,428538,428538,428538,428538,428538,428538,428538,428538,428538,428538,428538,428538,428538,428538,428538,428538,428538,428538,428538,428538,428538,428538,428538,428538,428538,428538,428538,428538,428538,428538,428538,428538,428538,428538,428538,428538,428538,428538,428538,428538,428538,428538,428538,428538,428538,428538,428538,428538,428538,428538,428538,428538,428538,428538,428538,428538,428538,428538,428538,428538,428538,428538,428538,428538,428538,428538,428538,428538,428538,428538,428538,428538,428538,428538,428538,428538,428538,428538,428538,428538,428538,428538,428538,428538,428538,428538,428538,428538,428538,428538,428538,428538,428538,428538,428538,428538,428538,428538,428538,428538,428538,428538,428538,428538,428538,428538,428538,428538,428538,428538,428538,428538,428538,428538,428538,428538,428538,428538,428538,428538,428538,428538,428538,428538,428538,428538,428538,428538,428538,428538,428538,428538,428538,428538,428538,428538
1994-08-01,428778,428778,428778,428778,428778,428778,428778,428778,428778,428778,428778,428778,428787,428787,428787,428787,428787,428787,428787,428787,428787,428787,428787,428787,428787,428776,428776,428776,428776,428776,428776,428776,428776,428776,428776,428776,428776,428792,428792,428792,428792,428792,428792,428792,428792,428792,428792,428792,428792,428792,428792,428792,428792,428792,428792,428792,428792,428792,428792,428792,428792,428792,428792,428792,428792,428792,428792,428792,428792,428792,428792,428792,428792,428792,428792,428792,428792,428792,428792,428792,428792,428792,428792,428792,428792,428792,428792,428792,428792,428792,428792,428792,428792,428792,428792,428792,428792,428792,428792,428792,428792,428792,428792,428792,428792,428792,428792,428792,428792,428792,428792,428792,428792,428792,428792,428792,428792,428792,428792,428792,428792,428792,428792,428792,428792,428792,428792,428792,428792,428792,428792,428792,428792,428792,428792,428792,428792,428792,428792,428792,428792,428792,428792,428792,428792,428792,428792,428792,428792,428792,428792,428792,428792,428792,428792,428792,428792,428792,428792,428792,428792,428792,428792,428792,428792,428792,428792,428792,428792,428792,428792,428792,428792,428792,428792,428792,428792,428792,428792,428792,428792,428792,428792,428792,428792,428792,428792,428792
1994-09-01,430282,430282,430282,430282,430282,430282,430282,430282,430282,430282,430282,430282,430311,430311,430311,430311,430311,430311,430311,430311,430311,430311,430311,430311,430311,430235,430235,430235,430235,430235,430235,430235,430235,430235,430235,430235,430235,430311,430311,430311,430311,430311,430311,430311,430311,430311,430311,430311,430311,430311,430311,430311,430311,430311,430311,430311,430311,430311,430311,430311,430311,430311,430311,430311,430311,430311,430311,430311,430311,430311,430311,430311,430311,430311,430311,430311,430311,430311,430311,430311,430311,430311,430311,430311,430311,430311,430311,430311,430311,430311,430311,430311,430311,430311,430311,430311,430311,430311,430311,430311,430311,430311,430311,430311,430311,430311,430311,430311,430311,430311,430311,430311,430311,430311,430311,430311,430311,430311,430311,430311,430311,430311,430311,430311,430311,430311,430311,430311,430311,430311,430311,430311,430311,430311,430311,430311,430311,430311,430311,430311,430311,430311,430311,430311,430311,430311,430311,430311,430311,430311,430311,430311,430311,430311,430311,430311,430311,430311,430311,430311,430311,430311,430311,430311,430311,430311,430311,430311,430311,430311,430311,430311,430311,430311,430311,430311,430311,430311,430311,430311,430311,430311,430311,430311,430311,430311,430311,430311
1994-10-01,433371,433371,433371,433371,433371,433371,433371,433371,433371,433371,433371,433371,433381,433381,433381,433381,433381,433381,433381,433381,433381,433381,433381,433381,433381,433326,433326,433326,433326,433326,433326,433326,433326,433326,433326,433326,433326,433310,433310,433310,433310,433310,433310,433310,433310,433310,433310,433310,433310,433310,433310,433310,433310,433310,433310,433310,433310,433310,433310,433310,433310,433310,433310,433310,433310,433310,433310,433310,433310,433310,433310,433310,433310,433310,433310,433310,433310,433310,433310,433310,433310,433310,433310,433310,433310,433310,433310,433310,433310,433310,433310,433310,433310,433310,433310,433310,433310,433310,433310,433310,433310,433310,433310,433310,433310,433310,433310,433310,433310,433310,433310,433310,433310,433310,433310,433310,433310,433310,433310,433310,433310,433310,433310,433310,433310,433310,433310,433310,433310,433310,433310,433310,433310,433310,433310,433310,433310,433310,433310,433310,433310,433310,433310,433310,433310,433310,433310,433310,433310,433310,433310,433310,433310,433310,433310,433310,433310,433310,433310,433310,433310,433310,433310,433310,433310,433310,433310,433310,433310,433310,433310,433310,433310,433310,433310,433310,433310,433310,433310,433310,433310,433310,433310,433310,433310,433310,433310,433310
1994-11-01,435037,435037,435037,435037,435037,435037,435037,435037,435037,435037,435037,435037,434845,434845,434845,434845,434845,434845,434845,434845,434845,434845,434845,434845,434845,434570,434570,434570,434570,434570,434570,434570,434570,434570,434570,434570,434570,434540,434540,434540,434540,434540,434540,434540,434540,434540,434540,434540,434540,434540,434540,434540,434540,434540,434540,434540,434540,434540,434540,434540,434540,434540,434540,434540,434540,434540,434540,434540,434540,434540,434540,434540,434540,434540,434540,434540,434540,434540,434540,434540,434540,434540,434540,434540,434540,434540,434540,434540,434540,434540,434540,434540,434540,434540,434540,434540,434540,434540,434540,434540,434540,434540,434540,434540,434540,434540,434540,434540,434540,434540,434540,434540,434540,434540,434540,434540,434540,434540,434540,434540,434540,434540,434540,434540,434540,434540,434540,434540,434540,434540,434540,434540,434540,434540,434540,434540,434540,434540,434540,434540,434540,434540,434540,434540,434540,434540,434540,434540,434540,434540,434540,434540,434540,434540,434540,434540,434540,434540,434540,434540,434540,434540,434540,434540,434540,434540,434540,434540,434540,434540,434540,434540,434540,434540,434540,434540,434540,434540,434540,434540,434540,434540,434540,434540,434540,434540,434540,434540
1994-12-01,434795,434795,434795,434795,434795,434795,434795,434795,434795,434795,434795,434795,435131,435131,435131,435131,435131,435131,435131,435131,435131,435131,435131,435131,435131,435074,435074,435074,435074,435074,435074,435074,435074,435074,435074,435074,435074,434899,434899,434899,434899,434899,434899,434899,434899,434899,434899,434899,434899,434899,434899,434899,434899,434899,434899,434899,434899,434899,434899,434899,434899,434899,434899,434899,434899,434899,434899,434899,434899,434899,434899,434899,434899,434899,434899,434899,434899,434899,434899,434899,434899,434899,434899,434899,434899,434899,434899,434899,434899,434899,434899,434899,434899,434899,434899,434899,434899,434899,434899,434899,434899,434899,434899,434899,434899,434899,434899,434899,434899,434899,434899,434899,434899,434899,434899,434899,434899,434899,434899,434899,434899,434899,434899,434899,434899,434899,434899,434899,434899,434899,434899,434899,434899,434899,434899,434899,434899,434899,434899,434899,434899,434899,434899,434899,434899,434899,434899,434899,434899,434899,434899,434899,434899,434899,434899,434899,434899,434899,434899,434899,434899,434899,434899,434899,434899,434899,434899,434899,434899,434899,434899,434899,434899,434899,434899,434899,434899,434899,434899,434899,434899,434899,434899,434899,434899,434899,434899,434899
1995-01-01,432332,432332,432332,432332,432332,432332,432332,432332,432332,432332,432332,432332,432815,432815,432815,432815,432815,432815,432815,432815,432815,432815,432815,432815,432815,432828,432828,432828,432828,432828,432828,432828,432828,432828,432828,432828,432828,432805,432805,432805,432805,432805,432805,432805,432805,432805,432805,432805,432805,432805,432805,432805,432805,432805,432805,432805,432805,432805,432805,432805,432805,432805,432805,432805,432805,432805,432805,432805,432805,432805,432805,432805,432805,432805,432805,432805,432805,432805,432805,432805,432805,432805,432805,432805,432805,432805,432805,432805,432805,432805,432805,432805,432805,432805,432805,432805,432805,432805,432805,432805,432805,432805,432805,432805,432805,432805,432805,432805,432805,432805,432805,432805,432805,432805,432805,432805,432805,432805,432805,432805,432805,432805,432805,432805,432805,432805,432805,432805,432805,432805,432805,432805,432805,432805,432805,432805,432805,432805,432805,432805,432805,432805,432805,432805,432805,432805,432805,432805,432805,432805,432805,432805,432805,432805,432805,432805,432805,432805,432805,432805,432805,432805,432805,432805,432805,432805,432805,432805,432805,432805,432805,432805,432805,432805,432805,432805,432805,432805,432805,432805,432805,432805,432805,432805,432805,432805,432805,432805
1995-02-01,434174,434174,434174,434174,434174,434174,434174,434174,434174,434174,434174,434174,434102,434102,434102,434102,434102,434102,434102,434102,434102,434102,434102,434102,434102,434094,434094,434094,434094,434094,434094,434094,434094,434094,434094,434094,434094,434001,434001,434001,434001,434001,434001,434001,434001,434001,434001,434001,434001,434001,434001,434001,434001,434001,434001,434001,434001,434001,434001,434001,434001,434001,434001,434001,434001,434001,434001,434001,434001,434001,434001,434001,434001,434001,434001,434001,434001,434001,434001,434001,434001,434001,434001,434001,434001,434001,434001,434001,434001,434001,434001,434001,434001,434001,434001,434001,434001,434001,434001,434001,434001,434001,434001,434001,434001,434001,434001,434001,434001,434001,434001,434001,434001,434001,434001,434001,434001,434001,434001,434001,434001,434001,434001,434001,434001,434001,434001,434001,434001,434001,434001,434001,434001,434001,434001,434001,434001,434001,434001,434001,434001,434001,434001,434001,434001,434001,434001,434001,434001,434001,434001,434001,434001,434001,434001,434001,434001,434001,434001,434001,434001,434001,434001,434001,434001,434001,434001,434001,434001,434001,434001,434001,434001,434001,434001,434001,434001,434001,434001,434001,434001,434001,434001,434001,434001,434001,434001,434001
1995-03-01,435994,435994,435994,435994,435994,435994,435994,435994,435994,435994,435994,435994,435924,435924,435924,435924,435924,435924,435924,435924,435924,435924,435924,435924,435924,436179,436179,436179,436179,436179,436179,436179,436179,436179,436179,436179,436179,436109,436109,436109,436109,436109,436109,436109,436109,436109,436109,436109,436109,436109,436109,436109,436109,436109,436109,436109,436109,436109,436109,436109,436109,436109,436109,436109,436109,436109,436109,436109,436109,436109,436109,436109,436109,436109,436109,436109,436109,436109,436109,436109,436109,436109,436109,436109,436109,436109,436109,436109,436109,436109,436109,436109,436109,436109,436109,436109,436109,436109,436109,436109,436109,436109,436109,436109,436109,436109,436109,436109,436109,436109,436109,436109,436109,436109,436109,436109,436109,436109,436109,436109,436109,436109,436109,436109,436109,436109,436109,436109,436109,436109,436109,436109,436109,436109,436109,436109,436109,436109,436109,436109,436109,436109,436109,436109,436109,436109,436109,436109,436109,436109,436109,436109,436109,436109,436109,436109,436109,436109,436109,436109,436109,436109,436109,436109,436109,436109,436109,436109,436109,436109,436109,436109,436109,436109,436109,436109,436109,436109,436109,436109,436109,436109,436109,436109,436109,436109,436109,436109
1995-04-01,434786,434786,434786,434786,434786,434786,434786,434786,434786,434786,434786,434786,434715,434715,434715,434715,434715,434715,434715,434715,434715,434715,434715,434715,434715,434822,434822,434822,434822,434822,434822,434822,434822,434822,434822,434822,434822,434900,434900,434900,434900,434900,434900,434900,434900,434900,434900,434900,434900,434900,434900,434900,434900,434900,434900,434900,434900,434900,434900,434900,434900,434900,434900,434900,434900,434900,434900,434900,434900,434900,434900,434900,434900,434900,434900,434900,434900,434900,434900,434900,434900,434900,434900,434900,434900,434900,434900,434900,434900,434900,434900,434900,434900,434900,434900,434900,434900,434900,434900,434900,434900,434900,434900,434900,434900,434900,434900,434900,434900,434900,434900,434900,434900,434900,434900,434900,434900,434900,434900,434900,434900,434900,434900,434900,434900,434900,434900,434900,434900,434900,434900,434900,434900,434900,434900,434900,434900,434900,434900,434900,434900,434900,434900,434900,434900,434900,434900,434900,434900,434900,434900,434900,434900,434900,434900,434900,434900,434900,434900,434900,434900,434900,434900,434900,434900,434900,434900,434900,434900,434900,434900,434900,434900,434900,434900,434900,434900,434900,434900,434900,434900,434900,434900,434900,434900,434900,434900,434900
1995-05-01,437600,437600,437600,437600,437600,437600,437600,437600,437600,437600,437600,437600,437435,437435,437435,437435,437435,437435,437435,437435,437435,437435,437435,437435,437435,437460,437460,437460,437460,437460,437460,437460,437460,437460,437460,437460,437460,437528,437528,437528,437528,437528,437528,437528,437528,437528,437528,437528,437528,437528,437528,437528,437528,437528,437528,437528,437528,437528,437528,437528,437528,437528,437528,437528,437528,437528,437528,437528,437528,437528,437528,437528,437528,437528,437528,437528,437528,437528,437528,437528,437528,437528,437528,437528,437528,437528,437528,437528,437528,437528,437528,437528,437528,437528,437528,437528,437528,437528,437528,437528,437528,437528,437528,437528,437528,437528,437528,437528,437528,437528,437528,437528,437528,437528,437528,437528,437528,437528,437528,437528,437528,437528,437528,437528,437528,437528,437528,437528,437528,437528,437528,437528,437528,437528,437528,437528,437528,437528,437528,437528,437528,437528,437528,437528,437528,437528,437528,437528,437528,437528,437528,437528,437528,437528,437528,437528,437528,437528,437528,437528,437528,437528,437528,437528,437528,437528,437528,437528,437528,437528,437528,437528,437528,437528,437528,437528,437528,437528,437528,437528,437528,437528,437528,437528,437528,437528,437528,437528
1995-06-01,436460,436460,436460,436460,436460,436460,436460,436460,436460,436460,436460,436460,436389,436389,436389,436389,436389,436389,436389,436389,436389,436389,436389,436389,436389,436452,436452,436452,436452,436452,436452,436452,436452,436452,436452,436452,436452,436469,436469,436469,436469,436469,436469,436469,436469,436469,436469,436469,436469,436469,436469,436469,436469,436469,436469,436469,436469,436469,436469,436469,436469,436469,436469,436469,436469,436469,436469,436469,436469,436469,436469,436469,436469,436469,436469,436469,436469,436469,436469,436469,436469,436469,436469,436469,436469,436469,436469,436469,436469,436469,436469,436469,436469,436469,436469,436469,436469,436469,436469,436469,436469,436469,436469,436469,436469,436469,436469,436469,436469,436469,436469,436469,436469,436469,436469,436469,436469,436469,436469,436469,436469,436469,436469,436469,436469,436469,436469,436469,436469,436469,436469,436469,436469,436469,436469,436469,436469,436469,436469,436469,436469,436469,436469,436469,436469,436469,436469,436469,436469,436469,436469,436469,436469,436469,436469,436469,436469,436469,436469,436469,436469,436469,436469,436469,436469,436469,436469,436469,436469,436469,436469,436469,436469,436469,436469,436469,436469,436469,436469,436469,436469,436469,436469,436469,436469,436469,436469,436469
1995-07-01,435733,435733,435733,435733,435733,435733,435733,435733,435733,435733,435733,435733,435544,435544,435544,435544,435544,435544,435544,435544,435544,435544,435544,435544,435544,435449,435449,435449,435449,435449,435449,435449,435449,435449,435449,435449,435449,435490,435490,435490,435490,435490,435490,435490,435490,435490,435490,435490,435490,435490,435490,435490,435490,435490,435490,435490,435490,435490,435490,435490,435490,435490,435490,435490,435490,435490,435490,435490,435490,435490,435490,435490,435490,435490,435490,435490,435490,435490,435490,435490,435490,435490,435490,435490,435490,435490,435490,435490,435490,435490,435490,435490,435490,435490,435490,435490,435490,435490,435490,435490,435490,435490,435490,435490,435490,435490,435490,435490,435490,435490,435490,435490,435490,435490,435490,435490,435490,435490,435490,435490,435490,435490,435490,435490,435490,435490,435490,435490,435490,435490,435490,435490,435490,435490,435490,435490,435490,435490,435490,435490,435490,435490,435490,435490,435490,435490,435490,435490,435490,435490,435490,435490,435490,435490,435490,435490,435490,435490,435490,435490,435490,435490,435490,435490,435490,435490,435490,435490,435490,435490,435490,435490,435490,435490,435490,435490,435490,435490,435490,435490,435490,435490,435490,435490,435490,435490,435490,435490
1995-08-01,437585,437585,437585,437585,437585,437585,437585,437585,437585,437585,437585,437585,437717,437717,437717,437717,437717,437717,437717,437717,437717,437717,437717,437717,437717,437611,437611,437611,437611,437611,437611,437611,437611,437611,437611,437611,437611,437616,437616,437616,437616,437616,437616,437616,437616,437616,437616,437616,437616,437616,437616,437616,437616,437616,437616,437616,437616,437616,437616,437616,437616,437616,437616,437616,437616,437616,437616,437616,437616,437616,437616,437616,437616,437616,437616,437616,437616,437616,437616,437616,437616,437616,437616,437616,437616,437616,437616,437616,437616,437616,437616,437616,437616,437616,437616,437616,437616,437616,437616,437616,437616,437616,437616,437616,437616,437616,437616,437616,437616,437616,437616,437616,437616,437616,437616,437616,437616,437616,437616,437616,437616,437616,437616,437616,437616,437616,437616,437616,437616,437616,437616,437616,437616,437616,437616,437616,437616,437616,437616,437616,437616,437616,437616,437616,437616,437616,437616,437616,437616,437616,437616,437616,437616,437616,437616,437616,437616,437616,437616,437616,437616,437616,437616,437616,437616,437616,437616,437616,437616,437616,437616,437616,437616,437616,437616,437616,437616,437616,437616,437616,437616,437616,437616,437616,437616,437616,437616,437616
1995-09-01,441853,441853,441853,441853,441853,441853,441853,441853,441853,441853,441853,441853,441806,441806,441806,441806,441806,441806,441806,441806,441806,441806,441806,441806,441806,441656,441656,441656,441656,441656,441656,441656,441656,441656,441656,441656,441656,441696,441696,441696,441696,441696,441696,441696,441696,441696,441696,441696,441696,441696,441696,441696,441696,441696,441696,441696,441696,441696,441696,441696,441696,441696,441696,441696,441696,441696,441696,441696,441696,441696,441696,441696,441696,441696,441696,441696,441696,441696,441696,441696,441696,441696,441696,441696,441696,441696,441696,441696,441696,441696,441696,441696,441696,441696,441696,441696,441696,441696,441696,441696,441696,441696,441696,441696,441696,441696,441696,441696,441696,441696,441696,441696,441696,441696,441696,441696,441696,441696,441696,441696,441696,441696,441696,441696,441696,441696,441696,441696,441696,441696,441696,441696,441696,441696,441696,441696,441696,441696,441696,441696,441696,441696,441696,441696,441696,441696,441696,441696,441696,441696,441696,441696,441696,441696,441696,441696,441696,441696,441696,441696,441696,441696,441696,441696,441696,441696,441696,441696,441696,441696,441696,441696,441696,441696,441696,441696,441696,441696,441696,441696,441696,441696,441696,441696,441696,441696,441696,441696
1995-10-01,442355,442355,442355,442355,442355,442355,442355,442355,442355,442355,442355,442355,442326,442326,442326,442326,442326,442326,442326,442326,442326,442326,442326,442326,442326,442441,442441,442441,442441,442441,442441,442441,442441,442441,442441,442441,442441,442507,442507,442507,442507,442507,442507,442507,442507,442507,442507,442507,442507,442507,442507,442507,442507,442507,442507,442507,442507,442507,442507,442507,442507,442507,442507,442507,442507,442507,442507,442507,442507,442507,442507,442507,442507,442507,442507,442507,442507,442507,442507,442507,442507,442507,442507,442507,442507,442507,442507,442507,442507,442507,442507,442507,442507,442507,442507,442507,442507,442507,442507,442507,442507,442507,442507,442507,442507,442507,442507,442507,442507,442507,442507,442507,442507,442507,442507,442507,442507,442507,442507,442507,442507,442507,442507,442507,442507,442507,442507,442507,442507,442507,442507,442507,442507,442507,442507,442507,442507,442507,442507,442507,442507,442507,442507,442507,442507,442507,442507,442507,442507,442507,442507,442507,442507,442507,442507,442507,442507,442507,442507,442507,442507,442507,442507,442507,442507,442507,442507,442507,442507,442507,442507,442507,442507,442507,442507,442507,442507,442507,442507,442507,442507,442507,442507,442507,442507,442507,442507,442507
1995-11-01,444807,444807,444807,444807,444807,444807,444807,444807,444807,444807,444807,444807,444595,444595,444595,444595,444595,444595,444595,444595,444595,444595,444595,444595,444595,444443,444443,444443,444443,444443,444443,444443,444443,444443,444443,444443,444443,444404,444404,444404,444404,444404,444404,444404,444404,444404,444404,444404,444404,444404,444404,444404,444404,444404,444404,444404,444404,444404,444404,444404,444404,444404,444404,444404,444404,444404,444404,444404,444404,444404,444404,444404,444404,444404,444404,444404,444404,444404,444404,444404,444404,444404,444404,444404,444404,444404,444404,444404,444404,444404,444404,444404,444404,444404,444404,444404,444404,444404,444404,444404,444404,444404,444404,444404,444404,444404,444404,444404,444404,444404,444404,444404,444404,444404,444404,444404,444404,444404,444404,444404,444404,444404,444404,444404,444404,444404,444404,444404,444404,444404,444404,444404,444404,444404,444404,444404,444404,444404,444404,444404,444404,444404,444404,444404,444404,444404,444404,444404,444404,444404,444404,444404,444404,444404,444404,444404,444404,444404,444404,444404,444404,444404,444404,444404,444404,444404,444404,444404,444404,444404,444404,444404,444404,444404,444404,444404,444404,444404,444404,444404,444404,444404,444404,444404,444404,444404,444404,444404
1995-12-01,447180,447180,447180,447180,447180,447180,447180,447180,447180,447180,447180,447180,447570,447570,447570,447570,447570,447570,447570,447570,447570,447570,447570,447570,447570,447669,447669,447669,447669,447669,447669,447669,447669,447669,447669,447669,447669,447510,447510,447510,447510,447510,447510,447510,447510,447510,447510,447510,447510,447510,447510,447510,447510,447510,447510,447510,447510,447510,447510,447510,447510,447510,447510,447510,447510,447510,447510,447510,447510,447510,447510,447510,447510,447510,447510,447510,447510,447510,447510,447510,447510,447510,447510,447510,447510,447510,447510,447510,447510,447510,447510,447510,447510,447510,447510,447510,447510,447510,447510,447510,447510,447510,447510,447510,447510,447510,447510,447510,447510,447510,447510,447510,447510,447510,447510,447510,447510,447510,447510,447510,447510,447510,447510,447510,447510,447510,447510,447510,447510,447510,447510,447510,447510,447510,447510,447510,447510,447510,447510,447510,447510,447510,447510,447510,447510,447510,447510,447510,447510,447510,447510,447510,447510,447510,447510,447510,447510,447510,447510,447510,447510,447510,447510,447510,447510,447510,447510,447510,447510,447510,447510,447510,447510,447510,447510,447510,447510,447510,447510,447510,447510,447510,447510,447510,447510,447510,447510,447510
1996-01-01,451884,451884,451884,451884,451884,451884,451884,451884,451884,451884,451884,451884,452482,452482,452482,452482,452482,452482,452482,452482,452482,452482,452482,452482,452482,452379,452379,452379,452379,452379,452379,452379,452379,452379,452379,452379,452379,452372,452372,452372,452372,452372,452372,452372,452372,452372,452372,452372,452372,452372,452372,452372,452372,452372,452372,452372,452372,452372,452372,452372,452372,452372,452372,452372,452372,452372,452372,452372,452372,452372,452372,452372,452372,452372,452372,452372,452372,452372,452372,452372,452372,452372,452372,452372,452372,452372,452372,452372,452372,452372,452372,452372,452372,452372,452372,452372,452372,452372,452372,452372,452372,452372,452372,452372,452372,452372,452372,452372,452372,452372,452372,452372,452372,452372,452372,452372,452372,452372,452372,452372,452372,452372,452372,452372,452372,452372,452372,452372,452372,452372,452372,452372,452372,452372,452372,452372,452372,452372,452372,452372,452372,452372,452372,452372,452372,452372,452372,452372,452372,452372,452372,452372,452372,452372,452372,452372,452372,452372,452372,452372,452372,452372,452372,452372,452372,452372,452372,452372,452372,452372,452372,452372,452372,452372,452372,452372,452372,452372,452372,452372,452372,452372,452372,452372,452372,452372,452372,452372
1996-02-01,453930,453930,453930,453930,453930,453930,453930,453930,453930,453930,453930,453930,453895,453895,453895,453895,453895,453895,453895,453895,453895,453895,453895,453895,453895,453864,453864,453864,453864,453864,453864,453864,453864,453864,453864,453864,453864,453836,453836,453836,453836,453836,453836,453836,453836,453836,453836,453836,453836,453836,453836,453836,453836,453836,453836,453836,453836,453836,453836,453836,453836,453836,453836,453836,453836,453836,453836,453836,453836,453836,453836,453836,453836,453836,453836,453836,453836,453836,453836,453836,453836,453836,453836,453836,453836,453836,453836,453836,453836,453836,453836,453836,453836,453836,453836,453836,453836,453836,453836,453836,453836,453836,453836,453836,453836,453836,453836,453836,453836,453836,453836,453836,453836,453836,453836,453836,453836,453836,453836,453836,453836,453836,453836,453836,453836,453836,453836,453836,453836,453836,453836,453836,453836,453836,453836,453836,453836,453836,453836,453836,453836,453836,453836,453836,453836,453836,453836,453836,453836,453836,453836,453836,453836,453836,453836,453836,453836,453836,453836,453836,453836,453836,453836,453836,453836,453836,453836,453836,453836,453836,453836,453836,453836,453836,453836,453836,453836,453836,453836,453836,453836,453836,453836,453836,453836,453836,453836,453836
1996-03-01,464533,464533,464533,464533,464533,464533,464533,464533,464533,464533,464533,464533,464105,464105,464105,464105,464105,464105,464105,464105,464105,464105,464105,464105,464105,464242,464242,464242,464242,464242,464242,464242,464242,464242,464242,464242,464242,464172,464172,464172,464172,464172,464172,464172,464172,464172,464172,464172,464172,464172,464172,464172,464172,464172,464172,464172,464172,464172,464172,464172,464172,464172,464172,464172,464172,464172,464172,464172,464172,464172,464172,464172,464172,464172,464172,464172,464172,464172,464172,464172,464172,464172,464172,464172,464172,464172,464172,464172,464172,464172,464172,464172,464172,464172,464172,464172,464172,464172,464172,464172,464172,464172,464172,464172,464172,464172,464172,464172,464172,464172,464172,464172,464172,464172,464172,464172,464172,464172,464172,464172,464172,464172,464172,464172,464172,464172,464172,464172,464172,464172,464172,464172,464172,464172,464172,464172,464172,464172,464172,464172,464172,464172,464172,464172,464172,464172,464172,464172,464172,464172,464172,464172,464172,464172,464172,464172,464172,464172,464172,464172,464172,464172,464172,464172,464172,464172,464172,464172,464172,464172,464172,464172,464172,464172,464172,464172,464172,464172,464172,464172,464172,464172,464172,464172,464172,464172,464172,464172
1996-04-01,465119,465119,465119,465119,465119,465119,465119,465119,465119,465119,465119,465119,464862,464862,464862,464862,464862,464862,464862,464862,464862,464862,464862,464862,464862,464982,464982,464982,464982,464982,464982,464982,464982,464982,464982,464982,464982,465089,465089,465089,465089,465089,465089,465089,465089,465089,465089,465089,465089,465089,465089,465089,465089,465089,465089,465089,465089,465089,465089,465089,465089,465089,465089,465089,465089,465089,465089,465089,465089,465089,465089,465089,465089,465089,465089,465089,465089,465089,465089,465089,465089,465089,465089,465089,465089,465089,465089,465089,465089,465089,465089,465089,465089,465089,465089,465089,465089,465089,465089,465089,465089,465089,465089,465089,465089,465089,465089,465089,465089,465089,465089,465089,465089,465089,465089,465089,465089,465089,465089,465089,465089,465089,465089,465089,465089,465089,465089,465089,465089,465089,465089,465089,465089,465089,465089,465089,465089,465089,465089,465089,465089,465089,465089,465089,465089,465089,465089,465089,465089,465089,465089,465089,465089,465089,465089,465089,465089,465089,465089,465089,465089,465089,465089,465089,465089,465089,465089,465089,465089,465089,465089,465089,465089,465089,465089,465089,465089,465089,465089,465089,465089,465089,465089,465089,465089,465089,465089,465089
1996-05-01,469979,469979,469979,469979,469979,469979,469979,469979,469979,469979,469979,469979,469729,469729,469729,469729,469729,469729,469729,469729,469729,469729,469729,469729,469729,469841,469841,469841,469841,469841,469841,469841,469841,469841,469841,469841,469841,469914,469914,469914,469914,469914,469914,469914,469914,469914,469914,469914,469914,469914,469914,469914,469914,469914,469914,469914,469914,469914,469914,469914,469914,469914,469914,469914,469914,469914,469914,469914,469914,469914,469914,469914,469914,469914,469914,469914,469914,469914,469914,469914,469914,469914,469914,469914,469914,469914,469914,469914,469914,469914,469914,469914,469914,469914,469914,469914,469914,469914,469914,469914,469914,469914,469914,469914,469914,469914,469914,469914,469914,469914,469914,469914,469914,469914,469914,469914,469914,469914,469914,469914,469914,469914,469914,469914,469914,469914,469914,469914,469914,469914,469914,469914,469914,469914,469914,469914,469914,469914,469914,469914,469914,469914,469914,469914,469914,469914,469914,469914,469914,469914,469914,469914,469914,469914,469914,469914,469914,469914,469914,469914,469914,469914,469914,469914,469914,469914,469914,469914,469914,469914,469914,469914,469914,469914,469914,469914,469914,469914,469914,469914,469914,469914,469914,469914,469914,469914,469914,469914
1996-06-01,472229,472229,472229,472229,472229,472229,472229,472229,472229,472229,472229,472229,472216,472216,472216,472216,472216,472216,472216,472216,472216,472216,472216,472216,472216,472174,472174,472174,472174,472174,472174,472174,472174,472174,472174,472174,472174,472134,472134,472134,472134,472134,472134,472134,472134,472134,472134,472134,472134,472134,472134,472134,472134,472134,472134,472134,472134,472134,472134,472134,472134,472134,472134,472134,472134,472134,472134,472134,472134,472134,472134,472134,472134,472134,472134,472134,472134,472134,472134,472134,472134,472134,472134,472134,472134,472134,472134,472134,472134,472134,472134,472134,472134,472134,472134,472134,472134,472134,472134,472134,472134,472134,472134,472134,472134,472134,472134,472134,472134,472134,472134,472134,472134,472134,472134,472134,472134,472134,472134,472134,472134,472134,472134,472134,472134,472134,472134,472134,472134,472134,472134,472134,472134,472134,472134,472134,472134,472134,472134,472134,472134,472134,472134,472134,472134,472134,472134,472134,472134,472134,472134,472134,472134,472134,472134,472134,472134,472134,472134,472134,472134,472134,472134,472134,472134,472134,472134,472134,472134,472134,472134,472134,472134,472134,472134,472134,472134,472134,472134,472134,472134,472134,472134,472134,472134,472134,472134,472134
1996-07-01,476692,476692,476692,476692,476692,476692,476692,476692,476692,476692,476692,476692,476663,476663,476663,476663,476663,476663,476663,476663,476663,476663,476663,476663,476663,476528,476528,476528,476528,476528,476528,476528,476528,476528,476528,476528,476528,476647,476647,476647,476647,476647,476647,476647,476647,476647,476647,476647,476647,476647,476647,476647,476647,476647,476647,476647,476647,476647,476647,476647,476647,476647,476647,476647,476647,476647,476647,476647,476647,476647,476647,476647,476647,476647,476647,476647,476647,476647,476647,476647,476647,476647,476647,476647,476647,476647,476647,476647,476647,476647,476647,476647,476647,476647,476647,476647,476647,476647,476647,476647,476647,476647,476647,476647,476647,476647,476647,476647,476647,476647,476647,476647,476647,476647,476647,476647,476647,476647,476647,476647,476647,476647,476647,476647,476647,476647,476647,476647,476647,476647,476647,476647,476647,476647,476647,476647,476647,476647,476647,476647,476647,476647,476647,476647,476647,476647,476647,476647,476647,476647,476647,476647,476647,476647,476647,476647,476647,476647,476647,476647,476647,476647,476647,476647,476647,476647,476647,476647,476647,476647,476647,476647,476647,476647,476647,476647,476647,476647,476647,476647,476647,476647,476647,476647,476647,476647,476647,476647
1996-08-01,473792,473792,473792,473792,473792,473792,473792,473792,473792,473792,473792,473792,473924,473924,473924,473924,473924,473924,473924,473924,473924,473924,473924,473924,473924,473883,473883,473883,473883,473883,473883,473883,473883,473883,473883,473883,473883,473958,473958,473958,473958,473958,473958,473958,473958,473958,473958,473958,473958,473958,473958,473958,473958,473958,473958,473958,473958,473958,473958,473958,473958,473958,473958,473958,473958,473958,473958,473958,473958,473958,473958,473958,473958,473958,473958,473958,473958,473958,473958,473958,473958,473958,473958,473958,473958,473958,473958,473958,473958,473958,473958,473958,473958,473958,473958,473958,473958,473958,473958,473958,473958,473958,473958,473958,473958,473958,473958,473958,473958,473958,473958,473958,473958,473958,473958,473958,473958,473958,473958,473958,473958,473958,473958,473958,473958,473958,473958,473958,473958,473958,473958,473958,473958,473958,473958,473958,473958,473958,473958,473958,473958,473958,473958,473958,473958,473958,473958,473958,473958,473958,473958,473958,473958,473958,473958,473958,473958,473958,473958,473958,473958,473958,473958,473958,473958,473958,473958,473958,473958,473958,473958,473958,473958,473958,473958,473958,473958,473958,473958,473958,473958,473958,473958,473958,473958,473958,473958,473958
1996-09-01,476678,476678,476678,476678,476678,476678,476678,476678,476678,476678,476678,476678,476692,476692,476692,476692,476692,476692,476692,476692,476692,476692,476692,476692,476692,476550,476550,476550,476550,476550,476550,476550,476550,476550,476550,476550,476550,476545,476545,476545,476545,476545,476545,476545,476545,476545,476545,476545,476545,476545,476545,476545,476545,476545,476545,476545,476545,476545,476545,476545,476545,476545,476545,476545,476545,476545,476545,476545,476545,476545,476545,476545,476545,476545,476545,476545,476545,476545,476545,476545,476545,476545,476545,476545,476545,476545,476545,476545,476545,476545,476545,476545,476545,476545,476545,476545,476545,476545,476545,476545,476545,476545,476545,476545,476545,476545,476545,476545,476545,476545,476545,476545,476545,476545,476545,476545,476545,476545,476545,476545,476545,476545,476545,476545,476545,476545,476545,476545,476545,476545,476545,476545,476545,476545,476545,476545,476545,476545,476545,476545,476545,476545,476545,476545,476545,476545,476545,476545,476545,476545,476545,476545,476545,476545,476545,476545,476545,476545,476545,476545,476545,476545,476545,476545,476545,476545,476545,476545,476545,476545,476545,476545,476545,476545,476545,476545,476545,476545,476545,476545,476545,476545,476545,476545,476545,476545,476545,476545
1996-10-01,482947,482947,482947,482947,482947,482947,482947,482947,482947,482947,482947,482947,482979,482979,482979,482979,482979,482979,482979,482979,482979,482979,482979,482979,482979,482912,482912,482912,482912,482912,482912,482912,482912,482912,482912,482912,482912,482916,482916,482916,482916,482916,482916,482916,482916,482916,482916,482916,482916,482916,482916,482916,482916,482916,482916,482916,482916,482916,482916,482916,482916,482916,482916,482916,482916,482916,482916,482916,482916,482916,482916,482916,482916,482916,482916,482916,482916,482916,482916,482916,482916,482916,482916,482916,482916,482916,482916,482916,482916,482916,482916,482916,482916,482916,482916,482916,482916,482916,482916,482916,482916,482916,482916,482916,482916,482916,482916,482916,482916,482916,482916,482916,482916,482916,482916,482916,482916,482916,482916,482916,482916,482916,482916,482916,482916,482916,482916,482916,482916,482916,482916,482916,482916,482916,482916,482916,482916,482916,482916,482916,482916,482916,482916,482916,482916,482916,482916,482916,482916,482916,482916,482916,482916,482916,482916,482916,482916,482916,482916,482916,482916,482916,482916,482916,482916,482916,482916,482916,482916,482916,482916,482916,482916,482916,482916,482916,482916,482916,482916,482916,482916,482916,482916,482916,482916,482916,482916,482916
1996-11-01,490097,490097,490097,490097,490097,490097,490097,490097,490097,490097,490097,490097,489985,489985,489985,489985,489985,489985,489985,489985,489985,489985,489985,489985,489985,490068,490068,490068,490068,490068,490068,490068,490068,490068,490068,490068,490068,490023,490023,490023,490023,490023,490023,490023,490023,490023,490023,490023,490023,490023,490023,490023,490023,490023,490023,490023,490023,490023,490023,490023,490023,490023,490023,490023,490023,490023,490023,490023,490023,490023,490023,490023,490023,490023,490023,490023,490023,490023,490023,490023,490023,490023,490023,490023,490023,490023,490023,490023,490023,490023,490023,490023,490023,490023,490023,490023,490023,490023,490023,490023,490023,490023,490023,490023,490023,490023,490023,490023,490023,490023,490023,490023,490023,490023,490023,490023,490023,490023,490023,490023,490023,490023,490023,490023,490023,490023,490023,490023,490023,490023,490023,490023,490023,490023,490023,490023,490023,490023,490023,490023,490023,490023,490023,490023,490023,490023,490023,490023,490023,490023,490023,490023,490023,490023,490023,490023,490023,490023,490023,490023,490023,490023,490023,490023,490023,490023,490023,490023,490023,490023,490023,490023,490023,490023,490023,490023,490023,490023,490023,490023,490023,490023,490023,490023,490023,490023,490023,490023
1996-12-01,488462,488462,488462,488462,488462,488462,488462,488462,488462,488462,488462,488462,488988,488988,488988,488988,488988,488988,488988,488988,488988,488988,488988,488988,488988,489246,489246,489246,489246,489246,489246,489246,489246,489246,489246,489246,489246,489147,489147,489147,489147,489147,489147,489147,489147,489147,489147,489147,489147,489147,489147,489147,489147,489147,489147,489147,489147,489147,489147,489147,489147,489147,489147,489147,489147,489147,489147,489147,489147,489147,489147,489147,489147,489147,489147,489147,489147,489147,489147,489147,489147,489147,489147,489147,489147,489147,489147,489147,489147,489147,489147,489147,489147,489147,489147,489147,489147,489147,489147,489147,489147,489147,489147,489147,489147,489147,489147,489147,489147,489147,489147,489147,489147,489147,489147,489147,489147,489147,489147,489147,489147,489147,489147,489147,489147,489147,489147,489147,489147,489147,489147,489147,489147,489147,489147,489147,489147,489147,489147,489147,489147,489147,489147,489147,489147,489147,489147,489147,489147,489147,489147,489147,489147,489147,489147,489147,489147,489147,489147,489147,489147,489147,489147,489147,489147,489147,489147,489147,489147,489147,489147,489147,489147,489147,489147,489147,489147,489147,489147,489147,489147,489147,489147,489147,489147,489147,489147,489147
1997-01-01,488222,488222,488222,488222,488222,488222,488222,488222,488222,488222,488222,488222,488663,488663,488663,488663,488663,488663,488663,488663,488663,488663,488663,488663,488663,488591,488591,488591,488591,488591,488591,488591,488591,488591,488591,488591,488591,488584,488584,488584,488584,488584,488584,488584,488584,488584,488584,488584,488584,488584,488565,488565,488565,488565,488565,488565,488565,488565,488565,488565,488565,488565,488645,488645,488645,488645,488645,488645,488645,488645,488645,488645,488645,488645,488645,488645,488645,488645,488645,488645,488645,488645,488645,488645,488645,488645,488645,488645,488645,488645,488645,488645,488645,488645,488645,488645,488645,488645,488645,488645,488645,488645,488645,488645,488645,488645,488645,488645,488645,488645,488645,488645,488645,488645,488645,488645,488645,488645,488645,488645,488645,488645,488645,488645,488645,488645,488645,488645,488645,488645,488645,488645,488645,488645,488645,488645,488645,488645,488645,488645,488645,488645,488645,488645,488645,488645,488645,488645,488645,488645,488645,488645,488645,488645,488645,488645,488645,488645,488645,488645,488645,488645,488645,488645,488645,488645,488645,488645,488645,488645,488645,488645,488645,488645,488645,488645,488645,488645,488645,488645,488645,488645,488645,488645,488645,488645,488645,488645
1997-02-01,491518,491518,491518,491518,491518,491518,491518,491518,491518,491518,491518,491518,491492,491492,491492,491492,491492,491492,491492,491492,491492,491492,491492,491492,491492,491405,491405,491405,491405,491405,491405,491405,491405,491405,491405,491405,491405,491330,491330,491330,491330,491330,491330,491330,491330,491330,491330,491330,491330,491330,491040,491040,491040,491040,491040,491040,491040,491040,491040,491040,491040,491040,491116,491116,491116,491116,491116,491116,491116,491116,491116,491116,491116,491116,491116,491116,491116,491116,491116,491116,491116,491116,491116,491116,491116,491116,491116,491116,491116,491116,491116,491116,491116,491116,491116,491116,491116,491116,491116,491116,491116,491116,491116,491116,491116,491116,491116,491116,491116,491116,491116,491116,491116,491116,491116,491116,491116,491116,491116,491116,491116,491116,491116,491116,491116,491116,491116,491116,491116,491116,491116,491116,491116,491116,491116,491116,491116,491116,491116,491116,491116,491116,491116,491116,491116,491116,491116,491116,491116,491116,491116,491116,491116,491116,491116,491116,491116,491116,491116,491116,491116,491116,491116,491116,491116,491116,491116,491116,491116,491116,491116,491116,491116,491116,491116,491116,491116,491116,491116,491116,491116,491116,491116,491116,491116,491116,491116,491116
1997-03-01,491575,491575,491575,491575,491575,491575,491575,491575,491575,491575,491575,491575,491079,491079,491079,491079,491079,491079,491079,491079,491079,491079,491079,491079,491079,491071,491071,491071,491071,491071,491071,491071,491071,491071,491071,491071,491071,490938,490938,490938,490938,490938,490938,490938,490938,490938,490938,490938,490938,490938,490279,490279,490279,490279,490279,490279,490279,490279,490279,490279,490279,490279,490223,490223,490223,490223,490223,490223,490223,490223,490223,490223,490223,490223,490223,490223,490223,490223,490223,490223,490223,490223,490223,490223,490223,490223,490223,490223,490223,490223,490223,490223,490223,490223,490223,490223,490223,490223,490223,490223,490223,490223,490223,490223,490223,490223,490223,490223,490223,490223,490223,490223,490223,490223,490223,490223,490223,490223,490223,490223,490223,490223,490223,490223,490223,490223,490223,490223,490223,490223,490223,490223,490223,490223,490223,490223,490223,490223,490223,490223,490223,490223,490223,490223,490223,490223,490223,490223,490223,490223,490223,490223,490223,490223,490223,490223,490223,490223,490223,490223,490223,490223,490223,490223,490223,490223,490223,490223,490223,490223,490223,490223,490223,490223,490223,490223,490223,490223,490223,490223,490223,490223,490223,490223,490223,490223,490223,490223
1997-04-01,492574,492574,492574,492574,492574,492574,492574,492574,492574,492574,492574,492574,492417,492417,492417,492417,492417,492417,492417,492417,492417,492417,492417,492417,492417,492462,492462,492462,492462,492462,492462,492462,492462,492462,492462,492462,492462,492506,492506,492506,492506,492506,492506,492506,492506,492506,492506,492506,492506,492506,492168,492168,492168,492168,492168,492168,492168,492168,492168,492168,492168,492168,492183,492183,492183,492183,492183,492183,492183,492183,492183,492183,492183,492183,492183,492183,492183,492183,492183,492183,492183,492183,492183,492183,492183,492183,492183,492183,492183,492183,492183,492183,492183,492183,492183,492183,492183,492183,492183,492183,492183,492183,492183,492183,492183,492183,492183,492183,492183,492183,492183,492183,492183,492183,492183,492183,492183,492183,492183,492183,492183,492183,492183,492183,492183,492183,492183,492183,492183,492183,492183,492183,492183,492183,492183,492183,492183,492183,492183,492183,492183,492183,492183,492183,492183,492183,492183,492183,492183,492183,492183,492183,492183,492183,492183,492183,492183,492183,492183,492183,492183,492183,492183,492183,492183,492183,492183,492183,492183,492183,492183,492183,492183,492183,492183,492183,492183,492183,492183,492183,492183,492183,492183,492183,492183,492183,492183,492183
1997-05-01,492471,492471,492471,492471,492471,492471,492471,492471,492471,492471,492471,492471,492327,492327,492327,492327,492327,492327,492327,492327,492327,492327,492327,492327,492327,492411,492411,492411,492411,492411,492411,492411,492411,492411,492411,492411,492411,492517,492517,492517,492517,492517,492517,492517,492517,492517,492517,492517,492517,492517,492349,492349,492349,492349,492349,492349,492349,492349,492349,492349,492349,492349,492334,492334,492334,492334,492334,492334,492334,492334,492334,492334,492334,492334,492334,492334,492334,492334,492334,492334,492334,492334,492334,492334,492334,492334,492334,492334,492334,492334,492334,492334,492334,492334,492334,492334,492334,492334,492334,492334,492334,492334,492334,492334,492334,492334,492334,492334,492334,492334,492334,492334,492334,492334,492334,492334,492334,492334,492334,492334,492334,492334,492334,492334,492334,492334,492334,492334,492334,492334,492334,492334,492334,492334,492334,492334,492334,492334,492334,492334,492334,492334,492334,492334,492334,492334,492334,492334,492334,492334,492334,492334,492334,492334,492334,492334,492334,492334,492334,492334,492334,492334,492334,492334,492334,492334,492334,492334,492334,492334,492334,492334,492334,492334,492334,492334,492334,492334,492334,492334,492334,492334,492334,492334,492334,492334,492334,492334
1997-06-01,493852,493852,493852,493852,493852,493852,493852,493852,493852,493852,493852,493852,493789,493789,493789,493789,493789,493789,493789,493789,493789,493789,493789,493789,493789,493872,493872,493872,493872,493872,493872,493872,493872,493872,493872,493872,493872,493956,493956,493956,493956,493956,493956,493956,493956,493956,493956,493956,493956,493956,493864,493864,493864,493864,493864,493864,493864,493864,493864,493864,493864,493864,493879,493879,493879,493879,493879,493879,493879,493879,493879,493879,493879,493879,493879,493879,493879,493879,493879,493879,493879,493879,493879,493879,493879,493879,493879,493879,493879,493879,493879,493879,493879,493879,493879,493879,493879,493879,493879,493879,493879,493879,493879,493879,493879,493879,493879,493879,493879,493879,493879,493879,493879,493879,493879,493879,493879,493879,493879,493879,493879,493879,493879,493879,493879,493879,493879,493879,493879,493879,493879,493879,493879,493879,493879,493879,493879,493879,493879,493879,493879,493879,493879,493879,493879,493879,493879,493879,493879,493879,493879,493879,493879,493879,493879,493879,493879,493879,493879,493879,493879,493879,493879,493879,493879,493879,493879,493879,493879,493879,493879,493879,493879,493879,493879,493879,493879,493879,493879,493879,493879,493879,493879,493879,493879,493879,493879,493879
1997-07-01,495669,495669,495669,495669,495669,495669,495669,495669,495669,495669,495669,495669,495751,495751,495751,495751,495751,495751,495751,495751,495751,495751,495751,495751,495751,495667,495667,495667,495667,495667,495667,495667,495667,495667,495667,495667,495667,495724,495724,495724,495724,495724,495724,495724,495724,495724,495724,495724,495724,495724,495936,495936,495936,495936,495936,495936,495936,495936,495936,495936,495936,495936,495937,495937,495937,495937,495937,495937,495937,495937,495937,495937,495937,495937,495937,495937,495937,495937,495937,495937,495937,495937,495937,495937,495937,495937,495937,495937,495937,495937,495937,495937,495937,495937,495937,495937,495937,495937,495937,495937,495937,495937,495937,495937,495937,495937,495937,495937,495937,495937,495937,495937,495937,495937,495937,495937,495937,495937,495937,495937,495937,495937,495937,495937,495937,495937,495937,495937,495937,495937,495937,495937,495937,495937,495937,495937,495937,495937,495937,495937,495937,495937,495937,495937,495937,495937,495937,495937,495937,495937,495937,495937,495937,495937,495937,495937,495937,495937,495937,495937,495937,495937,495937,495937,495937,495937,495937,495937,495937,495937,495937,495937,495937,495937,495937,495937,495937,495937,495937,495937,495937,495937,495937,495937,495937,495937,495937,495937
1997-08-01,498150,498150,498150,498150,498150,498150,498150,498150,498150,498150,498150,498150,498159,498159,498159,498159,498159,498159,498159,498159,498159,498159,498159,498159,498159,498033,498033,498033,498033,498033,498033,498033,498033,498033,498033,498033,498033,498113,498113,498113,498113,498113,498113,498113,498113,498113,498113,498113,498113,498113,498657,498657,498657,498657,498657,498657,498657,498657,498657,498657,498657,498657,498648,498648,498648,498648,498648,498648,498648,498648,498648,498648,498648,498648,498648,498648,498648,498648,498648,498648,498648,498648,498648,498648,498648,498648,498648,498648,498648,498648,498648,498648,498648,498648,498648,498648,498648,498648,498648,498648,498648,498648,498648,498648,498648,498648,498648,498648,498648,498648,498648,498648,498648,498648,498648,498648,498648,498648,498648,498648,498648,498648,498648,498648,498648,498648,498648,498648,498648,498648,498648,498648,498648,498648,498648,498648,498648,498648,498648,498648,498648,498648,498648,498648,498648,498648,498648,498648,498648,498648,498648,498648,498648,498648,498648,498648,498648,498648,498648,498648,498648,498648,498648,498648,498648,498648,498648,498648,498648,498648,498648,498648,498648,498648,498648,498648,498648,498648,498648,498648,498648,498648,498648,498648,498648,498648,498648,498648
1997-09-01,500811,500811,500811,500811,500811,500811,500811,500811,500811,500811,500811,500811,500800,500800,500800,500800,500800,500800,500800,500800,500800,500800,500800,500800,500800,500603,500603,500603,500603,500603,500603,500603,500603,500603,500603,500603,500603,500538,500538,500538,500538,500538,500538,500538,500538,500538,500538,500538,500538,500538,501547,501547,501547,501547,501547,501547,501547,501547,501547,501547,501547,501547,501436,501436,501436,501436,501436,501436,501436,501436,501436,501436,501436,501436,501436,501436,501436,501436,501436,501436,501436,501436,501436,501436,501436,501436,501436,501436,501436,501436,501436,501436,501436,501436,501436,501436,501436,501436,501436,501436,501436,501436,501436,501436,501436,501436,501436,501436,501436,501436,501436,501436,501436,501436,501436,501436,501436,501436,501436,501436,501436,501436,501436,501436,501436,501436,501436,501436,501436,501436,501436,501436,501436,501436,501436,501436,501436,501436,501436,501436,501436,501436,501436,501436,501436,501436,501436,501436,501436,501436,501436,501436,501436,501436,501436,501436,501436,501436,501436,501436,501436,501436,501436,501436,501436,501436,501436,501436,501436,501436,501436,501436,501436,501436,501436,501436,501436,501436,501436,501436,501436,501436,501436,501436,501436,501436,501436,501436
1997-10-01,504935,504935,504935,504935,504935,504935,504935,504935,504935,504935,504935,504935,504841,504841,504841,504841,504841,504841,504841,504841,504841,504841,504841,504841,504841,504807,504807,504807,504807,504807,504807,504807,504807,504807,504807,504807,504807,504804,504804,504804,504804,504804,504804,504804,504804,504804,504804,504804,504804,504804,504616,504616,504616,504616,504616,504616,504616,504616,504616,504616,504616,504616,504599,504599,504599,504599,504599,504599,504599,504599,504599,504599,504599,504599,504599,504599,504599,504599,504599,504599,504599,504599,504599,504599,504599,504599,504599,504599,504599,504599,504599,504599,504599,504599,504599,504599,504599,504599,504599,504599,504599,504599,504599,504599,504599,504599,504599,504599,504599,504599,504599,504599,504599,504599,504599,504599,504599,504599,504599,504599,504599,504599,504599,504599,504599,504599,504599,504599,504599,504599,504599,504599,504599,504599,504599,504599,504599,504599,504599,504599,504599,504599,504599,504599,504599,504599,504599,504599,504599,504599,504599,504599,504599,504599,504599,504599,504599,504599,504599,504599,504599,504599,504599,504599,504599,504599,504599,504599,504599,504599,504599,504599,504599,504599,504599,504599,504599,504599,504599,504599,504599,504599,504599,504599,504599,504599,504599,504599
1997-11-01,517413,517413,517413,517413,517413,517413,517413,517413,517413,517413,517413,517413,517522,517522,517522,517522,517522,517522,517522,517522,517522,517522,517522,517522,517522,517717,517717,517717,517717,517717,517717,517717,517717,517717,517717,517717,517717,517524,517524,517524,517524,517524,517524,517524,517524,517524,517524,517524,517524,517524,517098,517098,517098,517098,517098,517098,517098,517098,517098,517098,517098,517098,517043,517043,517043,517043,517043,517043,517043,517043,517043,517043,517043,517043,517043,517043,517043,517043,517043,517043,517043,517043,517043,517043,517043,517043,517043,517043,517043,517043,517043,517043,517043,517043,517043,517043,517043,517043,517043,517043,517043,517043,517043,517043,517043,517043,517043,517043,517043,517043,517043,517043,517043,517043,517043,517043,517043,517043,517043,517043,517043,517043,517043,517043,517043,517043,517043,517043,517043,517043,517043,517043,517043,517043,517043,517043,517043,517043,517043,517043,517043,517043,517043,517043,517043,517043,517043,517043,517043,517043,517043,517043,517043,517043,517043,517043,517043,517043,517043,517043,517043,517043,517043,517043,517043,517043,517043,517043,517043,517043,517043,517043,517043,517043,517043,517043,517043,517043,517043,517043,517043,517043,517043,517043,517043,517043,517043,517043
1997-12-01,512714,512714,512714,512714,512714,512714,512714,512714,512714,512714,512714,512714,513023,513023,513023,513023,513023,513023,513023,513023,513023,513023,513023,513023,513023,513168,513168,513168,513168,513168,513168,513168,513168,513168,513168,513168,513168,513037,513037,513037,513037,513037,513037,513037,513037,513037,513037,513037,513037,513037,513267,513267,513267,513267,513267,513267,513267,513267,513267,513267,513267,513267,513317,513317,513317,513317,513317,513317,513317,513317,513317,513317,513317,513317,513317,513317,513317,513317,513317,513317,513317,513317,513317,513317,513317,513317,513317,513317,513317,513317,513317,513317,513317,513317,513317,513317,513317,513317,513317,513317,513317,513317,513317,513317,513317,513317,513317,513317,513317,513317,513317,513317,513317,513317,513317,513317,513317,513317,513317,513317,513317,513317,513317,513317,513317,513317,513317,513317,513317,513317,513317,513317,513317,513317,513317,513317,513317,513317,513317,513317,513317,513317,513317,513317,513317,513317,513317,513317,513317,513317,513317,513317,513317,513317,513317,513317,513317,513317,513317,513317,513317,513317,513317,513317,513317,513317,513317,513317,513317,513317,513317,513317,513317,513317,513317,513317,513317,513317,513317,513317,513317,513317,513317,513317,513317,513317,513317,513317
1998-01-01,513515,513515,513515,513515,513515,513515,513515,513515,513515,513515,513515,513515,513830,513830,513830,513830,513830,513830,513830,513830,513830,513830,513830,513830,513830,513849,513849,513849,513849,513849,513849,513849,513849,513849,513849,513849,513849,513883,513883,513883,513883,513883,513883,513883,513883,513883,513883,513883,513883,513883,514013,514013,514013,514013,514013,514013,514013,514013,514013,514013,514013,514013,514063,514063,514063,514063,514063,514063,514063,514063,514063,514063,514063,514063,514063,514063,514063,514063,514063,514063,514063,514063,514063,514063,514063,514063,514063,514063,514063,514063,514063,514063,514063,514063,514063,514063,514063,514063,514063,514063,514063,514063,514063,514063,514063,514063,514063,514063,514063,514063,514063,514063,514063,514063,514063,514063,514063,514063,514063,514063,514063,514063,514063,514063,514063,514063,514063,514063,514063,514063,514063,514063,514063,514063,514063,514063,514063,514063,514063,514063,514063,514063,514063,514063,514063,514063,514063,514063,514063,514063,514063,514063,514063,514063,514063,514063,514063,514063,514063,514063,514063,514063,514063,514063,514063,514063,514063,514063,514063,514063,514063,514063,514063,514063,514063,514063,514063,514063,514063,514063,514063,514063,514063,514063,514063,514063,514063,514063
1998-02-01,513371,513371,513371,513371,513371,513371,513371,513371,513371,513371,513371,513371,513425,513425,513425,513425,513425,513425,513425,513425,513425,513425,513425,513425,513425,513522,513522,513522,513522,513522,513522,513522,513522,513522,513522,513522,513522,513589,513589,513589,513589,513589,513589,513589,513589,513589,513589,513589,513589,513589,513518,513518,513518,513518,513518,513518,513518,513518,513518,513518,513518,513518,513589,513589,513589,513589,513589,513589,513589,513589,513589,513589,513589,513589,513589,513589,513589,513589,513589,513589,513589,513589,513589,513589,513589,513589,513589,513589,513589,513589,513589,513589,513589,513589,513589,513589,513589,513589,513589,513589,513589,513589,513589,513589,513589,513589,513589,513589,513589,513589,513589,513589,513589,513589,513589,513589,513589,513589,513589,513589,513589,513589,513589,513589,513589,513589,513589,513589,513589,513589,513589,513589,513589,513589,513589,513589,513589,513589,513589,513589,513589,513589,513589,513589,513589,513589,513589,513589,513589,513589,513589,513589,513589,513589,513589,513589,513589,513589,513589,513589,513589,513589,513589,513589,513589,513589,513589,513589,513589,513589,513589,513589,513589,513589,513589,513589,513589,513589,513589,513589,513589,513589,513589,513589,513589,513589,513589,513589
1998-03-01,509410,509410,509410,509410,509410,509410,509410,509410,509410,509410,509410,509410,508967,508967,508967,508967,508967,508967,508967,508967,508967,508967,508967,508967,508967,509034,509034,509034,509034,509034,509034,509034,509034,509034,509034,509034,509034,509069,509069,509069,509069,509069,509069,509069,509069,509069,509069,509069,509069,509069,508716,508716,508716,508716,508716,508716,508716,508716,508716,508716,508716,508716,508657,508657,508657,508657,508657,508657,508657,508657,508657,508657,508657,508657,508657,508657,508657,508657,508657,508657,508657,508657,508657,508657,508657,508657,508657,508657,508657,508657,508657,508657,508657,508657,508657,508657,508657,508657,508657,508657,508657,508657,508657,508657,508657,508657,508657,508657,508657,508657,508657,508657,508657,508657,508657,508657,508657,508657,508657,508657,508657,508657,508657,508657,508657,508657,508657,508657,508657,508657,508657,508657,508657,508657,508657,508657,508657,508657,508657,508657,508657,508657,508657,508657,508657,508657,508657,508657,508657,508657,508657,508657,508657,508657,508657,508657,508657,508657,508657,508657,508657,508657,508657,508657,508657,508657,508657,508657,508657,508657,508657,508657,508657,508657,508657,508657,508657,508657,508657,508657,508657,508657,508657,508657,508657,508657,508657,508657
1998-04-01,511185,511185,511185,511185,511185,511185,511185,511185,511185,511185,511185,511185,511083,511083,511083,511083,511083,511083,511083,511083,511083,511083,511083,511083,511083,510964,510964,510964,510964,510964,510964,510964,510964,510964,510964,510964,510964,511021,511021,511021,511021,511021,511021,511021,511021,511021,511021,511021,511021,511021,510772,510772,510772,510772,510772,510772,510772,510772,510772,510772,510772,510772,510809,510809,510809,510809,510809,510809,510809,510809,510809,510809,510809,510809,510809,510809,510809,510809,510809,510809,510809,510809,510809,510809,510809,510809,510809,510809,510809,510809,510809,510809,510809,510809,510809,510809,510809,510809,510809,510809,510809,510809,510809,510809,510809,510809,510809,510809,510809,510809,510809,510809,510809,510809,510809,510809,510809,510809,510809,510809,510809,510809,510809,510809,510809,510809,510809,510809,510809,510809,510809,510809,510809,510809,510809,510809,510809,510809,510809,510809,510809,510809,510809,510809,510809,510809,510809,510809,510809,510809,510809,510809,510809,510809,510809,510809,510809,510809,510809,510809,510809,510809,510809,510809,510809,510809,510809,510809,510809,510809,510809,510809,510809,510809,510809,510809,510809,510809,510809,510809,510809,510809,510809,510809,510809,510809,510809,510809
1998-05-01,511172,511172,511172,511172,511172,511172,511172,511172,511172,511172,511172,511172,511111,511111,511111,511111,511111,511111,511111,511111,511111,511111,511111,511111,511111,511097,511097,511097,511097,511097,511097,511097,511097,511097,511097,511097,511097,511176,511176,511176,511176,511176,511176,511176,511176,511176,511176,511176,511176,511176,511003,511003,511003,511003,511003,511003,511003,511003,511003,511003,511003,511003,511034,511034,511034,511034,511034,511034,511034,511034,511034,511034,511034,511034,511034,511034,511034,511034,511034,511034,511034,511034,511034,511034,511034,511034,511034,511034,511034,511034,511034,511034,511034,511034,511034,511034,511034,511034,511034,511034,511034,511034,511034,511034,511034,511034,511034,511034,511034,511034,511034,511034,511034,511034,511034,511034,511034,511034,511034,511034,511034,511034,511034,511034,511034,511034,511034,511034,511034,511034,511034,511034,511034,511034,511034,511034,511034,511034,511034,511034,511034,511034,511034,511034,511034,511034,511034,511034,511034,511034,511034,511034,511034,511034,511034,511034,511034,511034,511034,511034,511034,511034,511034,511034,511034,511034,511034,511034,511034,511034,511034,511034,511034,511034,511034,511034,511034,511034,511034,511034,511034,511034,511034,511034,511034,511034,511034,511034
1998-06-01,509667,509667,509667,509667,509667,509667,509667,509667,509667,509667,509667,509667,509420,509420,509420,509420,509420,509420,509420,509420,509420,509420,509420,509420,509420,509394,509394,509394,509394,509394,509394,509394,509394,509394,509394,509394,509394,509480,509480,509480,509480,509480,509480,509480,509480,509480,509480,509480,509480,509480,509309,509309,509309,509309,509309,509309,509309,509309,509309,509309,509309,509309,509293,509293,509293,509293,509293,509293,509293,509293,509293,509293,509293,509293,509293,509293,509293,509293,509293,509293,509293,509293,509293,509293,509293,509293,509293,509293,509293,509293,509293,509293,509293,509293,509293,509293,509293,509293,509293,509293,509293,509293,509293,509293,509293,509293,509293,509293,509293,509293,509293,509293,509293,509293,509293,509293,509293,509293,509293,509293,509293,509293,509293,509293,509293,509293,509293,509293,509293,509293,509293,509293,509293,509293,509293,509293,509293,509293,509293,509293,509293,509293,509293,509293,509293,509293,509293,509293,509293,509293,509293,509293,509293,509293,509293,509293,509293,509293,509293,509293,509293,509293,509293,509293,509293,509293,509293,509293,509293,509293,509293,509293,509293,509293,509293,509293,509293,509293,509293,509293,509293,509293,509293,509293,509293,509293,509293,509293
1998-07-01,507677,507677,507677,507677,507677,507677,507677,507677,507677,507677,507677,507677,507728,507728,507728,507728,507728,507728,507728,507728,507728,507728,507728,507728,507728,507707,507707,507707,507707,507707,507707,507707,507707,507707,507707,507707,507707,507759,507759,507759,507759,507759,507759,507759,507759,507759,507759,507759,507759,507759,507845,507845,507845,507845,507845,507845,507845,507845,507845,507845,507845,507845,507842,507842,507842,507842,507842,507842,507842,507842,507842,507842,507842,507842,507842,507842,507842,507842,507842,507842,507842,507842,507842,507842,507842,507842,507842,507842,507842,507842,507842,507842,507842,507842,507842,507842,507842,507842,507842,507842,507842,507842,507842,507842,507842,507842,507842,507842,507842,507842,507842,507842,507842,507842,507842,507842,507842,507842,507842,507842,507842,507842,507842,507842,507842,507842,507842,507842,507842,507842,507842,507842,507842,507842,507842,507842,507842,507842,507842,507842,507842,507842,507842,507842,507842,507842,507842,507842,507842,507842,507842,507842,507842,507842,507842,507842,507842,507842,507842,507842,507842,507842,507842,507842,507842,507842,507842,507842,507842,507842,507842,507842,507842,507842,507842,507842,507842,507842,507842,507842,507842,507842,507842,507842,507842,507842,507842,507842
1998-08-01,508690,508690,508690,508690,508690,508690,508690,508690,508690,508690,508690,508690,508713,508713,508713,508713,508713,508713,508713,508713,508713,508713,508713,508713,508713,508544,508544,508544,508544,508544,508544,508544,508544,508544,508544,508544,508544,508515,508515,508515,508515,508515,508515,508515,508515,508515,508515,508515,508515,508515,508724,508724,508724,508724,508724,508724,508724,508724,508724,508724,508724,508724,508658,508658,508658,508658,508658,508658,508658,508658,508658,508658,508658,508658,508658,508658,508658,508658,508658,508658,508658,508658,508658,508658,508658,508658,508658,508658,508658,508658,508658,508658,508658,508658,508658,508658,508658,508658,508658,508658,508658,508658,508658,508658,508658,508658,508658,508658,508658,508658,508658,508658,508658,508658,508658,508658,508658,508658,508658,508658,508658,508658,508658,508658,508658,508658,508658,508658,508658,508658,508658,508658,508658,508658,508658,508658,508658,508658,508658,508658,508658,508658,508658,508658,508658,508658,508658,508658,508658,508658,508658,508658,508658,508658,508658,508658,508658,508658,508658,508658,508658,508658,508658,508658,508658,508658,508658,508658,508658,508658,508658,508658,508658,508658,508658,508658,508658,508658,508658,508658,508658,508658,508658,508658,508658,508658,508658,508658
1998-09-01,508614,508614,508614,508614,508614,508614,508614,508614,508614,508614,508614,508614,508634,508634,508634,508634,508634,508634,508634,508634,508634,508634,508634,508634,508634,508613,508613,508613,508613,508613,508613,508613,508613,508613,508613,508613,508613,508500,508500,508500,508500,508500,508500,508500,508500,508500,508500,508500,508500,508500,509172,509172,509172,509172,509172,509172,509172,509172,509172,509172,509172,509172,509084,509084,509084,509084,509084,509084,509084,509084,509084,509084,509084,509084,509084,509084,509084,509084,509084,509084,509084,509084,509084,509084,509084,509084,509084,509084,509084,509084,509084,509084,509084,509084,509084,509084,509084,509084,509084,509084,509084,509084,509084,509084,509084,509084,509084,509084,509084,509084,509084,509084,509084,509084,509084,509084,509084,509084,509084,509084,509084,509084,509084,509084,509084,509084,509084,509084,509084,509084,509084,509084,509084,509084,509084,509084,509084,509084,509084,509084,509084,509084,509084,509084,509084,509084,509084,509084,509084,509084,509084,509084,509084,509084,509084,509084,509084,509084,509084,509084,509084,509084,509084,509084,509084,509084,509084,509084,509084,509084,509084,509084,509084,509084,509084,509084,509084,509084,509084,509084,509084,509084,509084,509084,509084,509084,509084,509084
1998-10-01,504396,504396,504396,504396,504396,504396,504396,504396,504396,504396,504396,504396,504343,504343,504343,504343,504343,504343,504343,504343,504343,504343,504343,504343,504343,504382,504382,504382,504382,504382,504382,504382,504382,504382,504382,504382,504382,504436,504436,504436,504436,504436,504436,504436,504436,504436,504436,504436,504436,504436,504337,504337,504337,504337,504337,504337,504337,504337,504337,504337,504337,504337,504267,504267,504267,504267,504267,504267,504267,504267,504267,504267,504267,504267,504267,504267,504267,504267,504267,504267,504267,504267,504267,504267,504267,504267,504267,504267,504267,504267,504267,504267,504267,504267,504267,504267,504267,504267,504267,504267,504267,504267,504267,504267,504267,504267,504267,504267,504267,504267,504267,504267,504267,504267,504267,504267,504267,504267,504267,504267,504267,504267,504267,504267,504267,504267,504267,504267,504267,504267,504267,504267,504267,504267,504267,504267,504267,504267,504267,504267,504267,504267,504267,504267,504267,504267,504267,504267,504267,504267,504267,504267,504267,504267,504267,504267,504267,504267,504267,504267,504267,504267,504267,504267,504267,504267,504267,504267,504267,504267,504267,504267,504267,504267,504267,504267,504267,504267,504267,504267,504267,504267,504267,504267,504267,504267,504267,504267
1998-11-01,501543,501543,501543,501543,501543,501543,501543,501543,501543,501543,501543,501543,501858,501858,501858,501858,501858,501858,501858,501858,501858,501858,501858,501858,501858,502237,502237,502237,502237,502237,502237,502237,502237,502237,502237,502237,502237,502144,502144,502144,502144,502144,502144,502144,502144,502144,502144,502144,502144,502144,502058,502058,502058,502058,502058,502058,502058,502058,502058,502058,502058,502058,501947,501947,501947,501947,501947,501947,501947,501947,501947,501947,501947,501947,501947,501947,501947,501947,501947,501947,501947,501947,501947,501947,501947,501947,501947,501947,501947,501947,501947,501947,501947,501947,501947,501947,501947,501947,501947,501947,501947,501947,501947,501947,501947,501947,501947,501947,501947,501947,501947,501947,501947,501947,501947,501947,501947,501947,501947,501947,501947,501947,501947,501947,501947,501947,501947,501947,501947,501947,501947,501947,501947,501947,501947,501947,501947,501947,501947,501947,501947,501947,501947,501947,501947,501947,501947,501947,501947,501947,501947,501947,501947,501947,501947,501947,501947,501947,501947,501947,501947,501947,501947,501947,501947,501947,501947,501947,501947,501947,501947,501947,501947,501947,501947,501947,501947,501947,501947,501947,501947,501947,501947,501947,501947,501947,501947,501947
1998-12-01,495995,495995,495995,495995,495995,495995,495995,495995,495995,495995,495995,495995,496233,496233,496233,496233,496233,496233,496233,496233,496233,496233,496233,496233,496233,496197,496197,496197,496197,496197,496197,496197,496197,496197,496197,496197,496197,496055,496055,496055,496055,496055,496055,496055,496055,496055,496055,496055,496055,496055,496229,496229,496229,496229,496229,496229,496229,496229,496229,496229,496229,496229,496363,496363,496363,496363,496363,496363,496363,496363,496363,496363,496363,496363,496363,496363,496363,496363,496363,496363,496363,496363,496363,496363,496363,496363,496363,496363,496363,496363,496363,496363,496363,496363,496363,496363,496363,496363,496363,496363,496363,496363,496363,496363,496363,496363,496363,496363,496363,496363,496363,496363,496363,496363,496363,496363,496363,496363,496363,496363,496363,496363,496363,496363,496363,496363,496363,496363,496363,496363,496363,496363,496363,496363,496363,496363,496363,496363,496363,496363,496363,496363,496363,496363,496363,496363,496363,496363,496363,496363,496363,496363,496363,496363,496363,496363,496363,496363,496363,496363,496363,496363,496363,496363,496363,496363,496363,496363,496363,496363,496363,496363,496363,496363,496363,496363,496363,496363,496363,496363,496363,496363,496363,496363,496363,496363,496363,496363
1999-01-01,497591,497591,497591,497591,497591,497591,497591,497591,497591,497591,497591,497591,497673,497673,497673,497673,497673,497673,497673,497673,497673,497673,497673,497673,497673,497603,497603,497603,497603,497603,497603,497603,497603,497603,497603,497603,497603,497635,497635,497635,497635,497635,497635,497635,497635,497635,497635,497635,497635,497635,497780,497780,497780,497780,497780,497780,497780,497780,497780,497780,497780,497780,497889,497889,497889,497889,497889,497889,497889,497889,497889,497889,497889,497889,497889,497889,497889,497889,497889,497889,497889,497889,497889,497889,497889,497889,497889,497889,497889,497889,497889,497889,497889,497889,497889,497889,497889,497889,497889,497889,497889,497889,497889,497889,497889,497889,497889,497889,497889,497889,497889,497889,497889,497889,497889,497889,497889,497889,497889,497889,497889,497889,497889,497889,497889,497889,497889,497889,497889,497889,497889,497889,497889,497889,497889,497889,497889,497889,497889,497889,497889,497889,497889,497889,497889,497889,497889,497889,497889,497889,497889,497889,497889,497889,497889,497889,497889,497889,497889,497889,497889,497889,497889,497889,497889,497889,497889,497889,497889,497889,497889,497889,497889,497889,497889,497889,497889,497889,497889,497889,497889,497889,497889,497889,497889,497889,497889,497889
1999-02-01,496618,496618,496618,496618,496618,496618,496618,496618,496618,496618,496618,496618,496661,496661,496661,496661,496661,496661,496661,496661,496661,496661,496661,496661,496661,496666,496666,496666,496666,496666,496666,496666,496666,496666,496666,496666,496666,496696,496696,496696,496696,496696,496696,496696,496696,496696,496696,496696,496696,496696,496650,496650,496650,496650,496650,496650,496650,496650,496650,496650,496650,496650,496745,496745,496745,496745,496745,496745,496745,496745,496745,496745,496745,496745,496745,496745,496745,496745,496745,496745,496745,496745,496745,496745,496745,496745,496745,496745,496745,496745,496745,496745,496745,496745,496745,496745,496745,496745,496745,496745,496745,496745,496745,496745,496745,496745,496745,496745,496745,496745,496745,496745,496745,496745,496745,496745,496745,496745,496745,496745,496745,496745,496745,496745,496745,496745,496745,496745,496745,496745,496745,496745,496745,496745,496745,496745,496745,496745,496745,496745,496745,496745,496745,496745,496745,496745,496745,496745,496745,496745,496745,496745,496745,496745,496745,496745,496745,496745,496745,496745,496745,496745,496745,496745,496745,496745,496745,496745,496745,496745,496745,496745,496745,496745,496745,496745,496745,496745,496745,496745,496745,496745,496745,496745,496745,496745,496745,496745
1999-03-01,497909,497909,497909,497909,497909,497909,497909,497909,497909,497909,497909,497909,497732,497732,497732,497732,497732,497732,497732,497732,497732,497732,497732,497732,497732,497766,497766,497766,497766,497766,497766,497766,497766,497766,497766,497766,497766,497834,497834,497834,497834,497834,497834,497834,497834,497834,497834,497834,497834,497834,497592,497592,497592,497592,497592,497592,497592,497592,497592,497592,497592,497592,497553,497553,497553,497553,497553,497553,497553,497553,497553,497553,497553,497553,497553,497553,497553,497553,497553,497553,497553,497553,497553,497553,497553,497553,497553,497553,497553,497553,497553,497553,497553,497553,497553,497553,497553,497553,497553,497553,497553,497553,497553,497553,497553,497553,497553,497553,497553,497553,497553,497553,497553,497553,497553,497553,497553,497553,497553,497553,497553,497553,497553,497553,497553,497553,497553,497553,497553,497553,497553,497553,497553,497553,497553,497553,497553,497553,497553,497553,497553,497553,497553,497553,497553,497553,497553,497553,497553,497553,497553,497553,497553,497553,497553,497553,497553,497553,497553,497553,497553,497553,497553,497553,497553,497553,497553,497553,497553,497553,497553,497553,497553,497553,497553,497553,497553,497553,497553,497553,497553,497553,497553,497553,497553,497553,497553,497553
1999-04-01,495747,495747,495747,495747,495747,495747,495747,495747,495747,495747,495747,495747,495712,495712,495712,495712,495712,495712,495712,495712,495712,495712,495712,495712,495712,495594,495594,495594,495594,495594,495594,495594,495594,495594,495594,495594,495594,495696,495696,495696,495696,495696,495696,495696,495696,495696,495696,495696,495696,495696,495558,495558,495558,495558,495558,495558,495558,495558,495558,495558,495558,495558,495575,495575,495575,495575,495575,495575,495575,495575,495575,495575,495575,495575,495575,495575,495575,495575,495575,495575,495575,495575,495575,495575,495575,495575,495575,495575,495575,495575,495575,495575,495575,495575,495575,495575,495575,495575,495575,495575,495575,495575,495575,495575,495575,495575,495575,495575,495575,495575,495575,495575,495575,495575,495575,495575,495575,495575,495575,495575,495575,495575,495575,495575,495575,495575,495575,495575,495575,495575,495575,495575,495575,495575,495575,495575,495575,495575,495575,495575,495575,495575,495575,495575,495575,495575,495575,495575,495575,495575,495575,495575,495575,495575,495575,495575,495575,495575,495575,495575,495575,495575,495575,495575,495575,495575,495575,495575,495575,495575,495575,495575,495575,495575,495575,495575,495575,495575,495575,495575,495575,495575,495575,495575,495575,495575,495575,495575
1999-05-01,493836,493836,493836,493836,493836,493836,493836,493836,493836,493836,493836,493836,493940,493940,493940,493940,493940,493940,493940,493940,493940,493940,493940,493940,493940,493746,493746,493746,493746,493746,493746,493746,493746,493746,493746,493746,493746,493720,493720,493720,493720,493720,493720,493720,493720,493720,493720,493720,493720,493720,493469,493469,493469,493469,493469,493469,493469,493469,493469,493469,493469,493469,493470,493470,493470,493470,493470,493470,493470,493470,493470,493470,493470,493470,493470,493470,493470,493470,493470,493470,493470,493470,493470,493470,493470,493470,493470,493470,493470,493470,493470,493470,493470,493470,493470,493470,493470,493470,493470,493470,493470,493470,493470,493470,493470,493470,493470,493470,493470,493470,493470,493470,493470,493470,493470,493470,493470,493470,493470,493470,493470,493470,493470,493470,493470,493470,493470,493470,493470,493470,493470,493470,493470,493470,493470,493470,493470,493470,493470,493470,493470,493470,493470,493470,493470,493470,493470,493470,493470,493470,493470,493470,493470,493470,493470,493470,493470,493470,493470,493470,493470,493470,493470,493470,493470,493470,493470,493470,493470,493470,493470,493470,493470,493470,493470,493470,493470,493470,493470,493470,493470,493470,493470,493470,493470,493470,493470,493470
1999-06-01,490991,490991,490991,490991,490991,490991,490991,490991,490991,490991,490991,490991,490647,490647,490647,490647,490647,490647,490647,490647,490647,490647,490647,490647,490647,490577,490577,490577,490577,490577,490577,490577,490577,490577,490577,490577,490577,490627,490627,490627,490627,490627,490627,490627,490627,490627,490627,490627,490627,490627,490366,490366,490366,490366,490366,490366,490366,490366,490366,490366,490366,490366,490371,490371,490371,490371,490371,490371,490371,490371,490371,490371,490371,490371,490371,490371,490371,490371,490371,490371,490371,490371,490371,490371,490371,490371,490371,490371,490371,490371,490371,490371,490371,490371,490371,490371,490371,490371,490371,490371,490371,490371,490371,490371,490371,490371,490371,490371,490371,490371,490371,490371,490371,490371,490371,490371,490371,490371,490371,490371,490371,490371,490371,490371,490371,490371,490371,490371,490371,490371,490371,490371,490371,490371,490371,490371,490371,490371,490371,490371,490371,490371,490371,490371,490371,490371,490371,490371,490371,490371,490371,490371,490371,490371,490371,490371,490371,490371,490371,490371,490371,490371,490371,490371,490371,490371,490371,490371,490371,490371,490371,490371,490371,490371,490371,490371,490371,490371,490371,490371,490371,490371,490371,490371,490371,490371,490371,490371
1999-07-01,493588,493588,493588,493588,493588,493588,493588,493588,493588,493588,493588,493588,493604,493604,493604,493604,493604,493604,493604,493604,493604,493604,493604,493604,493604,493658,493658,493658,493658,493658,493658,493658,493658,493658,493658,493658,493658,493706,493706,493706,493706,493706,493706,493706,493706,493706,493706,493706,493706,493706,493704,493704,493704,493704,493704,493704,493704,493704,493704,493704,493704,493704,493650,493650,493650,493650,493650,493650,493650,493650,493650,493650,493650,493650,493650,493650,493650,493650,493650,493650,493650,493650,493650,493650,493650,493650,493650,493650,493650,493650,493650,493650,493650,493650,493650,493650,493650,493650,493650,493650,493650,493650,493650,493650,493650,493650,493650,493650,493650,493650,493650,493650,493650,493650,493650,493650,493650,493650,493650,493650,493650,493650,493650,493650,493650,493650,493650,493650,493650,493650,493650,493650,493650,493650,493650,493650,493650,493650,493650,493650,493650,493650,493650,493650,493650,493650,493650,493650,493650,493650,493650,493650,493650,493650,493650,493650,493650,493650,493650,493650,493650,493650,493650,493650,493650,493650,493650,493650,493650,493650,493650,493650,493650,493650,493650,493650,493650,493650,493650,493650,493650,493650,493650,493650,493650,493650,493650,493650
1999-08-01,493197,493197,493197,493197,493197,493197,493197,493197,493197,493197,493197,493197,493044,493044,493044,493044,493044,493044,493044,493044,493044,493044,493044,493044,493044,493075,493075,493075,493075,493075,493075,493075,493075,493075,493075,493075,493075,493075,493075,493075,493075,493075,493075,493075,493075,493075,493075,493075,493075,493075,493325,493325,493325,493325,493325,493325,493325,493325,493325,493325,493325,493325,493236,493236,493236,493236,493236,493236,493236,493236,493236,493236,493236,493236,493236,493236,493236,493236,493236,493236,493236,493236,493236,493236,493236,493236,493236,493236,493236,493236,493236,493236,493236,493236,493236,493236,493236,493236,493236,493236,493236,493236,493236,493236,493236,493236,493236,493236,493236,493236,493236,493236,493236,493236,493236,493236,493236,493236,493236,493236,493236,493236,493236,493236,493236,493236,493236,493236,493236,493236,493236,493236,493236,493236,493236,493236,493236,493236,493236,493236,493236,493236,493236,493236,493236,493236,493236,493236,493236,493236,493236,493236,493236,493236,493236,493236,493236,493236,493236,493236,493236,493236,493236,493236,493236,493236,493236,493236,493236,493236,493236,493236,493236,493236,493236,493236,493236,493236,493236,493236,493236,493236,493236,493236,493236,493236,493236,493236
1999-09-01,495065,495065,495065,495065,495065,495065,495065,495065,495065,495065,495065,495065,494747,494747,494747,494747,494747,494747,494747,494747,494747,494747,494747,494747,494747,494868,494868,494868,494868,494868,494868,494868,494868,494868,494868,494868,494868,494767,494767,494767,494767,494767,494767,494767,494767,494767,494767,494767,494767,494767,495307,495307,495307,495307,495307,495307,495307,495307,495307,495307,495307,495307,495229,495229,495229,495229,495229,495229,495229,495229,495229,495229,495229,495229,495229,495229,495229,495229,495229,495229,495229,495229,495229,495229,495229,495229,495229,495229,495229,495229,495229,495229,495229,495229,495229,495229,495229,495229,495229,495229,495229,495229,495229,495229,495229,495229,495229,495229,495229,495229,495229,495229,495229,495229,495229,495229,495229,495229,495229,495229,495229,495229,495229,495229,495229,495229,495229,495229,495229,495229,495229,495229,495229,495229,495229,495229,495229,495229,495229,495229,495229,495229,495229,495229,495229,495229,495229,495229,495229,495229,495229,495229,495229,495229,495229,495229,495229,495229,495229,495229,495229,495229,495229,495229,495229,495229,495229,495229,495229,495229,495229,495229,495229,495229,495229,495229,495229,495229,495229,495229,495229,495229,495229,495229,495229,495229,495229,495229
1999-10-01,499689,499689,499689,499689,499689,499689,499689,499689,499689,499689,499689,499689,499687,499687,499687,499687,499687,499687,499687,499687,499687,499687,499687,499687,499687,499755,499755,499755,499755,499755,499755,499755,499755,499755,499755,499755,499755,499808,499808,499808,499808,499808,499808,499808,499808,499808,499808,499808,499808,499808,499738,499738,499738,499738,499738,499738,499738,499738,499738,499738,499738,499738,499687,499687,499687,499687,499687,499687,499687,499687,499687,499687,499687,499687,499687,499687,499687,499687,499687,499687,499687,499687,499687,499687,499687,499687,499687,499687,499687,499687,499687,499687,499687,499687,499687,499687,499687,499687,499687,499687,499687,499687,499687,499687,499687,499687,499687,499687,499687,499687,499687,499687,499687,499687,499687,499687,499687,499687,499687,499687,499687,499687,499687,499687,499687,499687,499687,499687,499687,499687,499687,499687,499687,499687,499687,499687,499687,499687,499687,499687,499687,499687,499687,499687,499687,499687,499687,499687,499687,499687,499687,499687,499687,499687,499687,499687,499687,499687,499687,499687,499687,499687,499687,499687,499687,499687,499687,499687,499687,499687,499687,499687,499687,499687,499687,499687,499687,499687,499687,499687,499687,499687,499687,499687,499687,499687,499687,499687
1999-11-01,498191,498191,498191,498191,498191,498191,498191,498191,498191,498191,498191,498191,498541,498541,498541,498541,498541,498541,498541,498541,498541,498541,498541,498541,498541,498755,498755,498755,498755,498755,498755,498755,498755,498755,498755,498755,498755,498663,498663,498663,498663,498663,498663,498663,498663,498663,498663,498663,498663,498663,498638,498638,498638,498638,498638,498638,498638,498638,498638,498638,498638,498638,498501,498501,498501,498501,498501,498501,498501,498501,498501,498501,498501,498501,498501,498501,498501,498501,498501,498501,498501,498501,498501,498501,498501,498501,498501,498501,498501,498501,498501,498501,498501,498501,498501,498501,498501,498501,498501,498501,498501,498501,498501,498501,498501,498501,498501,498501,498501,498501,498501,498501,498501,498501,498501,498501,498501,498501,498501,498501,498501,498501,498501,498501,498501,498501,498501,498501,498501,498501,498501,498501,498501,498501,498501,498501,498501,498501,498501,498501,498501,498501,498501,498501,498501,498501,498501,498501,498501,498501,498501,498501,498501,498501,498501,498501,498501,498501,498501,498501,498501,498501,498501,498501,498501,498501,498501,498501,498501,498501,498501,498501,498501,498501,498501,498501,498501,498501,498501,498501,498501,498501,498501,498501,498501,498501,498501,498501
1999-12-01,505322,505322,505322,505322,505322,505322,505322,505322,505322,505322,505322,505322,505514,505514,505514,505514,505514,505514,505514,505514,505514,505514,505514,505514,505514,505395,505395,505395,505395,505395,505395,505395,505395,505395,505395,505395,505395,505273,505273,505273,505273,505273,505273,505273,505273,505273,505273,505273,505273,505273,505473,505473,505473,505473,505473,505473,505473,505473,505473,505473,505473,505473,505667,505667,505667,505667,505667,505667,505667,505667,505667,505667,505667,505667,505667,505667,505667,505667,505667,505667,505667,505667,505667,505667,505667,505667,505667,505667,505667,505667,505667,505667,505667,505667,505667,505667,505667,505667,505667,505667,505667,505667,505667,505667,505667,505667,505667,505667,505667,505667,505667,505667,505667,505667,505667,505667,505667,505667,505667,505667,505667,505667,505667,505667,505667,505667,505667,505667,505667,505667,505667,505667,505667,505667,505667,505667,505667,505667,505667,505667,505667,505667,505667,505667,505667,505667,505667,505667,505667,505667,505667,505667,505667,505667,505667,505667,505667,505667,505667,505667,505667,505667,505667,505667,505667,505667,505667,505667,505667,505667,505667,505667,505667,505667,505667,505667,505667,505667,505667,505667,505667,505667,505667,505667,505667,505667,505667,505667
2000-01-01,510427,510427,510427,510427,510427,510427,510427,510427,510427,510427,510427,510427,510578,510578,510578,510578,510578,510578,510578,510578,510578,510578,510578,510578,510578,510374,510374,510374,510374,510374,510374,510374,510374,510374,510374,510374,510374,510340,510340,510340,510340,510340,510340,510340,510340,510340,510340,510340,510340,510340,510512,510512,510512,510512,510512,510512,510512,510512,510512,510512,510512,510512,510599,510599,510599,510599,510599,510599,510599,510599,510599,510599,510599,510599,510599,510599,510599,510599,510599,510599,510599,510599,510599,510599,510599,510599,510599,510599,510599,510599,510599,510599,510599,510599,510599,510599,510599,510599,510599,510599,510599,510599,510599,510599,510599,510599,510599,510599,510599,510599,510599,510599,510599,510599,510599,510599,510599,510599,510599,510599,510599,510599,510599,510599,510599,510599,510599,510599,510599,510599,510599,510599,510599,510599,510599,510599,510599,510599,510599,510599,510599,510599,510599,510599,510599,510599,510599,510599,510599,510599,510599,510599,510599,510599,510599,510599,510599,510599,510599,510599,510599,510599,510599,510599,510599,510599,510599,510599,510599,510599,510599,510599,510599,510599,510599,510599,510599,510599,510599,510599,510599,510599,510599,510599,510599,510599,510599,510599
2000-02-01,509228,509228,509228,509228,509228,509228,509228,509228,509228,509228,509228,509228,509557,509557,509557,509557,509557,509557,509557,509557,509557,509557,509557,509557,509557,509555,509555,509555,509555,509555,509555,509555,509555,509555,509555,509555,509555,509564,509564,509564,509564,509564,509564,509564,509564,509564,509564,509564,509564,509564,509483,509483,509483,509483,509483,509483,509483,509483,509483,509483,509483,509483,509641,509641,509641,509641,509641,509641,509641,509641,509641,509641,509641,509641,509641,509641,509641,509641,509641,509641,509641,509641,509641,509641,509641,509641,509641,509641,509641,509641,509641,509641,509641,509641,509641,509641,509641,509641,509641,509641,509641,509641,509641,509641,509641,509641,509641,509641,509641,509641,509641,509641,509641,509641,509641,509641,509641,509641,509641,509641,509641,509641,509641,509641,509641,509641,509641,509641,509641,509641,509641,509641,509641,509641,509641,509641,509641,509641,509641,509641,509641,509641,509641,509641,509641,509641,509641,509641,509641,509641,509641,509641,509641,509641,509641,509641,509641,509641,509641,509641,509641,509641,509641,509641,509641,509641,509641,509641,509641,509641,509641,509641,509641,509641,509641,509641,509641,509641,509641,509641,509641,509641,509641,509641,509641,509641,509641,509641
2000-03-01,511299,511299,511299,511299,511299,511299,511299,511299,511299,511299,511299,511299,511450,511450,511450,511450,511450,511450,511450,511450,511450,511450,511450,511450,511450,511485,511485,511485,511485,511485,511485,511485,511485,511485,511485,511485,511485,511574,511574,511574,511574,511574,511574,511574,511574,511574,511574,511574,511574,511574,511337,511337,511337,511337,511337,511337,511337,511337,511337,511337,511337,511337,511421,511421,511421,511421,511421,511421,511421,511421,511421,511421,511421,511421,511421,511421,511421,511421,511421,511421,511421,511421,511421,511421,511421,511421,511421,511421,511421,511421,511421,511421,511421,511421,511421,511421,511421,511421,511421,511421,511421,511421,511421,511421,511421,511421,511421,511421,511421,511421,511421,511421,511421,511421,511421,511421,511421,511421,511421,511421,511421,511421,511421,511421,511421,511421,511421,511421,511421,511421,511421,511421,511421,511421,511421,511421,511421,511421,511421,511421,511421,511421,511421,511421,511421,511421,511421,511421,511421,511421,511421,511421,511421,511421,511421,511421,511421,511421,511421,511421,511421,511421,511421,511421,511421,511421,511421,511421,511421,511421,511421,511421,511421,511421,511421,511421,511421,511421,511421,511421,511421,511421,511421,511421,511421,511421,511421,511421
2000-04-01,511771,511771,511771,511771,511771,511771,511771,511771,511771,511771,511771,511771,511691,511691,511691,511691,511691,511691,511691,511691,511691,511691,511691,511691,511691,511509,511509,511509,511509,511509,511509,511509,511509,511509,511509,511509,511509,511546,511546,511546,511546,511546,511546,511546,511546,511546,511546,511546,511546,511546,511096,511096,511096,511096,511096,511096,511096,511096,511096,511096,511096,511096,511144,511144,511144,511144,511144,511144,511144,511144,511144,511144,511144,511144,511144,511144,511144,511144,511144,511144,511144,511144,511144,511144,511144,511144,511144,511144,511144,511144,511144,511144,511144,511144,511144,511144,511144,511144,511144,511144,511144,511144,511144,511144,511144,511144,511144,511144,511144,511144,511144,511144,511144,511144,511144,511144,511144,511144,511144,511144,511144,511144,511144,511144,511144,511144,511144,511144,511144,511144,511144,511144,511144,511144,511144,511144,511144,511144,511144,511144,511144,511144,511144,511144,511144,511144,511144,511144,511144,511144,511144,511144,511144,511144,511144,511144,511144,511144,511144,511144,511144,511144,511144,511144,511144,511144,511144,511144,511144,511144,511144,511144,511144,511144,511144,511144,511144,511144,511144,511144,511144,511144,511144,511144,511144,511144,511144,511144
2000-05-01,509936,509936,509936,509936,509936,509936,509936,509936,509936,509936,509936,509936,509952,509952,509952,509952,509952,509952,509952,509952,509952,509952,509952,509952,509952,509949,509949,509949,509949,509949,509949,509949,509949,509949,509949,509949,509949,509943,509943,509943,509943,509943,509943,509943,509943,509943,509943,509943,509943,509943,509808,509808,509808,509808,509808,509808,509808,509808,509808,509808,509808,509808,509757,509757,509757,509757,509757,509757,509757,509757,509757,509757,509757,509757,509757,509757,509757,509757,509757,509757,509757,509757,509757,509757,509757,509757,509757,509757,509757,509757,509757,509757,509757,509757,509757,509757,509757,509757,509757,509757,509757,509757,509757,509757,509757,509757,509757,509757,509757,509757,509757,509757,509757,509757,509757,509757,509757,509757,509757,509757,509757,509757,509757,509757,509757,509757,509757,509757,509757,509757,509757,509757,509757,509757,509757,509757,509757,509757,509757,509757,509757,509757,509757,509757,509757,509757,509757,509757,509757,509757,509757,509757,509757,509757,509757,509757,509757,509757,509757,509757,509757,509757,509757,509757,509757,509757,509757,509757,509757,509757,509757,509757,509757,509757,509757,509757,509757,509757,509757,509757,509757,509757,509757,509757,509757,509757,509757,509757
2000-06-01,538073,538073,538073,538073,538073,538073,538073,538073,538073,538073,538073,538073,537791,537791,537791,537791,537791,537791,537791,537791,537791,537791,537791,537791,537791,537670,537670,537670,537670,537670,537670,537670,537670,537670,537670,537670,537670,537775,537775,537775,537775,537775,537775,537775,537775,537775,537775,537775,537775,537775,537557,537557,537557,537557,537557,537557,537557,537557,537557,537557,537557,537557,537504,537504,537504,537504,537504,537504,537504,537504,537504,537504,537504,537504,537504,537504,537504,537504,537504,537504,537504,537504,537504,537504,537504,537504,537504,537504,537504,537504,537504,537504,537504,537504,537504,537504,537504,537504,537504,537504,537504,537504,537504,537504,537504,537504,537504,537504,537504,537504,537504,537504,537504,537504,537504,537504,537504,537504,537504,537504,537504,537504,537504,537504,537504,537504,537504,537504,537504,537504,537504,537504,537504,537504,537504,537504,537504,537504,537504,537504,537504,537504,537504,537504,537504,537504,537504,537504,537504,537504,537504,537504,537504,537504,537504,537504,537504,537504,537504,537504,537504,537504,537504,537504,537504,537504,537504,537504,537504,537504,537504,537504,537504,537504,537504,537504,537504,537504,537504,537504,537504,537504,537504,537504,537504,537504,537504,537504
2000-07-01,538093,538093,538093,538093,538093,538093,538093,538093,538093,538093,538093,538093,537864,537864,537864,537864,537864,537864,537864,537864,537864,537864,537864,537864,537864,537800,537800,537800,537800,537800,537800,537800,537800,537800,537800,537800,537800,537709,537709,537709,537709,537709,537709,537709,537709,537709,537709,537709,537709,537709,537382,537382,537382,537382,537382,537382,537382,537382,537382,537382,537382,537382,537314,537314,537314,537314,537314,537314,537314,537314,537314,537314,537314,537314,537314,537314,537314,537314,537314,537314,537314,537314,537314,537314,537314,537314,537314,537314,537314,537314,537314,537314,537314,537314,537314,537314,537314,537314,537314,537314,537314,537314,537314,537314,537314,537314,537314,537314,537314,537314,537314,537314,537314,537314,537314,537314,537314,537314,537314,537314,537314,537314,537314,537314,537314,537314,537314,537314,537314,537314,537314,537314,537314,537314,537314,537314,537314,537314,537314,537314,537314,537314,537314,537314,537314,537314,537314,537314,537314,537314,537314,537314,537314,537314,537314,537314,537314,537314,537314,537314,537314,537314,537314,537314,537314,537314,537314,537314,537314,537314,537314,537314,537314,537314,537314,537314,537314,537314,537314,537314,537314,537314,537314,537314,537314,537314,537314,537314
2000-08-01,539830,539830,539830,539830,539830,539830,539830,539830,539830,539830,539830,539830,539591,539591,539591,539591,539591,539591,539591,539591,539591,539591,539591,539591,539591,539522,539522,539522,539522,539522,539522,539522,539522,539522,539522,539522,539522,539414,539414,539414,539414,539414,539414,539414,539414,539414,539414,539414,539414,539414,539479,539479,539479,539479,539479,539479,539479,539479,539479,539479,539479,539479,539400,539400,539400,539400,539400,539400,539400,539400,539400,539400,539400,539400,539400,539400,539400,539400,539400,539400,539400,539400,539400,539400,539400,539400,539400,539400,539400,539400,539400,539400,539400,539400,539400,539400,539400,539400,539400,539400,539400,539400,539400,539400,539400,539400,539400,539400,539400,539400,539400,539400,539400,539400,539400,539400,539400,539400,539400,539400,539400,539400,539400,539400,539400,539400,539400,539400,539400,539400,539400,539400,539400,539400,539400,539400,539400,539400,539400,539400,539400,539400,539400,539400,539400,539400,539400,539400,539400,539400,539400,539400,539400,539400,539400,539400,539400,539400,539400,539400,539400,539400,539400,539400,539400,539400,539400,539400,539400,539400,539400,539400,539400,539400,539400,539400,539400,539400,539400,539400,539400,539400,539400,539400,539400,539400,539400,539400
2000-09-01,546052,546052,546052,546052,546052,546052,546052,546052,546052,546052,546052,546052,545308,545308,545308,545308,545308,545308,545308,545308,545308,545308,545308,545308,545308,545424,545424,545424,545424,545424,545424,545424,545424,545424,545424,545424,545424,545368,545368,545368,545368,545368,545368,545368,545368,545368,545368,545368,545368,545368,545881,545881,545881,545881,545881,545881,545881,545881,545881,545881,545881,545881,545765,545765,545765,545765,545765,545765,545765,545765,545765,545765,545765,545765,545765,545765,545765,545765,545765,545765,545765,545765,545765,545765,545765,545765,545765,545765,545765,545765,545765,545765,545765,545765,545765,545765,545765,545765,545765,545765,545765,545765,545765,545765,545765,545765,545765,545765,545765,545765,545765,545765,545765,545765,545765,545765,545765,545765,545765,545765,545765,545765,545765,545765,545765,545765,545765,545765,545765,545765,545765,545765,545765,545765,545765,545765,545765,545765,545765,545765,545765,545765,545765,545765,545765,545765,545765,545765,545765,545765,545765,545765,545765,545765,545765,545765,545765,545765,545765,545765,545765,545765,545765,545765,545765,545765,545765,545765,545765,545765,545765,545765,545765,545765,545765,545765,545765,545765,545765,545765,545765,545765,545765,545765,545765,545765,545765,545765
2000-10-01,544049,544049,544049,544049,544049,544049,544049,544049,544049,544049,544049,544049,544153,544153,544153,544153,544153,544153,544153,544153,544153,544153,544153,544153,544153,544337,544337,544337,544337,544337,544337,544337,544337,544337,544337,544337,544337,544385,544385,544385,544385,544385,544385,544385,544385,544385,544385,544385,544385,544385,544511,544511,544511,544511,544511,544511,544511,544511,544511,544511,544511,544511,544382,544382,544382,544382,544382,544382,544382,544382,544382,544382,544382,544382,544382,544382,544382,544382,544382,544382,544382,544382,544382,544382,544382,544382,544382,544382,544382,544382,544382,544382,544382,544382,544382,544382,544382,544382,544382,544382,544382,544382,544382,544382,544382,544382,544382,544382,544382,544382,544382,544382,544382,544382,544382,544382,544382,544382,544382,544382,544382,544382,544382,544382,544382,544382,544382,544382,544382,544382,544382,544382,544382,544382,544382,544382,544382,544382,544382,544382,544382,544382,544382,544382,544382,544382,544382,544382,544382,544382,544382,544382,544382,544382,544382,544382,544382,544382,544382,544382,544382,544382,544382,544382,544382,544382,544382,544382,544382,544382,544382,544382,544382,544382,544382,544382,544382,544382,544382,544382,544382,544382,544382,544382,544382,544382,544382,544382
2000-11-01,548076,548076,548076,548076,548076,548076,548076,548076,548076,548076,548076,548076,548502,548502,548502,548502,548502,548502,548502,548502,548502,548502,548502,548502,548502,548664,548664,548664,548664,548664,548664,548664,548664,548664,548664,548664,548664,548581,548581,548581,548581,548581,548581,548581,548581,548581,548581,548581,548581,548581,548617,548617,548617,548617,548617,548617,548617,548617,548617,548617,548617,548617,548548,548548,548548,548548,548548,548548,548548,548548,548548,548548,548548,548548,548548,548548,548548,548548,548548,548548,548548,548548,548548,548548,548548,548548,548548,548548,548548,548548,548548,548548,548548,548548,548548,548548,548548,548548,548548,548548,548548,548548,548548,548548,548548,548548,548548,548548,548548,548548,548548,548548,548548,548548,548548,548548,548548,548548,548548,548548,548548,548548,548548,548548,548548,548548,548548,548548,548548,548548,548548,548548,548548,548548,548548,548548,548548,548548,548548,548548,548548,548548,548548,548548,548548,548548,548548,548548,548548,548548,548548,548548,548548,548548,548548,548548,548548,548548,548548,548548,548548,548548,548548,548548,548548,548548,548548,548548,548548,548548,548548,548548,548548,548548,548548,548548,548548,548548,548548,548548,548548,548548,548548,548548,548548,548548,548548,548548
2000-12-01,549291,549291,549291,549291,549291,549291,549291,549291,549291,549291,549291,549291,549389,549389,549389,549389,549389,549389,549389,549389,549389,549389,549389,549389,549389,549235,549235,549235,549235,549235,549235,549235,549235,549235,549235,549235,549235,549155,549155,549155,549155,549155,549155,549155,549155,549155,549155,549155,549155,549155,549298,549298,549298,549298,549298,549298,549298,549298,549298,549298,549298,549298,549507,549507,549507,549507,549507,549507,549507,549507,549507,549507,549507,549507,549507,549507,549507,549507,549507,549507,549507,549507,549507,549507,549507,549507,549507,549507,549507,549507,549507,549507,549507,549507,549507,549507,549507,549507,549507,549507,549507,549507,549507,549507,549507,549507,549507,549507,549507,549507,549507,549507,549507,549507,549507,549507,549507,549507,549507,549507,549507,549507,549507,549507,549507,549507,549507,549507,549507,549507,549507,549507,549507,549507,549507,549507,549507,549507,549507,549507,549507,549507,549507,549507,549507,549507,549507,549507,549507,549507,549507,549507,549507,549507,549507,549507,549507,549507,549507,549507,549507,549507,549507,549507,549507,549507,549507,549507,549507,549507,549507,549507,549507,549507,549507,549507,549507,549507,549507,549507,549507,549507,549507,549507,549507,549507,549507,549507
2001-01-01,544919,544919,544919,544919,544919,544919,544919,544919,544919,544919,544919,544919,545016,545016,545016,545016,545016,545016,545016,545016,545016,545016,545016,545016,545016,544900,544900,544900,544900,544900,544900,544900,544900,544900,544900,544900,544900,544946,544946,544946,544946,544946,544946,544946,544946,544946,544946,544946,544946,544946,545471,545471,545471,545471,545471,545471,545471,545471,545471,545471,545471,545471,545536,545536,545536,545536,545536,545536,545536,545536,545536,545536,545536,545536,545536,545536,545536,545536,545536,545536,545536,545536,545536,545536,545536,545536,545536,545536,545536,545536,545536,545536,545536,545536,545536,545536,545536,545536,545536,545536,545536,545536,545536,545536,545536,545536,545536,545536,545536,545536,545536,545536,545536,545536,545536,545536,545536,545536,545536,545536,545536,545536,545536,545536,545536,545536,545536,545536,545536,545536,545536,545536,545536,545536,545536,545536,545536,545536,545536,545536,545536,545536,545536,545536,545536,545536,545536,545536,545536,545536,545536,545536,545536,545536,545536,545536,545536,545536,545536,545536,545536,545536,545536,545536,545536,545536,545536,545536,545536,545536,545536,545536,545536,545536,545536,545536,545536,545536,545536,545536,545536,545536,545536,545536,545536,545536,545536,545536
2001-02-01,539881,539881,539881,539881,539881,539881,539881,539881,539881,539881,539881,539881,540607,540607,540607,540607,540607,540607,540607,540607,540607,540607,540607,540607,540607,540685,540685,540685,540685,540685,540685,540685,540685,540685,540685,540685,540685,540721,540721,540721,540721,540721,540721,540721,540721,540721,540721,540721,540721,540721,540769,540769,540769,540769,540769,540769,540769,540769,540769,540769,540769,540769,540932,540932,540932,540932,540932,540932,540932,540932,540932,540932,540932,540932,540932,540932,540932,540932,540932,540932,540932,540932,540932,540932,540932,540932,540932,540932,540932,540932,540932,540932,540932,540932,540932,540932,540932,540932,540932,540932,540932,540932,540932,540932,540932,540932,540932,540932,540932,540932,540932,540932,540932,540932,540932,540932,540932,540932,540932,540932,540932,540932,540932,540932,540932,540932,540932,540932,540932,540932,540932,540932,540932,540932,540932,540932,540932,540932,540932,540932,540932,540932,540932,540932,540932,540932,540932,540932,540932,540932,540932,540932,540932,540932,540932,540932,540932,540932,540932,540932,540932,540932,540932,540932,540932,540932,540932,540932,540932,540932,540932,540932,540932,540932,540932,540932,540932,540932,540932,540932,540932,540932,540932,540932,540932,540932,540932,540932
2001-03-01,539974,539974,539974,539974,539974,539974,539974,539974,539974,539974,539974,539974,540568,540568,540568,540568,540568,540568,540568,540568,540568,540568,540568,540568,540568,540713,540713,540713,540713,540713,540713,540713,540713,540713,540713,540713,540713,540843,540843,540843,540843,540843,540843,540843,540843,540843,540843,540843,540843,540843,540752,540752,540752,540752,540752,540752,540752,540752,540752,540752,540752,540752,540904,540904,540904,540904,540904,540904,540904,540904,540904,540904,540904,540904,540904,540904,540904,540904,540904,540904,540904,540904,540904,540904,540904,540904,540904,540904,540904,540904,540904,540904,540904,540904,540904,540904,540904,540904,540904,540904,540904,540904,540904,540904,540904,540904,540904,540904,540904,540904,540904,540904,540904,540904,540904,540904,540904,540904,540904,540904,540904,540904,540904,540904,540904,540904,540904,540904,540904,540904,540904,540904,540904,540904,540904,540904,540904,540904,540904,540904,540904,540904,540904,540904,540904,540904,540904,540904,540904,540904,540904,540904,540904,540904,540904,540904,540904,540904,540904,540904,540904,540904,540904,540904,540904,540904,540904,540904,540904,540904,540904,540904,540904,540904,540904,540904,540904,540904,540904,540904,540904,540904,540904,540904,540904,540904,540904,540904
2001-04-01,536532,536532,536532,536532,536532,536532,536532,536532,536532,536532,536532,536532,537278,537278,537278,537278,537278,537278,537278,537278,537278,537278,537278,537278,537278,537452,537452,537452,537452,537452,537452,537452,537452,537452,537452,537452,537452,537598,537598,537598,537598,537598,537598,537598,537598,537598,537598,537598,537598,537598,537432,537432,537432,537432,537432,537432,537432,537432,537432,537432,537432,537432,537624,537624,537624,537624,537624,537624,537624,537624,537624,537624,537624,537624,537624,537624,537624,537624,537624,537624,537624,537624,537624,537624,537624,537624,537624,537624,537624,537624,537624,537624,537624,537624,537624,537624,537624,537624,537624,537624,537624,537624,537624,537624,537624,537624,537624,537624,537624,537624,537624,537624,537624,537624,537624,537624,537624,537624,537624,537624,537624,537624,537624,537624,537624,537624,537624,537624,537624,537624,537624,537624,537624,537624,537624,537624,537624,537624,537624,537624,537624,537624,537624,537624,537624,537624,537624,537624,537624,537624,537624,537624,537624,537624,537624,537624,537624,537624,537624,537624,537624,537624,537624,537624,537624,537624,537624,537624,537624,537624,537624,537624,537624,537624,537624,537624,537624,537624,537624,537624,537624,537624,537624,537624,537624,537624,537624,537624
2001-05-01,533266,533266,533266,533266,533266,533266,533266,533266,533266,533266,533266,533266,534503,534503,534503,534503,534503,534503,534503,534503,534503,534503,534503,534503,534503,534604,534604,534604,534604,534604,534604,534604,534604,534604,534604,534604,534604,534579,534579,534579,534579,534579,534579,534579,534579,534579,534579,534579,534579,534579,534400,534400,534400,534400,534400,534400,534400,534400,534400,534400,534400,534400,534563,534563,534563,534563,534563,534563,534563,534563,534563,534563,534563,534563,534563,534563,534563,534563,534563,534563,534563,534563,534563,534563,534563,534563,534563,534563,534563,534563,534563,534563,534563,534563,534563,534563,534563,534563,534563,534563,534563,534563,534563,534563,534563,534563,534563,534563,534563,534563,534563,534563,534563,534563,534563,534563,534563,534563,534563,534563,534563,534563,534563,534563,534563,534563,534563,534563,534563,534563,534563,534563,534563,534563,534563,534563,534563,534563,534563,534563,534563,534563,534563,534563,534563,534563,534563,534563,534563,534563,534563,534563,534563,534563,534563,534563,534563,534563,534563,534563,534563,534563,534563,534563,534563,534563,534563,534563,534563,534563,534563,534563,534563,534563,534563,534563,534563,534563,534563,534563,534563,534563,534563,534563,534563,534563,534563,534563
2001-06-01,531112,531112,531112,531112,531112,531112,531112,531112,531112,531112,531112,531112,532408,532408,532408,532408,532408,532408,532408,532408,532408,532408,532408,532408,532408,532414,532414,532414,532414,532414,532414,532414,532414,532414,532414,532414,532414,532484,532484,532484,532484,532484,532484,532484,532484,532484,532484,532484,532484,532484,532347,532347,532347,532347,532347,532347,532347,532347,532347,532347,532347,532347,532521,532521,532521,532521,532521,532521,532521,532521,532521,532521,532521,532521,532521,532521,532521,532521,532521,532521,532521,532521,532521,532521,532521,532521,532521,532521,532521,532521,532521,532521,532521,532521,532521,532521,532521,532521,532521,532521,532521,532521,532521,532521,532521,532521,532521,532521,532521,532521,532521,532521,532521,532521,532521,532521,532521,532521,532521,532521,532521,532521,532521,532521,532521,532521,532521,532521,532521,532521,532521,532521,532521,532521,532521,532521,532521,532521,532521,532521,532521,532521,532521,532521,532521,532521,532521,532521,532521,532521,532521,532521,532521,532521,532521,532521,532521,532521,532521,532521,532521,532521,532521,532521,532521,532521,532521,532521,532521,532521,532521,532521,532521,532521,532521,532521,532521,532521,532521,532521,532521,532521,532521,532521,532521,532521,532521,532521
2001-07-01,526206,526206,526206,526206,526206,526206,526206,526206,526206,526206,526206,526206,527711,527711,527711,527711,527711,527711,527711,527711,527711,527711,527711,527711,527711,528002,528002,528002,528002,528002,528002,528002,528002,528002,528002,528002,528002,527980,527980,527980,527980,527980,527980,527980,527980,527980,527980,527980,527980,527980,527941,527941,527941,527941,527941,527941,527941,527941,527941,527941,527941,527941,528062,528062,528062,528062,528062,528062,528062,528062,528062,528062,528062,528062,528062,528062,528062,528062,528062,528062,528062,528062,528062,528062,528062,528062,528062,528062,528062,528062,528062,528062,528062,528062,528062,528062,528062,528062,528062,528062,528062,528062,528062,528062,528062,528062,528062,528062,528062,528062,528062,528062,528062,528062,528062,528062,528062,528062,528062,528062,528062,528062,528062,528062,528062,528062,528062,528062,528062,528062,528062,528062,528062,528062,528062,528062,528062,528062,528062,528062,528062,528062,528062,528062,528062,528062,528062,528062,528062,528062,528062,528062,528062,528062,528062,528062,528062,528062,528062,528062,528062,528062,528062,528062,528062,528062,528062,528062,528062,528062,528062,528062,528062,528062,528062,528062,528062,528062,528062,528062,528062,528062,528062,528062,528062,528062,528062,528062
2001-08-01,521271,521271,521271,521271,521271,521271,521271,521271,521271,521271,521271,521271,523151,523151,523151,523151,523151,523151,523151,523151,523151,523151,523151,523151,523151,523244,523244,523244,523244,523244,523244,523244,523244,523244,523244,523244,523244,523116,523116,523116,523116,523116,523116,523116,523116,523116,523116,523116,523116,523116,523374,523374,523374,523374,523374,523374,523374,523374,523374,523374,523374,523374,523516,523516,523516,523516,523516,523516,523516,523516,523516,523516,523516,523516,523516,523516,523516,523516,523516,523516,523516,523516,523516,523516,523516,523516,523516,523516,523516,523516,523516,523516,523516,523516,523516,523516,523516,523516,523516,523516,523516,523516,523516,523516,523516,523516,523516,523516,523516,523516,523516,523516,523516,523516,523516,523516,523516,523516,523516,523516,523516,523516,523516,523516,523516,523516,523516,523516,523516,523516,523516,523516,523516,523516,523516,523516,523516,523516,523516,523516,523516,523516,523516,523516,523516,523516,523516,523516,523516,523516,523516,523516,523516,523516,523516,523516,523516,523516,523516,523516,523516,523516,523516,523516,523516,523516,523516,523516,523516,523516,523516,523516,523516,523516,523516,523516,523516,523516,523516,523516,523516,523516,523516,523516,523516,523516,523516,523516
2001-09-01,515716,515716,515716,515716,515716,515716,515716,515716,515716,515716,515716,515716,517561,517561,517561,517561,517561,517561,517561,517561,517561,517561,517561,517561,517561,517807,517807,517807,517807,517807,517807,517807,517807,517807,517807,517807,517807,517668,517668,517668,517668,517668,517668,517668,517668,517668,517668,517668,517668,517668,518073,518073,518073,518073,518073,518073,518073,518073,518073,518073,518073,518073,518114,518114,518114,518114,518114,518114,518114,518114,518114,518114,518114,518114,518114,518114,518114,518114,518114,518114,518114,518114,518114,518114,518114,518114,518114,518114,518114,518114,518114,518114,518114,518114,518114,518114,518114,518114,518114,518114,518114,518114,518114,518114,518114,518114,518114,518114,518114,518114,518114,518114,518114,518114,518114,518114,518114,518114,518114,518114,518114,518114,518114,518114,518114,518114,518114,518114,518114,518114,518114,518114,518114,518114,518114,518114,518114,518114,518114,518114,518114,518114,518114,518114,518114,518114,518114,518114,518114,518114,518114,518114,518114,518114,518114,518114,518114,518114,518114,518114,518114,518114,518114,518114,518114,518114,518114,518114,518114,518114,518114,518114,518114,518114,518114,518114,518114,518114,518114,518114,518114,518114,518114,518114,518114,518114,518114,518114
2001-10-01,517927,517927,517927,517927,517927,517927,517927,517927,517927,517927,517927,517927,520837,520837,520837,520837,520837,520837,520837,520837,520837,520837,520837,520837,520837,521051,521051,521051,521051,521051,521051,521051,521051,521051,521051,521051,521051,521062,521062,521062,521062,521062,521062,521062,521062,521062,521062,521062,521062,521062,521278,521278,521278,521278,521278,521278,521278,521278,521278,521278,521278,521278,521240,521240,521240,521240,521240,521240,521240,521240,521240,521240,521240,521240,521240,521240,521240,521240,521240,521240,521240,521240,521240,521240,521240,521240,521240,521240,521240,521240,521240,521240,521240,521240,521240,521240,521240,521240,521240,521240,521240,521240,521240,521240,521240,521240,521240,521240,521240,521240,521240,521240,521240,521240,521240,521240,521240,521240,521240,521240,521240,521240,521240,521240,521240,521240,521240,521240,521240,521240,521240,521240,521240,521240,521240,521240,521240,521240,521240,521240,521240,521240,521240,521240,521240,521240,521240,521240,521240,521240,521240,521240,521240,521240,521240,521240,521240,521240,521240,521240,521240,521240,521240,521240,521240,521240,521240,521240,521240,521240,521240,521240,521240,521240,521240,521240,521240,521240,521240,521240,521240,521240,521240,521240,521240,521240,521240,521240
2001-11-01,511587,511587,511587,511587,511587,511587,511587,511587,511587,511587,511587,511587,514975,514975,514975,514975,514975,514975,514975,514975,514975,514975,514975,514975,514975,515429,515429,515429,515429,515429,515429,515429,515429,515429,515429,515429,515429,515427,515427,515427,515427,515427,515427,515427,515427,515427,515427,515427,515427,515427,515722,515722,515722,515722,515722,515722,515722,515722,515722,515722,515722,515722,515757,515757,515757,515757,515757,515757,515757,515757,515757,515757,515757,515757,515757,515757,515757,515757,515757,515757,515757,515757,515757,515757,515757,515757,515757,515757,515757,515757,515757,515757,515757,515757,515757,515757,515757,515757,515757,515757,515757,515757,515757,515757,515757,515757,515757,515757,515757,515757,515757,515757,515757,515757,515757,515757,515757,515757,515757,515757,515757,515757,515757,515757,515757,515757,515757,515757,515757,515757,515757,515757,515757,515757,515757,515757,515757,515757,515757,515757,515757,515757,515757,515757,515757,515757,515757,515757,515757,515757,515757,515757,515757,515757,515757,515757,515757,515757,515757,515757,515757,515757,515757,515757,515757,515757,515757,515757,515757,515757,515757,515757,515757,515757,515757,515757,515757,515757,515757,515757,515757,515757,515757,515757,515757,515757,515757,515757
2001-12-01,506479,506479,506479,506479,506479,506479,506479,506479,506479,506479,506479,506479,509702,509702,509702,509702,509702,509702,509702,509702,509702,509702,509702,509702,509702,509983,509983,509983,509983,509983,509983,509983,509983,509983,509983,509983,509983,509838,509838,509838,509838,509838,509838,509838,509838,509838,509838,509838,509838,509838,509726,509726,509726,509726,509726,509726,509726,509726,509726,509726,509726,509726,509910,509910,509910,509910,509910,509910,509910,509910,509910,509910,509910,509910,509910,509910,509910,509910,509910,509910,509910,509910,509910,509910,509910,509910,509910,509910,509910,509910,509910,509910,509910,509910,509910,509910,509910,509910,509910,509910,509910,509910,509910,509910,509910,509910,509910,509910,509910,509910,509910,509910,509910,509910,509910,509910,509910,509910,509910,509910,509910,509910,509910,509910,509910,509910,509910,509910,509910,509910,509910,509910,509910,509910,509910,509910,509910,509910,509910,509910,509910,509910,509910,509910,509910,509910,509910,509910,509910,509910,509910,509910,509910,509910,509910,509910,509910,509910,509910,509910,509910,509910,509910,509910,509910,509910,509910,509910,509910,509910,509910,509910,509910,509910,509910,509910,509910,509910,509910,509910,509910,509910,509910,509910,509910,509910,509910,509910
2002-01-01,498661,498661,498661,498661,498661,498661,498661,498661,498661,498661,498661,498661,502333,502333,502333,502333,502333,502333,502333,502333,502333,502333,502333,502333,502333,502639,502639,502639,502639,502639,502639,502639,502639,502639,502639,502639,502639,502718,502718,502718,502718,502718,502718,502718,502718,502718,502718,502718,502718,502718,503098,503098,503098,503098,503098,503098,503098,503098,503098,503098,503098,503098,503270,503270,503270,503270,503270,503270,503270,503270,503270,503270,503270,503270,502842,502842,502842,502842,502842,502842,502842,502842,502842,502842,502842,502842,503512.0,503512.0,503512.0,503512.0,503512.0,503512.0,503512.0,503512.0,503512.0,503512.0,503512.0,503512.0,503401.0,503401.0,503401.0,503401.0,503401.0,503401.0,503401.0,503401.0,503401.0,503401.0,503401.0,503401.0,503401.0,503401.0,503401.0,503401.0,503401.0,503401.0,503401.0,503401.0,503401.0,503401.0,503401.0,503401.0,503401.0,503401.0,503401.0,503401.0,503401.0,503401.0,503401.0,503401.0,503401.0,503401.0,503401.0,503401.0,503401.0,503401.0,503401.0,503401.0,503401.0,503401.0,503401.0,503401.0,503401.0,503401.0,503401.0,503401.0,503401.0,503401.0,503401.0,503401.0,503401.0,503401.0,503401.0,503401.0,503401.0,503401.0,503401.0,503401.0,503401.0,503401.0,503401.0,503401.0,503401.0,503401.0,503401.0,503401.0,503401.0,503401.0,503401.0,503401.0,503401.0,503401.0,503401.0,503401.0,503401.0,503401.0,503401.0,503401.0,503401.0,503401.0,503401.0,503401.0,503401.0,503401.0,503401.0,503401.0,503401.0,503401.0
2002-02-01,499625,499625,499625,499625,499625,499625,499625,499625,499625,499625,499625,499625,503769,503769,503769,503769,503769,503769,503769,503769,503769,503769,503769,503769,503769,504190,504190,504190,504190,504190,504190,504190,504190,504190,504190,504190,504190,504247,504247,504247,504247,504247,504247,504247,504247,504247,504247,504247,504247,504247,504329,504329,504329,504329,504329,504329,504329,504329,504329,504329,504329,504329,504526,504526,504526,504526,504526,504526,504526,504526,504526,504526,504526,504526,505306,505306,505306,505306,505306,505306,505306,505306,505306,505306,505306,505306,505352.0,505352.0,505352.0,505352.0,505352.0,505352.0,505352.0,505352.0,505352.0,505352.0,505352.0,505352.0,505885.0,505885.0,505885.0,505885.0,505885.0,505885.0,505885.0,505885.0,505885.0,505885.0,505885.0,505885.0,505885.0,505885.0,505885.0,505885.0,505885.0,505885.0,505885.0,505885.0,505885.0,505885.0,505885.0,505885.0,505885.0,505885.0,505885.0,505885.0,505885.0,505885.0,505885.0,505885.0,505885.0,505885.0,505885.0,505885.0,505885.0,505885.0,505885.0,505885.0,505885.0,505885.0,505885.0,505885.0,505885.0,505885.0,505885.0,505885.0,505885.0,505885.0,505885.0,505885.0,505885.0,505885.0,505885.0,505885.0,505885.0,505885.0,505885.0,505885.0,505885.0,505885.0,505885.0,505885.0,505885.0,505885.0,505885.0,505885.0,505885.0,505885.0,505885.0,505885.0,505885.0,505885.0,505885.0,505885.0,505885.0,505885.0,505885.0,505885.0,505885.0,505885.0,505885.0,505885.0,505885.0,505885.0,505885.0,505885.0,505885.0,505885.0
2002-03-01,498783,498783,498783,498783,498783,498783,498783,498783,498783,498783,498783,498783,503296,503296,503296,503296,503296,503296,503296,503296,503296,503296,503296,503296,503296,503735,503735,503735,503735,503735,503735,503735,503735,503735,503735,503735,503735,503867,503867,503867,503867,503867,503867,503867,503867,503867,503867,503867,503867,503867,503851,503851,503851,503851,503851,503851,503851,503851,503851,503851,503851,503851,504028,504028,504028,504028,504028,504028,504028,504028,504028,504028,504028,504028,504859,504859,504859,504859,504859,504859,504859,504859,504859,504859,504859,504859,504955.0,504955.0,504955.0,504955.0,504955.0,504955.0,504955.0,504955.0,504955.0,504955.0,504955.0,504955.0,504730.0,504730.0,504730.0,504730.0,504730.0,504730.0,504730.0,504730.0,504730.0,504730.0,504730.0,504730.0,504730.0,504730.0,504730.0,504730.0,504730.0,504730.0,504730.0,504730.0,504730.0,504730.0,504730.0,504730.0,504730.0,504730.0,504730.0,504730.0,504730.0,504730.0,504730.0,504730.0,504730.0,504730.0,504730.0,504730.0,504730.0,504730.0,504730.0,504730.0,504730.0,504730.0,504730.0,504730.0,504730.0,504730.0,504730.0,504730.0,504730.0,504730.0,504730.0,504730.0,504730.0,504730.0,504730.0,504730.0,504730.0,504730.0,504730.0,504730.0,504730.0,504730.0,504730.0,504730.0,504730.0,504730.0,504730.0,504730.0,504730.0,504730.0,504730.0,504730.0,504730.0,504730.0,504730.0,504730.0,504730.0,504730.0,504730.0,504730.0,504730.0,504730.0,504730.0,504730.0,504730.0,504730.0,504730.0,504730.0,504730.0,504730.0
2002-04-01,495618,495618,495618,495618,495618,495618,495618,495618,495618,495618,495618,495618,500511,500511,500511,500511,500511,500511,500511,500511,500511,500511,500511,500511,500511,500866,500866,500866,500866,500866,500866,500866,500866,500866,500866,500866,500866,501017,501017,501017,501017,501017,501017,501017,501017,501017,501017,501017,501017,501017,500908,500908,500908,500908,500908,500908,500908,500908,500908,500908,500908,500908,501055,501055,501055,501055,501055,501055,501055,501055,501055,501055,501055,501055,502050,502050,502050,502050,502050,502050,502050,502050,502050,502050,502050,502050,502062.0,502062.0,502062.0,502062.0,502062.0,502062.0,502062.0,502062.0,502062.0,502062.0,502062.0,502062.0,502106.0,502106.0,502106.0,502106.0,502106.0,502106.0,502106.0,502106.0,502106.0,502106.0,502106.0,502106.0,502106.0,502106.0,502106.0,502106.0,502106.0,502106.0,502106.0,502106.0,502106.0,502106.0,502106.0,502106.0,502106.0,502106.0,502106.0,502106.0,502106.0,502106.0,502106.0,502106.0,502106.0,502106.0,502106.0,502106.0,502106.0,502106.0,502106.0,502106.0,502106.0,502106.0,502106.0,502106.0,502106.0,502106.0,502106.0,502106.0,502106.0,502106.0,502106.0,502106.0,502106.0,502106.0,502106.0,502106.0,502106.0,502106.0,502106.0,502106.0,502106.0,502106.0,502106.0,502106.0,502106.0,502106.0,502106.0,502106.0,502106.0,502106.0,502106.0,502106.0,502106.0,502106.0,502106.0,502106.0,502106.0,502106.0,502106.0,502106.0,502106.0,502106.0,502106.0,502106.0,502106.0,502106.0,502106.0,502106.0,502106.0,502106.0
2002-05-01,493372,493372,493372,493372,493372,493372,493372,493372,493372,493372,493372,493372,498641,498641,498641,498641,498641,498641,498641,498641,498641,498641,498641,498641,498641,499039,499039,499039,499039,499039,499039,499039,499039,499039,499039,499039,499039,499008,499008,499008,499008,499008,499008,499008,499008,499008,499008,499008,499008,499008,498998,498998,498998,498998,498998,498998,498998,498998,498998,498998,498998,498998,499197,499197,499197,499197,499197,499197,499197,499197,499197,499197,499197,499197,499522,499522,499522,499522,499522,499522,499522,499522,499522,499522,499522,499522,499902.0,499902.0,499902.0,499902.0,499902.0,499902.0,499902.0,499902.0,499902.0,499902.0,499902.0,499902.0,499674.0,499674.0,499674.0,499674.0,499674.0,499674.0,499674.0,499674.0,499674.0,499674.0,499674.0,499674.0,499674.0,499674.0,499674.0,499674.0,499674.0,499674.0,499674.0,499674.0,499674.0,499674.0,499674.0,499674.0,499674.0,499674.0,499674.0,499674.0,499674.0,499674.0,499674.0,499674.0,499674.0,499674.0,499674.0,499674.0,499674.0,499674.0,499674.0,499674.0,499674.0,499674.0,499674.0,499674.0,499674.0,499674.0,499674.0,499674.0,499674.0,499674.0,499674.0,499674.0,499674.0,499674.0,499674.0,499674.0,499674.0,499674.0,499674.0,499674.0,499674.0,499674.0,499674.0,499674.0,499674.0,499674.0,499674.0,499674.0,499674.0,499674.0,499674.0,499674.0,499674.0,499674.0,499674.0,499674.0,499674.0,499674.0,499674.0,499674.0,499674.0,499674.0,499674.0,499674.0,499674.0,499674.0,499674.0,499674.0,499674.0,499674.0
2002-06-01,485828,485828,485828,485828,485828,485828,485828,485828,485828,485828,485828,485828,491532,491532,491532,491532,491532,491532,491532,491532,491532,491532,491532,491532,491532,491881,491881,491881,491881,491881,491881,491881,491881,491881,491881,491881,491881,491814,491814,491814,491814,491814,491814,491814,491814,491814,491814,491814,491814,491814,491743,491743,491743,491743,491743,491743,491743,491743,491743,491743,491743,491743,491942,491942,491942,491942,491942,491942,491942,491942,491942,491942,491942,491942,492417,492417,492417,492417,492417,492417,492417,492417,492417,492417,492417,492417,492740.0,492740.0,492740.0,492740.0,492740.0,492740.0,492740.0,492740.0,492740.0,492740.0,492740.0,492740.0,492380.0,492380.0,492380.0,492380.0,492380.0,492380.0,492380.0,492380.0,492380.0,492380.0,492380.0,492380.0,492380.0,492380.0,492380.0,492380.0,492380.0,492380.0,492380.0,492380.0,492380.0,492380.0,492380.0,492380.0,492380.0,492380.0,492380.0,492380.0,492380.0,492380.0,492380.0,492380.0,492380.0,492380.0,492380.0,492380.0,492380.0,492380.0,492380.0,492380.0,492380.0,492380.0,492380.0,492380.0,492380.0,492380.0,492380.0,492380.0,492380.0,492380.0,492380.0,492380.0,492380.0,492380.0,492380.0,492380.0,492380.0,492380.0,492380.0,492380.0,492380.0,492380.0,492380.0,492380.0,492380.0,492380.0,492380.0,492380.0,492380.0,492380.0,492380.0,492380.0,492380.0,492380.0,492380.0,492380.0,492380.0,492380.0,492380.0,492380.0,492380.0,492380.0,492380.0,492380.0,492380.0,492380.0,492380.0,492380.0,492380.0,492380.0
2002-07-01,486990,486990,486990,486990,486990,486990,486990,486990,486990,486990,486990,486990,492691,492691,492691,492691,492691,492691,492691,492691,492691,492691,492691,492691,492691,493335,493335,493335,493335,493335,493335,493335,493335,493335,493335,493335,493335,493267,493267,493267,493267,493267,493267,493267,493267,493267,493267,493267,493267,493267,493314,493314,493314,493314,493314,493314,493314,493314,493314,493314,493314,493314,493478,493478,493478,493478,493478,493478,493478,493478,493478,493478,493478,493478,493481,493481,493481,493481,493481,493481,493481,493481,493481,493481,493481,493481,493610.0,493610.0,493610.0,493610.0,493610.0,493610.0,493610.0,493610.0,493610.0,493610.0,493610.0,493610.0,493321.0,493321.0,493321.0,493321.0,493321.0,493321.0,493321.0,493321.0,493321.0,493321.0,493321.0,493321.0,493321.0,493321.0,493321.0,493321.0,493321.0,493321.0,493321.0,493321.0,493321.0,493321.0,493321.0,493321.0,493321.0,493321.0,493321.0,493321.0,493321.0,493321.0,493321.0,493321.0,493321.0,493321.0,493321.0,493321.0,493321.0,493321.0,493321.0,493321.0,493321.0,493321.0,493321.0,493321.0,493321.0,493321.0,493321.0,493321.0,493321.0,493321.0,493321.0,493321.0,493321.0,493321.0,493321.0,493321.0,493321.0,493321.0,493321.0,493321.0,493321.0,493321.0,493321.0,493321.0,493321.0,493321.0,493321.0,493321.0,493321.0,493321.0,493321.0,493321.0,493321.0,493321.0,493321.0,493321.0,493321.0,493321.0,493321.0,493321.0,493321.0,493321.0,493321.0,493321.0,493321.0,493321.0,493321.0,493321.0,493321.0,493321.0
2002-08-01,489267,489267,489267,489267,489267,489267,489267,489267,489267,489267,489267,489267,495519,495519,495519,495519,495519,495519,495519,495519,495519,495519,495519,495519,495519,496088,496088,496088,496088,496088,496088,496088,496088,496088,496088,496088,496088,495976,495976,495976,495976,495976,495976,495976,495976,495976,495976,495976,495976,495976,496423,496423,496423,496423,496423,496423,496423,496423,496423,496423,496423,496423,496566,496566,496566,496566,496566,496566,496566,496566,496566,496566,496566,496566,496027,496027,496027,496027,496027,496027,496027,496027,496027,496027,496027,496027,495524.0,495524.0,495524.0,495524.0,495524.0,495524.0,495524.0,495524.0,495524.0,495524.0,495524.0,495524.0,495426.0,495426.0,495426.0,495426.0,495426.0,495426.0,495426.0,495426.0,495426.0,495426.0,495426.0,495426.0,495426.0,495426.0,495426.0,495426.0,495426.0,495426.0,495426.0,495426.0,495426.0,495426.0,495426.0,495426.0,495426.0,495426.0,495426.0,495426.0,495426.0,495426.0,495426.0,495426.0,495426.0,495426.0,495426.0,495426.0,495426.0,495426.0,495426.0,495426.0,495426.0,495426.0,495426.0,495426.0,495426.0,495426.0,495426.0,495426.0,495426.0,495426.0,495426.0,495426.0,495426.0,495426.0,495426.0,495426.0,495426.0,495426.0,495426.0,495426.0,495426.0,495426.0,495426.0,495426.0,495426.0,495426.0,495426.0,495426.0,495426.0,495426.0,495426.0,495426.0,495426.0,495426.0,495426.0,495426.0,495426.0,495426.0,495426.0,495426.0,495426.0,495426.0,495426.0,495426.0,495426.0,495426.0,495426.0,495426.0,495426.0,495426.0
2002-09-01,483563,483563,483563,483563,483563,483563,483563,483563,483563,483563,483563,483563,489807,489807,489807,489807,489807,489807,489807,489807,489807,489807,489807,489807,489807,490745,490745,490745,490745,490745,490745,490745,490745,490745,490745,490745,490745,490646,490646,490646,490646,490646,490646,490646,490646,490646,490646,490646,490646,490646,491248,491248,491248,491248,491248,491248,491248,491248,491248,491248,491248,491248,491375,491375,491375,491375,491375,491375,491375,491375,491375,491375,491375,491375,490571,490571,490571,490571,490571,490571,490571,490571,490571,490571,490571,490571,489534.0,489534.0,489534.0,489534.0,489534.0,489534.0,489534.0,489534.0,489534.0,489534.0,489534.0,489534.0,489727.0,489727.0,489727.0,489727.0,489727.0,489727.0,489727.0,489727.0,489727.0,489727.0,489727.0,489727.0,489727.0,489727.0,489727.0,489727.0,489727.0,489727.0,489727.0,489727.0,489727.0,489727.0,489727.0,489727.0,489727.0,489727.0,489727.0,489727.0,489727.0,489727.0,489727.0,489727.0,489727.0,489727.0,489727.0,489727.0,489727.0,489727.0,489727.0,489727.0,489727.0,489727.0,489727.0,489727.0,489727.0,489727.0,489727.0,489727.0,489727.0,489727.0,489727.0,489727.0,489727.0,489727.0,489727.0,489727.0,489727.0,489727.0,489727.0,489727.0,489727.0,489727.0,489727.0,489727.0,489727.0,489727.0,489727.0,489727.0,489727.0,489727.0,489727.0,489727.0,489727.0,489727.0,489727.0,489727.0,489727.0,489727.0,489727.0,489727.0,489727.0,489727.0,489727.0,489727.0,489727.0,489727.0,489727.0,489727.0,489727.0,489727.0
2002-10-01,478493,478493,478493,478493,478493,478493,478493,478493,478493,478493,478493,478493,485257,485257,485257,485257,485257,485257,485257,485257,485257,485257,485257,485257,485257,485888,485888,485888,485888,485888,485888,485888,485888,485888,485888,485888,485888,485914,485914,485914,485914,485914,485914,485914,485914,485914,485914,485914,485914,485914,486126,486126,486126,486126,486126,486126,486126,486126,486126,486126,486126,486126,486162,486162,486162,486162,486162,486162,486162,486162,486162,486162,486162,486162,485644,485644,485644,485644,485644,485644,485644,485644,485644,485644,485644,485644,485785.0,485785.0,485785.0,485785.0,485785.0,485785.0,485785.0,485785.0,485785.0,485785.0,485785.0,485785.0,485819.0,485819.0,485819.0,485819.0,485819.0,485819.0,485819.0,485819.0,485819.0,485819.0,485819.0,485819.0,485819.0,485819.0,485819.0,485819.0,485819.0,485819.0,485819.0,485819.0,485819.0,485819.0,485819.0,485819.0,485819.0,485819.0,485819.0,485819.0,485819.0,485819.0,485819.0,485819.0,485819.0,485819.0,485819.0,485819.0,485819.0,485819.0,485819.0,485819.0,485819.0,485819.0,485819.0,485819.0,485819.0,485819.0,485819.0,485819.0,485819.0,485819.0,485819.0,485819.0,485819.0,485819.0,485819.0,485819.0,485819.0,485819.0,485819.0,485819.0,485819.0,485819.0,485819.0,485819.0,485819.0,485819.0,485819.0,485819.0,485819.0,485819.0,485819.0,485819.0,485819.0,485819.0,485819.0,485819.0,485819.0,485819.0,485819.0,485819.0,485819.0,485819.0,485819.0,485819.0,485819.0,485819.0,485819.0,485819.0,485819.0,485819.0
2002-11-01,474962,474962,474962,474962,474962,474962,474962,474962,474962,474962,474962,474962,481850,481850,481850,481850,481850,481850,481850,481850,481850,481850,481850,481850,481850,482717,482717,482717,482717,482717,482717,482717,482717,482717,482717,482717,482717,482746,482746,482746,482746,482746,482746,482746,482746,482746,482746,482746,482746,482746,483067,483067,483067,483067,483067,483067,483067,483067,483067,483067,483067,483067,483254,483254,483254,483254,483254,483254,483254,483254,483254,483254,483254,483254,482754,482754,482754,482754,482754,482754,482754,482754,482754,482754,482754,482754,482356.0,482356.0,482356.0,482356.0,482356.0,482356.0,482356.0,482356.0,482356.0,482356.0,482356.0,482356.0,482514.0,482514.0,482514.0,482514.0,482514.0,482514.0,482514.0,482514.0,482514.0,482514.0,482514.0,482514.0,482514.0,482514.0,482514.0,482514.0,482514.0,482514.0,482514.0,482514.0,482514.0,482514.0,482514.0,482514.0,482514.0,482514.0,482514.0,482514.0,482514.0,482514.0,482514.0,482514.0,482514.0,482514.0,482514.0,482514.0,482514.0,482514.0,482514.0,482514.0,482514.0,482514.0,482514.0,482514.0,482514.0,482514.0,482514.0,482514.0,482514.0,482514.0,482514.0,482514.0,482514.0,482514.0,482514.0,482514.0,482514.0,482514.0,482514.0,482514.0,482514.0,482514.0,482514.0,482514.0,482514.0,482514.0,482514.0,482514.0,482514.0,482514.0,482514.0,482514.0,482514.0,482514.0,482514.0,482514.0,482514.0,482514.0,482514.0,482514.0,482514.0,482514.0,482514.0,482514.0,482514.0,482514.0,482514.0,482514.0,482514.0,482514.0
2002-12-01,471832,471832,471832,471832,471832,471832,471832,471832,471832,471832,471832,471832,478699,478699,478699,478699,478699,478699,478699,478699,478699,478699,478699,478699,478699,479723,479723,479723,479723,479723,479723,479723,479723,479723,479723,479723,479723,479699,479699,479699,479699,479699,479699,479699,479699,479699,479699,479699,479699,479699,479749,479749,479749,479749,479749,479749,479749,479749,479749,479749,479749,479749,479961,479961,479961,479961,479961,479961,479961,479961,479961,479961,479961,479961,479541,479541,479541,479541,479541,479541,479541,479541,479541,479541,479541,479541,479405.0,479405.0,479405.0,479405.0,479405.0,479405.0,479405.0,479405.0,479405.0,479405.0,479405.0,479405.0,479610.0,479610.0,479610.0,479610.0,479610.0,479610.0,479610.0,479610.0,479610.0,479610.0,479610.0,479610.0,479610.0,479610.0,479610.0,479610.0,479610.0,479610.0,479610.0,479610.0,479610.0,479610.0,479610.0,479610.0,479610.0,479610.0,479610.0,479610.0,479610.0,479610.0,479610.0,479610.0,479610.0,479610.0,479610.0,479610.0,479610.0,479610.0,479610.0,479610.0,479610.0,479610.0,479610.0,479610.0,479610.0,479610.0,479610.0,479610.0,479610.0,479610.0,479610.0,479610.0,479610.0,479610.0,479610.0,479610.0,479610.0,479610.0,479610.0,479610.0,479610.0,479610.0,479610.0,479610.0,479610.0,479610.0,479610.0,479610.0,479610.0,479610.0,479610.0,479610.0,479610.0,479610.0,479610.0,479610.0,479610.0,479610.0,479610.0,479610.0,479610.0,479610.0,479610.0,479610.0,479610.0,479610.0,479610.0,479610.0,479610.0,479610.0
2003-01-01,469582,469582,469582,469582,469582,469582,469582,469582,469582,469582,469582,469582,476715,476715,476715,476715,476715,476715,476715,476715,476715,476715,476715,476715,476715,477872,477872,477872,477872,477872,477872,477872,477872,477872,477872,477872,477872,477975,477975,477975,477975,477975,477975,477975,477975,477975,477975,477975,477975,477975,478296,478296,478296,478296,478296,478296,478296,478296,478296,478296,478296,478296,478518,478518,478518,478518,478518,478518,478518,478518,478518,478518,478518,478518,478363,478363,478363,478363,478363,478363,478363,478363,478363,478363,478363,478363,478991.0,478991.0,478991.0,478991.0,478991.0,478991.0,478991.0,478991.0,478991.0,478991.0,478991.0,478991.0,479051.0,479051.0,479051.0,479051.0,479051.0,479051.0,479051.0,479051.0,479051.0,479051.0,479051.0,479051.0,479051.0,479051.0,479051.0,479051.0,479051.0,479051.0,479051.0,479051.0,479051.0,479051.0,479051.0,479051.0,479051.0,479051.0,479051.0,479051.0,479051.0,479051.0,479051.0,479051.0,479051.0,479051.0,479051.0,479051.0,479051.0,479051.0,479051.0,479051.0,479051.0,479051.0,479051.0,479051.0,479051.0,479051.0,479051.0,479051.0,479051.0,479051.0,479051.0,479051.0,479051.0,479051.0,479051.0,479051.0,479051.0,479051.0,479051.0,479051.0,479051.0,479051.0,479051.0,479051.0,479051.0,479051.0,479051.0,479051.0,479051.0,479051.0,479051.0,479051.0,479051.0,479051.0,479051.0,479051.0,479051.0,479051.0,479051.0,479051.0,479051.0,479051.0,479051.0,479051.0,479051.0,479051.0,479051.0,479051.0,479051.0,479051.0
2003-02-01,471228,471228,471228,471228,471228,471228,471228,471228,471228,471228,471228,471228,478560,478560,478560,478560,478560,478560,478560,478560,478560,478560,478560,478560,478560,479788,479788,479788,479788,479788,479788,479788,479788,479788,479788,479788,479788,479789,479789,479789,479789,479789,479789,479789,479789,479789,479789,479789,479789,479789,479817,479817,479817,479817,479817,479817,479817,479817,479817,479817,479817,479817,479989,479989,479989,479989,479989,479989,479989,479989,479989,479989,479989,479989,480868,480868,480868,480868,480868,480868,480868,480868,480868,480868,480868,480868,480940.0,480940.0,480940.0,480940.0,480940.0,480940.0,480940.0,480940.0,480940.0,480940.0,480940.0,480940.0,481577.0,481577.0,481577.0,481577.0,481577.0,481577.0,481577.0,481577.0,481577.0,481577.0,481577.0,481577.0,481577.0,481577.0,481577.0,481577.0,481577.0,481577.0,481577.0,481577.0,481577.0,481577.0,481577.0,481577.0,481577.0,481577.0,481577.0,481577.0,481577.0,481577.0,481577.0,481577.0,481577.0,481577.0,481577.0,481577.0,481577.0,481577.0,481577.0,481577.0,481577.0,481577.0,481577.0,481577.0,481577.0,481577.0,481577.0,481577.0,481577.0,481577.0,481577.0,481577.0,481577.0,481577.0,481577.0,481577.0,481577.0,481577.0,481577.0,481577.0,481577.0,481577.0,481577.0,481577.0,481577.0,481577.0,481577.0,481577.0,481577.0,481577.0,481577.0,481577.0,481577.0,481577.0,481577.0,481577.0,481577.0,481577.0,481577.0,481577.0,481577.0,481577.0,481577.0,481577.0,481577.0,481577.0,481577.0,481577.0,481577.0,481577.0
2003-03-01,471972,471972,471972,471972,471972,471972,471972,471972,471972,471972,471972,471972,479395,479395,479395,479395,479395,479395,479395,479395,479395,479395,479395,479395,479395,480819,480819,480819,480819,480819,480819,480819,480819,480819,480819,480819,480819,480839,480839,480839,480839,480839,480839,480839,480839,480839,480839,480839,480839,480839,480796,480796,480796,480796,480796,480796,480796,480796,480796,480796,480796,480796,480975,480975,480975,480975,480975,480975,480975,480975,480975,480975,480975,480975,481727,481727,481727,481727,481727,481727,481727,481727,481727,481727,481727,481727,481721.0,481721.0,481721.0,481721.0,481721.0,481721.0,481721.0,481721.0,481721.0,481721.0,481721.0,481721.0,481487.0,481487.0,481487.0,481487.0,481487.0,481487.0,481487.0,481487.0,481487.0,481487.0,481487.0,481487.0,481487.0,481487.0,481487.0,481487.0,481487.0,481487.0,481487.0,481487.0,481487.0,481487.0,481487.0,481487.0,481487.0,481487.0,481487.0,481487.0,481487.0,481487.0,481487.0,481487.0,481487.0,481487.0,481487.0,481487.0,481487.0,481487.0,481487.0,481487.0,481487.0,481487.0,481487.0,481487.0,481487.0,481487.0,481487.0,481487.0,481487.0,481487.0,481487.0,481487.0,481487.0,481487.0,481487.0,481487.0,481487.0,481487.0,481487.0,481487.0,481487.0,481487.0,481487.0,481487.0,481487.0,481487.0,481487.0,481487.0,481487.0,481487.0,481487.0,481487.0,481487.0,481487.0,481487.0,481487.0,481487.0,481487.0,481487.0,481487.0,481487.0,481487.0,481487.0,481487.0,481487.0,481487.0,481487.0,481487.0,481487.0,481487.0
2003-04-01,472824,472824,472824,472824,472824,472824,472824,472824,472824,472824,472824,472824,480590,480590,480590,480590,480590,480590,480590,480590,480590,480590,480590,480590,480590,481946,481946,481946,481946,481946,481946,481946,481946,481946,481946,481946,481946,482070,482070,482070,482070,482070,482070,482070,482070,482070,482070,482070,482070,482070,482020,482020,482020,482020,482020,482020,482020,482020,482020,482020,482020,482020,482207,482207,482207,482207,482207,482207,482207,482207,482207,482207,482207,482207,482794,482794,482794,482794,482794,482794,482794,482794,482794,482794,482794,482794,483061.0,483061.0,483061.0,483061.0,483061.0,483061.0,483061.0,483061.0,483061.0,483061.0,483061.0,483061.0,482630.0,482630.0,482630.0,482630.0,482630.0,482630.0,482630.0,482630.0,482630.0,482630.0,482630.0,482630.0,482630.0,482630.0,482630.0,482630.0,482630.0,482630.0,482630.0,482630.0,482630.0,482630.0,482630.0,482630.0,482630.0,482630.0,482630.0,482630.0,482630.0,482630.0,482630.0,482630.0,482630.0,482630.0,482630.0,482630.0,482630.0,482630.0,482630.0,482630.0,482630.0,482630.0,482630.0,482630.0,482630.0,482630.0,482630.0,482630.0,482630.0,482630.0,482630.0,482630.0,482630.0,482630.0,482630.0,482630.0,482630.0,482630.0,482630.0,482630.0,482630.0,482630.0,482630.0,482630.0,482630.0,482630.0,482630.0,482630.0,482630.0,482630.0,482630.0,482630.0,482630.0,482630.0,482630.0,482630.0,482630.0,482630.0,482630.0,482630.0,482630.0,482630.0,482630.0,482630.0,482630.0,482630.0,482630.0,482630.0,482630.0,482630.0
2003-05-01,473581,473581,473581,473581,473581,473581,473581,473581,473581,473581,473581,473581,481485,481485,481485,481485,481485,481485,481485,481485,481485,481485,481485,481485,481485,482861,482861,482861,482861,482861,482861,482861,482861,482861,482861,482861,482861,482876,482876,482876,482876,482876,482876,482876,482876,482876,482876,482876,482876,482876,483054,483054,483054,483054,483054,483054,483054,483054,483054,483054,483054,483054,483207,483207,483207,483207,483207,483207,483207,483207,483207,483207,483207,483207,483255,483255,483255,483255,483255,483255,483255,483255,483255,483255,483255,483255,483707.0,483707.0,483707.0,483707.0,483707.0,483707.0,483707.0,483707.0,483707.0,483707.0,483707.0,483707.0,483646.0,483646.0,483646.0,483646.0,483646.0,483646.0,483646.0,483646.0,483646.0,483646.0,483646.0,483646.0,483646.0,483646.0,483646.0,483646.0,483646.0,483646.0,483646.0,483646.0,483646.0,483646.0,483646.0,483646.0,483646.0,483646.0,483646.0,483646.0,483646.0,483646.0,483646.0,483646.0,483646.0,483646.0,483646.0,483646.0,483646.0,483646.0,483646.0,483646.0,483646.0,483646.0,483646.0,483646.0,483646.0,483646.0,483646.0,483646.0,483646.0,483646.0,483646.0,483646.0,483646.0,483646.0,483646.0,483646.0,483646.0,483646.0,483646.0,483646.0,483646.0,483646.0,483646.0,483646.0,483646.0,483646.0,483646.0,483646.0,483646.0,483646.0,483646.0,483646.0,483646.0,483646.0,483646.0,483646.0,483646.0,483646.0,483646.0,483646.0,483646.0,483646.0,483646.0,483646.0,483646.0,483646.0,483646.0,483646.0,483646.0,483646.0
2003-06-01,474887,474887,474887,474887,474887,474887,474887,474887,474887,474887,474887,474887,483315,483315,483315,483315,483315,483315,483315,483315,483315,483315,483315,483315,483315,485282,485282,485282,485282,485282,485282,485282,485282,485282,485282,485282,485282,485243,485243,485243,485243,485243,485243,485243,485243,485243,485243,485243,485243,485243,485480,485480,485480,485480,485480,485480,485480,485480,485480,485480,485480,485480,485710,485710,485710,485710,485710,485710,485710,485710,485710,485710,485710,485710,485722,485722,485722,485722,485722,485722,485722,485722,485722,485722,485722,485722,486006.0,486006.0,486006.0,486006.0,486006.0,486006.0,486006.0,486006.0,486006.0,486006.0,486006.0,486006.0,485622.0,485622.0,485622.0,485622.0,485622.0,485622.0,485622.0,485622.0,485622.0,485622.0,485622.0,485622.0,485622.0,485622.0,485622.0,485622.0,485622.0,485622.0,485622.0,485622.0,485622.0,485622.0,485622.0,485622.0,485622.0,485622.0,485622.0,485622.0,485622.0,485622.0,485622.0,485622.0,485622.0,485622.0,485622.0,485622.0,485622.0,485622.0,485622.0,485622.0,485622.0,485622.0,485622.0,485622.0,485622.0,485622.0,485622.0,485622.0,485622.0,485622.0,485622.0,485622.0,485622.0,485622.0,485622.0,485622.0,485622.0,485622.0,485622.0,485622.0,485622.0,485622.0,485622.0,485622.0,485622.0,485622.0,485622.0,485622.0,485622.0,485622.0,485622.0,485622.0,485622.0,485622.0,485622.0,485622.0,485622.0,485622.0,485622.0,485622.0,485622.0,485622.0,485622.0,485622.0,485622.0,485622.0,485622.0,485622.0,485622.0,485622.0
2003-07-01,474131,474131,474131,474131,474131,474131,474131,474131,474131,474131,474131,474131,482524,482524,482524,482524,482524,482524,482524,482524,482524,482524,482524,482524,482524,484279,484279,484279,484279,484279,484279,484279,484279,484279,484279,484279,484279,484203,484203,484203,484203,484203,484203,484203,484203,484203,484203,484203,484203,484203,484251,484251,484251,484251,484251,484251,484251,484251,484251,484251,484251,484251,484432,484432,484432,484432,484432,484432,484432,484432,484432,484432,484432,484432,484643,484643,484643,484643,484643,484643,484643,484643,484643,484643,484643,484643,484605.0,484605.0,484605.0,484605.0,484605.0,484605.0,484605.0,484605.0,484605.0,484605.0,484605.0,484605.0,484344.0,484344.0,484344.0,484344.0,484344.0,484344.0,484344.0,484344.0,484344.0,484344.0,484344.0,484344.0,484344.0,484344.0,484344.0,484344.0,484344.0,484344.0,484344.0,484344.0,484344.0,484344.0,484344.0,484344.0,484344.0,484344.0,484344.0,484344.0,484344.0,484344.0,484344.0,484344.0,484344.0,484344.0,484344.0,484344.0,484344.0,484344.0,484344.0,484344.0,484344.0,484344.0,484344.0,484344.0,484344.0,484344.0,484344.0,484344.0,484344.0,484344.0,484344.0,484344.0,484344.0,484344.0,484344.0,484344.0,484344.0,484344.0,484344.0,484344.0,484344.0,484344.0,484344.0,484344.0,484344.0,484344.0,484344.0,484344.0,484344.0,484344.0,484344.0,484344.0,484344.0,484344.0,484344.0,484344.0,484344.0,484344.0,484344.0,484344.0,484344.0,484344.0,484344.0,484344.0,484344.0,484344.0,484344.0,484344.0,484344.0,484344.0
2003-08-01,477631,477631,477631,477631,477631,477631,477631,477631,477631,477631,477631,477631,485986,485986,485986,485986,485986,485986,485986,485986,485986,485986,485986,485986,485986,487801,487801,487801,487801,487801,487801,487801,487801,487801,487801,487801,487801,487697,487697,487697,487697,487697,487697,487697,487697,487697,487697,487697,487697,487697,488085,488085,488085,488085,488085,488085,488085,488085,488085,488085,488085,488085,488236,488236,488236,488236,488236,488236,488236,488236,488236,488236,488236,488236,487856,487856,487856,487856,487856,487856,487856,487856,487856,487856,487856,487856,487222.0,487222.0,487222.0,487222.0,487222.0,487222.0,487222.0,487222.0,487222.0,487222.0,487222.0,487222.0,486954.0,486954.0,486954.0,486954.0,486954.0,486954.0,486954.0,486954.0,486954.0,486954.0,486954.0,486954.0,486954.0,486954.0,486954.0,486954.0,486954.0,486954.0,486954.0,486954.0,486954.0,486954.0,486954.0,486954.0,486954.0,486954.0,486954.0,486954.0,486954.0,486954.0,486954.0,486954.0,486954.0,486954.0,486954.0,486954.0,486954.0,486954.0,486954.0,486954.0,486954.0,486954.0,486954.0,486954.0,486954.0,486954.0,486954.0,486954.0,486954.0,486954.0,486954.0,486954.0,486954.0,486954.0,486954.0,486954.0,486954.0,486954.0,486954.0,486954.0,486954.0,486954.0,486954.0,486954.0,486954.0,486954.0,486954.0,486954.0,486954.0,486954.0,486954.0,486954.0,486954.0,486954.0,486954.0,486954.0,486954.0,486954.0,486954.0,486954.0,486954.0,486954.0,486954.0,486954.0,486954.0,486954.0,486954.0,486954.0,486954.0,486954.0
2003-09-01,478511,478511,478511,478511,478511,478511,478511,478511,478511,478511,478511,478511,487439,487439,487439,487439,487439,487439,487439,487439,487439,487439,487439,487439,487439,489408,489408,489408,489408,489408,489408,489408,489408,489408,489408,489408,489408,489251,489251,489251,489251,489251,489251,489251,489251,489251,489251,489251,489251,489251,489772,489772,489772,489772,489772,489772,489772,489772,489772,489772,489772,489772,489887,489887,489887,489887,489887,489887,489887,489887,489887,489887,489887,489887,489299,489299,489299,489299,489299,489299,489299,489299,489299,489299,489299,489299,488794.0,488794.0,488794.0,488794.0,488794.0,488794.0,488794.0,488794.0,488794.0,488794.0,488794.0,488794.0,489082.0,489082.0,489082.0,489082.0,489082.0,489082.0,489082.0,489082.0,489082.0,489082.0,489082.0,489082.0,489082.0,489082.0,489082.0,489082.0,489082.0,489082.0,489082.0,489082.0,489082.0,489082.0,489082.0,489082.0,489082.0,489082.0,489082.0,489082.0,489082.0,489082.0,489082.0,489082.0,489082.0,489082.0,489082.0,489082.0,489082.0,489082.0,489082.0,489082.0,489082.0,489082.0,489082.0,489082.0,489082.0,489082.0,489082.0,489082.0,489082.0,489082.0,489082.0,489082.0,489082.0,489082.0,489082.0,489082.0,489082.0,489082.0,489082.0,489082.0,489082.0,489082.0,489082.0,489082.0,489082.0,489082.0,489082.0,489082.0,489082.0,489082.0,489082.0,489082.0,489082.0,489082.0,489082.0,489082.0,489082.0,489082.0,489082.0,489082.0,489082.0,489082.0,489082.0,489082.0,489082.0,489082.0,489082.0,489082.0,489082.0,489082.0
2003-10-01,485098,485098,485098,485098,485098,485098,485098,485098,485098,485098,485098,485098,494264,494264,494264,494264,494264,494264,494264,494264,494264,494264,494264,494264,494264,496225,496225,496225,496225,496225,496225,496225,496225,496225,496225,496225,496225,496291,496291,496291,496291,496291,496291,496291,496291,496291,496291,496291,496291,496291,496527,496527,496527,496527,496527,496527,496527,496527,496527,496527,496527,496527,496568,496568,496568,496568,496568,496568,496568,496568,496568,496568,496568,496568,496501,496501,496501,496501,496501,496501,496501,496501,496501,496501,496501,496501,496357.0,496357.0,496357.0,496357.0,496357.0,496357.0,496357.0,496357.0,496357.0,496357.0,496357.0,496357.0,496707.0,496707.0,496707.0,496707.0,496707.0,496707.0,496707.0,496707.0,496707.0,496707.0,496707.0,496707.0,496707.0,496707.0,496707.0,496707.0,496707.0,496707.0,496707.0,496707.0,496707.0,496707.0,496707.0,496707.0,496707.0,496707.0,496707.0,496707.0,496707.0,496707.0,496707.0,496707.0,496707.0,496707.0,496707.0,496707.0,496707.0,496707.0,496707.0,496707.0,496707.0,496707.0,496707.0,496707.0,496707.0,496707.0,496707.0,496707.0,496707.0,496707.0,496707.0,496707.0,496707.0,496707.0,496707.0,496707.0,496707.0,496707.0,496707.0,496707.0,496707.0,496707.0,496707.0,496707.0,496707.0,496707.0,496707.0,496707.0,496707.0,496707.0,496707.0,496707.0,496707.0,496707.0,496707.0,496707.0,496707.0,496707.0,496707.0,496707.0,496707.0,496707.0,496707.0,496707.0,496707.0,496707.0,496707.0,496707.0,496707.0,496707.0
2003-11-01,489362,489362,489362,489362,489362,489362,489362,489362,489362,489362,489362,489362,499045,499045,499045,499045,499045,499045,499045,499045,499045,499045,499045,499045,499045,501064,501064,501064,501064,501064,501064,501064,501064,501064,501064,501064,501064,501038,501038,501038,501038,501038,501038,501038,501038,501038,501038,501038,501038,501038,501250,501250,501250,501250,501250,501250,501250,501250,501250,501250,501250,501250,501428,501428,501428,501428,501428,501428,501428,501428,501428,501428,501428,501428,501387,501387,501387,501387,501387,501387,501387,501387,501387,501387,501387,501387,500386.0,500386.0,500386.0,500386.0,500386.0,500386.0,500386.0,500386.0,500386.0,500386.0,500386.0,500386.0,500875.0,500875.0,500875.0,500875.0,500875.0,500875.0,500875.0,500875.0,500875.0,500875.0,500875.0,500875.0,500875.0,500875.0,500875.0,500875.0,500875.0,500875.0,500875.0,500875.0,500875.0,500875.0,500875.0,500875.0,500875.0,500875.0,500875.0,500875.0,500875.0,500875.0,500875.0,500875.0,500875.0,500875.0,500875.0,500875.0,500875.0,500875.0,500875.0,500875.0,500875.0,500875.0,500875.0,500875.0,500875.0,500875.0,500875.0,500875.0,500875.0,500875.0,500875.0,500875.0,500875.0,500875.0,500875.0,500875.0,500875.0,500875.0,500875.0,500875.0,500875.0,500875.0,500875.0,500875.0,500875.0,500875.0,500875.0,500875.0,500875.0,500875.0,500875.0,500875.0,500875.0,500875.0,500875.0,500875.0,500875.0,500875.0,500875.0,500875.0,500875.0,500875.0,500875.0,500875.0,500875.0,500875.0,500875.0,500875.0,500875.0,500875.0
2003-12-01,494444,494444,494444,494444,494444,494444,494444,494444,494444,494444,494444,494444,504274,504274,504274,504274,504274,504274,504274,504274,504274,504274,504274,504274,504274,506462,506462,506462,506462,506462,506462,506462,506462,506462,506462,506462,506462,506458,506458,506458,506458,506458,506458,506458,506458,506458,506458,506458,506458,506458,506510,506510,506510,506510,506510,506510,506510,506510,506510,506510,506510,506510,506688,506688,506688,506688,506688,506688,506688,506688,506688,506688,506688,506688,506254,506254,506254,506254,506254,506254,506254,506254,506254,506254,506254,506254,506395.0,506395.0,506395.0,506395.0,506395.0,506395.0,506395.0,506395.0,506395.0,506395.0,506395.0,506395.0,506423.0,506423.0,506423.0,506423.0,506423.0,506423.0,506423.0,506423.0,506423.0,506423.0,506423.0,506423.0,506423.0,506423.0,506423.0,506423.0,506423.0,506423.0,506423.0,506423.0,506423.0,506423.0,506423.0,506423.0,506423.0,506423.0,506423.0,506423.0,506423.0,506423.0,506423.0,506423.0,506423.0,506423.0,506423.0,506423.0,506423.0,506423.0,506423.0,506423.0,506423.0,506423.0,506423.0,506423.0,506423.0,506423.0,506423.0,506423.0,506423.0,506423.0,506423.0,506423.0,506423.0,506423.0,506423.0,506423.0,506423.0,506423.0,506423.0,506423.0,506423.0,506423.0,506423.0,506423.0,506423.0,506423.0,506423.0,506423.0,506423.0,506423.0,506423.0,506423.0,506423.0,506423.0,506423.0,506423.0,506423.0,506423.0,506423.0,506423.0,506423.0,506423.0,506423.0,506423.0,506423.0,506423.0,506423.0,506423.0,506423.0,506423.0
2004-01-01,496130,496130,496130,496130,496130,496130,496130,496130,496130,496130,496130,496130,506493,506493,506493,506493,506493,506493,506493,506493,506493,506493,506493,506493,506493,508936,508936,508936,508936,508936,508936,508936,508936,508936,508936,508936,508936,509089,509089,509089,509089,509089,509089,509089,509089,509089,509089,509089,509089,509089,509425,509425,509425,509425,509425,509425,509425,509425,509425,509425,509425,509425,509595,509595,509595,509595,509595,509595,509595,509595,509595,509595,509595,509595,509406,509406,509406,509406,509406,509406,509406,509406,509406,509406,509406,509406,510058.0,510058.0,510058.0,510058.0,510058.0,510058.0,510058.0,510058.0,510058.0,510058.0,510058.0,510058.0,510186.0,510186.0,510186.0,510186.0,510186.0,510186.0,510186.0,510186.0,510186.0,510186.0,510186.0,510186.0,510186.0,510186.0,510186.0,510186.0,510186.0,510186.0,510186.0,510186.0,510186.0,510186.0,510186.0,510186.0,510186.0,510186.0,510186.0,510186.0,510186.0,510186.0,510186.0,510186.0,510186.0,510186.0,510186.0,510186.0,510186.0,510186.0,510186.0,510186.0,510186.0,510186.0,510186.0,510186.0,510186.0,510186.0,510186.0,510186.0,510186.0,510186.0,510186.0,510186.0,510186.0,510186.0,510186.0,510186.0,510186.0,510186.0,510186.0,510186.0,510186.0,510186.0,510186.0,510186.0,510186.0,510186.0,510186.0,510186.0,510186.0,510186.0,510186.0,510186.0,510186.0,510186.0,510186.0,510186.0,510186.0,510186.0,510186.0,510186.0,510186.0,510186.0,510186.0,510186.0,510186.0,510186.0,510186.0,510186.0,510186.0,510186.0
2004-02-01,499762,499762,499762,499762,499762,499762,499762,499762,499762,499762,499762,499762,510778,510778,510778,510778,510778,510778,510778,510778,510778,510778,510778,510778,510778,513199,513199,513199,513199,513199,513199,513199,513199,513199,513199,513199,513199,513313,513313,513313,513313,513313,513313,513313,513313,513313,513313,513313,513313,513313,513565,513565,513565,513565,513565,513565,513565,513565,513565,513565,513565,513565,513703,513703,513703,513703,513703,513703,513703,513703,513703,513703,513703,513703,514106,514106,514106,514106,514106,514106,514106,514106,514106,514106,514106,514106,514295.0,514295.0,514295.0,514295.0,514295.0,514295.0,514295.0,514295.0,514295.0,514295.0,514295.0,514295.0,514772.0,514772.0,514772.0,514772.0,514772.0,514772.0,514772.0,514772.0,514772.0,514772.0,514772.0,514772.0,514772.0,514772.0,514772.0,514772.0,514772.0,514772.0,514772.0,514772.0,514772.0,514772.0,514772.0,514772.0,514772.0,514772.0,514772.0,514772.0,514772.0,514772.0,514772.0,514772.0,514772.0,514772.0,514772.0,514772.0,514772.0,514772.0,514772.0,514772.0,514772.0,514772.0,514772.0,514772.0,514772.0,514772.0,514772.0,514772.0,514772.0,514772.0,514772.0,514772.0,514772.0,514772.0,514772.0,514772.0,514772.0,514772.0,514772.0,514772.0,514772.0,514772.0,514772.0,514772.0,514772.0,514772.0,514772.0,514772.0,514772.0,514772.0,514772.0,514772.0,514772.0,514772.0,514772.0,514772.0,514772.0,514772.0,514772.0,514772.0,514772.0,514772.0,514772.0,514772.0,514772.0,514772.0,514772.0,514772.0,514772.0,514772.0
2004-03-01,507061,507061,507061,507061,507061,507061,507061,507061,507061,507061,507061,507061,519277,519277,519277,519277,519277,519277,519277,519277,519277,519277,519277,519277,519277,521689,521689,521689,521689,521689,521689,521689,521689,521689,521689,521689,521689,521732,521732,521732,521732,521732,521732,521732,521732,521732,521732,521732,521732,521732,521953,521953,521953,521953,521953,521953,521953,521953,521953,521953,521953,521953,522167,522167,522167,522167,522167,522167,522167,522167,522167,522167,522167,522167,522189,522189,522189,522189,522189,522189,522189,522189,522189,522189,522189,522189,522747.0,522747.0,522747.0,522747.0,522747.0,522747.0,522747.0,522747.0,522747.0,522747.0,522747.0,522747.0,522529.0,522529.0,522529.0,522529.0,522529.0,522529.0,522529.0,522529.0,522529.0,522529.0,522529.0,522529.0,522529.0,522529.0,522529.0,522529.0,522529.0,522529.0,522529.0,522529.0,522529.0,522529.0,522529.0,522529.0,522529.0,522529.0,522529.0,522529.0,522529.0,522529.0,522529.0,522529.0,522529.0,522529.0,522529.0,522529.0,522529.0,522529.0,522529.0,522529.0,522529.0,522529.0,522529.0,522529.0,522529.0,522529.0,522529.0,522529.0,522529.0,522529.0,522529.0,522529.0,522529.0,522529.0,522529.0,522529.0,522529.0,522529.0,522529.0,522529.0,522529.0,522529.0,522529.0,522529.0,522529.0,522529.0,522529.0,522529.0,522529.0,522529.0,522529.0,522529.0,522529.0,522529.0,522529.0,522529.0,522529.0,522529.0,522529.0,522529.0,522529.0,522529.0,522529.0,522529.0,522529.0,522529.0,522529.0,522529.0,522529.0,522529.0
2004-04-01,510819,510819,510819,510819,510819,510819,510819,510819,510819,510819,510819,510819,523689,523689,523689,523689,523689,523689,523689,523689,523689,523689,523689,523689,523689,526033,526033,526033,526033,526033,526033,526033,526033,526033,526033,526033,526033,526154,526154,526154,526154,526154,526154,526154,526154,526154,526154,526154,526154,526154,526292,526292,526292,526292,526292,526292,526292,526292,526292,526292,526292,526292,526494,526494,526494,526494,526494,526494,526494,526494,526494,526494,526494,526494,526842,526842,526842,526842,526842,526842,526842,526842,526842,526842,526842,526842,527235.0,527235.0,527235.0,527235.0,527235.0,527235.0,527235.0,527235.0,527235.0,527235.0,527235.0,527235.0,527165.0,527165.0,527165.0,527165.0,527165.0,527165.0,527165.0,527165.0,527165.0,527165.0,527165.0,527165.0,527165.0,527165.0,527165.0,527165.0,527165.0,527165.0,527165.0,527165.0,527165.0,527165.0,527165.0,527165.0,527165.0,527165.0,527165.0,527165.0,527165.0,527165.0,527165.0,527165.0,527165.0,527165.0,527165.0,527165.0,527165.0,527165.0,527165.0,527165.0,527165.0,527165.0,527165.0,527165.0,527165.0,527165.0,527165.0,527165.0,527165.0,527165.0,527165.0,527165.0,527165.0,527165.0,527165.0,527165.0,527165.0,527165.0,527165.0,527165.0,527165.0,527165.0,527165.0,527165.0,527165.0,527165.0,527165.0,527165.0,527165.0,527165.0,527165.0,527165.0,527165.0,527165.0,527165.0,527165.0,527165.0,527165.0,527165.0,527165.0,527165.0,527165.0,527165.0,527165.0,527165.0,527165.0,527165.0,527165.0,527165.0,527165.0
2004-05-01,514902,514902,514902,514902,514902,514902,514902,514902,514902,514902,514902,514902,527965,527965,527965,527965,527965,527965,527965,527965,527965,527965,527965,527965,527965,530197,530197,530197,530197,530197,530197,530197,530197,530197,530197,530197,530197,530145,530145,530145,530145,530145,530145,530145,530145,530145,530145,530145,530145,530145,530253,530253,530253,530253,530253,530253,530253,530253,530253,530253,530253,530253,530497,530497,530497,530497,530497,530497,530497,530497,530497,530497,530497,530497,530638,530638,530638,530638,530638,530638,530638,530638,530638,530638,530638,530638,531081.0,531081.0,531081.0,531081.0,531081.0,531081.0,531081.0,531081.0,531081.0,531081.0,531081.0,531081.0,531048.0,531048.0,531048.0,531048.0,531048.0,531048.0,531048.0,531048.0,531048.0,531048.0,531048.0,531048.0,531048.0,531048.0,531048.0,531048.0,531048.0,531048.0,531048.0,531048.0,531048.0,531048.0,531048.0,531048.0,531048.0,531048.0,531048.0,531048.0,531048.0,531048.0,531048.0,531048.0,531048.0,531048.0,531048.0,531048.0,531048.0,531048.0,531048.0,531048.0,531048.0,531048.0,531048.0,531048.0,531048.0,531048.0,531048.0,531048.0,531048.0,531048.0,531048.0,531048.0,531048.0,531048.0,531048.0,531048.0,531048.0,531048.0,531048.0,531048.0,531048.0,531048.0,531048.0,531048.0,531048.0,531048.0,531048.0,531048.0,531048.0,531048.0,531048.0,531048.0,531048.0,531048.0,531048.0,531048.0,531048.0,531048.0,531048.0,531048.0,531048.0,531048.0,531048.0,531048.0,531048.0,531048.0,531048.0,531048.0,531048.0,531048.0
2004-06-01,517972,517972,517972,517972,517972,517972,517972,517972,517972,517972,517972,517972,531940,531940,531940,531940,531940,531940,531940,531940,531940,531940,531940,531940,531940,534567,534567,534567,534567,534567,534567,534567,534567,534567,534567,534567,534567,534480,534480,534480,534480,534480,534480,534480,534480,534480,534480,534480,534480,534480,534677,534677,534677,534677,534677,534677,534677,534677,534677,534677,534677,534677,535079,535079,535079,535079,535079,535079,535079,535079,535079,535079,535079,535079,534989,534989,534989,534989,534989,534989,534989,534989,534989,534989,534989,534989,535712.0,535712.0,535712.0,535712.0,535712.0,535712.0,535712.0,535712.0,535712.0,535712.0,535712.0,535712.0,535482.0,535482.0,535482.0,535482.0,535482.0,535482.0,535482.0,535482.0,535482.0,535482.0,535482.0,535482.0,535482.0,535482.0,535482.0,535482.0,535482.0,535482.0,535482.0,535482.0,535482.0,535482.0,535482.0,535482.0,535482.0,535482.0,535482.0,535482.0,535482.0,535482.0,535482.0,535482.0,535482.0,535482.0,535482.0,535482.0,535482.0,535482.0,535482.0,535482.0,535482.0,535482.0,535482.0,535482.0,535482.0,535482.0,535482.0,535482.0,535482.0,535482.0,535482.0,535482.0,535482.0,535482.0,535482.0,535482.0,535482.0,535482.0,535482.0,535482.0,535482.0,535482.0,535482.0,535482.0,535482.0,535482.0,535482.0,535482.0,535482.0,535482.0,535482.0,535482.0,535482.0,535482.0,535482.0,535482.0,535482.0,535482.0,535482.0,535482.0,535482.0,535482.0,535482.0,535482.0,535482.0,535482.0,535482.0,535482.0,535482.0,535482.0
2004-07-01,526163,526163,526163,526163,526163,526163,526163,526163,526163,526163,526163,526163,539718,539718,539718,539718,539718,539718,539718,539718,539718,539718,539718,539718,539718,542644,542644,542644,542644,542644,542644,542644,542644,542644,542644,542644,542644,542617,542617,542617,542617,542617,542617,542617,542617,542617,542617,542617,542617,542617,542832,542832,542832,542832,542832,542832,542832,542832,542832,542832,542832,542832,543071,543071,543071,543071,543071,543071,543071,543071,543071,543071,543071,543071,543472,543472,543472,543472,543472,543472,543472,543472,543472,543472,543472,543472,542942.0,542942.0,542942.0,542942.0,542942.0,542942.0,542942.0,542942.0,542942.0,542942.0,542942.0,542942.0,543311.0,543311.0,543311.0,543311.0,543311.0,543311.0,543311.0,543311.0,543311.0,543311.0,543311.0,543311.0,543311.0,543311.0,543311.0,543311.0,543311.0,543311.0,543311.0,543311.0,543311.0,543311.0,543311.0,543311.0,543311.0,543311.0,543311.0,543311.0,543311.0,543311.0,543311.0,543311.0,543311.0,543311.0,543311.0,543311.0,543311.0,543311.0,543311.0,543311.0,543311.0,543311.0,543311.0,543311.0,543311.0,543311.0,543311.0,543311.0,543311.0,543311.0,543311.0,543311.0,543311.0,543311.0,543311.0,543311.0,543311.0,543311.0,543311.0,543311.0,543311.0,543311.0,543311.0,543311.0,543311.0,543311.0,543311.0,543311.0,543311.0,543311.0,543311.0,543311.0,543311.0,543311.0,543311.0,543311.0,543311.0,543311.0,543311.0,543311.0,543311.0,543311.0,543311.0,543311.0,543311.0,543311.0,543311.0,543311.0,543311.0,543311.0
2004-08-01,527618,527618,527618,527618,527618,527618,527618,527618,527618,527618,527618,527618,541169,541169,541169,541169,541169,541169,541169,541169,541169,541169,541169,541169,541169,544391,544391,544391,544391,544391,544391,544391,544391,544391,544391,544391,544391,544275,544275,544275,544275,544275,544275,544275,544275,544275,544275,544275,544275,544275,544742,544742,544742,544742,544742,544742,544742,544742,544742,544742,544742,544742,544940,544940,544940,544940,544940,544940,544940,544940,544940,544940,544940,544940,544762,544762,544762,544762,544762,544762,544762,544762,544762,544762,544762,544762,543771.0,543771.0,543771.0,543771.0,543771.0,543771.0,543771.0,543771.0,543771.0,543771.0,543771.0,543771.0,543542.0,543542.0,543542.0,543542.0,543542.0,543542.0,543542.0,543542.0,543542.0,543542.0,543542.0,543542.0,543542.0,543542.0,543542.0,543542.0,543542.0,543542.0,543542.0,543542.0,543542.0,543542.0,543542.0,543542.0,543542.0,543542.0,543542.0,543542.0,543542.0,543542.0,543542.0,543542.0,543542.0,543542.0,543542.0,543542.0,543542.0,543542.0,543542.0,543542.0,543542.0,543542.0,543542.0,543542.0,543542.0,543542.0,543542.0,543542.0,543542.0,543542.0,543542.0,543542.0,543542.0,543542.0,543542.0,543542.0,543542.0,543542.0,543542.0,543542.0,543542.0,543542.0,543542.0,543542.0,543542.0,543542.0,543542.0,543542.0,543542.0,543542.0,543542.0,543542.0,543542.0,543542.0,543542.0,543542.0,543542.0,543542.0,543542.0,543542.0,543542.0,543542.0,543542.0,543542.0,543542.0,543542.0,543542.0,543542.0,543542.0,543542.0
2004-09-01,530827,530827,530827,530827,530827,530827,530827,530827,530827,530827,530827,530827,545075,545075,545075,545075,545075,545075,545075,545075,545075,545075,545075,545075,545075,548131,548131,548131,548131,548131,548131,548131,548131,548131,548131,548131,548131,547928,547928,547928,547928,547928,547928,547928,547928,547928,547928,547928,547928,547928,548351,548351,548351,548351,548351,548351,548351,548351,548351,548351,548351,548351,548618,548618,548618,548618,548618,548618,548618,548618,548618,548618,548618,548618,548537,548537,548537,548537,548537,548537,548537,548537,548537,548537,548537,548537,547949.0,547949.0,547949.0,547949.0,547949.0,547949.0,547949.0,547949.0,547949.0,547949.0,547949.0,547949.0,548017.0,548017.0,548017.0,548017.0,548017.0,548017.0,548017.0,548017.0,548017.0,548017.0,548017.0,548017.0,548017.0,548017.0,548017.0,548017.0,548017.0,548017.0,548017.0,548017.0,548017.0,548017.0,548017.0,548017.0,548017.0,548017.0,548017.0,548017.0,548017.0,548017.0,548017.0,548017.0,548017.0,548017.0,548017.0,548017.0,548017.0,548017.0,548017.0,548017.0,548017.0,548017.0,548017.0,548017.0,548017.0,548017.0,548017.0,548017.0,548017.0,548017.0,548017.0,548017.0,548017.0,548017.0,548017.0,548017.0,548017.0,548017.0,548017.0,548017.0,548017.0,548017.0,548017.0,548017.0,548017.0,548017.0,548017.0,548017.0,548017.0,548017.0,548017.0,548017.0,548017.0,548017.0,548017.0,548017.0,548017.0,548017.0,548017.0,548017.0,548017.0,548017.0,548017.0,548017.0,548017.0,548017.0,548017.0,548017.0,548017.0,548017.0
2004-10-01,531060,531060,531060,531060,531060,531060,531060,531060,531060,531060,531060,531060,545382,545382,545382,545382,545382,545382,545382,545382,545382,545382,545382,545382,545382,548204,548204,548204,548204,548204,548204,548204,548204,548204,548204,548204,548204,548294,548294,548294,548294,548294,548294,548294,548294,548294,548294,548294,548294,548294,548596,548596,548596,548596,548596,548596,548596,548596,548596,548596,548596,548596,548651,548651,548651,548651,548651,548651,548651,548651,548651,548651,548651,548651,548499,548499,548499,548499,548499,548499,548499,548499,548499,548499,548499,548499,547909.0,547909.0,547909.0,547909.0,547909.0,547909.0,547909.0,547909.0,547909.0,547909.0,547909.0,547909.0,547928.0,547928.0,547928.0,547928.0,547928.0,547928.0,547928.0,547928.0,547928.0,547928.0,547928.0,547928.0,547928.0,547928.0,547928.0,547928.0,547928.0,547928.0,547928.0,547928.0,547928.0,547928.0,547928.0,547928.0,547928.0,547928.0,547928.0,547928.0,547928.0,547928.0,547928.0,547928.0,547928.0,547928.0,547928.0,547928.0,547928.0,547928.0,547928.0,547928.0,547928.0,547928.0,547928.0,547928.0,547928.0,547928.0,547928.0,547928.0,547928.0,547928.0,547928.0,547928.0,547928.0,547928.0,547928.0,547928.0,547928.0,547928.0,547928.0,547928.0,547928.0,547928.0,547928.0,547928.0,547928.0,547928.0,547928.0,547928.0,547928.0,547928.0,547928.0,547928.0,547928.0,547928.0,547928.0,547928.0,547928.0,547928.0,547928.0,547928.0,547928.0,547928.0,547928.0,547928.0,547928.0,547928.0,547928.0,547928.0,547928.0,547928.0
2004-11-01,538122,538122,538122,538122,538122,538122,538122,538122,538122,538122,538122,538122,552812,552812,552812,552812,552812,552812,552812,552812,552812,552812,552812,552812,552812,555558,555558,555558,555558,555558,555558,555558,555558,555558,555558,555558,555558,555616,555616,555616,555616,555616,555616,555616,555616,555616,555616,555616,555616,555616,555993,555993,555993,555993,555993,555993,555993,555993,555993,555993,555993,555993,556165,556165,556165,556165,556165,556165,556165,556165,556165,556165,556165,556165,555882,555882,555882,555882,555882,555882,555882,555882,555882,555882,555882,555882,554715.0,554715.0,554715.0,554715.0,554715.0,554715.0,554715.0,554715.0,554715.0,554715.0,554715.0,554715.0,554750.0,554750.0,554750.0,554750.0,554750.0,554750.0,554750.0,554750.0,554750.0,554750.0,554750.0,554750.0,554750.0,554750.0,554750.0,554750.0,554750.0,554750.0,554750.0,554750.0,554750.0,554750.0,554750.0,554750.0,554750.0,554750.0,554750.0,554750.0,554750.0,554750.0,554750.0,554750.0,554750.0,554750.0,554750.0,554750.0,554750.0,554750.0,554750.0,554750.0,554750.0,554750.0,554750.0,554750.0,554750.0,554750.0,554750.0,554750.0,554750.0,554750.0,554750.0,554750.0,554750.0,554750.0,554750.0,554750.0,554750.0,554750.0,554750.0,554750.0,554750.0,554750.0,554750.0,554750.0,554750.0,554750.0,554750.0,554750.0,554750.0,554750.0,554750.0,554750.0,554750.0,554750.0,554750.0,554750.0,554750.0,554750.0,554750.0,554750.0,554750.0,554750.0,554750.0,554750.0,554750.0,554750.0,554750.0,554750.0,554750.0,554750.0
2004-12-01,541253,541253,541253,541253,541253,541253,541253,541253,541253,541253,541253,541253,556110,556110,556110,556110,556110,556110,556110,556110,556110,556110,556110,556110,556110,558692,558692,558692,558692,558692,558692,558692,558692,558692,558692,558692,558692,558635,558635,558635,558635,558635,558635,558635,558635,558635,558635,558635,558635,558635,558720,558720,558720,558720,558720,558720,558720,558720,558720,558720,558720,558720,558947,558947,558947,558947,558947,558947,558947,558947,558947,558947,558947,558947,558872,558872,558872,558872,558872,558872,558872,558872,558872,558872,558872,558872,558625.0,558625.0,558625.0,558625.0,558625.0,558625.0,558625.0,558625.0,558625.0,558625.0,558625.0,558625.0,558457.0,558457.0,558457.0,558457.0,558457.0,558457.0,558457.0,558457.0,558457.0,558457.0,558457.0,558457.0,558457.0,558457.0,558457.0,558457.0,558457.0,558457.0,558457.0,558457.0,558457.0,558457.0,558457.0,558457.0,558457.0,558457.0,558457.0,558457.0,558457.0,558457.0,558457.0,558457.0,558457.0,558457.0,558457.0,558457.0,558457.0,558457.0,558457.0,558457.0,558457.0,558457.0,558457.0,558457.0,558457.0,558457.0,558457.0,558457.0,558457.0,558457.0,558457.0,558457.0,558457.0,558457.0,558457.0,558457.0,558457.0,558457.0,558457.0,558457.0,558457.0,558457.0,558457.0,558457.0,558457.0,558457.0,558457.0,558457.0,558457.0,558457.0,558457.0,558457.0,558457.0,558457.0,558457.0,558457.0,558457.0,558457.0,558457.0,558457.0,558457.0,558457.0,558457.0,558457.0,558457.0,558457.0,558457.0,558457.0,558457.0,558457.0
2005-01-01,540729,540729,540729,540729,540729,540729,540729,540729,540729,540729,540729,540729,556536,556536,556536,556536,556536,556536,556536,556536,556536,556536,556536,556536,556536,559074,559074,559074,559074,559074,559074,559074,559074,559074,559074,559074,559074,559108,559108,559108,559108,559108,559108,559108,559108,559108,559108,559108,559108,559108,559268,559268,559268,559268,559268,559268,559268,559268,559268,559268,559268,559268,559414,559414,559414,559414,559414,559414,559414,559414,559414,559414,559414,559414,559509,559509,559509,559509,559509,559509,559509,559509,559509,559509,559509,559509,559875.0,559875.0,559875.0,559875.0,559875.0,559875.0,559875.0,559875.0,559875.0,559875.0,559875.0,559875.0,559852.0,559852.0,559852.0,559852.0,559852.0,559852.0,559852.0,559852.0,559852.0,559852.0,559852.0,559852.0,559852.0,559852.0,559852.0,559852.0,559852.0,559852.0,559852.0,559852.0,559852.0,559852.0,559852.0,559852.0,559852.0,559852.0,559852.0,559852.0,559852.0,559852.0,559852.0,559852.0,559852.0,559852.0,559852.0,559852.0,559852.0,559852.0,559852.0,559852.0,559852.0,559852.0,559852.0,559852.0,559852.0,559852.0,559852.0,559852.0,559852.0,559852.0,559852.0,559852.0,559852.0,559852.0,559852.0,559852.0,559852.0,559852.0,559852.0,559852.0,559852.0,559852.0,559852.0,559852.0,559852.0,559852.0,559852.0,559852.0,559852.0,559852.0,559852.0,559852.0,559852.0,559852.0,559852.0,559852.0,559852.0,559852.0,559852.0,559852.0,559852.0,559852.0,559852.0,559852.0,559852.0,559852.0,559852.0,559852.0,559852.0,559852.0
2005-02-01,543736,543736,543736,543736,543736,543736,543736,543736,543736,543736,543736,543736,560407,560407,560407,560407,560407,560407,560407,560407,560407,560407,560407,560407,560407,562704,562704,562704,562704,562704,562704,562704,562704,562704,562704,562704,562704,562767,562767,562767,562767,562767,562767,562767,562767,562767,562767,562767,562767,562767,562947,562947,562947,562947,562947,562947,562947,562947,562947,562947,562947,562947,563127,563127,563127,563127,563127,563127,563127,563127,563127,563127,563127,563127,563428,563428,563428,563428,563428,563428,563428,563428,563428,563428,563428,563428,564604.0,564604.0,564604.0,564604.0,564604.0,564604.0,564604.0,564604.0,564604.0,564604.0,564604.0,564604.0,564784.0,564784.0,564784.0,564784.0,564784.0,564784.0,564784.0,564784.0,564784.0,564784.0,564784.0,564784.0,564784.0,564784.0,564784.0,564784.0,564784.0,564784.0,564784.0,564784.0,564784.0,564784.0,564784.0,564784.0,564784.0,564784.0,564784.0,564784.0,564784.0,564784.0,564784.0,564784.0,564784.0,564784.0,564784.0,564784.0,564784.0,564784.0,564784.0,564784.0,564784.0,564784.0,564784.0,564784.0,564784.0,564784.0,564784.0,564784.0,564784.0,564784.0,564784.0,564784.0,564784.0,564784.0,564784.0,564784.0,564784.0,564784.0,564784.0,564784.0,564784.0,564784.0,564784.0,564784.0,564784.0,564784.0,564784.0,564784.0,564784.0,564784.0,564784.0,564784.0,564784.0,564784.0,564784.0,564784.0,564784.0,564784.0,564784.0,564784.0,564784.0,564784.0,564784.0,564784.0,564784.0,564784.0,564784.0,564784.0,564784.0,564784.0
2005-03-01,541648,541648,541648,541648,541648,541648,541648,541648,541648,541648,541648,541648,558636,558636,558636,558636,558636,558636,558636,558636,558636,558636,558636,558636,558636,560963,560963,560963,560963,560963,560963,560963,560963,560963,560963,560963,560963,560952,560952,560952,560952,560952,560952,560952,560952,560952,560952,560952,560952,560952,561213,561213,561213,561213,561213,561213,561213,561213,561213,561213,561213,561213,561468,561468,561468,561468,561468,561468,561468,561468,561468,561468,561468,561468,561405,561405,561405,561405,561405,561405,561405,561405,561405,561405,561405,561405,562475.0,562475.0,562475.0,562475.0,562475.0,562475.0,562475.0,562475.0,562475.0,562475.0,562475.0,562475.0,562236.0,562236.0,562236.0,562236.0,562236.0,562236.0,562236.0,562236.0,562236.0,562236.0,562236.0,562236.0,562236.0,562236.0,562236.0,562236.0,562236.0,562236.0,562236.0,562236.0,562236.0,562236.0,562236.0,562236.0,562236.0,562236.0,562236.0,562236.0,562236.0,562236.0,562236.0,562236.0,562236.0,562236.0,562236.0,562236.0,562236.0,562236.0,562236.0,562236.0,562236.0,562236.0,562236.0,562236.0,562236.0,562236.0,562236.0,562236.0,562236.0,562236.0,562236.0,562236.0,562236.0,562236.0,562236.0,562236.0,562236.0,562236.0,562236.0,562236.0,562236.0,562236.0,562236.0,562236.0,562236.0,562236.0,562236.0,562236.0,562236.0,562236.0,562236.0,562236.0,562236.0,562236.0,562236.0,562236.0,562236.0,562236.0,562236.0,562236.0,562236.0,562236.0,562236.0,562236.0,562236.0,562236.0,562236.0,562236.0,562236.0,562236.0
2005-04-01,541212,541212,541212,541212,541212,541212,541212,541212,541212,541212,541212,541212,558245,558245,558245,558245,558245,558245,558245,558245,558245,558245,558245,558245,558245,560523,560523,560523,560523,560523,560523,560523,560523,560523,560523,560523,560523,560629,560629,560629,560629,560629,560629,560629,560629,560629,560629,560629,560629,560629,560803,560803,560803,560803,560803,560803,560803,560803,560803,560803,560803,560803,561008,561008,561008,561008,561008,561008,561008,561008,561008,561008,561008,561008,561010,561010,561010,561010,561010,561010,561010,561010,561010,561010,561010,561010,561777.0,561777.0,561777.0,561777.0,561777.0,561777.0,561777.0,561777.0,561777.0,561777.0,561777.0,561777.0,561491.0,561491.0,561491.0,561491.0,561491.0,561491.0,561491.0,561491.0,561491.0,561491.0,561491.0,561491.0,561491.0,561491.0,561491.0,561491.0,561491.0,561491.0,561491.0,561491.0,561491.0,561491.0,561491.0,561491.0,561491.0,561491.0,561491.0,561491.0,561491.0,561491.0,561491.0,561491.0,561491.0,561491.0,561491.0,561491.0,561491.0,561491.0,561491.0,561491.0,561491.0,561491.0,561491.0,561491.0,561491.0,561491.0,561491.0,561491.0,561491.0,561491.0,561491.0,561491.0,561491.0,561491.0,561491.0,561491.0,561491.0,561491.0,561491.0,561491.0,561491.0,561491.0,561491.0,561491.0,561491.0,561491.0,561491.0,561491.0,561491.0,561491.0,561491.0,561491.0,561491.0,561491.0,561491.0,561491.0,561491.0,561491.0,561491.0,561491.0,561491.0,561491.0,561491.0,561491.0,561491.0,561491.0,561491.0,561491.0,561491.0,561491.0
2005-05-01,553844,553844,553844,553844,553844,553844,553844,553844,553844,553844,553844,553844,571225,571225,571225,571225,571225,571225,571225,571225,571225,571225,571225,571225,571225,573502,573502,573502,573502,573502,573502,573502,573502,573502,573502,573502,573502,573583,573583,573583,573583,573583,573583,573583,573583,573583,573583,573583,573583,573583,573903,573903,573903,573903,573903,573903,573903,573903,573903,573903,573903,573903,574117,574117,574117,574117,574117,574117,574117,574117,574117,574117,574117,574117,573860,573860,573860,573860,573860,573860,573860,573860,573860,573860,573860,573860,574589.0,574589.0,574589.0,574589.0,574589.0,574589.0,574589.0,574589.0,574589.0,574589.0,574589.0,574589.0,574720.0,574720.0,574720.0,574720.0,574720.0,574720.0,574720.0,574720.0,574720.0,574720.0,574720.0,574720.0,574720.0,574720.0,574720.0,574720.0,574720.0,574720.0,574720.0,574720.0,574720.0,574720.0,574720.0,574720.0,574720.0,574720.0,574720.0,574720.0,574720.0,574720.0,574720.0,574720.0,574720.0,574720.0,574720.0,574720.0,574720.0,574720.0,574720.0,574720.0,574720.0,574720.0,574720.0,574720.0,574720.0,574720.0,574720.0,574720.0,574720.0,574720.0,574720.0,574720.0,574720.0,574720.0,574720.0,574720.0,574720.0,574720.0,574720.0,574720.0,574720.0,574720.0,574720.0,574720.0,574720.0,574720.0,574720.0,574720.0,574720.0,574720.0,574720.0,574720.0,574720.0,574720.0,574720.0,574720.0,574720.0,574720.0,574720.0,574720.0,574720.0,574720.0,574720.0,574720.0,574720.0,574720.0,574720.0,574720.0,574720.0,574720.0
2005-06-01,569615,569615,569615,569615,569615,569615,569615,569615,569615,569615,569615,569615,587586,587586,587586,587586,587586,587586,587586,587586,587586,587586,587586,587586,587586,589153,589153,589153,589153,589153,589153,589153,589153,589153,589153,589153,589153,589147,589147,589147,589147,589147,589147,589147,589147,589147,589147,589147,589147,589147,589365,589365,589365,589365,589365,589365,589365,589365,589365,589365,589365,589365,589745,589745,589745,589745,589745,589745,589745,589745,589745,589745,589745,589745,589838,589838,589838,589838,589838,589838,589838,589838,589838,589838,589838,589838,590679.0,590679.0,590679.0,590679.0,590679.0,590679.0,590679.0,590679.0,590679.0,590679.0,590679.0,590679.0,590937.0,590937.0,590937.0,590937.0,590937.0,590937.0,590937.0,590937.0,590937.0,590937.0,590937.0,590937.0,590937.0,590937.0,590937.0,590937.0,590937.0,590937.0,590937.0,590937.0,590937.0,590937.0,590937.0,590937.0,590937.0,590937.0,590937.0,590937.0,590937.0,590937.0,590937.0,590937.0,590937.0,590937.0,590937.0,590937.0,590937.0,590937.0,590937.0,590937.0,590937.0,590937.0,590937.0,590937.0,590937.0,590937.0,590937.0,590937.0,590937.0,590937.0,590937.0,590937.0,590937.0,590937.0,590937.0,590937.0,590937.0,590937.0,590937.0,590937.0,590937.0,590937.0,590937.0,590937.0,590937.0,590937.0,590937.0,590937.0,590937.0,590937.0,590937.0,590937.0,590937.0,590937.0,590937.0,590937.0,590937.0,590937.0,590937.0,590937.0,590937.0,590937.0,590937.0,590937.0,590937.0,590937.0,590937.0,590937.0,590937.0,590937.0
2005-07-01,575196,575196,575196,575196,575196,575196,575196,575196,575196,575196,575196,575196,593385,593385,593385,593385,593385,593385,593385,593385,593385,593385,593385,593385,593385,595212,595212,595212,595212,595212,595212,595212,595212,595212,595212,595212,595212,595202,595202,595202,595202,595202,595202,595202,595202,595202,595202,595202,595202,595202,595412,595412,595412,595412,595412,595412,595412,595412,595412,595412,595412,595412,595644,595644,595644,595644,595644,595644,595644,595644,595644,595644,595644,595644,595770,595770,595770,595770,595770,595770,595770,595770,595770,595770,595770,595770,594744.0,594744.0,594744.0,594744.0,594744.0,594744.0,594744.0,594744.0,594744.0,594744.0,594744.0,594744.0,594807.0,594807.0,594807.0,594807.0,594807.0,594807.0,594807.0,594807.0,594807.0,594807.0,594807.0,594807.0,594807.0,594807.0,594807.0,594807.0,594807.0,594807.0,594807.0,594807.0,594807.0,594807.0,594807.0,594807.0,594807.0,594807.0,594807.0,594807.0,594807.0,594807.0,594807.0,594807.0,594807.0,594807.0,594807.0,594807.0,594807.0,594807.0,594807.0,594807.0,594807.0,594807.0,594807.0,594807.0,594807.0,594807.0,594807.0,594807.0,594807.0,594807.0,594807.0,594807.0,594807.0,594807.0,594807.0,594807.0,594807.0,594807.0,594807.0,594807.0,594807.0,594807.0,594807.0,594807.0,594807.0,594807.0,594807.0,594807.0,594807.0,594807.0,594807.0,594807.0,594807.0,594807.0,594807.0,594807.0,594807.0,594807.0,594807.0,594807.0,594807.0,594807.0,594807.0,594807.0,594807.0,594807.0,594807.0,594807.0,594807.0,594807.0
2005-08-01,584087,584087,584087,584087,584087,584087,584087,584087,584087,584087,584087,584087,603603,603603,603603,603603,603603,603603,603603,603603,603603,603603,603603,603603,603603,605209,605209,605209,605209,605209,605209,605209,605209,605209,605209,605209,605209,605063,605063,605063,605063,605063,605063,605063,605063,605063,605063,605063,605063,605063,605503,605503,605503,605503,605503,605503,605503,605503,605503,605503,605503,605503,605581,605581,605581,605581,605581,605581,605581,605581,605581,605581,605581,605581,605600,605600,605600,605600,605600,605600,605600,605600,605600,605600,605600,605600,604820.0,604820.0,604820.0,604820.0,604820.0,604820.0,604820.0,604820.0,604820.0,604820.0,604820.0,604820.0,604717.0,604717.0,604717.0,604717.0,604717.0,604717.0,604717.0,604717.0,604717.0,604717.0,604717.0,604717.0,604717.0,604717.0,604717.0,604717.0,604717.0,604717.0,604717.0,604717.0,604717.0,604717.0,604717.0,604717.0,604717.0,604717.0,604717.0,604717.0,604717.0,604717.0,604717.0,604717.0,604717.0,604717.0,604717.0,604717.0,604717.0,604717.0,604717.0,604717.0,604717.0,604717.0,604717.0,604717.0,604717.0,604717.0,604717.0,604717.0,604717.0,604717.0,604717.0,604717.0,604717.0,604717.0,604717.0,604717.0,604717.0,604717.0,604717.0,604717.0,604717.0,604717.0,604717.0,604717.0,604717.0,604717.0,604717.0,604717.0,604717.0,604717.0,604717.0,604717.0,604717.0,604717.0,604717.0,604717.0,604717.0,604717.0,604717.0,604717.0,604717.0,604717.0,604717.0,604717.0,604717.0,604717.0,604717.0,604717.0,604717.0,604717.0
2005-09-01,589372,589372,589372,589372,589372,589372,589372,589372,589372,589372,589372,589372,609411,609411,609411,609411,609411,609411,609411,609411,609411,609411,609411,609411,609411,611137,611137,611137,611137,611137,611137,611137,611137,611137,611137,611137,611137,611011,611011,611011,611011,611011,611011,611011,611011,611011,611011,611011,611011,611011,611517,611517,611517,611517,611517,611517,611517,611517,611517,611517,611517,611517,611648,611648,611648,611648,611648,611648,611648,611648,611648,611648,611648,611648,611589,611589,611589,611589,611589,611589,611589,611589,611589,611589,611589,611589,610761.0,610761.0,610761.0,610761.0,610761.0,610761.0,610761.0,610761.0,610761.0,610761.0,610761.0,610761.0,610942.0,610942.0,610942.0,610942.0,610942.0,610942.0,610942.0,610942.0,610942.0,610942.0,610942.0,610942.0,610942.0,610942.0,610942.0,610942.0,610942.0,610942.0,610942.0,610942.0,610942.0,610942.0,610942.0,610942.0,610942.0,610942.0,610942.0,610942.0,610942.0,610942.0,610942.0,610942.0,610942.0,610942.0,610942.0,610942.0,610942.0,610942.0,610942.0,610942.0,610942.0,610942.0,610942.0,610942.0,610942.0,610942.0,610942.0,610942.0,610942.0,610942.0,610942.0,610942.0,610942.0,610942.0,610942.0,610942.0,610942.0,610942.0,610942.0,610942.0,610942.0,610942.0,610942.0,610942.0,610942.0,610942.0,610942.0,610942.0,610942.0,610942.0,610942.0,610942.0,610942.0,610942.0,610942.0,610942.0,610942.0,610942.0,610942.0,610942.0,610942.0,610942.0,610942.0,610942.0,610942.0,610942.0,610942.0,610942.0,610942.0,610942.0
2005-10-01,597614,597614,597614,597614,597614,597614,597614,597614,597614,597614,597614,597614,618411,618411,618411,618411,618411,618411,618411,618411,618411,618411,618411,618411,618411,619772,619772,619772,619772,619772,619772,619772,619772,619772,619772,619772,619772,619724,619724,619724,619724,619724,619724,619724,619724,619724,619724,619724,619724,619724,619919,619919,619919,619919,619919,619919,619919,619919,619919,619919,619919,619919,619927,619927,619927,619927,619927,619927,619927,619927,619927,619927,619927,619927,620127,620127,620127,620127,620127,620127,620127,620127,620127,620127,620127,620127,619386.0,619386.0,619386.0,619386.0,619386.0,619386.0,619386.0,619386.0,619386.0,619386.0,619386.0,619386.0,619436.0,619436.0,619436.0,619436.0,619436.0,619436.0,619436.0,619436.0,619436.0,619436.0,619436.0,619436.0,619436.0,619436.0,619436.0,619436.0,619436.0,619436.0,619436.0,619436.0,619436.0,619436.0,619436.0,619436.0,619436.0,619436.0,619436.0,619436.0,619436.0,619436.0,619436.0,619436.0,619436.0,619436.0,619436.0,619436.0,619436.0,619436.0,619436.0,619436.0,619436.0,619436.0,619436.0,619436.0,619436.0,619436.0,619436.0,619436.0,619436.0,619436.0,619436.0,619436.0,619436.0,619436.0,619436.0,619436.0,619436.0,619436.0,619436.0,619436.0,619436.0,619436.0,619436.0,619436.0,619436.0,619436.0,619436.0,619436.0,619436.0,619436.0,619436.0,619436.0,619436.0,619436.0,619436.0,619436.0,619436.0,619436.0,619436.0,619436.0,619436.0,619436.0,619436.0,619436.0,619436.0,619436.0,619436.0,619436.0,619436.0,619436.0
2005-11-01,616680,616680,616680,616680,616680,616680,616680,616680,616680,616680,616680,616680,639504,639504,639504,639504,639504,639504,639504,639504,639504,639504,639504,639504,639504,640505,640505,640505,640505,640505,640505,640505,640505,640505,640505,640505,640505,640397,640397,640397,640397,640397,640397,640397,640397,640397,640397,640397,640397,640397,640747,640747,640747,640747,640747,640747,640747,640747,640747,640747,640747,640747,640858,640858,640858,640858,640858,640858,640858,640858,640858,640858,640858,640858,640691,640691,640691,640691,640691,640691,640691,640691,640691,640691,640691,640691,638859.0,638859.0,638859.0,638859.0,638859.0,638859.0,638859.0,638859.0,638859.0,638859.0,638859.0,638859.0,638462.0,638462.0,638462.0,638462.0,638462.0,638462.0,638462.0,638462.0,638462.0,638462.0,638462.0,638462.0,638462.0,638462.0,638462.0,638462.0,638462.0,638462.0,638462.0,638462.0,638462.0,638462.0,638462.0,638462.0,638462.0,638462.0,638462.0,638462.0,638462.0,638462.0,638462.0,638462.0,638462.0,638462.0,638462.0,638462.0,638462.0,638462.0,638462.0,638462.0,638462.0,638462.0,638462.0,638462.0,638462.0,638462.0,638462.0,638462.0,638462.0,638462.0,638462.0,638462.0,638462.0,638462.0,638462.0,638462.0,638462.0,638462.0,638462.0,638462.0,638462.0,638462.0,638462.0,638462.0,638462.0,638462.0,638462.0,638462.0,638462.0,638462.0,638462.0,638462.0,638462.0,638462.0,638462.0,638462.0,638462.0,638462.0,638462.0,638462.0,638462.0,638462.0,638462.0,638462.0,638462.0,638462.0,638462.0,638462.0,638462.0,638462.0
2005-12-01,629707,629707,629707,629707,629707,629707,629707,629707,629707,629707,629707,629707,653400,653400,653400,653400,653400,653400,653400,653400,653400,653400,653400,653400,653400,654513,654513,654513,654513,654513,654513,654513,654513,654513,654513,654513,654513,654438,654438,654438,654438,654438,654438,654438,654438,654438,654438,654438,654438,654438,654688,654688,654688,654688,654688,654688,654688,654688,654688,654688,654688,654688,654720,654720,654720,654720,654720,654720,654720,654720,654720,654720,654720,654720,654556,654556,654556,654556,654556,654556,654556,654556,654556,654556,654556,654556,653477.0,653477.0,653477.0,653477.0,653477.0,653477.0,653477.0,653477.0,653477.0,653477.0,653477.0,653477.0,653074.0,653074.0,653074.0,653074.0,653074.0,653074.0,653074.0,653074.0,653074.0,653074.0,653074.0,653074.0,653074.0,653074.0,653074.0,653074.0,653074.0,653074.0,653074.0,653074.0,653074.0,653074.0,653074.0,653074.0,653074.0,653074.0,653074.0,653074.0,653074.0,653074.0,653074.0,653074.0,653074.0,653074.0,653074.0,653074.0,653074.0,653074.0,653074.0,653074.0,653074.0,653074.0,653074.0,653074.0,653074.0,653074.0,653074.0,653074.0,653074.0,653074.0,653074.0,653074.0,653074.0,653074.0,653074.0,653074.0,653074.0,653074.0,653074.0,653074.0,653074.0,653074.0,653074.0,653074.0,653074.0,653074.0,653074.0,653074.0,653074.0,653074.0,653074.0,653074.0,653074.0,653074.0,653074.0,653074.0,653074.0,653074.0,653074.0,653074.0,653074.0,653074.0,653074.0,653074.0,653074.0,653074.0,653074.0,653074.0,653074.0,653074.0
2006-01-01,630406,630406,630406,630406,630406,630406,630406,630406,630406,630406,630406,630406,655887,655887,655887,655887,655887,655887,655887,655887,655887,655887,655887,655887,655887,656823,656823,656823,656823,656823,656823,656823,656823,656823,656823,656823,656823,656981,656981,656981,656981,656981,656981,656981,656981,656981,656981,656981,656981,656981,657312,657312,657312,657312,657312,657312,657312,657312,657312,657312,657312,657312,657266,657266,657266,657266,657266,657266,657266,657266,657266,657266,657266,657266,657138,657138,657138,657138,657138,657138,657138,657138,657138,657138,657138,657138,657236.0,657236.0,657236.0,657236.0,657236.0,657236.0,657236.0,657236.0,657236.0,657236.0,657236.0,657236.0,657114.0,657114.0,657114.0,657114.0,657114.0,657114.0,657114.0,657114.0,657114.0,657114.0,657114.0,657114.0,657114.0,657114.0,657114.0,657114.0,657114.0,657114.0,657114.0,657114.0,657114.0,657114.0,657114.0,657114.0,657114.0,657114.0,657114.0,657114.0,657114.0,657114.0,657114.0,657114.0,657114.0,657114.0,657114.0,657114.0,657114.0,657114.0,657114.0,657114.0,657114.0,657114.0,657114.0,657114.0,657114.0,657114.0,657114.0,657114.0,657114.0,657114.0,657114.0,657114.0,657114.0,657114.0,657114.0,657114.0,657114.0,657114.0,657114.0,657114.0,657114.0,657114.0,657114.0,657114.0,657114.0,657114.0,657114.0,657114.0,657114.0,657114.0,657114.0,657114.0,657114.0,657114.0,657114.0,657114.0,657114.0,657114.0,657114.0,657114.0,657114.0,657114.0,657114.0,657114.0,657114.0,657114.0,657114.0,657114.0,657114.0,657114.0
2006-02-01,639464,639464,639464,639464,639464,639464,639464,639464,639464,639464,639464,639464,666741,666741,666741,666741,666741,666741,666741,666741,666741,666741,666741,666741,666741,668125,668125,668125,668125,668125,668125,668125,668125,668125,668125,668125,668125,668273,668273,668273,668273,668273,668273,668273,668273,668273,668273,668273,668273,668273,668394,668394,668394,668394,668394,668394,668394,668394,668394,668394,668394,668394,668435,668435,668435,668435,668435,668435,668435,668435,668435,668435,668435,668435,668906,668906,668906,668906,668906,668906,668906,668906,668906,668906,668906,668906,670316.0,670316.0,670316.0,670316.0,670316.0,670316.0,670316.0,670316.0,670316.0,670316.0,670316.0,670316.0,670468.0,670468.0,670468.0,670468.0,670468.0,670468.0,670468.0,670468.0,670468.0,670468.0,670468.0,670468.0,670468.0,670468.0,670468.0,670468.0,670468.0,670468.0,670468.0,670468.0,670468.0,670468.0,670468.0,670468.0,670468.0,670468.0,670468.0,670468.0,670468.0,670468.0,670468.0,670468.0,670468.0,670468.0,670468.0,670468.0,670468.0,670468.0,670468.0,670468.0,670468.0,670468.0,670468.0,670468.0,670468.0,670468.0,670468.0,670468.0,670468.0,670468.0,670468.0,670468.0,670468.0,670468.0,670468.0,670468.0,670468.0,670468.0,670468.0,670468.0,670468.0,670468.0,670468.0,670468.0,670468.0,670468.0,670468.0,670468.0,670468.0,670468.0,670468.0,670468.0,670468.0,670468.0,670468.0,670468.0,670468.0,670468.0,670468.0,670468.0,670468.0,670468.0,670468.0,670468.0,670468.0,670468.0,670468.0,670468.0,670468.0,670468.0
2006-03-01,656788,656788,656788,656788,656788,656788,656788,656788,656788,656788,656788,656788,685427,685427,685427,685427,685427,685427,685427,685427,685427,685427,685427,685427,685427,687270,687270,687270,687270,687270,687270,687270,687270,687270,687270,687270,687270,687344,687344,687344,687344,687344,687344,687344,687344,687344,687344,687344,687344,687344,687693,687693,687693,687693,687693,687693,687693,687693,687693,687693,687693,687693,687701,687701,687701,687701,687701,687701,687701,687701,687701,687701,687701,687701,687882,687882,687882,687882,687882,687882,687882,687882,687882,687882,687882,687882,689779.0,689779.0,689779.0,689779.0,689779.0,689779.0,689779.0,689779.0,689779.0,689779.0,689779.0,689779.0,689656.0,689656.0,689656.0,689656.0,689656.0,689656.0,689656.0,689656.0,689656.0,689656.0,689656.0,689656.0,689656.0,689656.0,689656.0,689656.0,689656.0,689656.0,689656.0,689656.0,689656.0,689656.0,689656.0,689656.0,689656.0,689656.0,689656.0,689656.0,689656.0,689656.0,689656.0,689656.0,689656.0,689656.0,689656.0,689656.0,689656.0,689656.0,689656.0,689656.0,689656.0,689656.0,689656.0,689656.0,689656.0,689656.0,689656.0,689656.0,689656.0,689656.0,689656.0,689656.0,689656.0,689656.0,689656.0,689656.0,689656.0,689656.0,689656.0,689656.0,689656.0,689656.0,689656.0,689656.0,689656.0,689656.0,689656.0,689656.0,689656.0,689656.0,689656.0,689656.0,689656.0,689656.0,689656.0,689656.0,689656.0,689656.0,689656.0,689656.0,689656.0,689656.0,689656.0,689656.0,689656.0,689656.0,689656.0,689656.0,689656.0,689656.0
2006-04-01,667285,667285,667285,667285,667285,667285,667285,667285,667285,667285,667285,667285,696508,696508,696508,696508,696508,696508,696508,696508,696508,696508,696508,696508,696508,698463,698463,698463,698463,698463,698463,698463,698463,698463,698463,698463,698463,698443,698443,698443,698443,698443,698443,698443,698443,698443,698443,698443,698443,698443,698598,698598,698598,698598,698598,698598,698598,698598,698598,698598,698598,698598,698507,698507,698507,698507,698507,698507,698507,698507,698507,698507,698507,698507,698681,698681,698681,698681,698681,698681,698681,698681,698681,698681,698681,698681,700073.0,700073.0,700073.0,700073.0,700073.0,700073.0,700073.0,700073.0,700073.0,700073.0,700073.0,700073.0,700280.0,700280.0,700280.0,700280.0,700280.0,700280.0,700280.0,700280.0,700280.0,700280.0,700280.0,700280.0,700280.0,700280.0,700280.0,700280.0,700280.0,700280.0,700280.0,700280.0,700280.0,700280.0,700280.0,700280.0,700280.0,700280.0,700280.0,700280.0,700280.0,700280.0,700280.0,700280.0,700280.0,700280.0,700280.0,700280.0,700280.0,700280.0,700280.0,700280.0,700280.0,700280.0,700280.0,700280.0,700280.0,700280.0,700280.0,700280.0,700280.0,700280.0,700280.0,700280.0,700280.0,700280.0,700280.0,700280.0,700280.0,700280.0,700280.0,700280.0,700280.0,700280.0,700280.0,700280.0,700280.0,700280.0,700280.0,700280.0,700280.0,700280.0,700280.0,700280.0,700280.0,700280.0,700280.0,700280.0,700280.0,700280.0,700280.0,700280.0,700280.0,700280.0,700280.0,700280.0,700280.0,700280.0,700280.0,700280.0,700280.0,700280.0
2006-05-01,672614,672614,672614,672614,672614,672614,672614,672614,672614,672614,672614,672614,703108,703108,703108,703108,703108,703108,703108,703108,703108,703108,703108,703108,703108,705034,705034,705034,705034,705034,705034,705034,705034,705034,705034,705034,705034,705133,705133,705133,705133,705133,705133,705133,705133,705133,705133,705133,705133,705133,705475,705475,705475,705475,705475,705475,705475,705475,705475,705475,705475,705475,705453,705453,705453,705453,705453,705453,705453,705453,705453,705453,705453,705453,705112,705112,705112,705112,705112,705112,705112,705112,705112,705112,705112,705112,706540.0,706540.0,706540.0,706540.0,706540.0,706540.0,706540.0,706540.0,706540.0,706540.0,706540.0,706540.0,707154.0,707154.0,707154.0,707154.0,707154.0,707154.0,707154.0,707154.0,707154.0,707154.0,707154.0,707154.0,707154.0,707154.0,707154.0,707154.0,707154.0,707154.0,707154.0,707154.0,707154.0,707154.0,707154.0,707154.0,707154.0,707154.0,707154.0,707154.0,707154.0,707154.0,707154.0,707154.0,707154.0,707154.0,707154.0,707154.0,707154.0,707154.0,707154.0,707154.0,707154.0,707154.0,707154.0,707154.0,707154.0,707154.0,707154.0,707154.0,707154.0,707154.0,707154.0,707154.0,707154.0,707154.0,707154.0,707154.0,707154.0,707154.0,707154.0,707154.0,707154.0,707154.0,707154.0,707154.0,707154.0,707154.0,707154.0,707154.0,707154.0,707154.0,707154.0,707154.0,707154.0,707154.0,707154.0,707154.0,707154.0,707154.0,707154.0,707154.0,707154.0,707154.0,707154.0,707154.0,707154.0,707154.0,707154.0,707154.0,707154.0,707154.0
2006-06-01,684579,684579,684579,684579,684579,684579,684579,684579,684579,684579,684579,684579,715337,715337,715337,715337,715337,715337,715337,715337,715337,715337,715337,715337,715337,716978,716978,716978,716978,716978,716978,716978,716978,716978,716978,716978,716978,717037,717037,717037,717037,717037,717037,717037,717037,717037,717037,717037,717037,717037,717334,717334,717334,717334,717334,717334,717334,717334,717334,717334,717334,717334,717588,717588,717588,717588,717588,717588,717588,717588,717588,717588,717588,717588,717424,717424,717424,717424,717424,717424,717424,717424,717424,717424,717424,717424,718096.0,718096.0,718096.0,718096.0,718096.0,718096.0,718096.0,718096.0,718096.0,718096.0,718096.0,718096.0,718927.0,718927.0,718927.0,718927.0,718927.0,718927.0,718927.0,718927.0,718927.0,718927.0,718927.0,718927.0,718927.0,718927.0,718927.0,718927.0,718927.0,718927.0,718927.0,718927.0,718927.0,718927.0,718927.0,718927.0,718927.0,718927.0,718927.0,718927.0,718927.0,718927.0,718927.0,718927.0,718927.0,718927.0,718927.0,718927.0,718927.0,718927.0,718927.0,718927.0,718927.0,718927.0,718927.0,718927.0,718927.0,718927.0,718927.0,718927.0,718927.0,718927.0,718927.0,718927.0,718927.0,718927.0,718927.0,718927.0,718927.0,718927.0,718927.0,718927.0,718927.0,718927.0,718927.0,718927.0,718927.0,718927.0,718927.0,718927.0,718927.0,718927.0,718927.0,718927.0,718927.0,718927.0,718927.0,718927.0,718927.0,718927.0,718927.0,718927.0,718927.0,718927.0,718927.0,718927.0,718927.0,718927.0,718927.0,718927.0,718927.0,718927.0
2006-07-01,693505,693505,693505,693505,693505,693505,693505,693505,693505,693505,693505,693505,724803,724803,724803,724803,724803,724803,724803,724803,724803,724803,724803,724803,724803,726824,726824,726824,726824,726824,726824,726824,726824,726824,726824,726824,726824,726696,726696,726696,726696,726696,726696,726696,726696,726696,726696,726696,726696,726696,726892,726892,726892,726892,726892,726892,726892,726892,726892,726892,726892,726892,726912,726912,726912,726912,726912,726912,726912,726912,726912,726912,726912,726912,727273,727273,727273,727273,727273,727273,727273,727273,727273,727273,727273,727273,725619.0,725619.0,725619.0,725619.0,725619.0,725619.0,725619.0,725619.0,725619.0,725619.0,725619.0,725619.0,726406.0,726406.0,726406.0,726406.0,726406.0,726406.0,726406.0,726406.0,726406.0,726406.0,726406.0,726406.0,726406.0,726406.0,726406.0,726406.0,726406.0,726406.0,726406.0,726406.0,726406.0,726406.0,726406.0,726406.0,726406.0,726406.0,726406.0,726406.0,726406.0,726406.0,726406.0,726406.0,726406.0,726406.0,726406.0,726406.0,726406.0,726406.0,726406.0,726406.0,726406.0,726406.0,726406.0,726406.0,726406.0,726406.0,726406.0,726406.0,726406.0,726406.0,726406.0,726406.0,726406.0,726406.0,726406.0,726406.0,726406.0,726406.0,726406.0,726406.0,726406.0,726406.0,726406.0,726406.0,726406.0,726406.0,726406.0,726406.0,726406.0,726406.0,726406.0,726406.0,726406.0,726406.0,726406.0,726406.0,726406.0,726406.0,726406.0,726406.0,726406.0,726406.0,726406.0,726406.0,726406.0,726406.0,726406.0,726406.0,726406.0,726406.0
2006-08-01,694622,694622,694622,694622,694622,694622,694622,694622,694622,694622,694622,694622,726105,726105,726105,726105,726105,726105,726105,726105,726105,726105,726105,726105,726105,728512,728512,728512,728512,728512,728512,728512,728512,728512,728512,728512,728512,728224,728224,728224,728224,728224,728224,728224,728224,728224,728224,728224,728224,728224,728633,728633,728633,728633,728633,728633,728633,728633,728633,728633,728633,728633,728613,728613,728613,728613,728613,728613,728613,728613,728613,728613,728613,728613,728756,728756,728756,728756,728756,728756,728756,728756,728756,728756,728756,728756,728060.0,728060.0,728060.0,728060.0,728060.0,728060.0,728060.0,728060.0,728060.0,728060.0,728060.0,728060.0,727801.0,727801.0,727801.0,727801.0,727801.0,727801.0,727801.0,727801.0,727801.0,727801.0,727801.0,727801.0,727801.0,727801.0,727801.0,727801.0,727801.0,727801.0,727801.0,727801.0,727801.0,727801.0,727801.0,727801.0,727801.0,727801.0,727801.0,727801.0,727801.0,727801.0,727801.0,727801.0,727801.0,727801.0,727801.0,727801.0,727801.0,727801.0,727801.0,727801.0,727801.0,727801.0,727801.0,727801.0,727801.0,727801.0,727801.0,727801.0,727801.0,727801.0,727801.0,727801.0,727801.0,727801.0,727801.0,727801.0,727801.0,727801.0,727801.0,727801.0,727801.0,727801.0,727801.0,727801.0,727801.0,727801.0,727801.0,727801.0,727801.0,727801.0,727801.0,727801.0,727801.0,727801.0,727801.0,727801.0,727801.0,727801.0,727801.0,727801.0,727801.0,727801.0,727801.0,727801.0,727801.0,727801.0,727801.0,727801.0,727801.0,727801.0
2006-09-01,722206,722206,722206,722206,722206,722206,722206,722206,722206,722206,722206,722206,755133,755133,755133,755133,755133,755133,755133,755133,755133,755133,755133,755133,755133,757396,757396,757396,757396,757396,757396,757396,757396,757396,757396,757396,757396,757292,757292,757292,757292,757292,757292,757292,757292,757292,757292,757292,757292,757292,757651,757651,757651,757651,757651,757651,757651,757651,757651,757651,757651,757651,757619,757619,757619,757619,757619,757619,757619,757619,757619,757619,757619,757619,757580,757580,757580,757580,757580,757580,757580,757580,757580,757580,757580,757580,756654.0,756654.0,756654.0,756654.0,756654.0,756654.0,756654.0,756654.0,756654.0,756654.0,756654.0,756654.0,756106.0,756106.0,756106.0,756106.0,756106.0,756106.0,756106.0,756106.0,756106.0,756106.0,756106.0,756106.0,756106.0,756106.0,756106.0,756106.0,756106.0,756106.0,756106.0,756106.0,756106.0,756106.0,756106.0,756106.0,756106.0,756106.0,756106.0,756106.0,756106.0,756106.0,756106.0,756106.0,756106.0,756106.0,756106.0,756106.0,756106.0,756106.0,756106.0,756106.0,756106.0,756106.0,756106.0,756106.0,756106.0,756106.0,756106.0,756106.0,756106.0,756106.0,756106.0,756106.0,756106.0,756106.0,756106.0,756106.0,756106.0,756106.0,756106.0,756106.0,756106.0,756106.0,756106.0,756106.0,756106.0,756106.0,756106.0,756106.0,756106.0,756106.0,756106.0,756106.0,756106.0,756106.0,756106.0,756106.0,756106.0,756106.0,756106.0,756106.0,756106.0,756106.0,756106.0,756106.0,756106.0,756106.0,756106.0,756106.0,756106.0,756106.0
2006-10-01,731034,731034,731034,731034,731034,731034,731034,731034,731034,731034,731034,731034,765755,765755,765755,765755,765755,765755,765755,765755,765755,765755,765755,765755,765755,767534,767534,767534,767534,767534,767534,767534,767534,767534,767534,767534,767534,767573,767573,767573,767573,767573,767573,767573,767573,767573,767573,767573,767573,767573,767928,767928,767928,767928,767928,767928,767928,767928,767928,767928,767928,767928,767803,767803,767803,767803,767803,767803,767803,767803,767803,767803,767803,767803,767699,767699,767699,767699,767699,767699,767699,767699,767699,767699,767699,767699,766732.0,766732.0,766732.0,766732.0,766732.0,766732.0,766732.0,766732.0,766732.0,766732.0,766732.0,766732.0,766321.0,766321.0,766321.0,766321.0,766321.0,766321.0,766321.0,766321.0,766321.0,766321.0,766321.0,766321.0,766321.0,766321.0,766321.0,766321.0,766321.0,766321.0,766321.0,766321.0,766321.0,766321.0,766321.0,766321.0,766321.0,766321.0,766321.0,766321.0,766321.0,766321.0,766321.0,766321.0,766321.0,766321.0,766321.0,766321.0,766321.0,766321.0,766321.0,766321.0,766321.0,766321.0,766321.0,766321.0,766321.0,766321.0,766321.0,766321.0,766321.0,766321.0,766321.0,766321.0,766321.0,766321.0,766321.0,766321.0,766321.0,766321.0,766321.0,766321.0,766321.0,766321.0,766321.0,766321.0,766321.0,766321.0,766321.0,766321.0,766321.0,766321.0,766321.0,766321.0,766321.0,766321.0,766321.0,766321.0,766321.0,766321.0,766321.0,766321.0,766321.0,766321.0,766321.0,766321.0,766321.0,766321.0,766321.0,766321.0,766321.0,766321.0
2006-11-01,747359,747359,747359,747359,747359,747359,747359,747359,747359,747359,747359,747359,783157,783157,783157,783157,783157,783157,783157,783157,783157,783157,783157,783157,783157,784754,784754,784754,784754,784754,784754,784754,784754,784754,784754,784754,784754,784620,784620,784620,784620,784620,784620,784620,784620,784620,784620,784620,784620,784620,784957,784957,784957,784957,784957,784957,784957,784957,784957,784957,784957,784957,784895,784895,784895,784895,784895,784895,784895,784895,784895,784895,784895,784895,784894,784894,784894,784894,784894,784894,784894,784894,784894,784894,784894,784894,782428.0,782428.0,782428.0,782428.0,782428.0,782428.0,782428.0,782428.0,782428.0,782428.0,782428.0,782428.0,782311.0,782311.0,782311.0,782311.0,782311.0,782311.0,782311.0,782311.0,782311.0,782311.0,782311.0,782311.0,782311.0,782311.0,782311.0,782311.0,782311.0,782311.0,782311.0,782311.0,782311.0,782311.0,782311.0,782311.0,782311.0,782311.0,782311.0,782311.0,782311.0,782311.0,782311.0,782311.0,782311.0,782311.0,782311.0,782311.0,782311.0,782311.0,782311.0,782311.0,782311.0,782311.0,782311.0,782311.0,782311.0,782311.0,782311.0,782311.0,782311.0,782311.0,782311.0,782311.0,782311.0,782311.0,782311.0,782311.0,782311.0,782311.0,782311.0,782311.0,782311.0,782311.0,782311.0,782311.0,782311.0,782311.0,782311.0,782311.0,782311.0,782311.0,782311.0,782311.0,782311.0,782311.0,782311.0,782311.0,782311.0,782311.0,782311.0,782311.0,782311.0,782311.0,782311.0,782311.0,782311.0,782311.0,782311.0,782311.0,782311.0,782311.0
2006-12-01,762287,762287,762287,762287,762287,762287,762287,762287,762287,762287,762287,762287,797129,797129,797129,797129,797129,797129,797129,797129,797129,797129,797129,797129,797129,798177,798177,798177,798177,798177,798177,798177,798177,798177,798177,798177,798177,798033,798033,798033,798033,798033,798033,798033,798033,798033,798033,798033,798033,798033,798211,798211,798211,798211,798211,798211,798211,798211,798211,798211,798211,798211,798188,798188,798188,798188,798188,798188,798188,798188,798188,798188,798188,798188,797897,797897,797897,797897,797897,797897,797897,797897,797897,797897,797897,797897,796648.0,796648.0,796648.0,796648.0,796648.0,796648.0,796648.0,796648.0,796648.0,796648.0,796648.0,796648.0,795263.0,795263.0,795263.0,795263.0,795263.0,795263.0,795263.0,795263.0,795263.0,795263.0,795263.0,795263.0,795263.0,795263.0,795263.0,795263.0,795263.0,795263.0,795263.0,795263.0,795263.0,795263.0,795263.0,795263.0,795263.0,795263.0,795263.0,795263.0,795263.0,795263.0,795263.0,795263.0,795263.0,795263.0,795263.0,795263.0,795263.0,795263.0,795263.0,795263.0,795263.0,795263.0,795263.0,795263.0,795263.0,795263.0,795263.0,795263.0,795263.0,795263.0,795263.0,795263.0,795263.0,795263.0,795263.0,795263.0,795263.0,795263.0,795263.0,795263.0,795263.0,795263.0,795263.0,795263.0,795263.0,795263.0,795263.0,795263.0,795263.0,795263.0,795263.0,795263.0,795263.0,795263.0,795263.0,795263.0,795263.0,795263.0,795263.0,795263.0,795263.0,795263.0,795263.0,795263.0,795263.0,795263.0,795263.0,795263.0,795263.0,795263.0
2007-01-01,768604,768604,768604,768604,768604,768604,768604,768604,768604,768604,768604,768604,805687,805687,805687,805687,805687,805687,805687,805687,805687,805687,805687,805687,805687,806791,806791,806791,806791,806791,806791,806791,806791,806791,806791,806791,806791,807045,807045,807045,807045,807045,807045,807045,807045,807045,807045,807045,807045,807045,807448,807448,807448,807448,807448,807448,807448,807448,807448,807448,807448,807448,807206,807206,807206,807206,807206,807206,807206,807206,807206,807206,807206,807206,806846,806846,806846,806846,806846,806846,806846,806846,806846,806846,806846,806846,807334.0,807334.0,807334.0,807334.0,807334.0,807334.0,807334.0,807334.0,807334.0,807334.0,807334.0,807334.0,807383.0,807383.0,807383.0,807383.0,807383.0,807383.0,807383.0,807383.0,807383.0,807383.0,807383.0,807383.0,807327.0,807327.0,807327.0,807327.0,807327.0,807327.0,807327.0,807327.0,807327.0,807327.0,807327.0,807327.0,808745,808745,808745,808745,808745,808745,808745,808745,808745,808745,808745,808745,808745,808745,808745,808745,808745,808745,808745,808745,808745,808745,808745,808745,808745,808745,808745,808745,808745,808745,808745,808745,808745,808745,808745,808745,808745,808745,808745,808745,808745,808745,808745,808745,808745,808745,808745,808745,808745,808745,808745,808745,808745,808745,808745,808745,808745,808745,808745,808745,808745,808745,808745,808745,808745,808745
2007-02-01,776070,776070,776070,776070,776070,776070,776070,776070,776070,776070,776070,776070,813843,813843,813843,813843,813843,813843,813843,813843,813843,813843,813843,813843,813843,814904,814904,814904,814904,814904,814904,814904,814904,814904,814904,814904,814904,815247,815247,815247,815247,815247,815247,815247,815247,815247,815247,815247,815247,815247,815467,815467,815467,815467,815467,815467,815467,815467,815467,815467,815467,815467,815327,815327,815327,815327,815327,815327,815327,815327,815327,815327,815327,815327,816176,816176,816176,816176,816176,816176,816176,816176,816176,816176,816176,816176,817861.0,817861.0,817861.0,817861.0,817861.0,817861.0,817861.0,817861.0,817861.0,817861.0,817861.0,817861.0,817917.0,817917.0,817917.0,817917.0,817917.0,817917.0,817917.0,817917.0,817917.0,817917.0,817917.0,817917.0,817342.0,817342.0,817342.0,817342.0,817342.0,817342.0,817342.0,817342.0,817342.0,817342.0,817342.0,817342.0,816748,816748,816748,816748,816748,816748,816748,816748,816748,816748,816748,816748,816748,816748,816748,816748,816748,816748,816748,816748,816748,816748,816748,816748,816748,816748,816748,816748,816748,816748,816748,816748,816748,816748,816748,816748,816748,816748,816748,816748,816748,816748,816748,816748,816748,816748,816748,816748,816748,816748,816748,816748,816748,816748,816748,816748,816748,816748,816748,816748,816748,816748,816748,816748,816748,816748
2007-03-01,788283,788283,788283,788283,788283,788283,788283,788283,788283,788283,788283,788283,827004,827004,827004,827004,827004,827004,827004,827004,827004,827004,827004,827004,827004,827445,827445,827445,827445,827445,827445,827445,827445,827445,827445,827445,827445,827656,827656,827656,827656,827656,827656,827656,827656,827656,827656,827656,827656,827656,828199,828199,828199,828199,828199,828199,828199,828199,828199,828199,828199,828199,827932,827932,827932,827932,827932,827932,827932,827932,827932,827932,827932,827932,829145,829145,829145,829145,829145,829145,829145,829145,829145,829145,829145,829145,831177.0,831177.0,831177.0,831177.0,831177.0,831177.0,831177.0,831177.0,831177.0,831177.0,831177.0,831177.0,831088.0,831088.0,831088.0,831088.0,831088.0,831088.0,831088.0,831088.0,831088.0,831088.0,831088.0,831088.0,831166.0,831166.0,831166.0,831166.0,831166.0,831166.0,831166.0,831166.0,831166.0,831166.0,831166.0,831166.0,829553,829553,829553,829553,829553,829553,829553,829553,829553,829553,829553,829553,829553,829553,829553,829553,829553,829553,829553,829553,829553,829553,829553,829553,829553,829553,829553,829553,829553,829553,829553,829553,829553,829553,829553,829553,829553,829553,829553,829553,829553,829553,829553,829553,829553,829553,829553,829553,829553,829553,829553,829553,829553,829553,829553,829553,829553,829553,829553,829553,829553,829553,829553,829553,829553,829553
2007-04-01,804835,804835,804835,804835,804835,804835,804835,804835,804835,804835,804835,804835,843512,843512,843512,843512,843512,843512,843512,843512,843512,843512,843512,843512,843512,844137,844137,844137,844137,844137,844137,844137,844137,844137,844137,844137,844137,844304,844304,844304,844304,844304,844304,844304,844304,844304,844304,844304,844304,844304,844679,844679,844679,844679,844679,844679,844679,844679,844679,844679,844679,844679,844342,844342,844342,844342,844342,844342,844342,844342,844342,844342,844342,844342,844049,844049,844049,844049,844049,844049,844049,844049,844049,844049,844049,844049,845447.0,845447.0,845447.0,845447.0,845447.0,845447.0,845447.0,845447.0,845447.0,845447.0,845447.0,845447.0,845674.0,845674.0,845674.0,845674.0,845674.0,845674.0,845674.0,845674.0,845674.0,845674.0,845674.0,845674.0,845904.0,845904.0,845904.0,845904.0,845904.0,845904.0,845904.0,845904.0,845904.0,845904.0,845904.0,845904.0,844913,844913,844913,844913,844913,844913,844913,844913,844913,844913,844913,844913,844913,844913,844913,844913,844913,844913,844913,844913,844913,844913,844913,844913,844913,844913,844913,844913,844913,844913,844913,844913,844913,844913,844913,844913,844913,844913,844913,844913,844913,844913,844913,844913,844913,844913,844913,844913,844913,844913,844913,844913,844913,844913,844913,844913,844913,844913,844913,844913,844913,844913,844913,844913,844913,844913
2007-05-01,812052,812052,812052,812052,812052,812052,812052,812052,812052,812052,812052,812052,851071,851071,851071,851071,851071,851071,851071,851071,851071,851071,851071,851071,851071,852020,852020,852020,852020,852020,852020,852020,852020,852020,852020,852020,852020,851949,851949,851949,851949,851949,851949,851949,851949,851949,851949,851949,851949,851949,852313,852313,852313,852313,852313,852313,852313,852313,852313,852313,852313,852313,852157,852157,852157,852157,852157,852157,852157,852157,852157,852157,852157,852157,851835,851835,851835,851835,851835,851835,851835,851835,851835,851835,851835,851835,853425.0,853425.0,853425.0,853425.0,853425.0,853425.0,853425.0,853425.0,853425.0,853425.0,853425.0,853425.0,854031.0,854031.0,854031.0,854031.0,854031.0,854031.0,854031.0,854031.0,854031.0,854031.0,854031.0,854031.0,853831.0,853831.0,853831.0,853831.0,853831.0,853831.0,853831.0,853831.0,853831.0,853831.0,853831.0,853831.0,854020,854020,854020,854020,854020,854020,854020,854020,854020,854020,854020,854020,854020,854020,854020,854020,854020,854020,854020,854020,854020,854020,854020,854020,854020,854020,854020,854020,854020,854020,854020,854020,854020,854020,854020,854020,854020,854020,854020,854020,854020,854020,854020,854020,854020,854020,854020,854020,854020,854020,854020,854020,854020,854020,854020,854020,854020,854020,854020,854020,854020,854020,854020,854020,854020,854020
2007-06-01,823063,823063,823063,823063,823063,823063,823063,823063,823063,823063,823063,823063,862493,862493,862493,862493,862493,862493,862493,862493,862493,862493,862493,862493,862493,862892,862892,862892,862892,862892,862892,862892,862892,862892,862892,862892,862892,862879,862879,862879,862879,862879,862879,862879,862879,862879,862879,862879,862879,862879,862999,862999,862999,862999,862999,862999,862999,862999,862999,862999,862999,862999,863061,863061,863061,863061,863061,863061,863061,863061,863061,863061,863061,863061,862438,862438,862438,862438,862438,862438,862438,862438,862438,862438,862438,862438,863150.0,863150.0,863150.0,863150.0,863150.0,863150.0,863150.0,863150.0,863150.0,863150.0,863150.0,863150.0,863555.0,863555.0,863555.0,863555.0,863555.0,863555.0,863555.0,863555.0,863555.0,863555.0,863555.0,863555.0,863287.0,863287.0,863287.0,863287.0,863287.0,863287.0,863287.0,863287.0,863287.0,863287.0,863287.0,863287.0,863893,863893,863893,863893,863893,863893,863893,863893,863893,863893,863893,863893,863893,863893,863893,863893,863893,863893,863893,863893,863893,863893,863893,863893,863893,863893,863893,863893,863893,863893,863893,863893,863893,863893,863893,863893,863893,863893,863893,863893,863893,863893,863893,863893,863893,863893,863893,863893,863893,863893,863893,863893,863893,863893,863893,863893,863893,863893,863893,863893,863893,863893,863893,863893,863893,863893
2007-07-01,840046,840046,840046,840046,840046,840046,840046,840046,840046,840046,840046,840046,881223,881223,881223,881223,881223,881223,881223,881223,881223,881223,881223,881223,881223,881252,881252,881252,881252,881252,881252,881252,881252,881252,881252,881252,881252,881269,881269,881269,881269,881269,881269,881269,881269,881269,881269,881269,881269,881269,881541,881541,881541,881541,881541,881541,881541,881541,881541,881541,881541,881541,881186,881186,881186,881186,881186,881186,881186,881186,881186,881186,881186,881186,880521,880521,880521,880521,880521,880521,880521,880521,880521,880521,880521,880521,878448.0,878448.0,878448.0,878448.0,878448.0,878448.0,878448.0,878448.0,878448.0,878448.0,878448.0,878448.0,878805.0,878805.0,878805.0,878805.0,878805.0,878805.0,878805.0,878805.0,878805.0,878805.0,878805.0,878805.0,878161.0,878161.0,878161.0,878161.0,878161.0,878161.0,878161.0,878161.0,878161.0,878161.0,878161.0,878161.0,877570,877570,877570,877570,877570,877570,877570,877570,877570,877570,877570,877570,877570,877570,877570,877570,877570,877570,877570,877570,877570,877570,877570,877570,877570,877570,877570,877570,877570,877570,877570,877570,877570,877570,877570,877570,877570,877570,877570,877570,877570,877570,877570,877570,877570,877570,877570,877570,877570,877570,877570,877570,877570,877570,877570,877570,877570,877570,877570,877570,877570,877570,877570,877570,877570,877570
2007-08-01,849381,849381,849381,849381,849381,849381,849381,849381,849381,849381,849381,849381,892524,892524,892524,892524,892524,892524,892524,892524,892524,892524,892524,892524,892524,892960,892960,892960,892960,892960,892960,892960,892960,892960,892960,892960,892960,892793,892793,892793,892793,892793,892793,892793,892793,892793,892793,892793,892793,892793,893189,893189,893189,893189,893189,893189,893189,893189,893189,893189,893189,893189,892769,892769,892769,892769,892769,892769,892769,892769,892769,892769,892769,892769,893099,893099,893099,893099,893099,893099,893099,893099,893099,893099,893099,893099,891847.0,891847.0,891847.0,891847.0,891847.0,891847.0,891847.0,891847.0,891847.0,891847.0,891847.0,891847.0,892126.0,892126.0,892126.0,892126.0,892126.0,892126.0,892126.0,892126.0,892126.0,892126.0,892126.0,892126.0,891481.0,891481.0,891481.0,891481.0,891481.0,891481.0,891481.0,891481.0,891481.0,891481.0,891481.0,891481.0,892561,892561,892561,892561,892561,892561,892561,892561,892561,892561,892561,892561,892561,892561,892561,892561,892561,892561,892561,892561,892561,892561,892561,892561,892561,892561,892561,892561,892561,892561,892561,892561,892561,892561,892561,892561,892561,892561,892561,892561,892561,892561,892561,892561,892561,892561,892561,892561,892561,892561,892561,892561,892561,892561,892561,892561,892561,892561,892561,892561,892561,892561,892561,892561,892561,892561
2007-09-01,857335,857335,857335,857335,857335,857335,857335,857335,857335,857335,857335,857335,900233,900233,900233,900233,900233,900233,900233,900233,900233,900233,900233,900233,900233,900194,900194,900194,900194,900194,900194,900194,900194,900194,900194,900194,900194,899943,899943,899943,899943,899943,899943,899943,899943,899943,899943,899943,899943,899943,900072,900072,900072,900072,900072,900072,900072,900072,900072,900072,900072,900072,899594,899594,899594,899594,899594,899594,899594,899594,899594,899594,899594,899594,900325,900325,900325,900325,900325,900325,900325,900325,900325,900325,900325,900325,899531.0,899531.0,899531.0,899531.0,899531.0,899531.0,899531.0,899531.0,899531.0,899531.0,899531.0,899531.0,899630.0,899630.0,899630.0,899630.0,899630.0,899630.0,899630.0,899630.0,899630.0,899630.0,899630.0,899630.0,899964.0,899964.0,899964.0,899964.0,899964.0,899964.0,899964.0,899964.0,899964.0,899964.0,899964.0,899964.0,900124,900124,900124,900124,900124,900124,900124,900124,900124,900124,900124,900124,900124,900124,900124,900124,900124,900124,900124,900124,900124,900124,900124,900124,900124,900124,900124,900124,900124,900124,900124,900124,900124,900124,900124,900124,900124,900124,900124,900124,900124,900124,900124,900124,900124,900124,900124,900124,900124,900124,900124,900124,900124,900124,900124,900124,900124,900124,900124,900124,900124,900124,900124,900124,900124,900124
2007-10-01,866417,866417,866417,866417,866417,866417,866417,866417,866417,866417,866417,866417,909743,909743,909743,909743,909743,909743,909743,909743,909743,909743,909743,909743,909743,909799,909799,909799,909799,909799,909799,909799,909799,909799,909799,909799,909799,909723,909723,909723,909723,909723,909723,909723,909723,909723,909723,909723,909723,909723,909920,909920,909920,909920,909920,909920,909920,909920,909920,909920,909920,909920,909535,909535,909535,909535,909535,909535,909535,909535,909535,909535,909535,909535,909911,909911,909911,909911,909911,909911,909911,909911,909911,909911,909911,909911,909657.0,909657.0,909657.0,909657.0,909657.0,909657.0,909657.0,909657.0,909657.0,909657.0,909657.0,909657.0,909804.0,909804.0,909804.0,909804.0,909804.0,909804.0,909804.0,909804.0,909804.0,909804.0,909804.0,909804.0,910343.0,910343.0,910343.0,910343.0,910343.0,910343.0,910343.0,910343.0,910343.0,910343.0,910343.0,910343.0,911349,911349,911349,911349,911349,911349,911349,911349,911349,911349,911349,911349,911349,911349,911349,911349,911349,911349,911349,911349,911349,911349,911349,911349,911349,911349,911349,911349,911349,911349,911349,911349,911349,911349,911349,911349,911349,911349,911349,911349,911349,911349,911349,911349,911349,911349,911349,911349,911349,911349,911349,911349,911349,911349,911349,911349,911349,911349,911349,911349,911349,911349,911349,911349,911349,911349
2007-11-01,878430,878430,878430,878430,878430,878430,878430,878430,878430,878430,878430,878430,922485,922485,922485,922485,922485,922485,922485,922485,922485,922485,922485,922485,922485,922599,922599,922599,922599,922599,922599,922599,922599,922599,922599,922599,922599,922365,922365,922365,922365,922365,922365,922365,922365,922365,922365,922365,922365,922365,922687,922687,922687,922687,922687,922687,922687,922687,922687,922687,922687,922687,922248,922248,922248,922248,922248,922248,922248,922248,922248,922248,922248,922248,922829,922829,922829,922829,922829,922829,922829,922829,922829,922829,922829,922829,920455.0,920455.0,920455.0,920455.0,920455.0,920455.0,920455.0,920455.0,920455.0,920455.0,920455.0,920455.0,921043.0,921043.0,921043.0,921043.0,921043.0,921043.0,921043.0,921043.0,921043.0,921043.0,921043.0,921043.0,920744.0,920744.0,920744.0,920744.0,920744.0,920744.0,920744.0,920744.0,920744.0,920744.0,920744.0,920744.0,918836,918836,918836,918836,918836,918836,918836,918836,918836,918836,918836,918836,918836,918836,918836,918836,918836,918836,918836,918836,918836,918836,918836,918836,918836,918836,918836,918836,918836,918836,918836,918836,918836,918836,918836,918836,918836,918836,918836,918836,918836,918836,918836,918836,918836,918836,918836,918836,918836,918836,918836,918836,918836,918836,918836,918836,918836,918836,918836,918836,918836,918836,918836,918836,918836,918836
2007-12-01,904425,904425,904425,904425,904425,904425,904425,904425,904425,904425,904425,904425,947570,947570,947570,947570,947570,947570,947570,947570,947570,947570,947570,947570,947570,947437,947437,947437,947437,947437,947437,947437,947437,947437,947437,947437,947437,947027,947027,947027,947027,947027,947027,947027,947027,947027,947027,947027,947027,947027,947045,947045,947045,947045,947045,947045,947045,947045,947045,947045,947045,947045,946680,946680,946680,946680,946680,946680,946680,946680,946680,946680,946680,946680,946612,946612,946612,946612,946612,946612,946612,946612,946612,946612,946612,946612,945005.0,945005.0,945005.0,945005.0,945005.0,945005.0,945005.0,945005.0,945005.0,945005.0,945005.0,945005.0,943780.0,943780.0,943780.0,943780.0,943780.0,943780.0,943780.0,943780.0,943780.0,943780.0,943780.0,943780.0,944435.0,944435.0,944435.0,944435.0,944435.0,944435.0,944435.0,944435.0,944435.0,944435.0,944435.0,944435.0,944036,944036,944036,944036,944036,944036,944036,944036,944036,944036,944036,944036,944036,944036,944036,944036,944036,944036,944036,944036,944036,944036,944036,944036,944036,944036,944036,944036,944036,944036,944036,944036,944036,944036,944036,944036,944036,944036,944036,944036,944036,944036,944036,944036,944036,944036,944036,944036,944036,944036,944036,944036,944036,944036,944036,944036,944036,944036,944036,944036,944036,944036,944036,944036,944036,944036
2008-01-01,914968,914968,914968,914968,914968,914968,914968,914968,914968,914968,914968,914968,961369,961369,961369,961369,961369,961369,961369,961369,961369,961369,961369,961369,961369,961031,961031,961031,961031,961031,961031,961031,961031,961031,961031,961031,961031,961268,961268,961268,961268,961268,961268,961268,961268,961268,961268,961268,961268,961268,961609,961609,961609,961609,961609,961609,961609,961609,961609,961609,961609,961609,961153,961153,961153,961153,961153,961153,961153,961153,961153,961153,961153,961153,960692,960692,960692,960692,960692,960692,960692,960692,960692,960692,960692,960692,961155.0,961155.0,961155.0,961155.0,961155.0,961155.0,961155.0,961155.0,961155.0,961155.0,961155.0,961155.0,960785.0,960785.0,960785.0,960785.0,960785.0,960785.0,960785.0,960785.0,960785.0,960785.0,960785.0,960785.0,960546.0,960546.0,960546.0,960546.0,960546.0,960546.0,960546.0,960546.0,960546.0,960546.0,960546.0,960546.0,960585,960585,960585,960585,960585,960585,960585,960585,960585,960585,960585,960585,960585,960585,960585,960585,960585,960585,960585,960585,960585,960585,960585,960585,960585,960585,960585,960585,960585,960585,960585,960585,960585,960585,960585,960585,960585,960585,960585,960585,960585,960585,960585,960585,960585,960585,960585,960585,960585,960585,960585,960585,960585,960585,960585,960585,960585,960585,960585,960585,960585,960585,960585,960585,960585,960585
2008-02-01,926691,926691,926691,926691,926691,926691,926691,926691,926691,926691,926691,926691,973123,973123,973123,973123,973123,973123,973123,973123,973123,973123,973123,973123,973123,973468,973468,973468,973468,973468,973468,973468,973468,973468,973468,973468,973468,973989,973989,973989,973989,973989,973989,973989,973989,973989,973989,973989,973989,973989,973908,973908,973908,973908,973908,973908,973908,973908,973908,973908,973908,973908,973482,973482,973482,973482,973482,973482,973482,973482,973482,973482,973482,973482,973101,973101,973101,973101,973101,973101,973101,973101,973101,973101,973101,973101,974761.0,974761.0,974761.0,974761.0,974761.0,974761.0,974761.0,974761.0,974761.0,974761.0,974761.0,974761.0,973876.0,973876.0,973876.0,973876.0,973876.0,973876.0,973876.0,973876.0,973876.0,973876.0,973876.0,973876.0,973939.0,973939.0,973939.0,973939.0,973939.0,973939.0,973939.0,973939.0,973939.0,973939.0,973939.0,973939.0,973625,973625,973625,973625,973625,973625,973625,973625,973625,973625,973625,973625,973625,973625,973625,973625,973625,973625,973625,973625,973625,973625,973625,973625,973625,973625,973625,973625,973625,973625,973625,973625,973625,973625,973625,973625,973625,973625,973625,973625,973625,973625,973625,973625,973625,973625,973625,973625,973625,973625,973625,973625,973625,973625,973625,973625,973625,973625,973625,973625,973625,973625,973625,973625,973625,973625
2008-03-01,940385,940385,940385,940385,940385,940385,940385,940385,940385,940385,940385,940385,989322,989322,989322,989322,989322,989322,989322,989322,989322,989322,989322,989322,989322,988274,988274,988274,988274,988274,988274,988274,988274,988274,988274,988274,988274,988364,988364,988364,988364,988364,988364,988364,988364,988364,988364,988364,988364,988364,988617,988617,988617,988617,988617,988617,988617,988617,988617,988617,988617,988617,988038,988038,988038,988038,988038,988038,988038,988038,988038,988038,988038,988038,987845,987845,987845,987845,987845,987845,987845,987845,987845,987845,987845,987845,989881.0,989881.0,989881.0,989881.0,989881.0,989881.0,989881.0,989881.0,989881.0,989881.0,989881.0,989881.0,989197.0,989197.0,989197.0,989197.0,989197.0,989197.0,989197.0,989197.0,989197.0,989197.0,989197.0,989197.0,990093.0,990093.0,990093.0,990093.0,990093.0,990093.0,990093.0,990093.0,990093.0,990093.0,990093.0,990093.0,990908,990908,990908,990908,990908,990908,990908,990908,990908,990908,990908,990908,990908,990908,990908,990908,990908,990908,990908,990908,990908,990908,990908,990908,990908,990908,990908,990908,990908,990908,990908,990908,990908,990908,990908,990908,990908,990908,990908,990908,990908,990908,990908,990908,990908,990908,990908,990908,990908,990908,990908,990908,990908,990908,990908,990908,990908,990908,990908,990908,990908,990908,990908,990908,990908,990908
2008-04-01,947713,947713,947713,947713,947713,947713,947713,947713,947713,947713,947713,947713,997865,997865,997865,997865,997865,997865,997865,997865,997865,997865,997865,997865,997865,996404,996404,996404,996404,996404,996404,996404,996404,996404,996404,996404,996404,996424,996424,996424,996424,996424,996424,996424,996424,996424,996424,996424,996424,996424,996686,996686,996686,996686,996686,996686,996686,996686,996686,996686,996686,996686,996062,996062,996062,996062,996062,996062,996062,996062,996062,996062,996062,996062,995233,995233,995233,995233,995233,995233,995233,995233,995233,995233,995233,995233,997379.0,997379.0,997379.0,997379.0,997379.0,997379.0,997379.0,997379.0,997379.0,997379.0,997379.0,997379.0,997305.0,997305.0,997305.0,997305.0,997305.0,997305.0,997305.0,997305.0,997305.0,997305.0,997305.0,997305.0,997485.0,997485.0,997485.0,997485.0,997485.0,997485.0,997485.0,997485.0,997485.0,997485.0,997485.0,997485.0,998772,998772,998772,998772,998772,998772,998772,998772,998772,998772,998772,998772,998772,998772,998772,998772,998772,998772,998772,998772,998772,998772,998772,998772,998772,998772,998772,998772,998772,998772,998772,998772,998772,998772,998772,998772,998772,998772,998772,998772,998772,998772,998772,998772,998772,998772,998772,998772,998772,998772,998772,998772,998772,998772,998772,998772,998772,998772,998772,998772,998772,998772,998772,998772,998772,998772
2008-05-01,956193,956193,956193,956193,956193,956193,956193,956193,956193,956193,956193,956193,1008106,1008106,1008106,1008106,1008106,1008106,1008106,1008106,1008106,1008106,1008106,1008106,1008106,1006573,1006573,1006573,1006573,1006573,1006573,1006573,1006573,1006573,1006573,1006573,1006573,1006688,1006688,1006688,1006688,1006688,1006688,1006688,1006688,1006688,1006688,1006688,1006688,1006688,1007130,1007130,1007130,1007130,1007130,1007130,1007130,1007130,1007130,1007130,1007130,1007130,1006367,1006367,1006367,1006367,1006367,1006367,1006367,1006367,1006367,1006367,1006367,1006367,1005886,1005886,1005886,1005886,1005886,1005886,1005886,1005886,1005886,1005886,1005886,1005886,1006768.0,1006768.0,1006768.0,1006768.0,1006768.0,1006768.0,1006768.0,1006768.0,1006768.0,1006768.0,1006768.0,1006768.0,1007704.0,1007704.0,1007704.0,1007704.0,1007704.0,1007704.0,1007704.0,1007704.0,1007704.0,1007704.0,1007704.0,1007704.0,1007652.0,1007652.0,1007652.0,1007652.0,1007652.0,1007652.0,1007652.0,1007652.0,1007652.0,1007652.0,1007652.0,1007652.0,1006604,1006604,1006604,1006604,1006604,1006604,1006604,1006604,1006604,1006604,1006604,1006604,1006604,1006604,1006604,1006604,1006604,1006604,1006604,1006604,1006604,1006604,1006604,1006604,1006604,1006604,1006604,1006604,1006604,1006604,1006604,1006604,1006604,1006604,1006604,1006604,1006604,1006604,1006604,1006604,1006604,1006604,1006604,1006604,1006604,1006604,1006604,1006604,1006604,1006604,1006604,1006604,1006604,1006604,1006604,1006604,1006604,1006604,1006604,1006604,1006604,1006604,1006604,1006604,1006604,1006604
2008-06-01,964046,964046,964046,964046,964046,964046,964046,964046,964046,964046,964046,964046,1017206,1017206,1017206,1017206,1017206,1017206,1017206,1017206,1017206,1017206,1017206,1017206,1017206,1015567,1015567,1015567,1015567,1015567,1015567,1015567,1015567,1015567,1015567,1015567,1015567,1015494,1015494,1015494,1015494,1015494,1015494,1015494,1015494,1015494,1015494,1015494,1015494,1015494,1015558,1015558,1015558,1015558,1015558,1015558,1015558,1015558,1015558,1015558,1015558,1015558,1015164,1015164,1015164,1015164,1015164,1015164,1015164,1015164,1015164,1015164,1015164,1015164,1014353,1014353,1014353,1014353,1014353,1014353,1014353,1014353,1014353,1014353,1014353,1014353,1014668.0,1014668.0,1014668.0,1014668.0,1014668.0,1014668.0,1014668.0,1014668.0,1014668.0,1014668.0,1014668.0,1014668.0,1015141.0,1015141.0,1015141.0,1015141.0,1015141.0,1015141.0,1015141.0,1015141.0,1015141.0,1015141.0,1015141.0,1015141.0,1015114.0,1015114.0,1015114.0,1015114.0,1015114.0,1015114.0,1015114.0,1015114.0,1015114.0,1015114.0,1015114.0,1015114.0,1014809,1014809,1014809,1014809,1014809,1014809,1014809,1014809,1014809,1014809,1014809,1014809,1014809,1014809,1014809,1014809,1014809,1014809,1014809,1014809,1014809,1014809,1014809,1014809,1014809,1014809,1014809,1014809,1014809,1014809,1014809,1014809,1014809,1014809,1014809,1014809,1014809,1014809,1014809,1014809,1014809,1014809,1014809,1014809,1014809,1014809,1014809,1014809,1014809,1014809,1014809,1014809,1014809,1014809,1014809,1014809,1014809,1014809,1014809,1014809,1014809,1014809,1014809,1014809,1014809,1014809
2008-07-01,969264,969264,969264,969264,969264,969264,969264,969264,969264,969264,969264,969264,1023153,1023153,1023153,1023153,1023153,1023153,1023153,1023153,1023153,1023153,1023153,1023153,1023153,1020901,1020901,1020901,1020901,1020901,1020901,1020901,1020901,1020901,1020901,1020901,1020901,1020469,1020469,1020469,1020469,1020469,1020469,1020469,1020469,1020469,1020469,1020469,1020469,1020469,1020538,1020538,1020538,1020538,1020538,1020538,1020538,1020538,1020538,1020538,1020538,1020538,1019847,1019847,1019847,1019847,1019847,1019847,1019847,1019847,1019847,1019847,1019847,1019847,1018599,1018599,1018599,1018599,1018599,1018599,1018599,1018599,1018599,1018599,1018599,1018599,1018086.0,1018086.0,1018086.0,1018086.0,1018086.0,1018086.0,1018086.0,1018086.0,1018086.0,1018086.0,1018086.0,1018086.0,1017763.0,1017763.0,1017763.0,1017763.0,1017763.0,1017763.0,1017763.0,1017763.0,1017763.0,1017763.0,1017763.0,1017763.0,1017325.0,1017325.0,1017325.0,1017325.0,1017325.0,1017325.0,1017325.0,1017325.0,1017325.0,1017325.0,1017325.0,1017325.0,1017555,1017555,1017555,1017555,1017555,1017555,1017555,1017555,1017555,1017555,1017555,1017555,1017555,1017555,1017555,1017555,1017555,1017555,1017555,1017555,1017555,1017555,1017555,1017555,1017555,1017555,1017555,1017555,1017555,1017555,1017555,1017555,1017555,1017555,1017555,1017555,1017555,1017555,1017555,1017555,1017555,1017555,1017555,1017555,1017555,1017555,1017555,1017555,1017555,1017555,1017555,1017555,1017555,1017555,1017555,1017555,1017555,1017555,1017555,1017555,1017555,1017555,1017555,1017555,1017555,1017555
2008-08-01,970814,970814,970814,970814,970814,970814,970814,970814,970814,970814,970814,970814,1026144,1026144,1026144,1026144,1026144,1026144,1026144,1026144,1026144,1026144,1026144,1026144,1026144,1024143,1024143,1024143,1024143,1024143,1024143,1024143,1024143,1024143,1024143,1024143,1024143,1024168,1024168,1024168,1024168,1024168,1024168,1024168,1024168,1024168,1024168,1024168,1024168,1024168,1024350,1024350,1024350,1024350,1024350,1024350,1024350,1024350,1024350,1024350,1024350,1024350,1023463,1023463,1023463,1023463,1023463,1023463,1023463,1023463,1023463,1023463,1023463,1023463,1022133,1022133,1022133,1022133,1022133,1022133,1022133,1022133,1022133,1022133,1022133,1022133,1020873.0,1020873.0,1020873.0,1020873.0,1020873.0,1020873.0,1020873.0,1020873.0,1020873.0,1020873.0,1020873.0,1020873.0,1021253.0,1021253.0,1021253.0,1021253.0,1021253.0,1021253.0,1021253.0,1021253.0,1021253.0,1021253.0,1021253.0,1021253.0,1020556.0,1020556.0,1020556.0,1020556.0,1020556.0,1020556.0,1020556.0,1020556.0,1020556.0,1020556.0,1020556.0,1020556.0,1019751,1019751,1019751,1019751,1019751,1019751,1019751,1019751,1019751,1019751,1019751,1019751,1019751,1019751,1019751,1019751,1019751,1019751,1019751,1019751,1019751,1019751,1019751,1019751,1019751,1019751,1019751,1019751,1019751,1019751,1019751,1019751,1019751,1019751,1019751,1019751,1019751,1019751,1019751,1019751,1019751,1019751,1019751,1019751,1019751,1019751,1019751,1019751,1019751,1019751,1019751,1019751,1019751,1019751,1019751,1019751,1019751,1019751,1019751,1019751,1019751,1019751,1019751,1019751,1019751,1019751
2008-09-01,970985,970985,970985,970985,970985,970985,970985,970985,970985,970985,970985,970985,1026698,1026698,1026698,1026698,1026698,1026698,1026698,1026698,1026698,1026698,1026698,1026698,1026698,1023882,1023882,1023882,1023882,1023882,1023882,1023882,1023882,1023882,1023882,1023882,1023882,1023724,1023724,1023724,1023724,1023724,1023724,1023724,1023724,1023724,1023724,1023724,1023724,1023724,1023738,1023738,1023738,1023738,1023738,1023738,1023738,1023738,1023738,1023738,1023738,1023738,1022784,1022784,1022784,1022784,1022784,1022784,1022784,1022784,1022784,1022784,1022784,1022784,1022389,1022389,1022389,1022389,1022389,1022389,1022389,1022389,1022389,1022389,1022389,1022389,1021866.0,1021866.0,1021866.0,1021866.0,1021866.0,1021866.0,1021866.0,1021866.0,1021866.0,1021866.0,1021866.0,1021866.0,1022353.0,1022353.0,1022353.0,1022353.0,1022353.0,1022353.0,1022353.0,1022353.0,1022353.0,1022353.0,1022353.0,1022353.0,1022298.0,1022298.0,1022298.0,1022298.0,1022298.0,1022298.0,1022298.0,1022298.0,1022298.0,1022298.0,1022298.0,1022298.0,1023845,1023845,1023845,1023845,1023845,1023845,1023845,1023845,1023845,1023845,1023845,1023845,1023845,1023845,1023845,1023845,1023845,1023845,1023845,1023845,1023845,1023845,1023845,1023845,1023845,1023845,1023845,1023845,1023845,1023845,1023845,1023845,1023845,1023845,1023845,1023845,1023845,1023845,1023845,1023845,1023845,1023845,1023845,1023845,1023845,1023845,1023845,1023845,1023845,1023845,1023845,1023845,1023845,1023845,1023845,1023845,1023845,1023845,1023845,1023845,1023845,1023845,1023845,1023845,1023845,1023845
2008-10-01,961348,961348,961348,961348,961348,961348,961348,961348,961348,961348,961348,961348,1017535,1017535,1017535,1017535,1017535,1017535,1017535,1017535,1017535,1017535,1017535,1017535,1017535,1015533,1015533,1015533,1015533,1015533,1015533,1015533,1015533,1015533,1015533,1015533,1015533,1015138,1015138,1015138,1015138,1015138,1015138,1015138,1015138,1015138,1015138,1015138,1015138,1015138,1015048,1015048,1015048,1015048,1015048,1015048,1015048,1015048,1015048,1015048,1015048,1015048,1014314,1014314,1014314,1014314,1014314,1014314,1014314,1014314,1014314,1014314,1014314,1014314,1013746,1013746,1013746,1013746,1013746,1013746,1013746,1013746,1013746,1013746,1013746,1013746,1013393.0,1013393.0,1013393.0,1013393.0,1013393.0,1013393.0,1013393.0,1013393.0,1013393.0,1013393.0,1013393.0,1013393.0,1014628.0,1014628.0,1014628.0,1014628.0,1014628.0,1014628.0,1014628.0,1014628.0,1014628.0,1014628.0,1014628.0,1014628.0,1014009.0,1014009.0,1014009.0,1014009.0,1014009.0,1014009.0,1014009.0,1014009.0,1014009.0,1014009.0,1014009.0,1014009.0,1015274,1015274,1015274,1015274,1015274,1015274,1015274,1015274,1015274,1015274,1015274,1015274,1015274,1015274,1015274,1015274,1015274,1015274,1015274,1015274,1015274,1015274,1015274,1015274,1015274,1015274,1015274,1015274,1015274,1015274,1015274,1015274,1015274,1015274,1015274,1015274,1015274,1015274,1015274,1015274,1015274,1015274,1015274,1015274,1015274,1015274,1015274,1015274,1015274,1015274,1015274,1015274,1015274,1015274,1015274,1015274,1015274,1015274,1015274,1015274,1015274,1015274,1015274,1015274,1015274,1015274
2008-11-01,953654,953654,953654,953654,953654,953654,953654,953654,953654,953654,953654,953654,1009451,1009451,1009451,1009451,1009451,1009451,1009451,1009451,1009451,1009451,1009451,1009451,1009451,1007845,1007845,1007845,1007845,1007845,1007845,1007845,1007845,1007845,1007845,1007845,1007845,1007160,1007160,1007160,1007160,1007160,1007160,1007160,1007160,1007160,1007160,1007160,1007160,1007160,1006963,1006963,1006963,1006963,1006963,1006963,1006963,1006963,1006963,1006963,1006963,1006963,1006178,1006178,1006178,1006178,1006178,1006178,1006178,1006178,1006178,1006178,1006178,1006178,1005402,1005402,1005402,1005402,1005402,1005402,1005402,1005402,1005402,1005402,1005402,1005402,1004155.0,1004155.0,1004155.0,1004155.0,1004155.0,1004155.0,1004155.0,1004155.0,1004155.0,1004155.0,1004155.0,1004155.0,1005011.0,1005011.0,1005011.0,1005011.0,1005011.0,1005011.0,1005011.0,1005011.0,1005011.0,1005011.0,1005011.0,1005011.0,1004902.0,1004902.0,1004902.0,1004902.0,1004902.0,1004902.0,1004902.0,1004902.0,1004902.0,1004902.0,1004902.0,1004902.0,1004603,1004603,1004603,1004603,1004603,1004603,1004603,1004603,1004603,1004603,1004603,1004603,1004603,1004603,1004603,1004603,1004603,1004603,1004603,1004603,1004603,1004603,1004603,1004603,1004603,1004603,1004603,1004603,1004603,1004603,1004603,1004603,1004603,1004603,1004603,1004603,1004603,1004603,1004603,1004603,1004603,1004603,1004603,1004603,1004603,1004603,1004603,1004603,1004603,1004603,1004603,1004603,1004603,1004603,1004603,1004603,1004603,1004603,1004603,1004603,1004603,1004603,1004603,1004603,1004603,1004603
2008-12-01,943517,943517,943517,943517,943517,943517,943517,943517,943517,943517,943517,943517,996797,996797,996797,996797,996797,996797,996797,996797,996797,996797,996797,996797,996797,996261,996261,996261,996261,996261,996261,996261,996261,996261,996261,996261,996261,996144,996144,996144,996144,996144,996144,996144,996144,996144,996144,996144,996144,996144,996124,996124,996124,996124,996124,996124,996124,996124,996124,996124,996124,996124,995368,995368,995368,995368,995368,995368,995368,995368,995368,995368,995368,995368,995050,995050,995050,995050,995050,995050,995050,995050,995050,995050,995050,995050,994329.0,994329.0,994329.0,994329.0,994329.0,994329.0,994329.0,994329.0,994329.0,994329.0,994329.0,994329.0,993011.0,993011.0,993011.0,993011.0,993011.0,993011.0,993011.0,993011.0,993011.0,993011.0,993011.0,993011.0,993460.0,993460.0,993460.0,993460.0,993460.0,993460.0,993460.0,993460.0,993460.0,993460.0,993460.0,993460.0,994104,994104,994104,994104,994104,994104,994104,994104,994104,994104,994104,994104,994104,994104,994104,994104,994104,994104,994104,994104,994104,994104,994104,994104,994104,994104,994104,994104,994104,994104,994104,994104,994104,994104,994104,994104,994104,994104,994104,994104,994104,994104,994104,994104,994104,994104,994104,994104,994104,994104,994104,994104,994104,994104,994104,994104,994104,994104,994104,994104,994104,994104,994104,994104,994104,994104
2009-01-01,922699,922699,922699,922699,922699,922699,922699,922699,922699,922699,922699,922699,972844,972844,972844,972844,972844,972844,972844,972844,972844,972844,972844,972844,972844,976324,976324,976324,976324,976324,976324,976324,976324,976324,976324,976324,976324,977021,977021,977021,977021,977021,977021,977021,977021,977021,977021,977021,977021,977021,977321,977321,977321,977321,977321,977321,977321,977321,977321,977321,977321,977321,976677,976677,976677,976677,976677,976677,976677,976677,976677,976677,976677,976677,976578,976578,976578,976578,976578,976578,976578,976578,976578,976578,976578,976578,976471.0,976471.0,976471.0,976471.0,976471.0,976471.0,976471.0,976471.0,976471.0,976471.0,976471.0,976471.0,975953.0,975953.0,975953.0,975953.0,975953.0,975953.0,975953.0,975953.0,975953.0,975953.0,975953.0,975953.0,975577.0,975577.0,975577.0,975577.0,975577.0,975577.0,975577.0,975577.0,975577.0,975577.0,975577.0,975577.0,972987,972987,972987,972987,972987,972987,972987,972987,972987,972987,972987,972987,972987,972987,972987,972987,972987,972987,972987,972987,972987,972987,972987,972987,972987,972987,972987,972987,972987,972987,972987,972987,972987,972987,972987,972987,972987,972987,972987,972987,972987,972987,972987,972987,972987,972987,972987,972987,972987,972987,972987,972987,972987,972987,972987,972987,972987,972987,972987,972987,972987,972987,972987,972987,972987,972987
2009-02-01,901818,901818,901818,901818,901818,901818,901818,901818,901818,901818,901818,901818,944416,944416,944416,944416,944416,944416,944416,944416,944416,944416,944416,944416,944416,949901,949901,949901,949901,949901,949901,949901,949901,949901,949901,949901,949901,950778,950778,950778,950778,950778,950778,950778,950778,950778,950778,950778,950778,950778,950671,950671,950671,950671,950671,950671,950671,950671,950671,950671,950671,950671,950229,950229,950229,950229,950229,950229,950229,950229,950229,950229,950229,950229,950771,950771,950771,950771,950771,950771,950771,950771,950771,950771,950771,950771,951519.0,951519.0,951519.0,951519.0,951519.0,951519.0,951519.0,951519.0,951519.0,951519.0,951519.0,951519.0,950392.0,950392.0,950392.0,950392.0,950392.0,950392.0,950392.0,950392.0,950392.0,950392.0,950392.0,950392.0,950793.0,950793.0,950793.0,950793.0,950793.0,950793.0,950793.0,950793.0,950793.0,950793.0,950793.0,950793.0,949518,949518,949518,949518,949518,949518,949518,949518,949518,949518,949518,949518,949518,949518,949518,949518,949518,949518,949518,949518,949518,949518,949518,949518,949518,949518,949518,949518,949518,949518,949518,949518,949518,949518,949518,949518,949518,949518,949518,949518,949518,949518,949518,949518,949518,949518,949518,949518,949518,949518,949518,949518,949518,949518,949518,949518,949518,949518,949518,949518,949518,949518,949518,949518,949518,949518
2009-03-01,880933,880933,880933,880933,880933,880933,880933,880933,880933,880933,880933,880933,918399,918399,918399,918399,918399,918399,918399,918399,918399,918399,918399,918399,918399,926837,926837,926837,926837,926837,926837,926837,926837,926837,926837,926837,926837,927410,927410,927410,927410,927410,927410,927410,927410,927410,927410,927410,927410,927410,927513,927513,927513,927513,927513,927513,927513,927513,927513,927513,927513,927513,927316,927316,927316,927316,927316,927316,927316,927316,927316,927316,927316,927316,927400,927400,927400,927400,927400,927400,927400,927400,927400,927400,927400,927400,927983.0,927983.0,927983.0,927983.0,927983.0,927983.0,927983.0,927983.0,927983.0,927983.0,927983.0,927983.0,927177.0,927177.0,927177.0,927177.0,927177.0,927177.0,927177.0,927177.0,927177.0,927177.0,927177.0,927177.0,927825.0,927825.0,927825.0,927825.0,927825.0,927825.0,927825.0,927825.0,927825.0,927825.0,927825.0,927825.0,927451,927451,927451,927451,927451,927451,927451,927451,927451,927451,927451,927451,927451,927451,927451,927451,927451,927451,927451,927451,927451,927451,927451,927451,927451,927451,927451,927451,927451,927451,927451,927451,927451,927451,927451,927451,927451,927451,927451,927451,927451,927451,927451,927451,927451,927451,927451,927451,927451,927451,927451,927451,927451,927451,927451,927451,927451,927451,927451,927451,927451,927451,927451,927451,927451,927451
2009-04-01,864834,864834,864834,864834,864834,864834,864834,864834,864834,864834,864834,864834,898111,898111,898111,898111,898111,898111,898111,898111,898111,898111,898111,898111,898111,909084,909084,909084,909084,909084,909084,909084,909084,909084,909084,909084,909084,909425,909425,909425,909425,909425,909425,909425,909425,909425,909425,909425,909425,909425,909432,909432,909432,909432,909432,909432,909432,909432,909432,909432,909432,909432,909402,909402,909402,909402,909402,909402,909402,909402,909402,909402,909402,909402,909198,909198,909198,909198,909198,909198,909198,909198,909198,909198,909198,909198,910372.0,910372.0,910372.0,910372.0,910372.0,910372.0,910372.0,910372.0,910372.0,910372.0,910372.0,910372.0,910332.0,910332.0,910332.0,910332.0,910332.0,910332.0,910332.0,910332.0,910332.0,910332.0,910332.0,910332.0,910126.0,910126.0,910126.0,910126.0,910126.0,910126.0,910126.0,910126.0,910126.0,910126.0,910126.0,910126.0,912236,912236,912236,912236,912236,912236,912236,912236,912236,912236,912236,912236,912236,912236,912236,912236,912236,912236,912236,912236,912236,912236,912236,912236,912236,912236,912236,912236,912236,912236,912236,912236,912236,912236,912236,912236,912236,912236,912236,912236,912236,912236,912236,912236,912236,912236,912236,912236,912236,912236,912236,912236,912236,912236,912236,912236,912236,912236,912236,912236,912236,912236,912236,912236,912236,912236
2009-05-01,858069,858069,858069,858069,858069,858069,858069,858069,858069,858069,858069,858069,886162,886162,886162,886162,886162,886162,886162,886162,886162,886162,886162,886162,886162,900062,900062,900062,900062,900062,900062,900062,900062,900062,900062,900062,900062,900200,900200,900200,900200,900200,900200,900200,900200,900200,900200,900200,900200,900200,900339,900339,900339,900339,900339,900339,900339,900339,900339,900339,900339,900339,900370,900370,900370,900370,900370,900370,900370,900370,900370,900370,900370,900370,900045,900045,900045,900045,900045,900045,900045,900045,900045,900045,900045,900045,900549.0,900549.0,900549.0,900549.0,900549.0,900549.0,900549.0,900549.0,900549.0,900549.0,900549.0,900549.0,900555.0,900555.0,900555.0,900555.0,900555.0,900555.0,900555.0,900555.0,900555.0,900555.0,900555.0,900555.0,901190.0,901190.0,901190.0,901190.0,901190.0,901190.0,901190.0,901190.0,901190.0,901190.0,901190.0,901190.0,901550,901550,901550,901550,901550,901550,901550,901550,901550,901550,901550,901550,901550,901550,901550,901550,901550,901550,901550,901550,901550,901550,901550,901550,901550,901550,901550,901550,901550,901550,901550,901550,901550,901550,901550,901550,901550,901550,901550,901550,901550,901550,901550,901550,901550,901550,901550,901550,901550,901550,901550,901550,901550,901550,901550,901550,901550,901550,901550,901550,901550,901550,901550,901550,901550,901550
2009-06-01,846002,846002,846002,846002,846002,846002,846002,846002,846002,846002,846002,846002,871579,871579,871579,871579,871579,871579,871579,871579,871579,871579,871579,871579,871579,886764,886764,886764,886764,886764,886764,886764,886764,886764,886764,886764,886764,886463,886463,886463,886463,886463,886463,886463,886463,886463,886463,886463,886463,886463,886440,886440,886440,886440,886440,886440,886440,886440,886440,886440,886440,886440,886630,886630,886630,886630,886630,886630,886630,886630,886630,886630,886630,886630,885890,885890,885890,885890,885890,885890,885890,885890,885890,885890,885890,885890,886639.0,886639.0,886639.0,886639.0,886639.0,886639.0,886639.0,886639.0,886639.0,886639.0,886639.0,886639.0,887174.0,887174.0,887174.0,887174.0,887174.0,887174.0,887174.0,887174.0,887174.0,887174.0,887174.0,887174.0,886988.0,886988.0,886988.0,886988.0,886988.0,886988.0,886988.0,886988.0,886988.0,886988.0,886988.0,886988.0,888567,888567,888567,888567,888567,888567,888567,888567,888567,888567,888567,888567,888567,888567,888567,888567,888567,888567,888567,888567,888567,888567,888567,888567,888567,888567,888567,888567,888567,888567,888567,888567,888567,888567,888567,888567,888567,888567,888567,888567,888567,888567,888567,888567,888567,888567,888567,888567,888567,888567,888567,888567,888567,888567,888567,888567,888567,888567,888567,888567,888567,888567,888567,888567,888567,888567
2009-07-01,842340,842340,842340,842340,842340,842340,842340,842340,842340,842340,842340,842340,863794,863794,863794,863794,863794,863794,863794,863794,863794,863794,863794,863794,863794,880593,880593,880593,880593,880593,880593,880593,880593,880593,880593,880593,880593,879920,879920,879920,879920,879920,879920,879920,879920,879920,879920,879920,879920,879920,879915,879915,879915,879915,879915,879915,879915,879915,879915,879915,879915,879915,879995,879995,879995,879995,879995,879995,879995,879995,879995,879995,879995,879995,879577,879577,879577,879577,879577,879577,879577,879577,879577,879577,879577,879577,879591.0,879591.0,879591.0,879591.0,879591.0,879591.0,879591.0,879591.0,879591.0,879591.0,879591.0,879591.0,879199.0,879199.0,879199.0,879199.0,879199.0,879199.0,879199.0,879199.0,879199.0,879199.0,879199.0,879199.0,879286.0,879286.0,879286.0,879286.0,879286.0,879286.0,879286.0,879286.0,879286.0,879286.0,879286.0,879286.0,879300,879300,879300,879300,879300,879300,879300,879300,879300,879300,879300,879300,879300,879300,879300,879300,879300,879300,879300,879300,879300,879300,879300,879300,879300,879300,879300,879300,879300,879300,879300,879300,879300,879300,879300,879300,879300,879300,879300,879300,879300,879300,879300,879300,879300,879300,879300,879300,879300,879300,879300,879300,879300,879300,879300,879300,879300,879300,879300,879300,879300,879300,879300,879300,879300,879300
2009-08-01,834923,834923,834923,834923,834923,834923,834923,834923,834923,834923,834923,834923,853571,853571,853571,853571,853571,853571,853571,853571,853571,853571,853571,853571,853571,873320,873320,873320,873320,873320,873320,873320,873320,873320,873320,873320,873320,873315,873315,873315,873315,873315,873315,873315,873315,873315,873315,873315,873315,873315,873325,873325,873325,873325,873325,873325,873325,873325,873325,873325,873325,873325,873428,873428,873428,873428,873428,873428,873428,873428,873428,873428,873428,873428,872657,872657,872657,872657,872657,872657,872657,872657,872657,872657,872657,872657,871525.0,871525.0,871525.0,871525.0,871525.0,871525.0,871525.0,871525.0,871525.0,871525.0,871525.0,871525.0,872524.0,872524.0,872524.0,872524.0,872524.0,872524.0,872524.0,872524.0,872524.0,872524.0,872524.0,872524.0,872162.0,872162.0,872162.0,872162.0,872162.0,872162.0,872162.0,872162.0,872162.0,872162.0,872162.0,872162.0,872444,872444,872444,872444,872444,872444,872444,872444,872444,872444,872444,872444,872444,872444,872444,872444,872444,872444,872444,872444,872444,872444,872444,872444,872444,872444,872444,872444,872444,872444,872444,872444,872444,872444,872444,872444,872444,872444,872444,872444,872444,872444,872444,872444,872444,872444,872444,872444,872444,872444,872444,872444,872444,872444,872444,872444,872444,872444,872444,872444,872444,872444,872444,872444,872444,872444
2009-09-01,826591,826591,826591,826591,826591,826591,826591,826591,826591,826591,826591,826591,842104,842104,842104,842104,842104,842104,842104,842104,842104,842104,842104,842104,842104,861532,861532,861532,861532,861532,861532,861532,861532,861532,861532,861532,861532,860839,860839,860839,860839,860839,860839,860839,860839,860839,860839,860839,860839,860839,860825,860825,860825,860825,860825,860825,860825,860825,860825,860825,860825,860825,861188,861188,861188,861188,861188,861188,861188,861188,861188,861188,861188,861188,860546,860546,860546,860546,860546,860546,860546,860546,860546,860546,860546,860546,860071.0,860071.0,860071.0,860071.0,860071.0,860071.0,860071.0,860071.0,860071.0,860071.0,860071.0,860071.0,860500.0,860500.0,860500.0,860500.0,860500.0,860500.0,860500.0,860500.0,860500.0,860500.0,860500.0,860500.0,860544.0,860544.0,860544.0,860544.0,860544.0,860544.0,860544.0,860544.0,860544.0,860544.0,860544.0,860544.0,860893,860893,860893,860893,860893,860893,860893,860893,860893,860893,860893,860893,860893,860893,860893,860893,860893,860893,860893,860893,860893,860893,860893,860893,860893,860893,860893,860893,860893,860893,860893,860893,860893,860893,860893,860893,860893,860893,860893,860893,860893,860893,860893,860893,860893,860893,860893,860893,860893,860893,860893,860893,860893,860893,860893,860893,860893,860893,860893,860893,860893,860893,860893,860893,860893,860893
2009-10-01,821112,821112,821112,821112,821112,821112,821112,821112,821112,821112,821112,821112,833359,833359,833359,833359,833359,833359,833359,833359,833359,833359,833359,833359,833359,854060,854060,854060,854060,854060,854060,854060,854060,854060,854060,854060,854060,853555,853555,853555,853555,853555,853555,853555,853555,853555,853555,853555,853555,853555,853594,853594,853594,853594,853594,853594,853594,853594,853594,853594,853594,853594,853988,853988,853988,853988,853988,853988,853988,853988,853988,853988,853988,853988,853351,853351,853351,853351,853351,853351,853351,853351,853351,853351,853351,853351,853071.0,853071.0,853071.0,853071.0,853071.0,853071.0,853071.0,853071.0,853071.0,853071.0,853071.0,853071.0,854684.0,854684.0,854684.0,854684.0,854684.0,854684.0,854684.0,854684.0,854684.0,854684.0,854684.0,854684.0,853526.0,853526.0,853526.0,853526.0,853526.0,853526.0,853526.0,853526.0,853526.0,853526.0,853526.0,853526.0,852785,852785,852785,852785,852785,852785,852785,852785,852785,852785,852785,852785,852785,852785,852785,852785,852785,852785,852785,852785,852785,852785,852785,852785,852785,852785,852785,852785,852785,852785,852785,852785,852785,852785,852785,852785,852785,852785,852785,852785,852785,852785,852785,852785,852785,852785,852785,852785,852785,852785,852785,852785,852785,852785,852785,852785,852785,852785,852785,852785,852785,852785,852785,852785,852785,852785
2009-11-01,811195,811195,811195,811195,811195,811195,811195,811195,811195,811195,811195,811195,819968,819968,819968,819968,819968,819968,819968,819968,819968,819968,819968,819968,819968,842627,842627,842627,842627,842627,842627,842627,842627,842627,842627,842627,842627,842054,842054,842054,842054,842054,842054,842054,842054,842054,842054,842054,842054,842054,842162,842162,842162,842162,842162,842162,842162,842162,842162,842162,842162,842162,842738,842738,842738,842738,842738,842738,842738,842738,842738,842738,842738,842738,842227,842227,842227,842227,842227,842227,842227,842227,842227,842227,842227,842227,841385.0,841385.0,841385.0,841385.0,841385.0,841385.0,841385.0,841385.0,841385.0,841385.0,841385.0,841385.0,841925.0,841925.0,841925.0,841925.0,841925.0,841925.0,841925.0,841925.0,841925.0,841925.0,841925.0,841925.0,841994.0,841994.0,841994.0,841994.0,841994.0,841994.0,841994.0,841994.0,841994.0,841994.0,841994.0,841994.0,840164,840164,840164,840164,840164,840164,840164,840164,840164,840164,840164,840164,840164,840164,840164,840164,840164,840164,840164,840164,840164,840164,840164,840164,840164,840164,840164,840164,840164,840164,840164,840164,840164,840164,840164,840164,840164,840164,840164,840164,840164,840164,840164,840164,840164,840164,840164,840164,840164,840164,840164,840164,840164,840164,840164,840164,840164,840164,840164,840164,840164,840164,840164,840164,840164,840164
2009-12-01,800448,800448,800448,800448,800448,800448,800448,800448,800448,800448,800448,800448,802460,802460,802460,802460,802460,802460,802460,802460,802460,802460,802460,802460,802460,825269,825269,825269,825269,825269,825269,825269,825269,825269,825269,825269,825269,824943,824943,824943,824943,824943,824943,824943,824943,824943,824943,824943,824943,824943,825118,825118,825118,825118,825118,825118,825118,825118,825118,825118,825118,825118,826011,826011,826011,826011,826011,826011,826011,826011,826011,826011,826011,826011,825970,825970,825970,825970,825970,825970,825970,825970,825970,825970,825970,825970,825987.0,825987.0,825987.0,825987.0,825987.0,825987.0,825987.0,825987.0,825987.0,825987.0,825987.0,825987.0,825121.0,825121.0,825121.0,825121.0,825121.0,825121.0,825121.0,825121.0,825121.0,825121.0,825121.0,825121.0,825225.0,825225.0,825225.0,825225.0,825225.0,825225.0,825225.0,825225.0,825225.0,825225.0,825225.0,825225.0,825089,825089,825089,825089,825089,825089,825089,825089,825089,825089,825089,825089,825089,825089,825089,825089,825089,825089,825089,825089,825089,825089,825089,825089,825089,825089,825089,825089,825089,825089,825089,825089,825089,825089,825089,825089,825089,825089,825089,825089,825089,825089,825089,825089,825089,825089,825089,825089,825089,825089,825089,825089,825089,825089,825089,825089,825089,825089,825089,825089,825089,825089,825089,825089,825089,825089
2010-01-01,801598,801598,801598,801598,801598,801598,801598,801598,801598,801598,801598,801598,806633,806633,806633,806633,806633,806633,806633,806633,806633,806633,806633,806633,806633,827899,827899,827899,827899,827899,827899,827899,827899,827899,827899,827899,827899,828836,828836,828836,828836,828836,828836,828836,828836,828836,828836,828836,828836,828836,829106,829106,829106,829106,829106,829106,829106,829106,829106,829106,829106,829106,830017,830017,830017,830017,830017,830017,830017,830017,830017,830017,830017,830017,830387,830387,830387,830387,830387,830387,830387,830387,830387,830387,830387,830387,830282.0,830282.0,830282.0,830282.0,830282.0,830282.0,830282.0,830282.0,830282.0,830282.0,830282.0,830282.0,829198.0,829198.0,829198.0,829198.0,829198.0,829198.0,829198.0,829198.0,829198.0,829198.0,829198.0,829198.0,829405.0,829405.0,829405.0,829405.0,829405.0,829405.0,829405.0,829405.0,829405.0,829405.0,829405.0,829405.0,827911,827911,827911,827911,827911,827911,827911,827911,827911,827911,827911,827911,827911,827911,827911,827911,827911,827911,827911,827911,827911,827911,827911,827911,827911,827911,827911,827911,827911,827911,827911,827911,827911,827911,827911,827911,827911,827911,827911,827911,827911,827911,827911,827911,827911,827911,827911,827911,827911,827911,827911,827911,827911,827911,827911,827911,827911,827911,827911,827911,827911,827911,827911,827911,827911,827911
2010-02-01,804985,804985,804985,804985,804985,804985,804985,804985,804985,804985,804985,804985,810229,810229,810229,810229,810229,810229,810229,810229,810229,810229,810229,810229,810229,828389,828389,828389,828389,828389,828389,828389,828389,828389,828389,828389,828389,829529,829529,829529,829529,829529,829529,829529,829529,829529,829529,829529,829529,829529,829557,829557,829557,829557,829557,829557,829557,829557,829557,829557,829557,829557,830495,830495,830495,830495,830495,830495,830495,830495,830495,830495,830495,830495,831453,831453,831453,831453,831453,831453,831453,831453,831453,831453,831453,831453,832507.0,832507.0,832507.0,832507.0,832507.0,832507.0,832507.0,832507.0,832507.0,832507.0,832507.0,832507.0,831741.0,831741.0,831741.0,831741.0,831741.0,831741.0,831741.0,831741.0,831741.0,831741.0,831741.0,831741.0,831746.0,831746.0,831746.0,831746.0,831746.0,831746.0,831746.0,831746.0,831746.0,831746.0,831746.0,831746.0,832657,832657,832657,832657,832657,832657,832657,832657,832657,832657,832657,832657,832657,832657,832657,832657,832657,832657,832657,832657,832657,832657,832657,832657,832657,832657,832657,832657,832657,832657,832657,832657,832657,832657,832657,832657,832657,832657,832657,832657,832657,832657,832657,832657,832657,832657,832657,832657,832657,832657,832657,832657,832657,832657,832657,832657,832657,832657,832657,832657,832657,832657,832657,832657,832657,832657
2010-03-01,803337,803337,803337,803337,803337,803337,803337,803337,803337,803337,803337,803337,813569,813569,813569,813569,813569,813569,813569,813569,813569,813569,813569,813569,813569,829292,829292,829292,829292,829292,829292,829292,829292,829292,829292,829292,829292,830210,830210,830210,830210,830210,830210,830210,830210,830210,830210,830210,830210,830210,830206,830206,830206,830206,830206,830206,830206,830206,830206,830206,830206,830206,831394,831394,831394,831394,831394,831394,831394,831394,831394,831394,831394,831394,832001,832001,832001,832001,832001,832001,832001,832001,832001,832001,832001,832001,833191.0,833191.0,833191.0,833191.0,833191.0,833191.0,833191.0,833191.0,833191.0,833191.0,833191.0,833191.0,832668.0,832668.0,832668.0,832668.0,832668.0,832668.0,832668.0,832668.0,832668.0,832668.0,832668.0,832668.0,832910.0,832910.0,832910.0,832910.0,832910.0,832910.0,832910.0,832910.0,832910.0,832910.0,832910.0,832910.0,835110,835110,835110,835110,835110,835110,835110,835110,835110,835110,835110,835110,835110,835110,835110,835110,835110,835110,835110,835110,835110,835110,835110,835110,835110,835110,835110,835110,835110,835110,835110,835110,835110,835110,835110,835110,835110,835110,835110,835110,835110,835110,835110,835110,835110,835110,835110,835110,835110,835110,835110,835110,835110,835110,835110,835110,835110,835110,835110,835110,835110,835110,835110,835110,835110,835110
2010-04-01,807393,807393,807393,807393,807393,807393,807393,807393,807393,807393,807393,807393,821267,821267,821267,821267,821267,821267,821267,821267,821267,821267,821267,821267,821267,835048,835048,835048,835048,835048,835048,835048,835048,835048,835048,835048,835048,835652,835652,835652,835652,835652,835652,835652,835652,835652,835652,835652,835652,835652,835636,835636,835636,835636,835636,835636,835636,835636,835636,835636,835636,835636,836825,836825,836825,836825,836825,836825,836825,836825,836825,836825,836825,836825,837419,837419,837419,837419,837419,837419,837419,837419,837419,837419,837419,837419,836407.0,836407.0,836407.0,836407.0,836407.0,836407.0,836407.0,836407.0,836407.0,836407.0,836407.0,836407.0,836493.0,836493.0,836493.0,836493.0,836493.0,836493.0,836493.0,836493.0,836493.0,836493.0,836493.0,836493.0,836244.0,836244.0,836244.0,836244.0,836244.0,836244.0,836244.0,836244.0,836244.0,836244.0,836244.0,836244.0,835804,835804,835804,835804,835804,835804,835804,835804,835804,835804,835804,835804,835804,835804,835804,835804,835804,835804,835804,835804,835804,835804,835804,835804,835804,835804,835804,835804,835804,835804,835804,835804,835804,835804,835804,835804,835804,835804,835804,835804,835804,835804,835804,835804,835804,835804,835804,835804,835804,835804,835804,835804,835804,835804,835804,835804,835804,835804,835804,835804,835804,835804,835804,835804,835804,835804
2010-05-01,809577,809577,809577,809577,809577,809577,809577,809577,809577,809577,809577,809577,827101,827101,827101,827101,827101,827101,827101,827101,827101,827101,827101,827101,827101,838264,838264,838264,838264,838264,838264,838264,838264,838264,838264,838264,838264,838599,838599,838599,838599,838599,838599,838599,838599,838599,838599,838599,838599,838599,838553,838553,838553,838553,838553,838553,838553,838553,838553,838553,838553,838553,839746,839746,839746,839746,839746,839746,839746,839746,839746,839746,839746,839746,840241,840241,840241,840241,840241,840241,840241,840241,840241,840241,840241,840241,838789.0,838789.0,838789.0,838789.0,838789.0,838789.0,838789.0,838789.0,838789.0,838789.0,838789.0,838789.0,838983.0,838983.0,838983.0,838983.0,838983.0,838983.0,838983.0,838983.0,838983.0,838983.0,838983.0,838983.0,839486.0,839486.0,839486.0,839486.0,839486.0,839486.0,839486.0,839486.0,839486.0,839486.0,839486.0,839486.0,841383,841383,841383,841383,841383,841383,841383,841383,841383,841383,841383,841383,841383,841383,841383,841383,841383,841383,841383,841383,841383,841383,841383,841383,841383,841383,841383,841383,841383,841383,841383,841383,841383,841383,841383,841383,841383,841383,841383,841383,841383,841383,841383,841383,841383,841383,841383,841383,841383,841383,841383,841383,841383,841383,841383,841383,841383,841383,841383,841383,841383,841383,841383,841383,841383,841383
2010-06-01,809990,809990,809990,809990,809990,809990,809990,809990,809990,809990,809990,809990,833191,833191,833191,833191,833191,833191,833191,833191,833191,833191,833191,833191,833191,841307,841307,841307,841307,841307,841307,841307,841307,841307,841307,841307,841307,840448,840448,840448,840448,840448,840448,840448,840448,840448,840448,840448,840448,840448,840077,840077,840077,840077,840077,840077,840077,840077,840077,840077,840077,840077,841659,841659,841659,841659,841659,841659,841659,841659,841659,841659,841659,841659,842216,842216,842216,842216,842216,842216,842216,842216,842216,842216,842216,842216,841490.0,841490.0,841490.0,841490.0,841490.0,841490.0,841490.0,841490.0,841490.0,841490.0,841490.0,841490.0,841900.0,841900.0,841900.0,841900.0,841900.0,841900.0,841900.0,841900.0,841900.0,841900.0,841900.0,841900.0,841643.0,841643.0,841643.0,841643.0,841643.0,841643.0,841643.0,841643.0,841643.0,841643.0,841643.0,841643.0,841914,841914,841914,841914,841914,841914,841914,841914,841914,841914,841914,841914,841914,841914,841914,841914,841914,841914,841914,841914,841914,841914,841914,841914,841914,841914,841914,841914,841914,841914,841914,841914,841914,841914,841914,841914,841914,841914,841914,841914,841914,841914,841914,841914,841914,841914,841914,841914,841914,841914,841914,841914,841914,841914,841914,841914,841914,841914,841914,841914,841914,841914,841914,841914,841914,841914
2010-07-01,812369,812369,812369,812369,812369,812369,812369,812369,812369,812369,812369,812369,838729,838729,838729,838729,838729,838729,838729,838729,838729,838729,838729,838729,838729,843943,843943,843943,843943,843943,843943,843943,843943,843943,843943,843943,843943,842571,842571,842571,842571,842571,842571,842571,842571,842571,842571,842571,842571,842571,842330,842330,842330,842330,842330,842330,842330,842330,842330,842330,842330,842330,843494,843494,843494,843494,843494,843494,843494,843494,843494,843494,843494,843494,844313,844313,844313,844313,844313,844313,844313,844313,844313,844313,844313,844313,843722.0,843722.0,843722.0,843722.0,843722.0,843722.0,843722.0,843722.0,843722.0,843722.0,843722.0,843722.0,843368.0,843368.0,843368.0,843368.0,843368.0,843368.0,843368.0,843368.0,843368.0,843368.0,843368.0,843368.0,843631.0,843631.0,843631.0,843631.0,843631.0,843631.0,843631.0,843631.0,843631.0,843631.0,843631.0,843631.0,841422,841422,841422,841422,841422,841422,841422,841422,841422,841422,841422,841422,841422,841422,841422,841422,841422,841422,841422,841422,841422,841422,841422,841422,841422,841422,841422,841422,841422,841422,841422,841422,841422,841422,841422,841422,841422,841422,841422,841422,841422,841422,841422,841422,841422,841422,841422,841422,841422,841422,841422,841422,841422,841422,841422,841422,841422,841422,841422,841422,841422,841422,841422,841422,841422,841422
2010-08-01,812582,812582,812582,812582,812582,812582,812582,812582,812582,812582,812582,812582,842588,842588,842588,842588,842588,842588,842588,842588,842588,842588,842588,842588,842588,846229,846229,846229,846229,846229,846229,846229,846229,846229,846229,846229,846229,846557,846557,846557,846557,846557,846557,846557,846557,846557,846557,846557,846557,846557,846267,846267,846267,846267,846267,846267,846267,846267,846267,846267,846267,846267,847501,847501,847501,847501,847501,847501,847501,847501,847501,847501,847501,847501,848347,848347,848347,848347,848347,848347,848347,848347,848347,848347,848347,848347,846029.0,846029.0,846029.0,846029.0,846029.0,846029.0,846029.0,846029.0,846029.0,846029.0,846029.0,846029.0,846772.0,846772.0,846772.0,846772.0,846772.0,846772.0,846772.0,846772.0,846772.0,846772.0,846772.0,846772.0,846862.0,846862.0,846862.0,846862.0,846862.0,846862.0,846862.0,846862.0,846862.0,846862.0,846862.0,846862.0,845695,845695,845695,845695,845695,845695,845695,845695,845695,845695,845695,845695,845695,845695,845695,845695,845695,845695,845695,845695,845695,845695,845695,845695,845695,845695,845695,845695,845695,845695,845695,845695,845695,845695,845695,845695,845695,845695,845695,845695,845695,845695,845695,845695,845695,845695,845695,845695,845695,845695,845695,845695,845695,845695,845695,845695,845695,845695,845695,845695,845695,845695,845695,845695,845695,845695
2010-09-01,823141,823141,823141,823141,823141,823141,823141,823141,823141,823141,823141,823141,857422,857422,857422,857422,857422,857422,857422,857422,857422,857422,857422,857422,857422,857525,857525,857525,857525,857525,857525,857525,857525,857525,857525,857525,857525,856588,856588,856588,856588,856588,856588,856588,856588,856588,856588,856588,856588,856588,856089,856089,856089,856089,856089,856089,856089,856089,856089,856089,856089,856089,857578,857578,857578,857578,857578,857578,857578,857578,857578,857578,857578,857578,858671,858671,858671,858671,858671,858671,858671,858671,858671,858671,858671,858671,857026.0,857026.0,857026.0,857026.0,857026.0,857026.0,857026.0,857026.0,857026.0,857026.0,857026.0,857026.0,857552.0,857552.0,857552.0,857552.0,857552.0,857552.0,857552.0,857552.0,857552.0,857552.0,857552.0,857552.0,857510.0,857510.0,857510.0,857510.0,857510.0,857510.0,857510.0,857510.0,857510.0,857510.0,857510.0,857510.0,858160,858160,858160,858160,858160,858160,858160,858160,858160,858160,858160,858160,858160,858160,858160,858160,858160,858160,858160,858160,858160,858160,858160,858160,858160,858160,858160,858160,858160,858160,858160,858160,858160,858160,858160,858160,858160,858160,858160,858160,858160,858160,858160,858160,858160,858160,858160,858160,858160,858160,858160,858160,858160,858160,858160,858160,858160,858160,858160,858160,858160,858160,858160,858160,858160,858160
2010-10-01,827560,827560,827560,827560,827560,827560,827560,827560,827560,827560,827560,827560,864630,864630,864630,864630,864630,864630,864630,864630,864630,864630,864630,864630,864630,861850,861850,861850,861850,861850,861850,861850,861850,861850,861850,861850,861850,861199,861199,861199,861199,861199,861199,861199,861199,861199,861199,861199,861199,861199,860603,860603,860603,860603,860603,860603,860603,860603,860603,860603,860603,860603,862095,862095,862095,862095,862095,862095,862095,862095,862095,862095,862095,862095,862993,862993,862993,862993,862993,862993,862993,862993,862993,862993,862993,862993,861839.0,861839.0,861839.0,861839.0,861839.0,861839.0,861839.0,861839.0,861839.0,861839.0,861839.0,861839.0,862518.0,862518.0,862518.0,862518.0,862518.0,862518.0,862518.0,862518.0,862518.0,862518.0,862518.0,862518.0,862237.0,862237.0,862237.0,862237.0,862237.0,862237.0,862237.0,862237.0,862237.0,862237.0,862237.0,862237.0,862014,862014,862014,862014,862014,862014,862014,862014,862014,862014,862014,862014,862014,862014,862014,862014,862014,862014,862014,862014,862014,862014,862014,862014,862014,862014,862014,862014,862014,862014,862014,862014,862014,862014,862014,862014,862014,862014,862014,862014,862014,862014,862014,862014,862014,862014,862014,862014,862014,862014,862014,862014,862014,862014,862014,862014,862014,862014,862014,862014,862014,862014,862014,862014,862014,862014
2010-11-01,832652,832652,832652,832652,832652,832652,832652,832652,832652,832652,832652,832652,875342,875342,875342,875342,875342,875342,875342,875342,875342,875342,875342,875342,875342,869324,869324,869324,869324,869324,869324,869324,869324,869324,869324,869324,869324,868479,868479,868479,868479,868479,868479,868479,868479,868479,868479,868479,868479,868479,868313,868313,868313,868313,868313,868313,868313,868313,868313,868313,868313,868313,869797,869797,869797,869797,869797,869797,869797,869797,869797,869797,869797,869797,869676,869676,869676,869676,869676,869676,869676,869676,869676,869676,869676,869676,869021.0,869021.0,869021.0,869021.0,869021.0,869021.0,869021.0,869021.0,869021.0,869021.0,869021.0,869021.0,869414.0,869414.0,869414.0,869414.0,869414.0,869414.0,869414.0,869414.0,869414.0,869414.0,869414.0,869414.0,869267.0,869267.0,869267.0,869267.0,869267.0,869267.0,869267.0,869267.0,869267.0,869267.0,869267.0,869267.0,869894,869894,869894,869894,869894,869894,869894,869894,869894,869894,869894,869894,869894,869894,869894,869894,869894,869894,869894,869894,869894,869894,869894,869894,869894,869894,869894,869894,869894,869894,869894,869894,869894,869894,869894,869894,869894,869894,869894,869894,869894,869894,869894,869894,869894,869894,869894,869894,869894,869894,869894,869894,869894,869894,869894,869894,869894,869894,869894,869894,869894,869894,869894,869894,869894,869894
2010-12-01,831740,831740,831740,831740,831740,831740,831740,831740,831740,831740,831740,831740,879247,879247,879247,879247,879247,879247,879247,879247,879247,879247,879247,879247,879247,869481,869481,869481,869481,869481,869481,869481,869481,869481,869481,869481,869481,869044,869044,869044,869044,869044,869044,869044,869044,869044,869044,869044,869044,869044,869235,869235,869235,869235,869235,869235,869235,869235,869235,869235,869235,869235,871124,871124,871124,871124,871124,871124,871124,871124,871124,871124,871124,871124,871268,871268,871268,871268,871268,871268,871268,871268,871268,871268,871268,871268,871363.0,871363.0,871363.0,871363.0,871363.0,871363.0,871363.0,871363.0,871363.0,871363.0,871363.0,871363.0,870922.0,870922.0,870922.0,870922.0,870922.0,870922.0,870922.0,870922.0,870922.0,870922.0,870922.0,870922.0,870463.0,870463.0,870463.0,870463.0,870463.0,870463.0,870463.0,870463.0,870463.0,870463.0,870463.0,870463.0,871076,871076,871076,871076,871076,871076,871076,871076,871076,871076,871076,871076,871076,871076,871076,871076,871076,871076,871076,871076,871076,871076,871076,871076,871076,871076,871076,871076,871076,871076,871076,871076,871076,871076,871076,871076,871076,871076,871076,871076,871076,871076,871076,871076,871076,871076,871076,871076,871076,871076,871076,871076,871076,871076,871076,871076,871076,871076,871076,871076,871076,871076,871076,871076,871076,871076
2011-01-01,838186,838186,838186,838186,838186,838186,838186,838186,838186,838186,838186,838186,887116,887116,887116,887116,887116,887116,887116,887116,887116,887116,887116,887116,887116,877595,877595,877595,877595,877595,877595,877595,877595,877595,877595,877595,877595,878940,878940,878940,878940,878940,878940,878940,878940,878940,878940,878940,878940,878940,879054,879054,879054,879054,879054,879054,879054,879054,879054,879054,879054,879054,881049,881049,881049,881049,881049,881049,881049,881049,881049,881049,881049,881049,880486,880486,880486,880486,880486,880486,880486,880486,880486,880486,880486,880486,880269.0,880269.0,880269.0,880269.0,880269.0,880269.0,880269.0,880269.0,880269.0,880269.0,880269.0,880269.0,879737.0,879737.0,879737.0,879737.0,879737.0,879737.0,879737.0,879737.0,879737.0,879737.0,879737.0,879737.0,879671.0,879671.0,879671.0,879671.0,879671.0,879671.0,879671.0,879671.0,879671.0,879671.0,879671.0,879671.0,879376,879376,879376,879376,879376,879376,879376,879376,879376,879376,879376,879376,879376,879376,879376,879376,879376,879376,879376,879376,879376,879376,879376,879376,879376,879376,879376,879376,879376,879376,879376,879376,879376,879376,879376,879376,879376,879376,879376,879376,879376,879376,879376,879376,879376,879376,879376,879376,879376,879376,879376,879376,879376,879376,879376,879376,879376,879376,879376,879376,879376,879376,879376,879376,879376,879376
2011-02-01,842152,842152,842152,842152,842152,842152,842152,842152,842152,842152,842152,842152,888337,888337,888337,888337,888337,888337,888337,888337,888337,888337,888337,888337,888337,877496,877496,877496,877496,877496,877496,877496,877496,877496,877496,877496,877496,879043,879043,879043,879043,879043,879043,879043,879043,879043,879043,879043,879043,879043,878793,878793,878793,878793,878793,878793,878793,878793,878793,878793,878793,878793,881020,881020,881020,881020,881020,881020,881020,881020,881020,881020,881020,881020,881391,881391,881391,881391,881391,881391,881391,881391,881391,881391,881391,881391,882409.0,882409.0,882409.0,882409.0,882409.0,882409.0,882409.0,882409.0,882409.0,882409.0,882409.0,882409.0,881714.0,881714.0,881714.0,881714.0,881714.0,881714.0,881714.0,881714.0,881714.0,881714.0,881714.0,881714.0,881473.0,881473.0,881473.0,881473.0,881473.0,881473.0,881473.0,881473.0,881473.0,881473.0,881473.0,881473.0,881311,881311,881311,881311,881311,881311,881311,881311,881311,881311,881311,881311,881311,881311,881311,881311,881311,881311,881311,881311,881311,881311,881311,881311,881311,881311,881311,881311,881311,881311,881311,881311,881311,881311,881311,881311,881311,881311,881311,881311,881311,881311,881311,881311,881311,881311,881311,881311,881311,881311,881311,881311,881311,881311,881311,881311,881311,881311,881311,881311,881311,881311,881311,881311,881311,881311
2011-03-01,848202,848202,848202,848202,848202,848202,848202,848202,848202,848202,848202,848202,897489,897489,897489,897489,897489,897489,897489,897489,897489,897489,897489,897489,897489,887440,887440,887440,887440,887440,887440,887440,887440,887440,887440,887440,887440,888666,888666,888666,888666,888666,888666,888666,888666,888666,888666,888666,888666,888666,888100,888100,888100,888100,888100,888100,888100,888100,888100,888100,888100,888100,890879,890879,890879,890879,890879,890879,890879,890879,890879,890879,890879,890879,890554,890554,890554,890554,890554,890554,890554,890554,890554,890554,890554,890554,891114.0,891114.0,891114.0,891114.0,891114.0,891114.0,891114.0,891114.0,891114.0,891114.0,891114.0,891114.0,890643.0,890643.0,890643.0,890643.0,890643.0,890643.0,890643.0,890643.0,890643.0,890643.0,890643.0,890643.0,890499.0,890499.0,890499.0,890499.0,890499.0,890499.0,890499.0,890499.0,890499.0,890499.0,890499.0,890499.0,891823,891823,891823,891823,891823,891823,891823,891823,891823,891823,891823,891823,891823,891823,891823,891823,891823,891823,891823,891823,891823,891823,891823,891823,891823,891823,891823,891823,891823,891823,891823,891823,891823,891823,891823,891823,891823,891823,891823,891823,891823,891823,891823,891823,891823,891823,891823,891823,891823,891823,891823,891823,891823,891823,891823,891823,891823,891823,891823,891823,891823,891823,891823,891823,891823,891823
2011-04-01,850721,853164,853164,853164,853164,853164,853164,853164,853164,853164,853164,853164,901244,901244,901244,901244,901244,901244,901244,901244,901244,901244,901244,901244,901244,892231,892231,892231,892231,892231,892231,892231,892231,892231,892231,892231,892231,893236,893236,893236,893236,893236,893236,893236,893236,893236,893236,893236,893236,893236,891800,891800,891800,891800,891800,891800,891800,891800,891800,891800,891800,891800,894690,894690,894690,894690,894690,894690,894690,894690,894690,894690,894690,894690,895068,895068,895068,895068,895068,895068,895068,895068,895068,895068,895068,895068,895424.0,895424.0,895424.0,895424.0,895424.0,895424.0,895424.0,895424.0,895424.0,895424.0,895424.0,895424.0,894859.0,894859.0,894859.0,894859.0,894859.0,894859.0,894859.0,894859.0,894859.0,894859.0,894859.0,894859.0,895105.0,895105.0,895105.0,895105.0,895105.0,895105.0,895105.0,895105.0,895105.0,895105.0,895105.0,895105.0,894996,894996,894996,894996,894996,894996,894996,894996,894996,894996,894996,894996,894996,894996,894996,894996,894996,894996,894996,894996,894996,894996,894996,894996,894996,894996,894996,894996,894996,894996,894996,894996,894996,894996,894996,894996,894996,894996,894996,894996,894996,894996,894996,894996,894996,894996,894996,894996,894996,894996,894996,894996,894996,894996,894996,894996,894996,894996,894996,894996,894996,894996,894996,894996,894996,894996
2011-05-01,,860907,860748,860748,860748,860748,860748,860748,860748,860748,860748,860748,909446,909446,909446,909446,909446,909446,909446,909446,909446,909446,909446,909446,909446,900988,900988,900988,900988,900988,900988,900988,900988,900988,900988,900988,900988,901961,901961,901961,901961,901961,901961,901961,901961,901961,901961,901961,901961,901961,900391,900391,900391,900391,900391,900391,900391,900391,900391,900391,900391,900391,903148,903148,903148,903148,903148,903148,903148,903148,903148,903148,903148,903148,903456,903456,903456,903456,903456,903456,903456,903456,903456,903456,903456,903456,902857.0,902857.0,902857.0,902857.0,902857.0,902857.0,902857.0,902857.0,902857.0,902857.0,902857.0,902857.0,902886.0,902886.0,902886.0,902886.0,902886.0,902886.0,902886.0,902886.0,902886.0,902886.0,902886.0,902886.0,903354.0,903354.0,903354.0,903354.0,903354.0,903354.0,903354.0,903354.0,903354.0,903354.0,903354.0,903354.0,903737,903737,903737,903737,903737,903737,903737,903737,903737,903737,903737,903737,903737,903737,903737,903737,903737,903737,903737,903737,903737,903737,903737,903737,903737,903737,903737,903737,903737,903737,903737,903737,903737,903737,903737,903737,903737,903737,903737,903737,903737,903737,903737,903737,903737,903737,903737,903737,903737,903737,903737,903737,903737,903737,903737,903737,903737,903737,903737,903737,903737,903737,903737,903737,903737,903737
2011-06-01,,,863237,863541,863541,863541,863541,863541,863541,863541,863541,863541,913890,913890,913890,913890,913890,913890,913890,913890,913890,913890,913890,913890,913890,905112,905112,905112,905112,905112,905112,905112,905112,905112,905112,905112,905112,903706,903706,903706,903706,903706,903706,903706,903706,903706,903706,903706,903706,903706,900877,900877,900877,900877,900877,900877,900877,900877,900877,900877,900877,900877,904051,904051,904051,904051,904051,904051,904051,904051,904051,904051,904051,904051,904627,904627,904627,904627,904627,904627,904627,904627,904627,904627,904627,904627,904506.0,904506.0,904506.0,904506.0,904506.0,904506.0,904506.0,904506.0,904506.0,904506.0,904506.0,904506.0,905411.0,905411.0,905411.0,905411.0,905411.0,905411.0,905411.0,905411.0,905411.0,905411.0,905411.0,905411.0,904877.0,904877.0,904877.0,904877.0,904877.0,904877.0,904877.0,904877.0,904877.0,904877.0,904877.0,904877.0,905689,905689,905689,905689,905689,905689,905689,905689,905689,905689,905689,905689,905689,905689,905689,905689,905689,905689,905689,905689,905689,905689,905689,905689,905689,905689,905689,905689,905689,905689,905689,905689,905689,905689,905689,905689,905689,905689,905689,905689,905689,905689,905689,905689,905689,905689,905689,905689,905689,905689,905689,905689,905689,905689,905689,905689,905689,905689,905689,905689,905689,905689,905689,905689,905689,905689
2011-07-01,,,,870406,871117,871117,871117,871117,871117,871117,871117,871117,922570,922570,922570,922570,922570,922570,922570,922570,922570,922570,922570,922570,922570,912628,912628,912628,912628,912628,912628,912628,912628,912628,912628,912628,912628,910062,910062,910062,910062,910062,910062,910062,910062,910062,910062,910062,910062,910062,906528,906528,906528,906528,906528,906528,906528,906528,906528,906528,906528,906528,909660,909660,909660,909660,909660,909660,909660,909660,909660,909660,909660,909660,909905,909905,909905,909905,909905,909905,909905,909905,909905,909905,909905,909905,910699.0,910699.0,910699.0,910699.0,910699.0,910699.0,910699.0,910699.0,910699.0,910699.0,910699.0,910699.0,909490.0,909490.0,909490.0,909490.0,909490.0,909490.0,909490.0,909490.0,909490.0,909490.0,909490.0,909490.0,910932.0,910932.0,910932.0,910932.0,910932.0,910932.0,910932.0,910932.0,910932.0,910932.0,910932.0,910932.0,909220,909220,909220,909220,909220,909220,909220,909220,909220,909220,909220,909220,909220,909220,909220,909220,909220,909220,909220,909220,909220,909220,909220,909220,909220,909220,909220,909220,909220,909220,909220,909220,909220,909220,909220,909220,909220,909220,909220,909220,909220,909220,909220,909220,909220,909220,909220,909220,909220,909220,909220,909220,909220,909220,909220,909220,909220,909220,909220,909220,909220,909220,909220,909220,909220,909220
2011-08-01,,,,,878755,878731,878731,878731,878731,878731,878731,878731,928914,928914,928914,928914,928914,928914,928914,928914,928914,928914,928914,928914,928914,921103,921103,921103,921103,921103,921103,921103,921103,921103,921103,921103,921103,921504,921504,921504,921504,921504,921504,921504,921504,921504,921504,921504,921504,921504,917517,917517,917517,917517,917517,917517,917517,917517,917517,917517,917517,917517,920662,920662,920662,920662,920662,920662,920662,920662,920662,920662,920662,920662,920650,920650,920650,920650,920650,920650,920650,920650,920650,920650,920650,920650,919814.0,919814.0,919814.0,919814.0,919814.0,919814.0,919814.0,919814.0,919814.0,919814.0,919814.0,919814.0,920706.0,920706.0,920706.0,920706.0,920706.0,920706.0,920706.0,920706.0,920706.0,920706.0,920706.0,920706.0,921052.0,921052.0,921052.0,921052.0,921052.0,921052.0,921052.0,921052.0,921052.0,921052.0,921052.0,921052.0,921840,921840,921840,921840,921840,921840,921840,921840,921840,921840,921840,921840,921840,921840,921840,921840,921840,921840,921840,921840,921840,921840,921840,921840,921840,921840,921840,921840,921840,921840,921840,921840,921840,921840,921840,921840,921840,921840,921840,921840,921840,921840,921840,921840,921840,921840,921840,921840,921840,921840,921840,921840,921840,921840,921840,921840,921840,921840,921840,921840,921840,921840,921840,921840,921840,921840
2011-09-01,,,,,,886263,884132,884132,884132,884132,884132,884132,937149,937149,937149,937149,937149,937149,937149,937149,937149,937149,937149,937149,937149,928324,928324,928324,928324,928324,928324,928324,928324,928324,928324,928324,928324,926869,926869,926869,926869,926869,926869,926869,926869,926869,926869,926869,926869,926869,922052,922052,922052,922052,922052,922052,922052,922052,922052,922052,922052,922052,925567,925567,925567,925567,925567,925567,925567,925567,925567,925567,925567,925567,925891,925891,925891,925891,925891,925891,925891,925891,925891,925891,925891,925891,924917.0,924917.0,924917.0,924917.0,924917.0,924917.0,924917.0,924917.0,924917.0,924917.0,924917.0,924917.0,925539.0,925539.0,925539.0,925539.0,925539.0,925539.0,925539.0,925539.0,925539.0,925539.0,925539.0,925539.0,925600.0,925600.0,925600.0,925600.0,925600.0,925600.0,925600.0,925600.0,925600.0,925600.0,925600.0,925600.0,924154,924154,924154,924154,924154,924154,924154,924154,924154,924154,924154,924154,924154,924154,924154,924154,924154,924154,924154,924154,924154,924154,924154,924154,924154,924154,924154,924154,924154,924154,924154,924154,924154,924154,924154,924154,924154,924154,924154,924154,924154,924154,924154,924154,924154,924154,924154,924154,924154,924154,924154,924154,924154,924154,924154,924154,924154,924154,924154,924154,924154,924154,924154,924154,924154,924154
2011-10-01,,,,,,,885934,887233,887233,887233,887233,887233,940858,940858,940858,940858,940858,940858,940858,940858,940858,940858,940858,940858,940858,930653,930653,930653,930653,930653,930653,930653,930653,930653,930653,930653,930653,929540,929540,929540,929540,929540,929540,929540,929540,929540,929540,929540,929540,929540,923556,923556,923556,923556,923556,923556,923556,923556,923556,923556,923556,923556,927497,927497,927497,927497,927497,927497,927497,927497,927497,927497,927497,927497,928177,928177,928177,928177,928177,928177,928177,928177,928177,928177,928177,928177,927574.0,927574.0,927574.0,927574.0,927574.0,927574.0,927574.0,927574.0,927574.0,927574.0,927574.0,927574.0,928061.0,928061.0,928061.0,928061.0,928061.0,928061.0,928061.0,928061.0,928061.0,928061.0,928061.0,928061.0,928033.0,928033.0,928033.0,928033.0,928033.0,928033.0,928033.0,928033.0,928033.0,928033.0,928033.0,928033.0,928974,928974,928974,928974,928974,928974,928974,928974,928974,928974,928974,928974,928974,928974,928974,928974,928974,928974,928974,928974,928974,928974,928974,928974,928974,928974,928974,928974,928974,928974,928974,928974,928974,928974,928974,928974,928974,928974,928974,928974,928974,928974,928974,928974,928974,928974,928974,928974,928974,928974,928974,928974,928974,928974,928974,928974,928974,928974,928974,928974,928974,928974,928974,928974,928974,928974
2011-11-01,,,,,,,,898328,898844,898844,898844,898844,952624,952624,952624,952624,952624,952624,952624,952624,952624,952624,952624,952624,952624,942526,942526,942526,942526,942526,942526,942526,942526,942526,942526,942526,942526,941315,941315,941315,941315,941315,941315,941315,941315,941315,941315,941315,941315,941315,934895,934895,934895,934895,934895,934895,934895,934895,934895,934895,934895,934895,938818,938818,938818,938818,938818,938818,938818,938818,938818,938818,938818,938818,939225,939225,939225,939225,939225,939225,939225,939225,939225,939225,939225,939225,939202.0,939202.0,939202.0,939202.0,939202.0,939202.0,939202.0,939202.0,939202.0,939202.0,939202.0,939202.0,939142.0,939142.0,939142.0,939142.0,939142.0,939142.0,939142.0,939142.0,939142.0,939142.0,939142.0,939142.0,938781.0,938781.0,938781.0,938781.0,938781.0,938781.0,938781.0,938781.0,938781.0,938781.0,938781.0,938781.0,938755,938755,938755,938755,938755,938755,938755,938755,938755,938755,938755,938755,938755,938755,938755,938755,938755,938755,938755,938755,938755,938755,938755,938755,938755,938755,938755,938755,938755,938755,938755,938755,938755,938755,938755,938755,938755,938755,938755,938755,938755,938755,938755,938755,938755,938755,938755,938755,938755,938755,938755,938755,938755,938755,938755,938755,938755,938755,938755,938755,938755,938755,938755,938755,938755,938755
2011-12-01,,,,,,,,,911494,912507,912507,912507,969434,969434,969434,969434,969434,969434,969434,969434,969434,969434,969434,969434,969434,956812,956812,956812,956812,956812,956812,956812,956812,956812,956812,956812,956812,956255,956255,956255,956255,956255,956255,956255,956255,956255,956255,956255,956255,956255,950208,950208,950208,950208,950208,950208,950208,950208,950208,950208,950208,950208,954457,954457,954457,954457,954457,954457,954457,954457,954457,954457,954457,954457,954423,954423,954423,954423,954423,954423,954423,954423,954423,954423,954423,954423,954604.0,954604.0,954604.0,954604.0,954604.0,954604.0,954604.0,954604.0,954604.0,954604.0,954604.0,954604.0,954483.0,954483.0,954483.0,954483.0,954483.0,954483.0,954483.0,954483.0,954483.0,954483.0,954483.0,954483.0,953635.0,953635.0,953635.0,953635.0,953635.0,953635.0,953635.0,953635.0,953635.0,953635.0,953635.0,953635.0,952436,952436,952436,952436,952436,952436,952436,952436,952436,952436,952436,952436,952436,952436,952436,952436,952436,952436,952436,952436,952436,952436,952436,952436,952436,952436,952436,952436,952436,952436,952436,952436,952436,952436,952436,952436,952436,952436,952436,952436,952436,952436,952436,952436,952436,952436,952436,952436,952436,952436,952436,952436,952436,952436,952436,952436,952436,952436,952436,952436,952436,952436,952436,952436,952436,952436
2012-01-01,,,,,,,,,,917943,919011,919011,974867,974867,974867,974867,974867,974867,974867,974867,974867,974867,974867,974867,974867,962269,962269,962269,962269,962269,962269,962269,962269,962269,962269,962269,962269,964536,964536,964536,964536,964536,964536,964536,964536,964536,964536,964536,964536,964536,962324,962324,962324,962324,962324,962324,962324,962324,962324,962324,962324,962324,965535,965535,965535,965535,965535,965535,965535,965535,965535,965535,965535,965535,965758,965758,965758,965758,965758,965758,965758,965758,965758,965758,965758,965758,965340.0,965340.0,965340.0,965340.0,965340.0,965340.0,965340.0,965340.0,965340.0,965340.0,965340.0,965340.0,965073.0,965073.0,965073.0,965073.0,965073.0,965073.0,965073.0,965073.0,965073.0,965073.0,965073.0,965073.0,964844.0,964844.0,964844.0,964844.0,964844.0,964844.0,964844.0,964844.0,964844.0,964844.0,964844.0,964844.0,963280,963280,963280,963280,963280,963280,963280,963280,963280,963280,963280,963280,963280,963693,963693,963693,963693,963693,963693,963693,963693,963693,963693,963693,963693,963693,964504,964504,964504,964504,964504,964504,964504,964504,964504,964504,964504,964504,964504,964444.0,964444.0,964444.0,964444.0,964444.0,964444.0,964444.0,964444.0,964444.0,964444.0,964444.0,964444.0,964644.0,964644.0,964644.0,964644.0,964644.0,964644.0,964644.0,964644.0,964644.0,964644.0,964644.0,964644.0,964644.0,964644.0,964644.0
2012-02-01,,,,,,,,,,,931085,930167,985934,985934,985934,985934,985934,985934,985934,985934,985934,985934,985934,985934,985934,970746,970746,970746,970746,970746,970746,970746,970746,970746,970746,970746,970746,973135,973135,973135,973135,973135,973135,973135,973135,973135,973135,973135,973135,973135,974907,974907,974907,974907,974907,974907,974907,974907,974907,974907,974907,974907,977078,977078,977078,977078,977078,977078,977078,977078,977078,977078,977078,977078,977893,977893,977893,977893,977893,977893,977893,977893,977893,977893,977893,977893,978997.0,978997.0,978997.0,978997.0,978997.0,978997.0,978997.0,978997.0,978997.0,978997.0,978997.0,978997.0,978800.0,978800.0,978800.0,978800.0,978800.0,978800.0,978800.0,978800.0,978800.0,978800.0,978800.0,978800.0,978397.0,978397.0,978397.0,978397.0,978397.0,978397.0,978397.0,978397.0,978397.0,978397.0,978397.0,978397.0,978588,978588,978588,978588,978588,978588,978588,978588,978588,978588,978588,978588,978588,978865,978865,978865,978865,978865,978865,978865,978865,978865,978865,978865,978865,978865,978457,978457,978457,978457,978457,978457,978457,978457,978457,978457,978457,978457,978457,978240.0,978240.0,978240.0,978240.0,978240.0,978240.0,978240.0,978240.0,978240.0,978240.0,978240.0,978240.0,978365.0,978365.0,978365.0,978365.0,978365.0,978365.0,978365.0,978365.0,978365.0,978365.0,978365.0,978365.0,978365.0,978365.0,978365.0
2012-03-01,,,,,,,,,,,,930640,986336,986186,986186,986186,986186,986186,986186,986186,986186,986186,986186,986186,986186,973844,973844,973844,973844,973844,973844,973844,973844,973844,973844,973844,973844,975889,975889,975889,975889,975889,975889,975889,975889,975889,975889,975889,975889,975889,981946,981946,981946,981946,981946,981946,981946,981946,981946,981946,981946,981946,983511,983511,983511,983511,983511,983511,983511,983511,983511,983511,983511,983511,983719,983719,983719,983719,983719,983719,983719,983719,983719,983719,983719,983719,983899.0,983899.0,983899.0,983899.0,983899.0,983899.0,983899.0,983899.0,983899.0,983899.0,983899.0,983899.0,984131.0,984131.0,984131.0,984131.0,984131.0,984131.0,984131.0,984131.0,984131.0,984131.0,984131.0,984131.0,983438.0,983438.0,983438.0,983438.0,983438.0,983438.0,983438.0,983438.0,983438.0,983438.0,983438.0,983438.0,983266,983266,983266,983266,983266,983266,983266,983266,983266,983266,983266,983266,983266,983940,983940,983940,983940,983940,983940,983940,983940,983940,983940,983940,983940,983940,985329,985329,985329,985329,985329,985329,985329,985329,985329,985329,985329,985329,985329,984934.0,984934.0,984934.0,984934.0,984934.0,984934.0,984934.0,984934.0,984934.0,984934.0,984934.0,984934.0,985067.0,985067.0,985067.0,985067.0,985067.0,985067.0,985067.0,985067.0,985067.0,985067.0,985067.0,985067.0,985067.0,985067.0,985067.0
2012-04-01,,,,,,,,,,,,,,985393,984750,984750,984750,984750,984750,984750,984750,984750,984750,984750,984750,976684,976684,976684,976684,976684,976684,976684,976684,976684,976684,976684,976684,978259,978259,978259,978259,978259,978259,978259,978259,978259,978259,978259,978259,978259,987525,987525,987525,987525,987525,987525,987525,987525,987525,987525,987525,987525,988071,988071,988071,988071,988071,988071,988071,988071,988071,988071,988071,988071,987578,987578,987578,987578,987578,987578,987578,987578,987578,987578,987578,987578,987460.0,987460.0,987460.0,987460.0,987460.0,987460.0,987460.0,987460.0,987460.0,987460.0,987460.0,987460.0,987320.0,987320.0,987320.0,987320.0,987320.0,987320.0,987320.0,987320.0,987320.0,987320.0,987320.0,987320.0,987250.0,987250.0,987250.0,987250.0,987250.0,987250.0,987250.0,987250.0,987250.0,987250.0,987250.0,987250.0,986289,986289,986289,986289,986289,986289,986289,986289,986289,986289,986289,986289,986289,987221,987221,987221,987221,987221,987221,987221,987221,987221,987221,987221,987221,987221,988642,988642,988642,988642,988642,988642,988642,988642,988642,988642,988642,988642,988642,988240.0,988240.0,988240.0,988240.0,988240.0,988240.0,988240.0,988240.0,988240.0,988240.0,988240.0,988240.0,988139.0,988139.0,988139.0,988139.0,988139.0,988139.0,988139.0,988139.0,988139.0,988139.0,988139.0,988139.0,988139.0,988139.0,988139.0
2012-05-01,,,,,,,,,,,,,,,984397,984643,984643,984643,984643,984643,984643,984643,984643,984643,984643,974397,974397,974397,974397,974397,974397,974397,974397,974397,974397,974397,974397,975603,975603,975603,975603,975603,975603,975603,975603,975603,975603,975603,975603,975603,988459,988459,988459,988459,988459,988459,988459,988459,988459,988459,988459,988459,988024,988024,988024,988024,988024,988024,988024,988024,988024,988024,988024,988024,987736,987736,987736,987736,987736,987736,987736,987736,987736,987736,987736,987736,987827.0,987827.0,987827.0,987827.0,987827.0,987827.0,987827.0,987827.0,987827.0,987827.0,987827.0,987827.0,987874.0,987874.0,987874.0,987874.0,987874.0,987874.0,987874.0,987874.0,987874.0,987874.0,987874.0,987874.0,987756.0,987756.0,987756.0,987756.0,987756.0,987756.0,987756.0,987756.0,987756.0,987756.0,987756.0,987756.0,989447,989447,989447,989447,989447,989447,989447,989447,989447,989447,989447,989447,989447,988515,988515,988515,988515,988515,988515,988515,988515,988515,988515,988515,988515,988515,990207,990207,990207,990207,990207,990207,990207,990207,990207,990207,990207,990207,990207,989985.0,989985.0,989985.0,989985.0,989985.0,989985.0,989985.0,989985.0,989985.0,989985.0,989985.0,989985.0,989719.0,989719.0,989719.0,989719.0,989719.0,989719.0,989719.0,989719.0,989719.0,989719.0,989719.0,989719.0,989719.0,989719.0,989719.0
2012-06-01,,,,,,,,,,,,,,,,988072,988660,988660,988660,988660,988660,988660,988660,988660,988660,979831,979831,979831,979831,979831,979831,979831,979831,979831,979831,979831,979831,977804,977804,977804,977804,977804,977804,977804,977804,977804,977804,977804,977804,977804,993558,993558,993558,993558,993558,993558,993558,993558,993558,993558,993558,993558,991361,991361,991361,991361,991361,991361,991361,991361,991361,991361,991361,991361,990317,990317,990317,990317,990317,990317,990317,990317,990317,990317,990317,990317,989900.0,989900.0,989900.0,989900.0,989900.0,989900.0,989900.0,989900.0,989900.0,989900.0,989900.0,989900.0,990283.0,990283.0,990283.0,990283.0,990283.0,990283.0,990283.0,990283.0,990283.0,990283.0,990283.0,990283.0,990665.0,990665.0,990665.0,990665.0,990665.0,990665.0,990665.0,990665.0,990665.0,990665.0,990665.0,990665.0,989845,989845,989845,989845,989845,989845,989845,989845,989845,989845,989845,989845,989845,991147,991147,991147,991147,991147,991147,991147,991147,991147,991147,991147,991147,991147,991878,991878,991878,991878,991878,991878,991878,991878,991878,991878,991878,991878,991878,991613.0,991613.0,991613.0,991613.0,991613.0,991613.0,991613.0,991613.0,991613.0,991613.0,991613.0,991613.0,991560.0,991560.0,991560.0,991560.0,991560.0,991560.0,991560.0,991560.0,991560.0,991560.0,991560.0,991560.0,991560.0,991560.0,991560.0
2012-07-01,,,,,,,,,,,,,,,,,996565,995852,995852,995852,995852,995852,995852,995852,995852,991465,991465,991465,991465,991465,991465,991465,991465,991465,991465,991465,991465,987862,987862,987862,987862,987862,987862,987862,987862,987862,987862,987862,987862,987862,1006890,1006890,1006890,1006890,1006890,1006890,1006890,1006890,1006890,1006890,1006890,1006890,1002985,1002985,1002985,1002985,1002985,1002985,1002985,1002985,1002985,1002985,1002985,1002985,1001434,1001434,1001434,1001434,1001434,1001434,1001434,1001434,1001434,1001434,1001434,1001434,1001799.0,1001799.0,1001799.0,1001799.0,1001799.0,1001799.0,1001799.0,1001799.0,1001799.0,1001799.0,1001799.0,1001799.0,1000468.0,1000468.0,1000468.0,1000468.0,1000468.0,1000468.0,1000468.0,1000468.0,1000468.0,1000468.0,1000468.0,1000468.0,1003167.0,1003167.0,1003167.0,1003167.0,1003167.0,1003167.0,1003167.0,1003167.0,1003167.0,1003167.0,1003167.0,1003167.0,1000597,1000597,1000597,1000597,1000597,1000597,1000597,1000597,1000597,1000597,1000597,1000597,1000597,1002625,1002625,1002625,1002625,1002625,1002625,1002625,1002625,1002625,1002625,1002625,1002625,1002625,1000471,1000471,1000471,1000471,1000471,1000471,1000471,1000471,1000471,1000471,1000471,1000471,1000471,1001484.0,1001484.0,1001484.0,1001484.0,1001484.0,1001484.0,1001484.0,1001484.0,1001484.0,1001484.0,1001484.0,1001484.0,1001402.0,1001402.0,1001402.0,1001402.0,1001402.0,1001402.0,1001402.0,1001402.0,1001402.0,1001402.0,1001402.0,1001402.0,1001402.0,1001402.0,1001402.0
2012-08-01,,,,,,,,,,,,,,,,,,978842,979304,979304,979304,979304,979304,979304,979304,975675,975675,975675,975675,975675,975675,975675,975675,975675,975675,975675,975675,975793,975793,975793,975793,975793,975793,975793,975793,975793,975793,975793,975793,975793,997617,997617,997617,997617,997617,997617,997617,997617,997617,997617,997617,997617,993123,993123,993123,993123,993123,993123,993123,993123,993123,993123,993123,993123,992097,992097,992097,992097,992097,992097,992097,992097,992097,992097,992097,992097,991036.0,991036.0,991036.0,991036.0,991036.0,991036.0,991036.0,991036.0,991036.0,991036.0,991036.0,991036.0,991699.0,991699.0,991699.0,991699.0,991699.0,991699.0,991699.0,991699.0,991699.0,991699.0,991699.0,991699.0,992400.0,992400.0,992400.0,992400.0,992400.0,992400.0,992400.0,992400.0,992400.0,992400.0,992400.0,992400.0,992091,992091,992091,992091,992091,992091,992091,992091,992091,992091,992091,992091,992091,991768,991768,991768,991768,991768,991768,991768,991768,991768,991768,991768,991768,991768,990066,990066,990066,990066,990066,990066,990066,990066,990066,990066,990066,990066,990066,990330.0,990330.0,990330.0,990330.0,990330.0,990330.0,990330.0,990330.0,990330.0,990330.0,990330.0,990330.0,990552.0,990552.0,990552.0,990552.0,990552.0,990552.0,990552.0,990552.0,990552.0,990552.0,990552.0,990552.0,990552.0,990552.0,990552.0
2012-09-01,,,,,,,,,,,,,,,,,,,981010,980124,980124,980124,980124,980124,980124,978058,978058,978058,978058,978058,978058,978058,978058,978058,978058,978058,978058,975863,975863,975863,975863,975863,975863,975863,975863,975863,975863,975863,975863,975863,1000029,1000029,1000029,1000029,1000029,1000029,1000029,1000029,1000029,1000029,1000029,1000029,994946,994946,994946,994946,994946,994946,994946,994946,994946,994946,994946,994946,994993,994993,994993,994993,994993,994993,994993,994993,994993,994993,994993,994993,994044.0,994044.0,994044.0,994044.0,994044.0,994044.0,994044.0,994044.0,994044.0,994044.0,994044.0,994044.0,994596.0,994596.0,994596.0,994596.0,994596.0,994596.0,994596.0,994596.0,994596.0,994596.0,994596.0,994596.0,995205.0,995205.0,995205.0,995205.0,995205.0,995205.0,995205.0,995205.0,995205.0,995205.0,995205.0,995205.0,995990,995990,995990,995990,995990,995990,995990,995990,995990,995990,995990,995990,995990,995612,995612,995612,995612,995612,995612,995612,995612,995612,995612,995612,995612,995612,994156,994156,994156,994156,994156,994156,994156,994156,994156,994156,994156,994156,994156,994519.0,994519.0,994519.0,994519.0,994519.0,994519.0,994519.0,994519.0,994519.0,994519.0,994519.0,994519.0,994660.0,994660.0,994660.0,994660.0,994660.0,994660.0,994660.0,994660.0,994660.0,994660.0,994660.0,994660.0,994660.0,994660.0,994660.0
2012-10-01,,,,,,,,,,,,,,,,,,,,982945,983406,983406,983406,983406,983406,982069,982069,982069,982069,982069,982069,982069,982069,982069,982069,982069,982069,981061,981061,981061,981061,981061,981061,981061,981061,981061,981061,981061,981061,981061,1007878,1007878,1007878,1007878,1007878,1007878,1007878,1007878,1007878,1007878,1007878,1007878,1001695,1001695,1001695,1001695,1001695,1001695,1001695,1001695,1001695,1001695,1001695,1001695,1001019,1001019,1001019,1001019,1001019,1001019,1001019,1001019,1001019,1001019,1001019,1001019,1000801.0,1000801.0,1000801.0,1000801.0,1000801.0,1000801.0,1000801.0,1000801.0,1000801.0,1000801.0,1000801.0,1000801.0,1000515.0,1000515.0,1000515.0,1000515.0,1000515.0,1000515.0,1000515.0,1000515.0,1000515.0,1000515.0,1000515.0,1000515.0,1001567.0,1001567.0,1001567.0,1001567.0,1001567.0,1001567.0,1001567.0,1001567.0,1001567.0,1001567.0,1001567.0,1001567.0,1002911,1002911,1002911,1002911,1002911,1002911,1002911,1002911,1002911,1002911,1002911,1002911,1002911,1002351,1002351,1002351,1002351,1002351,1002351,1002351,1002351,1002351,1002351,1002351,1002351,1002351,1000919,1000919,1000919,1000919,1000919,1000919,1000919,1000919,1000919,1000919,1000919,1000919,1000919,1000588.0,1000588.0,1000588.0,1000588.0,1000588.0,1000588.0,1000588.0,1000588.0,1000588.0,1000588.0,1000588.0,1000588.0,1000517.0,1000517.0,1000517.0,1000517.0,1000517.0,1000517.0,1000517.0,1000517.0,1000517.0,1000517.0,1000517.0,1000517.0,1000517.0,1000517.0,1000517.0
2012-11-01,,,,,,,,,,,,,,,,,,,,,984514,983846,983846,983846,983846,981752,981752,981752,981752,981752,981752,981752,981752,981752,981752,981752,981752,980240,980240,980240,980240,980240,980240,980240,980240,980240,980240,980240,980240,980240,1009778,1009778,1009778,1009778,1009778,1009778,1009778,1009778,1009778,1009778,1009778,1009778,1002322,1002322,1002322,1002322,1002322,1002322,1002322,1002322,1002322,1002322,1002322,1002322,1002416,1002416,1002416,1002416,1002416,1002416,1002416,1002416,1002416,1002416,1002416,1002416,1002006.0,1002006.0,1002006.0,1002006.0,1002006.0,1002006.0,1002006.0,1002006.0,1002006.0,1002006.0,1002006.0,1002006.0,1002301.0,1002301.0,1002301.0,1002301.0,1002301.0,1002301.0,1002301.0,1002301.0,1002301.0,1002301.0,1002301.0,1002301.0,1001830.0,1001830.0,1001830.0,1001830.0,1001830.0,1001830.0,1001830.0,1001830.0,1001830.0,1001830.0,1001830.0,1001830.0,1000048,1000048,1000048,1000048,1000048,1000048,1000048,1000048,1000048,1000048,1000048,1000048,1000048,1000023,1000023,1000023,1000023,1000023,1000023,1000023,1000023,1000023,1000023,1000023,1000023,1000023,1000990,1000990,1000990,1000990,1000990,1000990,1000990,1000990,1000990,1000990,1000990,1000990,1000990,1001156.0,1001156.0,1001156.0,1001156.0,1001156.0,1001156.0,1001156.0,1001156.0,1001156.0,1001156.0,1001156.0,1001156.0,1000786.0,1000786.0,1000786.0,1000786.0,1000786.0,1000786.0,1000786.0,1000786.0,1000786.0,1000786.0,1000786.0,1000786.0,1000786.0,1000786.0,1000786.0
2012-12-01,,,,,,,,,,,,,,,,,,,,,,991736,990856,990856,990856,992007,992007,992007,992007,992007,992007,992007,992007,992007,992007,992007,992007,990968,990968,990968,990968,990968,990968,990968,990968,990968,990968,990968,990968,990968,1021440,1021440,1021440,1021440,1021440,1021440,1021440,1021440,1021440,1021440,1021440,1021440,1014065,1014065,1014065,1014065,1014065,1014065,1014065,1014065,1014065,1014065,1014065,1014065,1014371,1014371,1014371,1014371,1014371,1014371,1014371,1014371,1014371,1014371,1014371,1014371,1014692.0,1014692.0,1014692.0,1014692.0,1014692.0,1014692.0,1014692.0,1014692.0,1014692.0,1014692.0,1014692.0,1014692.0,1014422.0,1014422.0,1014422.0,1014422.0,1014422.0,1014422.0,1014422.0,1014422.0,1014422.0,1014422.0,1014422.0,1014422.0,1014225.0,1014225.0,1014225.0,1014225.0,1014225.0,1014225.0,1014225.0,1014225.0,1014225.0,1014225.0,1014225.0,1014225.0,1015260,1015260,1015260,1015260,1015260,1015260,1015260,1015260,1015260,1015260,1015260,1015260,1015260,1013511,1013511,1013511,1013511,1013511,1013511,1013511,1013511,1013511,1013511,1013511,1013511,1013511,1013241,1013241,1013241,1013241,1013241,1013241,1013241,1013241,1013241,1013241,1013241,1013241,1013241,1014059.0,1014059.0,1014059.0,1014059.0,1014059.0,1014059.0,1014059.0,1014059.0,1014059.0,1014059.0,1014059.0,1014059.0,1014123.0,1014123.0,1014123.0,1014123.0,1014123.0,1014123.0,1014123.0,1014123.0,1014123.0,1014123.0,1014123.0,1014123.0,1014123.0,1014123.0,1014123.0
2013-01-01,,,,,,,,,,,,,,,,,,,,,,,988886,990391,990391,989589,989589,989589,989589,989589,989589,989589,989589,989589,989589,989589,989589,992310,992310,992310,992310,992310,992310,992310,992310,992310,992310,992310,992310,992310,1023578,1023578,1023578,1023578,1023578,1023578,1023578,1023578,1023578,1023578,1023578,1023578,1014894,1014894,1014894,1014894,1014894,1014894,1014894,1014894,1014894,1014894,1014894,1014894,1015188,1015188,1015188,1015188,1015188,1015188,1015188,1015188,1015188,1015188,1015188,1015188,1015917.0,1015917.0,1015917.0,1015917.0,1015917.0,1015917.0,1015917.0,1015917.0,1015917.0,1015917.0,1015917.0,1015917.0,1015879.0,1015879.0,1015879.0,1015879.0,1015879.0,1015879.0,1015879.0,1015879.0,1015879.0,1015879.0,1015879.0,1015879.0,1015335.0,1015335.0,1015335.0,1015335.0,1015335.0,1015335.0,1015335.0,1015335.0,1015335.0,1015335.0,1015335.0,1015335.0,1020733,1020733,1020733,1020733,1020733,1020733,1020733,1020733,1020733,1020733,1020733,1020733,1020733,1018994,1018994,1018994,1018994,1018994,1018994,1018994,1018994,1018994,1018994,1018994,1018994,1018994,1019550,1019550,1019550,1019550,1019550,1019550,1019550,1019550,1019550,1019550,1019550,1019550,1019550,1019518.0,1019518.0,1019518.0,1019518.0,1019518.0,1019518.0,1019518.0,1019518.0,1019518.0,1019518.0,1019518.0,1019518.0,1019882.0,1019882.0,1019882.0,1019882.0,1019882.0,1019882.0,1019882.0,1019882.0,1019882.0,1019882.0,1019882.0,1019882.0,1019882.0,1019882.0,1019882.0
2013-02-01,,,,,,,,,,,,,,,,,,,,,,,,999690,997182,998960,998960,998960,998960,998960,998960,998960,998960,998960,998960,998960,998960,1002142,1002142,1002142,1002142,1002142,1002142,1002142,1002142,1002142,1002142,1002142,1002142,1002142,1034203,1034203,1034203,1034203,1034203,1034203,1034203,1034203,1034203,1034203,1034203,1034203,1024409,1024409,1024409,1024409,1024409,1024409,1024409,1024409,1024409,1024409,1024409,1024409,1024328,1024328,1024328,1024328,1024328,1024328,1024328,1024328,1024328,1024328,1024328,1024328,1025757.0,1025757.0,1025757.0,1025757.0,1025757.0,1025757.0,1025757.0,1025757.0,1025757.0,1025757.0,1025757.0,1025757.0,1025349.0,1025349.0,1025349.0,1025349.0,1025349.0,1025349.0,1025349.0,1025349.0,1025349.0,1025349.0,1025349.0,1025349.0,1024713.0,1024713.0,1024713.0,1024713.0,1024713.0,1024713.0,1024713.0,1024713.0,1024713.0,1024713.0,1024713.0,1024713.0,1032516,1032516,1032516,1032516,1032516,1032516,1032516,1032516,1032516,1032516,1032516,1032516,1032516,1034503,1034503,1034503,1034503,1034503,1034503,1034503,1034503,1034503,1034503,1034503,1034503,1034503,1034343,1034343,1034343,1034343,1034343,1034343,1034343,1034343,1034343,1034343,1034343,1034343,1034343,1033644.0,1033644.0,1033644.0,1033644.0,1033644.0,1033644.0,1033644.0,1033644.0,1033644.0,1033644.0,1033644.0,1033644.0,1033786.0,1033786.0,1033786.0,1033786.0,1033786.0,1033786.0,1033786.0,1033786.0,1033786.0,1033786.0,1033786.0,1033786.0,1033786.0,1033786.0,1033786.0
2013-03-01,,,,,,,,,,,,,,,,,,,,,,,,,990072,991437,993372,993372,993372,993372,993372,993372,993372,993372,993372,993372,993372,995408,995408,995408,995408,995408,995408,995408,995408,995408,995408,995408,995408,995408,1026822,1026822,1026822,1026822,1026822,1026822,1026822,1026822,1026822,1026822,1026822,1026822,1016130,1016130,1016130,1016130,1016130,1016130,1016130,1016130,1016130,1016130,1016130,1016130,1016244,1016244,1016244,1016244,1016244,1016244,1016244,1016244,1016244,1016244,1016244,1016244,1016521.0,1016521.0,1016521.0,1016521.0,1016521.0,1016521.0,1016521.0,1016521.0,1016521.0,1016521.0,1016521.0,1016521.0,1016474.0,1016474.0,1016474.0,1016474.0,1016474.0,1016474.0,1016474.0,1016474.0,1016474.0,1016474.0,1016474.0,1016474.0,1015562.0,1015562.0,1015562.0,1015562.0,1015562.0,1015562.0,1015562.0,1015562.0,1015562.0,1015562.0,1015562.0,1015562.0,1030260,1030260,1030260,1030260,1030260,1030260,1030260,1030260,1030260,1030260,1030260,1030260,1030260,1030492,1030492,1030492,1030492,1030492,1030492,1030492,1030492,1030492,1030492,1030492,1030492,1030492,1032187,1032187,1032187,1032187,1032187,1032187,1032187,1032187,1032187,1032187,1032187,1032187,1032187,1031449.0,1031449.0,1031449.0,1031449.0,1031449.0,1031449.0,1031449.0,1031449.0,1031449.0,1031449.0,1031449.0,1031449.0,1031652.0,1031652.0,1031652.0,1031652.0,1031652.0,1031652.0,1031652.0,1031652.0,1031652.0,1031652.0,1031652.0,1031652.0,1031652.0,1031652.0,1031652.0
2013-04-01,,,,,,,,,,,,,,,,,,,,,,,,,,,995949,996628,996628,996628,996628,996628,996628,996628,996628,996628,996628,999372,999372,999372,999372,999372,999372,999372,999372,999372,999372,999372,999372,999372,1029668,1029668,1029668,1029668,1029668,1029668,1029668,1029668,1029668,1029668,1029668,1029668,1018264,1018264,1018264,1018264,1018264,1018264,1018264,1018264,1018264,1018264,1018264,1018264,1018193,1018193,1018193,1018193,1018193,1018193,1018193,1018193,1018193,1018193,1018193,1018193,1018790.0,1018790.0,1018790.0,1018790.0,1018790.0,1018790.0,1018790.0,1018790.0,1018790.0,1018790.0,1018790.0,1018790.0,1018890.0,1018890.0,1018890.0,1018890.0,1018890.0,1018890.0,1018890.0,1018890.0,1018890.0,1018890.0,1018890.0,1018890.0,1017992.0,1017992.0,1017992.0,1017992.0,1017992.0,1017992.0,1017992.0,1017992.0,1017992.0,1017992.0,1017992.0,1017992.0,1038581,1038581,1038581,1038581,1038581,1038581,1038581,1038581,1038581,1038581,1038581,1038581,1038581,1037316,1037316,1037316,1037316,1037316,1037316,1037316,1037316,1037316,1037316,1037316,1037316,1037316,1039325,1039325,1039325,1039325,1039325,1039325,1039325,1039325,1039325,1039325,1039325,1039325,1039325,1038280.0,1038280.0,1038280.0,1038280.0,1038280.0,1038280.0,1038280.0,1038280.0,1038280.0,1038280.0,1038280.0,1038280.0,1038298.0,1038298.0,1038298.0,1038298.0,1038298.0,1038298.0,1038298.0,1038298.0,1038298.0,1038298.0,1038298.0,1038298.0,1038298.0,1038298.0,1038298.0
2013-05-01,,,,,,,,,,,,,,,,,,,,,,,,,,,,1004784,1008418,1008418,1008418,1008418,1008418,1008418,1008418,1008418,1008418,1007756,1007756,1007756,1007756,1007756,1007756,1007756,1007756,1007756,1007756,1007756,1007756,1007756,1038621,1038621,1038621,1038621,1038621,1038621,1038621,1038621,1038621,1038621,1038621,1038621,1026983,1026983,1026983,1026983,1026983,1026983,1026983,1026983,1026983,1026983,1026983,1026983,1027718,1027718,1027718,1027718,1027718,1027718,1027718,1027718,1027718,1027718,1027718,1027718,1027229.0,1027229.0,1027229.0,1027229.0,1027229.0,1027229.0,1027229.0,1027229.0,1027229.0,1027229.0,1027229.0,1027229.0,1027611.0,1027611.0,1027611.0,1027611.0,1027611.0,1027611.0,1027611.0,1027611.0,1027611.0,1027611.0,1027611.0,1027611.0,1025916.0,1025916.0,1025916.0,1025916.0,1025916.0,1025916.0,1025916.0,1025916.0,1025916.0,1025916.0,1025916.0,1025916.0,1051737,1051737,1051737,1051737,1051737,1051737,1051737,1051737,1051737,1051737,1051737,1051737,1051737,1050691,1050691,1050691,1050691,1050691,1050691,1050691,1050691,1050691,1050691,1050691,1050691,1050691,1053077,1053077,1053077,1053077,1053077,1053077,1053077,1053077,1053077,1053077,1053077,1053077,1053077,1052686.0,1052686.0,1052686.0,1052686.0,1052686.0,1052686.0,1052686.0,1052686.0,1052686.0,1052686.0,1052686.0,1052686.0,1052707.0,1052707.0,1052707.0,1052707.0,1052707.0,1052707.0,1052707.0,1052707.0,1052707.0,1052707.0,1052707.0,1052707.0,1052707.0,1052707.0,1052707.0
2013-06-01,,,,,,,,,,,,,,,,,,,,,,,,,,,,,1029916,1029877,1029877,1029877,1029877,1029877,1029877,1029877,1029877,1028818,1028818,1028818,1028818,1028818,1028818,1028818,1028818,1028818,1028818,1028818,1028818,1028818,1058743,1058743,1058743,1058743,1058743,1058743,1058743,1058743,1058743,1058743,1058743,1058743,1045817,1045817,1045817,1045817,1045817,1045817,1045817,1045817,1045817,1045817,1045817,1045817,1047018,1047018,1047018,1047018,1047018,1047018,1047018,1047018,1047018,1047018,1047018,1047018,1046126.0,1046126.0,1046126.0,1046126.0,1046126.0,1046126.0,1046126.0,1046126.0,1046126.0,1046126.0,1046126.0,1046126.0,1046842.0,1046842.0,1046842.0,1046842.0,1046842.0,1046842.0,1046842.0,1046842.0,1046842.0,1046842.0,1046842.0,1046842.0,1046529.0,1046529.0,1046529.0,1046529.0,1046529.0,1046529.0,1046529.0,1046529.0,1046529.0,1046529.0,1046529.0,1046529.0,1077696,1077696,1077696,1077696,1077696,1077696,1077696,1077696,1077696,1077696,1077696,1077696,1077696,1077252,1077252,1077252,1077252,1077252,1077252,1077252,1077252,1077252,1077252,1077252,1077252,1077252,1078333,1078333,1078333,1078333,1078333,1078333,1078333,1078333,1078333,1078333,1078333,1078333,1078333,1078347.0,1078347.0,1078347.0,1078347.0,1078347.0,1078347.0,1078347.0,1078347.0,1078347.0,1078347.0,1078347.0,1078347.0,1077918.0,1077918.0,1077918.0,1077918.0,1077918.0,1077918.0,1077918.0,1077918.0,1077918.0,1077918.0,1077918.0,1077918.0,1077918.0,1077918.0,1077918.0
2013-07-01,,,,,,,,,,,,,,,,,,,,,,,,,,,,,,1033906,1031955,1031955,1031955,1031955,1031955,1031955,1031955,1031381,1031381,1031381,1031381,1031381,1031381,1031381,1031381,1031381,1031381,1031381,1031381,1031381,1060390,1060390,1060390,1060390,1060390,1060390,1060390,1060390,1060390,1060390,1060390,1060390,1045552,1045552,1045552,1045552,1045552,1045552,1045552,1045552,1045552,1045552,1045552,1045552,1046040,1046040,1046040,1046040,1046040,1046040,1046040,1046040,1046040,1046040,1046040,1046040,1046720.0,1046720.0,1046720.0,1046720.0,1046720.0,1046720.0,1046720.0,1046720.0,1046720.0,1046720.0,1046720.0,1046720.0,1045368.0,1045368.0,1045368.0,1045368.0,1045368.0,1045368.0,1045368.0,1045368.0,1045368.0,1045368.0,1045368.0,1045368.0,1046992.0,1046992.0,1046992.0,1046992.0,1046992.0,1046992.0,1046992.0,1046992.0,1046992.0,1046992.0,1046992.0,1046992.0,1083438,1083438,1083438,1083438,1083438,1083438,1083438,1083438,1083438,1083438,1083438,1083438,1083438,1083618,1083618,1083618,1083618,1083618,1083618,1083618,1083618,1083618,1083618,1083618,1083618,1083618,1080390,1080390,1080390,1080390,1080390,1080390,1080390,1080390,1080390,1080390,1080390,1080390,1080390,1082046.0,1082046.0,1082046.0,1082046.0,1082046.0,1082046.0,1082046.0,1082046.0,1082046.0,1082046.0,1082046.0,1082046.0,1082006.0,1082006.0,1082006.0,1082006.0,1082006.0,1082006.0,1082006.0,1082006.0,1082006.0,1082006.0,1082006.0,1082006.0,1082006.0,1082006.0,1082006.0
2013-08-01,,,,,,,,,,,,,,,,,,,,,,,,,,,,,,,1032915,1032915,1032915,1032915,1032915,1032915,1032915,1032413,1032413,1032413,1032413,1032413,1032413,1032413,1032413,1032413,1032413,1032413,1032413,1032413,1060196,1060196,1060196,1060196,1060196,1060196,1060196,1060196,1060196,1060196,1060196,1060196,1045495,1045495,1045495,1045495,1045495,1045495,1045495,1045495,1045495,1045495,1045495,1045495,1046816,1046816,1046816,1046816,1046816,1046816,1046816,1046816,1046816,1046816,1046816,1046816,1045714.0,1045714.0,1045714.0,1045714.0,1045714.0,1045714.0,1045714.0,1045714.0,1045714.0,1045714.0,1045714.0,1045714.0,1046321.0,1046321.0,1046321.0,1046321.0,1046321.0,1046321.0,1046321.0,1046321.0,1046321.0,1046321.0,1046321.0,1046321.0,1046677.0,1046677.0,1046677.0,1046677.0,1046677.0,1046677.0,1046677.0,1046677.0,1046677.0,1046677.0,1046677.0,1046677.0,1084662,1084662,1084662,1084662,1084662,1084662,1084662,1084662,1084662,1084662,1084662,1084662,1084662,1087330,1087330,1087330,1087330,1087330,1087330,1087330,1087330,1087330,1087330,1087330,1087330,1087330,1085343,1085343,1085343,1085343,1085343,1085343,1085343,1085343,1085343,1085343,1085343,1085343,1085343,1085961.0,1085961.0,1085961.0,1085961.0,1085961.0,1085961.0,1085961.0,1085961.0,1085961.0,1085961.0,1085961.0,1085961.0,1086042.0,1086042.0,1086042.0,1086042.0,1086042.0,1086042.0,1086042.0,1086042.0,1086042.0,1086042.0,1086042.0,1086042.0,1086042.0,1086042.0,1086042.0
2013-09-01,,,,,,,,,,,,,,,,,,,,,,,,,,,,,,,1041703,1042079,1042079,1042079,1042079,1042079,1042079,1041242,1041242,1041242,1041242,1041242,1041242,1041242,1041242,1041242,1041242,1041242,1041242,1041242,1067915,1067915,1067915,1067915,1067915,1067915,1067915,1067915,1067915,1067915,1067915,1067915,1053144,1053144,1053144,1053144,1053144,1053144,1053144,1053144,1053144,1053144,1053144,1053144,1056346,1056346,1056346,1056346,1056346,1056346,1056346,1056346,1056346,1056346,1056346,1056346,1055557.0,1055557.0,1055557.0,1055557.0,1055557.0,1055557.0,1055557.0,1055557.0,1055557.0,1055557.0,1055557.0,1055557.0,1055443.0,1055443.0,1055443.0,1055443.0,1055443.0,1055443.0,1055443.0,1055443.0,1055443.0,1055443.0,1055443.0,1055443.0,1056294.0,1056294.0,1056294.0,1056294.0,1056294.0,1056294.0,1056294.0,1056294.0,1056294.0,1056294.0,1056294.0,1056294.0,1102029,1102029,1102029,1102029,1102029,1102029,1102029,1102029,1102029,1102029,1102029,1102029,1102029,1104227,1104227,1104227,1104227,1104227,1104227,1104227,1104227,1104227,1104227,1104227,1104227,1104227,1102227,1102227,1102227,1102227,1102227,1102227,1102227,1102227,1102227,1102227,1102227,1102227,1102227,1102569.0,1102569.0,1102569.0,1102569.0,1102569.0,1102569.0,1102569.0,1102569.0,1102569.0,1102569.0,1102569.0,1102569.0,1102358.0,1102358.0,1102358.0,1102358.0,1102358.0,1102358.0,1102358.0,1102358.0,1102358.0,1102358.0,1102358.0,1102358.0,1102358.0,1102358.0,1102358.0
2013-10-01,,,,,,,,,,,,,,,,,,,,,,,,,,,,,,,,1046192,1048037,1048037,1048037,1048037,1048037,1045714,1045714,1045714,1045714,1045714,1045714,1045714,1045714,1045714,1045714,1045714,1045714,1045714,1070930,1070930,1070930,1070930,1070930,1070930,1070930,1070930,1070930,1070930,1070930,1070930,1055596,1055596,1055596,1055596,1055596,1055596,1055596,1055596,1055596,1055596,1055596,1055596,1058538,1058538,1058538,1058538,1058538,1058538,1058538,1058538,1058538,1058538,1058538,1058538,1058687.0,1058687.0,1058687.0,1058687.0,1058687.0,1058687.0,1058687.0,1058687.0,1058687.0,1058687.0,1058687.0,1058687.0,1057886.0,1057886.0,1057886.0,1057886.0,1057886.0,1057886.0,1057886.0,1057886.0,1057886.0,1057886.0,1057886.0,1057886.0,1058913.0,1058913.0,1058913.0,1058913.0,1058913.0,1058913.0,1058913.0,1058913.0,1058913.0,1058913.0,1058913.0,1058913.0,1113412,1113412,1113412,1113412,1113412,1113412,1113412,1113412,1113412,1113412,1113412,1113412,1113412,1113271,1113271,1113271,1113271,1113271,1113271,1113271,1113271,1113271,1113271,1113271,1113271,1113271,1111349,1111349,1111349,1111349,1111349,1111349,1111349,1111349,1111349,1111349,1111349,1111349,1111349,1111354.0,1111354.0,1111354.0,1111354.0,1111354.0,1111354.0,1111354.0,1111354.0,1111354.0,1111354.0,1111354.0,1111354.0,1110857.0,1110857.0,1110857.0,1110857.0,1110857.0,1110857.0,1110857.0,1110857.0,1110857.0,1110857.0,1110857.0,1110857.0,1110857.0,1110857.0,1110857.0
2013-11-01,,,,,,,,,,,,,,,,,,,,,,,,,,,,,,,,,1058481,1057827,1057827,1057827,1057827,1056231,1056231,1056231,1056231,1056231,1056231,1056231,1056231,1056231,1056231,1056231,1056231,1056231,1080034,1080034,1080034,1080034,1080034,1080034,1080034,1080034,1080034,1080034,1080034,1080034,1063681,1063681,1063681,1063681,1063681,1063681,1063681,1063681,1063681,1063681,1063681,1063681,1067315,1067315,1067315,1067315,1067315,1067315,1067315,1067315,1067315,1067315,1067315,1067315,1066984.0,1066984.0,1066984.0,1066984.0,1066984.0,1066984.0,1066984.0,1066984.0,1066984.0,1066984.0,1066984.0,1066984.0,1066686.0,1066686.0,1066686.0,1066686.0,1066686.0,1066686.0,1066686.0,1066686.0,1066686.0,1066686.0,1066686.0,1066686.0,1066519.0,1066519.0,1066519.0,1066519.0,1066519.0,1066519.0,1066519.0,1066519.0,1066519.0,1066519.0,1066519.0,1066519.0,1126511,1126511,1126511,1126511,1126511,1126511,1126511,1126511,1126511,1126511,1126511,1126511,1126511,1125616,1125616,1125616,1125616,1125616,1125616,1125616,1125616,1125616,1125616,1125616,1125616,1125616,1126353,1126353,1126353,1126353,1126353,1126353,1126353,1126353,1126353,1126353,1126353,1126353,1126353,1126012.0,1126012.0,1126012.0,1126012.0,1126012.0,1126012.0,1126012.0,1126012.0,1126012.0,1126012.0,1126012.0,1126012.0,1126108.0,1126108.0,1126108.0,1126108.0,1126108.0,1126108.0,1126108.0,1126108.0,1126108.0,1126108.0,1126108.0,1126108.0,1126108.0,1126108.0,1126108.0
2013-12-01,,,,,,,,,,,,,,,,,,,,,,,,,,,,,,,,,,1061701,1059524,1059524,1059524,1060172,1060172,1060172,1060172,1060172,1060172,1060172,1060172,1060172,1060172,1060172,1060172,1060172,1087229,1087229,1087229,1087229,1087229,1087229,1087229,1087229,1087229,1087229,1087229,1087229,1071455,1071455,1071455,1071455,1071455,1071455,1071455,1071455,1071455,1071455,1071455,1071455,1075872,1075872,1075872,1075872,1075872,1075872,1075872,1075872,1075872,1075872,1075872,1075872,1076059.0,1076059.0,1076059.0,1076059.0,1076059.0,1076059.0,1076059.0,1076059.0,1076059.0,1076059.0,1076059.0,1076059.0,1075850.0,1075850.0,1075850.0,1075850.0,1075850.0,1075850.0,1075850.0,1075850.0,1075850.0,1075850.0,1075850.0,1075850.0,1075752.0,1075752.0,1075752.0,1075752.0,1075752.0,1075752.0,1075752.0,1075752.0,1075752.0,1075752.0,1075752.0,1075752.0,1142130,1142130,1142130,1142130,1142130,1142130,1142130,1142130,1142130,1142130,1142130,1142130,1142130,1142454,1142454,1142454,1142454,1142454,1142454,1142454,1142454,1142454,1142454,1142454,1142454,1142454,1141960,1141960,1141960,1141960,1141960,1141960,1141960,1141960,1141960,1141960,1141960,1141960,1141960,1142251.0,1142251.0,1142251.0,1142251.0,1142251.0,1142251.0,1142251.0,1142251.0,1142251.0,1142251.0,1142251.0,1142251.0,1142621.0,1142621.0,1142621.0,1142621.0,1142621.0,1142621.0,1142621.0,1142621.0,1142621.0,1142621.0,1142621.0,1142621.0,1142621.0,1142621.0,1142621.0
2014-01-01,,,,,,,,,,,,,,,,,,,,,,,,,,,,,,,,,,,1059856,1059604,1059604,1059749,1059749,1059749,1059749,1059749,1059749,1059749,1059749,1059749,1059749,1059749,1059749,1059749,1091532,1091532,1091532,1091532,1091532,1091532,1091532,1091532,1091532,1091532,1091532,1091532,1072856,1072856,1072856,1072856,1072856,1072856,1072856,1072856,1072856,1072856,1072856,1072856,1077534,1077534,1077534,1077534,1077534,1077534,1077534,1077534,1077534,1077534,1077534,1077534,1077548.0,1077548.0,1077548.0,1077548.0,1077548.0,1077548.0,1077548.0,1077548.0,1077548.0,1077548.0,1077548.0,1077548.0,1078185.0,1078185.0,1078185.0,1078185.0,1078185.0,1078185.0,1078185.0,1078185.0,1078185.0,1078185.0,1078185.0,1078185.0,1076998.0,1076998.0,1076998.0,1076998.0,1076998.0,1076998.0,1076998.0,1076998.0,1076998.0,1076998.0,1076998.0,1076998.0,1147938,1147938,1147938,1147938,1147938,1147938,1147938,1147938,1147938,1147938,1147938,1147938,1147938,1145068,1145068,1145068,1145068,1145068,1145068,1145068,1145068,1145068,1145068,1145068,1145068,1145068,1145497,1145497,1145497,1145497,1145497,1145497,1145497,1145497,1145497,1145497,1145497,1145497,1145497,1145531.0,1145531.0,1145531.0,1145531.0,1145531.0,1145531.0,1145531.0,1145531.0,1145531.0,1145531.0,1145531.0,1145531.0,1146109.0,1146109.0,1146109.0,1146109.0,1146109.0,1146109.0,1146109.0,1146109.0,1146109.0,1146109.0,1146109.0,1146109.0,1146109.0,1146109.0,1146109.0
2014-02-01,,,,,,,,,,,,,,,,,,,,,,,,,,,,,,,,,,,,1062474,1062399,1062544,1062544,1062544,1062544,1062544,1062544,1062544,1062544,1062544,1062544,1062544,1062544,1062544,1098532,1098532,1098532,1098532,1098532,1098532,1098532,1098532,1098532,1098532,1098532,1098532,1077244,1077244,1077244,1077244,1077244,1077244,1077244,1077244,1077244,1077244,1077244,1077244,1081654,1081654,1081654,1081654,1081654,1081654,1081654,1081654,1081654,1081654,1081654,1081654,1082240.0,1082240.0,1082240.0,1082240.0,1082240.0,1082240.0,1082240.0,1082240.0,1082240.0,1082240.0,1082240.0,1082240.0,1082718.0,1082718.0,1082718.0,1082718.0,1082718.0,1082718.0,1082718.0,1082718.0,1082718.0,1082718.0,1082718.0,1082718.0,1081998.0,1081998.0,1081998.0,1081998.0,1081998.0,1081998.0,1081998.0,1081998.0,1081998.0,1081998.0,1081998.0,1081998.0,1152401,1152401,1152401,1152401,1152401,1152401,1152401,1152401,1152401,1152401,1152401,1152401,1152401,1151907,1151907,1151907,1151907,1151907,1151907,1151907,1151907,1151907,1151907,1151907,1151907,1151907,1152065,1152065,1152065,1152065,1152065,1152065,1152065,1152065,1152065,1152065,1152065,1152065,1152065,1151321.0,1151321.0,1151321.0,1151321.0,1151321.0,1151321.0,1151321.0,1151321.0,1151321.0,1151321.0,1151321.0,1151321.0,1151530.0,1151530.0,1151530.0,1151530.0,1151530.0,1151530.0,1151530.0,1151530.0,1151530.0,1151530.0,1151530.0,1151530.0,1151530.0,1151530.0,1151530.0
2014-03-01,,,,,,,,,,,,,,,,,,,,,,,,,,,,,,,,,,,,,1069255,1069021,1070727,1070727,1070727,1070727,1070727,1070727,1070727,1070727,1070727,1070727,1070727,1070727,1109361,1109361,1109361,1109361,1109361,1109361,1109361,1109361,1109361,1109361,1109361,1109361,1085183,1085183,1085183,1085183,1085183,1085183,1085183,1085183,1085183,1085183,1085183,1085183,1087885,1087885,1087885,1087885,1087885,1087885,1087885,1087885,1087885,1087885,1087885,1087885,1087009.0,1087009.0,1087009.0,1087009.0,1087009.0,1087009.0,1087009.0,1087009.0,1087009.0,1087009.0,1087009.0,1087009.0,1087876.0,1087876.0,1087876.0,1087876.0,1087876.0,1087876.0,1087876.0,1087876.0,1087876.0,1087876.0,1087876.0,1087876.0,1086743.0,1086743.0,1086743.0,1086743.0,1086743.0,1086743.0,1086743.0,1086743.0,1086743.0,1086743.0,1086743.0,1086743.0,1160279,1160279,1160279,1160279,1160279,1160279,1160279,1160279,1160279,1160279,1160279,1160279,1160279,1157884,1157884,1157884,1157884,1157884,1157884,1157884,1157884,1157884,1157884,1157884,1157884,1157884,1160313,1160313,1160313,1160313,1160313,1160313,1160313,1160313,1160313,1160313,1160313,1160313,1160313,1160014.0,1160014.0,1160014.0,1160014.0,1160014.0,1160014.0,1160014.0,1160014.0,1160014.0,1160014.0,1160014.0,1160014.0,1160074.0,1160074.0,1160074.0,1160074.0,1160074.0,1160074.0,1160074.0,1160074.0,1160074.0,1160074.0,1160074.0,1160074.0,1160074.0,1160074.0,1160074.0
2014-04-01,,,,,,,,,,,,,,,,,,,,,,,,,,,,,,,,,,,,,,,1080575,1080702,1080702,1080702,1080702,1080702,1080702,1080702,1080702,1080702,1080702,1080702,1123491,1123491,1123491,1123491,1123491,1123491,1123491,1123491,1123491,1123491,1123491,1123491,1097272,1097272,1097272,1097272,1097272,1097272,1097272,1097272,1097272,1097272,1097272,1097272,1098820,1098820,1098820,1098820,1098820,1098820,1098820,1098820,1098820,1098820,1098820,1098820,1097669.0,1097669.0,1097669.0,1097669.0,1097669.0,1097669.0,1097669.0,1097669.0,1097669.0,1097669.0,1097669.0,1097669.0,1097773.0,1097773.0,1097773.0,1097773.0,1097773.0,1097773.0,1097773.0,1097773.0,1097773.0,1097773.0,1097773.0,1097773.0,1097126.0,1097126.0,1097126.0,1097126.0,1097126.0,1097126.0,1097126.0,1097126.0,1097126.0,1097126.0,1097126.0,1097126.0,1169655,1169655,1169655,1169655,1169655,1169655,1169655,1169655,1169655,1169655,1169655,1169655,1169655,1169153,1169153,1169153,1169153,1169153,1169153,1169153,1169153,1169153,1169153,1169153,1169153,1169153,1171868,1171868,1171868,1171868,1171868,1171868,1171868,1171868,1171868,1171868,1171868,1171868,1171868,1170764.0,1170764.0,1170764.0,1170764.0,1170764.0,1170764.0,1170764.0,1170764.0,1170764.0,1170764.0,1170764.0,1170764.0,1170643.0,1170643.0,1170643.0,1170643.0,1170643.0,1170643.0,1170643.0,1170643.0,1170643.0,1170643.0,1170643.0,1170643.0,1170643.0,1170643.0,1170643.0
2014-05-01,,,,,,,,,,,,,,,,,,,,,,,,,,,,,,,,,,,,,,,,1087371,1088072,1088072,1088072,1088072,1088072,1088072,1088072,1088072,1088072,1088072,1130082,1130082,1130082,1130082,1130082,1130082,1130082,1130082,1130082,1130082,1130082,1130082,1102035,1102035,1102035,1102035,1102035,1102035,1102035,1102035,1102035,1102035,1102035,1102035,1103643,1103643,1103643,1103643,1103643,1103643,1103643,1103643,1103643,1103643,1103643,1103643,1100686.0,1100686.0,1100686.0,1100686.0,1100686.0,1100686.0,1100686.0,1100686.0,1100686.0,1100686.0,1100686.0,1100686.0,1101099.0,1101099.0,1101099.0,1101099.0,1101099.0,1101099.0,1101099.0,1101099.0,1101099.0,1101099.0,1101099.0,1101099.0,1099438.0,1099438.0,1099438.0,1099438.0,1099438.0,1099438.0,1099438.0,1099438.0,1099438.0,1099438.0,1099438.0,1099438.0,1171274,1171274,1171274,1171274,1171274,1171274,1171274,1171274,1171274,1171274,1171274,1171274,1171274,1173814,1173814,1173814,1173814,1173814,1173814,1173814,1173814,1173814,1173814,1173814,1173814,1173814,1177051,1177051,1177051,1177051,1177051,1177051,1177051,1177051,1177051,1177051,1177051,1177051,1177051,1176690.0,1176690.0,1176690.0,1176690.0,1176690.0,1176690.0,1176690.0,1176690.0,1176690.0,1176690.0,1176690.0,1176690.0,1176817.0,1176817.0,1176817.0,1176817.0,1176817.0,1176817.0,1176817.0,1176817.0,1176817.0,1176817.0,1176817.0,1176817.0,1176817.0,1176817.0,1176817.0
2014-06-01,,,,,,,,,,,,,,,,,,,,,,,,,,,,,,,,,,,,,,,,,1098512,1099238,1099238,1099238,1099238,1099238,1099238,1099238,1099238,1099238,1142235,1142235,1142235,1142235,1142235,1142235,1142235,1142235,1142235,1142235,1142235,1142235,1110686,1110686,1110686,1110686,1110686,1110686,1110686,1110686,1110686,1110686,1110686,1110686,1112633,1112633,1112633,1112633,1112633,1112633,1112633,1112633,1112633,1112633,1112633,1112633,1108090.0,1108090.0,1108090.0,1108090.0,1108090.0,1108090.0,1108090.0,1108090.0,1108090.0,1108090.0,1108090.0,1108090.0,1108287.0,1108287.0,1108287.0,1108287.0,1108287.0,1108287.0,1108287.0,1108287.0,1108287.0,1108287.0,1108287.0,1108287.0,1108069.0,1108069.0,1108069.0,1108069.0,1108069.0,1108069.0,1108069.0,1108069.0,1108069.0,1108069.0,1108069.0,1108069.0,1182331,1182331,1182331,1182331,1182331,1182331,1182331,1182331,1182331,1182331,1182331,1182331,1182331,1184975,1184975,1184975,1184975,1184975,1184975,1184975,1184975,1184975,1184975,1184975,1184975,1184975,1186247,1186247,1186247,1186247,1186247,1186247,1186247,1186247,1186247,1186247,1186247,1186247,1186247,1186007.0,1186007.0,1186007.0,1186007.0,1186007.0,1186007.0,1186007.0,1186007.0,1186007.0,1186007.0,1186007.0,1186007.0,1185306.0,1185306.0,1185306.0,1185306.0,1185306.0,1185306.0,1185306.0,1185306.0,1185306.0,1185306.0,1185306.0,1185306.0,1185306.0,1185306.0,1185306.0
2014-07-01,,,,,,,,,,,,,,,,,,,,,,,,,,,,,,,,,,,,,,,,,,1158161,1157460,1157460,1157460,1157460,1157460,1157460,1157460,1157460,1204617,1204617,1204617,1204617,1204617,1204617,1204617,1204617,1204617,1204617,1204617,1204617,1168311,1168311,1168311,1168311,1168311,1168311,1168311,1168311,1168311,1168311,1168311,1168311,1169322,1169322,1169322,1169322,1169322,1169322,1169322,1169322,1169322,1169322,1169322,1169322,1166118.0,1166118.0,1166118.0,1166118.0,1166118.0,1166118.0,1166118.0,1166118.0,1166118.0,1166118.0,1166118.0,1166118.0,1164424.0,1164424.0,1164424.0,1164424.0,1164424.0,1164424.0,1164424.0,1164424.0,1164424.0,1164424.0,1164424.0,1164424.0,1165758.0,1165758.0,1165758.0,1165758.0,1165758.0,1165758.0,1165758.0,1165758.0,1165758.0,1165758.0,1165758.0,1165758.0,1252008,1252008,1252008,1252008,1252008,1252008,1252008,1252008,1252008,1252008,1252008,1252008,1252008,1253240,1253240,1253240,1253240,1253240,1253240,1253240,1253240,1253240,1253240,1253240,1253240,1253240,1249044,1249044,1249044,1249044,1249044,1249044,1249044,1249044,1249044,1249044,1249044,1249044,1249044,1251495.0,1251495.0,1251495.0,1251495.0,1251495.0,1251495.0,1251495.0,1251495.0,1251495.0,1251495.0,1251495.0,1251495.0,1251197.0,1251197.0,1251197.0,1251197.0,1251197.0,1251197.0,1251197.0,1251197.0,1251197.0,1251197.0,1251197.0,1251197.0,1251197.0,1251197.0,1251197.0
2014-08-01,,,,,,,,,,,,,,,,,,,,,,,,,,,,,,,,,,,,,,,,,,,1164463,1164929,1164929,1164929,1164929,1164929,1164929,1164929,1210827,1210827,1210827,1210827,1210827,1210827,1210827,1210827,1210827,1210827,1210827,1210827,1172732,1172732,1172732,1172732,1172732,1172732,1172732,1172732,1172732,1172732,1172732,1172732,1173745,1173745,1173745,1173745,1173745,1173745,1173745,1173745,1173745,1173745,1173745,1173745,1168960.0,1168960.0,1168960.0,1168960.0,1168960.0,1168960.0,1168960.0,1168960.0,1168960.0,1168960.0,1168960.0,1168960.0,1168202.0,1168202.0,1168202.0,1168202.0,1168202.0,1168202.0,1168202.0,1168202.0,1168202.0,1168202.0,1168202.0,1168202.0,1169708.0,1169708.0,1169708.0,1169708.0,1169708.0,1169708.0,1169708.0,1169708.0,1169708.0,1169708.0,1169708.0,1169708.0,1254249,1254249,1254249,1254249,1254249,1254249,1254249,1254249,1254249,1254249,1254249,1254249,1254249,1256937,1256937,1256937,1256937,1256937,1256937,1256937,1256937,1256937,1256937,1256937,1256937,1256937,1254394,1254394,1254394,1254394,1254394,1254394,1254394,1254394,1254394,1254394,1254394,1254394,1254394,1254966.0,1254966.0,1254966.0,1254966.0,1254966.0,1254966.0,1254966.0,1254966.0,1254966.0,1254966.0,1254966.0,1254966.0,1254803.0,1254803.0,1254803.0,1254803.0,1254803.0,1254803.0,1254803.0,1254803.0,1254803.0,1254803.0,1254803.0,1254803.0,1254803.0,1254803.0,1254803.0
2014-09-01,,,,,,,,,,,,,,,,,,,,,,,,,,,,,,,,,,,,,,,,,,,,1168658,1169273,1169273,1169273,1169273,1169273,1169273,1213630,1213630,1213630,1213630,1213630,1213630,1213630,1213630,1213630,1213630,1213630,1213630,1174033,1174033,1174033,1174033,1174033,1174033,1174033,1174033,1174033,1174033,1174033,1174033,1175861,1175861,1175861,1175861,1175861,1175861,1175861,1175861,1175861,1175861,1175861,1175861,1171798.0,1171798.0,1171798.0,1171798.0,1171798.0,1171798.0,1171798.0,1171798.0,1171798.0,1171798.0,1171798.0,1171798.0,1170889.0,1170889.0,1170889.0,1170889.0,1170889.0,1170889.0,1170889.0,1170889.0,1170889.0,1170889.0,1170889.0,1170889.0,1171856.0,1171856.0,1171856.0,1171856.0,1171856.0,1171856.0,1171856.0,1171856.0,1171856.0,1171856.0,1171856.0,1171856.0,1261860,1261860,1261860,1261860,1261860,1261860,1261860,1261860,1261860,1261860,1261860,1261860,1261860,1260845,1260845,1260845,1260845,1260845,1260845,1260845,1260845,1260845,1260845,1260845,1260845,1260845,1258395,1258395,1258395,1258395,1258395,1258395,1258395,1258395,1258395,1258395,1258395,1258395,1258395,1258511.0,1258511.0,1258511.0,1258511.0,1258511.0,1258511.0,1258511.0,1258511.0,1258511.0,1258511.0,1258511.0,1258511.0,1258142.0,1258142.0,1258142.0,1258142.0,1258142.0,1258142.0,1258142.0,1258142.0,1258142.0,1258142.0,1258142.0,1258142.0,1258142.0,1258142.0,1258142.0
2014-10-01,,,,,,,,,,,,,,,,,,,,,,,,,,,,,,,,,,,,,,,,,,,,,1174206,1174608,1174608,1174608,1174608,1174608,1216967,1216967,1216967,1216967,1216967,1216967,1216967,1216967,1216967,1216967,1216967,1216967,1174484,1174484,1174484,1174484,1174484,1174484,1174484,1174484,1174484,1174484,1174484,1174484,1175151,1175151,1175151,1175151,1175151,1175151,1175151,1175151,1175151,1175151,1175151,1175151,1170291.0,1170291.0,1170291.0,1170291.0,1170291.0,1170291.0,1170291.0,1170291.0,1170291.0,1170291.0,1170291.0,1170291.0,1169889.0,1169889.0,1169889.0,1169889.0,1169889.0,1169889.0,1169889.0,1169889.0,1169889.0,1169889.0,1169889.0,1169889.0,1170546.0,1170546.0,1170546.0,1170546.0,1170546.0,1170546.0,1170546.0,1170546.0,1170546.0,1170546.0,1170546.0,1170546.0,1262007,1262007,1262007,1262007,1262007,1262007,1262007,1262007,1262007,1262007,1262007,1262007,1262007,1261354,1261354,1261354,1261354,1261354,1261354,1261354,1261354,1261354,1261354,1261354,1261354,1261354,1259066,1259066,1259066,1259066,1259066,1259066,1259066,1259066,1259066,1259066,1259066,1259066,1259066,1259557.0,1259557.0,1259557.0,1259557.0,1259557.0,1259557.0,1259557.0,1259557.0,1259557.0,1259557.0,1259557.0,1259557.0,1258912.0,1258912.0,1258912.0,1258912.0,1258912.0,1258912.0,1258912.0,1258912.0,1258912.0,1258912.0,1258912.0,1258912.0,1258912.0,1258912.0,1258912.0
2014-11-01,,,,,,,,,,,,,,,,,,,,,,,,,,,,,,,,,,,,,,,,,,,,,,1179084,1176381,1176381,1176381,1176381,1220658,1220658,1220658,1220658,1220658,1220658,1220658,1220658,1220658,1220658,1220658,1220658,1173777,1173777,1173777,1173777,1173777,1173777,1173777,1173777,1173777,1173777,1173777,1173777,1174487,1174487,1174487,1174487,1174487,1174487,1174487,1174487,1174487,1174487,1174487,1174487,1168536.0,1168536.0,1168536.0,1168536.0,1168536.0,1168536.0,1168536.0,1168536.0,1168536.0,1168536.0,1168536.0,1168536.0,1168669.0,1168669.0,1168669.0,1168669.0,1168669.0,1168669.0,1168669.0,1168669.0,1168669.0,1168669.0,1168669.0,1168669.0,1168321.0,1168321.0,1168321.0,1168321.0,1168321.0,1168321.0,1168321.0,1168321.0,1168321.0,1168321.0,1168321.0,1168321.0,1263802,1263802,1263802,1263802,1263802,1263802,1263802,1263802,1263802,1263802,1263802,1263802,1263802,1259321,1259321,1259321,1259321,1259321,1259321,1259321,1259321,1259321,1259321,1259321,1259321,1259321,1259040,1259040,1259040,1259040,1259040,1259040,1259040,1259040,1259040,1259040,1259040,1259040,1259040,1258725.0,1258725.0,1258725.0,1258725.0,1258725.0,1258725.0,1258725.0,1258725.0,1258725.0,1258725.0,1258725.0,1258725.0,1259730.0,1259730.0,1259730.0,1259730.0,1259730.0,1259730.0,1259730.0,1259730.0,1259730.0,1259730.0,1259730.0,1259730.0,1259730.0,1259730.0,1259730.0
2014-12-01,,,,,,,,,,,,,,,,,,,,,,,,,,,,,,,,,,,,,,,,,,,,,,,1166943,1165551,1165551,1165551,1210631,1210631,1210631,1210631,1210631,1210631,1210631,1210631,1210631,1210631,1210631,1210631,1163928,1163928,1163928,1163928,1163928,1163928,1163928,1163928,1163928,1163928,1163928,1163928,1164968,1164968,1164968,1164968,1164968,1164968,1164968,1164968,1164968,1164968,1164968,1164968,1160491.0,1160491.0,1160491.0,1160491.0,1160491.0,1160491.0,1160491.0,1160491.0,1160491.0,1160491.0,1160491.0,1160491.0,1160717.0,1160717.0,1160717.0,1160717.0,1160717.0,1160717.0,1160717.0,1160717.0,1160717.0,1160717.0,1160717.0,1160717.0,1160052.0,1160052.0,1160052.0,1160052.0,1160052.0,1160052.0,1160052.0,1160052.0,1160052.0,1160052.0,1160052.0,1160052.0,1255669,1255669,1255669,1255669,1255669,1255669,1255669,1255669,1255669,1255669,1255669,1255669,1255669,1252331,1252331,1252331,1252331,1252331,1252331,1252331,1252331,1252331,1252331,1252331,1252331,1252331,1251711,1251711,1251711,1251711,1251711,1251711,1251711,1251711,1251711,1251711,1251711,1251711,1251711,1251037.0,1251037.0,1251037.0,1251037.0,1251037.0,1251037.0,1251037.0,1251037.0,1251037.0,1251037.0,1251037.0,1251037.0,1251932.0,1251932.0,1251932.0,1251932.0,1251932.0,1251932.0,1251932.0,1251932.0,1251932.0,1251932.0,1251932.0,1251932.0,1251932.0,1251932.0,1251932.0
2015-01-01,,,,,,,,,,,,,,,,,,,,,,,,,,,,,,,,,,,,,,,,,,,,,,,,1163387,1162249,1162249,1209242,1209242,1209242,1209242,1209242,1209242,1209242,1209242,1209242,1209242,1209242,1209242,1162619,1162619,1162619,1162619,1162619,1162619,1162619,1162619,1162619,1162619,1162619,1162619,1164762,1164762,1164762,1164762,1164762,1164762,1164762,1164762,1164762,1164762,1164762,1164762,1159699.0,1159699.0,1159699.0,1159699.0,1159699.0,1159699.0,1159699.0,1159699.0,1159699.0,1159699.0,1159699.0,1159699.0,1161119.0,1161119.0,1161119.0,1161119.0,1161119.0,1161119.0,1161119.0,1161119.0,1161119.0,1161119.0,1161119.0,1161119.0,1159657.0,1159657.0,1159657.0,1159657.0,1159657.0,1159657.0,1159657.0,1159657.0,1159657.0,1159657.0,1159657.0,1159657.0,1249339,1249339,1249339,1249339,1249339,1249339,1249339,1249339,1249339,1249339,1249339,1249339,1249339,1249539,1249539,1249539,1249539,1249539,1249539,1249539,1249539,1249539,1249539,1249539,1249539,1249539,1249837,1249837,1249837,1249837,1249837,1249837,1249837,1249837,1249837,1249837,1249837,1249837,1249837,1250217.0,1250217.0,1250217.0,1250217.0,1250217.0,1250217.0,1250217.0,1250217.0,1250217.0,1250217.0,1250217.0,1250217.0,1250695.0,1250695.0,1250695.0,1250695.0,1250695.0,1250695.0,1250695.0,1250695.0,1250695.0,1250695.0,1250695.0,1250695.0,1250695.0,1250695.0,1250695.0
2015-02-01,,,,,,,,,,,,,,,,,,,,,,,,,,,,,,,,,,,,,,,,,,,,,,,,,1156315,1156211,1202563,1202563,1202563,1202563,1202563,1202563,1202563,1202563,1202563,1202563,1202563,1202563,1156252,1156252,1156252,1156252,1156252,1156252,1156252,1156252,1156252,1156252,1156252,1156252,1158912,1158912,1158912,1158912,1158912,1158912,1158912,1158912,1158912,1158912,1158912,1158912,1154045.0,1154045.0,1154045.0,1154045.0,1154045.0,1154045.0,1154045.0,1154045.0,1154045.0,1154045.0,1154045.0,1154045.0,1154943.0,1154943.0,1154943.0,1154943.0,1154943.0,1154943.0,1154943.0,1154943.0,1154943.0,1154943.0,1154943.0,1154943.0,1154063.0,1154063.0,1154063.0,1154063.0,1154063.0,1154063.0,1154063.0,1154063.0,1154063.0,1154063.0,1154063.0,1154063.0,1240591,1240591,1240591,1240591,1240591,1240591,1240591,1240591,1240591,1240591,1240591,1240591,1240591,1242563,1242563,1242563,1242563,1242563,1242563,1242563,1242563,1242563,1242563,1242563,1242563,1242563,1243208,1243208,1243208,1243208,1243208,1243208,1243208,1243208,1243208,1243208,1243208,1243208,1243208,1242273.0,1242273.0,1242273.0,1242273.0,1242273.0,1242273.0,1242273.0,1242273.0,1242273.0,1242273.0,1242273.0,1242273.0,1242238.0,1242238.0,1242238.0,1242238.0,1242238.0,1242238.0,1242238.0,1242238.0,1242238.0,1242238.0,1242238.0,1242238.0,1242238.0,1242238.0,1242238.0
2015-03-01,,,,,,,,,,,,,,,,,,,,,,,,,,,,,,,,,,,,,,,,,,,,,,,,,,1157254,1203506,1203506,1203506,1203506,1203506,1203506,1203506,1203506,1203506,1203506,1203506,1203506,1157175,1157175,1157175,1157175,1157175,1157175,1157175,1157175,1157175,1157175,1157175,1157175,1158481,1158481,1158481,1158481,1158481,1158481,1158481,1158481,1158481,1158481,1158481,1158481,1150779.0,1150779.0,1150779.0,1150779.0,1150779.0,1150779.0,1150779.0,1150779.0,1150779.0,1150779.0,1150779.0,1150779.0,1152049.0,1152049.0,1152049.0,1152049.0,1152049.0,1152049.0,1152049.0,1152049.0,1152049.0,1152049.0,1152049.0,1152049.0,1151089.0,1151089.0,1151089.0,1151089.0,1151089.0,1151089.0,1151089.0,1151089.0,1151089.0,1151089.0,1151089.0,1151089.0,1237563,1237563,1237563,1237563,1237563,1237563,1237563,1237563,1237563,1237563,1237563,1237563,1237563,1238304,1238304,1238304,1238304,1238304,1238304,1238304,1238304,1238304,1238304,1238304,1238304,1238304,1240952,1240952,1240952,1240952,1240952,1240952,1240952,1240952,1240952,1240952,1240952,1240952,1240952,1240753.0,1240753.0,1240753.0,1240753.0,1240753.0,1240753.0,1240753.0,1240753.0,1240753.0,1240753.0,1240753.0,1240753.0,1240748.0,1240748.0,1240748.0,1240748.0,1240748.0,1240748.0,1240748.0,1240748.0,1240748.0,1240748.0,1240748.0,1240748.0,1240748.0,1240748.0,1240748.0
2015-04-01,,,,,,,,,,,,,,,,,,,,,,,,,,,,,,,,,,,,,,,,,,,,,,,,,,,1202445,1200999,1200999,1200999,1200999,1200999,1200999,1200999,1200999,1200999,1200999,1200999,1156374,1156374,1156374,1156374,1156374,1156374,1156374,1156374,1156374,1156374,1156374,1156374,1157664,1157664,1157664,1157664,1157664,1157664,1157664,1157664,1157664,1157664,1157664,1157664,1149375.0,1149375.0,1149375.0,1149375.0,1149375.0,1149375.0,1149375.0,1149375.0,1149375.0,1149375.0,1149375.0,1149375.0,1149782.0,1149782.0,1149782.0,1149782.0,1149782.0,1149782.0,1149782.0,1149782.0,1149782.0,1149782.0,1149782.0,1149782.0,1148735.0,1148735.0,1148735.0,1148735.0,1148735.0,1148735.0,1148735.0,1148735.0,1148735.0,1148735.0,1148735.0,1148735.0,1234901,1234901,1234901,1234901,1234901,1234901,1234901,1234901,1234901,1234901,1234901,1234901,1234901,1234231,1234231,1234231,1234231,1234231,1234231,1234231,1234231,1234231,1234231,1234231,1234231,1234231,1237532,1237532,1237532,1237532,1237532,1237532,1237532,1237532,1237532,1237532,1237532,1237532,1237532,1236792.0,1236792.0,1236792.0,1236792.0,1236792.0,1236792.0,1236792.0,1236792.0,1236792.0,1236792.0,1236792.0,1236792.0,1236578.0,1236578.0,1236578.0,1236578.0,1236578.0,1236578.0,1236578.0,1236578.0,1236578.0,1236578.0,1236578.0,1236578.0,1236578.0,1236578.0,1236578.0
2015-05-01,,,,,,,,,,,,,,,,,,,,,,,,,,,,,,,,,,,,,,,,,,,,,,,,,,,,1194624,1194695,1194695,1194695,1194695,1194695,1194695,1194695,1194695,1194695,1194695,1149178,1149178,1149178,1149178,1149178,1149178,1149178,1149178,1149178,1149178,1149178,1149178,1151095,1151095,1151095,1151095,1151095,1151095,1151095,1151095,1151095,1151095,1151095,1151095,1141636.0,1141636.0,1141636.0,1141636.0,1141636.0,1141636.0,1141636.0,1141636.0,1141636.0,1141636.0,1141636.0,1141636.0,1141059.0,1141059.0,1141059.0,1141059.0,1141059.0,1141059.0,1141059.0,1141059.0,1141059.0,1141059.0,1141059.0,1141059.0,1140056.0,1140056.0,1140056.0,1140056.0,1140056.0,1140056.0,1140056.0,1140056.0,1140056.0,1140056.0,1140056.0,1140056.0,1222161,1222161,1222161,1222161,1222161,1222161,1222161,1222161,1222161,1222161,1222161,1222161,1222161,1224781,1224781,1224781,1224781,1224781,1224781,1224781,1224781,1224781,1224781,1224781,1224781,1224781,1228338,1228338,1228338,1228338,1228338,1228338,1228338,1228338,1228338,1228338,1228338,1228338,1228338,1227738.0,1227738.0,1227738.0,1227738.0,1227738.0,1227738.0,1227738.0,1227738.0,1227738.0,1227738.0,1227738.0,1227738.0,1227817.0,1227817.0,1227817.0,1227817.0,1227817.0,1227817.0,1227817.0,1227817.0,1227817.0,1227817.0,1227817.0,1227817.0,1227817.0,1227817.0,1227817.0
2015-06-01,,,,,,,,,,,,,,,,,,,,,,,,,,,,,,,,,,,,,,,,,,,,,,,,,,,,,1194700,1195217,1195217,1195217,1195217,1195217,1195217,1195217,1195217,1195217,1149850,1149850,1149850,1149850,1149850,1149850,1149850,1149850,1149850,1149850,1149850,1149850,1154037,1154037,1154037,1154037,1154037,1154037,1154037,1154037,1154037,1154037,1154037,1154037,1142249.0,1142249.0,1142249.0,1142249.0,1142249.0,1142249.0,1142249.0,1142249.0,1142249.0,1142249.0,1142249.0,1142249.0,1142103.0,1142103.0,1142103.0,1142103.0,1142103.0,1142103.0,1142103.0,1142103.0,1142103.0,1142103.0,1142103.0,1142103.0,1141807.0,1141807.0,1141807.0,1141807.0,1141807.0,1141807.0,1141807.0,1141807.0,1141807.0,1141807.0,1141807.0,1141807.0,1227720,1227720,1227720,1227720,1227720,1227720,1227720,1227720,1227720,1227720,1227720,1227720,1227720,1227335,1227335,1227335,1227335,1227335,1227335,1227335,1227335,1227335,1227335,1227335,1227335,1227335,1228778,1228778,1228778,1228778,1228778,1228778,1228778,1228778,1228778,1228778,1228778,1228778,1228778,1228048.0,1228048.0,1228048.0,1228048.0,1228048.0,1228048.0,1228048.0,1228048.0,1228048.0,1228048.0,1228048.0,1228048.0,1227278.0,1227278.0,1227278.0,1227278.0,1227278.0,1227278.0,1227278.0,1227278.0,1227278.0,1227278.0,1227278.0,1227278.0,1227278.0,1227278.0,1227278.0
2015-07-01,,,,,,,,,,,,,,,,,,,,,,,,,,,,,,,,,,,,,,,,,,,,,,,,,,,,,,1197993,1197457,1197457,1197457,1197457,1197457,1197457,1197457,1197457,1151082,1151082,1151082,1151082,1151082,1151082,1151082,1151082,1151082,1151082,1151082,1151082,1155292,1155292,1155292,1155292,1155292,1155292,1155292,1155292,1155292,1155292,1155292,1155292,1142355.0,1142355.0,1142355.0,1142355.0,1142355.0,1142355.0,1142355.0,1142355.0,1142355.0,1142355.0,1142355.0,1142355.0,1140964.0,1140964.0,1140964.0,1140964.0,1140964.0,1140964.0,1140964.0,1140964.0,1140964.0,1140964.0,1140964.0,1140964.0,1141833.0,1141833.0,1141833.0,1141833.0,1141833.0,1141833.0,1141833.0,1141833.0,1141833.0,1141833.0,1141833.0,1141833.0,1225926,1225926,1225926,1225926,1225926,1225926,1225926,1225926,1225926,1225926,1225926,1225926,1225926,1227136,1227136,1227136,1227136,1227136,1227136,1227136,1227136,1227136,1227136,1227136,1227136,1227136,1223869,1223869,1223869,1223869,1223869,1223869,1223869,1223869,1223869,1223869,1223869,1223869,1223869,1225621.0,1225621.0,1225621.0,1225621.0,1225621.0,1225621.0,1225621.0,1225621.0,1225621.0,1225621.0,1225621.0,1225621.0,1225348.0,1225348.0,1225348.0,1225348.0,1225348.0,1225348.0,1225348.0,1225348.0,1225348.0,1225348.0,1225348.0,1225348.0,1225348.0,1225348.0,1225348.0
2015-08-01,,,,,,,,,,,,,,,,,,,,,,,,,,,,,,,,,,,,,,,,,,,,,,,,,,,,,,,1195011,1194184,1194184,1194184,1194184,1194184,1194184,1194184,1147266,1147266,1147266,1147266,1147266,1147266,1147266,1147266,1147266,1147266,1147266,1147266,1152993,1152993,1152993,1152993,1152993,1152993,1152993,1152993,1152993,1152993,1152993,1152993,1139318.0,1139318.0,1139318.0,1139318.0,1139318.0,1139318.0,1139318.0,1139318.0,1139318.0,1139318.0,1139318.0,1139318.0,1138074.0,1138074.0,1138074.0,1138074.0,1138074.0,1138074.0,1138074.0,1138074.0,1138074.0,1138074.0,1138074.0,1138074.0,1139211.0,1139211.0,1139211.0,1139211.0,1139211.0,1139211.0,1139211.0,1139211.0,1139211.0,1139211.0,1139211.0,1139211.0,1220988,1220988,1220988,1220988,1220988,1220988,1220988,1220988,1220988,1220988,1220988,1220988,1220988,1220605,1220605,1220605,1220605,1220605,1220605,1220605,1220605,1220605,1220605,1220605,1220605,1220605,1218209,1218209,1218209,1218209,1218209,1218209,1218209,1218209,1218209,1218209,1218209,1218209,1218209,1219283.0,1219283.0,1219283.0,1219283.0,1219283.0,1219283.0,1219283.0,1219283.0,1219283.0,1219283.0,1219283.0,1219283.0,1218805.0,1218805.0,1218805.0,1218805.0,1218805.0,1218805.0,1218805.0,1218805.0,1218805.0,1218805.0,1218805.0,1218805.0,1218805.0,1218805.0,1218805.0
2015-09-01,,,,,,,,,,,,,,,,,,,,,,,,,,,,,,,,,,,,,,,,,,,,,,,,,,,,,,,,1187945,1188439,1188439,1188439,1188439,1188439,1188439,1137078,1137078,1137078,1137078,1137078,1137078,1137078,1137078,1137078,1137078,1137078,1137078,1144882,1144882,1144882,1144882,1144882,1144882,1144882,1144882,1144882,1144882,1144882,1144882,1131485.0,1131485.0,1131485.0,1131485.0,1131485.0,1131485.0,1131485.0,1131485.0,1131485.0,1131485.0,1131485.0,1131485.0,1129779.0,1129779.0,1129779.0,1129779.0,1129779.0,1129779.0,1129779.0,1129779.0,1129779.0,1129779.0,1129779.0,1129779.0,1131016.0,1131016.0,1131016.0,1131016.0,1131016.0,1131016.0,1131016.0,1131016.0,1131016.0,1131016.0,1131016.0,1131016.0,1210118,1210118,1210118,1210118,1210118,1210118,1210118,1210118,1210118,1210118,1210118,1210118,1210118,1209871,1209871,1209871,1209871,1209871,1209871,1209871,1209871,1209871,1209871,1209871,1209871,1209871,1207380,1207380,1207380,1207380,1207380,1207380,1207380,1207380,1207380,1207380,1207380,1207380,1207380,1207843.0,1207843.0,1207843.0,1207843.0,1207843.0,1207843.0,1207843.0,1207843.0,1207843.0,1207843.0,1207843.0,1207843.0,1207218.0,1207218.0,1207218.0,1207218.0,1207218.0,1207218.0,1207218.0,1207218.0,1207218.0,1207218.0,1207218.0,1207218.0,1207218.0,1207218.0,1207218.0
2015-10-01,,,,,,,,,,,,,,,,,,,,,,,,,,,,,,,,,,,,,,,,,,,,,,,,,,,,,,,,,1191794,1192009,1192009,1192009,1192009,1192009,1140503,1140503,1140503,1140503,1140503,1140503,1140503,1140503,1140503,1140503,1140503,1140503,1145285,1145285,1145285,1145285,1145285,1145285,1145285,1145285,1145285,1145285,1145285,1145285,1129912.0,1129912.0,1129912.0,1129912.0,1129912.0,1129912.0,1129912.0,1129912.0,1129912.0,1129912.0,1129912.0,1129912.0,1130136.0,1130136.0,1130136.0,1130136.0,1130136.0,1130136.0,1130136.0,1130136.0,1130136.0,1130136.0,1130136.0,1130136.0,1130136.0,1130136.0,1130136.0,1130136.0,1130136.0,1130136.0,1130136.0,1130136.0,1130136.0,1130136.0,1130136.0,1130136.0,1206637,1206637,1206637,1206637,1206637,1206637,1206637,1206637,1206637,1206637,1206637,1206637,1206637,1209467,1209467,1209467,1209467,1209467,1209467,1209467,1209467,1209467,1209467,1209467,1209467,1209467,1206980,1206980,1206980,1206980,1206980,1206980,1206980,1206980,1206980,1206980,1206980,1206980,1206980,1208015.0,1208015.0,1208015.0,1208015.0,1208015.0,1208015.0,1208015.0,1208015.0,1208015.0,1208015.0,1208015.0,1208015.0,1207516.0,1207516.0,1207516.0,1207516.0,1207516.0,1207516.0,1207516.0,1207516.0,1207516.0,1207516.0,1207516.0,1207516.0,1207516.0,1207516.0,1207516.0
2015-11-01,,,,,,,,,,,,,,,,,,,,,,,,,,,,,,,,,,,,,,,,,,,,,,,,,,,,,,,,,,1193878,1193154,1193154,1193154,1193154,1140188,1140188,1140188,1140188,1140188,1140188,1140188,1140188,1140188,1140188,1140188,1140188,1143295,1143295,1143295,1143295,1143295,1143295,1143295,1143295,1143295,1143295,1143295,1143295,1128249.0,1128249.0,1128249.0,1128249.0,1128249.0,1128249.0,1128249.0,1128249.0,1128249.0,1128249.0,1128249.0,1128249.0,1128314.0,1128314.0,1128314.0,1128314.0,1128314.0,1128314.0,1128314.0,1128314.0,1128314.0,1128314.0,1128314.0,1128314.0,1128204.0,1128204.0,1128204.0,1128204.0,1128204.0,1128204.0,1128204.0,1128204.0,1128204.0,1128204.0,1128204.0,1128204.0,1206865,1206865,1206865,1206865,1206865,1206865,1206865,1206865,1206865,1206865,1206865,1206865,1206865,1205592,1205592,1205592,1205592,1205592,1205592,1205592,1205592,1205592,1205592,1205592,1205592,1205592,1204324,1204324,1204324,1204324,1204324,1204324,1204324,1204324,1204324,1204324,1204324,1204324,1204324,1203748.0,1203748.0,1203748.0,1203748.0,1203748.0,1203748.0,1203748.0,1203748.0,1203748.0,1203748.0,1203748.0,1203748.0,1205052.0,1205052.0,1205052.0,1205052.0,1205052.0,1205052.0,1205052.0,1205052.0,1205052.0,1205052.0,1205052.0,1205052.0,1205052.0,1205052.0,1205052.0
2015-12-01,,,,,,,,,,,,,,,,,,,,,,,,,,,,,,,,,,,,,,,,,,,,,,,,,,,,,,,,,,,1187401,1187486,1187486,1187486,1135712,1135712,1135712,1135712,1135712,1135712,1135712,1135712,1135712,1135712,1135712,1135712,1142191,1142191,1142191,1142191,1142191,1142191,1142191,1142191,1142191,1142191,1142191,1142191,1128598.0,1128598.0,1128598.0,1128598.0,1128598.0,1128598.0,1128598.0,1128598.0,1128598.0,1128598.0,1128598.0,1128598.0,1129060.0,1129060.0,1129060.0,1129060.0,1129060.0,1129060.0,1129060.0,1129060.0,1129060.0,1129060.0,1129060.0,1129060.0,1128338.0,1128338.0,1128338.0,1128338.0,1128338.0,1128338.0,1128338.0,1128338.0,1128338.0,1128338.0,1128338.0,1128338.0,1205811,1205811,1205811,1205811,1205811,1205811,1205811,1205811,1205811,1205811,1205811,1205811,1205811,1201974,1201974,1201974,1201974,1201974,1201974,1201974,1201974,1201974,1201974,1201974,1201974,1201974,1201473,1201473,1201473,1201473,1201473,1201473,1201473,1201473,1201473,1201473,1201473,1201473,1201473,1200531.0,1200531.0,1200531.0,1200531.0,1200531.0,1200531.0,1200531.0,1200531.0,1200531.0,1200531.0,1200531.0,1200531.0,1201437.0,1201437.0,1201437.0,1201437.0,1201437.0,1201437.0,1201437.0,1201437.0,1201437.0,1201437.0,1201437.0,1201437.0,1201437.0,1201437.0,1201437.0
2016-01-01,,,,,,,,,,,,,,,,,,,,,,,,,,,,,,,,,,,,,,,,,,,,,,,,,,,,,,,,,,,,1188089,1188166,1188166,1135979,1135979,1135979,1135979,1135979,1135979,1135979,1135979,1135979,1135979,1135979,1135979,1143181,1143181,1143181,1143181,1143181,1143181,1143181,1143181,1143181,1143181,1143181,1143181,1130697.0,1130697.0,1130697.0,1130697.0,1130697.0,1130697.0,1130697.0,1130697.0,1130697.0,1130697.0,1130697.0,1130697.0,1131625.0,1131625.0,1131625.0,1131625.0,1131625.0,1131625.0,1131625.0,1131625.0,1131625.0,1131625.0,1131625.0,1131625.0,1128485.0,1128485.0,1128485.0,1128485.0,1128485.0,1128485.0,1128485.0,1128485.0,1128485.0,1128485.0,1128485.0,1128485.0,1205820,1205820,1205820,1205820,1205820,1205820,1205820,1205820,1205820,1205820,1205820,1205820,1205820,1204853,1204853,1204853,1204853,1204853,1204853,1204853,1204853,1204853,1204853,1204853,1204853,1204853,1205217,1205217,1205217,1205217,1205217,1205217,1205217,1205217,1205217,1205217,1205217,1205217,1205217,1205089.0,1205089.0,1205089.0,1205089.0,1205089.0,1205089.0,1205089.0,1205089.0,1205089.0,1205089.0,1205089.0,1205089.0,1205653.0,1205653.0,1205653.0,1205653.0,1205653.0,1205653.0,1205653.0,1205653.0,1205653.0,1205653.0,1205653.0,1205653.0,1205653.0,1205653.0,1205653.0
2016-02-01,,,,,,,,,,,,,,,,,,,,,,,,,,,,,,,,,,,,,,,,,,,,,,,,,,,,,,,,,,,,,1184047,1183846,1130286,1130286,1130286,1130286,1130286,1130286,1130286,1130286,1130286,1130286,1130286,1130286,1135415,1135415,1135415,1135415,1135415,1135415,1135415,1135415,1135415,1135415,1135415,1135415,1124871.0,1124871.0,1124871.0,1124871.0,1124871.0,1124871.0,1124871.0,1124871.0,1124871.0,1124871.0,1124871.0,1124871.0,1126361.0,1126361.0,1126361.0,1126361.0,1126361.0,1126361.0,1126361.0,1126361.0,1126361.0,1126361.0,1126361.0,1126361.0,1120583.0,1120583.0,1120583.0,1120583.0,1120583.0,1120583.0,1120583.0,1120583.0,1120583.0,1120583.0,1120583.0,1120583.0,1200131,1200131,1200131,1200131,1200131,1200131,1200131,1200131,1200131,1200131,1200131,1200131,1200131,1198414,1198414,1198414,1198414,1198414,1198414,1198414,1198414,1198414,1198414,1198414,1198414,1198414,1199587,1199587,1199587,1199587,1199587,1199587,1199587,1199587,1199587,1199587,1199587,1199587,1199587,1198407.0,1198407.0,1198407.0,1198407.0,1198407.0,1198407.0,1198407.0,1198407.0,1198407.0,1198407.0,1198407.0,1198407.0,1198700.0,1198700.0,1198700.0,1198700.0,1198700.0,1198700.0,1198700.0,1198700.0,1198700.0,1198700.0,1198700.0,1198700.0,1198700.0,1198700.0,1198700.0
2016-03-01,,,,,,,,,,,,,,,,,,,,,,,,,,,,,,,,,,,,,,,,,,,,,,,,,,,,,,,,,,,,,,1182614,1130702,1130702,1130702,1130702,1130702,1130702,1130702,1130702,1130702,1130702,1130702,1130702,1132582,1132582,1132582,1132582,1132582,1132582,1132582,1132582,1132582,1132582,1132582,1132582,1120906.0,1120906.0,1120906.0,1120906.0,1120906.0,1120906.0,1120906.0,1120906.0,1120906.0,1120906.0,1120906.0,1120906.0,1122441.0,1122441.0,1122441.0,1122441.0,1122441.0,1122441.0,1122441.0,1122441.0,1122441.0,1122441.0,1122441.0,1122441.0,1114166.0,1114166.0,1114166.0,1114166.0,1114166.0,1114166.0,1114166.0,1114166.0,1114166.0,1114166.0,1114166.0,1114166.0,1195092,1195092,1195092,1195092,1195092,1195092,1195092,1195092,1195092,1195092,1195092,1195092,1195092,1193842,1193842,1193842,1193842,1193842,1193842,1193842,1193842,1193842,1193842,1193842,1193842,1193842,1196301,1196301,1196301,1196301,1196301,1196301,1196301,1196301,1196301,1196301,1196301,1196301,1196301,1196124.0,1196124.0,1196124.0,1196124.0,1196124.0,1196124.0,1196124.0,1196124.0,1196124.0,1196124.0,1196124.0,1196124.0,1196009.0,1196009.0,1196009.0,1196009.0,1196009.0,1196009.0,1196009.0,1196009.0,1196009.0,1196009.0,1196009.0,1196009.0,1196009.0,1196009.0,1196009.0
2016-04-01,,,,,,,,,,,,,,,,,,,,,,,,,,,,,,,,,,,,,,,,,,,,,,,,,,,,,,,,,,,,,,,1137282,1137162,1137162,1137162,1137162,1137162,1137162,1137162,1137162,1137162,1137162,1137162,1138442,1138442,1138442,1138442,1138442,1138442,1138442,1138442,1138442,1138442,1138442,1138442,1126665.0,1126665.0,1126665.0,1126665.0,1126665.0,1126665.0,1126665.0,1126665.0,1126665.0,1126665.0,1126665.0,1126665.0,1126727.0,1126727.0,1126727.0,1126727.0,1126727.0,1126727.0,1126727.0,1126727.0,1126727.0,1126727.0,1126727.0,1126727.0,1116985.0,1116985.0,1116985.0,1116985.0,1116985.0,1116985.0,1116985.0,1116985.0,1116985.0,1116985.0,1116985.0,1116985.0,1197549,1197549,1197549,1197549,1197549,1197549,1197549,1197549,1197549,1197549,1197549,1197549,1197549,1200174,1200174,1200174,1200174,1200174,1200174,1200174,1200174,1200174,1200174,1200174,1200174,1200174,1203243,1203243,1203243,1203243,1203243,1203243,1203243,1203243,1203243,1203243,1203243,1203243,1203243,1202862.0,1202862.0,1202862.0,1202862.0,1202862.0,1202862.0,1202862.0,1202862.0,1202862.0,1202862.0,1202862.0,1202862.0,1202356.0,1202356.0,1202356.0,1202356.0,1202356.0,1202356.0,1202356.0,1202356.0,1202356.0,1202356.0,1202356.0,1202356.0,1202356.0,1202356.0,1202356.0
2016-05-01,,,,,,,,,,,,,,,,,,,,,,,,,,,,,,,,,,,,,,,,,,,,,,,,,,,,,,,,,,,,,,,,1138906,1137551,1137551,1137551,1137551,1137551,1137551,1137551,1137551,1137551,1137551,1138898,1138898,1138898,1138898,1138898,1138898,1138898,1138898,1138898,1138898,1138898,1138898,1128020.0,1128020.0,1128020.0,1128020.0,1128020.0,1128020.0,1128020.0,1128020.0,1128020.0,1128020.0,1128020.0,1128020.0,1127577.0,1127577.0,1127577.0,1127577.0,1127577.0,1127577.0,1127577.0,1127577.0,1127577.0,1127577.0,1127577.0,1127577.0,1115612.0,1115612.0,1115612.0,1115612.0,1115612.0,1115612.0,1115612.0,1115612.0,1115612.0,1115612.0,1115612.0,1115612.0,1197703,1197703,1197703,1197703,1197703,1197703,1197703,1197703,1197703,1197703,1197703,1197703,1197703,1201025,1201025,1201025,1201025,1201025,1201025,1201025,1201025,1201025,1201025,1201025,1201025,1201025,1204226,1204226,1204226,1204226,1204226,1204226,1204226,1204226,1204226,1204226,1204226,1204226,1204226,1204140.0,1204140.0,1204140.0,1204140.0,1204140.0,1204140.0,1204140.0,1204140.0,1204140.0,1204140.0,1204140.0,1204140.0,1203918.0,1203918.0,1203918.0,1203918.0,1203918.0,1203918.0,1203918.0,1203918.0,1203918.0,1203918.0,1203918.0,1203918.0,1203918.0,1203918.0,1203918.0
2016-06-01,,,,,,,,,,,,,,,,,,,,,,,,,,,,,,,,,,,,,,,,,,,,,,,,,,,,,,,,,,,,,,,,,1127973,1127237,1127237,1127237,1127237,1127237,1127237,1127237,1127237,1127237,1128148,1128148,1128148,1128148,1128148,1128148,1128148,1128148,1128148,1128148,1128148,1128148,1116123.0,1116123.0,1116123.0,1116123.0,1116123.0,1116123.0,1116123.0,1116123.0,1116123.0,1116123.0,1116123.0,1116123.0,1115560.0,1115560.0,1115560.0,1115560.0,1115560.0,1115560.0,1115560.0,1115560.0,1115560.0,1115560.0,1115560.0,1115560.0,1102012.0,1102012.0,1102012.0,1102012.0,1102012.0,1102012.0,1102012.0,1102012.0,1102012.0,1102012.0,1102012.0,1102012.0,1189201,1189201,1189201,1189201,1189201,1189201,1189201,1189201,1189201,1189201,1189201,1189201,1189201,1189438,1189438,1189438,1189438,1189438,1189438,1189438,1189438,1189438,1189438,1189438,1189438,1189438,1190595,1190595,1190595,1190595,1190595,1190595,1190595,1190595,1190595,1190595,1190595,1190595,1190595,1190319.0,1190319.0,1190319.0,1190319.0,1190319.0,1190319.0,1190319.0,1190319.0,1190319.0,1190319.0,1190319.0,1190319.0,1189742.0,1189742.0,1189742.0,1189742.0,1189742.0,1189742.0,1189742.0,1189742.0,1189742.0,1189742.0,1189742.0,1189742.0,1189742.0,1189742.0,1189742.0
2016-07-01,,,,,,,,,,,,,,,,,,,,,,,,,,,,,,,,,,,,,,,,,,,,,,,,,,,,,,,,,,,,,,,,,,1126260,1124837,1124837,1124837,1124837,1124837,1124837,1124837,1124837,1124740,1124740,1124740,1124740,1124740,1124740,1124740,1124740,1124740,1124740,1124740,1124740,1112677.0,1112677.0,1112677.0,1112677.0,1112677.0,1112677.0,1112677.0,1112677.0,1112677.0,1112677.0,1112677.0,1112677.0,1111248.0,1111248.0,1111248.0,1111248.0,1111248.0,1111248.0,1111248.0,1111248.0,1111248.0,1111248.0,1111248.0,1111248.0,1096671.0,1096671.0,1096671.0,1096671.0,1096671.0,1096671.0,1096671.0,1096671.0,1096671.0,1096671.0,1096671.0,1096671.0,1182760,1182760,1182760,1182760,1182760,1182760,1182760,1182760,1182760,1182760,1182760,1182760,1182760,1186754,1186754,1186754,1186754,1186754,1186754,1186754,1186754,1186754,1186754,1186754,1186754,1186754,1184735,1184735,1184735,1184735,1184735,1184735,1184735,1184735,1184735,1184735,1184735,1184735,1184735,1185258.0,1185258.0,1185258.0,1185258.0,1185258.0,1185258.0,1185258.0,1185258.0,1185258.0,1185258.0,1185258.0,1185258.0,1185098.0,1185098.0,1185098.0,1185098.0,1185098.0,1185098.0,1185098.0,1185098.0,1185098.0,1185098.0,1185098.0,1185098.0,1185098.0,1185098.0,1185098.0
2016-08-01,,,,,,,,,,,,,,,,,,,,,,,,,,,,,,,,,,,,,,,,,,,,,,,,,,,,,,,,,,,,,,,,,,,1123200,1123085,1123085,1123085,1123085,1123085,1123085,1123085,1123567,1123567,1123567,1123567,1123567,1123567,1123567,1123567,1123567,1123567,1123567,1123567,1113508.0,1113508.0,1113508.0,1113508.0,1113508.0,1113508.0,1113508.0,1113508.0,1113508.0,1113508.0,1113508.0,1113508.0,1111441.0,1111441.0,1111441.0,1111441.0,1111441.0,1111441.0,1111441.0,1111441.0,1111441.0,1111441.0,1111441.0,1111441.0,1094531.0,1094531.0,1094531.0,1094531.0,1094531.0,1094531.0,1094531.0,1094531.0,1094531.0,1094531.0,1094531.0,1094531.0,1185049,1185049,1185049,1185049,1185049,1185049,1185049,1185049,1185049,1185049,1185049,1185049,1185049,1184821,1184821,1184821,1184821,1184821,1184821,1184821,1184821,1184821,1184821,1184821,1184821,1184821,1182109,1182109,1182109,1182109,1182109,1182109,1182109,1182109,1182109,1182109,1182109,1182109,1182109,1182557.0,1182557.0,1182557.0,1182557.0,1182557.0,1182557.0,1182557.0,1182557.0,1182557.0,1182557.0,1182557.0,1182557.0,1182069.0,1182069.0,1182069.0,1182069.0,1182069.0,1182069.0,1182069.0,1182069.0,1182069.0,1182069.0,1182069.0,1182069.0,1182069.0,1182069.0,1182069.0
2016-09-01,,,,,,,,,,,,,,,,,,,,,,,,,,,,,,,,,,,,,,,,,,,,,,,,,,,,,,,,,,,,,,,,,,,,1118802,1120287,1120287,1120287,1120287,1120287,1120287,1119324,1119324,1119324,1119324,1119324,1119324,1119324,1119324,1119324,1119324,1119324,1119324,1110086.0,1110086.0,1110086.0,1110086.0,1110086.0,1110086.0,1110086.0,1110086.0,1110086.0,1110086.0,1110086.0,1110086.0,1108582.0,1108582.0,1108582.0,1108582.0,1108582.0,1108582.0,1108582.0,1108582.0,1108582.0,1108582.0,1108582.0,1108582.0,1089182.0,1089182.0,1089182.0,1089182.0,1089182.0,1089182.0,1089182.0,1089182.0,1089182.0,1089182.0,1089182.0,1089182.0,1176119,1176119,1176119,1176119,1176119,1176119,1176119,1176119,1176119,1176119,1176119,1176119,1176119,1179048,1179048,1179048,1179048,1179048,1179048,1179048,1179048,1179048,1179048,1179048,1179048,1179048,1176643,1176643,1176643,1176643,1176643,1176643,1176643,1176643,1176643,1176643,1176643,1176643,1176643,1177409.0,1177409.0,1177409.0,1177409.0,1177409.0,1177409.0,1177409.0,1177409.0,1177409.0,1177409.0,1177409.0,1177409.0,1177185.0,1177185.0,1177185.0,1177185.0,1177185.0,1177185.0,1177185.0,1177185.0,1177185.0,1177185.0,1177185.0,1177185.0,1177185.0,1177185.0,1177185.0
2016-10-01,,,,,,,,,,,,,,,,,,,,,,,,,,,,,,,,,,,,,,,,,,,,,,,,,,,,,,,,,,,,,,,,,,,,,1128492,1129422,1129422,1129422,1129422,1129422,1128435,1128435,1128435,1128435,1128435,1128435,1128435,1128435,1128435,1128435,1128435,1128435,1118469.0,1118469.0,1118469.0,1118469.0,1118469.0,1118469.0,1118469.0,1118469.0,1118469.0,1118469.0,1118469.0,1118469.0,1118578.0,1118578.0,1118578.0,1118578.0,1118578.0,1118578.0,1118578.0,1118578.0,1118578.0,1118578.0,1118578.0,1118578.0,1097425.0,1097425.0,1097425.0,1097425.0,1097425.0,1097425.0,1097425.0,1097425.0,1097425.0,1097425.0,1097425.0,1097425.0,1193575,1193575,1193575,1193575,1193575,1193575,1193575,1193575,1193575,1193575,1193575,1193575,1193575,1192380,1192380,1192380,1192380,1192380,1192380,1192380,1192380,1192380,1192380,1192380,1192380,1192380,1189519,1189519,1189519,1189519,1189519,1189519,1189519,1189519,1189519,1189519,1189519,1189519,1189519,1190875.0,1190875.0,1190875.0,1190875.0,1190875.0,1190875.0,1190875.0,1190875.0,1190875.0,1190875.0,1190875.0,1190875.0,1190585.0,1190585.0,1190585.0,1190585.0,1190585.0,1190585.0,1190585.0,1190585.0,1190585.0,1190585.0,1190585.0,1190585.0,1190585.0,1190585.0,1190585.0
2016-11-01,,,,,,,,,,,,,,,,,,,,,,,,,,,,,,,,,,,,,,,,,,,,,,,,,,,,,,,,,,,,,,,,,,,,,,1127765,1126644,1126644,1126644,1126644,1127271,1127271,1127271,1127271,1127271,1127271,1127271,1127271,1127271,1127271,1127271,1127271,1117302.0,1117302.0,1117302.0,1117302.0,1117302.0,1117302.0,1117302.0,1117302.0,1117302.0,1117302.0,1117302.0,1117302.0,1117038.0,1117038.0,1117038.0,1117038.0,1117038.0,1117038.0,1117038.0,1117038.0,1117038.0,1117038.0,1117038.0,1117038.0,1093796.0,1093796.0,1093796.0,1093796.0,1093796.0,1093796.0,1093796.0,1093796.0,1093796.0,1093796.0,1093796.0,1093796.0,1193033,1193033,1193033,1193033,1193033,1193033,1193033,1193033,1193033,1193033,1193033,1193033,1193033,1188829,1188829,1188829,1188829,1188829,1188829,1188829,1188829,1188829,1188829,1188829,1188829,1188829,1187355,1187355,1187355,1187355,1187355,1187355,1187355,1187355,1187355,1187355,1187355,1187355,1187355,1186592.0,1186592.0,1186592.0,1186592.0,1186592.0,1186592.0,1186592.0,1186592.0,1186592.0,1186592.0,1186592.0,1186592.0,1187293.0,1187293.0,1187293.0,1187293.0,1187293.0,1187293.0,1187293.0,1187293.0,1187293.0,1187293.0,1187293.0,1187293.0,1187293.0,1187293.0,1187293.0
2016-12-01,,,,,,,,,,,,,,,,,,,,,,,,,,,,,,,,,,,,,,,,,,,,,,,,,,,,,,,,,,,,,,,,,,,,,,,1119548,1118115,1118115,1118115,1122589,1122589,1122589,1122589,1122589,1122589,1122589,1122589,1122589,1122589,1122589,1122589,1114849.0,1114849.0,1114849.0,1114849.0,1114849.0,1114849.0,1114849.0,1114849.0,1114849.0,1114849.0,1114849.0,1114849.0,1116291.0,1116291.0,1116291.0,1116291.0,1116291.0,1116291.0,1116291.0,1116291.0,1116291.0,1116291.0,1116291.0,1116291.0,1091433.0,1091433.0,1091433.0,1091433.0,1091433.0,1091433.0,1091433.0,1091433.0,1091433.0,1091433.0,1091433.0,1091433.0,1186562,1186562,1186562,1186562,1186562,1186562,1186562,1186562,1186562,1186562,1186562,1186562,1186562,1184562,1184562,1184562,1184562,1184562,1184562,1184562,1184562,1184562,1184562,1184562,1184562,1184562,1184411,1184411,1184411,1184411,1184411,1184411,1184411,1184411,1184411,1184411,1184411,1184411,1184411,1183458.0,1183458.0,1183458.0,1183458.0,1183458.0,1183458.0,1183458.0,1183458.0,1183458.0,1183458.0,1183458.0,1183458.0,1184504.0,1184504.0,1184504.0,1184504.0,1184504.0,1184504.0,1184504.0,1184504.0,1184504.0,1184504.0,1184504.0,1184504.0,1184504.0,1184504.0,1184504.0
2017-01-01,,,,,,,,,,,,,,,,,,,,,,,,,,,,,,,,,,,,,,,,,,,,,,,,,,,,,,,,,,,,,,,,,,,,,,,,1114075,1115125,1115125,1118973,1118973,1118973,1118973,1118973,1118973,1118973,1118973,1118973,1118973,1118973,1118973,1112545.0,1112545.0,1112545.0,1112545.0,1112545.0,1112545.0,1112545.0,1112545.0,1112545.0,1112545.0,1112545.0,1112545.0,1114093.0,1114093.0,1114093.0,1114093.0,1114093.0,1114093.0,1114093.0,1114093.0,1114093.0,1114093.0,1114093.0,1114093.0,1090929.0,1090929.0,1090929.0,1090929.0,1090929.0,1090929.0,1090929.0,1090929.0,1090929.0,1090929.0,1090929.0,1090929.0,1181428,1181428,1181428,1181428,1181428,1181428,1181428,1181428,1181428,1181428,1181428,1181428,1181428,1179850,1179850,1179850,1179850,1179850,1179850,1179850,1179850,1179850,1179850,1179850,1179850,1179850,1180501,1180501,1180501,1180501,1180501,1180501,1180501,1180501,1180501,1180501,1180501,1180501,1180501,1180437.0,1180437.0,1180437.0,1180437.0,1180437.0,1180437.0,1180437.0,1180437.0,1180437.0,1180437.0,1180437.0,1180437.0,1180859.0,1180859.0,1180859.0,1180859.0,1180859.0,1180859.0,1180859.0,1180859.0,1180859.0,1180859.0,1180859.0,1180859.0,1180859.0,1180859.0,1180859.0
2017-02-01,,,,,,,,,,,,,,,,,,,,,,,,,,,,,,,,,,,,,,,,,,,,,,,,,,,,,,,,,,,,,,,,,,,,,,,,,1115261,1116687,1117110,1117110,1117110,1117110,1117110,1117110,1117110,1117110,1117110,1117110,1117110,1117110,1107690.0,1107690.0,1107690.0,1107690.0,1107690.0,1107690.0,1107690.0,1107690.0,1107690.0,1107690.0,1107690.0,1107690.0,1109962.0,1109962.0,1109962.0,1109962.0,1109962.0,1109962.0,1109962.0,1109962.0,1109962.0,1109962.0,1109962.0,1109962.0,1085054.0,1085054.0,1085054.0,1085054.0,1085054.0,1085054.0,1085054.0,1085054.0,1085054.0,1085054.0,1085054.0,1085054.0,1173110,1173110,1173110,1173110,1173110,1173110,1173110,1173110,1173110,1173110,1173110,1173110,1173110,1178642,1178642,1178642,1178642,1178642,1178642,1178642,1178642,1178642,1178642,1178642,1178642,1178642,1180305,1180305,1180305,1180305,1180305,1180305,1180305,1180305,1180305,1180305,1180305,1180305,1180305,1179744.0,1179744.0,1179744.0,1179744.0,1179744.0,1179744.0,1179744.0,1179744.0,1179744.0,1179744.0,1179744.0,1179744.0,1179919.0,1179919.0,1179919.0,1179919.0,1179919.0,1179919.0,1179919.0,1179919.0,1179919.0,1179919.0,1179919.0,1179919.0,1179919.0,1179919.0,1179919.0
2017-03-01,,,,,,,,,,,,,,,,,,,,,,,,,,,,,,,,,,,,,,,,,,,,,,,,,,,,,,,,,,,,,,,,,,,,,,,,,,1119572,1120560,1120560,1120560,1120560,1120560,1120560,1120560,1120560,1120560,1120560,1120560,1120560,1108103.0,1108103.0,1108103.0,1108103.0,1108103.0,1108103.0,1108103.0,1108103.0,1108103.0,1108103.0,1108103.0,1108103.0,1110276.0,1110276.0,1110276.0,1110276.0,1110276.0,1110276.0,1110276.0,1110276.0,1110276.0,1110276.0,1110276.0,1110276.0,1085845.0,1085845.0,1085845.0,1085845.0,1085845.0,1085845.0,1085845.0,1085845.0,1085845.0,1085845.0,1085845.0,1085845.0,1170446,1170446,1170446,1170446,1170446,1170446,1170446,1170446,1170446,1170446,1170446,1170446,1170446,1176390,1176390,1176390,1176390,1176390,1176390,1176390,1176390,1176390,1176390,1176390,1176390,1176390,1178558,1178558,1178558,1178558,1178558,1178558,1178558,1178558,1178558,1178558,1178558,1178558,1178558,1179014.0,1179014.0,1179014.0,1179014.0,1179014.0,1179014.0,1179014.0,1179014.0,1179014.0,1179014.0,1179014.0,1179014.0,1178835.0,1178835.0,1178835.0,1178835.0,1178835.0,1178835.0,1178835.0,1178835.0,1178835.0,1178835.0,1178835.0,1178835.0,1178835.0,1178835.0,1178835.0
2017-04-01,,,,,,,,,,,,,,,,,,,,,,,,,,,,,,,,,,,,,,,,,,,,,,,,,,,,,,,,,,,,,,,,,,,,,,,,,,,1122974,1122428,1122428,1122428,1122428,1122428,1122428,1122428,1122428,1122428,1122428,1122428,1112272.0,1112272.0,1112272.0,1112272.0,1112272.0,1112272.0,1112272.0,1112272.0,1112272.0,1112272.0,1112272.0,1112272.0,1113012.0,1113012.0,1113012.0,1113012.0,1113012.0,1113012.0,1113012.0,1113012.0,1113012.0,1113012.0,1113012.0,1113012.0,1090037.0,1090037.0,1090037.0,1090037.0,1090037.0,1090037.0,1090037.0,1090037.0,1090037.0,1090037.0,1090037.0,1090037.0,1171819,1171819,1171819,1171819,1171819,1171819,1171819,1171819,1171819,1171819,1171819,1171819,1171819,1177212,1177212,1177212,1177212,1177212,1177212,1177212,1177212,1177212,1177212,1177212,1177212,1177212,1180025,1180025,1180025,1180025,1180025,1180025,1180025,1180025,1180025,1180025,1180025,1180025,1180025,1180625.0,1180625.0,1180625.0,1180625.0,1180625.0,1180625.0,1180625.0,1180625.0,1180625.0,1180625.0,1180625.0,1180625.0,1179954.0,1179954.0,1179954.0,1179954.0,1179954.0,1179954.0,1179954.0,1179954.0,1179954.0,1179954.0,1179954.0,1179954.0,1179954.0,1179954.0,1179954.0
2017-05-01,,,,,,,,,,,,,,,,,,,,,,,,,,,,,,,,,,,,,,,,,,,,,,,,,,,,,,,,,,,,,,,,,,,,,,,,,,,,1120161,1121504,1121504,1121504,1121504,1121504,1121504,1121504,1121504,1121504,1121504,1109959.0,1109959.0,1109959.0,1109959.0,1109959.0,1109959.0,1109959.0,1109959.0,1109959.0,1109959.0,1109959.0,1109959.0,1109539.0,1109539.0,1109539.0,1109539.0,1109539.0,1109539.0,1109539.0,1109539.0,1109539.0,1109539.0,1109539.0,1109539.0,1088012.0,1088012.0,1088012.0,1088012.0,1088012.0,1088012.0,1088012.0,1088012.0,1088012.0,1088012.0,1088012.0,1088012.0,1165772,1165772,1165772,1165772,1165772,1165772,1165772,1165772,1165772,1165772,1165772,1165772,1165772,1172819,1172819,1172819,1172819,1172819,1172819,1172819,1172819,1172819,1172819,1172819,1172819,1172819,1175829,1175829,1175829,1175829,1175829,1175829,1175829,1175829,1175829,1175829,1175829,1175829,1175829,1175488.0,1175488.0,1175488.0,1175488.0,1175488.0,1175488.0,1175488.0,1175488.0,1175488.0,1175488.0,1175488.0,1175488.0,1174939.0,1174939.0,1174939.0,1174939.0,1174939.0,1174939.0,1174939.0,1174939.0,1174939.0,1174939.0,1174939.0,1174939.0,1174939.0,1174939.0,1174939.0
2017-06-01,,,,,,,,,,,,,,,,,,,,,,,,,,,,,,,,,,,,,,,,,,,,,,,,,,,,,,,,,,,,,,,,,,,,,,,,,,,,,1135738,1135546,1135546,1135546,1135546,1135546,1135546,1135546,1135546,1135546,1124570.0,1124570.0,1124570.0,1124570.0,1124570.0,1124570.0,1124570.0,1124570.0,1124570.0,1124570.0,1124570.0,1124570.0,1123529.0,1123529.0,1123529.0,1123529.0,1123529.0,1123529.0,1123529.0,1123529.0,1123529.0,1123529.0,1123529.0,1123529.0,1104044.0,1104044.0,1104044.0,1104044.0,1104044.0,1104044.0,1104044.0,1104044.0,1104044.0,1104044.0,1104044.0,1104044.0,1179581,1179581,1179581,1179581,1179581,1179581,1179581,1179581,1179581,1179581,1179581,1179581,1179581,1186447,1186447,1186447,1186447,1186447,1186447,1186447,1186447,1186447,1186447,1186447,1186447,1186447,1187316,1187316,1187316,1187316,1187316,1187316,1187316,1187316,1187316,1187316,1187316,1187316,1187316,1187154.0,1187154.0,1187154.0,1187154.0,1187154.0,1187154.0,1187154.0,1187154.0,1187154.0,1187154.0,1187154.0,1187154.0,1186858.0,1186858.0,1186858.0,1186858.0,1186858.0,1186858.0,1186858.0,1186858.0,1186858.0,1186858.0,1186858.0,1186858.0,1186858.0,1186858.0,1186858.0
2017-07-01,,,,,,,,,,,,,,,,,,,,,,,,,,,,,,,,,,,,,,,,,,,,,,,,,,,,,,,,,,,,,,,,,,,,,,,,,,,,,,1131942,1132365,1132365,1132365,1132365,1132365,1132365,1132365,1132365,1120886.0,1120886.0,1120886.0,1120886.0,1120886.0,1120886.0,1120886.0,1120886.0,1120886.0,1120886.0,1120886.0,1120886.0,1119909.0,1119909.0,1119909.0,1119909.0,1119909.0,1119909.0,1119909.0,1119909.0,1119909.0,1119909.0,1119909.0,1119909.0,1101035.0,1101035.0,1101035.0,1101035.0,1101035.0,1101035.0,1101035.0,1101035.0,1101035.0,1101035.0,1101035.0,1101035.0,1177370,1177370,1177370,1177370,1177370,1177370,1177370,1177370,1177370,1177370,1177370,1177370,1177370,1181482,1181482,1181482,1181482,1181482,1181482,1181482,1181482,1181482,1181482,1181482,1181482,1181482,1180104,1180104,1180104,1180104,1180104,1180104,1180104,1180104,1180104,1180104,1180104,1180104,1180104,1180292.0,1180292.0,1180292.0,1180292.0,1180292.0,1180292.0,1180292.0,1180292.0,1180292.0,1180292.0,1180292.0,1180292.0,1180389.0,1180389.0,1180389.0,1180389.0,1180389.0,1180389.0,1180389.0,1180389.0,1180389.0,1180389.0,1180389.0,1180389.0,1180389.0,1180389.0,1180389.0
2017-08-01,,,,,,,,,,,,,,,,,,,,,,,,,,,,,,,,,,,,,,,,,,,,,,,,,,,,,,,,,,,,,,,,,,,,,,,,,,,,,,,1132569,1132326,1132326,1132326,1132326,1132326,1132326,1132326,1121433.0,1121433.0,1121433.0,1121433.0,1121433.0,1121433.0,1121433.0,1121433.0,1121433.0,1121433.0,1121433.0,1121433.0,1118010.0,1118010.0,1118010.0,1118010.0,1118010.0,1118010.0,1118010.0,1118010.0,1118010.0,1118010.0,1118010.0,1118010.0,1099713.0,1099713.0,1099713.0,1099713.0,1099713.0,1099713.0,1099713.0,1099713.0,1099713.0,1099713.0,1099713.0,1099713.0,1173163,1173163,1173163,1173163,1173163,1173163,1173163,1173163,1173163,1173163,1173163,1173163,1173163,1177681,1177681,1177681,1177681,1177681,1177681,1177681,1177681,1177681,1177681,1177681,1177681,1177681,1174809,1174809,1174809,1174809,1174809,1174809,1174809,1174809,1174809,1174809,1174809,1174809,1174809,1175201.0,1175201.0,1175201.0,1175201.0,1175201.0,1175201.0,1175201.0,1175201.0,1175201.0,1175201.0,1175201.0,1175201.0,1174841.0,1174841.0,1174841.0,1174841.0,1174841.0,1174841.0,1174841.0,1174841.0,1174841.0,1174841.0,1174841.0,1174841.0,1174841.0,1174841.0,1174841.0
2017-09-01,,,,,,,,,,,,,,,,,,,,,,,,,,,,,,,,,,,,,,,,,,,,,,,,,,,,,,,,,,,,,,,,,,,,,,,,,,,,,,,,1134990,1135301,1135301,1135301,1135301,1135301,1135301,1130737.0,1130737.0,1130737.0,1130737.0,1130737.0,1130737.0,1130737.0,1130737.0,1130737.0,1130737.0,1130737.0,1130737.0,1128009.0,1128009.0,1128009.0,1128009.0,1128009.0,1128009.0,1128009.0,1128009.0,1128009.0,1128009.0,1128009.0,1128009.0,1110807.0,1110807.0,1110807.0,1110807.0,1110807.0,1110807.0,1110807.0,1110807.0,1110807.0,1110807.0,1110807.0,1110807.0,1178746,1178746,1178746,1178746,1178746,1178746,1178746,1178746,1178746,1178746,1178746,1178746,1178746,1177615,1177615,1177615,1177615,1177615,1177615,1177615,1177615,1177615,1177615,1177615,1177615,1177615,1175112,1175112,1175112,1175112,1175112,1175112,1175112,1175112,1175112,1175112,1175112,1175112,1175112,1175469.0,1175469.0,1175469.0,1175469.0,1175469.0,1175469.0,1175469.0,1175469.0,1175469.0,1175469.0,1175469.0,1175469.0,1175526.0,1175526.0,1175526.0,1175526.0,1175526.0,1175526.0,1175526.0,1175526.0,1175526.0,1175526.0,1175526.0,1175526.0,1175526.0,1175526.0,1175526.0
2017-10-01,,,,,,,,,,,,,,,,,,,,,,,,,,,,,,,,,,,,,,,,,,,,,,,,,,,,,,,,,,,,,,,,,,,,,,,,,,,,,,,,,1135138,1135874,1135874,1135874,1135874,1135874,1129307.0,1129307.0,1129307.0,1129307.0,1129307.0,1129307.0,1129307.0,1129307.0,1129307.0,1129307.0,1129307.0,1129307.0,1129263.0,1129263.0,1129263.0,1129263.0,1129263.0,1129263.0,1129263.0,1129263.0,1129263.0,1129263.0,1129263.0,1129263.0,1112193.0,1112193.0,1112193.0,1112193.0,1112193.0,1112193.0,1112193.0,1112193.0,1112193.0,1112193.0,1112193.0,1112193.0,1178723,1178723,1178723,1178723,1178723,1178723,1178723,1178723,1178723,1178723,1178723,1178723,1178723,1177010,1177010,1177010,1177010,1177010,1177010,1177010,1177010,1177010,1177010,1177010,1177010,1177010,1173605,1173605,1173605,1173605,1173605,1173605,1173605,1173605,1173605,1173605,1173605,1173605,1173605,1174513.0,1174513.0,1174513.0,1174513.0,1174513.0,1174513.0,1174513.0,1174513.0,1174513.0,1174513.0,1174513.0,1174513.0,1174523.0,1174523.0,1174523.0,1174523.0,1174523.0,1174523.0,1174523.0,1174523.0,1174523.0,1174523.0,1174523.0,1174523.0,1174523.0,1174523.0,1174523.0
2017-11-01,,,,,,,,,,,,,,,,,,,,,,,,,,,,,,,,,,,,,,,,,,,,,,,,,,,,,,,,,,,,,,,,,,,,,,,,,,,,,,,,,,1137118,1137311,1137311,1137311,1137311,1129709.0,1129709.0,1129709.0,1129709.0,1129709.0,1129709.0,1129709.0,1129709.0,1129709.0,1129709.0,1129709.0,1129709.0,1129987.0,1129987.0,1129987.0,1129987.0,1129987.0,1129987.0,1129987.0,1129987.0,1129987.0,1129987.0,1129987.0,1129987.0,1114319.0,1114319.0,1114319.0,1114319.0,1114319.0,1114319.0,1114319.0,1114319.0,1114319.0,1114319.0,1114319.0,1114319.0,1182494,1182494,1182494,1182494,1182494,1182494,1182494,1182494,1182494,1182494,1182494,1182494,1182494,1173888,1173888,1173888,1173888,1173888,1173888,1173888,1173888,1173888,1173888,1173888,1173888,1173888,1172313,1172313,1172313,1172313,1172313,1172313,1172313,1172313,1172313,1172313,1172313,1172313,1172313,1171725.0,1171725.0,1171725.0,1171725.0,1171725.0,1171725.0,1171725.0,1171725.0,1171725.0,1171725.0,1171725.0,1171725.0,1171994.0,1171994.0,1171994.0,1171994.0,1171994.0,1171994.0,1171994.0,1171994.0,1171994.0,1171994.0,1171994.0,1171994.0,1171994.0,1171994.0,1171994.0
2017-12-01,,,,,,,,,,,,,,,,,,,,,,,,,,,,,,,,,,,,,,,,,,,,,,,,,,,,,,,,,,,,,,,,,,,,,,,,,,,,,,,,,,,1144369,1144124.0,1144124.0,1144124.0,1136974.0,1136974.0,1136974.0,1136974.0,1136974.0,1136974.0,1136974.0,1136974.0,1136974.0,1136974.0,1136974.0,1136974.0,1138054.0,1138054.0,1138054.0,1138054.0,1138054.0,1138054.0,1138054.0,1138054.0,1138054.0,1138054.0,1138054.0,1138054.0,1122263.0,1122263.0,1122263.0,1122263.0,1122263.0,1122263.0,1122263.0,1122263.0,1122263.0,1122263.0,1122263.0,1122263.0,1184960,1184960,1184960,1184960,1184960,1184960,1184960,1184960,1184960,1184960,1184960,1184960,1184960,1181179,1181179,1181179,1181179,1181179,1181179,1181179,1181179,1181179,1181179,1181179,1181179,1181179,1181191,1181191,1181191,1181191,1181191,1181191,1181191,1181191,1181191,1181191,1181191,1181191,1181191,1179941.0,1179941.0,1179941.0,1179941.0,1179941.0,1179941.0,1179941.0,1179941.0,1179941.0,1179941.0,1179941.0,1179941.0,1180949.0,1180949.0,1180949.0,1180949.0,1180949.0,1180949.0,1180949.0,1180949.0,1180949.0,1180949.0,1180949.0,1180949.0,1180949.0,1180949.0,1180949.0
2018-01-01,,,,,,,,,,,,,,,,,,,,,,,,,,,,,,,,,,,,,,,,,,,,,,,,,,,,,,,,,,,,,,,,,,,,,,,,,,,,,,,,,,,,1141210.0,1140945.0,1140945.0,1133139.0,1133139.0,1133139.0,1133139.0,1133139.0,1133139.0,1133139.0,1133139.0,1133139.0,1133139.0,1133139.0,1133139.0,1134870.0,1134870.0,1134870.0,1134870.0,1134870.0,1134870.0,1134870.0,1134870.0,1134870.0,1134870.0,1134870.0,1134870.0,1118766.0,1118766.0,1118766.0,1118766.0,1118766.0,1118766.0,1118766.0,1118766.0,1118766.0,1118766.0,1118766.0,1118766.0,1176704,1176704,1176704,1176704,1176704,1176704,1176704,1176704,1176704,1176704,1176704,1176704,1176704,1173389,1173389,1173389,1173389,1173389,1173389,1173389,1173389,1173389,1173389,1173389,1173389,1173389,1174902,1174902,1174902,1174902,1174902,1174902,1174902,1174902,1174902,1174902,1174902,1174902,1174902,1173545.0,1173545.0,1173545.0,1173545.0,1173545.0,1173545.0,1173545.0,1173545.0,1173545.0,1173545.0,1173545.0,1173545.0,1174734.0,1174734.0,1174734.0,1174734.0,1174734.0,1174734.0,1174734.0,1174734.0,1174734.0,1174734.0,1174734.0,1174734.0,1174734.0,1174734.0,1174734.0
2018-02-01,,,,,,,,,,,,,,,,,,,,,,,,,,,,,,,,,,,,,,,,,,,,,,,,,,,,,,,,,,,,,,,,,,,,,,,,,,,,,,,,,,,,,1142834.0,1144619.0,1138190.0,1138190.0,1138190.0,1138190.0,1138190.0,1138190.0,1138190.0,1138190.0,1138190.0,1138190.0,1138190.0,1138190.0,1141748.0,1141748.0,1141748.0,1141748.0,1141748.0,1141748.0,1141748.0,1141748.0,1141748.0,1141748.0,1141748.0,1141748.0,1124552.0,1124552.0,1124552.0,1124552.0,1124552.0,1124552.0,1124552.0,1124552.0,1124552.0,1124552.0,1124552.0,1124552.0,1171780,1171780,1171780,1171780,1171780,1171780,1171780,1171780,1171780,1171780,1171780,1171780,1171780,1172072,1172072,1172072,1172072,1172072,1172072,1172072,1172072,1172072,1172072,1172072,1172072,1172072,1173723,1173723,1173723,1173723,1173723,1173723,1173723,1173723,1173723,1173723,1173723,1173723,1173723,1173719.0,1173719.0,1173719.0,1173719.0,1173719.0,1173719.0,1173719.0,1173719.0,1173719.0,1173719.0,1173719.0,1173719.0,1175682.0,1175682.0,1175682.0,1175682.0,1175682.0,1175682.0,1175682.0,1175682.0,1175682.0,1175682.0,1175682.0,1175682.0,1175682.0,1175682.0,1175682.0
2018-03-01,,,,,,,,,,,,,,,,,,,,,,,,,,,,,,,,,,,,,,,,,,,,,,,,,,,,,,,,,,,,,,,,,,,,,,,,,,,,,,,,,,,,,,1153823.0,1147769.0,1147769.0,1147769.0,1147769.0,1147769.0,1147769.0,1147769.0,1147769.0,1147769.0,1147769.0,1147769.0,1147769.0,1149702.0,1149702.0,1149702.0,1149702.0,1149702.0,1149702.0,1149702.0,1149702.0,1149702.0,1149702.0,1149702.0,1149702.0,1132593.0,1132593.0,1132593.0,1132593.0,1132593.0,1132593.0,1132593.0,1132593.0,1132593.0,1132593.0,1132593.0,1132593.0,1174543,1174543,1174543,1174543,1174543,1174543,1174543,1174543,1174543,1174543,1174543,1174543,1174543,1177043,1177043,1177043,1177043,1177043,1177043,1177043,1177043,1177043,1177043,1177043,1177043,1177043,1178983,1178983,1178983,1178983,1178983,1178983,1178983,1178983,1178983,1178983,1178983,1178983,1178983,1180200.0,1180200.0,1180200.0,1180200.0,1180200.0,1180200.0,1180200.0,1180200.0,1180200.0,1180200.0,1180200.0,1180200.0,1182533.0,1182533.0,1182533.0,1182533.0,1182533.0,1182533.0,1182533.0,1182533.0,1182533.0,1182533.0,1182533.0,1182533.0,1182533.0,1182533.0,1182533.0
2018-04-01,,,,,,,,,,,,,,,,,,,,,,,,,,,,,,,,,,,,,,,,,,,,,,,,,,,,,,,,,,,,,,,,,,,,,,,,,,,,,,,,,,,,,,,1153145.0,1154664.0,1154664.0,1154664.0,1154664.0,1154664.0,1154664.0,1154664.0,1154664.0,1154664.0,1154664.0,1154664.0,1154634.0,1154634.0,1154634.0,1154634.0,1154634.0,1154634.0,1154634.0,1154634.0,1154634.0,1154634.0,1154634.0,1154634.0,1138225.0,1138225.0,1138225.0,1138225.0,1138225.0,1138225.0,1138225.0,1138225.0,1138225.0,1138225.0,1138225.0,1138225.0,1177167,1177167,1177167,1177167,1177167,1177167,1177167,1177167,1177167,1177167,1177167,1177167,1177167,1179471,1179471,1179471,1179471,1179471,1179471,1179471,1179471,1179471,1179471,1179471,1179471,1179471,1181758,1181758,1181758,1181758,1181758,1181758,1181758,1181758,1181758,1181758,1181758,1181758,1181758,1182958.0,1182958.0,1182958.0,1182958.0,1182958.0,1182958.0,1182958.0,1182958.0,1182958.0,1182958.0,1182958.0,1182958.0,1185966.0,1185966.0,1185966.0,1185966.0,1185966.0,1185966.0,1185966.0,1185966.0,1185966.0,1185966.0,1185966.0,1185966.0,1185966.0,1185966.0,1185966.0
2018-05-01,,,,,,,,,,,,,,,,,,,,,,,,,,,,,,,,,,,,,,,,,,,,,,,,,,,,,,,,,,,,,,,,,,,,,,,,,,,,,,,,,,,,,,,,1160839.0,1160743.0,1160743.0,1160743.0,1160743.0,1160743.0,1160743.0,1160743.0,1160743.0,1160743.0,1160743.0,1160971.0,1160971.0,1160971.0,1160971.0,1160971.0,1160971.0,1160971.0,1160971.0,1160971.0,1160971.0,1160971.0,1160971.0,1146225.0,1146225.0,1146225.0,1146225.0,1146225.0,1146225.0,1146225.0,1146225.0,1146225.0,1146225.0,1146225.0,1146225.0,1181237,1181237,1181237,1181237,1181237,1181237,1181237,1181237,1181237,1181237,1181237,1181237,1181237,1182078,1182078,1182078,1182078,1182078,1182078,1182078,1182078,1182078,1182078,1182078,1182078,1182078,1184749,1184749,1184749,1184749,1184749,1184749,1184749,1184749,1184749,1184749,1184749,1184749,1184749,1184945.0,1184945.0,1184945.0,1184945.0,1184945.0,1184945.0,1184945.0,1184945.0,1184945.0,1184945.0,1184945.0,1184945.0,1188926.0,1188926.0,1188926.0,1188926.0,1188926.0,1188926.0,1188926.0,1188926.0,1188926.0,1188926.0,1188926.0,1188926.0,1188926.0,1188926.0,1188926.0
2018-06-01,,,,,,,,,,,,,,,,,,,,,,,,,,,,,,,,,,,,,,,,,,,,,,,,,,,,,,,,,,,,,,,,,,,,,,,,,,,,,,,,,,,,,,,,,1165167.0,1164840.0,1164840.0,1164840.0,1164840.0,1164840.0,1164840.0,1164840.0,1164840.0,1164840.0,1163755.0,1163755.0,1163755.0,1163755.0,1163755.0,1163755.0,1163755.0,1163755.0,1163755.0,1163755.0,1163755.0,1163755.0,1152430.0,1152430.0,1152430.0,1152430.0,1152430.0,1152430.0,1152430.0,1152430.0,1152430.0,1152430.0,1152430.0,1152430.0,1182294,1182294,1182294,1182294,1182294,1182294,1182294,1182294,1182294,1182294,1182294,1182294,1182294,1185249,1185249,1185249,1185249,1185249,1185249,1185249,1185249,1185249,1185249,1185249,1185249,1185249,1185801,1185801,1185801,1185801,1185801,1185801,1185801,1185801,1185801,1185801,1185801,1185801,1185801,1185194.0,1185194.0,1185194.0,1185194.0,1185194.0,1185194.0,1185194.0,1185194.0,1185194.0,1185194.0,1185194.0,1185194.0,1191069.0,1191069.0,1191069.0,1191069.0,1191069.0,1191069.0,1191069.0,1191069.0,1191069.0,1191069.0,1191069.0,1191069.0,1191069.0,1191069.0,1191069.0
2018-07-01,,,,,,,,,,,,,,,,,,,,,,,,,,,,,,,,,,,,,,,,,,,,,,,,,,,,,,,,,,,,,,,,,,,,,,,,,,,,,,,,,,,,,,,,,,1164904.0,1166061.0,1166061.0,1166061.0,1166061.0,1166061.0,1166061.0,1166061.0,1166061.0,1164255.0,1164255.0,1164255.0,1164255.0,1164255.0,1164255.0,1164255.0,1164255.0,1164255.0,1164255.0,1164255.0,1164255.0,1152619.0,1152619.0,1152619.0,1152619.0,1152619.0,1152619.0,1152619.0,1152619.0,1152619.0,1152619.0,1152619.0,1152619.0,1177292,1177292,1177292,1177292,1177292,1177292,1177292,1177292,1177292,1177292,1177292,1177292,1177292,1180618,1180618,1180618,1180618,1180618,1180618,1180618,1180618,1180618,1180618,1180618,1180618,1180618,1179661,1179661,1179661,1179661,1179661,1179661,1179661,1179661,1179661,1179661,1179661,1179661,1179661,1179211.0,1179211.0,1179211.0,1179211.0,1179211.0,1179211.0,1179211.0,1179211.0,1179211.0,1179211.0,1179211.0,1179211.0,1186234.0,1186234.0,1186234.0,1186234.0,1186234.0,1186234.0,1186234.0,1186234.0,1186234.0,1186234.0,1186234.0,1186234.0,1186234.0,1186234.0,1186234.0
2018-08-01,,,,,,,,,,,,,,,,,,,,,,,,,,,,,,,,,,,,,,,,,,,,,,,,,,,,,,,,,,,,,,,,,,,,,,,,,,,,,,,,,,,,,,,,,,,1176482.0,1176807.0,1176807.0,1176807.0,1176807.0,1176807.0,1176807.0,1176807.0,1173195.0,1173195.0,1173195.0,1173195.0,1173195.0,1173195.0,1173195.0,1173195.0,1173195.0,1173195.0,1173195.0,1173195.0,1160444.0,1160444.0,1160444.0,1160444.0,1160444.0,1160444.0,1160444.0,1160444.0,1160444.0,1160444.0,1160444.0,1160444.0,1183495,1183495,1183495,1183495,1183495,1183495,1183495,1183495,1183495,1183495,1183495,1183495,1183495,1183041,1183041,1183041,1183041,1183041,1183041,1183041,1183041,1183041,1183041,1183041,1183041,1183041,1180743,1180743,1180743,1180743,1180743,1180743,1180743,1180743,1180743,1180743,1180743,1180743,1180743,1181358.0,1181358.0,1181358.0,1181358.0,1181358.0,1181358.0,1181358.0,1181358.0,1181358.0,1181358.0,1181358.0,1181358.0,1188869.0,1188869.0,1188869.0,1188869.0,1188869.0,1188869.0,1188869.0,1188869.0,1188869.0,1188869.0,1188869.0,1188869.0,1188869.0,1188869.0,1188869.0
2018-09-01,,,,,,,,,,,,,,,,,,,,,,,,,,,,,,,,,,,,,,,,,,,,,,,,,,,,,,,,,,,,,,,,,,,,,,,,,,,,,,,,,,,,,,,,,,,,1186506.0,1185282.0,1185282.0,1185282.0,1185282.0,1185282.0,1185282.0,1184472.0,1184472.0,1184472.0,1184472.0,1184472.0,1184472.0,1184472.0,1184472.0,1184472.0,1184472.0,1184472.0,1184472.0,1170856.0,1170856.0,1170856.0,1170856.0,1170856.0,1170856.0,1170856.0,1170856.0,1170856.0,1170856.0,1170856.0,1170856.0,1186034,1186034,1186034,1186034,1186034,1186034,1186034,1186034,1186034,1186034,1186034,1186034,1186034,1185237,1185237,1185237,1185237,1185237,1185237,1185237,1185237,1185237,1185237,1185237,1185237,1185237,1183262,1183262,1183262,1183262,1183262,1183262,1183262,1183262,1183262,1183262,1183262,1183262,1183262,1183802.0,1183802.0,1183802.0,1183802.0,1183802.0,1183802.0,1183802.0,1183802.0,1183802.0,1183802.0,1183802.0,1183802.0,1192854.0,1192854.0,1192854.0,1192854.0,1192854.0,1192854.0,1192854.0,1192854.0,1192854.0,1192854.0,1192854.0,1192854.0,1192854.0,1192854.0,1192854.0
2018-10-01,,,,,,,,,,,,,,,,,,,,,,,,,,,,,,,,,,,,,,,,,,,,,,,,,,,,,,,,,,,,,,,,,,,,,,,,,,,,,,,,,,,,,,,,,,,,,1183576.0,1183284.0,1183284.0,1183284.0,1183284.0,1183284.0,1183745.0,1183745.0,1183745.0,1183745.0,1183745.0,1183745.0,1183745.0,1183745.0,1183745.0,1183745.0,1183745.0,1183745.0,1169210.0,1169210.0,1169210.0,1169210.0,1169210.0,1169210.0,1169210.0,1169210.0,1169210.0,1169210.0,1169210.0,1169210.0,1181669,1181669,1181669,1181669,1181669,1181669,1181669,1181669,1181669,1181669,1181669,1181669,1181669,1181730,1181730,1181730,1181730,1181730,1181730,1181730,1181730,1181730,1181730,1181730,1181730,1181730,1178470,1178470,1178470,1178470,1178470,1178470,1178470,1178470,1178470,1178470,1178470,1178470,1178470,1178155.0,1178155.0,1178155.0,1178155.0,1178155.0,1178155.0,1178155.0,1178155.0,1178155.0,1178155.0,1178155.0,1178155.0,1187856.0,1187856.0,1187856.0,1187856.0,1187856.0,1187856.0,1187856.0,1187856.0,1187856.0,1187856.0,1187856.0,1187856.0,1187856.0,1187856.0,1187856.0
2018-11-01,,,,,,,,,,,,,,,,,,,,,,,,,,,,,,,,,,,,,,,,,,,,,,,,,,,,,,,,,,,,,,,,,,,,,,,,,,,,,,,,,,,,,,,,,,,,,,1181532.0,1181196.0,1181196.0,1181196.0,1181196.0,1181915.0,1181915.0,1181915.0,1181915.0,1181915.0,1181915.0,1181915.0,1181915.0,1181915.0,1181915.0,1181915.0,1181915.0,1165463.0,1165463.0,1165463.0,1165463.0,1165463.0,1165463.0,1165463.0,1165463.0,1165463.0,1165463.0,1165463.0,1165463.0,1167806,1167806,1167806,1167806,1167806,1167806,1167806,1167806,1167806,1167806,1167806,1167806,1167806,1170473,1170473,1170473,1170473,1170473,1170473,1170473,1170473,1170473,1170473,1170473,1170473,1170473,1168693,1168693,1168693,1168693,1168693,1168693,1168693,1168693,1168693,1168693,1168693,1168693,1168693,1168379.0,1168379.0,1168379.0,1168379.0,1168379.0,1168379.0,1168379.0,1168379.0,1168379.0,1168379.0,1168379.0,1168379.0,1178890.0,1178890.0,1178890.0,1178890.0,1178890.0,1178890.0,1178890.0,1178890.0,1178890.0,1178890.0,1178890.0,1178890.0,1178890.0,1178890.0,1178890.0
2018-12-01,,,,,,,,,,,,,,,,,,,,,,,,,,,,,,,,,,,,,,,,,,,,,,,,,,,,,,,,,,,,,,,,,,,,,,,,,,,,,,,,,,,,,,,,,,,,,,,1180263.0,1180503.0,1180503.0,1180503.0,1182129.0,1182129.0,1182129.0,1182129.0,1182129.0,1182129.0,1182129.0,1182129.0,1182129.0,1182129.0,1182129.0,1182129.0,1165974.0,1165974.0,1165974.0,1165974.0,1165974.0,1165974.0,1165974.0,1165974.0,1165974.0,1165974.0,1165974.0,1165974.0,1166319,1166319,1166319,1166319,1166319,1166319,1166319,1166319,1166319,1166319,1166319,1166319,1166319,1166296,1166296,1166296,1166296,1166296,1166296,1166296,1166296,1166296,1166296,1166296,1166296,1166296,1165909,1165909,1165909,1165909,1165909,1165909,1165909,1165909,1165909,1165909,1165909,1165909,1165909,1165561.0,1165561.0,1165561.0,1165561.0,1165561.0,1165561.0,1165561.0,1165561.0,1165561.0,1165561.0,1165561.0,1165561.0,1177839.0,1177839.0,1177839.0,1177839.0,1177839.0,1177839.0,1177839.0,1177839.0,1177839.0,1177839.0,1177839.0,1177839.0,1177839.0,1177839.0,1177839.0
2019-01-01,,,,,,,,,,,,,,,,,,,,,,,,,,,,,,,,,,,,,,,,,,,,,,,,,,,,,,,,,,,,,,,,,,,,,,,,,,,,,,,,,,,,,,,,,,,,,,,,1181929.0,1181219.0,1181219.0,1183760.0,1183760.0,1183760.0,1183760.0,1183760.0,1183760.0,1183760.0,1183760.0,1183760.0,1183760.0,1183760.0,1183760.0,1167155.0,1167155.0,1167155.0,1167155.0,1167155.0,1167155.0,1167155.0,1167155.0,1167155.0,1167155.0,1167155.0,1167155.0,1176844,1176844,1176844,1176844,1176844,1176844,1176844,1176844,1176844,1176844,1176844,1176844,1176844,1155691,1155691,1155691,1155691,1155691,1155691,1155691,1155691,1155691,1155691,1155691,1155691,1155691,1160263,1160263,1160263,1160263,1160263,1160263,1160263,1160263,1160263,1160263,1160263,1160263,1160263,1158138.0,1158138.0,1158138.0,1158138.0,1158138.0,1158138.0,1158138.0,1158138.0,1158138.0,1158138.0,1158138.0,1158138.0,1171009.0,1171009.0,1171009.0,1171009.0,1171009.0,1171009.0,1171009.0,1171009.0,1171009.0,1171009.0,1171009.0,1171009.0,1171009.0,1171009.0,1171009.0
2019-02-01,,,,,,,,,,,,,,,,,,,,,,,,,,,,,,,,,,,,,,,,,,,,,,,,,,,,,,,,,,,,,,,,,,,,,,,,,,,,,,,,,,,,,,,,,,,,,,,,,1177603.0,1178477.0,1179211.0,1179211.0,1179211.0,1179211.0,1179211.0,1179211.0,1179211.0,1179211.0,1179211.0,1179211.0,1179211.0,1179211.0,1161288.0,1161288.0,1161288.0,1161288.0,1161288.0,1161288.0,1161288.0,1161288.0,1161288.0,1161288.0,1161288.0,1161288.0,1178041,1178041,1178041,1178041,1178041,1178041,1178041,1178041,1178041,1178041,1178041,1178041,1178041,1139202,1139202,1139202,1139202,1139202,1139202,1139202,1139202,1139202,1139202,1139202,1139202,1139202,1145365,1145365,1145365,1145365,1145365,1145365,1145365,1145365,1145365,1145365,1145365,1145365,1145365,1145221.0,1145221.0,1145221.0,1145221.0,1145221.0,1145221.0,1145221.0,1145221.0,1145221.0,1145221.0,1145221.0,1145221.0,1159587.0,1159587.0,1159587.0,1159587.0,1159587.0,1159587.0,1159587.0,1159587.0,1159587.0,1159587.0,1159587.0,1159587.0,1159587.0,1159587.0,1159587.0
2019-03-01,,,,,,,,,,,,,,,,,,,,,,,,,,,,,,,,,,,,,,,,,,,,,,,,,,,,,,,,,,,,,,,,,,,,,,,,,,,,,,,,,,,,,,,,,,,,,,,,,,1181211.0,1179904.0,1179904.0,1179904.0,1179904.0,1179904.0,1179904.0,1179904.0,1179904.0,1179904.0,1179904.0,1179904.0,1179904.0,1165099.0,1165099.0,1165099.0,1165099.0,1165099.0,1165099.0,1165099.0,1165099.0,1165099.0,1165099.0,1165099.0,1165099.0,1193183,1193183,1193183,1193183,1193183,1193183,1193183,1193183,1193183,1193183,1193183,1193183,1193183,1132745,1132745,1132745,1132745,1132745,1132745,1132745,1132745,1132745,1132745,1132745,1132745,1132745,1141150,1141150,1141150,1141150,1141150,1141150,1141150,1141150,1141150,1141150,1141150,1141150,1141150,1142718.0,1142718.0,1142718.0,1142718.0,1142718.0,1142718.0,1142718.0,1142718.0,1142718.0,1142718.0,1142718.0,1142718.0,1157756.0,1157756.0,1157756.0,1157756.0,1157756.0,1157756.0,1157756.0,1157756.0,1157756.0,1157756.0,1157756.0,1157756.0,1157756.0,1157756.0,1157756.0
2019-04-01,,,,,,,,,,,,,,,,,,,,,,,,,,,,,,,,,,,,,,,,,,,,,,,,,,,,,,,,,,,,,,,,,,,,,,,,,,,,,,,,,,,,,,,,,,,,,,,,,,,1179270.0,1177382.0,1177382.0,1177382.0,1177382.0,1177382.0,1177382.0,1177382.0,1177382.0,1177382.0,1177382.0,1177382.0,1162862.0,1162862.0,1162862.0,1162862.0,1162862.0,1162862.0,1162862.0,1162862.0,1162862.0,1162862.0,1162862.0,1162862.0,1209663,1209663,1209663,1209663,1209663,1209663,1209663,1209663,1209663,1209663,1209663,1209663,1209663,1121514,1121514,1121514,1121514,1121514,1121514,1121514,1121514,1121514,1121514,1121514,1121514,1121514,1132388,1132388,1132388,1132388,1132388,1132388,1132388,1132388,1132388,1132388,1132388,1132388,1132388,1133753.0,1133753.0,1133753.0,1133753.0,1133753.0,1133753.0,1133753.0,1133753.0,1133753.0,1133753.0,1133753.0,1133753.0,1150248.0,1150248.0,1150248.0,1150248.0,1150248.0,1150248.0,1150248.0,1150248.0,1150248.0,1150248.0,1150248.0,1150248.0,1150248.0,1150248.0,1150248.0
2019-05-01,,,,,,,,,,,,,,,,,,,,,,,,,,,,,,,,,,,,,,,,,,,,,,,,,,,,,,,,,,,,,,,,,,,,,,,,,,,,,,,,,,,,,,,,,,,,,,,,,,,,1171050.0,1168212.0,1168212.0,1168212.0,1168212.0,1168212.0,1168212.0,1168212.0,1168212.0,1168212.0,1168212.0,1156256.0,1156256.0,1156256.0,1156256.0,1156256.0,1156256.0,1156256.0,1156256.0,1156256.0,1156256.0,1156256.0,1156256.0,1212737,1212737,1212737,1212737,1212737,1212737,1212737,1212737,1212737,1212737,1212737,1212737,1212737,1102503,1102503,1102503,1102503,1102503,1102503,1102503,1102503,1102503,1102503,1102503,1102503,1102503,1115977,1115977,1115977,1115977,1115977,1115977,1115977,1115977,1115977,1115977,1115977,1115977,1115977,1116704.0,1116704.0,1116704.0,1116704.0,1116704.0,1116704.0,1116704.0,1116704.0,1116704.0,1116704.0,1116704.0,1116704.0,1134414.0,1134414.0,1134414.0,1134414.0,1134414.0,1134414.0,1134414.0,1134414.0,1134414.0,1134414.0,1134414.0,1134414.0,1134414.0,1134414.0,1134414.0
2019-06-01,,,,,,,,,,,,,,,,,,,,,,,,,,,,,,,,,,,,,,,,,,,,,,,,,,,,,,,,,,,,,,,,,,,,,,,,,,,,,,,,,,,,,,,,,,,,,,,,,,,,,1160241.0,1160974.0,1160974.0,1160974.0,1160974.0,1160974.0,1160974.0,1160974.0,1160974.0,1160974.0,1147136.0,1147136.0,1147136.0,1147136.0,1147136.0,1147136.0,1147136.0,1147136.0,1147136.0,1147136.0,1147136.0,1147136.0,1218203,1218203,1218203,1218203,1218203,1218203,1218203,1218203,1218203,1218203,1218203,1218203,1218203,1084418,1084418,1084418,1084418,1084418,1084418,1084418,1084418,1084418,1084418,1084418,1084418,1084418,1098258,1098258,1098258,1098258,1098258,1098258,1098258,1098258,1098258,1098258,1098258,1098258,1098258,1098123.0,1098123.0,1098123.0,1098123.0,1098123.0,1098123.0,1098123.0,1098123.0,1098123.0,1098123.0,1098123.0,1098123.0,1118522.0,1118522.0,1118522.0,1118522.0,1118522.0,1118522.0,1118522.0,1118522.0,1118522.0,1118522.0,1118522.0,1118522.0,1118522.0,1118522.0,1118522.0
2019-07-01,,,,,,,,,,,,,,,,,,,,,,,,,,,,,,,,,,,,,,,,,,,,,,,,,,,,,,,,,,,,,,,,,,,,,,,,,,,,,,,,,,,,,,,,,,,,,,,,,,,,,,1161545.0,1161801.0,1161801.0,1161801.0,1161801.0,1161801.0,1161801.0,1161801.0,1161801.0,1146938.0,1146938.0,1146938.0,1146938.0,1146938.0,1146938.0,1146938.0,1146938.0,1146938.0,1146938.0,1146938.0,1146938.0,1233115,1233115,1233115,1233115,1233115,1233115,1233115,1233115,1233115,1233115,1233115,1233115,1233115,1076241,1076241,1076241,1076241,1076241,1076241,1076241,1076241,1076241,1076241,1076241,1076241,1076241,1090952,1090952,1090952,1090952,1090952,1090952,1090952,1090952,1090952,1090952,1090952,1090952,1090952,1089627.0,1089627.0,1089627.0,1089627.0,1089627.0,1089627.0,1089627.0,1089627.0,1089627.0,1089627.0,1089627.0,1089627.0,1111328.0,1111328.0,1111328.0,1111328.0,1111328.0,1111328.0,1111328.0,1111328.0,1111328.0,1111328.0,1111328.0,1111328.0,1111328.0,1111328.0,1111328.0
2019-08-01,,,,,,,,,,,,,,,,,,,,,,,,,,,,,,,,,,,,,,,,,,,,,,,,,,,,,,,,,,,,,,,,,,,,,,,,,,,,,,,,,,,,,,,,,,,,,,,,,,,,,,,1162872.0,1163471.0,1163471.0,1163471.0,1163471.0,1163471.0,1163471.0,1163471.0,1148225.0,1148225.0,1148225.0,1148225.0,1148225.0,1148225.0,1148225.0,1148225.0,1148225.0,1148225.0,1148225.0,1148225.0,1243849,1243849,1243849,1243849,1243849,1243849,1243849,1243849,1243849,1243849,1243849,1243849,1243849,1067127,1067127,1067127,1067127,1067127,1067127,1067127,1067127,1067127,1067127,1067127,1067127,1067127,1082761,1082761,1082761,1082761,1082761,1082761,1082761,1082761,1082761,1082761,1082761,1082761,1082761,1083479.0,1083479.0,1083479.0,1083479.0,1083479.0,1083479.0,1083479.0,1083479.0,1083479.0,1083479.0,1083479.0,1083479.0,1105676.0,1105676.0,1105676.0,1105676.0,1105676.0,1105676.0,1105676.0,1105676.0,1105676.0,1105676.0,1105676.0,1105676.0,1105676.0,1105676.0,1105676.0
2019-09-01,,,,,,,,,,,,,,,,,,,,,,,,,,,,,,,,,,,,,,,,,,,,,,,,,,,,,,,,,,,,,,,,,,,,,,,,,,,,,,,,,,,,,,,,,,,,,,,,,,,,,,,,1163347.0,1163245.0,1163245.0,1163245.0,1163245.0,1163245.0,1163245.0,1148432.0,1148432.0,1148432.0,1148432.0,1148432.0,1148432.0,1148432.0,1148432.0,1148432.0,1148432.0,1148432.0,1148432.0,1255650,1255650,1255650,1255650,1255650,1255650,1255650,1255650,1255650,1255650,1255650,1255650,1255650,1057174,1057174,1057174,1057174,1057174,1057174,1057174,1057174,1057174,1057174,1057174,1057174,1057174,1074368,1074368,1074368,1074368,1074368,1074368,1074368,1074368,1074368,1074368,1074368,1074368,1074368,1074129.0,1074129.0,1074129.0,1074129.0,1074129.0,1074129.0,1074129.0,1074129.0,1074129.0,1074129.0,1074129.0,1074129.0,1098202.0,1098202.0,1098202.0,1098202.0,1098202.0,1098202.0,1098202.0,1098202.0,1098202.0,1098202.0,1098202.0,1098202.0,1098202.0,1098202.0,1098202.0
2019-10-01,,,,,,,,,,,,,,,,,,,,,,,,,,,,,,,,,,,,,,,,,,,,,,,,,,,,,,,,,,,,,,,,,,,,,,,,,,,,,,,,,,,,,,,,,,,,,,,,,,,,,,,,,1164278.0,1163622.0,1163622.0,1163622.0,1163622.0,1163622.0,1149040.0,1149040.0,1149040.0,1149040.0,1149040.0,1149040.0,1149040.0,1149040.0,1149040.0,1149040.0,1149040.0,1149040.0,1273734,1273734,1273734,1273734,1273734,1273734,1273734,1273734,1273734,1273734,1273734,1273734,1273734,1050272,1050272,1050272,1050272,1050272,1050272,1050272,1050272,1050272,1050272,1050272,1050272,1050272,1068188,1068188,1068188,1068188,1068188,1068188,1068188,1068188,1068188,1068188,1068188,1068188,1068188,1067418.0,1067418.0,1067418.0,1067418.0,1067418.0,1067418.0,1067418.0,1067418.0,1067418.0,1067418.0,1067418.0,1067418.0,1092083.0,1092083.0,1092083.0,1092083.0,1092083.0,1092083.0,1092083.0,1092083.0,1092083.0,1092083.0,1092083.0,1092083.0,1092083.0,1092083.0,1092083.0
2019-11-01,,,,,,,,,,,,,,,,,,,,,,,,,,,,,,,,,,,,,,,,,,,,,,,,,,,,,,,,,,,,,,,,,,,,,,,,,,,,,,,,,,,,,,,,,,,,,,,,,,,,,,,,,,1158736.0,1156728.0,1156728.0,1156728.0,1156728.0,1143494.0,1143494.0,1143494.0,1143494.0,1143494.0,1143494.0,1143494.0,1143494.0,1143494.0,1143494.0,1143494.0,1143494.0,1276134,1276134,1276134,1276134,1276134,1276134,1276134,1276134,1276134,1276134,1276134,1276134,1276134,1035156,1035156,1035156,1035156,1035156,1035156,1035156,1035156,1035156,1035156,1035156,1035156,1035156,1055149,1055149,1055149,1055149,1055149,1055149,1055149,1055149,1055149,1055149,1055149,1055149,1055149,1054581.0,1054581.0,1054581.0,1054581.0,1054581.0,1054581.0,1054581.0,1054581.0,1054581.0,1054581.0,1054581.0,1054581.0,1080067.0,1080067.0,1080067.0,1080067.0,1080067.0,1080067.0,1080067.0,1080067.0,1080067.0,1080067.0,1080067.0,1080067.0,1080067.0,1080067.0,1080067.0
2019-12-01,,,,,,,,,,,,,,,,,,,,,,,,,,,,,,,,,,,,,,,,,,,,,,,,,,,,,,,,,,,,,,,,,,,,,,,,,,,,,,,,,,,,,,,,,,,,,,,,,,,,,,,,,,,1156159.0,1156915.0,1156915.0,1156915.0,1144546.0,1144546.0,1144546.0,1144546.0,1144546.0,1144546.0,1144546.0,1144546.0,1144546.0,1144546.0,1144546.0,1144546.0,1285367,1285367,1285367,1285367,1285367,1285367,1285367,1285367,1285367,1285367,1285367,1285367,1285367,1024141,1024141,1024141,1024141,1024141,1024141,1024141,1024141,1024141,1024141,1024141,1024141,1024141,1046150,1046150,1046150,1046150,1046150,1046150,1046150,1046150,1046150,1046150,1046150,1046150,1046150,1045883.0,1045883.0,1045883.0,1045883.0,1045883.0,1045883.0,1045883.0,1045883.0,1045883.0,1045883.0,1045883.0,1045883.0,1072957.0,1072957.0,1072957.0,1072957.0,1072957.0,1072957.0,1072957.0,1072957.0,1072957.0,1072957.0,1072957.0,1072957.0,1072957.0,1072957.0,1072957.0
2020-01-01,,,,,,,,,,,,,,,,,,,,,,,,,,,,,,,,,,,,,,,,,,,,,,,,,,,,,,,,,,,,,,,,,,,,,,,,,,,,,,,,,,,,,,,,,,,,,,,,,,,,,,,,,,,,1157015.0,1157237.0,1157237.0,1145310.0,1145310.0,1145310.0,1145310.0,1145310.0,1145310.0,1145310.0,1145310.0,1145310.0,1145310.0,1145310.0,1145310.0,1285182,1285182,1285182,1285182,1285182,1285182,1285182,1285182,1285182,1285182,1285182,1285182,1285182,1025962,1025962,1025962,1025962,1025962,1025962,1025962,1025962,1025962,1025962,1025962,1025962,1025962,1053255,1053255,1053255,1053255,1053255,1053255,1053255,1053255,1053255,1053255,1053255,1053255,1053255,1051424.0,1051424.0,1051424.0,1051424.0,1051424.0,1051424.0,1051424.0,1051424.0,1051424.0,1051424.0,1051424.0,1051424.0,1078302.0,1078302.0,1078302.0,1078302.0,1078302.0,1078302.0,1078302.0,1078302.0,1078302.0,1078302.0,1078302.0,1078302.0,1078302.0,1078302.0,1078302.0
2020-02-01,,,,,,,,,,,,,,,,,,,,,,,,,,,,,,,,,,,,,,,,,,,,,,,,,,,,,,,,,,,,,,,,,,,,,,,,,,,,,,,,,,,,,,,,,,,,,,,,,,,,,,,,,,,,,1158604.0,1158525.0,1149055.0,1149055.0,1149055.0,1149055.0,1149055.0,1149055.0,1149055.0,1149055.0,1149055.0,1149055.0,1149055.0,1149055.0,1283515,1283515,1283515,1283515,1283515,1283515,1283515,1283515,1283515,1283515,1283515,1283515,1283515,1030552,1030552,1030552,1030552,1030552,1030552,1030552,1030552,1030552,1030552,1030552,1030552,1030552,1059766,1059766,1059766,1059766,1059766,1059766,1059766,1059766,1059766,1059766,1059766,1059766,1059766,1060487.0,1060487.0,1060487.0,1060487.0,1060487.0,1060487.0,1060487.0,1060487.0,1060487.0,1060487.0,1060487.0,1060487.0,1087726.0,1087726.0,1087726.0,1087726.0,1087726.0,1087726.0,1087726.0,1087726.0,1087726.0,1087726.0,1087726.0,1087726.0,1087726.0,1087726.0,1087726.0
2020-03-01,,,,,,,,,,,,,,,,,,,,,,,,,,,,,,,,,,,,,,,,,,,,,,,,,,,,,,,,,,,,,,,,,,,,,,,,,,,,,,,,,,,,,,,,,,,,,,,,,,,,,,,,,,,,,,1134908.0,1125179.0,1125179.0,1125179.0,1125179.0,1125179.0,1125179.0,1125179.0,1125179.0,1125179.0,1125179.0,1125179.0,1125179.0,1246883,1246883,1246883,1246883,1246883,1246883,1246883,1246883,1246883,1246883,1246883,1246883,1246883,1016129,1016129,1016129,1016129,1016129,1016129,1016129,1016129,1016129,1016129,1016129,1016129,1016129,1046381,1046381,1046381,1046381,1046381,1046381,1046381,1046381,1046381,1046381,1046381,1046381,1046381,1048697.0,1048697.0,1048697.0,1048697.0,1048697.0,1048697.0,1048697.0,1048697.0,1048697.0,1048697.0,1048697.0,1048697.0,1075146.0,1075146.0,1075146.0,1075146.0,1075146.0,1075146.0,1075146.0,1075146.0,1075146.0,1075146.0,1075146.0,1075146.0,1075146.0,1075146.0,1075146.0
2020-04-01,,,,,,,,,,,,,,,,,,,,,,,,,,,,,,,,,,,,,,,,,,,,,,,,,,,,,,,,,,,,,,,,,,,,,,,,,,,,,,,,,,,,,,,,,,,,,,,,,,,,,,,,,,,,,,,1107595.0,1107812.0,1107812.0,1107812.0,1107812.0,1107812.0,1107812.0,1107812.0,1107812.0,1107812.0,1107812.0,1107812.0,1232127,1232127,1232127,1232127,1232127,1232127,1232127,1232127,1232127,1232127,1232127,1232127,1232127,1005432,1005432,1005432,1005432,1005432,1005432,1005432,1005432,1005432,1005432,1005432,1005432,1005432,1037675,1037675,1037675,1037675,1037675,1037675,1037675,1037675,1037675,1037675,1037675,1037675,1037675,1039724.0,1039724.0,1039724.0,1039724.0,1039724.0,1039724.0,1039724.0,1039724.0,1039724.0,1039724.0,1039724.0,1039724.0,1066521.0,1066521.0,1066521.0,1066521.0,1066521.0,1066521.0,1066521.0,1066521.0,1066521.0,1066521.0,1066521.0,1066521.0,1066521.0,1066521.0,1066521.0
2020-05-01,,,,,,,,,,,,,,,,,,,,,,,,,,,,,,,,,,,,,,,,,,,,,,,,,,,,,,,,,,,,,,,,,,,,,,,,,,,,,,,,,,,,,,,,,,,,,,,,,,,,,,,,,,,,,,,,1108502.0,1107813.0,1107813.0,1107813.0,1107813.0,1107813.0,1107813.0,1107813.0,1107813.0,1107813.0,1107813.0,1226441,1226441,1226441,1226441,1226441,1226441,1226441,1226441,1226441,1226441,1226441,1226441,1226441,1006917,1006917,1006917,1006917,1006917,1006917,1006917,1006917,1006917,1006917,1006917,1006917,1006917,1042099,1042099,1042099,1042099,1042099,1042099,1042099,1042099,1042099,1042099,1042099,1042099,1042099,1042987.0,1042987.0,1042987.0,1042987.0,1042987.0,1042987.0,1042987.0,1042987.0,1042987.0,1042987.0,1042987.0,1042987.0,1069953.0,1069953.0,1069953.0,1069953.0,1069953.0,1069953.0,1069953.0,1069953.0,1069953.0,1069953.0,1069953.0,1069953.0,1069953.0,1069953.0,1069953.0
2020-06-01,,,,,,,,,,,,,,,,,,,,,,,,,,,,,,,,,,,,,,,,,,,,,,,,,,,,,,,,,,,,,,,,,,,,,,,,,,,,,,,,,,,,,,,,,,,,,,,,,,,,,,,,,,,,,,,,,1092528.0,1092630.0,1092630.0,1092630.0,1092630.0,1092630.0,1092630.0,1092630.0,1092630.0,1092630.0,1212060,1212060,1212060,1212060,1212060,1212060,1212060,1212060,1212060,1212060,1212060,1212060,1212060,998171,998171,998171,998171,998171,998171,998171,998171,998171,998171,998171,998171,998171,1034472,1034472,1034472,1034472,1034472,1034472,1034472,1034472,1034472,1034472,1034472,1034472,1034472,1033279.0,1033279.0,1033279.0,1033279.0,1033279.0,1033279.0,1033279.0,1033279.0,1033279.0,1033279.0,1033279.0,1033279.0,1062420.0,1062420.0,1062420.0,1062420.0,1062420.0,1062420.0,1062420.0,1062420.0,1062420.0,1062420.0,1062420.0,1062420.0,1062420.0,1062420.0,1062420.0
2020-07-01,,,,,,,,,,,,,,,,,,,,,,,,,,,,,,,,,,,,,,,,,,,,,,,,,,,,,,,,,,,,,,,,,,,,,,,,,,,,,,,,,,,,,,,,,,,,,,,,,,,,,,,,,,,,,,,,,,1084341.0,1084809.0,1084809.0,1084809.0,1084809.0,1084809.0,1084809.0,1084809.0,1084809.0,1201879,1201879,1201879,1201879,1201879,1201879,1201879,1201879,1201879,1201879,1201879,1201879,1201879,995146,995146,995146,995146,995146,995146,995146,995146,995146,995146,995146,995146,995146,1032817,1032817,1032817,1032817,1032817,1032817,1032817,1032817,1032817,1032817,1032817,1032817,1032817,1031643.0,1031643.0,1031643.0,1031643.0,1031643.0,1031643.0,1031643.0,1031643.0,1031643.0,1031643.0,1031643.0,1031643.0,1061149.0,1061149.0,1061149.0,1061149.0,1061149.0,1061149.0,1061149.0,1061149.0,1061149.0,1061149.0,1061149.0,1061149.0,1061149.0,1061149.0,1061149.0
2020-08-01,,,,,,,,,,,,,,,,,,,,,,,,,,,,,,,,,,,,,,,,,,,,,,,,,,,,,,,,,,,,,,,,,,,,,,,,,,,,,,,,,,,,,,,,,,,,,,,,,,,,,,,,,,,,,,,,,,,1078631.0,1078431,1078431,1078431,1078431,1078431,1078431,1078431,1194899,1194899,1194899,1194899,1194899,1194899,1194899,1194899,1194899,1194899,1194899,1194899,1194899,992984,992984,992984,992984,992984,992984,992984,992984,992984,992984,992984,992984,992984,1032185,1032185,1032185,1032185,1032185,1032185,1032185,1032185,1032185,1032185,1032185,1032185,1032185,1033035.0,1033035.0,1033035.0,1033035.0,1033035.0,1033035.0,1033035.0,1033035.0,1033035.0,1033035.0,1033035.0,1033035.0,1061781.0,1061781.0,1061781.0,1061781.0,1061781.0,1061781.0,1061781.0,1061781.0,1061781.0,1061781.0,1061781.0,1061781.0,1061781.0,1061781.0,1061781.0
2020-09-01,,,,,,,,,,,,,,,,,,,,,,,,,,,,,,,,,,,,,,,,,,,,,,,,,,,,,,,,,,,,,,,,,,,,,,,,,,,,,,,,,,,,,,,,,,,,,,,,,,,,,,,,,,,,,,,,,,,,1075897,1075902,1075902,1075902,1075902,1075902,1075902,1190796,1190796,1190796,1190796,1190796,1190796,1190796,1190796,1190796,1190796,1190796,1190796,1190796,994521,994521,994521,994521,994521,994521,994521,994521,994521,994521,994521,994521,994521,1035686,1035686,1035686,1035686,1035686,1035686,1035686,1035686,1035686,1035686,1035686,1035686,1035686,1034271.0,1034271.0,1034271.0,1034271.0,1034271.0,1034271.0,1034271.0,1034271.0,1034271.0,1034271.0,1034271.0,1034271.0,1064471.0,1064471.0,1064471.0,1064471.0,1064471.0,1064471.0,1064471.0,1064471.0,1064471.0,1064471.0,1064471.0,1064471.0,1064471.0,1064471.0,1064471.0
2020-10-01,,,,,,,,,,,,,,,,,,,,,,,,,,,,,,,,,,,,,,,,,,,,,,,,,,,,,,,,,,,,,,,,,,,,,,,,,,,,,,,,,,,,,,,,,,,,,,,,,,,,,,,,,,,,,,,,,,,,,1073292,1073816,1073816,1073816,1073816,1073816,1184751,1184751,1184751,1184751,1184751,1184751,1184751,1184751,1184751,1184751,1184751,1184751,1184751,996991,996991,996991,996991,996991,996991,996991,996991,996991,996991,996991,996991,996991,1040146,1040146,1040146,1040146,1040146,1040146,1040146,1040146,1040146,1040146,1040146,1040146,1040146,1039083.0,1039083.0,1039083.0,1039083.0,1039083.0,1039083.0,1039083.0,1039083.0,1039083.0,1039083.0,1039083.0,1039083.0,1068989.0,1068989.0,1068989.0,1068989.0,1068989.0,1068989.0,1068989.0,1068989.0,1068989.0,1068989.0,1068989.0,1068989.0,1068989.0,1068989.0,1068989.0
2020-11-01,,,,,,,,,,,,,,,,,,,,,,,,,,,,,,,,,,,,,,,,,,,,,,,,,,,,,,,,,,,,,,,,,,,,,,,,,,,,,,,,,,,,,,,,,,,,,,,,,,,,,,,,,,,,,,,,,,,,,,1073240,1073795,1073795,1073795,1073795,1183067,1183067,1183067,1183067,1183067,1183067,1183067,1183067,1183067,1183067,1183067,1183067,1183067,998962,998962,998962,998962,998962,998962,998962,998962,998962,998962,998962,998962,998962,1044278,1044278,1044278,1044278,1044278,1044278,1044278,1044278,1044278,1044278,1044278,1044278,1044278,1044383.0,1044383.0,1044383.0,1044383.0,1044383.0,1044383.0,1044383.0,1044383.0,1044383.0,1044383.0,1044383.0,1044383.0,1074211.0,1074211.0,1074211.0,1074211.0,1074211.0,1074211.0,1074211.0,1074211.0,1074211.0,1074211.0,1074211.0,1074211.0,1074211.0,1074211.0,1074211.0
2020-12-01,,,,,,,,,,,,,,,,,,,,,,,,,,,,,,,,,,,,,,,,,,,,,,,,,,,,,,,,,,,,,,,,,,,,,,,,,,,,,,,,,,,,,,,,,,,,,,,,,,,,,,,,,,,,,,,,,,,,,,,1070796,1071624,1071624,1071624,1180385,1180385,1180385,1180385,1180385,1180385,1180385,1180385,1180385,1180385,1180385,1180385,1180385,999281,999281,999281,999281,999281,999281,999281,999281,999281,999281,999281,999281,999281,1047469,1047469,1047469,1047469,1047469,1047469,1047469,1047469,1047469,1047469,1047469,1047469,1047469,1046684.0,1046684.0,1046684.0,1046684.0,1046684.0,1046684.0,1046684.0,1046684.0,1046684.0,1046684.0,1046684.0,1046684.0,1078561.0,1078561.0,1078561.0,1078561.0,1078561.0,1078561.0,1078561.0,1078561.0,1078561.0,1078561.0,1078561.0,1078561.0,1078561.0,1078561.0,1078561.0
2021-01-01,,,,,,,,,,,,,,,,,,,,,,,,,,,,,,,,,,,,,,,,,,,,,,,,,,,,,,,,,,,,,,,,,,,,,,,,,,,,,,,,,,,,,,,,,,,,,,,,,,,,,,,,,,,,,,,,,,,,,,,,1072798,1073780,1073780,1179063,1179063,1179063,1179063,1179063,1179063,1179063,1179063,1179063,1179063,1179063,1179063,1179063,1001660,1001660,1001660,1001660,1001660,1001660,1001660,1001660,1001660,1001660,1001660,1001660,1001660,1056932,1056932,1056932,1056932,1056932,1056932,1056932,1056932,1056932,1056932,1056932,1056932,1056932,1055107.0,1055107.0,1055107.0,1055107.0,1055107.0,1055107.0,1055107.0,1055107.0,1055107.0,1055107.0,1055107.0,1055107.0,1085066.0,1085066.0,1085066.0,1085066.0,1085066.0,1085066.0,1085066.0,1085066.0,1085066.0,1085066.0,1085066.0,1085066.0,1085066.0,1085066.0,1085066.0
2021-02-01,,,,,,,,,,,,,,,,,,,,,,,,,,,,,,,,,,,,,,,,,,,,,,,,,,,,,,,,,,,,,,,,,,,,,,,,,,,,,,,,,,,,,,,,,,,,,,,,,,,,,,,,,,,,,,,,,,,,,,,,,1082297,1083319,1188681,1188681,1188681,1188681,1188681,1188681,1188681,1188681,1188681,1188681,1188681,1188681,1188681,1011271,1011271,1011271,1011271,1011271,1011271,1011271,1011271,1011271,1011271,1011271,1011271,1011271,1071284,1071284,1071284,1071284,1071284,1071284,1071284,1071284,1071284,1071284,1071284,1071284,1071284,1071549.0,1071549.0,1071549.0,1071549.0,1071549.0,1071549.0,1071549.0,1071549.0,1071549.0,1071549.0,1071549.0,1071549.0,1100507.0,1100507.0,1100507.0,1100507.0,1100507.0,1100507.0,1100507.0,1100507.0,1100507.0,1100507.0,1100507.0,1100507.0,1100507.0,1100507.0,1100507.0
2021-03-01,,,,,,,,,,,,,,,,,,,,,,,,,,,,,,,,,,,,,,,,,,,,,,,,,,,,,,,,,,,,,,,,,,,,,,,,,,,,,,,,,,,,,,,,,,,,,,,,,,,,,,,,,,,,,,,,,,,,,,,,,,1087776,1194241,1195141,1195141,1195141,1195141,1195141,1195141,1195141,1195141,1195141,1195141,1195141,1195141,1020427,1020427,1020427,1020427,1020427,1020427,1020427,1020427,1020427,1020427,1020427,1020427,1020427,1084813,1084813,1084813,1084813,1084813,1084813,1084813,1084813,1084813,1084813,1084813,1084813,1084813,1087021.0,1087021.0,1087021.0,1087021.0,1087021.0,1087021.0,1087021.0,1087021.0,1087021.0,1087021.0,1087021.0,1087021.0,1114752.0,1114752.0,1114752.0,1114752.0,1114752.0,1114752.0,1114752.0,1114752.0,1114752.0,1114752.0,1114752.0,1114752.0,1114752.0,1114752.0,1114752.0
2021-04-01,,,,,,,,,,,,,,,,,,,,,,,,,,,,,,,,,,,,,,,,,,,,,,,,,,,,,,,,,,,,,,,,,,,,,,,,,,,,,,,,,,,,,,,,,,,,,,,,,,,,,,,,,,,,,,,,,,,,,,,,,,,,1196942,1199881,1199881,1199881,1199881,1199881,1199881,1199881,1199881,1199881,1199881,1199881,1026280,1026280,1026280,1026280,1026280,1026280,1026280,1026280,1026280,1026280,1026280,1026280,1026280,1095938,1095938,1095938,1095938,1095938,1095938,1095938,1095938,1095938,1095938,1095938,1095938,1095938,1098738.0,1098738.0,1098738.0,1098738.0,1098738.0,1098738.0,1098738.0,1098738.0,1098738.0,1098738.0,1098738.0,1098738.0,1125862.0,1125862.0,1125862.0,1125862.0,1125862.0,1125862.0,1125862.0,1125862.0,1125862.0,1125862.0,1125862.0,1125862.0,1125862.0,1125862.0,1125862.0
2021-05-01,,,,,,,,,,,,,,,,,,,,,,,,,,,,,,,,,,,,,,,,,,,,,,,,,,,,,,,,,,,,,,,,,,,,,,,,,,,,,,,,,,,,,,,,,,,,,,,,,,,,,,,,,,,,,,,,,,,,,,,,,,,,,1209473,1211622,1211622,1211622,1211622,1211622,1211622,1211622,1211622,1211622,1211622,1034607,1034607,1034607,1034607,1034607,1034607,1034607,1034607,1034607,1034607,1034607,1034607,1034607,1110294,1110294,1110294,1110294,1110294,1110294,1110294,1110294,1110294,1110294,1110294,1110294,1110294,1112442.0,1112442.0,1112442.0,1112442.0,1112442.0,1112442.0,1112442.0,1112442.0,1112442.0,1112442.0,1112442.0,1112442.0,1138468.0,1138468.0,1138468.0,1138468.0,1138468.0,1138468.0,1138468.0,1138468.0,1138468.0,1138468.0,1138468.0,1138468.0,1138468.0,1138468.0,1138468.0
2021-06-01,,,,,,,,,,,,,,,,,,,,,,,,,,,,,,,,,,,,,,,,,,,,,,,,,,,,,,,,,,,,,,,,,,,,,,,,,,,,,,,,,,,,,,,,,,,,,,,,,,,,,,,,,,,,,,,,,,,,,,,,,,,,,,1223141,1221562,1221562,1221562,1221562,1221562,1221562,1221562,1221562,1221562,1044946,1044946,1044946,1044946,1044946,1044946,1044946,1044946,1044946,1044946,1044946,1044946,1044946,1125983,1125983,1125983,1125983,1125983,1125983,1125983,1125983,1125983,1125983,1125983,1125983,1125983,1124552.0,1124552.0,1124552.0,1124552.0,1124552.0,1124552.0,1124552.0,1124552.0,1124552.0,1124552.0,1124552.0,1124552.0,1153013.0,1153013.0,1153013.0,1153013.0,1153013.0,1153013.0,1153013.0,1153013.0,1153013.0,1153013.0,1153013.0,1153013.0,1153013.0,1153013.0,1153013.0
2021-07-01,,,,,,,,,,,,,,,,,,,,,,,,,,,,,,,,,,,,,,,,,,,,,,,,,,,,,,,,,,,,,,,,,,,,,,,,,,,,,,,,,,,,,,,,,,,,,,,,,,,,,,,,,,,,,,,,,,,,,,,,,,,,,,,1225625,1227524,1227524,1227524,1227524,1227524,1227524,1227524,1227524,1049514,1049514,1049514,1049514,1049514,1049514,1049514,1049514,1049514,1049514,1049514,1049514,1049514,1134420,1134420,1134420,1134420,1134420,1134420,1134420,1134420,1134420,1134420,1134420,1134420,1134420,1133439.0,1133439.0,1133439.0,1133439.0,1133439.0,1133439.0,1133439.0,1133439.0,1133439.0,1133439.0,1133439.0,1133439.0,1161328.0,1161328.0,1161328.0,1161328.0,1161328.0,1161328.0,1161328.0,1161328.0,1161328.0,1161328.0,1161328.0,1161328.0,1161328.0,1161328.0,1161328.0
2021-08-01,,,,,,,,,,,,,,,,,,,,,,,,,,,,,,,,,,,,,,,,,,,,,,,,,,,,,,,,,,,,,,,,,,,,,,,,,,,,,,,,,,,,,,,,,,,,,,,,,,,,,,,,,,,,,,,,,,,,,,,,,,,,,,,,1239418,1238342,1238342,1238342,1238342,1238342,1238342,1238342,1059290,1059290,1059290,1059290,1059290,1059290,1059290,1059290,1059290,1059290,1059290,1059290,1059290,1150404,1150404,1150404,1150404,1150404,1150404,1150404,1150404,1150404,1150404,1150404,1150404,1150404,1151095.0,1151095.0,1151095.0,1151095.0,1151095.0,1151095.0,1151095.0,1151095.0,1151095.0,1151095.0,1151095.0,1151095.0,1176513.0,1176513.0,1176513.0,1176513.0,1176513.0,1176513.0,1176513.0,1176513.0,1176513.0,1176513.0,1176513.0,1176513.0,1176513.0,1176513.0,1176513.0
2021-09-01,,,,,,,,,,,,,,,,,,,,,,,,,,,,,,,,,,,,,,,,,,,,,,,,,,,,,,,,,,,,,,,,,,,,,,,,,,,,,,,,,,,,,,,,,,,,,,,,,,,,,,,,,,,,,,,,,,,,,,,,,,,,,,,,,1247269,1246689,1246689,1246689,1246689,1246689,1246689,1063898,1063898,1063898,1063898,1063898,1063898,1063898,1063898,1063898,1063898,1063898,1063898,1063898,1160242,1160242,1160242,1160242,1160242,1160242,1160242,1160242,1160242,1160242,1160242,1160242,1160242,1157802.0,1157802.0,1157802.0,1157802.0,1157802.0,1157802.0,1157802.0,1157802.0,1157802.0,1157802.0,1157802.0,1157802.0,1184047.0,1184047.0,1184047.0,1184047.0,1184047.0,1184047.0,1184047.0,1184047.0,1184047.0,1184047.0,1184047.0,1184047.0,1184047.0,1184047.0,1184047.0
2021-10-01,,,,,,,,,,,,,,,,,,,,,,,,,,,,,,,,,,,,,,,,,,,,,,,,,,,,,,,,,,,,,,,,,,,,,,,,,,,,,,,,,,,,,,,,,,,,,,,,,,,,,,,,,,,,,,,,,,,,,,,,,,,,,,,,,,1249815,1251000,1251000,1251000,1251000,1251000,1068436,1068436,1068436,1068436,1068436,1068436,1068436,1068436,1068436,1068436,1068436,1068436,1068436,1169409,1169409,1169409,1169409,1169409,1169409,1169409,1169409,1169409,1169409,1169409,1169409,1169409,1167054.0,1167054.0,1167054.0,1167054.0,1167054.0,1167054.0,1167054.0,1167054.0,1167054.0,1167054.0,1167054.0,1167054.0,1191314.0,1191314.0,1191314.0,1191314.0,1191314.0,1191314.0,1191314.0,1191314.0,1191314.0,1191314.0,1191314.0,1191314.0,1191314.0,1191314.0,1191314.0
2021-11-01,,,,,,,,,,,,,,,,,,,,,,,,,,,,,,,,,,,,,,,,,,,,,,,,,,,,,,,,,,,,,,,,,,,,,,,,,,,,,,,,,,,,,,,,,,,,,,,,,,,,,,,,,,,,,,,,,,,,,,,,,,,,,,,,,,,1260141,1261508,1261508,1261508,1261508,1073584,1073584,1073584,1073584,1073584,1073584,1073584,1073584,1073584,1073584,1073584,1073584,1073584,1179031,1179031,1179031,1179031,1179031,1179031,1179031,1179031,1179031,1179031,1179031,1179031,1179031,1179000.0,1179000.0,1179000.0,1179000.0,1179000.0,1179000.0,1179000.0,1179000.0,1179000.0,1179000.0,1179000.0,1179000.0,1200818.0,1200818.0,1200818.0,1200818.0,1200818.0,1200818.0,1200818.0,1200818.0,1200818.0,1200818.0,1200818.0,1200818.0,1200818.0,1200818.0,1200818.0
2021-12-01,,,,,,,,,,,,,,,,,,,,,,,,,,,,,,,,,,,,,,,,,,,,,,,,,,,,,,,,,,,,,,,,,,,,,,,,,,,,,,,,,,,,,,,,,,,,,,,,,,,,,,,,,,,,,,,,,,,,,,,,,,,,,,,,,,,,1267692,1271825,1271825,1271825,1078952,1078952,1078952,1078952,1078952,1078952,1078952,1078952,1078952,1078952,1078952,1078952,1078952,1191723,1191723,1191723,1191723,1191723,1191723,1191723,1191723,1191723,1191723,1191723,1191723,1191723,1190351.0,1190351.0,1190351.0,1190351.0,1190351.0,1190351.0,1190351.0,1190351.0,1190351.0,1190351.0,1190351.0,1190351.0,1214534.0,1214534.0,1214534.0,1214534.0,1214534.0,1214534.0,1214534.0,1214534.0,1214534.0,1214534.0,1214534.0,1214534.0,1214534.0,1214534.0,1214534.0
2022-01-01,,,,,,,,,,,,,,,,,,,,,,,,,,,,,,,,,,,,,,,,,,,,,,,,,,,,,,,,,,,,,,,,,,,,,,,,,,,,,,,,,,,,,,,,,,,,,,,,,,,,,,,,,,,,,,,,,,,,,,,,,,,,,,,,,,,,,1283495,1283035,1283035,1088546,1088546,1088546,1088546,1088546,1088546,1088546,1088546,1088546,1088546,1088546,1088546,1088546,1207034,1207034,1207034,1207034,1207034,1207034,1207034,1207034,1207034,1207034,1207034,1207034,1207034,1205946.0,1205946.0,1205946.0,1205946.0,1205946.0,1205946.0,1205946.0,1205946.0,1205946.0,1205946.0,1205946.0,1205946.0,1228227.0,1228227.0,1228227.0,1228227.0,1228227.0,1228227.0,1228227.0,1228227.0,1228227.0,1228227.0,1228227.0,1228227.0,1228227.0,1228227.0,1228227.0
2022-02-01,,,,,,,,,,,,,,,,,,,,,,,,,,,,,,,,,,,,,,,,,,,,,,,,,,,,,,,,,,,,,,,,,,,,,,,,,,,,,,,,,,,,,,,,,,,,,,,,,,,,,,,,,,,,,,,,,,,,,,,,,,,,,,,,,,,,,,1288453,1289290,1095638,1095638,1095638,1095638,1095638,1095638,1095638,1095638,1095638,1095638,1095638,1095638,1095638,1215693,1215693,1215693,1215693,1215693,1215693,1215693,1215693,1215693,1215693,1215693,1215693,1215693,1216904.0,1216904.0,1216904.0,1216904.0,1216904.0,1216904.0,1216904.0,1216904.0,1216904.0,1216904.0,1216904.0,1216904.0,1237502.0,1237502.0,1237502.0,1237502.0,1237502.0,1237502.0,1237502.0,1237502.0,1237502.0,1237502.0,1237502.0,1237502.0,1237502.0,1237502.0,1237502.0
2022-03-01,,,,,,,,,,,,,,,,,,,,,,,,,,,,,,,,,,,,,,,,,,,,,,,,,,,,,,,,,,,,,,,,,,,,,,,,,,,,,,,,,,,,,,,,,,,,,,,,,,,,,,,,,,,,,,,,,,,,,,,,,,,,,,,,,,,,,,,1294790,1101408,1100794,1100794,1100794,1100794,1100794,1100794,1100794,1100794,1100794,1100794,1100794,1100794,1221266,1221266,1221266,1221266,1221266,1221266,1221266,1221266,1221266,1221266,1221266,1221266,1221266,1224220.0,1224220.0,1224220.0,1224220.0,1224220.0,1224220.0,1224220.0,1224220.0,1224220.0,1224220.0,1224220.0,1224220.0,1243817.0,1243817.0,1243817.0,1243817.0,1243817.0,1243817.0,1243817.0,1243817.0,1243817.0,1243817.0,1243817.0,1243817.0,1243817.0,1243817.0,1243817.0
2022-04-01,,,,,,,,,,,,,,,,,,,,,,,,,,,,,,,,,,,,,,,,,,,,,,,,,,,,,,,,,,,,,,,,,,,,,,,,,,,,,,,,,,,,,,,,,,,,,,,,,,,,,,,,,,,,,,,,,,,,,,,,,,,,,,,,,,,,,,,,,1106775,1106112,1106112,1106112,1106112,1106112,1106112,1106112,1106112,1106112,1106112,1106112,1227691,1227691,1227691,1227691,1227691,1227691,1227691,1227691,1227691,1227691,1227691,1227691,1227691,1230705.0,1230705.0,1230705.0,1230705.0,1230705.0,1230705.0,1230705.0,1230705.0,1230705.0,1230705.0,1230705.0,1230705.0,1249595.0,1249595.0,1249595.0,1249595.0,1249595.0,1249595.0,1249595.0,1249595.0,1249595.0,1249595.0,1249595.0,1249595.0,1249595.0,1249595.0,1249595.0
2022-05-01,,,,,,,,,,,,,,,,,,,,,,,,,,,,,,,,,,,,,,,,,,,,,,,,,,,,,,,,,,,,,,,,,,,,,,,,,,,,,,,,,,,,,,,,,,,,,,,,,,,,,,,,,,,,,,,,,,,,,,,,,,,,,,,,,,,,,,,,,,1109997,1109739,1109739,1109739,1109739,1109739,1109739,1109739,1109739,1109739,1109739,1232706,1232706,1232706,1232706,1232706,1232706,1232706,1232706,1232706,1232706,1232706,1232706,1232706,1235522.0,1235522.0,1235522.0,1235522.0,1235522.0,1235522.0,1235522.0,1235522.0,1235522.0,1235522.0,1235522.0,1235522.0,1253866.0,1253866.0,1253866.0,1253866.0,1253866.0,1253866.0,1253866.0,1253866.0,1253866.0,1253866.0,1253866.0,1253866.0,1253866.0,1253866.0,1253866.0
2022-06-01,,,,,,,,,,,,,,,,,,,,,,,,,,,,,,,,,,,,,,,,,,,,,,,,,,,,,,,,,,,,,,,,,,,,,,,,,,,,,,,,,,,,,,,,,,,,,,,,,,,,,,,,,,,,,,,,,,,,,,,,,,,,,,,,,,,,,,,,,,,1117994,1118721,1118721,1118721,1118721,1118721,1118721,1118721,1118721,1118721,1241795,1241795,1241795,1241795,1241795,1241795,1241795,1241795,1241795,1241795,1241795,1241795,1241795,1239879.0,1239879.0,1239879.0,1239879.0,1239879.0,1239879.0,1239879.0,1239879.0,1239879.0,1239879.0,1239879.0,1239879.0,1262761.0,1262761.0,1262761.0,1262761.0,1262761.0,1262761.0,1262761.0,1262761.0,1262761.0,1262761.0,1262761.0,1262761.0,1262761.0,1262761.0,1262761.0
2022-07-01,,,,,,,,,,,,,,,,,,,,,,,,,,,,,,,,,,,,,,,,,,,,,,,,,,,,,,,,,,,,,,,,,,,,,,,,,,,,,,,,,,,,,,,,,,,,,,,,,,,,,,,,,,,,,,,,,,,,,,,,,,,,,,,,,,,,,,,,,,,,1126664,1126755,1126755,1126755,1126755,1126755,1126755,1126755,1126755,1249779,1249779,1249779,1249779,1249779,1249779,1249779,1249779,1249779,1249779,1249779,1249779,1249779,1247967.0,1247967.0,1247967.0,1247967.0,1247967.0,1247967.0,1247967.0,1247967.0,1247967.0,1247967.0,1247967.0,1247967.0,1270557.0,1270557.0,1270557.0,1270557.0,1270557.0,1270557.0,1270557.0,1270557.0,1270557.0,1270557.0,1270557.0,1270557.0,1270557.0,1270557.0,1270557.0
2022-08-01,,,,,,,,,,,,,,,,,,,,,,,,,,,,,,,,,,,,,,,,,,,,,,,,,,,,,,,,,,,,,,,,,,,,,,,,,,,,,,,,,,,,,,,,,,,,,,,,,,,,,,,,,,,,,,,,,,,,,,,,,,,,,,,,,,,,,,,,,,,,,1132082,1131950,1131950,1131950,1131950,1131950,1131950,1131950,1254684,1254684,1254684,1254684,1254684,1254684,1254684,1254684,1254684,1254684,1254684,1254684,1254684,1254621.0,1254621.0,1254621.0,1254621.0,1254621.0,1254621.0,1254621.0,1254621.0,1254621.0,1254621.0,1254621.0,1254621.0,1274539.0,1274539.0,1274539.0,1274539.0,1274539.0,1274539.0,1274539.0,1274539.0,1274539.0,1274539.0,1274539.0,1274539.0,1274539.0,1274539.0,1274539.0
2022-09-01,,,,,,,,,,,,,,,,,,,,,,,,,,,,,,,,,,,,,,,,,,,,,,,,,,,,,,,,,,,,,,,,,,,,,,,,,,,,,,,,,,,,,,,,,,,,,,,,,,,,,,,,,,,,,,,,,,,,,,,,,,,,,,,,,,,,,,,,,,,,,,1137812,1137101,1137101,1137101,1137101,1137101,1137101,1259465,1259465,1259465,1259465,1259465,1259465,1259465,1259465,1259465,1259465,1259465,1259465,1259465,1256056.0,1256056.0,1256056.0,1256056.0,1256056.0,1256056.0,1256056.0,1256056.0,1256056.0,1256056.0,1256056.0,1256056.0,1277332.0,1277332.0,1277332.0,1277332.0,1277332.0,1277332.0,1277332.0,1277332.0,1277332.0,1277332.0,1277332.0,1277332.0,1277332.0,1277332.0,1277332.0
2022-10-01,,,,,,,,,,,,,,,,,,,,,,,,,,,,,,,,,,,,,,,,,,,,,,,,,,,,,,,,,,,,,,,,,,,,,,,,,,,,,,,,,,,,,,,,,,,,,,,,,,,,,,,,,,,,,,,,,,,,,,,,,,,,,,,,,,,,,,,,,,,,,,,1143979,1143249,1143249,1143249,1143249,1143249,1266440,1266440,1266440,1266440,1266440,1266440,1266440,1266440,1266440,1266440,1266440,1266440,1266440,1264170.0,1264170.0,1264170.0,1264170.0,1264170.0,1264170.0,1264170.0,1264170.0,1264170.0,1264170.0,1264170.0,1264170.0,1283660.0,1283660.0,1283660.0,1283660.0,1283660.0,1283660.0,1283660.0,1283660.0,1283660.0,1283660.0,1283660.0,1283660.0,1283660.0,1283660.0,1283660.0
2022-11-01,,,,,,,,,,,,,,,,,,,,,,,,,,,,,,,,,,,,,,,,,,,,,,,,,,,,,,,,,,,,,,,,,,,,,,,,,,,,,,,,,,,,,,,,,,,,,,,,,,,,,,,,,,,,,,,,,,,,,,,,,,,,,,,,,,,,,,,,,,,,,,,,1143060,1143565,1143565,1143565,1143565,1263436,1263436,1263436,1263436,1263436,1263436,1263436,1263436,1263436,1263436,1263436,1263436,1263436,1264643.0,1264643.0,1264643.0,1264643.0,1264643.0,1264643.0,1264643.0,1264643.0,1264643.0,1264643.0,1264643.0,1264643.0,1280862.0,1280862.0,1280862.0,1280862.0,1280862.0,1280862.0,1280862.0,1280862.0,1280862.0,1280862.0,1280862.0,1280862.0,1280862.0,1280862.0,1280862.0
2022-12-01,,,,,,,,,,,,,,,,,,,,,,,,,,,,,,,,,,,,,,,,,,,,,,,,,,,,,,,,,,,,,,,,,,,,,,,,,,,,,,,,,,,,,,,,,,,,,,,,,,,,,,,,,,,,,,,,,,,,,,,,,,,,,,,,,,,,,,,,,,,,,,,,,1158011,1156640,1156640,1156640,1272201,1272201,1272201,1272201,1272201,1272201,1272201,1272201,1272201,1272201,1272201,1272201,1272201,1269711.0,1269711.0,1269711.0,1269711.0,1269711.0,1269711.0,1269711.0,1269711.0,1269711.0,1269711.0,1269711.0,1269711.0,1291737.0,1291737.0,1291737.0,1291737.0,1291737.0,1291737.0,1291737.0,1291737.0,1291737.0,1291737.0,1291737.0,1291737.0,1291737.0,1291737.0,1291737.0
2023-01-01,,,,,,,,,,,,,,,,,,,,,,,,,,,,,,,,,,,,,,,,,,,,,,,,,,,,,,,,,,,,,,,,,,,,,,,,,,,,,,,,,,,,,,,,,,,,,,,,,,,,,,,,,,,,,,,,,,,,,,,,,,,,,,,,,,,,,,,,,,,,,,,,,,1156981,1156674,1156674,1276988,1276988,1276988,1276988,1276988,1276988,1276988,1276988,1276988,1276988,1276988,1276988,1276988,1275734.0,1275734.0,1275734.0,1275734.0,1275734.0,1275734.0,1275734.0,1275734.0,1275734.0,1275734.0,1275734.0,1275734.0,1295691.0,1295691.0,1295691.0,1295691.0,1295691.0,1295691.0,1295691.0,1295691.0,1295691.0,1295691.0,1295691.0,1295691.0,1295691.0,1295691.0,1295691.0
2023-02-01,,,,,,,,,,,,,,,,,,,,,,,,,,,,,,,,,,,,,,,,,,,,,,,,,,,,,,,,,,,,,,,,,,,,,,,,,,,,,,,,,,,,,,,,,,,,,,,,,,,,,,,,,,,,,,,,,,,,,,,,,,,,,,,,,,,,,,,,,,,,,,,,,,,1155564,1155476,1275522,1275522,1275522,1275522,1275522,1275522,1275522,1275522,1275522,1275522,1275522,1275522,1275522,1277865.0,1277865.0,1277865.0,1277865.0,1277865.0,1277865.0,1277865.0,1277865.0,1277865.0,1277865.0,1277865.0,1277865.0,1295662.0,1295662.0,1295662.0,1295662.0,1295662.0,1295662.0,1295662.0,1295662.0,1295662.0,1295662.0,1295662.0,1295662.0,1295662.0,1295662.0,1295662.0
2023-03-01,,,,,,,,,,,,,,,,,,,,,,,,,,,,,,,,,,,,,,,,,,,,,,,,,,,,,,,,,,,,,,,,,,,,,,,,,,,,,,,,,,,,,,,,,,,,,,,,,,,,,,,,,,,,,,,,,,,,,,,,,,,,,,,,,,,,,,,,,,,,,,,,,,,,1159722,1279679,1280943,1280943,1280943,1280943,1280943,1280943,1280943,1280943,1280943,1280943,1280943,1280943,1283590.0,1283590.0,1283590.0,1283590.0,1283590.0,1283590.0,1283590.0,1283590.0,1283590.0,1283590.0,1283590.0,1283590.0,1302209.0,1302209.0,1302209.0,1302209.0,1302209.0,1302209.0,1302209.0,1302209.0,1302209.0,1302209.0,1302209.0,1302209.0,1302209.0,1302209.0,1302209.0
2023-04-01,,,,,,,,,,,,,,,,,,,,,,,,,,,,,,,,,,,,,,,,,,,,,,,,,,,,,,,,,,,,,,,,,,,,,,,,,,,,,,,,,,,,,,,,,,,,,,,,,,,,,,,,,,,,,,,,,,,,,,,,,,,,,,,,,,,,,,,,,,,,,,,,,,,,,,1291346,1291462,1291462,1291462,1291462,1291462,1291462,1291462,1291462,1291462,1291462,1291462,1296117.0,1296117.0,1296117.0,1296117.0,1296117.0,1296117.0,1296117.0,1296117.0,1296117.0,1296117.0,1296117.0,1296117.0,1311484.0,1311484.0,1311484.0,1311484.0,1311484.0,1311484.0,1311484.0,1311484.0,1311484.0,1311484.0,1311484.0,1311484.0,1311484.0,1311484.0,1311484.0
2023-05-01,,,,,,,,,,,,,,,,,,,,,,,,,,,,,,,,,,,,,,,,,,,,,,,,,,,,,,,,,,,,,,,,,,,,,,,,,,,,,,,,,,,,,,,,,,,,,,,,,,,,,,,,,,,,,,,,,,,,,,,,,,,,,,,,,,,,,,,,,,,,,,,,,,,,,,,1301945,1301975.0,1301975.0,1301975.0,1301975.0,1301975.0,1301975.0,1301975.0,1301975.0,1301975.0,1301975.0,1305751.0,1305751.0,1305751.0,1305751.0,1305751.0,1305751.0,1305751.0,1305751.0,1305751.0,1305751.0,1305751.0,1305751.0,1315948.0,1315948.0,1315948.0,1315948.0,1315948.0,1315948.0,1315948.0,1315948.0,1315948.0,1315948.0,1315948.0,1315948.0,1315948.0,1315948.0,1315948.0
2023-06-01,,,,,,,,,,,,,,,,,,,,,,,,,,,,,,,,,,,,,,,,,,,,,,,,,,,,,,,,,,,,,,,,,,,,,,,,,,,,,,,,,,,,,,,,,,,,,,,,,,,,,,,,,,,,,,,,,,,,,,,,,,,,,,,,,,,,,,,,,,,,,,,,,,,,,,,,1325110.0,1324777.0,1324777.0,1324777.0,1324777.0,1324777.0,1324777.0,1324777.0,1324777.0,1324777.0,1322733.0,1322733.0,1322733.0,1322733.0,1322733.0,1322733.0,1322733.0,1322733.0,1322733.0,1322733.0,1322733.0,1322733.0,1333562.0,1333562.0,1333562.0,1333562.0,1333562.0,1333562.0,1333562.0,1333562.0,1333562.0,1333562.0,1333562.0,1333562.0,1333562.0,1333562.0,1333562.0
2023-07-01,,,,,,,,,,,,,,,,,,,,,,,,,,,,,,,,,,,,,,,,,,,,,,,,,,,,,,,,,,,,,,,,,,,,,,,,,,,,,,,,,,,,,,,,,,,,,,,,,,,,,,,,,,,,,,,,,,,,,,,,,,,,,,,,,,,,,,,,,,,,,,,,,,,,,,,,,1331999.0,1330875.0,1330875.0,1330875.0,1330875.0,1330875.0,1330875.0,1330875.0,1330875.0,1330381.0,1330381.0,1330381.0,1330381.0,1330381.0,1330381.0,1330381.0,1330381.0,1330381.0,1330381.0,1330381.0,1330381.0,1339736.0,1339736.0,1339736.0,1339736.0,1339736.0,1339736.0,1339736.0,1339736.0,1339736.0,1339736.0,1339736.0,1339736.0,1339736.0,1339736.0,1339736.0
2023-08-01,,,,,,,,,,,,,,,,,,,,,,,,,,,,,,,,,,,,,,,,,,,,,,,,,,,,,,,,,,,,,,,,,,,,,,,,,,,,,,,,,,,,,,,,,,,,,,,,,,,,,,,,,,,,,,,,,,,,,,,,,,,,,,,,,,,,,,,,,,,,,,,,,,,,,,,,,,1335868.0,1335197.0,1335197.0,1335197.0,1335197.0,1335197.0,1335197.0,1335197.0,1336174.0,1336174.0,1336174.0,1336174.0,1336174.0,1336174.0,1336174.0,1336174.0,1336174.0,1336174.0,1336174.0,1336174.0,1340742.0,1340742.0,1340742.0,1340742.0,1340742.0,1340742.0,1340742.0,1340742.0,1340742.0,1340742.0,1340742.0,1340742.0,1340742.0,1340742.0,1340742.0
2023-09-01,,,,,,,,,,,,,,,,,,,,,,,,,,,,,,,,,,,,,,,,,,,,,,,,,,,,,,,,,,,,,,,,,,,,,,,,,,,,,,,,,,,,,,,,,,,,,,,,,,,,,,,,,,,,,,,,,,,,,,,,,,,,,,,,,,,,,,,,,,,,,,,,,,,,,,,,,,,1353624.0,1352860.0,1352860.0,1352860.0,1352860.0,1352860.0,1352860.0,1349113.0,1349113.0,1349113.0,1349113.0,1349113.0,1349113.0,1349113.0,1349113.0,1349113.0,1349113.0,1349113.0,1349113.0,1352106.0,1352106.0,1352106.0,1352106.0,1352106.0,1352106.0,1352106.0,1352106.0,1352106.0,1352106.0,1352106.0,1352106.0,1352106.0,1352106.0,1352106.0
2023-10-01,,,,,,,,,,,,,,,,,,,,,,,,,,,,,,,,,,,,,,,,,,,,,,,,,,,,,,,,,,,,,,,,,,,,,,,,,,,,,,,,,,,,,,,,,,,,,,,,,,,,,,,,,,,,,,,,,,,,,,,,,,,,,,,,,,,,,,,,,,,,,,,,,,,,,,,,,,,,1356813.0,1357730.0,1357730.0,1357730.0,1357730.0,1357730.0,1353995.0,1353995.0,1353995.0,1353995.0,1353995.0,1353995.0,1353995.0,1353995.0,1353995.0,1353995.0,1353995.0,1353995.0,1353877.0,1353877.0,1353877.0,1353877.0,1353877.0,1353877.0,1353877.0,1353877.0,1353877.0,1353877.0,1353877.0,1353877.0,1353877.0,1353877.0,1353877.0
2023-11-01,,,,,,,,,,,,,,,,,,,,,,,,,,,,,,,,,,,,,,,,,,,,,,,,,,,,,,,,,,,,,,,,,,,,,,,,,,,,,,,,,,,,,,,,,,,,,,,,,,,,,,,,,,,,,,,,,,,,,,,,,,,,,,,,,,,,,,,,,,,,,,,,,,,,,,,,,,,,,1374847.0,1375039.0,1375039.0,1375039.0,1375039.0,1377332.0,1377332.0,1377332.0,1377332.0,1377332.0,1377332.0,1377332.0,1377332.0,1377332.0,1377332.0,1377332.0,1377332.0,1366160.0,1366160.0,1366160.0,1366160.0,1366160.0,1366160.0,1366160.0,1366160.0,1366160.0,1366160.0,1366160.0,1366160.0,1366160.0,1366160.0,1366160.0
2023-12-01,,,,,,,,,,,,,,,,,,,,,,,,,,,,,,,,,,,,,,,,,,,,,,,,,,,,,,,,,,,,,,,,,,,,,,,,,,,,,,,,,,,,,,,,,,,,,,,,,,,,,,,,,,,,,,,,,,,,,,,,,,,,,,,,,,,,,,,,,,,,,,,,,,,,,,,,,,,,,,1393217.0,1392966.0,1392966.0,1392966.0,1388697.0,1388697.0,1388697.0,1388697.0,1388697.0,1388697.0,1388697.0,1388697.0,1388697.0,1388697.0,1388697.0,1388697.0,1384271.0,1384271.0,1384271.0,1384271.0,1384271.0,1384271.0,1384271.0,1384271.0,1384271.0,1384271.0,1384271.0,1384271.0,1384271.0,1384271.0,1384271.0
2024-01-01,,,,,,,,,,,,,,,,,,,,,,,,,,,,,,,,,,,,,,,,,,,,,,,,,,,,,,,,,,,,,,,,,,,,,,,,,,,,,,,,,,,,,,,,,,,,,,,,,,,,,,,,,,,,,,,,,,,,,,,,,,,,,,,,,,,,,,,,,,,,,,,,,,,,,,,,,,,,,,,1395115.0,1392764.0,1392764.0,1390645.0,1390645.0,1390645.0,1390645.0,1390645.0,1390645.0,1390645.0,1390645.0,1390645.0,1390645.0,1390645.0,1390645.0,1380645.0,1380645.0,1380645.0,1380645.0,1380645.0,1380645.0,1380645.0,1380645.0,1380645.0,1380645.0,1380645.0,1380645.0,1380645.0,1380645.0,1380645.0
2024-02-01,,,,,,,,,,,,,,,,,,,,,,,,,,,,,,,,,,,,,,,,,,,,,,,,,,,,,,,,,,,,,,,,,,,,,,,,,,,,,,,,,,,,,,,,,,,,,,,,,,,,,,,,,,,,,,,,,,,,,,,,,,,,,,,,,,,,,,,,,,,,,,,,,,,,,,,,,,,,,,,,1392826.0,1391272.0,1393319.0,1393319.0,1393319.0,1393319.0,1393319.0,1393319.0,1393319.0,1393319.0,1393319.0,1393319.0,1393319.0,1393319.0,1378596.0,1378596.0,1378596.0,1378596.0,1378596.0,1378596.0,1378596.0,1378596.0,1378596.0,1378596.0,1378596.0,1378596.0,1378596.0,1378596.0,1378596.0
2024-03-01,,,,,,,,,,,,,,,,,,,,,,,,,,,,,,,,,,,,,,,,,,,,,,,,,,,,,,,,,,,,,,,,,,,,,,,,,,,,,,,,,,,,,,,,,,,,,,,,,,,,,,,,,,,,,,,,,,,,,,,,,,,,,,,,,,,,,,,,,,,,,,,,,,,,,,,,,,,,,,,,,1397359.0,1398518.0,1397856.0,1397856.0,1397856.0,1397856.0,1397856.0,1397856.0,1397856.0,1397856.0,1397856.0,1397856.0,1397856.0,1381402.0,1381402.0,1381402.0,1381402.0,1381402.0,1381402.0,1381402.0,1381402.0,1381402.0,1381402.0,1381402.0,1381402.0,1381402.0,1381402.0,1381402.0
2024-04-01,,,,,,,,,,,,,,,,,,,,,,,,,,,,,,,,,,,,,,,,,,,,,,,,,,,,,,,,,,,,,,,,,,,,,,,,,,,,,,,,,,,,,,,,,,,,,,,,,,,,,,,,,,,,,,,,,,,,,,,,,,,,,,,,,,,,,,,,,,,,,,,,,,,,,,,,,,,,,,,,,,,1400627.0,1399682.0,1399682.0,1399682.0,1399682.0,1399682.0,1399682.0,1399682.0,1399682.0,1399682.0,1399682.0,1380072.0,1380072.0,1380072.0,1380072.0,1380072.0,1380072.0,1380072.0,1380072.0,1380072.0,1380072.0,1380072.0,1380072.0,1380072.0,1380072.0,1380072.0
2024-05-01,,,,,,,,,,,,,,,,,,,,,,,,,,,,,,,,,,,,,,,,,,,,,,,,,,,,,,,,,,,,,,,,,,,,,,,,,,,,,,,,,,,,,,,,,,,,,,,,,,,,,,,,,,,,,,,,,,,,,,,,,,,,,,,,,,,,,,,,,,,,,,,,,,,,,,,,,,,,,,,,,,,,1402769.0,1402911.0,1402911.0,1402911.0,1402911.0,1402911.0,1402911.0,1402911.0,1402911.0,1402911.0,1380206.0,1380206.0,1380206.0,1380206.0,1380206.0,1380206.0,1380206.0,1380206.0,1380206.0,1380206.0,1380206.0,1380206.0,1380206.0,1380206.0,1380206.0
2024-06-01,,,,,,,,,,,,,,,,,,,,,,,,,,,,,,,,,,,,,,,,,,,,,,,,,,,,,,,,,,,,,,,,,,,,,,,,,,,,,,,,,,,,,,,,,,,,,,,,,,,,,,,,,,,,,,,,,,,,,,,,,,,,,,,,,,,,,,,,,,,,,,,,,,,,,,,,,,,,,,,,,,,,,1383880.0,1383211.0,1383211.0,1383211.0,1383211.0,1383211.0,1383211.0,1383211.0,1383211.0,1372271.0,1372271.0,1372271.0,1372271.0,1372271.0,1372271.0,1372271.0,1372271.0,1372271.0,1372271.0,1372271.0,1372271.0,1372271.0,1372271.0,1372271.0
2024-07-01,,,,,,,,,,,,,,,,,,,,,,,,,,,,,,,,,,,,,,,,,,,,,,,,,,,,,,,,,,,,,,,,,,,,,,,,,,,,,,,,,,,,,,,,,,,,,,,,,,,,,,,,,,,,,,,,,,,,,,,,,,,,,,,,,,,,,,,,,,,,,,,,,,,,,,,,,,,,,,,,,,,,,,1386274.0,1386380.0,1386380.0,1386380.0,1386380.0,1386380.0,1386380.0,1386380.0,1373533.0,1373533.0,1373533.0,1373533.0,1373533.0,1373533.0,1373533.0,1373533.0,1373533.0,1373533.0,1373533.0,1373533.0,1373533.0,1373533.0,1373533.0
2024-08-01,,,,,,,,,,,,,,,,,,,,,,,,,,,,,,,,,,,,,,,,,,,,,,,,,,,,,,,,,,,,,,,,,,,,,,,,,,,,,,,,,,,,,,,,,,,,,,,,,,,,,,,,,,,,,,,,,,,,,,,,,,,,,,,,,,,,,,,,,,,,,,,,,,,,,,,,,,,,,,,,,,,,,,,1391358.0,1388915.0,1388915.0,1388915.0,1388915.0,1388915.0,1388915.0,1373875.0,1373875.0,1373875.0,1373875.0,1373875.0,1373875.0,1373875.0,1373875.0,1373875.0,1373875.0,1373875.0,1373875.0,1373875.0,1373875.0,1373875.0
2024-09-01,,,,,,,,,,,,,,,,,,,,,,,,,,,,,,,,,,,,,,,,,,,,,,,,,,,,,,,,,,,,,,,,,,,,,,,,,,,,,,,,,,,,,,,,,,,,,,,,,,,,,,,,,,,,,,,,,,,,,,,,,,,,,,,,,,,,,,,,,,,,,,,,,,,,,,,,,,,,,,,,,,,,,,,,1391005.0,1392693.0,1392693.0,1392693.0,1392693.0,1392693.0,1377419.0,1377419.0,1377419.0,1377419.0,1377419.0,1377419.0,1377419.0,1377419.0,1377419.0,1377419.0,1377419.0,1377419.0,1377419.0,1377419.0,1377419.0
2024-10-01,,,,,,,,,,,,,,,,,,,,,,,,,,,,,,,,,,,,,,,,,,,,,,,,,,,,,,,,,,,,,,,,,,,,,,,,,,,,,,,,,,,,,,,,,,,,,,,,,,,,,,,,,,,,,,,,,,,,,,,,,,,,,,,,,,,,,,,,,,,,,,,,,,,,,,,,,,,,,,,,,,,,,,,,,1400162.0,1400162.0,1400162.0,1400162.0,1400162.0,1383277.0,1383277.0,1383277.0,1383277.0,1383277.0,1383277.0,1383277.0,1383277.0,1383277.0,1383277.0,1383277.0,1383277.0,1383277.0,1383277.0,1383277.0
2024-11-01,,,,,,,,,,,,,,,,,,,,,,,,,,,,,,,,,,,,,,,,,,,,,,,,,,,,,,,,,,,,,,,,,,,,,,,,,,,,,,,,,,,,,,,,,,,,,,,,,,,,,,,,,,,,,,,,,,,,,,,,,,,,,,,,,,,,,,,,,,,,,,,,,,,,,,,,,,,,,,,,,,,,,,,,,1404778.0,1402639.0,1402639.0,1402639.0,1402639.0,1384359.0,1384359.0,1384359.0,1384359.0,1384359.0,1384359.0,1384359.0,1384359.0,1384359.0,1384359.0,1384359.0,1384359.0,1384359.0,1384359.0,1384359.0
2024-12-01,,,,,,,,,,,,,,,,,,,,,,,,,,,,,,,,,,,,,,,,,,,,,,,,,,,,,,,,,,,,,,,,,,,,,,,,,,,,,,,,,,,,,,,,,,,,,,,,,,,,,,,,,,,,,,,,,,,,,,,,,,,,,,,,,,,,,,,,,,,,,,,,,,,,,,,,,,,,,,,,,,,,,,,,,,1396274.0,1397931.0,1397931.0,1397931.0,1385403.0,1385403.0,1385403.0,1385403.0,1385403.0,1385403.0,1385403.0,1385403.0,1385403.0,1385403.0,1385403.0,1385403.0,1385403.0,1385403.0,1385403.0
2025-01-01,,,,,,,,,,,,,,,,,,,,,,,,,,,,,,,,,,,,,,,,,,,,,,,,,,,,,,,,,,,,,,,,,,,,,,,,,,,,,,,,,,,,,,,,,,,,,,,,,,,,,,,,,,,,,,,,,,,,,,,,,,,,,,,,,,,,,,,,,,,,,,,,,,,,,,,,,,,,,,,,,,,,,,,,,,,1400585.0,1400592.0,1400592.0,1386036.0,1386036.0,1386036.0,1386036.0,1386036.0,1386036.0,1386036.0,1386036.0,1386036.0,1386036.0,1386036.0,1386036.0,1386036.0,1386036.0,1386036.0
2025-02-01,,,,,,,,,,,,,,,,,,,,,,,,,,,,,,,,,,,,,,,,,,,,,,,,,,,,,,,,,,,,,,,,,,,,,,,,,,,,,,,,,,,,,,,,,,,,,,,,,,,,,,,,,,,,,,,,,,,,,,,,,,,,,,,,,,,,,,,,,,,,,,,,,,,,,,,,,,,,,,,,,,,,,,,,,,,,1402650.0,1401852.0,1386126.0,1386126.0,1386126.0,1386126.0,1386126.0,1386126.0,1386126.0,1386126.0,1386126.0,1386126.0,1386126.0,1386126.0,1386126.0,1386126.0,1386126.0
2025-03-01,,,,,,,,,,,,,,,,,,,,,,,,,,,,,,,,,,,,,,,,,,,,,,,,,,,,,,,,,,,,,,,,,,,,,,,,,,,,,,,,,,,,,,,,,,,,,,,,,,,,,,,,,,,,,,,,,,,,,,,,,,,,,,,,,,,,,,,,,,,,,,,,,,,,,,,,,,,,,,,,,,,,,,,,,,,,,1429411.0,1407831.0,1407831.0,1407831.0,1407831.0,1407831.0,1407831.0,1407831.0,1407831.0,1407831.0,1407831.0,1407831.0,1407831.0,1407831.0,1407831.0,1407831.0
2025-04-01,,,,,,,,,,,,,,,,,,,,,,,,,,,,,,,,,,,,,,,,,,,,,,,,,,,,,,,,,,,,,,,,,,,,,,,,,,,,,,,,,,,,,,,,,,,,,,,,,,,,,,,,,,,,,,,,,,,,,,,,,,,,,,,,,,,,,,,,,,,,,,,,,,,,,,,,,,,,,,,,,,,,,,,,,,,,,,1408512.0,1407699.0,1407699.0,1407699.0,1407699.0,1407699.0,1407699.0,1407699.0,1407699.0,1407699.0,1407699.0,1407699.0,1407699.0,1407699.0,1407699.0
2025-05-01,,,,,,,,,,,,,,,,,,,,,,,,,,,,,,,,,,,,,,,,,,,,,,,,,,,,,,,,,,,,,,,,,,,,,,,,,,,,,,,,,,,,,,,,,,,,,,,,,,,,,,,,,,,,,,,,,,,,,,,,,,,,,,,,,,,,,,,,,,,,,,,,,,,,,,,,,,,,,,,,,,,,,,,,,,,,,,,1455365.0,1455660.0,1455660.0,1455660.0,1455660.0,1455660.0,1455660.0,1455660.0,1455660.0,1455660.0,1455660.0,1455660.0,1455660.0,1455660.0
2025-06-01,,,,,,,,,,,,,,,,,,,,,,,,,,,,,,,,,,,,,,,,,,,,,,,,,,,,,,,,,,,,,,,,,,,,,,,,,,,,,,,,,,,,,,,,,,,,,,,,,,,,,,,,,,,,,,,,,,,,,,,,,,,,,,,,,,,,,,,,,,,,,,,,,,,,,,,,,,,,,,,,,,,,,,,,,,,,,,,,1469919.0,1469146.0,1469146.0,1469146.0,1469146.0,1469146.0,1469146.0,1469146.0,1469146.0,1469146.0,1469146.0,1469146.0,1469146.0
2025-07-01,,,,,,,,,,,,,,,,,,,,,,,,,,,,,,,,,,,,,,,,,,,,,,,,,,,,,,,,,,,,,,,,,,,,,,,,,,,,,,,,,,,,,,,,,,,,,,,,,,,,,,,,,,,,,,,,,,,,,,,,,,,,,,,,,,,,,,,,,,,,,,,,,,,,,,,,,,,,,,,,,,,,,,,,,,,,,,,,,1469562.0,1469267.0,1469267.0,1469267.0,1469267.0,1469267.0,1469267.0,1469267.0,1469267.0,1469267.0,1469267.0,1469267.0
2025-08-01,,,,,,,,,,,,,,,,,,,,,,,,,,,,,,,,,,,,,,,,,,,,,,,,,,,,,,,,,,,,,,,,,,,,,,,,,,,,,,,,,,,,,,,,,,,,,,,,,,,,,,,,,,,,,,,,,,,,,,,,,,,,,,,,,,,,,,,,,,,,,,,,,,,,,,,,,,,,,,,,,,,,,,,,,,,,,,,,,,1478656.0,1478883.0,1478883.0,1478883.0,1478883.0,1478883.0,1478883.0,1478883.0,1478883.0,1478883.0,1478883.0
2025-09-01,,,,,,,,,,,,,,,,,,,,,,,,,,,,,,,,,,,,,,,,,,,,,,,,,,,,,,,,,,,,,,,,,,,,,,,,,,,,,,,,,,,,,,,,,,,,,,,,,,,,,,,,,,,,,,,,,,,,,,,,,,,,,,,,,,,,,,,,,,,,,,,,,,,,,,,,,,,,,,,,,,,,,,,,,,,,,,,,,,,1489790.0,1490136.0,1490136.0,1490136.0,1490136.0,1490136.0,1490136.0,1490136.0,1490136.0,1490136.0
2025-10-01,,,,,,,,,,,,,,,,,,,,,,,,,,,,,,,,,,,,,,,,,,,,,,,,,,,,,,,,,,,,,,,,,,,,,,,,,,,,,,,,,,,,,,,,,,,,,,,,,,,,,,,,,,,,,,,,,,,,,,,,,,,,,,,,,,,,,,,,,,,,,,,,,,,,,,,,,,,,,,,,,,,,,,,,,,,,,,,,,,,,1492803.0,1493279.0,1493279.0,1493279.0,1493279.0,1493279.0,1493279.0,1493279.0,1493279.0
2025-11-01,,,,,,,,,,,,,,,,,,,,,,,,,,,,,,,,,,,,,,,,,,,,,,,,,,,,,,,,,,,,,,,,,,,,,,,,,,,,,,,,,,,,,,,,,,,,,,,,,,,,,,,,,,,,,,,,,,,,,,,,,,,,,,,,,,,,,,,,,,,,,,,,,,,,,,,,,,,,,,,,,,,,,,,,,,,,,,,,,,,,,1513524.0,1514119.0,1514119.0,1514119.0,1514119.0,1514119.0,1514119.0,1514119.0
2025-12-01,,,,,,,,,,,,,,,,,,,,,,,,,,,,,,,,,,,,,,,,,,,,,,,,,,,,,,,,,,,,,,,,,,,,,,,,,,,,,,,,,,,,,,,,,,,,,,,,,,,,,,,,,,,,,,,,,,,,,,,,,,,,,,,,,,,,,,,,,,,,,,,,,,,,,,,,,,,,,,,,,,,,,,,,,,,,,,,,,,,,,,1527534.0,1528230.0,1528230.0,1528230.0,1528230.0,1528230.0,1528230.0
2026-01-01,,,,,,,,,,,,,,,,,,,,,,,,,,,,,,,,,,,,,,,,,,,,,,,,,,,,,,,,,,,,,,,,,,,,,,,,,,,,,,,,,,,,,,,,,,,,,,,,,,,,,,,,,,,,,,,,,,,,,,,,,,,,,,,,,,,,,,,,,,,,,,,,,,,,,,,,,,,,,,,,,,,,,,,,,,,,,,,,,,,,,,,1540363.0,1538048.0,1538048.0,1538048.0,1538048.0,1538048.0
2026-02-01,,,,,,,,,,,,,,,,,,,,,,,,,,,,,,,,,,,,,,,,,,,,,,,,,,,,,,,,,,,,,,,,,,,,,,,,,,,,,,,,,,,,,,,,,,,,,,,,,,,,,,,,,,,,,,,,,,,,,,,,,,,,,,,,,,,,,,,,,,,,,,,,,,,,,,,,,,,,,,,,,,,,,,,,,,,,,,,,,,,,,,,,1539422.0,1539286.0,1539286.0,1539286.0,1539286.0
2026-03-01,,,,,,,,,,,,,,,,,,,,,,,,,,,,,,,,,,,,,,,,,,,,,,,,,,,,,,,,,,,,,,,,,,,,,,,,,,,,,,,,,,,,,,,,,,,,,,,,,,,,,,,,,,,,,,,,,,,,,,,,,,,,,,,,,,,,,,,,,,,,,,,,,,,,,,,,,,,,,,,,,,,,,,,,,,,,,,,,,,,,,,,,,1540856.0,1542276.0,1542276.0,1542276.0
2026-04-01,,,,,,,,,,,,,,,,,,,,,,,,,,,,,,,,,,,,,,,,,,,,,,,,,,,,,,,,,,,,,,,,,,,,,,,,,,,,,,,,,,,,,,,,,,,,,,,,,,,,,,,,,,,,,,,,,,,,,,,,,,,,,,,,,,,,,,,,,,,,,,,,,,,,,,,,,,,,,,,,,,,,,,,,,,,,,,,,,,,,,,,,,,1569041.0,1570317.0,1570317.0
2026-05-01,,,,,,,,,,,,,,,,,,,,,,,,,,,,,,,,,,,,,,,,,,,,,,,,,,,,,,,,,,,,,,,,,,,,,,,,,,,,,,,,,,,,,,,,,,,,,,,,,,,,,,,,,,,,,,,,,,,,,,,,,,,,,,,,,,,,,,,,,,,,,,,,,,,,,,,,,,,,,,,,,,,,,,,,,,,,,,,,,,,,,,,,,,,1579544.0,1580991.0
2026-06-01,,,,,,,,,,,,,,,,,,,,,,,,,,,,,,,,,,,,,,,,,,,,,,,,,,,,,,,,,,,,,,,,,,,,,,,,,,,,,,,,,,,,,,,,,,,,,,,,,,,,,,,,,,,,,,,,,,,,,,,,,,,,,,,,,,,,,,,,,,,,,,,,,,,,,,,,,,,,,,,,,,,,,,,,,,,,,,,,,,,,,,,,,,,,1590559.0
