date,CES0500000003_20110304,CES0500000003_20110401,CES0500000003_20110506,CES0500000003_20110603,CES0500000003_20110708,CES0500000003_20110805,CES0500000003_20110902,CES0500000003_20111007,CES0500000003_20111104,CES0500000003_20111202,CES0500000003_20120106,CES0500000003_20120203,CES0500000003_20120309,CES0500000003_20120406,CES0500000003_20120504,CES0500000003_20120601,CES0500000003_20120706,CES0500000003_20120803,CES0500000003_20120907,CES0500000003_20121005,CES0500000003_20121102,CES0500000003_20121207,CES0500000003_20130104,CES0500000003_20130201,CES0500000003_20130308,CES0500000003_20130405,CES0500000003_20130503,CES0500000003_20130607,CES0500000003_20130705,CES0500000003_20130802,CES0500000003_20130906,CES0500000003_20131022,CES0500000003_20131108,CES0500000003_20131206,CES0500000003_20140110,CES0500000003_20140207,CES0500000003_20140307,CES0500000003_20140404,CES0500000003_20140502,CES0500000003_20140606,CES0500000003_20140703,CES0500000003_20140801,CES0500000003_20140905,CES0500000003_20141003,CES0500000003_20141107,CES0500000003_20141205,CES0500000003_20150109,CES0500000003_20150206,CES0500000003_20150306,CES0500000003_20150403,CES0500000003_20150508,CES0500000003_20150605,CES0500000003_20150702,CES0500000003_20150807,CES0500000003_20150904,CES0500000003_20151002,CES0500000003_20151106,CES0500000003_20151204,CES0500000003_20160108,CES0500000003_20160205,CES0500000003_20160304,CES0500000003_20160401,CES0500000003_20160506,CES0500000003_20160603,CES0500000003_20160708,CES0500000003_20160805,CES0500000003_20160902,CES0500000003_20161007,CES0500000003_20161104,CES0500000003_20161202,CES0500000003_20170106,CES0500000003_20170203,CES0500000003_20170310,CES0500000003_20170407,CES0500000003_20170505,CES0500000003_20170602,CES0500000003_20170707,CES0500000003_20170804,CES0500000003_20170901,CES0500000003_20171006,CES0500000003_20171103,CES0500000003_20171208,CES0500000003_20180105,CES0500000003_20180202,CES0500000003_20180309,CES0500000003_20180406,CES0500000003_20180504,CES0500000003_20180601,CES0500000003_20180706,CES0500000003_20180803,CES0500000003_20180907,CES0500000003_20181005,CES0500000003_20181102,CES0500000003_20181207,CES0500000003_20190104,CES0500000003_20190201,CES0500000003_20190308,CES0500000003_20190405,CES0500000003_20190503,CES0500000003_20190607,CES0500000003_20190705,CES0500000003_20190802,CES0500000003_20190906,CES0500000003_20191004,CES0500000003_20191101,CES0500000003_20191206,CES0500000003_20200110,CES0500000003_20200207,CES0500000003_20200306,CES0500000003_20200403,CES0500000003_20200508,CES0500000003_20200605,CES0500000003_20200702,CES0500000003_20200807,CES0500000003_20200904,CES0500000003_20201002,CES0500000003_20201106,CES0500000003_20201204,CES0500000003_20210108,CES0500000003_20210205,CES0500000003_20210305,CES0500000003_20210402,CES0500000003_20210507,CES0500000003_20210604,CES0500000003_20210702,CES0500000003_20210806,CES0500000003_20210903,CES0500000003_20211008,CES0500000003_20211105,CES0500000003_20211203,CES0500000003_20220107,CES0500000003_20220204,CES0500000003_20220304,CES0500000003_20220401,CES0500000003_20220506,CES0500000003_20220603,CES0500000003_20220708,CES0500000003_20220805,CES0500000003_20220902,CES0500000003_20221007,CES0500000003_20221104,CES0500000003_20221202,CES0500000003_20230106,CES0500000003_20230203,CES0500000003_20230310,CES0500000003_20230407,CES0500000003_20230505,CES0500000003_20230602,CES0500000003_20230707,CES0500000003_20230804,CES0500000003_20230901,CES0500000003_20231006,CES0500000003_20231103,CES0500000003_20231208,CES0500000003_20240105,CES0500000003_20240202,CES0500000003_20240308,CES0500000003_20240405,CES0500000003_20240503,CES0500000003_20240607,CES0500000003_20240705,CES0500000003_20240802,CES0500000003_20240906,CES0500000003_20241004,CES0500000003_20241101,CES0500000003_20241206,CES0500000003_20250110,CES0500000003_20250207,CES0500000003_20250307,CES0500000003_20250404,CES0500000003_20250502,CES0500000003_20250606,CES0500000003_20250703,CES0500000003_20250801,CES0500000003_20250905,CES0500000003_20251120,CES0500000003_20251216,CES0500000003_20260109,CES0500000003_20260211,CES0500000003_20260306,CES0500000003_20260403,CES0500000003_20260508,CES0500000003_20260605,CES0500000003_20260702,CES0500000003_20260807
2006-03-01,20.05,20.05,20.05,20.05,20.05,20.05,20.05,20.05,20.05,20.05,20.05,20.06,20.06,20.06,20.06,20.06,20.06,20.06,20.06,20.06,20.06,20.06,20.06,20.06,20.06,20.06,20.06,20.06,20.06,20.06,20.06,20.06,20.06,20.06,20.06,20.04,20.04,20.04,20.04,20.04,20.04,20.04,20.04,20.04,20.04,20.04,20.04,20.05,20.05,20.05,20.05,20.05,20.05,20.05,20.05,20.05,20.05,,,20.04,20.04,20.04,20.04,20.04,20.04,20.04,20.04,20.04,20.04,20.04,20.04,20.04,20.04,20.04,20.04,20.04,20.04,20.04,20.04,20.04,20.04,20.04,20.04,20.04,20.04,20.04,20.04,20.04,20.04,20.04,20.04,20.04,20.04,20.04,20.04,20.04,20.04,20.04,20.04,20.04,20.04,20.04,20.04,20.04,20.04,20.04,20.04,20.04,20.04,20.04,20.04,20.04,20.04,20.04,20.04,20.04,20.04,20.04,20.04,20.04,20.04,20.04,20.04,20.04,20.04,20.04,20.04,20.04,20.04,20.04,20.04,20.04,20.04,20.04,20.04,20.04,20.04,20.04,20.04,20.04,20.04,20.04,20.04,20.04,20.04,20.04,20.04,20.04,20.04,20.04,20.04,20.04,20.04,20.04,20.04,20.05,20.05,20.05,20.05,20.05,20.05,20.05,20.05,20.05,20.05,20.05,20.05,20.05,20.05,20.05,20.05,20.05,20.05,20.05,20.05,20.05,20.05,20.05,20.04,20.04,20.04,20.04,20.04,20.04,20.04
2006-04-01,20.15,20.15,20.15,20.15,20.15,20.15,20.15,20.15,20.15,20.15,20.15,20.14,20.14,20.14,20.14,20.14,20.14,20.14,20.14,20.14,20.14,20.14,20.14,20.16,20.16,20.16,20.16,20.16,20.16,20.16,20.16,20.16,20.16,20.16,20.16,20.16,20.16,20.16,20.16,20.16,20.16,20.16,20.16,20.16,20.16,20.16,20.16,20.16,20.16,20.16,20.16,20.16,20.16,20.16,20.16,20.16,20.16,,,20.15,20.15,20.15,20.15,20.15,20.15,20.15,20.15,20.15,20.15,20.15,20.15,20.15,20.15,20.15,20.15,20.15,20.15,20.15,20.15,20.15,20.15,20.15,20.15,20.15,20.15,20.15,20.15,20.15,20.15,20.15,20.15,20.15,20.15,20.15,20.15,20.16,20.16,20.16,20.16,20.16,20.16,20.16,20.16,20.16,20.16,20.16,20.16,20.17,20.17,20.17,20.17,20.17,20.17,20.17,20.17,20.17,20.17,20.17,20.17,20.17,20.17,20.17,20.17,20.17,20.17,20.17,20.17,20.17,20.17,20.17,20.17,20.16,20.16,20.16,20.16,20.16,20.16,20.16,20.16,20.16,20.16,20.16,20.16,20.15,20.15,20.15,20.15,20.15,20.15,20.15,20.15,20.15,20.15,20.15,20.15,20.15,20.15,20.15,20.15,20.15,20.15,20.15,20.15,20.15,20.15,20.15,20.15,20.15,20.15,20.15,20.15,20.15,20.15,20.15,20.15,20.15,20.15,20.15,20.17,20.17,20.17,20.17,20.17,20.17,20.17
2006-05-01,20.13,20.13,20.13,20.13,20.13,20.13,20.13,20.13,20.13,20.13,20.13,20.15,20.15,20.15,20.15,20.15,20.15,20.15,20.15,20.15,20.15,20.15,20.15,20.14,20.14,20.14,20.14,20.14,20.14,20.14,20.14,20.14,20.14,20.14,20.14,20.13,20.13,20.13,20.13,20.13,20.13,20.13,20.13,20.13,20.13,20.13,20.13,20.13,20.13,20.13,20.13,20.13,20.13,20.13,20.13,20.13,20.13,,,20.13,20.13,20.13,20.13,20.13,20.13,20.13,20.13,20.13,20.13,20.13,20.13,20.13,20.13,20.13,20.13,20.13,20.13,20.13,20.13,20.13,20.13,20.13,20.13,20.13,20.13,20.13,20.13,20.13,20.13,20.13,20.13,20.13,20.13,20.13,20.13,20.14,20.14,20.14,20.14,20.14,20.14,20.14,20.14,20.14,20.14,20.14,20.14,20.13,20.13,20.13,20.13,20.13,20.13,20.13,20.13,20.13,20.13,20.13,20.13,20.13,20.13,20.13,20.13,20.13,20.13,20.13,20.13,20.13,20.13,20.13,20.13,20.13,20.13,20.13,20.13,20.13,20.13,20.13,20.13,20.13,20.13,20.13,20.13,20.13,20.13,20.13,20.13,20.13,20.13,20.13,20.13,20.13,20.13,20.13,20.13,20.13,20.13,20.13,20.13,20.13,20.13,20.13,20.13,20.13,20.13,20.13,20.13,20.13,20.13,20.13,20.13,20.13,20.13,20.13,20.13,20.13,20.13,20.13,20.13,20.13,20.13,20.13,20.13,20.13,20.13
2006-06-01,20.23,20.23,20.23,20.23,20.23,20.23,20.23,20.23,20.23,20.23,20.23,20.22,20.22,20.22,20.22,20.22,20.23,20.23,20.23,20.23,20.23,20.23,20.23,20.22,20.22,20.22,20.22,20.22,20.22,20.22,20.22,20.22,20.22,20.22,20.22,20.22,20.22,20.22,20.22,20.22,20.22,20.22,20.22,20.22,20.22,20.22,20.22,20.23,20.23,20.23,20.23,20.23,20.23,20.23,20.23,20.23,20.23,,,20.23,20.23,20.23,20.23,20.23,20.23,20.23,20.23,20.23,20.23,20.23,20.23,20.23,20.23,20.23,20.23,20.23,20.23,20.23,20.23,20.23,20.23,20.23,20.23,20.23,20.23,20.23,20.23,20.23,20.23,20.23,20.23,20.23,20.23,20.23,20.23,20.23,20.23,20.23,20.23,20.23,20.23,20.23,20.23,20.23,20.23,20.23,20.23,20.22,20.22,20.22,20.22,20.22,20.22,20.22,20.22,20.22,20.22,20.22,20.22,20.22,20.22,20.22,20.22,20.22,20.22,20.22,20.22,20.22,20.22,20.22,20.22,20.22,20.22,20.22,20.22,20.22,20.22,20.22,20.22,20.22,20.22,20.22,20.22,20.23,20.23,20.23,20.23,20.23,20.23,20.23,20.23,20.23,20.23,20.23,20.23,20.23,20.23,20.23,20.23,20.23,20.23,20.23,20.23,20.23,20.23,20.23,20.23,20.23,20.23,20.23,20.23,20.23,20.23,20.23,20.23,20.23,20.23,20.23,20.22,20.22,20.22,20.22,20.22,20.22,20.22
2006-07-01,20.28,20.28,20.28,20.28,20.28,20.28,20.28,20.28,20.28,20.28,20.28,20.31,20.31,20.31,20.31,20.31,20.31,20.31,20.31,20.31,20.31,20.31,20.31,20.31,20.31,20.31,20.31,20.31,20.31,20.31,20.31,20.31,20.31,20.31,20.31,20.30,20.30,20.30,20.30,20.30,20.30,20.30,20.30,20.30,20.30,20.30,20.30,20.30,20.30,20.30,20.30,20.30,20.30,20.30,20.30,20.30,20.30,,,20.30,20.30,20.30,20.30,20.30,20.30,20.30,20.30,20.30,20.30,20.30,20.30,20.30,20.30,20.30,20.30,20.30,20.30,20.30,20.30,20.30,20.30,20.30,20.30,20.30,20.30,20.30,20.30,20.30,20.30,20.30,20.30,20.30,20.30,20.30,20.30,20.30,20.30,20.30,20.30,20.30,20.30,20.30,20.30,20.30,20.30,20.30,20.30,20.30,20.30,20.30,20.30,20.30,20.30,20.30,20.30,20.30,20.30,20.30,20.30,20.30,20.30,20.30,20.30,20.30,20.30,20.30,20.30,20.30,20.30,20.30,20.30,20.30,20.30,20.30,20.30,20.30,20.30,20.30,20.30,20.30,20.30,20.30,20.30,20.29,20.29,20.29,20.29,20.29,20.29,20.29,20.29,20.29,20.29,20.29,20.29,20.29,20.29,20.29,20.29,20.29,20.29,20.29,20.29,20.29,20.29,20.29,20.29,20.29,20.29,20.29,20.29,20.29,20.29,20.29,20.29,20.29,20.29,20.29,20.29,20.29,20.29,20.29,20.29,20.29,20.29
2006-08-01,20.31,20.31,20.31,20.31,20.31,20.31,20.31,20.31,20.31,20.31,20.31,20.35,20.35,20.35,20.35,20.35,20.35,20.35,20.35,20.35,20.35,20.35,20.35,20.33,20.33,20.33,20.33,20.33,20.33,20.33,20.33,20.33,20.33,20.33,20.33,20.32,20.32,20.32,20.32,20.32,20.32,20.32,20.32,20.32,20.32,20.32,20.32,20.32,20.32,20.32,20.32,20.32,20.32,20.32,20.32,20.32,20.32,,,20.32,20.32,20.32,20.32,20.32,20.32,20.32,20.32,20.32,20.32,20.32,20.32,20.32,20.32,20.32,20.32,20.32,20.32,20.32,20.32,20.32,20.32,20.32,20.32,20.32,20.32,20.32,20.32,20.32,20.32,20.32,20.32,20.32,20.32,20.32,20.32,20.32,20.32,20.32,20.32,20.32,20.32,20.32,20.32,20.32,20.32,20.32,20.32,20.31,20.31,20.31,20.31,20.31,20.31,20.31,20.31,20.31,20.31,20.31,20.31,20.32,20.32,20.32,20.32,20.32,20.32,20.32,20.32,20.32,20.32,20.32,20.32,20.32,20.32,20.32,20.32,20.32,20.32,20.32,20.32,20.32,20.32,20.32,20.32,20.32,20.32,20.32,20.32,20.32,20.32,20.32,20.32,20.32,20.32,20.32,20.32,20.32,20.32,20.32,20.32,20.32,20.32,20.32,20.32,20.32,20.32,20.32,20.32,20.32,20.32,20.32,20.32,20.32,20.32,20.32,20.32,20.32,20.32,20.32,20.32,20.32,20.32,20.32,20.32,20.32,20.32
2006-09-01,20.41,20.41,20.41,20.41,20.41,20.41,20.41,20.41,20.41,20.41,20.41,20.42,20.42,20.42,20.42,20.42,20.42,20.42,20.42,20.42,20.42,20.42,20.42,20.43,20.43,20.43,20.43,20.43,20.43,20.43,20.43,20.43,20.43,20.43,20.43,20.41,20.41,20.41,20.41,20.41,20.41,20.41,20.41,20.41,20.41,20.41,20.41,20.41,20.41,20.41,20.41,20.41,20.41,20.41,20.41,20.41,20.41,,,20.41,20.41,20.41,20.41,20.41,20.41,20.41,20.41,20.41,20.41,20.41,20.41,20.41,20.41,20.41,20.41,20.41,20.41,20.41,20.41,20.41,20.41,20.41,20.41,20.41,20.41,20.41,20.41,20.41,20.41,20.41,20.41,20.41,20.41,20.41,20.41,20.41,20.41,20.41,20.41,20.41,20.41,20.41,20.41,20.41,20.41,20.41,20.41,20.41,20.41,20.41,20.41,20.41,20.41,20.41,20.41,20.41,20.41,20.41,20.41,20.41,20.41,20.41,20.41,20.41,20.41,20.41,20.41,20.41,20.41,20.41,20.41,20.41,20.41,20.41,20.41,20.41,20.41,20.41,20.41,20.41,20.41,20.41,20.41,20.41,20.41,20.41,20.41,20.41,20.41,20.41,20.41,20.41,20.41,20.41,20.41,20.41,20.41,20.41,20.41,20.41,20.41,20.41,20.41,20.41,20.41,20.41,20.41,20.40,20.40,20.40,20.40,20.40,20.40,20.40,20.40,20.40,20.40,20.40,20.40,20.40,20.40,20.40,20.40,20.40,20.40
2006-10-01,20.47,20.47,20.47,20.47,20.47,20.47,20.47,20.47,20.47,20.47,20.47,20.43,20.43,20.43,20.43,20.43,20.44,20.44,20.44,20.44,20.44,20.44,20.44,20.45,20.45,20.45,20.45,20.45,20.45,20.45,20.45,20.45,20.45,20.45,20.45,20.44,20.44,20.44,20.44,20.44,20.44,20.44,20.44,20.44,20.44,20.44,20.44,20.44,20.44,20.44,20.44,20.44,20.44,20.44,20.44,20.44,20.44,,,20.44,20.44,20.44,20.44,20.44,20.44,20.44,20.44,20.44,20.44,20.44,20.44,20.44,20.44,20.44,20.44,20.44,20.44,20.44,20.44,20.44,20.44,20.44,20.44,20.44,20.44,20.44,20.44,20.44,20.44,20.44,20.44,20.44,20.44,20.44,20.44,20.44,20.44,20.44,20.44,20.44,20.44,20.44,20.44,20.44,20.44,20.44,20.44,20.44,20.44,20.44,20.44,20.44,20.44,20.44,20.44,20.44,20.44,20.44,20.44,20.44,20.44,20.44,20.44,20.44,20.44,20.44,20.44,20.44,20.44,20.44,20.44,20.44,20.44,20.44,20.44,20.44,20.44,20.44,20.44,20.44,20.44,20.44,20.44,20.43,20.43,20.43,20.43,20.43,20.43,20.43,20.43,20.43,20.43,20.43,20.43,20.43,20.43,20.43,20.43,20.43,20.43,20.43,20.43,20.43,20.43,20.43,20.43,20.42,20.42,20.42,20.42,20.42,20.42,20.42,20.42,20.42,20.42,20.42,20.42,20.42,20.42,20.42,20.42,20.42,20.42
2006-11-01,20.49,20.49,20.49,20.49,20.49,20.49,20.49,20.49,20.49,20.49,20.49,20.50,20.50,20.50,20.50,20.50,20.50,20.50,20.50,20.50,20.50,20.50,20.50,20.50,20.50,20.50,20.50,20.50,20.50,20.50,20.50,20.50,20.50,20.50,20.50,20.48,20.48,20.48,20.48,20.48,20.48,20.48,20.48,20.48,20.48,20.48,20.48,20.48,20.48,20.48,20.48,20.48,20.48,20.48,20.48,20.48,20.48,,,20.50,20.50,20.50,20.50,20.50,20.50,20.50,20.50,20.50,20.50,20.50,20.50,20.50,20.50,20.50,20.50,20.50,20.50,20.50,20.50,20.50,20.50,20.50,20.50,20.50,20.50,20.50,20.50,20.50,20.50,20.50,20.50,20.50,20.50,20.50,20.50,20.49,20.49,20.49,20.49,20.49,20.49,20.49,20.49,20.49,20.49,20.49,20.49,20.48,20.48,20.48,20.48,20.48,20.48,20.48,20.48,20.48,20.48,20.48,20.48,20.48,20.48,20.48,20.48,20.48,20.48,20.48,20.48,20.48,20.48,20.48,20.48,20.48,20.48,20.48,20.48,20.48,20.48,20.48,20.48,20.48,20.48,20.48,20.48,20.49,20.49,20.49,20.49,20.49,20.49,20.49,20.49,20.49,20.49,20.49,20.49,20.49,20.49,20.49,20.49,20.49,20.49,20.49,20.49,20.49,20.49,20.49,20.49,20.49,20.49,20.49,20.49,20.49,20.49,20.49,20.49,20.49,20.49,20.49,20.49,20.49,20.49,20.49,20.49,20.49,20.49
2006-12-01,20.58,20.58,20.58,20.58,20.58,20.58,20.58,20.58,20.58,20.58,20.58,20.58,20.58,20.58,20.58,20.58,20.58,20.58,20.58,20.58,20.58,20.58,20.58,20.59,20.59,20.59,20.59,20.59,20.59,20.59,20.59,20.59,20.59,20.59,20.59,20.57,20.57,20.57,20.57,20.57,20.57,20.57,20.57,20.57,20.57,20.57,20.57,20.57,20.57,20.57,20.57,20.57,20.57,20.57,20.57,20.57,20.57,,,20.58,20.58,20.58,20.58,20.58,20.58,20.58,20.58,20.58,20.58,20.58,20.58,20.58,20.58,20.58,20.58,20.58,20.58,20.58,20.58,20.58,20.58,20.58,20.58,20.58,20.58,20.58,20.58,20.58,20.58,20.58,20.58,20.58,20.58,20.58,20.58,20.57,20.57,20.57,20.57,20.57,20.57,20.57,20.57,20.57,20.57,20.57,20.57,20.57,20.57,20.57,20.57,20.57,20.57,20.57,20.57,20.57,20.57,20.57,20.57,20.57,20.57,20.57,20.57,20.57,20.57,20.57,20.57,20.57,20.57,20.57,20.57,20.57,20.57,20.57,20.57,20.57,20.57,20.57,20.57,20.57,20.57,20.57,20.57,20.57,20.57,20.57,20.57,20.57,20.57,20.57,20.57,20.57,20.57,20.57,20.57,20.57,20.57,20.57,20.57,20.57,20.57,20.57,20.57,20.57,20.57,20.57,20.57,20.58,20.58,20.58,20.58,20.58,20.58,20.58,20.58,20.58,20.58,20.58,20.58,20.58,20.58,20.58,20.58,20.58,20.58
2007-01-01,20.60,20.60,20.60,20.60,20.60,20.60,20.60,20.60,20.60,20.60,20.60,20.60,20.60,20.60,20.60,20.60,20.60,20.60,20.60,20.60,20.60,20.60,20.60,20.62,20.62,20.62,20.62,20.62,20.62,20.62,20.62,20.62,20.62,20.62,20.62,20.60,20.60,20.60,20.60,20.60,20.60,20.60,20.60,20.60,20.60,20.60,20.60,20.60,20.60,20.60,20.60,20.60,20.60,20.60,20.60,20.60,20.60,,,20.60,20.60,20.60,20.60,20.60,20.60,20.60,20.60,20.60,20.60,20.60,20.60,20.60,20.60,20.60,20.60,20.60,20.60,20.60,20.60,20.60,20.60,20.60,20.60,20.60,20.60,20.60,20.60,20.60,20.60,20.60,20.60,20.60,20.60,20.60,20.60,20.60,20.60,20.60,20.60,20.60,20.60,20.60,20.60,20.60,20.60,20.60,20.60,20.59,20.59,20.59,20.59,20.59,20.59,20.59,20.59,20.59,20.59,20.59,20.59,20.60,20.60,20.60,20.60,20.60,20.60,20.60,20.60,20.60,20.60,20.60,20.60,20.60,20.60,20.60,20.60,20.60,20.60,20.60,20.60,20.60,20.60,20.60,20.60,20.59,20.59,20.59,20.59,20.59,20.59,20.59,20.59,20.59,20.59,20.59,20.59,20.59,20.59,20.59,20.59,20.59,20.59,20.59,20.59,20.59,20.59,20.59,20.59,20.59,20.59,20.59,20.59,20.59,20.59,20.59,20.59,20.59,20.59,20.59,20.59,20.59,20.59,20.59,20.59,20.59,20.59
2007-02-01,20.67,20.67,20.67,20.67,20.67,20.67,20.67,20.67,20.67,20.67,20.67,20.71,20.71,20.71,20.71,20.71,20.71,20.71,20.71,20.71,20.71,20.71,20.71,20.70,20.70,20.70,20.70,20.70,20.70,20.70,20.70,20.70,20.70,20.70,20.70,20.68,20.68,20.68,20.68,20.68,20.68,20.68,20.68,20.68,20.68,20.68,20.68,20.68,20.68,20.68,20.68,20.68,20.68,20.68,20.68,20.68,20.68,,,20.68,20.68,20.68,20.68,20.68,20.68,20.68,20.68,20.68,20.68,20.68,20.68,20.68,20.68,20.68,20.68,20.68,20.68,20.68,20.68,20.68,20.68,20.68,20.68,20.68,20.68,20.68,20.68,20.68,20.68,20.68,20.68,20.68,20.68,20.68,20.68,20.68,20.68,20.68,20.68,20.68,20.68,20.68,20.68,20.68,20.68,20.68,20.68,20.67,20.67,20.67,20.67,20.67,20.67,20.67,20.67,20.67,20.67,20.67,20.67,20.68,20.68,20.68,20.68,20.68,20.68,20.68,20.68,20.68,20.68,20.68,20.68,20.68,20.68,20.68,20.68,20.68,20.68,20.68,20.68,20.68,20.68,20.68,20.68,20.68,20.68,20.68,20.68,20.68,20.68,20.68,20.68,20.68,20.68,20.68,20.68,20.68,20.68,20.68,20.68,20.68,20.68,20.68,20.68,20.68,20.68,20.68,20.68,20.68,20.68,20.68,20.68,20.68,20.68,20.68,20.68,20.68,20.68,20.68,20.68,20.68,20.68,20.68,20.68,20.68,20.68
2007-03-01,20.78,20.78,20.78,20.78,20.78,20.78,20.78,20.78,20.78,20.78,20.78,20.79,20.79,20.79,20.79,20.79,20.79,20.79,20.79,20.79,20.79,20.79,20.79,20.79,20.79,20.79,20.79,20.79,20.79,20.79,20.79,20.79,20.79,20.79,20.79,20.77,20.77,20.77,20.77,20.77,20.77,20.77,20.77,20.77,20.77,20.77,20.77,20.77,20.77,20.77,20.77,20.77,20.77,20.77,20.77,20.77,20.77,,,20.73,20.73,20.73,20.73,20.73,20.73,20.73,20.73,20.73,20.73,20.73,20.73,20.73,20.73,20.73,20.73,20.73,20.73,20.73,20.73,20.73,20.73,20.73,20.73,20.73,20.73,20.73,20.73,20.73,20.73,20.73,20.73,20.73,20.73,20.73,20.73,20.73,20.73,20.73,20.73,20.73,20.73,20.73,20.73,20.73,20.73,20.73,20.73,20.72,20.72,20.72,20.72,20.72,20.72,20.72,20.72,20.72,20.72,20.72,20.72,20.72,20.72,20.72,20.72,20.72,20.72,20.72,20.72,20.72,20.72,20.72,20.72,20.72,20.72,20.72,20.72,20.72,20.72,20.72,20.72,20.72,20.72,20.72,20.72,20.73,20.73,20.73,20.73,20.73,20.73,20.73,20.73,20.73,20.73,20.73,20.73,20.73,20.73,20.73,20.73,20.73,20.73,20.73,20.73,20.73,20.73,20.73,20.73,20.73,20.73,20.73,20.73,20.73,20.73,20.73,20.73,20.73,20.73,20.73,20.72,20.72,20.72,20.72,20.72,20.72,20.72
2007-04-01,20.85,20.85,20.85,20.85,20.85,20.85,20.85,20.85,20.85,20.85,20.85,20.81,20.81,20.81,20.81,20.81,20.81,20.81,20.81,20.81,20.81,20.81,20.81,20.83,20.83,20.83,20.83,20.83,20.83,20.83,20.83,20.83,20.83,20.83,20.83,20.83,20.83,20.83,20.83,20.83,20.83,20.83,20.83,20.83,20.83,20.83,20.83,20.82,20.82,20.82,20.82,20.82,20.82,20.82,20.82,20.82,20.82,,,20.78,20.78,20.78,20.78,20.78,20.78,20.78,20.78,20.78,20.78,20.78,20.78,20.78,20.78,20.78,20.78,20.78,20.78,20.78,20.78,20.78,20.78,20.78,20.78,20.78,20.78,20.78,20.78,20.78,20.78,20.78,20.78,20.78,20.78,20.78,20.78,20.78,20.78,20.78,20.78,20.78,20.78,20.78,20.78,20.78,20.78,20.78,20.78,20.79,20.79,20.79,20.79,20.79,20.79,20.79,20.79,20.79,20.79,20.79,20.79,20.79,20.79,20.79,20.79,20.79,20.79,20.79,20.79,20.79,20.79,20.79,20.79,20.79,20.79,20.79,20.79,20.79,20.79,20.79,20.79,20.79,20.79,20.79,20.79,20.78,20.78,20.78,20.78,20.78,20.78,20.78,20.78,20.78,20.78,20.78,20.78,20.78,20.78,20.78,20.78,20.78,20.78,20.78,20.78,20.78,20.78,20.78,20.78,20.77,20.77,20.77,20.77,20.77,20.77,20.77,20.77,20.77,20.77,20.77,20.79,20.79,20.79,20.79,20.79,20.79,20.79
2007-05-01,20.89,20.89,20.89,20.89,20.89,20.89,20.89,20.89,20.89,20.89,20.89,20.90,20.90,20.90,20.90,20.90,20.90,20.90,20.90,20.90,20.90,20.90,20.90,20.90,20.90,20.90,20.90,20.90,20.90,20.90,20.90,20.90,20.90,20.90,20.90,20.88,20.88,20.88,20.88,20.88,20.88,20.88,20.88,20.88,20.88,20.88,20.88,20.88,20.88,20.88,20.88,20.88,20.88,20.88,20.88,20.88,20.88,,,20.84,20.84,20.84,20.84,20.84,20.84,20.84,20.84,20.84,20.84,20.84,20.84,20.84,20.84,20.84,20.84,20.84,20.84,20.84,20.84,20.84,20.84,20.84,20.84,20.84,20.84,20.84,20.84,20.84,20.84,20.84,20.84,20.84,20.84,20.84,20.84,20.84,20.84,20.84,20.84,20.84,20.84,20.84,20.84,20.84,20.84,20.84,20.84,20.84,20.84,20.84,20.84,20.84,20.84,20.84,20.84,20.84,20.84,20.84,20.84,20.84,20.84,20.84,20.84,20.84,20.84,20.84,20.84,20.84,20.84,20.84,20.84,20.84,20.84,20.84,20.84,20.84,20.84,20.84,20.84,20.84,20.84,20.84,20.84,20.84,20.84,20.84,20.84,20.84,20.84,20.84,20.84,20.84,20.84,20.84,20.84,20.84,20.84,20.84,20.84,20.84,20.84,20.84,20.84,20.84,20.84,20.84,20.84,20.84,20.84,20.84,20.84,20.84,20.84,20.84,20.84,20.84,20.84,20.84,20.84,20.84,20.84,20.84,20.84,20.84,20.84
2007-06-01,21.00,21.00,21.00,21.00,21.00,21.00,21.00,21.00,21.00,21.00,21.00,21.00,21.00,21.00,21.00,21.00,21.00,21.00,21.00,21.00,21.00,21.00,21.00,21.00,21.00,21.00,21.00,21.00,21.00,21.00,21.00,21.00,21.00,21.00,21.00,21.00,21.00,21.00,21.00,21.00,21.00,21.00,21.00,21.00,21.00,21.00,21.00,21.00,21.00,21.00,21.00,21.00,21.00,21.00,21.00,21.00,21.00,,,20.96,20.96,20.96,20.96,20.96,20.96,20.96,20.96,20.96,20.96,20.96,20.96,20.96,20.96,20.96,20.96,20.96,20.96,20.96,20.96,20.96,20.96,20.96,20.96,20.96,20.96,20.96,20.96,20.96,20.96,20.96,20.96,20.96,20.96,20.96,20.96,20.95,20.95,20.95,20.95,20.95,20.95,20.95,20.95,20.95,20.95,20.95,20.95,20.95,20.95,20.95,20.95,20.95,20.95,20.95,20.95,20.95,20.95,20.95,20.95,20.95,20.95,20.95,20.95,20.95,20.95,20.95,20.95,20.95,20.95,20.95,20.95,20.95,20.95,20.95,20.95,20.95,20.95,20.95,20.95,20.95,20.95,20.95,20.95,20.95,20.95,20.95,20.95,20.95,20.95,20.95,20.95,20.95,20.95,20.95,20.95,20.95,20.95,20.95,20.95,20.95,20.95,20.95,20.95,20.95,20.95,20.95,20.95,20.95,20.95,20.95,20.95,20.95,20.95,20.95,20.95,20.95,20.95,20.95,20.95,20.95,20.95,20.95,20.95,20.95,20.95
2007-07-01,21.04,21.04,21.04,21.04,21.04,21.04,21.04,21.04,21.04,21.04,21.04,21.02,21.02,21.02,21.02,21.02,21.02,21.02,21.02,21.02,21.02,21.02,21.02,21.02,21.02,21.02,21.02,21.02,21.02,21.02,21.02,21.02,21.02,21.02,21.02,21.00,21.00,21.00,21.00,21.00,21.00,21.00,21.00,21.00,21.00,21.00,21.00,21.00,21.00,21.00,21.00,21.00,21.00,21.00,21.00,21.00,21.00,,,20.96,20.96,20.96,20.96,20.96,20.96,20.96,20.96,20.96,20.96,20.96,20.96,20.96,20.96,20.96,20.96,20.96,20.96,20.96,20.96,20.96,20.96,20.96,20.96,20.96,20.96,20.96,20.96,20.96,20.96,20.96,20.96,20.96,20.96,20.96,20.96,20.96,20.96,20.96,20.96,20.96,20.96,20.96,20.96,20.96,20.96,20.96,20.96,20.96,20.96,20.96,20.96,20.96,20.96,20.96,20.96,20.96,20.96,20.96,20.96,20.96,20.96,20.96,20.96,20.96,20.96,20.96,20.96,20.96,20.96,20.96,20.96,20.95,20.95,20.95,20.95,20.95,20.95,20.95,20.95,20.95,20.95,20.95,20.95,20.95,20.95,20.95,20.95,20.95,20.95,20.95,20.95,20.95,20.95,20.95,20.95,20.95,20.95,20.95,20.95,20.95,20.95,20.95,20.95,20.95,20.95,20.95,20.95,20.94,20.94,20.94,20.94,20.94,20.94,20.94,20.94,20.94,20.94,20.94,20.94,20.94,20.94,20.94,20.94,20.94,20.94
2007-08-01,21.03,21.03,21.03,21.03,21.03,21.03,21.03,21.03,21.03,21.03,21.03,21.05,21.05,21.05,21.05,21.05,21.05,21.05,21.05,21.05,21.05,21.05,21.05,21.06,21.06,21.06,21.06,21.06,21.06,21.06,21.06,21.06,21.06,21.06,21.06,21.04,21.04,21.04,21.04,21.04,21.04,21.04,21.04,21.04,21.04,21.04,21.04,21.03,21.03,21.03,21.03,21.03,21.03,21.03,21.03,21.03,21.03,,,21.00,21.00,21.00,21.00,21.00,21.00,21.00,21.00,21.00,21.00,21.00,21.00,21.00,21.00,21.00,21.00,21.00,21.00,21.00,21.00,21.00,21.00,21.00,21.00,21.00,21.00,21.00,21.00,21.00,21.00,21.00,21.00,21.00,21.00,21.00,21.00,21.00,21.00,21.00,21.00,21.00,21.00,21.00,21.00,21.00,21.00,21.00,21.00,21.00,21.00,21.00,21.00,21.00,21.00,21.00,21.00,21.00,21.00,21.00,21.00,21.00,21.00,21.00,21.00,21.00,21.00,21.00,21.00,21.00,21.00,21.00,21.00,21.00,21.00,21.00,21.00,21.00,21.00,21.00,21.00,21.00,21.00,21.00,21.00,21.00,21.00,21.00,21.00,21.00,21.00,21.00,21.00,21.00,21.00,21.00,21.00,21.00,21.00,21.00,21.00,21.00,21.00,21.00,21.00,21.00,21.00,21.00,21.00,21.00,21.00,21.00,21.00,21.00,21.00,21.00,21.00,21.00,21.00,21.00,21.00,21.00,21.00,21.00,21.00,21.00,21.00
2007-09-01,21.12,21.12,21.12,21.12,21.12,21.12,21.12,21.12,21.12,21.12,21.12,21.11,21.11,21.11,21.11,21.11,21.11,21.11,21.11,21.11,21.11,21.11,21.11,21.09,21.09,21.09,21.09,21.09,21.09,21.09,21.09,21.09,21.09,21.09,21.09,21.07,21.07,21.07,21.07,21.07,21.07,21.07,21.07,21.07,21.07,21.07,21.07,21.08,21.08,21.08,21.08,21.08,21.08,21.08,21.08,21.08,21.08,,,21.04,21.04,21.04,21.04,21.04,21.04,21.04,21.04,21.04,21.04,21.04,21.04,21.04,21.04,21.04,21.04,21.04,21.04,21.04,21.04,21.04,21.04,21.04,21.04,21.04,21.04,21.04,21.04,21.04,21.04,21.04,21.04,21.04,21.04,21.04,21.04,21.05,21.05,21.05,21.05,21.05,21.05,21.05,21.05,21.05,21.05,21.05,21.05,21.04,21.04,21.04,21.04,21.04,21.04,21.04,21.04,21.04,21.04,21.04,21.04,21.04,21.04,21.04,21.04,21.04,21.04,21.04,21.04,21.04,21.04,21.04,21.04,21.04,21.04,21.04,21.04,21.04,21.04,21.04,21.04,21.04,21.04,21.04,21.04,21.04,21.04,21.04,21.04,21.04,21.04,21.04,21.04,21.04,21.04,21.04,21.04,21.04,21.04,21.04,21.04,21.04,21.04,21.04,21.04,21.04,21.04,21.04,21.04,21.04,21.04,21.04,21.04,21.04,21.04,21.04,21.04,21.04,21.04,21.04,21.04,21.04,21.04,21.04,21.04,21.04,21.04
2007-10-01,21.11,21.11,21.11,21.11,21.11,21.11,21.11,21.11,21.11,21.11,21.11,21.11,21.11,21.11,21.11,21.11,21.11,21.11,21.11,21.11,21.11,21.11,21.11,21.12,21.12,21.12,21.12,21.12,21.12,21.12,21.12,21.12,21.12,21.12,21.12,21.11,21.11,21.11,21.11,21.11,21.11,21.11,21.11,21.11,21.11,21.11,21.11,21.11,21.11,21.11,21.11,21.11,21.11,21.11,21.11,21.11,21.11,,,21.06,21.06,21.06,21.06,21.06,21.06,21.06,21.06,21.06,21.06,21.06,21.06,21.06,21.06,21.06,21.06,21.06,21.06,21.06,21.06,21.06,21.06,21.06,21.06,21.06,21.06,21.06,21.06,21.06,21.06,21.06,21.06,21.06,21.06,21.06,21.06,21.07,21.07,21.07,21.07,21.07,21.07,21.07,21.07,21.07,21.07,21.07,21.07,21.06,21.06,21.06,21.06,21.06,21.06,21.06,21.06,21.06,21.06,21.06,21.06,21.06,21.06,21.06,21.06,21.06,21.06,21.06,21.06,21.06,21.06,21.06,21.06,21.06,21.06,21.06,21.06,21.06,21.06,21.06,21.06,21.06,21.06,21.06,21.06,21.06,21.06,21.06,21.06,21.06,21.06,21.06,21.06,21.06,21.06,21.06,21.06,21.06,21.06,21.06,21.06,21.06,21.06,21.06,21.06,21.06,21.06,21.06,21.06,21.07,21.07,21.07,21.07,21.07,21.07,21.07,21.07,21.07,21.07,21.07,21.06,21.06,21.06,21.06,21.06,21.06,21.06
2007-11-01,21.17,21.17,21.17,21.17,21.17,21.17,21.17,21.17,21.17,21.17,21.17,21.19,21.19,21.19,21.19,21.19,21.19,21.19,21.19,21.19,21.19,21.19,21.19,21.18,21.18,21.18,21.18,21.18,21.18,21.18,21.18,21.18,21.18,21.18,21.18,21.16,21.16,21.16,21.16,21.16,21.16,21.16,21.16,21.16,21.16,21.16,21.16,21.15,21.15,21.15,21.15,21.15,21.15,21.15,21.15,21.15,21.15,,,21.13,21.13,21.13,21.13,21.13,21.13,21.13,21.13,21.13,21.13,21.13,21.13,21.13,21.13,21.13,21.13,21.13,21.13,21.13,21.13,21.13,21.13,21.13,21.13,21.13,21.13,21.13,21.13,21.13,21.13,21.13,21.13,21.13,21.13,21.13,21.13,21.12,21.12,21.12,21.12,21.12,21.12,21.12,21.12,21.12,21.12,21.12,21.12,21.12,21.12,21.12,21.12,21.12,21.12,21.12,21.12,21.12,21.12,21.12,21.12,21.12,21.12,21.12,21.12,21.12,21.12,21.12,21.12,21.12,21.12,21.12,21.12,21.12,21.12,21.12,21.12,21.12,21.12,21.12,21.12,21.12,21.12,21.12,21.12,21.12,21.12,21.12,21.12,21.12,21.12,21.12,21.12,21.12,21.12,21.12,21.12,21.12,21.12,21.12,21.12,21.12,21.12,21.12,21.12,21.12,21.12,21.12,21.12,21.12,21.12,21.12,21.12,21.12,21.12,21.12,21.12,21.12,21.12,21.12,21.12,21.12,21.12,21.12,21.12,21.12,21.12
2007-12-01,21.27,21.27,21.27,21.27,21.27,21.27,21.27,21.27,21.27,21.27,21.27,21.25,21.25,21.25,21.25,21.25,21.25,21.25,21.25,21.25,21.25,21.25,21.25,21.25,21.25,21.25,21.25,21.25,21.25,21.25,21.25,21.25,21.25,21.25,21.25,21.21,21.21,21.21,21.21,21.21,21.21,21.21,21.21,21.21,21.21,21.21,21.21,21.22,21.22,21.22,21.22,21.22,21.22,21.22,21.22,21.22,21.22,,,21.18,21.18,21.18,21.18,21.18,21.18,21.18,21.18,21.18,21.18,21.18,21.18,21.18,21.18,21.18,21.18,21.18,21.18,21.18,21.18,21.18,21.18,21.18,21.18,21.18,21.18,21.18,21.18,21.18,21.18,21.18,21.18,21.18,21.18,21.18,21.18,21.18,21.18,21.18,21.18,21.18,21.18,21.18,21.18,21.18,21.18,21.18,21.18,21.18,21.18,21.18,21.18,21.18,21.18,21.18,21.18,21.18,21.18,21.18,21.18,21.18,21.18,21.18,21.18,21.18,21.18,21.18,21.18,21.18,21.18,21.18,21.18,21.18,21.18,21.18,21.18,21.18,21.18,21.18,21.18,21.18,21.18,21.18,21.18,21.17,21.17,21.17,21.17,21.17,21.17,21.17,21.17,21.17,21.17,21.17,21.17,21.17,21.17,21.17,21.17,21.17,21.17,21.17,21.17,21.17,21.17,21.17,21.17,21.16,21.16,21.16,21.16,21.16,21.16,21.16,21.16,21.16,21.16,21.16,21.16,21.16,21.16,21.16,21.16,21.16,21.16
2008-01-01,21.25,21.25,21.25,21.25,21.25,21.25,21.25,21.25,21.25,21.25,21.25,21.25,21.25,21.25,21.25,21.25,21.25,21.25,21.25,21.25,21.25,21.25,21.25,21.27,21.27,21.27,21.27,21.27,21.27,21.27,21.27,21.27,21.27,21.27,21.27,21.24,21.24,21.24,21.24,21.24,21.24,21.24,21.24,21.24,21.24,21.24,21.24,21.24,21.24,21.24,21.24,21.24,21.24,21.24,21.24,21.24,21.24,,,21.20,21.20,21.20,21.20,21.20,21.20,21.20,21.20,21.20,21.20,21.20,21.20,21.20,21.20,21.20,21.20,21.20,21.20,21.20,21.20,21.20,21.20,21.20,21.20,21.20,21.20,21.20,21.20,21.20,21.20,21.20,21.20,21.20,21.20,21.20,21.20,21.20,21.20,21.20,21.20,21.20,21.20,21.20,21.20,21.20,21.20,21.20,21.20,21.19,21.19,21.19,21.19,21.19,21.19,21.19,21.19,21.19,21.19,21.19,21.19,21.19,21.19,21.19,21.19,21.19,21.19,21.19,21.19,21.19,21.19,21.19,21.19,21.19,21.19,21.19,21.19,21.19,21.19,21.19,21.19,21.19,21.19,21.19,21.19,21.20,21.20,21.20,21.20,21.20,21.20,21.20,21.20,21.20,21.20,21.20,21.20,21.20,21.20,21.20,21.20,21.20,21.20,21.20,21.20,21.20,21.20,21.20,21.20,21.19,21.19,21.19,21.19,21.19,21.19,21.19,21.19,21.19,21.19,21.19,21.19,21.19,21.19,21.19,21.19,21.19,21.19
2008-02-01,21.30,21.30,21.30,21.30,21.30,21.30,21.30,21.30,21.30,21.30,21.30,21.35,21.35,21.35,21.35,21.35,21.35,21.35,21.35,21.35,21.35,21.35,21.35,21.34,21.34,21.34,21.34,21.34,21.34,21.34,21.34,21.34,21.34,21.34,21.34,21.31,21.31,21.31,21.31,21.31,21.31,21.31,21.31,21.31,21.31,21.31,21.31,21.32,21.32,21.32,21.32,21.32,21.32,21.32,21.32,21.32,21.32,,,21.27,21.27,21.27,21.27,21.27,21.27,21.27,21.27,21.27,21.27,21.27,21.27,21.27,21.27,21.27,21.27,21.27,21.27,21.27,21.27,21.27,21.27,21.27,21.27,21.27,21.27,21.27,21.27,21.27,21.27,21.27,21.27,21.27,21.27,21.27,21.27,21.26,21.26,21.26,21.26,21.26,21.26,21.26,21.26,21.26,21.26,21.26,21.26,21.26,21.26,21.26,21.26,21.26,21.26,21.26,21.26,21.26,21.26,21.26,21.26,21.26,21.26,21.26,21.26,21.26,21.26,21.26,21.26,21.26,21.26,21.26,21.26,21.26,21.26,21.26,21.26,21.26,21.26,21.26,21.26,21.26,21.26,21.26,21.26,21.26,21.26,21.26,21.26,21.26,21.26,21.26,21.26,21.26,21.26,21.26,21.26,21.26,21.26,21.26,21.26,21.26,21.26,21.26,21.26,21.26,21.26,21.26,21.26,21.27,21.27,21.27,21.27,21.27,21.27,21.27,21.27,21.27,21.27,21.27,21.27,21.27,21.27,21.27,21.27,21.27,21.27
2008-03-01,21.42,21.42,21.42,21.42,21.42,21.42,21.42,21.42,21.42,21.42,21.42,21.43,21.43,21.43,21.43,21.43,21.42,21.42,21.42,21.42,21.42,21.42,21.42,21.44,21.44,21.44,21.44,21.44,21.44,21.44,21.44,21.44,21.44,21.44,21.44,21.40,21.40,21.40,21.40,21.40,21.40,21.40,21.40,21.40,21.40,21.40,21.40,21.41,21.41,21.41,21.41,21.41,21.41,21.41,21.41,21.41,21.41,,,21.36,21.36,21.36,21.36,21.36,21.36,21.36,21.36,21.36,21.36,21.36,21.36,21.36,21.36,21.36,21.36,21.36,21.36,21.36,21.36,21.36,21.36,21.36,21.36,21.36,21.36,21.36,21.36,21.36,21.36,21.36,21.36,21.36,21.36,21.36,21.36,21.36,21.36,21.36,21.36,21.36,21.36,21.36,21.36,21.36,21.36,21.36,21.36,21.36,21.36,21.36,21.36,21.36,21.36,21.36,21.36,21.36,21.36,21.36,21.36,21.36,21.36,21.36,21.36,21.36,21.36,21.36,21.36,21.36,21.36,21.36,21.36,21.36,21.36,21.36,21.36,21.36,21.36,21.36,21.36,21.36,21.36,21.36,21.36,21.36,21.36,21.36,21.36,21.36,21.36,21.36,21.36,21.36,21.36,21.36,21.36,21.36,21.36,21.36,21.36,21.36,21.36,21.36,21.36,21.36,21.36,21.36,21.36,21.35,21.35,21.35,21.35,21.35,21.35,21.35,21.35,21.35,21.35,21.35,21.36,21.36,21.36,21.36,21.36,21.36,21.36
2008-04-01,21.44,21.44,21.44,21.44,21.44,21.44,21.44,21.44,21.44,21.44,21.44,21.43,21.43,21.43,21.43,21.43,21.43,21.43,21.43,21.43,21.43,21.43,21.43,21.44,21.44,21.44,21.44,21.44,21.44,21.44,21.44,21.44,21.44,21.44,21.44,21.42,21.42,21.42,21.42,21.42,21.42,21.42,21.42,21.42,21.42,21.42,21.42,21.42,21.42,21.42,21.42,21.42,21.42,21.42,21.42,21.42,21.42,,,21.38,21.38,21.38,21.38,21.38,21.38,21.38,21.38,21.38,21.38,21.38,21.38,21.38,21.38,21.38,21.38,21.38,21.38,21.38,21.38,21.38,21.38,21.38,21.38,21.38,21.38,21.38,21.38,21.38,21.38,21.38,21.38,21.38,21.38,21.38,21.38,21.37,21.37,21.37,21.37,21.37,21.37,21.37,21.37,21.37,21.37,21.37,21.37,21.37,21.37,21.37,21.37,21.37,21.37,21.37,21.37,21.37,21.37,21.37,21.37,21.38,21.38,21.38,21.38,21.38,21.38,21.38,21.38,21.38,21.38,21.38,21.38,21.38,21.38,21.38,21.38,21.38,21.38,21.38,21.38,21.38,21.38,21.38,21.38,21.38,21.38,21.38,21.38,21.38,21.38,21.38,21.38,21.38,21.38,21.38,21.38,21.38,21.38,21.38,21.38,21.38,21.38,21.38,21.38,21.38,21.38,21.38,21.38,21.38,21.38,21.38,21.38,21.38,21.38,21.38,21.38,21.38,21.38,21.38,21.38,21.38,21.38,21.38,21.38,21.38,21.38
2008-05-01,21.52,21.52,21.52,21.52,21.52,21.52,21.52,21.52,21.52,21.52,21.52,21.51,21.51,21.51,21.51,21.51,21.51,21.51,21.51,21.51,21.51,21.51,21.51,21.53,21.53,21.53,21.53,21.53,21.53,21.53,21.53,21.53,21.53,21.53,21.53,21.51,21.51,21.51,21.51,21.51,21.51,21.51,21.51,21.51,21.51,21.51,21.51,21.51,21.51,21.51,21.51,21.51,21.51,21.51,21.51,21.51,21.51,,,21.48,21.48,21.48,21.48,21.48,21.48,21.48,21.48,21.48,21.48,21.48,21.48,21.48,21.48,21.48,21.48,21.48,21.48,21.48,21.48,21.48,21.48,21.48,21.48,21.48,21.48,21.48,21.48,21.48,21.48,21.48,21.48,21.48,21.48,21.48,21.48,21.48,21.48,21.48,21.48,21.48,21.48,21.48,21.48,21.48,21.48,21.48,21.48,21.47,21.47,21.47,21.47,21.47,21.47,21.47,21.47,21.47,21.47,21.47,21.47,21.47,21.47,21.47,21.47,21.47,21.47,21.47,21.47,21.47,21.47,21.47,21.47,21.47,21.47,21.47,21.47,21.47,21.47,21.47,21.47,21.47,21.47,21.47,21.47,21.47,21.47,21.47,21.47,21.47,21.47,21.47,21.47,21.47,21.47,21.47,21.47,21.47,21.47,21.47,21.47,21.47,21.47,21.47,21.47,21.47,21.47,21.47,21.47,21.47,21.47,21.47,21.47,21.47,21.47,21.47,21.47,21.47,21.47,21.47,21.47,21.47,21.47,21.47,21.47,21.47,21.47
2008-06-01,21.62,21.62,21.62,21.62,21.62,21.62,21.62,21.62,21.62,21.62,21.62,21.60,21.60,21.60,21.60,21.60,21.60,21.60,21.60,21.60,21.60,21.60,21.60,21.61,21.61,21.61,21.61,21.61,21.61,21.61,21.61,21.61,21.61,21.61,21.61,21.56,21.56,21.56,21.56,21.56,21.56,21.56,21.56,21.56,21.56,21.56,21.56,21.56,21.56,21.56,21.56,21.56,21.56,21.56,21.56,21.56,21.56,,,21.52,21.52,21.52,21.52,21.52,21.52,21.52,21.52,21.52,21.52,21.52,21.52,21.52,21.52,21.52,21.52,21.52,21.52,21.52,21.52,21.52,21.52,21.52,21.52,21.52,21.52,21.52,21.52,21.52,21.52,21.52,21.52,21.52,21.52,21.52,21.52,21.53,21.53,21.53,21.53,21.53,21.53,21.53,21.53,21.53,21.53,21.53,21.53,21.52,21.52,21.52,21.52,21.52,21.52,21.52,21.52,21.52,21.52,21.52,21.52,21.52,21.52,21.52,21.52,21.52,21.52,21.52,21.52,21.52,21.52,21.52,21.52,21.52,21.52,21.52,21.52,21.52,21.52,21.52,21.52,21.52,21.52,21.52,21.52,21.51,21.51,21.51,21.51,21.51,21.51,21.51,21.51,21.51,21.51,21.51,21.51,21.51,21.51,21.51,21.51,21.51,21.51,21.51,21.51,21.51,21.51,21.51,21.51,21.52,21.52,21.52,21.52,21.52,21.52,21.52,21.52,21.52,21.52,21.52,21.52,21.52,21.52,21.52,21.52,21.52,21.52
2008-07-01,21.66,21.66,21.66,21.66,21.66,21.66,21.66,21.66,21.66,21.66,21.66,21.64,21.64,21.64,21.64,21.64,21.64,21.64,21.64,21.64,21.64,21.64,21.64,21.65,21.65,21.65,21.65,21.65,21.65,21.65,21.65,21.65,21.65,21.65,21.65,21.63,21.63,21.63,21.63,21.63,21.63,21.63,21.63,21.63,21.63,21.63,21.63,21.63,21.63,21.63,21.63,21.63,21.63,21.63,21.63,21.63,21.63,,,21.60,21.60,21.60,21.60,21.60,21.60,21.60,21.60,21.60,21.60,21.60,21.60,21.60,21.60,21.60,21.60,21.60,21.60,21.60,21.60,21.60,21.60,21.60,21.60,21.60,21.60,21.60,21.60,21.60,21.60,21.60,21.60,21.60,21.60,21.60,21.60,21.60,21.60,21.60,21.60,21.60,21.60,21.60,21.60,21.60,21.60,21.60,21.60,21.59,21.59,21.59,21.59,21.59,21.59,21.59,21.59,21.59,21.59,21.59,21.59,21.59,21.59,21.59,21.59,21.59,21.59,21.59,21.59,21.59,21.59,21.59,21.59,21.59,21.59,21.59,21.59,21.59,21.59,21.59,21.59,21.59,21.59,21.59,21.59,21.60,21.60,21.60,21.60,21.60,21.60,21.60,21.60,21.60,21.60,21.60,21.60,21.60,21.60,21.60,21.60,21.60,21.60,21.60,21.60,21.60,21.60,21.60,21.60,21.61,21.61,21.61,21.61,21.61,21.61,21.61,21.61,21.61,21.61,21.61,21.60,21.60,21.60,21.60,21.60,21.60,21.60
2008-08-01,21.73,21.73,21.73,21.73,21.73,21.73,21.73,21.73,21.73,21.73,21.73,21.75,21.75,21.75,21.75,21.75,21.75,21.75,21.75,21.75,21.75,21.75,21.75,21.76,21.76,21.76,21.76,21.76,21.76,21.76,21.76,21.76,21.76,21.76,21.76,21.73,21.73,21.73,21.73,21.73,21.73,21.73,21.73,21.73,21.73,21.73,21.73,21.73,21.73,21.73,21.73,21.73,21.73,21.73,21.73,21.73,21.73,,,21.70,21.70,21.70,21.70,21.70,21.70,21.70,21.70,21.70,21.70,21.70,21.70,21.70,21.70,21.70,21.70,21.70,21.70,21.70,21.70,21.70,21.70,21.70,21.70,21.70,21.70,21.70,21.70,21.70,21.70,21.70,21.70,21.70,21.70,21.70,21.70,21.70,21.70,21.70,21.70,21.70,21.70,21.70,21.70,21.70,21.70,21.70,21.70,21.70,21.70,21.70,21.70,21.70,21.70,21.70,21.70,21.70,21.70,21.70,21.70,21.70,21.70,21.70,21.70,21.70,21.70,21.70,21.70,21.70,21.70,21.70,21.70,21.70,21.70,21.70,21.70,21.70,21.70,21.70,21.70,21.70,21.70,21.70,21.70,21.70,21.70,21.70,21.70,21.70,21.70,21.70,21.70,21.70,21.70,21.70,21.70,21.70,21.70,21.70,21.70,21.70,21.70,21.70,21.70,21.70,21.70,21.70,21.70,21.70,21.70,21.70,21.70,21.70,21.70,21.70,21.70,21.70,21.70,21.70,21.70,21.70,21.70,21.70,21.70,21.70,21.70
2008-09-01,21.80,21.80,21.80,21.80,21.80,21.80,21.80,21.80,21.80,21.80,21.80,21.78,21.78,21.78,21.78,21.78,21.78,21.78,21.78,21.78,21.78,21.78,21.78,21.78,21.78,21.78,21.78,21.78,21.78,21.78,21.78,21.78,21.78,21.78,21.78,21.76,21.76,21.76,21.76,21.76,21.76,21.76,21.76,21.76,21.76,21.76,21.76,21.76,21.76,21.76,21.76,21.76,21.76,21.76,21.76,21.76,21.76,,,21.73,21.73,21.73,21.73,21.73,21.73,21.73,21.73,21.73,21.73,21.73,21.73,21.73,21.73,21.73,21.73,21.73,21.73,21.73,21.73,21.73,21.73,21.73,21.73,21.73,21.73,21.73,21.73,21.73,21.73,21.73,21.73,21.73,21.73,21.73,21.73,21.73,21.73,21.73,21.73,21.73,21.73,21.73,21.73,21.73,21.73,21.73,21.73,21.72,21.72,21.72,21.72,21.72,21.72,21.72,21.72,21.72,21.72,21.72,21.72,21.72,21.72,21.72,21.72,21.72,21.72,21.72,21.72,21.72,21.72,21.72,21.72,21.72,21.72,21.72,21.72,21.72,21.72,21.72,21.72,21.72,21.72,21.72,21.72,21.72,21.72,21.72,21.72,21.72,21.72,21.72,21.72,21.72,21.72,21.72,21.72,21.72,21.72,21.72,21.72,21.72,21.72,21.72,21.72,21.72,21.72,21.72,21.72,21.73,21.73,21.73,21.73,21.73,21.73,21.73,21.73,21.73,21.73,21.73,21.73,21.73,21.73,21.73,21.73,21.73,21.73
2008-10-01,21.82,21.82,21.82,21.82,21.82,21.82,21.82,21.82,21.82,21.82,21.82,21.83,21.83,21.83,21.83,21.83,21.83,21.83,21.83,21.83,21.83,21.83,21.83,21.83,21.83,21.83,21.83,21.83,21.83,21.83,21.83,21.83,21.83,21.83,21.83,21.81,21.81,21.81,21.81,21.81,21.81,21.81,21.81,21.81,21.81,21.81,21.81,21.81,21.81,21.81,21.81,21.81,21.81,21.81,21.81,21.81,21.81,,,21.76,21.76,21.76,21.76,21.76,21.76,21.76,21.76,21.76,21.76,21.76,21.76,21.76,21.76,21.76,21.76,21.76,21.76,21.76,21.76,21.76,21.76,21.76,21.76,21.76,21.76,21.76,21.76,21.76,21.76,21.76,21.76,21.76,21.76,21.76,21.76,21.76,21.76,21.76,21.76,21.76,21.76,21.76,21.76,21.76,21.76,21.76,21.76,21.76,21.76,21.76,21.76,21.76,21.76,21.76,21.76,21.76,21.76,21.76,21.76,21.76,21.76,21.76,21.76,21.76,21.76,21.76,21.76,21.76,21.76,21.76,21.76,21.76,21.76,21.76,21.76,21.76,21.76,21.76,21.76,21.76,21.76,21.76,21.76,21.76,21.76,21.76,21.76,21.76,21.76,21.76,21.76,21.76,21.76,21.76,21.76,21.76,21.76,21.76,21.76,21.76,21.76,21.76,21.76,21.76,21.76,21.76,21.76,21.76,21.76,21.76,21.76,21.76,21.76,21.76,21.76,21.76,21.76,21.76,21.76,21.76,21.76,21.76,21.76,21.76,21.76
2008-11-01,21.92,21.92,21.92,21.92,21.92,21.92,21.92,21.92,21.92,21.92,21.92,21.93,21.93,21.93,21.93,21.93,21.93,21.93,21.93,21.93,21.93,21.93,21.93,21.94,21.94,21.94,21.94,21.94,21.94,21.94,21.94,21.94,21.94,21.94,21.94,21.92,21.92,21.92,21.92,21.92,21.92,21.92,21.92,21.92,21.92,21.92,21.92,21.92,21.92,21.92,21.92,21.92,21.92,21.92,21.92,21.92,21.92,,,21.87,21.87,21.87,21.87,21.87,21.87,21.87,21.87,21.87,21.87,21.87,21.87,21.87,21.87,21.87,21.87,21.87,21.87,21.87,21.87,21.87,21.87,21.87,21.87,21.87,21.87,21.87,21.87,21.87,21.87,21.87,21.87,21.87,21.87,21.87,21.87,21.88,21.88,21.88,21.88,21.88,21.88,21.88,21.88,21.88,21.88,21.88,21.88,21.88,21.88,21.88,21.88,21.88,21.88,21.88,21.88,21.88,21.88,21.88,21.88,21.88,21.88,21.88,21.88,21.88,21.88,21.88,21.88,21.88,21.88,21.88,21.88,21.88,21.88,21.88,21.88,21.88,21.88,21.88,21.88,21.88,21.88,21.88,21.88,21.87,21.87,21.87,21.87,21.87,21.87,21.87,21.87,21.87,21.87,21.87,21.87,21.87,21.87,21.87,21.87,21.87,21.87,21.87,21.87,21.87,21.87,21.87,21.87,21.86,21.86,21.86,21.86,21.86,21.86,21.86,21.86,21.86,21.86,21.86,21.86,21.86,21.86,21.86,21.86,21.86,21.86
2008-12-01,21.99,21.99,21.99,21.99,21.99,21.99,21.99,21.99,21.99,21.99,21.99,22.00,22.00,22.00,22.00,22.00,22.00,22.00,22.00,22.00,22.00,22.00,22.00,22.01,22.01,22.01,22.01,22.01,22.01,22.01,22.01,22.01,22.01,22.01,22.01,21.98,21.98,21.98,21.98,21.98,21.98,21.98,21.98,21.98,21.98,21.98,21.98,21.98,21.98,21.98,21.98,21.98,21.98,21.98,21.98,21.98,21.98,,,21.94,21.94,21.94,21.94,21.94,21.94,21.94,21.94,21.94,21.94,21.94,21.94,21.94,21.94,21.94,21.94,21.94,21.94,21.94,21.94,21.94,21.94,21.94,21.94,21.94,21.94,21.94,21.94,21.94,21.94,21.94,21.94,21.94,21.94,21.94,21.94,21.94,21.94,21.94,21.94,21.94,21.94,21.94,21.94,21.94,21.94,21.94,21.94,21.94,21.94,21.94,21.94,21.94,21.94,21.94,21.94,21.94,21.94,21.94,21.94,21.94,21.94,21.94,21.94,21.94,21.94,21.94,21.94,21.94,21.94,21.94,21.94,21.94,21.94,21.94,21.94,21.94,21.94,21.94,21.94,21.94,21.94,21.94,21.94,21.94,21.94,21.94,21.94,21.94,21.94,21.94,21.94,21.94,21.94,21.94,21.94,21.94,21.94,21.94,21.94,21.94,21.94,21.94,21.94,21.94,21.94,21.94,21.94,21.94,21.94,21.94,21.94,21.94,21.94,21.94,21.94,21.94,21.94,21.94,21.95,21.95,21.95,21.95,21.95,21.95,21.95
2009-01-01,22.01,22.01,22.01,22.01,22.01,22.01,22.01,22.01,22.01,22.01,22.01,22.03,22.03,22.03,22.03,22.03,22.03,22.03,22.03,22.03,22.03,22.03,22.03,22.02,22.02,22.02,22.02,22.02,22.02,22.02,22.02,22.02,22.02,22.02,22.02,21.99,21.99,21.99,21.99,21.99,21.99,21.99,21.99,21.99,21.99,21.99,21.99,22.00,22.00,22.00,22.00,22.00,22.00,22.00,22.00,22.00,22.00,,,21.96,21.96,21.96,21.96,21.96,21.96,21.96,21.96,21.96,21.96,21.96,21.96,21.96,21.96,21.96,21.96,21.96,21.96,21.96,21.96,21.96,21.96,21.96,21.96,21.96,21.96,21.96,21.96,21.96,21.96,21.96,21.96,21.96,21.96,21.96,21.96,21.97,21.97,21.97,21.97,21.97,21.97,21.97,21.97,21.97,21.97,21.97,21.97,21.97,21.97,21.97,21.97,21.97,21.97,21.97,21.97,21.97,21.97,21.97,21.97,21.97,21.97,21.97,21.97,21.97,21.97,21.97,21.97,21.97,21.97,21.97,21.97,21.97,21.97,21.97,21.97,21.97,21.97,21.97,21.97,21.97,21.97,21.97,21.97,21.96,21.96,21.96,21.96,21.96,21.96,21.96,21.96,21.96,21.96,21.96,21.96,21.96,21.96,21.96,21.96,21.96,21.96,21.96,21.96,21.96,21.96,21.96,21.96,21.96,21.96,21.96,21.96,21.96,21.96,21.96,21.96,21.96,21.96,21.96,21.96,21.96,21.96,21.96,21.96,21.96,21.96
2009-02-01,22.07,22.07,22.07,22.07,22.07,22.07,22.07,22.07,22.07,22.07,22.07,22.07,22.07,22.07,22.07,22.07,22.07,22.07,22.07,22.07,22.07,22.07,22.07,22.08,22.08,22.08,22.08,22.08,22.08,22.08,22.08,22.08,22.08,22.08,22.08,22.05,22.05,22.05,22.05,22.05,22.05,22.05,22.05,22.05,22.05,22.05,22.05,22.01,22.01,22.01,22.01,22.01,22.01,22.01,22.01,22.01,22.01,,,22.00,22.00,22.00,22.00,22.00,22.00,22.00,22.00,22.00,22.00,22.00,22.00,22.00,22.00,22.00,22.00,22.00,22.00,22.00,22.00,22.00,22.00,22.00,22.00,22.00,22.00,22.00,22.00,22.00,22.00,22.00,22.00,22.00,22.00,22.00,22.00,21.99,21.99,21.99,21.99,21.99,21.99,21.99,21.99,21.99,21.99,21.99,21.99,21.99,21.99,21.99,21.99,21.99,21.99,21.99,21.99,21.99,21.99,21.99,21.99,21.99,21.99,21.99,21.99,21.99,21.99,21.99,21.99,21.99,21.99,21.99,21.99,21.99,21.99,21.99,21.99,21.99,21.99,21.99,21.99,21.99,21.99,21.99,21.99,21.99,21.99,21.99,21.99,21.99,21.99,21.99,21.99,21.99,21.99,21.99,21.99,21.99,21.99,21.99,21.99,21.99,21.99,21.99,21.99,21.99,21.99,21.99,21.99,21.98,21.98,21.98,21.98,21.98,21.98,21.98,21.98,21.98,21.98,21.98,21.98,21.98,21.98,21.98,21.98,21.98,21.98
2009-03-01,22.08,22.08,22.08,22.08,22.08,22.08,22.08,22.08,22.08,22.08,22.08,22.11,22.11,22.11,22.11,22.11,22.10,22.10,22.10,22.10,22.10,22.10,22.10,22.11,22.11,22.11,22.11,22.11,22.11,22.11,22.11,22.11,22.11,22.11,22.11,22.08,22.08,22.08,22.08,22.08,22.08,22.08,22.08,22.08,22.08,22.08,22.08,22.08,22.08,22.08,22.08,22.08,22.08,22.08,22.08,22.08,22.08,22.08,22.08,22.06,22.06,22.06,22.06,22.06,22.06,22.06,22.06,22.06,22.06,22.06,22.06,22.06,22.06,22.06,22.06,22.06,22.06,22.06,22.06,22.06,22.06,22.06,22.06,22.06,22.06,22.06,22.06,22.06,22.06,22.06,22.06,22.06,22.06,22.06,22.06,22.06,22.06,22.06,22.06,22.06,22.06,22.06,22.06,22.06,22.06,22.06,22.06,22.06,22.06,22.06,22.06,22.06,22.06,22.06,22.06,22.06,22.06,22.06,22.06,22.06,22.06,22.06,22.06,22.06,22.06,22.06,22.06,22.06,22.06,22.06,22.06,22.06,22.06,22.06,22.06,22.06,22.06,22.06,22.06,22.06,22.06,22.06,22.06,22.06,22.06,22.06,22.06,22.06,22.06,22.06,22.06,22.06,22.06,22.06,22.06,22.06,22.06,22.06,22.06,22.06,22.06,22.06,22.06,22.06,22.06,22.06,22.06,22.05,22.05,22.05,22.05,22.05,22.05,22.05,22.05,22.05,22.05,22.05,22.05,22.05,22.05,22.05,22.05,22.05,22.05
2009-04-01,22.13,22.13,22.13,22.13,22.13,22.13,22.13,22.13,22.13,22.13,22.13,22.14,22.14,22.14,22.14,22.14,22.14,22.14,22.14,22.14,22.14,22.14,22.14,22.14,22.14,22.14,22.14,22.14,22.14,22.14,22.14,22.14,22.14,22.14,22.14,22.11,22.11,22.11,22.11,22.11,22.11,22.11,22.11,22.11,22.11,22.11,22.11,22.11,22.11,22.11,22.11,22.11,22.11,22.11,22.11,22.11,22.11,22.11,22.11,22.10,22.10,22.10,22.10,22.10,22.10,22.10,22.10,22.10,22.10,22.10,22.10,22.10,22.10,22.10,22.10,22.10,22.10,22.10,22.10,22.10,22.10,22.10,22.10,22.10,22.10,22.10,22.10,22.10,22.10,22.10,22.10,22.10,22.10,22.10,22.10,22.10,22.10,22.10,22.10,22.10,22.10,22.10,22.10,22.10,22.10,22.10,22.10,22.09,22.09,22.09,22.09,22.09,22.09,22.09,22.09,22.09,22.09,22.09,22.09,22.09,22.09,22.09,22.09,22.09,22.09,22.09,22.09,22.09,22.09,22.09,22.09,22.09,22.09,22.09,22.09,22.09,22.09,22.09,22.09,22.09,22.09,22.09,22.09,22.09,22.09,22.09,22.09,22.09,22.09,22.09,22.09,22.09,22.09,22.09,22.09,22.09,22.09,22.09,22.09,22.09,22.09,22.09,22.09,22.09,22.09,22.09,22.09,22.10,22.10,22.10,22.10,22.10,22.10,22.10,22.10,22.10,22.10,22.10,22.10,22.10,22.10,22.10,22.10,22.10,22.10
2009-05-01,22.14,22.14,22.14,22.14,22.14,22.14,22.14,22.14,22.14,22.14,22.14,22.14,22.14,22.14,22.14,22.14,22.14,22.14,22.14,22.14,22.14,22.14,22.14,22.14,22.14,22.14,22.14,22.14,22.14,22.14,22.14,22.14,22.14,22.14,22.14,22.12,22.12,22.12,22.12,22.12,22.12,22.12,22.12,22.12,22.12,22.12,22.12,22.12,22.12,22.12,22.12,22.12,22.12,22.12,22.12,22.12,22.12,22.12,22.12,22.11,22.11,22.11,22.11,22.11,22.11,22.11,22.11,22.11,22.11,22.11,22.11,22.11,22.11,22.11,22.11,22.11,22.11,22.11,22.11,22.11,22.11,22.11,22.11,22.11,22.11,22.11,22.11,22.11,22.11,22.11,22.11,22.11,22.11,22.11,22.11,22.11,22.11,22.11,22.11,22.11,22.11,22.11,22.11,22.11,22.11,22.11,22.11,22.10,22.10,22.10,22.10,22.10,22.10,22.10,22.10,22.10,22.10,22.10,22.10,22.10,22.10,22.10,22.10,22.10,22.10,22.10,22.10,22.10,22.10,22.10,22.10,22.10,22.10,22.10,22.10,22.10,22.10,22.10,22.10,22.10,22.10,22.10,22.10,22.11,22.11,22.11,22.11,22.11,22.11,22.11,22.11,22.11,22.11,22.11,22.11,22.11,22.11,22.11,22.11,22.11,22.11,22.11,22.11,22.11,22.11,22.11,22.11,22.12,22.12,22.12,22.12,22.12,22.12,22.12,22.12,22.12,22.12,22.12,22.12,22.12,22.12,22.12,22.12,22.12,22.12
2009-06-01,22.18,22.18,22.18,22.18,22.18,22.18,22.18,22.18,22.18,22.18,22.18,22.16,22.16,22.16,22.16,22.16,22.16,22.16,22.16,22.16,22.16,22.16,22.16,22.17,22.17,22.17,22.17,22.17,22.17,22.17,22.17,22.17,22.17,22.17,22.17,22.15,22.15,22.15,22.15,22.15,22.15,22.15,22.15,22.15,22.15,22.15,22.15,22.16,22.16,22.16,22.16,22.16,22.16,22.16,22.16,22.16,22.16,22.16,22.16,22.14,22.14,22.14,22.14,22.14,22.14,22.14,22.14,22.14,22.14,22.14,22.14,22.14,22.14,22.14,22.14,22.14,22.14,22.14,22.14,22.14,22.14,22.14,22.14,22.14,22.14,22.14,22.14,22.14,22.14,22.14,22.14,22.14,22.14,22.14,22.14,22.14,22.14,22.14,22.14,22.14,22.14,22.14,22.14,22.14,22.14,22.14,22.14,22.13,22.13,22.13,22.13,22.13,22.13,22.13,22.13,22.13,22.13,22.13,22.13,22.13,22.13,22.13,22.13,22.13,22.13,22.13,22.13,22.13,22.13,22.13,22.13,22.13,22.13,22.13,22.13,22.13,22.13,22.13,22.13,22.13,22.13,22.13,22.13,22.14,22.14,22.14,22.14,22.14,22.14,22.14,22.14,22.14,22.14,22.14,22.14,22.14,22.14,22.14,22.14,22.14,22.14,22.14,22.14,22.14,22.14,22.14,22.14,22.14,22.14,22.14,22.14,22.14,22.14,22.14,22.14,22.14,22.14,22.14,22.14,22.14,22.14,22.14,22.14,22.14,22.14
2009-07-01,22.21,22.21,22.21,22.21,22.21,22.21,22.21,22.21,22.21,22.21,22.21,22.22,22.22,22.22,22.22,22.22,22.22,22.22,22.22,22.22,22.22,22.22,22.22,22.22,22.22,22.22,22.22,22.22,22.22,22.22,22.22,22.22,22.22,22.22,22.22,22.19,22.19,22.19,22.19,22.19,22.19,22.19,22.19,22.19,22.19,22.19,22.19,22.19,22.19,22.19,22.19,22.19,22.19,22.19,22.19,22.19,22.19,22.19,22.19,22.18,22.18,22.18,22.18,22.18,22.18,22.18,22.18,22.18,22.18,22.18,22.18,22.18,22.18,22.18,22.18,22.18,22.18,22.18,22.18,22.18,22.18,22.18,22.18,22.18,22.18,22.18,22.18,22.18,22.18,22.18,22.18,22.18,22.18,22.18,22.18,22.18,22.18,22.18,22.18,22.18,22.18,22.18,22.18,22.18,22.18,22.18,22.18,22.18,22.18,22.18,22.18,22.18,22.18,22.18,22.18,22.18,22.18,22.18,22.18,22.18,22.18,22.18,22.18,22.18,22.18,22.18,22.18,22.18,22.18,22.18,22.18,22.18,22.18,22.18,22.18,22.18,22.18,22.18,22.18,22.18,22.18,22.18,22.18,22.18,22.18,22.18,22.18,22.18,22.18,22.18,22.18,22.18,22.18,22.18,22.18,22.18,22.18,22.18,22.18,22.18,22.18,22.18,22.18,22.18,22.18,22.18,22.18,22.18,22.18,22.18,22.18,22.18,22.18,22.18,22.18,22.18,22.18,22.18,22.18,22.18,22.18,22.18,22.18,22.18,22.18
2009-08-01,22.26,22.26,22.26,22.26,22.26,22.26,22.26,22.26,22.26,22.26,22.26,22.28,22.28,22.28,22.28,22.28,22.29,22.29,22.29,22.29,22.29,22.29,22.29,22.27,22.27,22.27,22.27,22.27,22.27,22.27,22.27,22.27,22.27,22.27,22.27,22.26,22.26,22.26,22.26,22.26,22.26,22.26,22.26,22.26,22.26,22.26,22.26,22.25,22.25,22.25,22.25,22.25,22.25,22.25,22.25,22.25,22.25,22.25,22.25,22.23,22.23,22.23,22.23,22.23,22.23,22.23,22.23,22.23,22.23,22.23,22.23,22.23,22.23,22.23,22.23,22.23,22.23,22.23,22.23,22.23,22.23,22.23,22.23,22.23,22.23,22.23,22.23,22.23,22.23,22.23,22.23,22.23,22.23,22.23,22.23,22.23,22.23,22.23,22.23,22.23,22.23,22.23,22.23,22.23,22.23,22.23,22.23,22.23,22.23,22.23,22.23,22.23,22.23,22.23,22.23,22.23,22.23,22.23,22.23,22.23,22.23,22.23,22.23,22.23,22.23,22.23,22.23,22.23,22.23,22.23,22.23,22.23,22.23,22.23,22.23,22.23,22.23,22.23,22.23,22.23,22.23,22.23,22.23,22.23,22.23,22.23,22.23,22.23,22.23,22.23,22.23,22.23,22.23,22.23,22.23,22.23,22.23,22.23,22.23,22.23,22.23,22.23,22.23,22.23,22.23,22.23,22.23,22.23,22.23,22.23,22.23,22.23,22.23,22.23,22.23,22.23,22.23,22.23,22.23,22.23,22.23,22.23,22.23,22.23,22.23
2009-09-01,22.31,22.31,22.31,22.31,22.31,22.31,22.31,22.31,22.31,22.31,22.31,22.29,22.29,22.29,22.29,22.29,22.28,22.28,22.28,22.28,22.28,22.28,22.28,22.29,22.29,22.29,22.29,22.29,22.29,22.29,22.29,22.29,22.29,22.29,22.29,22.26,22.26,22.26,22.26,22.26,22.26,22.26,22.26,22.26,22.26,22.26,22.26,22.27,22.27,22.27,22.27,22.27,22.27,22.27,22.27,22.27,22.27,22.27,22.27,22.26,22.26,22.26,22.26,22.26,22.26,22.26,22.26,22.26,22.26,22.26,22.26,22.26,22.26,22.26,22.26,22.26,22.26,22.26,22.26,22.26,22.26,22.26,22.26,22.26,22.26,22.26,22.26,22.26,22.26,22.26,22.26,22.26,22.26,22.26,22.26,22.26,22.26,22.26,22.26,22.26,22.26,22.26,22.26,22.26,22.26,22.26,22.26,22.26,22.26,22.26,22.26,22.26,22.26,22.26,22.26,22.26,22.26,22.26,22.26,22.26,22.26,22.26,22.26,22.26,22.26,22.26,22.26,22.26,22.26,22.26,22.26,22.26,22.26,22.26,22.26,22.26,22.26,22.26,22.26,22.26,22.26,22.26,22.26,22.26,22.26,22.26,22.26,22.26,22.26,22.26,22.26,22.26,22.26,22.26,22.26,22.27,22.27,22.27,22.27,22.27,22.27,22.27,22.27,22.27,22.27,22.27,22.27,22.27,22.27,22.27,22.27,22.27,22.27,22.27,22.27,22.27,22.27,22.27,22.27,22.27,22.27,22.27,22.27,22.27,22.27
2009-10-01,22.34,22.34,22.34,22.34,22.34,22.34,22.34,22.34,22.34,22.34,22.34,22.34,22.34,22.34,22.34,22.34,22.34,22.34,22.34,22.34,22.34,22.34,22.34,22.35,22.35,22.35,22.35,22.35,22.35,22.35,22.35,22.35,22.35,22.35,22.35,22.32,22.32,22.32,22.32,22.32,22.32,22.32,22.32,22.32,22.32,22.32,22.32,22.32,22.32,22.32,22.32,22.32,22.32,22.32,22.32,22.32,22.32,22.32,22.32,22.31,22.31,22.31,22.31,22.31,22.31,22.31,22.31,22.31,22.31,22.31,22.31,22.31,22.31,22.31,22.31,22.31,22.31,22.31,22.31,22.31,22.31,22.31,22.31,22.31,22.31,22.31,22.31,22.31,22.31,22.31,22.31,22.31,22.31,22.31,22.31,22.31,22.31,22.31,22.31,22.31,22.31,22.31,22.31,22.31,22.31,22.31,22.31,22.31,22.31,22.31,22.31,22.31,22.31,22.31,22.31,22.31,22.31,22.31,22.31,22.30,22.30,22.30,22.30,22.30,22.30,22.30,22.30,22.30,22.30,22.30,22.30,22.30,22.30,22.30,22.30,22.30,22.30,22.30,22.30,22.30,22.30,22.30,22.30,22.30,22.30,22.30,22.30,22.30,22.30,22.30,22.30,22.30,22.30,22.30,22.30,22.30,22.30,22.30,22.30,22.30,22.30,22.30,22.30,22.30,22.30,22.30,22.30,22.31,22.31,22.31,22.31,22.31,22.31,22.31,22.31,22.31,22.31,22.31,22.31,22.31,22.31,22.31,22.31,22.31,22.31
2009-11-01,22.37,22.37,22.37,22.37,22.37,22.37,22.37,22.37,22.37,22.37,22.37,22.39,22.39,22.39,22.39,22.39,22.38,22.38,22.38,22.38,22.38,22.38,22.38,22.39,22.39,22.39,22.39,22.39,22.39,22.39,22.39,22.39,22.39,22.39,22.39,22.37,22.37,22.37,22.37,22.37,22.37,22.37,22.37,22.37,22.37,22.37,22.37,22.37,22.37,22.37,22.37,22.37,22.37,22.37,22.37,22.37,22.37,22.37,22.37,22.34,22.34,22.34,22.34,22.34,22.34,22.34,22.34,22.34,22.34,22.34,22.34,22.34,22.34,22.34,22.34,22.34,22.34,22.34,22.34,22.34,22.34,22.34,22.34,22.34,22.34,22.34,22.34,22.34,22.34,22.34,22.34,22.34,22.34,22.34,22.34,22.36,22.36,22.36,22.36,22.36,22.36,22.36,22.36,22.36,22.36,22.36,22.36,22.36,22.36,22.36,22.36,22.36,22.36,22.36,22.36,22.36,22.36,22.36,22.36,22.36,22.36,22.36,22.36,22.36,22.36,22.36,22.36,22.36,22.36,22.36,22.36,22.36,22.36,22.36,22.36,22.36,22.36,22.36,22.36,22.36,22.36,22.36,22.36,22.35,22.35,22.35,22.35,22.35,22.35,22.35,22.35,22.35,22.35,22.35,22.35,22.35,22.35,22.35,22.35,22.35,22.35,22.35,22.35,22.35,22.35,22.35,22.35,22.33,22.33,22.33,22.33,22.33,22.33,22.33,22.33,22.33,22.33,22.33,22.34,22.34,22.34,22.34,22.34,22.34,22.34
2009-12-01,22.39,22.39,22.39,22.39,22.39,22.39,22.39,22.39,22.39,22.39,22.39,22.40,22.40,22.40,22.40,22.40,22.40,22.40,22.40,22.40,22.40,22.40,22.40,22.41,22.41,22.41,22.41,22.41,22.41,22.41,22.41,22.41,22.41,22.41,22.41,22.38,22.38,22.38,22.38,22.38,22.38,22.38,22.38,22.38,22.38,22.38,22.38,22.38,22.38,22.38,22.38,22.38,22.38,22.38,22.38,22.38,22.38,22.38,22.38,22.37,22.37,22.37,22.37,22.37,22.37,22.37,22.37,22.37,22.37,22.37,22.37,22.37,22.37,22.37,22.37,22.37,22.37,22.37,22.37,22.37,22.37,22.37,22.37,22.37,22.37,22.37,22.37,22.37,22.37,22.37,22.37,22.37,22.37,22.37,22.37,22.36,22.36,22.36,22.36,22.36,22.36,22.36,22.36,22.36,22.36,22.36,22.36,22.36,22.36,22.36,22.36,22.36,22.36,22.36,22.36,22.36,22.36,22.36,22.36,22.36,22.36,22.36,22.36,22.36,22.36,22.36,22.36,22.36,22.36,22.36,22.36,22.36,22.36,22.36,22.36,22.36,22.36,22.36,22.36,22.36,22.36,22.36,22.36,22.36,22.36,22.36,22.36,22.36,22.36,22.36,22.36,22.36,22.36,22.36,22.36,22.36,22.36,22.36,22.36,22.36,22.36,22.36,22.36,22.36,22.36,22.36,22.36,22.37,22.37,22.37,22.37,22.37,22.37,22.37,22.37,22.37,22.37,22.37,22.37,22.37,22.37,22.37,22.37,22.37,22.37
2010-01-01,22.44,22.44,22.44,22.44,22.44,22.44,22.44,22.44,22.44,22.44,22.44,22.46,22.46,22.46,22.46,22.46,22.46,22.46,22.46,22.46,22.46,22.46,22.46,22.46,22.46,22.46,22.46,22.46,22.46,22.46,22.46,22.46,22.46,22.46,22.46,22.42,22.42,22.42,22.42,22.42,22.42,22.42,22.42,22.42,22.42,22.42,22.42,22.43,22.43,22.43,22.43,22.43,22.43,22.43,22.43,22.43,22.43,22.43,22.43,22.42,22.42,22.42,22.42,22.42,22.42,22.42,22.42,22.42,22.42,22.42,22.42,22.42,22.42,22.42,22.42,22.42,22.42,22.42,22.42,22.42,22.42,22.42,22.42,22.42,22.42,22.42,22.42,22.42,22.42,22.42,22.42,22.42,22.42,22.42,22.42,22.42,22.42,22.42,22.42,22.42,22.42,22.42,22.42,22.42,22.42,22.42,22.42,22.41,22.41,22.41,22.41,22.41,22.41,22.41,22.41,22.41,22.41,22.41,22.41,22.41,22.41,22.41,22.41,22.41,22.41,22.41,22.41,22.41,22.41,22.41,22.41,22.41,22.41,22.41,22.41,22.41,22.41,22.41,22.41,22.41,22.41,22.41,22.41,22.41,22.41,22.41,22.41,22.41,22.41,22.41,22.41,22.41,22.41,22.41,22.41,22.41,22.41,22.41,22.41,22.41,22.41,22.41,22.41,22.41,22.41,22.41,22.41,22.41,22.41,22.41,22.41,22.41,22.41,22.41,22.41,22.41,22.41,22.41,22.40,22.40,22.40,22.40,22.40,22.40,22.40
2010-02-01,22.48,22.48,22.48,22.48,22.48,22.48,22.48,22.48,22.48,22.48,22.48,22.46,22.46,22.46,22.46,22.46,22.46,22.46,22.46,22.46,22.46,22.46,22.46,22.47,22.47,22.47,22.47,22.47,22.47,22.47,22.47,22.47,22.47,22.47,22.47,22.45,22.45,22.45,22.45,22.45,22.45,22.45,22.45,22.45,22.45,22.45,22.45,22.45,22.45,22.45,22.45,22.45,22.45,22.45,22.45,22.45,22.45,22.45,22.45,22.46,22.46,22.46,22.46,22.46,22.46,22.46,22.46,22.46,22.46,22.46,22.46,22.46,22.46,22.46,22.46,22.46,22.46,22.46,22.46,22.46,22.46,22.46,22.46,22.46,22.46,22.46,22.46,22.46,22.46,22.46,22.46,22.46,22.46,22.46,22.46,22.45,22.45,22.45,22.45,22.45,22.45,22.45,22.45,22.45,22.45,22.45,22.45,22.45,22.45,22.45,22.45,22.45,22.45,22.45,22.45,22.45,22.45,22.45,22.45,22.45,22.45,22.45,22.45,22.45,22.45,22.45,22.45,22.45,22.45,22.45,22.45,22.45,22.45,22.45,22.45,22.45,22.45,22.45,22.45,22.45,22.45,22.45,22.45,22.45,22.45,22.45,22.45,22.45,22.45,22.45,22.45,22.45,22.45,22.45,22.45,22.45,22.45,22.45,22.45,22.45,22.45,22.45,22.45,22.45,22.45,22.45,22.45,22.46,22.46,22.46,22.46,22.46,22.46,22.46,22.46,22.46,22.46,22.46,22.46,22.46,22.46,22.46,22.46,22.46,22.46
2010-03-01,22.48,22.48,22.48,22.48,22.48,22.48,22.48,22.48,22.48,22.48,22.48,22.49,22.49,22.49,22.49,22.49,22.49,22.49,22.49,22.49,22.49,22.49,22.49,22.50,22.50,22.50,22.50,22.50,22.50,22.50,22.50,22.50,22.50,22.50,22.50,22.47,22.47,22.47,22.47,22.47,22.47,22.47,22.47,22.47,22.47,22.47,22.47,22.47,22.47,22.47,22.47,22.47,22.47,22.47,22.47,22.47,22.47,22.47,22.47,22.46,22.46,22.46,22.46,22.46,22.46,22.46,22.46,22.46,22.46,22.46,22.46,22.46,22.46,22.46,22.46,22.46,22.46,22.46,22.46,22.46,22.46,22.46,22.46,22.46,22.46,22.46,22.46,22.46,22.46,22.46,22.46,22.46,22.46,22.46,22.46,22.46,22.46,22.46,22.46,22.46,22.46,22.46,22.46,22.46,22.46,22.46,22.46,22.45,22.45,22.45,22.45,22.45,22.45,22.45,22.45,22.45,22.45,22.45,22.45,22.45,22.45,22.45,22.45,22.45,22.45,22.45,22.45,22.45,22.45,22.45,22.45,22.45,22.45,22.45,22.45,22.45,22.45,22.45,22.45,22.45,22.45,22.45,22.45,22.46,22.46,22.46,22.46,22.46,22.46,22.46,22.46,22.46,22.46,22.46,22.46,22.46,22.46,22.46,22.46,22.46,22.46,22.46,22.46,22.46,22.46,22.46,22.46,22.46,22.46,22.46,22.46,22.46,22.46,22.46,22.46,22.46,22.46,22.46,22.46,22.46,22.46,22.46,22.46,22.46,22.46
2010-04-01,22.52,22.52,22.52,22.52,22.52,22.52,22.52,22.52,22.52,22.52,22.52,22.54,22.54,22.54,22.54,22.54,22.54,22.54,22.54,22.54,22.54,22.54,22.54,22.54,22.54,22.54,22.54,22.54,22.54,22.54,22.54,22.54,22.54,22.54,22.54,22.50,22.50,22.50,22.50,22.50,22.50,22.50,22.50,22.50,22.50,22.50,22.50,22.51,22.51,22.51,22.51,22.51,22.51,22.51,22.51,22.51,22.51,22.51,22.51,22.50,22.50,22.50,22.50,22.50,22.50,22.50,22.50,22.50,22.50,22.50,22.50,22.50,22.50,22.50,22.50,22.50,22.50,22.50,22.50,22.50,22.50,22.50,22.50,22.50,22.50,22.50,22.50,22.50,22.50,22.50,22.50,22.50,22.50,22.50,22.50,22.49,22.49,22.49,22.49,22.49,22.49,22.49,22.49,22.49,22.49,22.49,22.49,22.49,22.49,22.49,22.49,22.49,22.49,22.49,22.49,22.49,22.49,22.49,22.49,22.49,22.49,22.49,22.49,22.49,22.49,22.49,22.49,22.49,22.49,22.49,22.49,22.49,22.49,22.49,22.49,22.49,22.49,22.49,22.49,22.49,22.49,22.49,22.49,22.49,22.49,22.49,22.49,22.49,22.49,22.49,22.49,22.49,22.49,22.49,22.49,22.49,22.49,22.49,22.49,22.49,22.49,22.49,22.49,22.49,22.49,22.49,22.49,22.49,22.49,22.49,22.49,22.49,22.49,22.49,22.49,22.49,22.49,22.49,22.49,22.49,22.49,22.49,22.49,22.49,22.49
2010-05-01,22.57,22.57,22.57,22.57,22.57,22.57,22.57,22.57,22.57,22.57,22.57,22.57,22.57,22.57,22.57,22.57,22.57,22.57,22.57,22.57,22.57,22.57,22.57,22.57,22.57,22.57,22.57,22.57,22.57,22.57,22.57,22.57,22.57,22.57,22.57,22.54,22.54,22.54,22.54,22.54,22.54,22.54,22.54,22.54,22.54,22.54,22.54,22.55,22.55,22.55,22.55,22.55,22.55,22.55,22.55,22.55,22.55,22.55,22.55,22.53,22.53,22.53,22.53,22.53,22.53,22.53,22.53,22.53,22.53,22.53,22.53,22.53,22.53,22.53,22.53,22.53,22.53,22.53,22.53,22.53,22.53,22.53,22.53,22.53,22.53,22.53,22.53,22.53,22.53,22.53,22.53,22.53,22.53,22.53,22.53,22.53,22.53,22.53,22.53,22.53,22.53,22.53,22.53,22.53,22.53,22.53,22.53,22.53,22.53,22.53,22.53,22.53,22.53,22.53,22.53,22.53,22.53,22.53,22.53,22.53,22.53,22.53,22.53,22.53,22.53,22.53,22.53,22.53,22.53,22.53,22.53,22.53,22.53,22.53,22.53,22.53,22.53,22.53,22.53,22.53,22.53,22.53,22.53,22.53,22.53,22.53,22.53,22.53,22.53,22.53,22.53,22.53,22.53,22.53,22.53,22.53,22.53,22.53,22.53,22.53,22.53,22.53,22.53,22.53,22.53,22.53,22.53,22.51,22.51,22.51,22.51,22.51,22.51,22.51,22.51,22.51,22.51,22.51,22.51,22.51,22.51,22.51,22.51,22.51,22.51
2010-06-01,22.57,22.57,22.57,22.57,22.57,22.57,22.57,22.57,22.57,22.57,22.57,22.56,22.56,22.56,22.56,22.56,22.56,22.56,22.56,22.56,22.56,22.56,22.56,22.56,22.56,22.56,22.56,22.56,22.56,22.56,22.56,22.56,22.56,22.56,22.56,22.54,22.54,22.54,22.54,22.54,22.54,22.54,22.54,22.54,22.54,22.54,22.54,22.54,22.54,22.54,22.54,22.54,22.54,22.54,22.54,22.54,22.54,22.54,22.54,22.53,22.53,22.53,22.53,22.53,22.53,22.53,22.53,22.53,22.53,22.53,22.53,22.53,22.53,22.53,22.53,22.53,22.53,22.53,22.53,22.53,22.53,22.53,22.53,22.53,22.53,22.53,22.53,22.53,22.53,22.53,22.53,22.53,22.53,22.53,22.53,22.53,22.53,22.53,22.53,22.53,22.53,22.53,22.53,22.53,22.53,22.53,22.53,22.53,22.53,22.53,22.53,22.53,22.53,22.53,22.53,22.53,22.53,22.53,22.53,22.53,22.53,22.53,22.53,22.53,22.53,22.53,22.53,22.53,22.53,22.53,22.53,22.53,22.53,22.53,22.53,22.53,22.53,22.53,22.53,22.53,22.53,22.53,22.53,22.53,22.53,22.53,22.53,22.53,22.53,22.53,22.53,22.53,22.53,22.53,22.53,22.53,22.53,22.53,22.53,22.53,22.53,22.53,22.53,22.53,22.53,22.53,22.53,22.53,22.53,22.53,22.53,22.53,22.53,22.53,22.53,22.53,22.53,22.53,22.53,22.53,22.53,22.53,22.53,22.53,22.53
2010-07-01,22.61,22.61,22.61,22.61,22.61,22.61,22.61,22.61,22.61,22.61,22.61,22.63,22.63,22.63,22.63,22.63,22.62,22.62,22.62,22.62,22.62,22.62,22.62,22.62,22.62,22.62,22.62,22.62,22.62,22.62,22.62,22.62,22.62,22.62,22.62,22.60,22.60,22.60,22.60,22.60,22.60,22.60,22.60,22.60,22.60,22.60,22.60,22.60,22.60,22.60,22.60,22.60,22.60,22.60,22.60,22.60,22.60,22.60,22.60,22.59,22.59,22.59,22.59,22.59,22.59,22.59,22.59,22.59,22.59,22.59,22.59,22.59,22.59,22.59,22.59,22.59,22.59,22.59,22.59,22.59,22.59,22.59,22.59,22.59,22.59,22.59,22.59,22.59,22.59,22.59,22.59,22.59,22.59,22.59,22.59,22.59,22.59,22.59,22.59,22.59,22.59,22.59,22.59,22.59,22.59,22.59,22.59,22.59,22.59,22.59,22.59,22.59,22.59,22.59,22.59,22.59,22.59,22.59,22.59,22.59,22.59,22.59,22.59,22.59,22.59,22.59,22.59,22.59,22.59,22.59,22.59,22.59,22.59,22.59,22.59,22.59,22.59,22.59,22.59,22.59,22.59,22.59,22.59,22.59,22.59,22.59,22.59,22.59,22.59,22.59,22.59,22.59,22.59,22.59,22.59,22.59,22.59,22.59,22.59,22.59,22.59,22.59,22.59,22.59,22.59,22.59,22.59,22.59,22.59,22.59,22.59,22.59,22.59,22.59,22.59,22.59,22.59,22.59,22.59,22.59,22.59,22.59,22.59,22.59,22.59
2010-08-01,22.67,22.67,22.67,22.67,22.67,22.67,22.67,22.67,22.67,22.67,22.67,22.67,22.67,22.67,22.67,22.67,22.67,22.67,22.67,22.67,22.67,22.67,22.67,22.66,22.66,22.66,22.66,22.66,22.66,22.66,22.66,22.66,22.66,22.66,22.66,22.64,22.64,22.64,22.64,22.64,22.64,22.64,22.64,22.64,22.64,22.64,22.64,22.64,22.64,22.64,22.64,22.64,22.64,22.64,22.64,22.64,22.64,22.64,22.64,22.62,22.62,22.62,22.62,22.62,22.62,22.62,22.62,22.62,22.62,22.62,22.62,22.62,22.62,22.62,22.62,22.62,22.62,22.62,22.62,22.62,22.62,22.62,22.62,22.62,22.62,22.62,22.62,22.62,22.62,22.62,22.62,22.62,22.62,22.62,22.62,22.62,22.62,22.62,22.62,22.62,22.62,22.62,22.62,22.62,22.62,22.62,22.62,22.62,22.62,22.62,22.62,22.62,22.62,22.62,22.62,22.62,22.62,22.62,22.62,22.62,22.62,22.62,22.62,22.62,22.62,22.62,22.62,22.62,22.62,22.62,22.62,22.62,22.62,22.62,22.62,22.62,22.62,22.62,22.62,22.62,22.62,22.62,22.62,22.62,22.62,22.62,22.62,22.62,22.62,22.62,22.62,22.62,22.62,22.62,22.62,22.62,22.62,22.62,22.62,22.62,22.62,22.62,22.62,22.62,22.62,22.62,22.62,22.62,22.62,22.62,22.62,22.62,22.62,22.62,22.62,22.62,22.62,22.62,22.62,22.62,22.62,22.62,22.62,22.62,22.62
2010-09-01,22.70,22.70,22.70,22.70,22.70,22.70,22.70,22.70,22.70,22.70,22.70,22.71,22.71,22.71,22.71,22.71,22.71,22.71,22.71,22.71,22.71,22.71,22.71,22.70,22.70,22.70,22.70,22.70,22.70,22.70,22.70,22.70,22.70,22.70,22.70,22.68,22.68,22.68,22.68,22.68,22.68,22.68,22.68,22.68,22.68,22.68,22.68,22.68,22.68,22.68,22.68,22.68,22.68,22.68,22.68,22.68,22.68,22.68,22.68,22.67,22.67,22.67,22.67,22.67,22.67,22.67,22.67,22.67,22.67,22.67,22.67,22.67,22.67,22.67,22.67,22.67,22.67,22.67,22.67,22.67,22.67,22.67,22.67,22.67,22.67,22.67,22.67,22.67,22.67,22.67,22.67,22.67,22.67,22.67,22.67,22.67,22.67,22.67,22.67,22.67,22.67,22.67,22.67,22.67,22.67,22.67,22.67,22.67,22.67,22.67,22.67,22.67,22.67,22.67,22.67,22.67,22.67,22.67,22.67,22.67,22.67,22.67,22.67,22.67,22.67,22.67,22.67,22.67,22.67,22.67,22.67,22.67,22.67,22.67,22.67,22.67,22.67,22.67,22.67,22.67,22.67,22.67,22.67,22.67,22.67,22.67,22.67,22.67,22.67,22.67,22.67,22.67,22.67,22.67,22.67,22.67,22.67,22.67,22.67,22.67,22.67,22.67,22.67,22.67,22.67,22.67,22.67,22.67,22.67,22.67,22.67,22.67,22.67,22.67,22.67,22.67,22.67,22.67,22.67,22.67,22.67,22.67,22.67,22.67,22.67
2010-10-01,22.77,22.77,22.77,22.77,22.77,22.77,22.77,22.77,22.77,22.77,22.77,22.75,22.75,22.75,22.75,22.75,22.75,22.75,22.75,22.75,22.75,22.75,22.75,22.76,22.76,22.76,22.76,22.76,22.76,22.76,22.76,22.76,22.76,22.76,22.76,22.74,22.74,22.74,22.74,22.74,22.74,22.74,22.74,22.74,22.74,22.74,22.74,22.74,22.74,22.74,22.74,22.74,22.74,22.74,22.74,22.74,22.74,22.74,22.74,22.74,22.74,22.74,22.74,22.74,22.74,22.74,22.74,22.74,22.74,22.74,22.74,22.74,22.74,22.74,22.74,22.74,22.74,22.74,22.74,22.74,22.74,22.74,22.74,22.74,22.74,22.74,22.74,22.74,22.74,22.74,22.74,22.74,22.74,22.74,22.74,22.74,22.74,22.74,22.74,22.74,22.74,22.74,22.74,22.74,22.74,22.74,22.74,22.74,22.74,22.74,22.74,22.74,22.74,22.74,22.74,22.74,22.74,22.74,22.74,22.74,22.74,22.74,22.74,22.74,22.74,22.74,22.74,22.74,22.74,22.74,22.74,22.74,22.74,22.74,22.74,22.74,22.74,22.74,22.74,22.74,22.74,22.74,22.74,22.74,22.74,22.74,22.74,22.74,22.74,22.74,22.74,22.74,22.74,22.74,22.74,22.74,22.74,22.74,22.74,22.74,22.74,22.74,22.74,22.74,22.74,22.74,22.74,22.74,22.74,22.74,22.74,22.74,22.74,22.74,22.74,22.74,22.74,22.74,22.73,22.73,22.73,22.73,22.73,22.73,22.73
2010-11-01,22.76,22.76,22.76,22.76,22.76,22.76,22.76,22.76,22.76,22.76,22.76,22.76,22.76,22.76,22.76,22.76,22.76,22.76,22.76,22.76,22.76,22.76,22.76,22.76,22.76,22.76,22.76,22.76,22.76,22.76,22.76,22.76,22.76,22.76,22.76,22.74,22.74,22.74,22.74,22.74,22.74,22.74,22.74,22.74,22.74,22.74,22.74,22.74,22.74,22.74,22.74,22.74,22.74,22.74,22.74,22.74,22.74,22.74,22.74,22.74,22.74,22.74,22.74,22.74,22.74,22.74,22.74,22.74,22.74,22.74,22.74,22.74,22.74,22.74,22.74,22.74,22.74,22.74,22.74,22.74,22.74,22.74,22.74,22.74,22.74,22.74,22.74,22.74,22.74,22.74,22.74,22.74,22.74,22.74,22.74,22.73,22.73,22.73,22.73,22.73,22.73,22.73,22.73,22.73,22.73,22.73,22.73,22.73,22.73,22.73,22.73,22.73,22.73,22.73,22.73,22.73,22.73,22.73,22.73,22.73,22.73,22.73,22.73,22.73,22.73,22.73,22.73,22.73,22.73,22.73,22.73,22.73,22.73,22.73,22.73,22.73,22.73,22.73,22.73,22.73,22.73,22.73,22.73,22.73,22.73,22.73,22.73,22.73,22.73,22.73,22.73,22.73,22.73,22.73,22.73,22.73,22.73,22.73,22.73,22.73,22.73,22.73,22.73,22.73,22.73,22.73,22.73,22.73,22.73,22.73,22.73,22.73,22.73,22.73,22.73,22.73,22.73,22.73,22.73,22.73,22.73,22.73,22.73,22.73,22.73
2010-12-01,22.77,22.77,22.77,22.77,22.77,22.77,22.77,22.77,22.77,22.77,22.77,22.78,22.78,22.78,22.78,22.78,22.78,22.78,22.78,22.78,22.78,22.78,22.78,22.80,22.80,22.80,22.80,22.80,22.80,22.80,22.80,22.80,22.80,22.80,22.80,22.77,22.77,22.77,22.77,22.77,22.77,22.77,22.77,22.77,22.77,22.77,22.77,22.77,22.77,22.77,22.77,22.77,22.77,22.77,22.77,22.77,22.77,22.77,22.77,22.76,22.76,22.76,22.76,22.76,22.76,22.76,22.76,22.76,22.76,22.76,22.76,22.76,22.76,22.76,22.76,22.76,22.76,22.76,22.76,22.76,22.76,22.76,22.76,22.77,22.77,22.77,22.77,22.77,22.77,22.77,22.77,22.77,22.77,22.77,22.77,22.76,22.76,22.76,22.76,22.76,22.76,22.76,22.76,22.76,22.76,22.76,22.76,22.76,22.76,22.76,22.76,22.76,22.76,22.76,22.76,22.76,22.76,22.76,22.76,22.76,22.76,22.76,22.76,22.76,22.76,22.76,22.76,22.76,22.76,22.76,22.76,22.76,22.76,22.76,22.76,22.76,22.76,22.76,22.76,22.76,22.76,22.76,22.76,22.76,22.76,22.76,22.76,22.76,22.76,22.76,22.76,22.76,22.76,22.76,22.76,22.76,22.76,22.76,22.76,22.76,22.76,22.76,22.76,22.76,22.76,22.76,22.76,22.76,22.76,22.76,22.76,22.76,22.76,22.76,22.76,22.76,22.76,22.76,22.76,22.76,22.76,22.76,22.76,22.76,22.76
2011-01-01,22.86,22.86,22.86,22.86,22.86,22.86,22.86,22.86,22.86,22.86,22.86,22.86,22.86,22.86,22.86,22.86,22.87,22.87,22.87,22.87,22.87,22.87,22.87,22.89,22.89,22.89,22.89,22.89,22.89,22.89,22.89,22.89,22.89,22.89,22.89,22.86,22.86,22.86,22.86,22.86,22.86,22.86,22.86,22.86,22.86,22.86,22.86,22.86,22.86,22.86,22.86,22.86,22.86,22.86,22.86,22.86,22.86,22.86,22.86,22.85,22.85,22.85,22.85,22.85,22.85,22.85,22.85,22.85,22.85,22.85,22.85,22.85,22.85,22.85,22.85,22.85,22.85,22.85,22.85,22.85,22.85,22.85,22.85,22.86,22.86,22.86,22.86,22.86,22.86,22.86,22.86,22.86,22.86,22.86,22.86,22.85,22.85,22.85,22.85,22.85,22.85,22.85,22.85,22.85,22.85,22.85,22.85,22.85,22.85,22.85,22.85,22.85,22.85,22.85,22.85,22.85,22.85,22.85,22.85,22.85,22.85,22.85,22.85,22.85,22.85,22.85,22.85,22.85,22.85,22.85,22.85,22.85,22.85,22.85,22.85,22.85,22.85,22.85,22.85,22.85,22.85,22.85,22.85,22.86,22.86,22.86,22.86,22.86,22.86,22.86,22.86,22.86,22.86,22.86,22.86,22.86,22.86,22.86,22.86,22.86,22.86,22.86,22.86,22.86,22.86,22.86,22.86,22.87,22.87,22.87,22.87,22.87,22.87,22.87,22.87,22.87,22.87,22.87,22.87,22.87,22.87,22.87,22.87,22.87,22.87
2011-02-01,22.87,22.87,22.88,22.88,22.88,22.88,22.88,22.88,22.88,22.88,22.88,22.88,22.88,22.88,22.88,22.88,22.88,22.88,22.88,22.88,22.88,22.88,22.88,22.89,22.89,22.89,22.89,22.89,22.89,22.89,22.89,22.89,22.89,22.89,22.89,22.86,22.86,22.86,22.86,22.86,22.86,22.86,22.86,22.86,22.86,22.86,22.86,22.87,22.87,22.87,22.87,22.87,22.87,22.87,22.87,22.87,22.87,22.87,22.87,22.87,22.87,22.87,22.87,22.87,22.87,22.87,22.87,22.87,22.87,22.87,22.87,22.87,22.87,22.87,22.87,22.87,22.87,22.87,22.87,22.87,22.87,22.87,22.87,22.87,22.87,22.87,22.87,22.87,22.87,22.87,22.87,22.87,22.87,22.87,22.87,22.87,22.87,22.87,22.87,22.87,22.87,22.87,22.87,22.87,22.87,22.87,22.87,22.87,22.87,22.87,22.87,22.87,22.87,22.87,22.87,22.87,22.87,22.87,22.87,22.87,22.87,22.87,22.87,22.87,22.87,22.87,22.87,22.87,22.87,22.87,22.87,22.87,22.87,22.87,22.87,22.87,22.87,22.87,22.87,22.87,22.87,22.87,22.87,22.87,22.87,22.87,22.87,22.87,22.87,22.87,22.87,22.87,22.87,22.87,22.87,22.87,22.87,22.87,22.87,22.87,22.87,22.87,22.87,22.87,22.87,22.87,22.87,22.87,22.87,22.87,22.87,22.87,22.87,22.87,22.87,22.87,22.87,22.87,22.87,22.87,22.87,22.87,22.87,22.87,22.87
2011-03-01,,22.87,22.92,22.89,22.89,22.89,22.89,22.89,22.89,22.89,22.89,22.92,22.92,22.92,22.92,22.92,22.92,22.92,22.92,22.92,22.92,22.92,22.92,22.91,22.91,22.91,22.91,22.91,22.91,22.91,22.91,22.91,22.91,22.91,22.91,22.88,22.88,22.88,22.88,22.88,22.88,22.88,22.88,22.88,22.88,22.88,22.88,22.89,22.89,22.89,22.89,22.89,22.89,22.89,22.89,22.89,22.89,22.89,22.89,22.87,22.87,22.87,22.87,22.87,22.87,22.87,22.87,22.87,22.87,22.87,22.87,22.87,22.87,22.87,22.87,22.87,22.87,22.87,22.87,22.87,22.87,22.87,22.87,22.87,22.87,22.87,22.87,22.87,22.87,22.87,22.87,22.87,22.87,22.87,22.87,22.88,22.88,22.88,22.88,22.88,22.88,22.88,22.88,22.88,22.88,22.88,22.88,22.87,22.87,22.87,22.87,22.87,22.87,22.87,22.87,22.87,22.87,22.87,22.87,22.87,22.87,22.87,22.87,22.87,22.87,22.87,22.87,22.87,22.87,22.87,22.87,22.87,22.87,22.87,22.87,22.87,22.87,22.87,22.87,22.87,22.87,22.87,22.87,22.87,22.87,22.87,22.87,22.87,22.87,22.87,22.87,22.87,22.87,22.87,22.87,22.87,22.87,22.87,22.87,22.87,22.87,22.87,22.87,22.87,22.87,22.87,22.87,22.87,22.87,22.87,22.87,22.87,22.87,22.87,22.87,22.87,22.87,22.87,22.87,22.87,22.87,22.87,22.87,22.87,22.87
2011-04-01,,,22.95,22.92,22.93,22.93,22.93,22.93,22.93,22.93,22.93,22.97,22.97,22.97,22.97,22.97,22.97,22.97,22.97,22.97,22.97,22.97,22.97,22.96,22.96,22.96,22.96,22.96,22.96,22.96,22.96,22.96,22.96,22.96,22.96,22.93,22.93,22.93,22.93,22.93,22.93,22.93,22.93,22.93,22.93,22.93,22.93,22.94,22.94,22.94,22.94,22.94,22.94,22.94,22.94,22.94,22.94,22.94,22.94,22.92,22.92,22.92,22.92,22.92,22.92,22.92,22.92,22.92,22.92,22.92,22.92,22.92,22.92,22.92,22.92,22.92,22.92,22.92,22.92,22.92,22.92,22.92,22.92,22.92,22.92,22.92,22.92,22.92,22.92,22.92,22.92,22.92,22.92,22.92,22.92,22.92,22.92,22.92,22.92,22.92,22.92,22.92,22.92,22.92,22.92,22.92,22.92,22.92,22.92,22.92,22.92,22.92,22.92,22.92,22.92,22.92,22.92,22.92,22.92,22.92,22.92,22.92,22.92,22.92,22.92,22.92,22.92,22.92,22.92,22.92,22.92,22.92,22.92,22.92,22.92,22.92,22.92,22.92,22.92,22.92,22.92,22.92,22.92,22.91,22.91,22.91,22.91,22.91,22.91,22.91,22.91,22.91,22.91,22.91,22.91,22.91,22.91,22.91,22.91,22.91,22.91,22.91,22.91,22.91,22.91,22.91,22.91,22.91,22.91,22.91,22.91,22.91,22.91,22.91,22.91,22.91,22.91,22.91,22.91,22.91,22.91,22.91,22.91,22.91,22.91
2011-05-01,,,,22.98,23.00,23.02,23.02,23.02,23.02,23.02,23.02,23.02,23.02,23.02,23.02,23.02,23.02,23.02,23.02,23.02,23.02,23.02,23.02,23.03,23.03,23.03,23.03,23.03,23.03,23.03,23.03,23.03,23.03,23.03,23.03,23.00,23.00,23.00,23.00,23.00,23.00,23.00,23.00,23.00,23.00,23.00,23.00,23.00,23.00,23.00,23.00,23.00,23.00,23.00,23.00,23.00,23.00,23.00,23.00,22.99,22.99,22.99,22.99,22.99,22.99,22.99,22.99,22.99,22.99,22.99,22.99,22.99,22.99,22.99,22.99,22.99,22.99,22.99,22.99,22.99,22.99,22.99,22.99,22.99,22.99,22.99,22.99,22.99,22.99,22.99,22.99,22.99,22.99,22.99,22.99,22.99,22.99,22.99,22.99,22.99,22.99,22.99,22.99,22.99,22.99,22.99,22.99,22.99,22.99,22.99,22.99,22.99,22.99,22.99,22.99,22.99,22.99,22.99,22.99,22.99,22.99,22.99,22.99,22.99,22.99,22.99,22.99,22.99,22.99,22.99,22.99,22.99,22.99,22.99,22.99,22.99,22.99,22.99,22.99,22.99,22.99,22.99,22.99,22.98,22.98,22.98,22.98,22.98,22.98,22.98,22.98,22.98,22.98,22.98,22.98,22.98,22.98,22.98,22.98,22.98,22.98,22.98,22.98,22.98,22.98,22.98,22.98,22.97,22.97,22.97,22.97,22.97,22.97,22.97,22.97,22.97,22.97,22.97,22.97,22.97,22.97,22.97,22.97,22.97,22.97
2011-06-01,,,,,22.99,23.03,23.01,23.01,23.01,23.01,23.01,23.05,23.05,23.05,23.05,23.05,23.05,23.05,23.05,23.05,23.05,23.05,23.05,23.04,23.04,23.04,23.04,23.04,23.04,23.04,23.04,23.04,23.04,23.04,23.04,23.02,23.02,23.02,23.02,23.02,23.02,23.02,23.02,23.02,23.02,23.02,23.02,23.02,23.02,23.02,23.02,23.02,23.02,23.02,23.02,23.02,23.02,23.02,23.02,23.01,23.01,23.01,23.01,23.01,23.01,23.01,23.01,23.01,23.01,23.01,23.01,23.01,23.01,23.01,23.01,23.01,23.01,23.01,23.01,23.01,23.01,23.01,23.01,23.01,23.01,23.01,23.01,23.01,23.01,23.01,23.01,23.01,23.01,23.01,23.01,23.01,23.01,23.01,23.01,23.01,23.01,23.01,23.01,23.01,23.01,23.01,23.01,23.01,23.01,23.01,23.01,23.01,23.01,23.01,23.01,23.01,23.01,23.01,23.01,23.01,23.01,23.01,23.01,23.01,23.01,23.01,23.01,23.01,23.01,23.01,23.01,23.01,23.01,23.01,23.01,23.01,23.01,23.01,23.01,23.01,23.01,23.01,23.01,23.01,23.01,23.01,23.01,23.01,23.01,23.01,23.01,23.01,23.01,23.01,23.01,23.01,23.01,23.01,23.01,23.01,23.01,23.01,23.01,23.01,23.01,23.01,23.01,23.01,23.01,23.01,23.01,23.01,23.01,23.01,23.01,23.01,23.01,23.01,23.00,23.00,23.00,23.00,23.00,23.00,23.00
2011-07-01,,,,,,23.13,23.12,23.12,23.12,23.12,23.12,23.13,23.13,23.13,23.13,23.13,23.13,23.13,23.13,23.13,23.13,23.13,23.13,23.13,23.13,23.13,23.13,23.13,23.13,23.13,23.13,23.13,23.13,23.13,23.13,23.11,23.11,23.11,23.11,23.11,23.11,23.11,23.11,23.11,23.11,23.11,23.11,23.11,23.11,23.11,23.11,23.11,23.11,23.11,23.11,23.11,23.11,23.11,23.11,23.11,23.11,23.11,23.11,23.11,23.11,23.11,23.11,23.11,23.11,23.11,23.11,23.11,23.11,23.11,23.11,23.11,23.11,23.11,23.11,23.11,23.11,23.11,23.11,23.11,23.11,23.11,23.11,23.11,23.11,23.11,23.11,23.11,23.11,23.11,23.11,23.11,23.11,23.11,23.11,23.11,23.11,23.11,23.11,23.11,23.11,23.11,23.11,23.10,23.10,23.10,23.10,23.10,23.10,23.10,23.10,23.10,23.10,23.10,23.10,23.10,23.10,23.10,23.10,23.10,23.10,23.10,23.10,23.10,23.10,23.10,23.10,23.10,23.10,23.10,23.10,23.10,23.10,23.10,23.10,23.10,23.10,23.10,23.10,23.10,23.10,23.10,23.10,23.10,23.10,23.10,23.10,23.10,23.10,23.10,23.10,23.10,23.10,23.10,23.10,23.10,23.10,23.10,23.10,23.10,23.10,23.10,23.10,23.11,23.11,23.11,23.11,23.11,23.11,23.11,23.11,23.11,23.11,23.11,23.11,23.11,23.11,23.11,23.11,23.11,23.11
2011-08-01,,,,,,,23.09,23.08,23.08,23.08,23.08,23.12,23.12,23.12,23.12,23.12,23.12,23.12,23.12,23.12,23.12,23.12,23.12,23.10,23.10,23.10,23.10,23.10,23.10,23.10,23.10,23.10,23.10,23.10,23.10,23.08,23.08,23.08,23.08,23.08,23.08,23.08,23.08,23.08,23.08,23.08,23.08,23.07,23.07,23.07,23.07,23.07,23.07,23.07,23.07,23.07,23.07,23.07,23.07,23.06,23.06,23.06,23.06,23.06,23.06,23.06,23.06,23.06,23.06,23.06,23.06,23.06,23.06,23.06,23.06,23.06,23.06,23.06,23.06,23.06,23.06,23.06,23.06,23.06,23.06,23.06,23.06,23.06,23.06,23.06,23.06,23.06,23.06,23.06,23.06,23.07,23.07,23.07,23.07,23.07,23.07,23.07,23.07,23.07,23.07,23.07,23.07,23.07,23.07,23.07,23.07,23.07,23.07,23.07,23.07,23.07,23.07,23.07,23.07,23.07,23.07,23.07,23.07,23.07,23.07,23.07,23.07,23.07,23.07,23.07,23.07,23.07,23.07,23.07,23.07,23.07,23.07,23.07,23.07,23.07,23.07,23.07,23.07,23.07,23.07,23.07,23.07,23.07,23.07,23.07,23.07,23.07,23.07,23.07,23.07,23.07,23.07,23.07,23.07,23.07,23.07,23.07,23.07,23.07,23.07,23.07,23.07,23.07,23.07,23.07,23.07,23.07,23.07,23.07,23.07,23.07,23.07,23.07,23.06,23.06,23.06,23.06,23.06,23.06,23.06
2011-09-01,,,,,,,,23.12,23.14,23.13,23.13,23.16,23.16,23.16,23.16,23.16,23.16,23.16,23.16,23.16,23.16,23.16,23.16,23.14,23.14,23.14,23.14,23.14,23.14,23.14,23.14,23.14,23.14,23.14,23.14,23.12,23.12,23.12,23.12,23.12,23.12,23.12,23.12,23.12,23.12,23.12,23.12,23.12,23.12,23.12,23.12,23.12,23.12,23.12,23.12,23.12,23.12,23.12,23.12,23.11,23.11,23.11,23.11,23.11,23.11,23.11,23.11,23.11,23.11,23.11,23.11,23.11,23.11,23.11,23.11,23.11,23.11,23.11,23.11,23.11,23.11,23.11,23.11,23.11,23.11,23.11,23.11,23.11,23.11,23.11,23.11,23.11,23.11,23.11,23.11,23.11,23.11,23.11,23.11,23.11,23.11,23.11,23.11,23.11,23.11,23.11,23.11,23.11,23.11,23.11,23.11,23.11,23.11,23.11,23.11,23.11,23.11,23.11,23.11,23.11,23.11,23.11,23.11,23.11,23.11,23.11,23.11,23.11,23.11,23.11,23.11,23.11,23.11,23.11,23.11,23.11,23.11,23.11,23.11,23.11,23.11,23.11,23.11,23.12,23.12,23.12,23.12,23.12,23.12,23.12,23.12,23.12,23.12,23.12,23.12,23.12,23.12,23.12,23.12,23.12,23.12,23.12,23.12,23.12,23.12,23.12,23.12,23.11,23.11,23.11,23.11,23.11,23.11,23.11,23.11,23.11,23.11,23.11,23.11,23.11,23.11,23.11,23.11,23.11,23.11
2011-10-01,,,,,,,,,23.19,23.20,23.20,23.21,23.21,23.21,23.21,23.21,23.22,23.22,23.22,23.22,23.22,23.22,23.22,23.22,23.22,23.22,23.22,23.22,23.22,23.22,23.22,23.22,23.22,23.22,23.22,23.22,23.22,23.22,23.22,23.22,23.22,23.22,23.22,23.22,23.22,23.22,23.22,23.22,23.22,23.22,23.22,23.22,23.22,23.22,23.22,23.22,23.22,23.22,23.22,23.21,23.21,23.21,23.21,23.21,23.21,23.21,23.21,23.21,23.21,23.21,23.21,23.21,23.21,23.21,23.21,23.21,23.21,23.21,23.21,23.21,23.21,23.21,23.21,23.21,23.21,23.21,23.21,23.21,23.21,23.21,23.21,23.21,23.21,23.21,23.21,23.21,23.21,23.21,23.21,23.21,23.21,23.21,23.21,23.21,23.21,23.21,23.21,23.21,23.21,23.21,23.21,23.21,23.21,23.21,23.21,23.21,23.21,23.21,23.21,23.20,23.20,23.20,23.20,23.20,23.20,23.20,23.20,23.20,23.20,23.20,23.20,23.20,23.20,23.20,23.20,23.20,23.20,23.20,23.20,23.20,23.20,23.20,23.20,23.20,23.20,23.20,23.20,23.20,23.20,23.20,23.20,23.20,23.20,23.20,23.20,23.20,23.20,23.20,23.20,23.20,23.20,23.20,23.20,23.20,23.20,23.20,23.20,23.18,23.18,23.18,23.18,23.18,23.18,23.18,23.18,23.18,23.18,23.18,23.18,23.18,23.18,23.18,23.18,23.18,23.18
2011-11-01,,,,,,,,,,23.18,23.20,23.23,23.23,23.23,23.23,23.23,23.23,23.23,23.23,23.23,23.23,23.23,23.23,23.22,23.22,23.22,23.22,23.22,23.22,23.22,23.22,23.22,23.22,23.22,23.22,23.20,23.20,23.20,23.20,23.20,23.20,23.20,23.20,23.20,23.20,23.20,23.20,23.20,23.20,23.20,23.20,23.20,23.20,23.20,23.20,23.20,23.20,23.20,23.20,23.19,23.19,23.19,23.19,23.19,23.19,23.19,23.19,23.19,23.19,23.19,23.19,23.19,23.19,23.19,23.19,23.19,23.19,23.19,23.19,23.19,23.19,23.19,23.19,23.19,23.19,23.19,23.19,23.19,23.19,23.19,23.19,23.19,23.19,23.19,23.19,23.19,23.19,23.19,23.19,23.19,23.19,23.19,23.19,23.19,23.19,23.19,23.19,23.18,23.18,23.18,23.18,23.18,23.18,23.18,23.18,23.18,23.18,23.18,23.18,23.18,23.18,23.18,23.18,23.18,23.18,23.18,23.18,23.18,23.18,23.18,23.18,23.19,23.19,23.19,23.19,23.19,23.19,23.19,23.19,23.19,23.19,23.19,23.19,23.19,23.19,23.19,23.19,23.19,23.19,23.19,23.19,23.19,23.19,23.19,23.19,23.19,23.19,23.19,23.19,23.19,23.19,23.19,23.19,23.19,23.19,23.19,23.19,23.19,23.19,23.19,23.19,23.19,23.19,23.19,23.19,23.19,23.19,23.19,23.19,23.19,23.19,23.19,23.19,23.19,23.19
2011-12-01,,,,,,,,,,,23.24,23.25,23.25,23.25,23.25,23.25,23.25,23.25,23.25,23.25,23.25,23.25,23.25,23.26,23.26,23.26,23.26,23.26,23.26,23.26,23.26,23.26,23.26,23.26,23.26,23.22,23.22,23.22,23.22,23.22,23.22,23.22,23.22,23.22,23.22,23.22,23.22,23.22,23.22,23.22,23.22,23.22,23.22,23.22,23.22,23.22,23.22,23.22,23.22,23.23,23.23,23.23,23.23,23.23,23.23,23.23,23.23,23.23,23.23,23.23,23.23,23.23,23.23,23.23,23.23,23.23,23.23,23.23,23.23,23.23,23.23,23.23,23.23,23.23,23.23,23.23,23.23,23.23,23.23,23.23,23.23,23.23,23.23,23.23,23.23,23.21,23.21,23.21,23.21,23.21,23.21,23.21,23.21,23.21,23.21,23.21,23.21,23.21,23.21,23.21,23.21,23.21,23.21,23.21,23.21,23.21,23.21,23.21,23.21,23.21,23.21,23.21,23.21,23.21,23.21,23.21,23.21,23.21,23.21,23.21,23.21,23.21,23.21,23.21,23.21,23.21,23.21,23.21,23.21,23.21,23.21,23.21,23.21,23.22,23.22,23.22,23.22,23.22,23.22,23.22,23.22,23.22,23.22,23.22,23.22,23.22,23.22,23.22,23.22,23.22,23.22,23.22,23.22,23.22,23.22,23.22,23.22,23.22,23.22,23.22,23.22,23.22,23.22,23.22,23.22,23.22,23.22,23.22,23.22,23.22,23.22,23.22,23.22,23.22,23.22
2012-01-01,,,,,,,,,,,,23.29,23.28,23.28,23.28,23.28,23.28,23.28,23.28,23.28,23.28,23.28,23.28,23.28,23.28,23.28,23.28,23.28,23.28,23.28,23.28,23.28,23.28,23.28,23.28,23.25,23.25,23.25,23.25,23.25,23.25,23.25,23.25,23.25,23.25,23.25,23.25,23.26,23.26,23.26,23.26,23.26,23.26,23.26,23.26,23.26,23.26,23.26,23.26,23.25,23.25,23.25,23.25,23.25,23.25,23.25,23.25,23.25,23.25,23.25,23.25,23.26,23.26,23.26,23.26,23.26,23.26,23.26,23.26,23.26,23.26,23.26,23.26,23.26,23.26,23.26,23.26,23.26,23.26,23.26,23.26,23.26,23.26,23.26,23.26,23.24,23.24,23.24,23.24,23.24,23.24,23.24,23.24,23.24,23.24,23.24,23.24,23.24,23.24,23.24,23.24,23.24,23.24,23.24,23.24,23.24,23.24,23.24,23.24,23.24,23.24,23.24,23.24,23.24,23.24,23.24,23.24,23.24,23.24,23.24,23.24,23.24,23.24,23.24,23.24,23.24,23.24,23.24,23.24,23.24,23.24,23.24,23.24,23.25,23.25,23.25,23.25,23.25,23.25,23.25,23.25,23.25,23.25,23.25,23.25,23.25,23.25,23.25,23.25,23.25,23.25,23.25,23.25,23.25,23.25,23.25,23.25,23.26,23.26,23.26,23.26,23.26,23.26,23.26,23.26,23.26,23.26,23.26,23.26,23.26,23.26,23.26,23.26,23.26,23.26
2012-02-01,,,,,,,,,,,,,23.31,23.34,23.33,23.33,23.34,23.34,23.34,23.34,23.34,23.34,23.34,23.33,23.33,23.33,23.33,23.33,23.33,23.33,23.33,23.33,23.33,23.33,23.33,23.30,23.30,23.30,23.30,23.30,23.30,23.30,23.30,23.30,23.30,23.30,23.30,23.30,23.30,23.30,23.30,23.30,23.30,23.30,23.30,23.30,23.30,23.30,23.30,23.28,23.28,23.28,23.28,23.28,23.28,23.28,23.28,23.28,23.28,23.28,23.28,23.28,23.28,23.28,23.28,23.28,23.28,23.28,23.28,23.28,23.28,23.28,23.28,23.28,23.28,23.28,23.28,23.28,23.28,23.28,23.28,23.28,23.28,23.28,23.28,23.28,23.28,23.28,23.28,23.28,23.28,23.28,23.28,23.28,23.28,23.28,23.28,23.27,23.27,23.27,23.27,23.27,23.27,23.27,23.27,23.27,23.27,23.27,23.27,23.27,23.27,23.27,23.27,23.27,23.27,23.27,23.27,23.27,23.27,23.27,23.27,23.27,23.27,23.27,23.27,23.27,23.27,23.27,23.27,23.27,23.27,23.27,23.27,23.28,23.28,23.28,23.28,23.28,23.28,23.28,23.28,23.28,23.28,23.28,23.28,23.28,23.28,23.28,23.28,23.28,23.28,23.28,23.28,23.28,23.28,23.28,23.28,23.28,23.28,23.28,23.28,23.28,23.28,23.28,23.28,23.28,23.28,23.28,23.28,23.28,23.28,23.28,23.28,23.28,23.28
2012-03-01,,,,,,,,,,,,,,23.39,23.37,23.37,23.37,23.37,23.37,23.37,23.37,23.37,23.37,23.40,23.40,23.40,23.40,23.40,23.40,23.40,23.40,23.40,23.40,23.40,23.40,23.37,23.37,23.37,23.37,23.37,23.37,23.37,23.37,23.37,23.37,23.37,23.37,23.37,23.37,23.37,23.37,23.37,23.37,23.37,23.37,23.37,23.37,23.37,23.37,23.36,23.36,23.36,23.36,23.36,23.36,23.36,23.36,23.36,23.36,23.36,23.36,23.36,23.36,23.36,23.36,23.36,23.36,23.36,23.36,23.36,23.36,23.36,23.36,23.36,23.36,23.36,23.36,23.36,23.36,23.36,23.36,23.36,23.36,23.36,23.36,23.36,23.36,23.36,23.36,23.36,23.36,23.36,23.36,23.36,23.36,23.36,23.36,23.36,23.36,23.36,23.36,23.36,23.36,23.36,23.36,23.36,23.36,23.36,23.36,23.36,23.36,23.36,23.36,23.36,23.36,23.36,23.36,23.36,23.36,23.36,23.36,23.36,23.36,23.36,23.36,23.36,23.36,23.36,23.36,23.36,23.36,23.36,23.36,23.36,23.36,23.36,23.36,23.36,23.36,23.36,23.36,23.36,23.36,23.36,23.36,23.36,23.36,23.36,23.36,23.36,23.36,23.36,23.36,23.36,23.36,23.36,23.36,23.36,23.36,23.36,23.36,23.36,23.36,23.36,23.36,23.36,23.36,23.36,23.36,23.36,23.36,23.36,23.36,23.36,23.36
2012-04-01,,,,,,,,,,,,,,,23.38,23.39,23.40,23.40,23.40,23.40,23.40,23.40,23.40,23.42,23.42,23.42,23.42,23.42,23.42,23.42,23.42,23.42,23.42,23.42,23.42,23.40,23.40,23.40,23.40,23.40,23.40,23.40,23.40,23.40,23.40,23.40,23.40,23.40,23.40,23.40,23.40,23.40,23.40,23.40,23.40,23.40,23.40,23.40,23.40,23.39,23.39,23.39,23.39,23.39,23.39,23.39,23.39,23.39,23.39,23.39,23.39,23.40,23.40,23.40,23.40,23.40,23.40,23.40,23.40,23.40,23.40,23.40,23.40,23.40,23.40,23.40,23.40,23.40,23.40,23.40,23.40,23.40,23.40,23.40,23.40,23.40,23.40,23.40,23.40,23.40,23.40,23.40,23.40,23.40,23.40,23.40,23.40,23.39,23.39,23.39,23.39,23.39,23.39,23.39,23.39,23.39,23.39,23.39,23.39,23.39,23.39,23.39,23.39,23.39,23.39,23.39,23.39,23.39,23.39,23.39,23.39,23.39,23.39,23.39,23.39,23.39,23.39,23.39,23.39,23.39,23.39,23.39,23.39,23.39,23.39,23.39,23.39,23.39,23.39,23.39,23.39,23.39,23.39,23.39,23.39,23.39,23.39,23.39,23.39,23.39,23.39,23.39,23.39,23.39,23.39,23.39,23.39,23.38,23.38,23.38,23.38,23.38,23.38,23.38,23.38,23.38,23.38,23.38,23.39,23.39,23.39,23.39,23.39,23.39,23.39
2012-05-01,,,,,,,,,,,,,,,,23.41,23.44,23.43,23.43,23.43,23.43,23.43,23.43,23.43,23.43,23.43,23.43,23.43,23.43,23.43,23.43,23.43,23.43,23.43,23.43,23.41,23.41,23.41,23.41,23.41,23.41,23.41,23.41,23.41,23.41,23.41,23.41,23.42,23.42,23.42,23.42,23.42,23.42,23.42,23.42,23.42,23.42,23.42,23.42,23.40,23.40,23.40,23.40,23.40,23.40,23.40,23.40,23.40,23.40,23.40,23.40,23.39,23.39,23.39,23.39,23.39,23.39,23.39,23.39,23.39,23.39,23.39,23.39,23.39,23.39,23.39,23.39,23.39,23.39,23.39,23.39,23.39,23.39,23.39,23.39,23.40,23.40,23.40,23.40,23.40,23.40,23.40,23.40,23.40,23.40,23.40,23.40,23.39,23.39,23.39,23.39,23.39,23.39,23.39,23.39,23.39,23.39,23.39,23.39,23.39,23.39,23.39,23.39,23.39,23.39,23.39,23.39,23.39,23.39,23.39,23.39,23.39,23.39,23.39,23.39,23.39,23.39,23.39,23.39,23.39,23.39,23.39,23.39,23.40,23.40,23.40,23.40,23.40,23.40,23.40,23.40,23.40,23.40,23.40,23.40,23.40,23.40,23.40,23.40,23.40,23.40,23.40,23.40,23.40,23.40,23.40,23.40,23.41,23.41,23.41,23.41,23.41,23.41,23.41,23.41,23.41,23.41,23.41,23.41,23.41,23.41,23.41,23.41,23.41,23.41
2012-06-01,,,,,,,,,,,,,,,,,23.50,23.50,23.50,23.50,23.50,23.50,23.50,23.50,23.50,23.50,23.50,23.50,23.50,23.50,23.50,23.50,23.50,23.50,23.50,23.47,23.47,23.47,23.47,23.47,23.47,23.47,23.47,23.47,23.47,23.47,23.47,23.47,23.47,23.47,23.47,23.47,23.47,23.47,23.47,23.47,23.47,23.47,23.47,23.46,23.46,23.46,23.46,23.46,23.46,23.46,23.46,23.46,23.46,23.46,23.46,23.46,23.46,23.46,23.46,23.46,23.46,23.46,23.46,23.46,23.46,23.46,23.46,23.46,23.46,23.46,23.46,23.46,23.46,23.46,23.46,23.46,23.46,23.46,23.46,23.47,23.47,23.47,23.47,23.47,23.47,23.47,23.47,23.47,23.47,23.47,23.47,23.46,23.46,23.46,23.46,23.46,23.46,23.46,23.46,23.46,23.46,23.46,23.46,23.46,23.46,23.46,23.46,23.46,23.46,23.46,23.46,23.46,23.46,23.46,23.46,23.46,23.46,23.46,23.46,23.46,23.46,23.46,23.46,23.46,23.46,23.46,23.46,23.46,23.46,23.46,23.46,23.46,23.46,23.46,23.46,23.46,23.46,23.46,23.46,23.46,23.46,23.46,23.46,23.46,23.46,23.46,23.46,23.46,23.46,23.46,23.46,23.46,23.46,23.46,23.46,23.46,23.46,23.46,23.46,23.46,23.46,23.46,23.46,23.46,23.46,23.46,23.46,23.46,23.46
2012-07-01,,,,,,,,,,,,,,,,,,23.52,23.53,23.52,23.52,23.52,23.52,23.54,23.54,23.54,23.54,23.54,23.54,23.54,23.54,23.54,23.54,23.54,23.54,23.52,23.52,23.52,23.52,23.52,23.52,23.52,23.52,23.52,23.52,23.52,23.52,23.52,23.52,23.52,23.52,23.52,23.52,23.52,23.52,23.52,23.52,23.52,23.52,23.52,23.52,23.52,23.52,23.52,23.52,23.52,23.52,23.52,23.52,23.52,23.52,23.50,23.50,23.50,23.50,23.50,23.50,23.50,23.50,23.50,23.50,23.50,23.50,23.50,23.50,23.50,23.50,23.50,23.50,23.50,23.50,23.50,23.50,23.50,23.50,23.52,23.52,23.52,23.52,23.52,23.52,23.52,23.52,23.52,23.52,23.52,23.52,23.51,23.51,23.51,23.51,23.51,23.51,23.51,23.51,23.51,23.51,23.51,23.51,23.51,23.51,23.51,23.51,23.51,23.51,23.51,23.51,23.51,23.51,23.51,23.51,23.51,23.51,23.51,23.51,23.51,23.51,23.51,23.51,23.51,23.51,23.51,23.51,23.50,23.50,23.50,23.50,23.50,23.50,23.50,23.50,23.50,23.50,23.50,23.50,23.50,23.50,23.50,23.50,23.50,23.50,23.50,23.50,23.50,23.50,23.50,23.50,23.49,23.49,23.49,23.49,23.49,23.49,23.49,23.49,23.49,23.49,23.49,23.49,23.49,23.49,23.49,23.49,23.49,23.49
2012-08-01,,,,,,,,,,,,,,,,,,,23.52,23.51,23.52,23.52,23.52,23.53,23.53,23.53,23.53,23.53,23.53,23.53,23.53,23.53,23.53,23.53,23.53,23.51,23.51,23.51,23.51,23.51,23.51,23.51,23.51,23.51,23.51,23.51,23.51,23.49,23.49,23.49,23.49,23.49,23.49,23.49,23.49,23.49,23.49,23.49,23.49,23.49,23.49,23.49,23.49,23.49,23.49,23.49,23.49,23.49,23.49,23.49,23.49,23.49,23.49,23.49,23.49,23.49,23.49,23.49,23.49,23.49,23.49,23.49,23.49,23.49,23.49,23.49,23.49,23.49,23.49,23.49,23.49,23.49,23.49,23.49,23.49,23.50,23.50,23.50,23.50,23.50,23.50,23.50,23.50,23.50,23.50,23.50,23.50,23.49,23.49,23.49,23.49,23.49,23.49,23.49,23.49,23.49,23.49,23.49,23.49,23.49,23.49,23.49,23.49,23.49,23.49,23.49,23.49,23.49,23.49,23.49,23.49,23.49,23.49,23.49,23.49,23.49,23.49,23.49,23.49,23.49,23.49,23.49,23.49,23.49,23.49,23.49,23.49,23.49,23.49,23.49,23.49,23.49,23.49,23.49,23.49,23.48,23.48,23.48,23.48,23.48,23.48,23.48,23.48,23.48,23.48,23.48,23.48,23.49,23.49,23.49,23.49,23.49,23.49,23.49,23.49,23.49,23.49,23.49,23.48,23.48,23.48,23.48,23.48,23.48,23.48
2012-09-01,,,,,,,,,,,,,,,,,,,,23.58,23.59,23.60,23.60,23.60,23.60,23.60,23.60,23.60,23.60,23.60,23.60,23.60,23.60,23.60,23.60,23.58,23.58,23.58,23.58,23.58,23.58,23.58,23.58,23.58,23.58,23.58,23.58,23.58,23.58,23.58,23.58,23.58,23.58,23.58,23.58,23.58,23.58,23.58,23.58,23.58,23.58,23.58,23.58,23.58,23.58,23.58,23.58,23.58,23.58,23.58,23.58,23.57,23.57,23.57,23.57,23.57,23.57,23.57,23.57,23.57,23.57,23.57,23.57,23.57,23.57,23.57,23.57,23.57,23.57,23.57,23.57,23.57,23.57,23.57,23.57,23.58,23.58,23.58,23.58,23.58,23.58,23.58,23.58,23.58,23.58,23.58,23.58,23.57,23.57,23.57,23.57,23.57,23.57,23.57,23.57,23.57,23.57,23.57,23.57,23.57,23.57,23.57,23.57,23.57,23.57,23.57,23.57,23.57,23.57,23.57,23.57,23.57,23.57,23.57,23.57,23.57,23.57,23.57,23.57,23.57,23.57,23.57,23.57,23.57,23.57,23.57,23.57,23.57,23.57,23.57,23.57,23.57,23.57,23.57,23.57,23.57,23.57,23.57,23.57,23.57,23.57,23.57,23.57,23.57,23.57,23.57,23.57,23.57,23.57,23.57,23.57,23.57,23.57,23.57,23.57,23.57,23.57,23.57,23.57,23.57,23.57,23.57,23.57,23.57,23.57
2012-10-01,,,,,,,,,,,,,,,,,,,,,23.58,23.59,23.59,23.58,23.58,23.58,23.58,23.58,23.58,23.58,23.58,23.58,23.58,23.58,23.58,23.56,23.56,23.56,23.56,23.56,23.56,23.56,23.56,23.56,23.56,23.56,23.56,23.57,23.57,23.57,23.57,23.57,23.57,23.57,23.57,23.57,23.57,23.57,23.57,23.57,23.57,23.57,23.57,23.57,23.57,23.57,23.57,23.57,23.57,23.57,23.57,23.56,23.56,23.56,23.56,23.56,23.56,23.56,23.56,23.56,23.56,23.56,23.56,23.56,23.56,23.56,23.56,23.56,23.56,23.56,23.56,23.56,23.56,23.56,23.56,23.56,23.56,23.56,23.56,23.56,23.56,23.56,23.56,23.56,23.56,23.56,23.56,23.56,23.56,23.56,23.56,23.56,23.56,23.56,23.56,23.56,23.56,23.56,23.56,23.56,23.56,23.56,23.56,23.56,23.56,23.56,23.56,23.56,23.56,23.56,23.56,23.56,23.56,23.56,23.56,23.56,23.56,23.56,23.56,23.56,23.56,23.56,23.56,23.56,23.56,23.56,23.56,23.56,23.56,23.56,23.56,23.56,23.56,23.56,23.56,23.56,23.56,23.56,23.56,23.56,23.56,23.56,23.56,23.56,23.56,23.56,23.56,23.56,23.56,23.56,23.56,23.56,23.56,23.56,23.56,23.56,23.56,23.56,23.56,23.56,23.56,23.56,23.56,23.56,23.56
2012-11-01,,,,,,,,,,,,,,,,,,,,,,23.63,23.66,23.67,23.67,23.67,23.67,23.67,23.67,23.67,23.67,23.67,23.67,23.67,23.67,23.64,23.64,23.64,23.64,23.64,23.64,23.64,23.64,23.64,23.64,23.64,23.64,23.64,23.64,23.64,23.64,23.64,23.64,23.64,23.64,23.64,23.64,23.64,23.64,23.64,23.64,23.64,23.64,23.64,23.64,23.64,23.64,23.64,23.64,23.64,23.64,23.64,23.64,23.64,23.64,23.64,23.64,23.64,23.64,23.64,23.64,23.64,23.64,23.64,23.64,23.64,23.64,23.64,23.64,23.64,23.64,23.64,23.64,23.64,23.64,23.63,23.63,23.63,23.63,23.63,23.63,23.63,23.63,23.63,23.63,23.63,23.63,23.63,23.63,23.63,23.63,23.63,23.63,23.63,23.63,23.63,23.63,23.63,23.63,23.63,23.63,23.63,23.63,23.63,23.63,23.63,23.63,23.63,23.63,23.63,23.63,23.63,23.63,23.63,23.63,23.63,23.63,23.63,23.63,23.63,23.63,23.63,23.63,23.63,23.63,23.63,23.63,23.63,23.63,23.63,23.63,23.63,23.63,23.63,23.63,23.63,23.63,23.63,23.63,23.63,23.63,23.63,23.63,23.63,23.63,23.63,23.63,23.63,23.63,23.63,23.63,23.63,23.63,23.63,23.63,23.63,23.63,23.63,23.63,23.63,23.63,23.63,23.63,23.63,23.63
2012-12-01,,,,,,,,,,,,,,,,,,,,,,,23.73,23.74,23.75,23.75,23.75,23.75,23.75,23.75,23.75,23.75,23.75,23.75,23.75,23.71,23.71,23.71,23.71,23.71,23.71,23.71,23.71,23.71,23.71,23.71,23.71,23.73,23.73,23.73,23.73,23.73,23.73,23.73,23.73,23.73,23.73,23.73,23.73,23.73,23.73,23.73,23.73,23.73,23.73,23.73,23.73,23.73,23.73,23.73,23.73,23.72,23.72,23.72,23.72,23.72,23.72,23.72,23.72,23.72,23.72,23.72,23.72,23.72,23.72,23.72,23.72,23.72,23.72,23.72,23.72,23.72,23.72,23.72,23.72,23.73,23.73,23.73,23.73,23.73,23.73,23.73,23.73,23.73,23.73,23.73,23.73,23.73,23.73,23.73,23.73,23.73,23.73,23.73,23.73,23.73,23.73,23.73,23.73,23.73,23.73,23.73,23.73,23.73,23.73,23.73,23.73,23.73,23.73,23.73,23.73,23.73,23.73,23.73,23.73,23.73,23.73,23.73,23.73,23.73,23.73,23.73,23.73,23.73,23.73,23.73,23.73,23.73,23.73,23.73,23.73,23.73,23.73,23.73,23.73,23.73,23.73,23.73,23.73,23.73,23.73,23.73,23.73,23.73,23.73,23.73,23.73,23.72,23.72,23.72,23.72,23.72,23.72,23.72,23.72,23.72,23.72,23.72,23.72,23.72,23.72,23.72,23.72,23.72,23.72
2013-01-01,,,,,,,,,,,,,,,,,,,,,,,,23.78,23.78,23.78,23.78,23.78,23.78,23.78,23.78,23.78,23.78,23.78,23.78,23.75,23.75,23.75,23.75,23.75,23.75,23.75,23.75,23.75,23.75,23.75,23.75,23.76,23.76,23.76,23.76,23.76,23.76,23.76,23.76,23.76,23.76,23.76,23.76,23.75,23.75,23.75,23.75,23.75,23.75,23.75,23.75,23.75,23.75,23.75,23.75,23.74,23.74,23.74,23.74,23.74,23.74,23.74,23.74,23.74,23.74,23.74,23.74,23.75,23.75,23.75,23.75,23.75,23.75,23.75,23.75,23.75,23.75,23.75,23.75,23.76,23.76,23.76,23.76,23.76,23.76,23.76,23.76,23.76,23.76,23.76,23.76,23.76,23.76,23.76,23.76,23.76,23.76,23.76,23.76,23.76,23.76,23.76,23.76,23.76,23.76,23.76,23.76,23.76,23.76,23.76,23.76,23.76,23.76,23.76,23.76,23.76,23.76,23.76,23.76,23.76,23.76,23.76,23.76,23.76,23.76,23.76,23.76,23.75,23.75,23.75,23.75,23.75,23.75,23.75,23.75,23.75,23.75,23.75,23.75,23.75,23.75,23.75,23.75,23.75,23.75,23.75,23.75,23.75,23.75,23.75,23.75,23.75,23.75,23.75,23.75,23.75,23.75,23.75,23.75,23.75,23.75,23.75,23.74,23.74,23.74,23.74,23.74,23.74,23.74
2013-02-01,,,,,,,,,,,,,,,,,,,,,,,,,23.82,23.81,23.82,23.82,23.82,23.82,23.82,23.82,23.82,23.82,23.82,23.79,23.79,23.79,23.79,23.79,23.79,23.79,23.79,23.79,23.79,23.79,23.79,23.79,23.79,23.79,23.79,23.79,23.79,23.79,23.79,23.79,23.79,23.79,23.79,23.78,23.78,23.78,23.78,23.78,23.78,23.78,23.78,23.78,23.78,23.78,23.78,23.79,23.79,23.79,23.79,23.79,23.79,23.79,23.79,23.79,23.79,23.79,23.79,23.79,23.79,23.79,23.79,23.79,23.79,23.79,23.79,23.79,23.79,23.79,23.79,23.78,23.78,23.78,23.78,23.78,23.78,23.78,23.78,23.78,23.78,23.78,23.78,23.77,23.77,23.77,23.77,23.77,23.77,23.77,23.77,23.77,23.77,23.77,23.77,23.77,23.77,23.77,23.77,23.77,23.77,23.77,23.77,23.77,23.77,23.77,23.77,23.77,23.77,23.77,23.77,23.77,23.77,23.77,23.77,23.77,23.77,23.77,23.77,23.78,23.78,23.78,23.78,23.78,23.78,23.78,23.78,23.78,23.78,23.78,23.78,23.78,23.78,23.78,23.78,23.78,23.78,23.78,23.78,23.78,23.78,23.78,23.78,23.77,23.77,23.77,23.77,23.77,23.77,23.77,23.77,23.77,23.77,23.77,23.78,23.78,23.78,23.78,23.78,23.78,23.78
2013-03-01,,,,,,,,,,,,,,,,,,,,,,,,,,23.82,23.83,23.83,23.83,23.83,23.83,23.83,23.83,23.83,23.83,23.81,23.81,23.81,23.81,23.81,23.81,23.81,23.81,23.81,23.81,23.81,23.81,23.82,23.82,23.82,23.82,23.82,23.82,23.82,23.82,23.82,23.82,23.82,23.82,23.81,23.81,23.81,23.81,23.81,23.81,23.81,23.81,23.81,23.81,23.81,23.81,23.80,23.80,23.80,23.80,23.80,23.80,23.80,23.80,23.80,23.80,23.80,23.80,23.81,23.81,23.81,23.81,23.81,23.81,23.81,23.81,23.81,23.81,23.81,23.81,23.81,23.81,23.81,23.81,23.81,23.81,23.81,23.81,23.81,23.81,23.81,23.81,23.81,23.81,23.81,23.81,23.81,23.81,23.81,23.81,23.81,23.81,23.81,23.81,23.81,23.81,23.81,23.81,23.81,23.81,23.81,23.81,23.81,23.81,23.81,23.81,23.81,23.81,23.81,23.81,23.81,23.81,23.81,23.81,23.81,23.81,23.81,23.81,23.80,23.80,23.80,23.80,23.80,23.80,23.80,23.80,23.80,23.80,23.80,23.80,23.80,23.80,23.80,23.80,23.80,23.80,23.80,23.80,23.80,23.80,23.80,23.80,23.80,23.80,23.80,23.80,23.80,23.80,23.80,23.80,23.80,23.80,23.80,23.80,23.80,23.80,23.80,23.80,23.80,23.80
2013-04-01,,,,,,,,,,,,,,,,,,,,,,,,,,,23.87,23.88,23.89,23.89,23.89,23.89,23.89,23.89,23.89,23.86,23.86,23.86,23.86,23.86,23.86,23.86,23.86,23.86,23.86,23.86,23.86,23.87,23.87,23.87,23.87,23.87,23.87,23.87,23.87,23.87,23.87,23.87,23.87,23.87,23.87,23.87,23.87,23.87,23.87,23.87,23.87,23.87,23.87,23.87,23.87,23.86,23.86,23.86,23.86,23.86,23.86,23.86,23.86,23.86,23.86,23.86,23.86,23.87,23.87,23.87,23.87,23.87,23.87,23.87,23.87,23.87,23.87,23.87,23.87,23.88,23.88,23.88,23.88,23.88,23.88,23.88,23.88,23.88,23.88,23.88,23.88,23.87,23.87,23.87,23.87,23.87,23.87,23.87,23.87,23.87,23.87,23.87,23.87,23.87,23.87,23.87,23.87,23.87,23.87,23.87,23.87,23.87,23.87,23.87,23.87,23.87,23.87,23.87,23.87,23.87,23.87,23.87,23.87,23.87,23.87,23.87,23.87,23.87,23.87,23.87,23.87,23.87,23.87,23.87,23.87,23.87,23.87,23.87,23.87,23.87,23.87,23.87,23.87,23.87,23.87,23.87,23.87,23.87,23.87,23.87,23.87,23.87,23.87,23.87,23.87,23.87,23.87,23.87,23.87,23.87,23.87,23.87,23.87,23.87,23.87,23.87,23.87,23.87,23.87
2013-05-01,,,,,,,,,,,,,,,,,,,,,,,,,,,,23.89,23.91,23.90,23.90,23.90,23.90,23.90,23.90,23.89,23.89,23.89,23.89,23.89,23.89,23.89,23.89,23.89,23.89,23.89,23.89,23.89,23.89,23.89,23.89,23.89,23.89,23.89,23.89,23.89,23.89,23.89,23.89,23.89,23.89,23.89,23.89,23.89,23.89,23.89,23.89,23.89,23.89,23.89,23.89,23.89,23.89,23.89,23.89,23.89,23.89,23.89,23.89,23.89,23.89,23.89,23.89,23.89,23.89,23.89,23.89,23.89,23.89,23.89,23.89,23.89,23.89,23.89,23.89,23.90,23.90,23.90,23.90,23.90,23.90,23.90,23.90,23.90,23.90,23.90,23.90,23.89,23.89,23.89,23.89,23.89,23.89,23.89,23.89,23.89,23.89,23.89,23.89,23.89,23.89,23.89,23.89,23.89,23.89,23.89,23.89,23.89,23.89,23.89,23.89,23.89,23.89,23.89,23.89,23.89,23.89,23.89,23.89,23.89,23.89,23.89,23.89,23.89,23.89,23.89,23.89,23.89,23.89,23.89,23.89,23.89,23.89,23.89,23.89,23.89,23.89,23.89,23.89,23.89,23.89,23.89,23.89,23.89,23.89,23.89,23.89,23.89,23.89,23.89,23.89,23.89,23.89,23.89,23.89,23.89,23.89,23.89,23.89,23.89,23.89,23.89,23.89,23.89,23.89
2013-06-01,,,,,,,,,,,,,,,,,,,,,,,,,,,,,24.01,24.00,24.00,24.00,24.00,24.00,24.00,23.98,23.98,23.98,23.98,23.98,23.98,23.98,23.98,23.98,23.98,23.98,23.98,23.97,23.97,23.97,23.97,23.97,23.97,23.97,23.97,23.97,23.97,23.97,23.97,23.98,23.98,23.98,23.98,23.98,23.98,23.98,23.98,23.98,23.98,23.98,23.98,23.97,23.97,23.97,23.97,23.97,23.97,23.97,23.97,23.97,23.97,23.97,23.97,23.96,23.96,23.96,23.96,23.96,23.96,23.96,23.96,23.96,23.96,23.96,23.96,23.97,23.97,23.97,23.97,23.97,23.97,23.97,23.97,23.97,23.97,23.97,23.97,23.97,23.97,23.97,23.97,23.97,23.97,23.97,23.97,23.97,23.97,23.97,23.97,23.97,23.97,23.97,23.97,23.97,23.97,23.97,23.97,23.97,23.97,23.97,23.97,23.97,23.97,23.97,23.97,23.97,23.97,23.97,23.97,23.97,23.97,23.97,23.97,23.96,23.96,23.96,23.96,23.96,23.96,23.96,23.96,23.96,23.96,23.96,23.96,23.96,23.96,23.96,23.96,23.96,23.96,23.96,23.96,23.96,23.96,23.96,23.96,23.96,23.96,23.96,23.96,23.96,23.96,23.96,23.96,23.96,23.96,23.96,23.96,23.96,23.96,23.96,23.96,23.96,23.96
2013-07-01,,,,,,,,,,,,,,,,,,,,,,,,,,,,,,23.98,24.00,23.99,23.99,23.99,23.99,23.97,23.97,23.97,23.97,23.97,23.97,23.97,23.97,23.97,23.97,23.97,23.97,23.97,23.97,23.97,23.97,23.97,23.97,23.97,23.97,23.97,23.97,23.97,23.97,23.98,23.98,23.98,23.98,23.98,23.98,23.98,23.98,23.98,23.98,23.98,23.98,23.98,23.98,23.98,23.98,23.98,23.98,23.98,23.98,23.98,23.98,23.98,23.98,23.99,23.99,23.99,23.99,23.99,23.99,23.99,23.99,23.99,23.99,23.99,23.99,23.99,23.99,23.99,23.99,23.99,23.99,23.99,23.99,23.99,23.99,23.99,23.99,23.98,23.98,23.98,23.98,23.98,23.98,23.98,23.98,23.98,23.98,23.98,23.98,23.98,23.98,23.98,23.98,23.98,23.98,23.98,23.98,23.98,23.98,23.98,23.98,23.98,23.98,23.98,23.98,23.98,23.98,23.98,23.98,23.98,23.98,23.98,23.98,23.98,23.98,23.98,23.98,23.98,23.98,23.98,23.98,23.98,23.98,23.98,23.98,23.98,23.98,23.98,23.98,23.98,23.98,23.98,23.98,23.98,23.98,23.98,23.98,23.98,23.98,23.98,23.98,23.98,23.98,23.98,23.98,23.98,23.98,23.98,23.98,23.98,23.98,23.98,23.98,23.98,23.98
2013-08-01,,,,,,,,,,,,,,,,,,,,,,,,,,,,,,,24.05,24.06,24.05,24.05,24.05,24.03,24.03,24.03,24.03,24.03,24.03,24.03,24.03,24.03,24.03,24.03,24.03,24.02,24.02,24.02,24.02,24.02,24.02,24.02,24.02,24.02,24.02,24.02,24.02,24.03,24.03,24.03,24.03,24.03,24.03,24.03,24.03,24.03,24.03,24.03,24.03,24.02,24.02,24.02,24.02,24.02,24.02,24.02,24.02,24.02,24.02,24.02,24.02,24.02,24.02,24.02,24.02,24.02,24.02,24.02,24.02,24.02,24.02,24.02,24.02,24.03,24.03,24.03,24.03,24.03,24.03,24.03,24.03,24.03,24.03,24.03,24.03,24.03,24.03,24.03,24.03,24.03,24.03,24.03,24.03,24.03,24.03,24.03,24.03,24.03,24.03,24.03,24.03,24.03,24.03,24.03,24.03,24.03,24.03,24.03,24.03,24.03,24.03,24.03,24.03,24.03,24.03,24.03,24.03,24.03,24.03,24.03,24.03,24.02,24.02,24.02,24.02,24.02,24.02,24.02,24.02,24.02,24.02,24.02,24.02,24.02,24.02,24.02,24.02,24.02,24.02,24.02,24.02,24.02,24.02,24.02,24.02,24.02,24.02,24.02,24.02,24.02,24.02,24.02,24.02,24.02,24.02,24.02,24.02,24.02,24.02,24.02,24.02,24.02,24.02
2013-09-01,,,,,,,,,,,,,,,,,,,,,,,,,,,,,,,,24.09,24.08,24.09,24.09,24.06,24.06,24.06,24.06,24.06,24.06,24.06,24.06,24.06,24.06,24.06,24.06,24.06,24.06,24.06,24.06,24.06,24.06,24.06,24.06,24.06,24.06,24.06,24.06,24.07,24.07,24.07,24.07,24.07,24.07,24.07,24.07,24.07,24.07,24.07,24.07,24.06,24.06,24.06,24.06,24.06,24.06,24.06,24.06,24.06,24.06,24.06,24.06,24.05,24.05,24.05,24.05,24.05,24.05,24.05,24.05,24.05,24.05,24.05,24.05,24.06,24.06,24.06,24.06,24.06,24.06,24.06,24.06,24.06,24.06,24.06,24.06,24.06,24.06,24.06,24.06,24.06,24.06,24.06,24.06,24.06,24.06,24.06,24.06,24.06,24.06,24.06,24.06,24.06,24.06,24.06,24.06,24.06,24.06,24.06,24.06,24.06,24.06,24.06,24.06,24.06,24.06,24.06,24.06,24.06,24.06,24.06,24.06,24.06,24.06,24.06,24.06,24.06,24.06,24.06,24.06,24.06,24.06,24.06,24.06,24.06,24.06,24.06,24.06,24.06,24.06,24.06,24.06,24.06,24.06,24.06,24.06,24.06,24.06,24.06,24.06,24.06,24.06,24.06,24.06,24.06,24.06,24.06,24.06,24.06,24.06,24.06,24.06,24.06,24.06
2013-10-01,,,,,,,,,,,,,,,,,,,,,,,,,,,,,,,,,24.10,24.11,24.11,24.09,24.09,24.09,24.09,24.09,24.09,24.09,24.09,24.09,24.09,24.09,24.09,24.10,24.10,24.10,24.10,24.10,24.10,24.10,24.10,24.10,24.10,24.10,24.10,24.10,24.10,24.10,24.10,24.10,24.10,24.10,24.10,24.10,24.10,24.10,24.10,24.09,24.09,24.09,24.09,24.09,24.09,24.09,24.09,24.09,24.09,24.09,24.09,24.09,24.09,24.09,24.09,24.09,24.09,24.09,24.09,24.09,24.09,24.09,24.09,24.09,24.09,24.09,24.09,24.09,24.09,24.09,24.09,24.09,24.09,24.09,24.09,24.09,24.09,24.09,24.09,24.09,24.09,24.09,24.09,24.09,24.09,24.09,24.09,24.09,24.09,24.09,24.09,24.09,24.09,24.09,24.09,24.09,24.09,24.09,24.09,24.09,24.09,24.09,24.09,24.09,24.09,24.09,24.09,24.09,24.09,24.09,24.09,24.09,24.09,24.09,24.09,24.09,24.09,24.09,24.09,24.09,24.09,24.09,24.09,24.09,24.09,24.09,24.09,24.09,24.09,24.09,24.09,24.09,24.09,24.09,24.09,24.09,24.09,24.09,24.09,24.09,24.09,24.09,24.09,24.09,24.09,24.09,24.09,24.09,24.09,24.09,24.09,24.09,24.09
2013-11-01,,,,,,,,,,,,,,,,,,,,,,,,,,,,,,,,,,24.15,24.15,24.15,24.15,24.15,24.15,24.15,24.15,24.15,24.15,24.15,24.15,24.15,24.15,24.17,24.17,24.17,24.17,24.17,24.17,24.17,24.17,24.17,24.17,24.17,24.17,24.17,24.17,24.17,24.17,24.17,24.17,24.17,24.17,24.17,24.17,24.17,24.17,24.16,24.16,24.16,24.16,24.16,24.16,24.16,24.16,24.16,24.16,24.16,24.16,24.16,24.16,24.16,24.16,24.16,24.16,24.16,24.16,24.16,24.16,24.16,24.16,24.16,24.16,24.16,24.16,24.16,24.16,24.16,24.16,24.16,24.16,24.16,24.16,24.16,24.16,24.16,24.16,24.16,24.16,24.16,24.16,24.16,24.16,24.16,24.16,24.16,24.16,24.16,24.16,24.16,24.16,24.16,24.16,24.16,24.16,24.16,24.16,24.16,24.16,24.16,24.16,24.16,24.16,24.16,24.16,24.16,24.16,24.16,24.16,24.16,24.16,24.16,24.16,24.16,24.16,24.16,24.16,24.16,24.16,24.16,24.16,24.16,24.16,24.16,24.16,24.16,24.16,24.16,24.16,24.16,24.16,24.16,24.16,24.16,24.16,24.16,24.16,24.16,24.16,24.16,24.16,24.16,24.16,24.16,24.16,24.16,24.16,24.16,24.16,24.16,24.16
2013-12-01,,,,,,,,,,,,,,,,,,,,,,,,,,,,,,,,,,,24.17,24.16,24.17,24.17,24.17,24.17,24.17,24.17,24.17,24.17,24.17,24.17,24.17,24.18,24.18,24.18,24.18,24.18,24.18,24.18,24.18,24.18,24.18,24.18,24.18,24.20,24.20,24.20,24.20,24.20,24.20,24.20,24.20,24.20,24.20,24.20,24.20,24.19,24.19,24.19,24.19,24.19,24.19,24.19,24.19,24.19,24.19,24.19,24.19,24.17,24.17,24.17,24.17,24.17,24.17,24.17,24.17,24.17,24.17,24.17,24.17,24.17,24.17,24.17,24.17,24.17,24.17,24.17,24.17,24.17,24.17,24.17,24.17,24.17,24.17,24.17,24.17,24.17,24.17,24.17,24.17,24.17,24.17,24.17,24.17,24.17,24.17,24.17,24.17,24.17,24.17,24.17,24.17,24.17,24.17,24.17,24.17,24.17,24.17,24.17,24.17,24.17,24.17,24.17,24.17,24.17,24.17,24.17,24.17,24.18,24.18,24.18,24.18,24.18,24.18,24.18,24.18,24.18,24.18,24.18,24.18,24.18,24.18,24.18,24.18,24.18,24.18,24.18,24.18,24.18,24.18,24.18,24.18,24.18,24.18,24.18,24.18,24.18,24.18,24.18,24.18,24.18,24.18,24.18,24.18,24.18,24.18,24.18,24.18,24.18,24.18
2014-01-01,,,,,,,,,,,,,,,,,,,,,,,,,,,,,,,,,,,,24.21,24.22,24.22,24.22,24.22,24.22,24.22,24.22,24.22,24.22,24.22,24.22,24.22,24.22,24.22,24.22,24.22,24.22,24.22,24.22,24.22,24.22,24.22,24.22,24.23,24.23,24.23,24.23,24.23,24.23,24.23,24.23,24.23,24.23,24.23,24.23,24.22,24.22,24.22,24.22,24.22,24.22,24.22,24.22,24.22,24.22,24.22,24.22,24.22,24.22,24.22,24.22,24.22,24.22,24.22,24.22,24.22,24.22,24.22,24.22,24.21,24.21,24.21,24.21,24.21,24.21,24.21,24.21,24.21,24.21,24.21,24.21,24.21,24.21,24.21,24.21,24.21,24.21,24.21,24.21,24.21,24.21,24.21,24.21,24.21,24.21,24.21,24.21,24.21,24.21,24.21,24.21,24.21,24.21,24.21,24.21,24.21,24.21,24.21,24.21,24.21,24.21,24.21,24.21,24.21,24.21,24.21,24.21,24.23,24.23,24.23,24.23,24.23,24.23,24.23,24.23,24.23,24.23,24.23,24.23,24.23,24.23,24.23,24.23,24.23,24.23,24.23,24.23,24.23,24.23,24.23,24.23,24.23,24.23,24.23,24.23,24.23,24.23,24.23,24.23,24.23,24.23,24.23,24.22,24.22,24.22,24.22,24.22,24.22,24.22
2014-02-01,,,,,,,,,,,,,,,,,,,,,,,,,,,,,,,,,,,,,24.31,24.31,24.29,24.29,24.29,24.29,24.29,24.29,24.29,24.29,24.29,24.30,24.30,24.30,24.30,24.30,24.30,24.30,24.30,24.30,24.30,24.30,24.30,24.33,24.33,24.33,24.33,24.33,24.33,24.33,24.33,24.33,24.33,24.33,24.33,24.32,24.32,24.32,24.32,24.32,24.32,24.32,24.32,24.32,24.32,24.32,24.32,24.32,24.32,24.32,24.32,24.32,24.32,24.32,24.32,24.32,24.32,24.32,24.32,24.32,24.32,24.32,24.32,24.32,24.32,24.32,24.32,24.32,24.32,24.32,24.32,24.32,24.32,24.32,24.32,24.32,24.32,24.32,24.32,24.32,24.32,24.32,24.32,24.32,24.32,24.32,24.32,24.32,24.32,24.32,24.32,24.32,24.32,24.32,24.32,24.32,24.32,24.32,24.32,24.32,24.32,24.32,24.32,24.32,24.32,24.32,24.32,24.33,24.33,24.33,24.33,24.33,24.33,24.33,24.33,24.33,24.33,24.33,24.33,24.33,24.33,24.33,24.33,24.33,24.33,24.33,24.33,24.33,24.33,24.33,24.33,24.33,24.33,24.33,24.33,24.33,24.33,24.33,24.33,24.33,24.33,24.33,24.33,24.33,24.33,24.33,24.33,24.33,24.33
2014-03-01,,,,,,,,,,,,,,,,,,,,,,,,,,,,,,,,,,,,,,24.30,24.31,24.32,24.32,24.32,24.32,24.32,24.32,24.32,24.32,24.34,24.34,24.34,24.34,24.34,24.34,24.34,24.34,24.34,24.34,24.34,24.34,24.33,24.33,24.33,24.33,24.33,24.33,24.33,24.33,24.33,24.33,24.33,24.33,24.31,24.31,24.31,24.31,24.31,24.31,24.31,24.31,24.31,24.31,24.31,24.31,24.30,24.30,24.30,24.30,24.30,24.30,24.30,24.30,24.30,24.30,24.30,24.30,24.31,24.31,24.31,24.31,24.31,24.31,24.31,24.31,24.31,24.31,24.31,24.31,24.31,24.31,24.31,24.31,24.31,24.31,24.31,24.31,24.31,24.31,24.31,24.31,24.31,24.31,24.31,24.31,24.31,24.31,24.31,24.31,24.31,24.31,24.31,24.31,24.31,24.31,24.31,24.31,24.31,24.31,24.31,24.31,24.31,24.31,24.31,24.31,24.32,24.32,24.32,24.32,24.32,24.32,24.32,24.32,24.32,24.32,24.32,24.32,24.32,24.32,24.32,24.32,24.32,24.32,24.32,24.32,24.32,24.32,24.32,24.32,24.31,24.31,24.31,24.31,24.31,24.31,24.31,24.31,24.31,24.31,24.31,24.31,24.31,24.31,24.31,24.31,24.31,24.31
2014-04-01,,,,,,,,,,,,,,,,,,,,,,,,,,,,,,,,,,,,,,,24.31,24.33,24.33,24.33,24.33,24.33,24.33,24.33,24.33,24.34,24.34,24.34,24.34,24.34,24.34,24.34,24.34,24.34,24.34,24.34,24.34,24.34,24.34,24.34,24.34,24.34,24.34,24.34,24.34,24.34,24.34,24.34,24.34,24.34,24.34,24.34,24.34,24.34,24.34,24.34,24.34,24.34,24.34,24.34,24.34,24.34,24.34,24.34,24.34,24.34,24.34,24.34,24.34,24.34,24.34,24.34,24.34,24.34,24.34,24.34,24.34,24.34,24.34,24.34,24.34,24.34,24.34,24.34,24.34,24.34,24.34,24.34,24.34,24.34,24.34,24.34,24.34,24.34,24.34,24.34,24.34,24.34,24.34,24.34,24.34,24.34,24.34,24.34,24.34,24.34,24.34,24.34,24.34,24.34,24.34,24.34,24.34,24.34,24.34,24.34,24.34,24.34,24.34,24.34,24.34,24.34,24.34,24.34,24.34,24.34,24.34,24.34,24.34,24.34,24.34,24.34,24.34,24.34,24.34,24.34,24.34,24.34,24.34,24.34,24.34,24.34,24.34,24.34,24.34,24.34,24.34,24.34,24.34,24.34,24.34,24.34,24.34,24.34,24.34,24.34,24.34,24.34,24.34,24.34,24.34,24.34,24.34
2014-05-01,,,,,,,,,,,,,,,,,,,,,,,,,,,,,,,,,,,,,,,,24.38,24.39,24.38,24.38,24.38,24.38,24.38,24.38,24.40,24.40,24.40,24.40,24.40,24.40,24.40,24.40,24.40,24.40,24.40,24.40,24.40,24.40,24.40,24.40,24.40,24.40,24.40,24.40,24.40,24.40,24.40,24.40,24.40,24.40,24.40,24.40,24.40,24.40,24.40,24.40,24.40,24.40,24.40,24.40,24.40,24.40,24.40,24.40,24.40,24.40,24.40,24.40,24.40,24.40,24.40,24.40,24.40,24.40,24.40,24.40,24.40,24.40,24.40,24.40,24.40,24.40,24.40,24.40,24.40,24.40,24.40,24.40,24.40,24.40,24.40,24.40,24.40,24.40,24.40,24.40,24.40,24.40,24.40,24.40,24.40,24.40,24.40,24.40,24.40,24.40,24.40,24.40,24.40,24.40,24.40,24.40,24.40,24.40,24.40,24.40,24.40,24.40,24.40,24.40,24.40,24.40,24.40,24.40,24.40,24.40,24.40,24.40,24.40,24.40,24.40,24.40,24.40,24.40,24.40,24.40,24.40,24.40,24.40,24.40,24.40,24.40,24.40,24.40,24.40,24.40,24.40,24.40,24.40,24.40,24.40,24.40,24.40,24.40,24.40,24.40,24.40,24.40,24.40,24.40,24.40,24.40
2014-06-01,,,,,,,,,,,,,,,,,,,,,,,,,,,,,,,,,,,,,,,,,24.45,24.44,24.45,24.45,24.45,24.45,24.45,24.46,24.46,24.46,24.46,24.46,24.46,24.46,24.46,24.46,24.46,24.46,24.46,24.47,24.47,24.47,24.47,24.47,24.47,24.47,24.47,24.47,24.47,24.47,24.47,24.45,24.45,24.45,24.45,24.45,24.45,24.45,24.45,24.45,24.45,24.45,24.45,24.45,24.45,24.45,24.45,24.45,24.45,24.45,24.45,24.45,24.45,24.45,24.45,24.44,24.44,24.44,24.44,24.44,24.44,24.44,24.44,24.44,24.44,24.44,24.44,24.44,24.44,24.44,24.44,24.44,24.44,24.44,24.44,24.44,24.44,24.44,24.44,24.45,24.45,24.45,24.45,24.45,24.45,24.45,24.45,24.45,24.45,24.45,24.45,24.45,24.45,24.45,24.45,24.45,24.45,24.45,24.45,24.45,24.45,24.45,24.45,24.46,24.46,24.46,24.46,24.46,24.46,24.46,24.46,24.46,24.46,24.46,24.46,24.46,24.46,24.46,24.46,24.46,24.46,24.46,24.46,24.46,24.46,24.46,24.46,24.46,24.46,24.46,24.46,24.46,24.46,24.46,24.46,24.46,24.46,24.46,24.46,24.46,24.46,24.46,24.46,24.46,24.46
2014-07-01,,,,,,,,,,,,,,,,,,,,,,,,,,,,,,,,,,,,,,,,,,24.45,24.47,24.46,24.46,24.46,24.46,24.47,24.47,24.47,24.47,24.47,24.47,24.47,24.47,24.47,24.47,24.47,24.47,24.48,24.48,24.48,24.48,24.48,24.48,24.48,24.48,24.48,24.48,24.48,24.48,24.48,24.48,24.48,24.48,24.48,24.48,24.48,24.48,24.48,24.48,24.48,24.48,24.49,24.49,24.49,24.49,24.49,24.49,24.49,24.49,24.49,24.49,24.49,24.49,24.48,24.48,24.48,24.48,24.48,24.48,24.48,24.48,24.48,24.48,24.48,24.48,24.48,24.48,24.48,24.48,24.48,24.48,24.48,24.48,24.48,24.48,24.48,24.48,24.48,24.48,24.48,24.48,24.48,24.48,24.48,24.48,24.48,24.48,24.48,24.48,24.48,24.48,24.48,24.48,24.48,24.48,24.48,24.48,24.48,24.48,24.48,24.48,24.48,24.48,24.48,24.48,24.48,24.48,24.48,24.48,24.48,24.48,24.48,24.48,24.48,24.48,24.48,24.48,24.48,24.48,24.48,24.48,24.48,24.48,24.48,24.48,24.48,24.48,24.48,24.48,24.48,24.48,24.48,24.48,24.48,24.48,24.48,24.48,24.48,24.48,24.48,24.48,24.48,24.48
2014-08-01,,,,,,,,,,,,,,,,,,,,,,,,,,,,,,,,,,,,,,,,,,,24.53,24.54,24.54,24.54,24.54,24.55,24.55,24.55,24.55,24.55,24.55,24.55,24.55,24.55,24.55,24.55,24.55,24.55,24.55,24.55,24.55,24.55,24.55,24.55,24.55,24.55,24.55,24.55,24.55,24.55,24.55,24.55,24.55,24.55,24.55,24.55,24.55,24.55,24.55,24.55,24.55,24.55,24.55,24.55,24.55,24.55,24.55,24.55,24.55,24.55,24.55,24.55,24.55,24.55,24.55,24.55,24.55,24.55,24.55,24.55,24.55,24.55,24.55,24.55,24.55,24.55,24.55,24.55,24.55,24.55,24.55,24.55,24.55,24.55,24.55,24.55,24.55,24.56,24.56,24.56,24.56,24.56,24.56,24.56,24.56,24.56,24.56,24.56,24.56,24.56,24.56,24.56,24.56,24.56,24.56,24.56,24.56,24.56,24.56,24.56,24.56,24.54,24.54,24.54,24.54,24.54,24.54,24.54,24.54,24.54,24.54,24.54,24.54,24.54,24.54,24.54,24.54,24.54,24.54,24.54,24.54,24.54,24.54,24.54,24.54,24.54,24.54,24.54,24.54,24.54,24.54,24.54,24.54,24.54,24.54,24.54,24.54,24.54,24.54,24.54,24.54,24.54,24.54
2014-09-01,,,,,,,,,,,,,,,,,,,,,,,,,,,,,,,,,,,,,,,,,,,,24.53,24.54,24.54,24.54,24.55,24.55,24.55,24.55,24.55,24.55,24.55,24.55,24.55,24.55,24.55,24.55,24.56,24.56,24.56,24.56,24.56,24.56,24.56,24.56,24.56,24.56,24.56,24.56,24.55,24.55,24.55,24.55,24.55,24.55,24.55,24.55,24.55,24.55,24.55,24.55,24.57,24.57,24.57,24.57,24.57,24.57,24.57,24.57,24.57,24.57,24.57,24.57,24.56,24.56,24.56,24.56,24.56,24.56,24.56,24.56,24.56,24.56,24.56,24.56,24.56,24.56,24.56,24.56,24.56,24.56,24.56,24.56,24.56,24.56,24.56,24.56,24.56,24.56,24.56,24.56,24.56,24.56,24.56,24.56,24.56,24.56,24.56,24.56,24.56,24.56,24.56,24.56,24.56,24.56,24.56,24.56,24.56,24.56,24.56,24.56,24.55,24.55,24.55,24.55,24.55,24.55,24.55,24.55,24.55,24.55,24.55,24.55,24.55,24.55,24.55,24.55,24.55,24.55,24.55,24.55,24.55,24.55,24.55,24.55,24.55,24.55,24.55,24.55,24.55,24.55,24.55,24.55,24.55,24.55,24.55,24.56,24.56,24.56,24.56,24.56,24.56,24.56
2014-10-01,,,,,,,,,,,,,,,,,,,,,,,,,,,,,,,,,,,,,,,,,,,,,24.57,24.57,24.56,24.59,24.59,24.59,24.59,24.59,24.59,24.59,24.59,24.59,24.59,24.59,24.59,24.58,24.58,24.58,24.58,24.58,24.58,24.58,24.58,24.58,24.58,24.58,24.58,24.58,24.58,24.58,24.58,24.58,24.58,24.58,24.58,24.58,24.58,24.58,24.58,24.58,24.58,24.58,24.58,24.58,24.58,24.58,24.58,24.58,24.58,24.58,24.58,24.58,24.58,24.58,24.58,24.58,24.58,24.58,24.58,24.58,24.58,24.58,24.58,24.58,24.58,24.58,24.58,24.58,24.58,24.58,24.58,24.58,24.58,24.58,24.58,24.58,24.58,24.58,24.58,24.58,24.58,24.58,24.58,24.58,24.58,24.58,24.58,24.58,24.58,24.58,24.58,24.58,24.58,24.58,24.58,24.58,24.58,24.58,24.58,24.58,24.58,24.58,24.58,24.58,24.58,24.58,24.58,24.58,24.58,24.58,24.58,24.58,24.58,24.58,24.58,24.58,24.58,24.58,24.58,24.58,24.58,24.58,24.58,24.58,24.58,24.58,24.58,24.58,24.58,24.58,24.58,24.58,24.58,24.58,24.59,24.59,24.59,24.59,24.59,24.59,24.59
2014-11-01,,,,,,,,,,,,,,,,,,,,,,,,,,,,,,,,,,,,,,,,,,,,,,24.66,24.62,24.68,24.68,24.68,24.68,24.68,24.68,24.68,24.68,24.68,24.68,24.68,24.68,24.68,24.68,24.68,24.68,24.68,24.68,24.68,24.68,24.68,24.68,24.68,24.68,24.65,24.65,24.65,24.65,24.65,24.65,24.65,24.65,24.65,24.65,24.65,24.65,24.65,24.65,24.65,24.65,24.65,24.65,24.65,24.65,24.65,24.65,24.65,24.65,24.65,24.65,24.65,24.65,24.65,24.65,24.65,24.65,24.65,24.65,24.65,24.65,24.65,24.65,24.65,24.65,24.65,24.65,24.65,24.65,24.65,24.65,24.65,24.65,24.65,24.65,24.65,24.65,24.65,24.65,24.65,24.65,24.65,24.65,24.65,24.65,24.65,24.65,24.65,24.65,24.65,24.65,24.65,24.65,24.65,24.65,24.65,24.65,24.66,24.66,24.66,24.66,24.66,24.66,24.66,24.66,24.66,24.66,24.66,24.66,24.66,24.66,24.66,24.66,24.66,24.66,24.66,24.66,24.66,24.66,24.66,24.66,24.66,24.66,24.66,24.66,24.66,24.66,24.66,24.66,24.66,24.66,24.66,24.66,24.66,24.66,24.66,24.66,24.66,24.66
2014-12-01,,,,,,,,,,,,,,,,,,,,,,,,,,,,,,,,,,,,,,,,,,,,,,,24.57,24.63,24.62,24.62,24.62,24.62,24.62,24.62,24.62,24.62,24.62,24.62,24.62,24.61,24.61,24.61,24.61,24.61,24.61,24.61,24.61,24.61,24.61,24.61,24.61,24.64,24.64,24.64,24.64,24.64,24.64,24.64,24.64,24.64,24.64,24.64,24.64,24.65,24.65,24.65,24.65,24.65,24.65,24.65,24.65,24.65,24.65,24.65,24.65,24.65,24.65,24.65,24.65,24.65,24.65,24.65,24.65,24.65,24.65,24.65,24.65,24.65,24.65,24.65,24.65,24.65,24.65,24.65,24.65,24.65,24.65,24.65,24.65,24.65,24.65,24.65,24.65,24.65,24.65,24.65,24.65,24.65,24.65,24.65,24.65,24.65,24.65,24.65,24.65,24.65,24.65,24.65,24.65,24.65,24.65,24.65,24.65,24.62,24.62,24.62,24.62,24.62,24.62,24.62,24.62,24.62,24.62,24.62,24.62,24.62,24.62,24.62,24.62,24.62,24.62,24.62,24.62,24.62,24.62,24.62,24.62,24.63,24.63,24.63,24.63,24.63,24.63,24.63,24.63,24.63,24.63,24.63,24.63,24.63,24.63,24.63,24.63,24.63,24.63
2015-01-01,,,,,,,,,,,,,,,,,,,,,,,,,,,,,,,,,,,,,,,,,,,,,,,,24.75,24.75,24.76,24.76,24.76,24.76,24.76,24.76,24.76,24.76,24.76,24.76,24.76,24.76,24.76,24.76,24.76,24.76,24.76,24.76,24.76,24.76,24.76,24.76,24.75,24.75,24.75,24.75,24.75,24.75,24.75,24.75,24.75,24.75,24.75,24.75,24.75,24.75,24.75,24.75,24.75,24.75,24.75,24.75,24.75,24.75,24.75,24.75,24.74,24.74,24.74,24.74,24.74,24.74,24.74,24.74,24.74,24.74,24.74,24.74,24.73,24.73,24.73,24.73,24.73,24.73,24.73,24.73,24.73,24.73,24.73,24.73,24.73,24.73,24.73,24.73,24.73,24.73,24.73,24.73,24.73,24.73,24.73,24.73,24.73,24.73,24.73,24.73,24.73,24.73,24.73,24.73,24.73,24.73,24.73,24.73,24.75,24.75,24.75,24.75,24.75,24.75,24.75,24.75,24.75,24.75,24.75,24.75,24.75,24.75,24.75,24.75,24.75,24.75,24.75,24.75,24.75,24.75,24.75,24.75,24.75,24.75,24.75,24.75,24.75,24.75,24.75,24.75,24.75,24.75,24.75,24.74,24.74,24.74,24.74,24.74,24.74,24.74
2015-02-01,,,,,,,,,,,,,,,,,,,,,,,,,,,,,,,,,,,,,,,,,,,,,,,,,24.78,24.79,24.78,24.78,24.78,24.78,24.78,24.78,24.78,24.78,24.78,24.80,24.80,24.80,24.80,24.80,24.80,24.80,24.80,24.80,24.80,24.80,24.80,24.79,24.79,24.79,24.79,24.79,24.79,24.79,24.79,24.79,24.79,24.79,24.79,24.79,24.79,24.79,24.79,24.79,24.79,24.79,24.79,24.79,24.79,24.79,24.79,24.79,24.79,24.79,24.79,24.79,24.79,24.79,24.79,24.79,24.79,24.79,24.79,24.78,24.78,24.78,24.78,24.78,24.78,24.78,24.78,24.78,24.78,24.78,24.78,24.78,24.78,24.78,24.78,24.78,24.78,24.78,24.78,24.78,24.78,24.78,24.78,24.78,24.78,24.78,24.78,24.78,24.78,24.78,24.78,24.78,24.78,24.78,24.78,24.79,24.79,24.79,24.79,24.79,24.79,24.79,24.79,24.79,24.79,24.79,24.79,24.79,24.79,24.79,24.79,24.79,24.79,24.79,24.79,24.79,24.79,24.79,24.79,24.80,24.80,24.80,24.80,24.80,24.80,24.80,24.80,24.80,24.80,24.80,24.79,24.79,24.79,24.79,24.79,24.79,24.79
2015-03-01,,,,,,,,,,,,,,,,,,,,,,,,,,,,,,,,,,,,,,,,,,,,,,,,,,24.86,24.84,24.85,24.85,24.85,24.85,24.85,24.85,24.85,24.85,24.87,24.87,24.87,24.87,24.87,24.87,24.87,24.87,24.87,24.87,24.87,24.87,24.85,24.85,24.85,24.85,24.85,24.85,24.85,24.85,24.85,24.85,24.85,24.85,24.84,24.84,24.84,24.84,24.84,24.84,24.84,24.84,24.84,24.84,24.84,24.84,24.85,24.85,24.85,24.85,24.85,24.85,24.85,24.85,24.85,24.85,24.85,24.85,24.84,24.84,24.84,24.84,24.84,24.84,24.84,24.84,24.84,24.84,24.84,24.84,24.84,24.84,24.84,24.84,24.84,24.84,24.84,24.84,24.84,24.84,24.84,24.84,24.84,24.84,24.84,24.84,24.84,24.84,24.84,24.84,24.84,24.84,24.84,24.84,24.86,24.86,24.86,24.86,24.86,24.86,24.86,24.86,24.86,24.86,24.86,24.86,24.86,24.86,24.86,24.86,24.86,24.86,24.86,24.86,24.86,24.86,24.86,24.86,24.85,24.85,24.85,24.85,24.85,24.85,24.85,24.85,24.85,24.85,24.85,24.85,24.85,24.85,24.85,24.85,24.85,24.85
2015-04-01,,,,,,,,,,,,,,,,,,,,,,,,,,,,,,,,,,,,,,,,,,,,,,,,,,,24.87,24.88,24.89,24.89,24.89,24.89,24.89,24.89,24.89,24.91,24.91,24.91,24.91,24.91,24.91,24.91,24.91,24.91,24.91,24.91,24.91,24.89,24.89,24.89,24.89,24.89,24.89,24.89,24.89,24.89,24.89,24.89,24.89,24.88,24.88,24.88,24.88,24.88,24.88,24.88,24.88,24.88,24.88,24.88,24.88,24.89,24.89,24.89,24.89,24.89,24.89,24.89,24.89,24.89,24.89,24.89,24.89,24.89,24.89,24.89,24.89,24.89,24.89,24.89,24.89,24.89,24.89,24.89,24.89,24.89,24.89,24.89,24.89,24.89,24.89,24.89,24.89,24.89,24.89,24.89,24.89,24.89,24.89,24.89,24.89,24.89,24.89,24.89,24.89,24.89,24.89,24.89,24.89,24.89,24.89,24.89,24.89,24.89,24.89,24.89,24.89,24.89,24.89,24.89,24.89,24.89,24.89,24.89,24.89,24.89,24.89,24.89,24.89,24.89,24.89,24.89,24.89,24.89,24.89,24.89,24.89,24.89,24.89,24.89,24.89,24.89,24.89,24.89,24.89,24.89,24.89,24.89,24.89,24.89,24.89
2015-05-01,,,,,,,,,,,,,,,,,,,,,,,,,,,,,,,,,,,,,,,,,,,,,,,,,,,,24.96,24.95,24.95,24.95,24.95,24.95,24.95,24.95,24.97,24.97,24.97,24.97,24.97,24.97,24.97,24.97,24.97,24.97,24.97,24.97,24.96,24.96,24.96,24.96,24.96,24.96,24.96,24.96,24.96,24.96,24.96,24.96,24.97,24.97,24.97,24.97,24.97,24.97,24.97,24.97,24.97,24.97,24.97,24.97,24.97,24.97,24.97,24.97,24.97,24.97,24.97,24.97,24.97,24.97,24.97,24.97,24.96,24.96,24.96,24.96,24.96,24.96,24.96,24.96,24.96,24.96,24.96,24.96,24.96,24.96,24.96,24.96,24.96,24.96,24.96,24.96,24.96,24.96,24.96,24.96,24.96,24.96,24.96,24.96,24.96,24.96,24.96,24.96,24.96,24.96,24.96,24.96,24.97,24.97,24.97,24.97,24.97,24.97,24.97,24.97,24.97,24.97,24.97,24.97,24.97,24.97,24.97,24.97,24.97,24.97,24.97,24.97,24.97,24.97,24.97,24.97,24.97,24.97,24.97,24.97,24.97,24.97,24.97,24.97,24.97,24.97,24.97,24.97,24.97,24.97,24.97,24.97,24.97,24.97
2015-06-01,,,,,,,,,,,,,,,,,,,,,,,,,,,,,,,,,,,,,,,,,,,,,,,,,,,,,24.95,24.94,24.95,24.95,24.95,24.95,24.95,24.96,24.96,24.96,24.96,24.96,24.96,24.96,24.96,24.96,24.96,24.96,24.96,24.96,24.96,24.96,24.96,24.96,24.96,24.96,24.96,24.96,24.96,24.96,24.96,24.98,24.98,24.98,24.98,24.98,24.98,24.98,24.98,24.98,24.98,24.98,24.98,24.99,24.99,24.99,24.99,24.99,24.99,24.99,24.99,24.99,24.99,24.99,24.99,24.98,24.98,24.98,24.98,24.98,24.98,24.98,24.98,24.98,24.98,24.98,24.98,24.98,24.98,24.98,24.98,24.98,24.98,24.98,24.98,24.98,24.98,24.98,24.98,24.98,24.98,24.98,24.98,24.98,24.98,24.98,24.98,24.98,24.98,24.98,24.98,24.97,24.97,24.97,24.97,24.97,24.97,24.97,24.97,24.97,24.97,24.97,24.97,24.97,24.97,24.97,24.97,24.97,24.97,24.97,24.97,24.97,24.97,24.97,24.97,24.97,24.97,24.97,24.97,24.97,24.97,24.97,24.97,24.97,24.97,24.97,24.97,24.97,24.97,24.97,24.97,24.97,24.97
2015-07-01,,,,,,,,,,,,,,,,,,,,,,,,,,,,,,,,,,,,,,,,,,,,,,,,,,,,,,24.99,25.01,25.01,25.01,25.01,25.01,25.03,25.03,25.03,25.03,25.03,25.03,25.03,25.03,25.03,25.03,25.03,25.03,25.02,25.02,25.02,25.02,25.02,25.02,25.02,25.02,25.02,25.02,25.02,25.02,25.01,25.01,25.01,25.01,25.01,25.01,25.01,25.01,25.01,25.01,25.01,25.01,25.01,25.01,25.01,25.01,25.01,25.01,25.01,25.01,25.01,25.01,25.01,25.01,25.00,25.00,25.00,25.00,25.00,25.00,25.00,25.00,25.00,25.00,25.00,25.00,25.01,25.01,25.01,25.01,25.01,25.01,25.01,25.01,25.01,25.01,25.01,25.01,25.01,25.01,25.01,25.01,25.01,25.01,25.01,25.01,25.01,25.01,25.01,25.01,25.00,25.00,25.00,25.00,25.00,25.00,25.00,25.00,25.00,25.00,25.00,25.00,25.00,25.00,25.00,25.00,25.00,25.00,25.00,25.00,25.00,25.00,25.00,25.00,25.01,25.01,25.01,25.01,25.01,25.01,25.01,25.01,25.01,25.01,25.01,25.01,25.01,25.01,25.01,25.01,25.01,25.01
2015-08-01,,,,,,,,,,,,,,,,,,,,,,,,,,,,,,,,,,,,,,,,,,,,,,,,,,,,,,,25.09,25.10,25.10,25.10,25.10,25.12,25.12,25.12,25.12,25.12,25.12,25.12,25.12,25.12,25.12,25.12,25.12,25.10,25.10,25.10,25.10,25.10,25.10,25.10,25.10,25.10,25.10,25.10,25.10,25.10,25.10,25.10,25.10,25.10,25.10,25.10,25.10,25.10,25.10,25.10,25.10,25.09,25.09,25.09,25.09,25.09,25.09,25.09,25.09,25.09,25.09,25.09,25.09,25.10,25.10,25.10,25.10,25.10,25.10,25.10,25.10,25.10,25.10,25.10,25.10,25.10,25.10,25.10,25.10,25.10,25.10,25.10,25.10,25.10,25.10,25.10,25.10,25.10,25.10,25.10,25.10,25.10,25.10,25.10,25.10,25.10,25.10,25.10,25.10,25.09,25.09,25.09,25.09,25.09,25.09,25.09,25.09,25.09,25.09,25.09,25.09,25.09,25.09,25.09,25.09,25.09,25.09,25.09,25.09,25.09,25.09,25.09,25.09,25.09,25.09,25.09,25.09,25.09,25.09,25.09,25.09,25.09,25.09,25.09,25.10,25.10,25.10,25.10,25.10,25.10,25.10
2015-09-01,,,,,,,,,,,,,,,,,,,,,,,,,,,,,,,,,,,,,,,,,,,,,,,,,,,,,,,,25.09,25.11,25.12,25.12,25.14,25.14,25.14,25.14,25.14,25.14,25.14,25.14,25.14,25.14,25.14,25.14,25.12,25.12,25.12,25.12,25.12,25.12,25.12,25.12,25.12,25.12,25.12,25.12,25.12,25.12,25.12,25.12,25.12,25.12,25.12,25.12,25.12,25.12,25.12,25.12,25.12,25.12,25.12,25.12,25.12,25.12,25.12,25.12,25.12,25.12,25.12,25.12,25.11,25.11,25.11,25.11,25.11,25.11,25.11,25.11,25.11,25.11,25.11,25.11,25.11,25.11,25.11,25.11,25.11,25.11,25.11,25.11,25.11,25.11,25.11,25.11,25.11,25.11,25.11,25.11,25.11,25.11,25.11,25.11,25.11,25.11,25.11,25.11,25.11,25.11,25.11,25.11,25.11,25.11,25.11,25.11,25.11,25.11,25.11,25.11,25.11,25.11,25.11,25.11,25.11,25.11,25.11,25.11,25.11,25.11,25.11,25.11,25.11,25.11,25.11,25.11,25.11,25.11,25.11,25.11,25.11,25.11,25.11,25.11,25.11,25.11,25.11,25.11,25.11,25.11
2015-10-01,,,,,,,,,,,,,,,,,,,,,,,,,,,,,,,,,,,,,,,,,,,,,,,,,,,,,,,,,25.20,25.21,25.20,25.21,25.21,25.21,25.21,25.21,25.21,25.21,25.21,25.21,25.21,25.21,25.21,25.21,25.21,25.21,25.21,25.21,25.21,25.21,25.21,25.21,25.21,25.21,25.21,25.20,25.20,25.20,25.20,25.20,25.20,25.20,25.20,25.20,25.20,25.20,25.20,25.20,25.20,25.20,25.20,25.20,25.20,25.20,25.20,25.20,25.20,25.20,25.20,25.19,25.19,25.19,25.19,25.19,25.19,25.19,25.19,25.19,25.19,25.19,25.19,25.20,25.20,25.20,25.20,25.20,25.20,25.20,25.20,25.20,25.20,25.20,25.20,25.20,25.20,25.20,25.20,25.20,25.20,25.20,25.20,25.20,25.20,25.20,25.20,25.19,25.19,25.19,25.19,25.19,25.19,25.19,25.19,25.19,25.19,25.19,25.19,25.19,25.19,25.19,25.19,25.19,25.19,25.19,25.19,25.19,25.19,25.19,25.19,25.20,25.20,25.20,25.20,25.20,25.20,25.20,25.20,25.20,25.20,25.20,25.20,25.20,25.20,25.20,25.20,25.20,25.20
2015-11-01,,,,,,,,,,,,,,,,,,,,,,,,,,,,,,,,,,,,,,,,,,,,,,,,,,,,,,,,,,25.25,25.25,25.27,25.27,25.27,25.27,25.27,25.27,25.27,25.27,25.27,25.27,25.27,25.27,25.24,25.24,25.24,25.24,25.24,25.24,25.24,25.24,25.24,25.24,25.24,25.24,25.25,25.25,25.25,25.25,25.25,25.25,25.25,25.25,25.25,25.25,25.25,25.25,25.25,25.25,25.25,25.25,25.25,25.25,25.25,25.25,25.25,25.25,25.25,25.25,25.24,25.24,25.24,25.24,25.24,25.24,25.24,25.24,25.24,25.24,25.24,25.24,25.24,25.24,25.24,25.24,25.24,25.24,25.24,25.24,25.24,25.24,25.24,25.24,25.24,25.24,25.24,25.24,25.24,25.24,25.24,25.24,25.24,25.24,25.24,25.24,25.25,25.25,25.25,25.25,25.25,25.25,25.25,25.25,25.25,25.25,25.25,25.25,25.25,25.25,25.25,25.25,25.25,25.25,25.25,25.25,25.25,25.25,25.25,25.25,25.25,25.25,25.25,25.25,25.25,25.25,25.25,25.25,25.25,25.25,25.25,25.25,25.25,25.25,25.25,25.25,25.25,25.25
2015-12-01,,,,,,,,,,,,,,,,,,,,,,,,,,,,,,,,,,,,,,,,,,,,,,,,,,,,,,,,,,,25.24,25.27,25.26,25.26,25.26,25.26,25.26,25.26,25.26,25.26,25.26,25.26,25.26,25.26,25.26,25.26,25.26,25.26,25.26,25.26,25.26,25.26,25.26,25.26,25.26,25.28,25.28,25.28,25.28,25.28,25.28,25.28,25.28,25.28,25.28,25.28,25.28,25.26,25.26,25.26,25.26,25.26,25.26,25.26,25.26,25.26,25.26,25.26,25.26,25.27,25.27,25.27,25.27,25.27,25.27,25.27,25.27,25.27,25.27,25.27,25.27,25.27,25.27,25.27,25.27,25.27,25.27,25.27,25.27,25.27,25.27,25.27,25.27,25.27,25.27,25.27,25.27,25.27,25.27,25.27,25.27,25.27,25.27,25.27,25.27,25.24,25.24,25.24,25.24,25.24,25.24,25.24,25.24,25.24,25.24,25.24,25.24,25.24,25.24,25.24,25.24,25.24,25.24,25.24,25.24,25.24,25.24,25.24,25.24,25.25,25.25,25.25,25.25,25.25,25.25,25.25,25.25,25.25,25.25,25.25,25.25,25.25,25.25,25.25,25.25,25.25,25.25
2016-01-01,,,,,,,,,,,,,,,,,,,,,,,,,,,,,,,,,,,,,,,,,,,,,,,,,,,,,,,,,,,,25.39,25.38,25.38,25.38,25.38,25.38,25.38,25.38,25.38,25.38,25.38,25.38,25.37,25.37,25.37,25.37,25.37,25.37,25.37,25.37,25.37,25.37,25.37,25.37,25.38,25.38,25.38,25.38,25.38,25.38,25.38,25.38,25.38,25.38,25.38,25.38,25.37,25.37,25.37,25.37,25.37,25.37,25.37,25.37,25.37,25.37,25.37,25.37,25.36,25.36,25.36,25.36,25.36,25.36,25.36,25.36,25.36,25.36,25.36,25.36,25.36,25.36,25.36,25.36,25.36,25.36,25.36,25.36,25.36,25.36,25.36,25.36,25.36,25.36,25.36,25.36,25.36,25.36,25.36,25.36,25.36,25.36,25.36,25.36,25.38,25.38,25.38,25.38,25.38,25.38,25.38,25.38,25.38,25.38,25.38,25.38,25.38,25.38,25.38,25.38,25.38,25.38,25.38,25.38,25.38,25.38,25.38,25.38,25.37,25.37,25.37,25.37,25.37,25.37,25.37,25.37,25.37,25.37,25.37,25.37,25.37,25.37,25.37,25.37,25.37,25.37
2016-02-01,,,,,,,,,,,,,,,,,,,,,,,,,,,,,,,,,,,,,,,,,,,,,,,,,,,,,,,,,,,,,25.35,25.36,25.39,25.39,25.39,25.39,25.39,25.39,25.39,25.39,25.39,25.38,25.38,25.38,25.38,25.38,25.38,25.38,25.38,25.38,25.38,25.38,25.38,25.38,25.38,25.38,25.38,25.38,25.38,25.38,25.38,25.38,25.38,25.38,25.38,25.39,25.39,25.39,25.39,25.39,25.39,25.39,25.39,25.39,25.39,25.39,25.39,25.38,25.38,25.38,25.38,25.38,25.38,25.38,25.38,25.38,25.38,25.38,25.38,25.39,25.39,25.39,25.39,25.39,25.39,25.39,25.39,25.39,25.39,25.39,25.39,25.39,25.39,25.39,25.39,25.39,25.39,25.39,25.39,25.39,25.39,25.39,25.39,25.38,25.38,25.38,25.38,25.38,25.38,25.38,25.38,25.38,25.38,25.38,25.38,25.38,25.38,25.38,25.38,25.38,25.38,25.38,25.38,25.38,25.38,25.38,25.38,25.38,25.38,25.38,25.38,25.38,25.38,25.38,25.38,25.38,25.38,25.38,25.38,25.38,25.38,25.38,25.38,25.38,25.38
2016-03-01,,,,,,,,,,,,,,,,,,,,,,,,,,,,,,,,,,,,,,,,,,,,,,,,,,,,,,,,,,,,,,25.43,25.45,25.45,25.45,25.45,25.45,25.45,25.45,25.45,25.45,25.46,25.46,25.46,25.46,25.46,25.46,25.46,25.46,25.46,25.46,25.46,25.46,25.46,25.46,25.46,25.46,25.46,25.46,25.46,25.46,25.46,25.46,25.46,25.46,25.46,25.46,25.46,25.46,25.46,25.46,25.46,25.46,25.46,25.46,25.46,25.46,25.45,25.45,25.45,25.45,25.45,25.45,25.45,25.45,25.45,25.45,25.45,25.45,25.45,25.45,25.45,25.45,25.45,25.45,25.45,25.45,25.45,25.45,25.45,25.45,25.45,25.45,25.45,25.45,25.45,25.45,25.45,25.45,25.45,25.45,25.45,25.45,25.45,25.45,25.45,25.45,25.45,25.45,25.45,25.45,25.45,25.45,25.45,25.45,25.45,25.45,25.45,25.45,25.45,25.45,25.45,25.45,25.45,25.45,25.45,25.45,25.45,25.45,25.45,25.45,25.45,25.45,25.45,25.45,25.45,25.45,25.45,25.45,25.45,25.45,25.45,25.45,25.45,25.45
2016-04-01,,,,,,,,,,,,,,,,,,,,,,,,,,,,,,,,,,,,,,,,,,,,,,,,,,,,,,,,,,,,,,,25.53,25.54,25.53,25.53,25.53,25.53,25.53,25.53,25.53,25.54,25.54,25.54,25.54,25.54,25.54,25.54,25.54,25.54,25.54,25.54,25.54,25.53,25.53,25.53,25.53,25.53,25.53,25.53,25.53,25.53,25.53,25.53,25.53,25.54,25.54,25.54,25.54,25.54,25.54,25.54,25.54,25.54,25.54,25.54,25.54,25.53,25.53,25.53,25.53,25.53,25.53,25.53,25.53,25.53,25.53,25.53,25.53,25.53,25.53,25.53,25.53,25.53,25.53,25.53,25.53,25.53,25.53,25.53,25.53,25.53,25.53,25.53,25.53,25.53,25.53,25.53,25.53,25.53,25.53,25.53,25.53,25.53,25.53,25.53,25.53,25.53,25.53,25.53,25.53,25.53,25.53,25.53,25.53,25.53,25.53,25.53,25.53,25.53,25.53,25.53,25.53,25.53,25.53,25.53,25.53,25.53,25.53,25.53,25.53,25.53,25.53,25.53,25.53,25.53,25.53,25.53,25.53,25.53,25.53,25.53,25.53,25.53,25.53
2016-05-01,,,,,,,,,,,,,,,,,,,,,,,,,,,,,,,,,,,,,,,,,,,,,,,,,,,,,,,,,,,,,,,,25.59,25.59,25.59,25.59,25.59,25.59,25.59,25.59,25.59,25.59,25.59,25.59,25.59,25.59,25.59,25.59,25.59,25.59,25.59,25.59,25.58,25.58,25.58,25.58,25.58,25.58,25.58,25.58,25.58,25.58,25.58,25.58,25.57,25.57,25.57,25.57,25.57,25.57,25.57,25.57,25.57,25.57,25.57,25.57,25.58,25.58,25.58,25.58,25.58,25.58,25.58,25.58,25.58,25.58,25.58,25.58,25.57,25.57,25.57,25.57,25.57,25.57,25.57,25.57,25.57,25.57,25.57,25.57,25.57,25.57,25.57,25.57,25.57,25.57,25.57,25.57,25.57,25.57,25.57,25.57,25.58,25.58,25.58,25.58,25.58,25.58,25.58,25.58,25.58,25.58,25.58,25.58,25.58,25.58,25.58,25.58,25.58,25.58,25.58,25.58,25.58,25.58,25.58,25.58,25.58,25.58,25.58,25.58,25.58,25.58,25.58,25.58,25.58,25.58,25.58,25.58,25.58,25.58,25.58,25.58,25.58,25.58
2016-06-01,,,,,,,,,,,,,,,,,,,,,,,,,,,,,,,,,,,,,,,,,,,,,,,,,,,,,,,,,,,,,,,,,25.61,25.61,25.62,25.62,25.62,25.62,25.62,25.62,25.62,25.62,25.62,25.62,25.62,25.62,25.62,25.62,25.62,25.62,25.62,25.62,25.62,25.62,25.62,25.62,25.62,25.62,25.62,25.62,25.62,25.62,25.62,25.64,25.64,25.64,25.64,25.64,25.64,25.64,25.64,25.64,25.64,25.64,25.64,25.63,25.63,25.63,25.63,25.63,25.63,25.63,25.63,25.63,25.63,25.63,25.63,25.63,25.63,25.63,25.63,25.63,25.63,25.63,25.63,25.63,25.63,25.63,25.63,25.63,25.63,25.63,25.63,25.63,25.63,25.63,25.63,25.63,25.63,25.63,25.63,25.62,25.62,25.62,25.62,25.62,25.62,25.62,25.62,25.62,25.62,25.62,25.62,25.62,25.62,25.62,25.62,25.62,25.62,25.62,25.62,25.62,25.62,25.62,25.62,25.62,25.62,25.62,25.62,25.62,25.62,25.62,25.62,25.62,25.62,25.62,25.62,25.62,25.62,25.62,25.62,25.62,25.62
2016-07-01,,,,,,,,,,,,,,,,,,,,,,,,,,,,,,,,,,,,,,,,,,,,,,,,,,,,,,,,,,,,,,,,,,25.69,25.70,25.71,25.71,25.71,25.71,25.71,25.71,25.71,25.71,25.71,25.71,25.71,25.71,25.71,25.71,25.71,25.71,25.70,25.70,25.70,25.70,25.70,25.70,25.70,25.70,25.70,25.70,25.70,25.70,25.70,25.70,25.70,25.70,25.70,25.70,25.70,25.70,25.70,25.70,25.70,25.70,25.70,25.70,25.70,25.70,25.70,25.70,25.70,25.70,25.70,25.70,25.70,25.70,25.69,25.69,25.69,25.69,25.69,25.69,25.69,25.69,25.69,25.69,25.69,25.69,25.69,25.69,25.69,25.69,25.69,25.69,25.69,25.69,25.69,25.69,25.69,25.69,25.69,25.69,25.69,25.69,25.69,25.69,25.69,25.69,25.69,25.69,25.69,25.69,25.69,25.69,25.69,25.69,25.69,25.69,25.69,25.69,25.69,25.69,25.69,25.69,25.69,25.69,25.69,25.69,25.69,25.69,25.69,25.69,25.69,25.69,25.69,25.69,25.69,25.69,25.69,25.69,25.69,25.69
2016-08-01,,,,,,,,,,,,,,,,,,,,,,,,,,,,,,,,,,,,,,,,,,,,,,,,,,,,,,,,,,,,,,,,,,,25.73,25.73,25.74,25.74,25.74,25.74,25.74,25.74,25.74,25.74,25.74,25.74,25.74,25.74,25.74,25.74,25.74,25.72,25.72,25.72,25.72,25.72,25.72,25.72,25.72,25.72,25.72,25.72,25.72,25.73,25.73,25.73,25.73,25.73,25.73,25.73,25.73,25.73,25.73,25.73,25.73,25.72,25.72,25.72,25.72,25.72,25.72,25.72,25.72,25.72,25.72,25.72,25.72,25.72,25.72,25.72,25.72,25.72,25.72,25.72,25.72,25.72,25.72,25.72,25.72,25.72,25.72,25.72,25.72,25.72,25.72,25.72,25.72,25.72,25.72,25.72,25.72,25.72,25.72,25.72,25.72,25.72,25.72,25.72,25.72,25.72,25.72,25.72,25.72,25.72,25.72,25.72,25.72,25.72,25.72,25.72,25.72,25.72,25.72,25.72,25.72,25.71,25.71,25.71,25.71,25.71,25.71,25.71,25.71,25.71,25.71,25.71,25.71,25.71,25.71,25.71,25.71,25.71,25.71
2016-09-01,,,,,,,,,,,,,,,,,,,,,,,,,,,,,,,,,,,,,,,,,,,,,,,,,,,,,,,,,,,,,,,,,,,,25.79,25.82,25.81,25.81,25.81,25.81,25.81,25.81,25.81,25.81,25.81,25.81,25.81,25.81,25.81,25.81,25.78,25.78,25.78,25.78,25.78,25.78,25.78,25.78,25.78,25.78,25.78,25.78,25.78,25.78,25.78,25.78,25.78,25.78,25.78,25.78,25.78,25.78,25.78,25.78,25.77,25.77,25.77,25.77,25.77,25.77,25.77,25.77,25.77,25.77,25.77,25.77,25.77,25.77,25.77,25.77,25.77,25.77,25.77,25.77,25.77,25.77,25.77,25.77,25.77,25.77,25.77,25.77,25.77,25.77,25.77,25.77,25.77,25.77,25.77,25.77,25.77,25.77,25.77,25.77,25.77,25.77,25.77,25.77,25.77,25.77,25.77,25.77,25.77,25.77,25.77,25.77,25.77,25.77,25.77,25.77,25.77,25.77,25.77,25.77,25.77,25.77,25.77,25.77,25.77,25.77,25.77,25.77,25.77,25.77,25.77,25.77,25.77,25.77,25.77,25.77,25.77,25.77
2016-10-01,,,,,,,,,,,,,,,,,,,,,,,,,,,,,,,,,,,,,,,,,,,,,,,,,,,,,,,,,,,,,,,,,,,,,25.92,25.92,25.92,25.90,25.90,25.90,25.90,25.90,25.90,25.90,25.90,25.90,25.90,25.90,25.90,25.88,25.88,25.88,25.88,25.88,25.88,25.88,25.88,25.88,25.88,25.88,25.88,25.87,25.87,25.87,25.87,25.87,25.87,25.87,25.87,25.87,25.87,25.87,25.87,25.88,25.88,25.88,25.88,25.88,25.88,25.88,25.88,25.88,25.88,25.88,25.88,25.88,25.88,25.88,25.88,25.88,25.88,25.88,25.88,25.88,25.88,25.88,25.88,25.88,25.88,25.88,25.88,25.88,25.88,25.88,25.88,25.88,25.88,25.88,25.88,25.89,25.89,25.89,25.89,25.89,25.89,25.89,25.89,25.89,25.89,25.89,25.89,25.89,25.89,25.89,25.89,25.89,25.89,25.89,25.89,25.89,25.89,25.89,25.89,25.90,25.90,25.90,25.90,25.90,25.90,25.90,25.90,25.90,25.90,25.90,25.90,25.90,25.90,25.90,25.90,25.90,25.90
2016-11-01,,,,,,,,,,,,,,,,,,,,,,,,,,,,,,,,,,,,,,,,,,,,,,,,,,,,,,,,,,,,,,,,,,,,,,25.89,25.90,25.91,25.91,25.91,25.91,25.91,25.91,25.91,25.91,25.91,25.91,25.91,25.91,25.90,25.90,25.90,25.90,25.90,25.90,25.90,25.90,25.90,25.90,25.90,25.90,25.91,25.91,25.91,25.91,25.91,25.91,25.91,25.91,25.91,25.91,25.91,25.91,25.91,25.91,25.91,25.91,25.91,25.91,25.91,25.91,25.91,25.91,25.91,25.91,25.91,25.91,25.91,25.91,25.91,25.91,25.91,25.91,25.91,25.91,25.91,25.91,25.91,25.91,25.91,25.91,25.91,25.91,25.91,25.91,25.91,25.91,25.91,25.91,25.90,25.90,25.90,25.90,25.90,25.90,25.90,25.90,25.90,25.90,25.90,25.90,25.90,25.90,25.90,25.90,25.90,25.90,25.90,25.90,25.90,25.90,25.90,25.90,25.90,25.90,25.90,25.90,25.90,25.90,25.90,25.90,25.90,25.90,25.90,25.90,25.90,25.90,25.90,25.90,25.90,25.90
2016-12-01,,,,,,,,,,,,,,,,,,,,,,,,,,,,,,,,,,,,,,,,,,,,,,,,,,,,,,,,,,,,,,,,,,,,,,,26.00,25.97,25.98,25.98,25.98,25.98,25.98,25.98,25.98,25.98,25.98,25.98,25.98,25.95,25.95,25.95,25.95,25.95,25.95,25.95,25.95,25.95,25.95,25.95,25.95,25.93,25.93,25.93,25.93,25.93,25.93,25.93,25.93,25.93,25.93,25.93,25.93,25.94,25.94,25.94,25.94,25.94,25.94,25.94,25.94,25.94,25.94,25.94,25.94,25.94,25.94,25.94,25.94,25.94,25.94,25.94,25.94,25.94,25.94,25.94,25.94,25.94,25.94,25.94,25.94,25.94,25.94,25.94,25.94,25.94,25.94,25.94,25.94,25.92,25.92,25.92,25.92,25.92,25.92,25.92,25.92,25.92,25.92,25.92,25.92,25.92,25.92,25.92,25.92,25.92,25.92,25.92,25.92,25.92,25.92,25.92,25.92,25.93,25.93,25.93,25.93,25.93,25.93,25.93,25.93,25.93,25.93,25.93,25.93,25.93,25.93,25.93,25.93,25.93,25.93
2017-01-01,,,,,,,,,,,,,,,,,,,,,,,,,,,,,,,,,,,,,,,,,,,,,,,,,,,,,,,,,,,,,,,,,,,,,,,,26.00,26.03,26.02,26.02,26.02,26.02,26.02,26.02,26.02,26.02,26.02,26.02,25.99,25.99,25.99,25.99,25.99,25.99,25.99,25.99,25.99,25.99,25.99,25.99,25.98,25.98,25.98,25.98,25.98,25.98,25.98,25.98,25.98,25.98,25.98,25.98,26.00,26.00,26.00,26.00,26.00,26.00,26.00,26.00,26.00,26.00,26.00,26.00,26.02,26.02,26.02,26.02,26.02,26.02,26.02,26.02,26.02,26.02,26.02,26.02,26.03,26.03,26.03,26.03,26.03,26.03,26.03,26.03,26.03,26.03,26.03,26.03,26.00,26.00,26.00,26.00,26.00,26.00,26.00,26.00,26.00,26.00,26.00,26.00,26.00,26.00,26.00,26.00,26.00,26.00,26.00,26.00,26.00,26.00,26.00,26.00,26.00,26.00,26.00,26.00,26.00,26.00,26.00,26.00,26.00,26.00,26.00,26.00,26.00,26.00,26.00,26.00,26.00,26.00
2017-02-01,,,,,,,,,,,,,,,,,,,,,,,,,,,,,,,,,,,,,,,,,,,,,,,,,,,,,,,,,,,,,,,,,,,,,,,,,26.09,26.09,26.10,26.10,26.10,26.10,26.10,26.10,26.10,26.10,26.10,26.07,26.07,26.07,26.07,26.07,26.07,26.07,26.07,26.07,26.07,26.07,26.07,26.08,26.08,26.08,26.08,26.08,26.08,26.08,26.08,26.08,26.08,26.08,26.08,26.08,26.08,26.08,26.08,26.08,26.08,26.08,26.08,26.08,26.08,26.08,26.08,26.08,26.08,26.08,26.08,26.08,26.08,26.08,26.08,26.08,26.08,26.08,26.08,26.08,26.08,26.08,26.08,26.08,26.08,26.08,26.08,26.08,26.08,26.08,26.08,26.06,26.06,26.06,26.06,26.06,26.06,26.06,26.06,26.06,26.06,26.06,26.06,26.07,26.07,26.07,26.07,26.07,26.07,26.07,26.07,26.07,26.07,26.07,26.07,26.07,26.07,26.07,26.07,26.07,26.07,26.07,26.07,26.07,26.07,26.07,26.07,26.07,26.07,26.07,26.07,26.07,26.07
2017-03-01,,,,,,,,,,,,,,,,,,,,,,,,,,,,,,,,,,,,,,,,,,,,,,,,,,,,,,,,,,,,,,,,,,,,,,,,,,26.14,26.12,26.13,26.13,26.13,26.13,26.13,26.13,26.13,26.13,26.11,26.11,26.11,26.11,26.11,26.11,26.11,26.11,26.11,26.11,26.11,26.11,26.11,26.11,26.11,26.11,26.11,26.11,26.11,26.11,26.11,26.11,26.11,26.11,26.11,26.11,26.11,26.11,26.11,26.11,26.11,26.11,26.11,26.11,26.11,26.11,26.10,26.10,26.10,26.10,26.10,26.10,26.10,26.10,26.10,26.10,26.10,26.10,26.11,26.11,26.11,26.11,26.11,26.11,26.11,26.11,26.11,26.11,26.11,26.11,26.11,26.11,26.11,26.11,26.11,26.11,26.11,26.11,26.11,26.11,26.11,26.11,26.11,26.11,26.11,26.11,26.11,26.11,26.11,26.11,26.11,26.11,26.11,26.11,26.11,26.11,26.11,26.11,26.11,26.11,26.11,26.11,26.11,26.11,26.11,26.11,26.11,26.11,26.11,26.11,26.11,26.11
2017-04-01,,,,,,,,,,,,,,,,,,,,,,,,,,,,,,,,,,,,,,,,,,,,,,,,,,,,,,,,,,,,,,,,,,,,,,,,,,,26.19,26.18,26.18,26.18,26.18,26.18,26.18,26.18,26.18,26.17,26.17,26.17,26.17,26.17,26.17,26.17,26.17,26.17,26.17,26.17,26.17,26.17,26.17,26.17,26.17,26.17,26.17,26.17,26.17,26.17,26.17,26.17,26.17,26.17,26.17,26.17,26.17,26.17,26.17,26.17,26.17,26.17,26.17,26.17,26.17,26.18,26.18,26.18,26.18,26.18,26.18,26.18,26.18,26.18,26.18,26.18,26.18,26.17,26.17,26.17,26.17,26.17,26.17,26.17,26.17,26.17,26.17,26.17,26.17,26.17,26.17,26.17,26.17,26.17,26.17,26.17,26.17,26.17,26.17,26.17,26.17,26.17,26.17,26.17,26.17,26.17,26.17,26.17,26.17,26.17,26.17,26.17,26.17,26.17,26.17,26.17,26.17,26.17,26.17,26.17,26.17,26.17,26.17,26.17,26.18,26.18,26.18,26.18,26.18,26.18,26.18
2017-05-01,,,,,,,,,,,,,,,,,,,,,,,,,,,,,,,,,,,,,,,,,,,,,,,,,,,,,,,,,,,,,,,,,,,,,,,,,,,,26.22,26.21,26.22,26.22,26.22,26.22,26.22,26.22,26.21,26.21,26.21,26.21,26.21,26.21,26.21,26.21,26.21,26.21,26.21,26.21,26.22,26.22,26.22,26.22,26.22,26.22,26.22,26.22,26.22,26.22,26.22,26.22,26.21,26.21,26.21,26.21,26.21,26.21,26.21,26.21,26.21,26.21,26.21,26.21,26.22,26.22,26.22,26.22,26.22,26.22,26.22,26.22,26.22,26.22,26.22,26.22,26.21,26.21,26.21,26.21,26.21,26.21,26.21,26.21,26.21,26.21,26.21,26.21,26.21,26.21,26.21,26.21,26.21,26.21,26.21,26.21,26.21,26.21,26.21,26.21,26.21,26.21,26.21,26.21,26.21,26.21,26.21,26.21,26.21,26.21,26.21,26.21,26.21,26.21,26.21,26.21,26.21,26.21,26.21,26.21,26.21,26.21,26.21,26.21,26.21,26.21,26.21,26.21,26.21,26.21
2017-06-01,,,,,,,,,,,,,,,,,,,,,,,,,,,,,,,,,,,,,,,,,,,,,,,,,,,,,,,,,,,,,,,,,,,,,,,,,,,,,26.25,26.27,26.27,26.27,26.27,26.27,26.27,26.26,26.26,26.26,26.26,26.26,26.26,26.26,26.26,26.26,26.26,26.26,26.26,26.28,26.28,26.28,26.28,26.28,26.28,26.28,26.28,26.28,26.28,26.28,26.28,26.27,26.27,26.27,26.27,26.27,26.27,26.27,26.27,26.27,26.27,26.27,26.27,26.27,26.27,26.27,26.27,26.27,26.27,26.27,26.27,26.27,26.27,26.27,26.27,26.26,26.26,26.26,26.26,26.26,26.26,26.26,26.26,26.26,26.26,26.26,26.26,26.26,26.26,26.26,26.26,26.26,26.26,26.26,26.26,26.26,26.26,26.26,26.26,26.26,26.26,26.26,26.26,26.26,26.26,26.26,26.26,26.26,26.26,26.26,26.26,26.26,26.26,26.26,26.26,26.26,26.26,26.26,26.26,26.26,26.26,26.26,26.26,26.26,26.26,26.26,26.26,26.26,26.26
2017-07-01,,,,,,,,,,,,,,,,,,,,,,,,,,,,,,,,,,,,,,,,,,,,,,,,,,,,,,,,,,,,,,,,,,,,,,,,,,,,,,26.36,26.36,26.39,26.39,26.39,26.39,26.34,26.34,26.34,26.34,26.34,26.34,26.34,26.34,26.34,26.34,26.34,26.34,26.36,26.36,26.36,26.36,26.36,26.36,26.36,26.36,26.36,26.36,26.36,26.36,26.36,26.36,26.36,26.36,26.36,26.36,26.36,26.36,26.36,26.36,26.36,26.36,26.36,26.36,26.36,26.36,26.36,26.36,26.36,26.36,26.36,26.36,26.36,26.36,26.35,26.35,26.35,26.35,26.35,26.35,26.35,26.35,26.35,26.35,26.35,26.35,26.36,26.36,26.36,26.36,26.36,26.36,26.36,26.36,26.36,26.36,26.36,26.36,26.36,26.36,26.36,26.36,26.36,26.36,26.36,26.36,26.36,26.36,26.36,26.36,26.35,26.35,26.35,26.35,26.35,26.35,26.35,26.35,26.35,26.35,26.35,26.35,26.35,26.35,26.35,26.35,26.35,26.35
2017-08-01,,,,,,,,,,,,,,,,,,,,,,,,,,,,,,,,,,,,,,,,,,,,,,,,,,,,,,,,,,,,,,,,,,,,,,,,,,,,,,,26.39,26.43,26.42,26.42,26.42,26.39,26.39,26.39,26.39,26.39,26.39,26.39,26.39,26.39,26.39,26.39,26.39,26.39,26.39,26.39,26.39,26.39,26.39,26.39,26.39,26.39,26.39,26.39,26.39,26.38,26.38,26.38,26.38,26.38,26.38,26.38,26.38,26.38,26.38,26.38,26.38,26.38,26.38,26.38,26.38,26.38,26.38,26.38,26.38,26.38,26.38,26.38,26.38,26.37,26.37,26.37,26.37,26.37,26.37,26.37,26.37,26.37,26.37,26.37,26.37,26.38,26.38,26.38,26.38,26.38,26.38,26.38,26.38,26.38,26.38,26.38,26.38,26.38,26.38,26.38,26.38,26.38,26.38,26.38,26.38,26.38,26.38,26.38,26.38,26.37,26.37,26.37,26.37,26.37,26.37,26.37,26.37,26.37,26.37,26.37,26.37,26.37,26.37,26.37,26.37,26.37,26.37
2017-09-01,,,,,,,,,,,,,,,,,,,,,,,,,,,,,,,,,,,,,,,,,,,,,,,,,,,,,,,,,,,,,,,,,,,,,,,,,,,,,,,,26.55,26.54,26.53,26.53,26.51,26.51,26.51,26.51,26.51,26.51,26.51,26.51,26.51,26.51,26.51,26.51,26.51,26.51,26.51,26.51,26.51,26.51,26.51,26.51,26.51,26.51,26.51,26.51,26.51,26.51,26.51,26.51,26.51,26.51,26.51,26.51,26.51,26.51,26.51,26.51,26.50,26.50,26.50,26.50,26.50,26.50,26.50,26.50,26.50,26.50,26.50,26.50,26.49,26.49,26.49,26.49,26.49,26.49,26.49,26.49,26.49,26.49,26.49,26.49,26.49,26.49,26.49,26.49,26.49,26.49,26.49,26.49,26.49,26.49,26.49,26.49,26.49,26.49,26.49,26.49,26.49,26.49,26.49,26.49,26.49,26.49,26.49,26.49,26.49,26.49,26.49,26.49,26.49,26.49,26.49,26.49,26.49,26.49,26.49,26.49,26.49,26.49,26.49,26.49,26.49,26.49
2017-10-01,,,,,,,,,,,,,,,,,,,,,,,,,,,,,,,,,,,,,,,,,,,,,,,,,,,,,,,,,,,,,,,,,,,,,,,,,,,,,,,,,26.53,26.50,26.51,26.47,26.47,26.47,26.47,26.47,26.47,26.47,26.47,26.47,26.47,26.47,26.47,26.47,26.47,26.47,26.47,26.47,26.47,26.47,26.47,26.47,26.47,26.47,26.47,26.48,26.48,26.48,26.48,26.48,26.48,26.48,26.48,26.48,26.48,26.48,26.48,26.48,26.48,26.48,26.48,26.48,26.48,26.48,26.48,26.48,26.48,26.48,26.48,26.49,26.49,26.49,26.49,26.49,26.49,26.49,26.49,26.49,26.49,26.49,26.49,26.49,26.49,26.49,26.49,26.49,26.49,26.49,26.49,26.49,26.49,26.49,26.49,26.49,26.49,26.49,26.49,26.49,26.49,26.49,26.49,26.49,26.49,26.49,26.49,26.50,26.50,26.50,26.50,26.50,26.50,26.50,26.50,26.50,26.50,26.50,26.50,26.50,26.50,26.50,26.50,26.50,26.50
2017-11-01,,,,,,,,,,,,,,,,,,,,,,,,,,,,,,,,,,,,,,,,,,,,,,,,,,,,,,,,,,,,,,,,,,,,,,,,,,,,,,,,,,26.55,26.54,26.54,26.54,26.54,26.54,26.54,26.54,26.54,26.54,26.54,26.54,26.54,26.54,26.55,26.55,26.55,26.55,26.55,26.55,26.55,26.55,26.55,26.55,26.55,26.55,26.55,26.55,26.55,26.55,26.55,26.55,26.55,26.55,26.55,26.55,26.55,26.55,26.54,26.54,26.54,26.54,26.54,26.54,26.54,26.54,26.54,26.54,26.54,26.54,26.54,26.54,26.54,26.54,26.54,26.54,26.54,26.54,26.54,26.54,26.54,26.54,26.52,26.52,26.52,26.52,26.52,26.52,26.52,26.52,26.52,26.52,26.52,26.52,26.53,26.53,26.53,26.53,26.53,26.53,26.53,26.53,26.53,26.53,26.53,26.53,26.54,26.54,26.54,26.54,26.54,26.54,26.54,26.54,26.54,26.54,26.54,26.54,26.54,26.54,26.54,26.54,26.54,26.54
2017-12-01,,,,,,,,,,,,,,,,,,,,,,,,,,,,,,,,,,,,,,,,,,,,,,,,,,,,,,,,,,,,,,,,,,,,,,,,,,,,,,,,,,,26.63,26.65,26.64,26.64,26.64,26.64,26.64,26.64,26.64,26.64,26.64,26.64,26.64,26.64,26.64,26.64,26.64,26.64,26.64,26.64,26.64,26.64,26.64,26.64,26.64,26.64,26.64,26.64,26.64,26.64,26.64,26.64,26.64,26.64,26.64,26.64,26.64,26.64,26.64,26.64,26.64,26.64,26.64,26.64,26.64,26.64,26.64,26.64,26.64,26.65,26.65,26.65,26.65,26.65,26.65,26.65,26.65,26.65,26.65,26.65,26.65,26.61,26.61,26.61,26.61,26.61,26.61,26.61,26.61,26.61,26.61,26.61,26.61,26.61,26.61,26.61,26.61,26.61,26.61,26.61,26.61,26.61,26.61,26.61,26.61,26.63,26.63,26.63,26.63,26.63,26.63,26.63,26.63,26.63,26.63,26.63,26.63,26.63,26.63,26.63,26.63,26.63,26.63
2018-01-01,,,,,,,,,,,,,,,,,,,,,,,,,,,,,,,,,,,,,,,,,,,,,,,,,,,,,,,,,,,,,,,,,,,,,,,,,,,,,,,,,,,,26.74,26.71,26.71,26.71,26.71,26.71,26.71,26.71,26.71,26.71,26.71,26.71,26.71,26.71,26.71,26.71,26.71,26.71,26.71,26.71,26.71,26.71,26.71,26.71,26.71,26.71,26.71,26.71,26.71,26.71,26.71,26.71,26.71,26.71,26.71,26.71,26.72,26.72,26.72,26.72,26.72,26.72,26.72,26.72,26.72,26.72,26.72,26.72,26.73,26.73,26.73,26.73,26.73,26.73,26.73,26.73,26.73,26.73,26.73,26.73,26.73,26.73,26.73,26.73,26.73,26.73,26.73,26.73,26.73,26.73,26.73,26.73,26.73,26.73,26.73,26.73,26.73,26.73,26.73,26.73,26.73,26.73,26.73,26.73,26.72,26.72,26.72,26.72,26.72,26.72,26.72,26.72,26.72,26.72,26.72,26.72,26.72,26.72,26.72,26.72,26.72,26.72
2018-02-01,,,,,,,,,,,,,,,,,,,,,,,,,,,,,,,,,,,,,,,,,,,,,,,,,,,,,,,,,,,,,,,,,,,,,,,,,,,,,,,,,,,,,26.75,26.74,26.74,26.74,26.74,26.74,26.74,26.74,26.74,26.74,26.74,26.75,26.75,26.75,26.75,26.75,26.75,26.75,26.75,26.75,26.75,26.75,26.75,26.75,26.75,26.75,26.75,26.75,26.75,26.75,26.75,26.75,26.75,26.75,26.75,26.75,26.75,26.75,26.75,26.75,26.75,26.75,26.75,26.75,26.75,26.75,26.75,26.75,26.75,26.75,26.75,26.75,26.75,26.75,26.75,26.75,26.75,26.75,26.75,26.75,26.75,26.75,26.75,26.75,26.75,26.75,26.75,26.75,26.75,26.75,26.75,26.75,26.75,26.75,26.75,26.75,26.75,26.75,26.75,26.75,26.75,26.75,26.75,26.74,26.74,26.74,26.74,26.74,26.74,26.74,26.74,26.74,26.74,26.74,26.74,26.74,26.74,26.74,26.74,26.74,26.74
2018-03-01,,,,,,,,,,,,,,,,,,,,,,,,,,,,,,,,,,,,,,,,,,,,,,,,,,,,,,,,,,,,,,,,,,,,,,,,,,,,,,,,,,,,,,26.82,26.80,26.80,26.80,26.80,26.80,26.80,26.80,26.80,26.80,26.84,26.84,26.84,26.84,26.84,26.84,26.84,26.84,26.84,26.84,26.84,26.84,26.84,26.84,26.84,26.84,26.84,26.84,26.84,26.84,26.84,26.84,26.84,26.84,26.83,26.83,26.83,26.83,26.83,26.83,26.83,26.83,26.83,26.83,26.83,26.83,26.85,26.85,26.85,26.85,26.85,26.85,26.85,26.85,26.85,26.85,26.85,26.85,26.86,26.86,26.86,26.86,26.86,26.86,26.86,26.86,26.86,26.86,26.86,26.86,26.86,26.86,26.86,26.86,26.86,26.86,26.86,26.86,26.86,26.86,26.86,26.86,26.85,26.85,26.85,26.85,26.85,26.85,26.85,26.85,26.85,26.85,26.85,26.85,26.85,26.85,26.85,26.85,26.85,26.85
2018-04-01,,,,,,,,,,,,,,,,,,,,,,,,,,,,,,,,,,,,,,,,,,,,,,,,,,,,,,,,,,,,,,,,,,,,,,,,,,,,,,,,,,,,,,,26.84,26.84,26.86,26.86,26.86,26.86,26.86,26.86,26.86,26.90,26.90,26.90,26.90,26.90,26.90,26.90,26.90,26.90,26.90,26.90,26.90,26.91,26.91,26.91,26.91,26.91,26.91,26.91,26.91,26.91,26.91,26.91,26.91,26.91,26.91,26.91,26.91,26.91,26.91,26.91,26.91,26.91,26.91,26.91,26.91,26.89,26.89,26.89,26.89,26.89,26.89,26.89,26.89,26.89,26.89,26.89,26.89,26.92,26.92,26.92,26.92,26.92,26.92,26.92,26.92,26.92,26.92,26.92,26.92,26.91,26.91,26.91,26.91,26.91,26.91,26.91,26.91,26.91,26.91,26.91,26.91,26.91,26.91,26.91,26.91,26.91,26.91,26.91,26.91,26.91,26.91,26.91,26.91,26.91,26.91,26.91,26.91,26.91,26.91
2018-05-01,,,,,,,,,,,,,,,,,,,,,,,,,,,,,,,,,,,,,,,,,,,,,,,,,,,,,,,,,,,,,,,,,,,,,,,,,,,,,,,,,,,,,,,,26.92,26.93,26.94,26.94,26.94,26.94,26.94,26.94,26.99,26.99,26.99,26.99,26.99,26.99,26.99,26.99,26.99,26.99,26.99,26.99,26.98,26.98,26.98,26.98,26.98,26.98,26.98,26.98,26.98,26.98,26.98,26.98,26.99,26.99,26.99,26.99,26.99,26.99,26.99,26.99,26.99,26.99,26.99,26.99,26.97,26.97,26.97,26.97,26.97,26.97,26.97,26.97,26.97,26.97,26.97,26.97,26.98,26.98,26.98,26.98,26.98,26.98,26.98,26.98,26.98,26.98,26.98,26.98,26.98,26.98,26.98,26.98,26.98,26.98,26.98,26.98,26.98,26.98,26.98,26.98,26.98,26.98,26.98,26.98,26.98,26.98,26.98,26.98,26.98,26.98,26.98,26.98,26.98,26.98,26.98,26.98,26.98,26.98
2018-06-01,,,,,,,,,,,,,,,,,,,,,,,,,,,,,,,,,,,,,,,,,,,,,,,,,,,,,,,,,,,,,,,,,,,,,,,,,,,,,,,,,,,,,,,,,26.98,26.98,26.99,26.99,26.99,26.99,26.99,27.05,27.05,27.05,27.05,27.05,27.05,27.05,27.05,27.05,27.05,27.05,27.05,27.04,27.04,27.04,27.04,27.04,27.04,27.04,27.04,27.04,27.04,27.04,27.04,27.04,27.04,27.04,27.04,27.04,27.04,27.04,27.04,27.04,27.04,27.04,27.04,27.03,27.03,27.03,27.03,27.03,27.03,27.03,27.03,27.03,27.03,27.03,27.03,27.03,27.03,27.03,27.03,27.03,27.03,27.03,27.03,27.03,27.03,27.03,27.03,27.04,27.04,27.04,27.04,27.04,27.04,27.04,27.04,27.04,27.04,27.04,27.04,27.03,27.03,27.03,27.03,27.03,27.03,27.03,27.03,27.03,27.03,27.03,27.03,27.03,27.03,27.03,27.03,27.03,27.03
2018-07-01,,,,,,,,,,,,,,,,,,,,,,,,,,,,,,,,,,,,,,,,,,,,,,,,,,,,,,,,,,,,,,,,,,,,,,,,,,,,,,,,,,,,,,,,,,27.05,27.06,27.07,27.07,27.07,27.07,27.11,27.11,27.11,27.11,27.11,27.11,27.11,27.11,27.11,27.11,27.11,27.11,27.11,27.11,27.11,27.11,27.11,27.11,27.11,27.11,27.11,27.11,27.11,27.11,27.12,27.12,27.12,27.12,27.12,27.12,27.12,27.12,27.12,27.12,27.12,27.12,27.10,27.10,27.10,27.10,27.10,27.10,27.10,27.10,27.10,27.10,27.10,27.10,27.09,27.09,27.09,27.09,27.09,27.09,27.09,27.09,27.09,27.09,27.09,27.09,27.09,27.09,27.09,27.09,27.09,27.09,27.09,27.09,27.09,27.09,27.09,27.09,27.10,27.10,27.10,27.10,27.10,27.10,27.10,27.10,27.10,27.10,27.10,27.10,27.10,27.10,27.10,27.10,27.10,27.10
2018-08-01,,,,,,,,,,,,,,,,,,,,,,,,,,,,,,,,,,,,,,,,,,,,,,,,,,,,,,,,,,,,,,,,,,,,,,,,,,,,,,,,,,,,,,,,,,,27.16,27.16,27.17,27.17,27.17,27.23,27.23,27.23,27.23,27.23,27.23,27.23,27.23,27.23,27.23,27.23,27.23,27.22,27.22,27.22,27.22,27.22,27.22,27.22,27.22,27.22,27.22,27.22,27.22,27.22,27.22,27.22,27.22,27.22,27.22,27.22,27.22,27.22,27.22,27.22,27.22,27.21,27.21,27.21,27.21,27.21,27.21,27.21,27.21,27.21,27.21,27.21,27.21,27.20,27.20,27.20,27.20,27.20,27.20,27.20,27.20,27.20,27.20,27.20,27.20,27.20,27.20,27.20,27.20,27.20,27.20,27.20,27.20,27.20,27.20,27.20,27.20,27.21,27.21,27.21,27.21,27.21,27.21,27.21,27.21,27.21,27.21,27.21,27.21,27.21,27.21,27.21,27.21,27.21,27.21
2018-09-01,,,,,,,,,,,,,,,,,,,,,,,,,,,,,,,,,,,,,,,,,,,,,,,,,,,,,,,,,,,,,,,,,,,,,,,,,,,,,,,,,,,,,,,,,,,,27.24,27.25,27.25,27.25,27.30,27.30,27.30,27.30,27.30,27.30,27.30,27.30,27.30,27.30,27.30,27.30,27.31,27.31,27.31,27.31,27.31,27.31,27.31,27.31,27.31,27.31,27.31,27.31,27.31,27.31,27.31,27.31,27.31,27.31,27.31,27.31,27.31,27.31,27.31,27.31,27.31,27.31,27.31,27.31,27.31,27.31,27.31,27.31,27.31,27.31,27.31,27.31,27.32,27.32,27.32,27.32,27.32,27.32,27.32,27.32,27.32,27.32,27.32,27.32,27.32,27.32,27.32,27.32,27.32,27.32,27.32,27.32,27.32,27.32,27.32,27.32,27.32,27.32,27.32,27.32,27.32,27.32,27.32,27.32,27.32,27.32,27.32,27.32,27.32,27.32,27.32,27.32,27.32,27.32
2018-10-01,,,,,,,,,,,,,,,,,,,,,,,,,,,,,,,,,,,,,,,,,,,,,,,,,,,,,,,,,,,,,,,,,,,,,,,,,,,,,,,,,,,,,,,,,,,,,27.30,27.29,27.31,27.35,27.35,27.35,27.35,27.35,27.35,27.35,27.35,27.35,27.35,27.35,27.35,27.36,27.36,27.36,27.36,27.36,27.36,27.36,27.36,27.36,27.36,27.36,27.36,27.36,27.36,27.36,27.36,27.36,27.36,27.36,27.36,27.36,27.36,27.36,27.36,27.36,27.36,27.36,27.36,27.36,27.36,27.36,27.36,27.36,27.36,27.36,27.36,27.36,27.36,27.36,27.36,27.36,27.36,27.36,27.36,27.36,27.36,27.36,27.36,27.37,27.37,27.37,27.37,27.37,27.37,27.37,27.37,27.37,27.37,27.37,27.37,27.37,27.37,27.37,27.37,27.37,27.37,27.37,27.37,27.37,27.37,27.37,27.37,27.37,27.37,27.37,27.37,27.37,27.37
2018-11-01,,,,,,,,,,,,,,,,,,,,,,,,,,,,,,,,,,,,,,,,,,,,,,,,,,,,,,,,,,,,,,,,,,,,,,,,,,,,,,,,,,,,,,,,,,,,,,27.35,27.37,27.43,27.43,27.43,27.43,27.43,27.43,27.43,27.43,27.43,27.43,27.43,27.43,27.44,27.44,27.44,27.44,27.44,27.44,27.44,27.44,27.44,27.44,27.44,27.44,27.43,27.43,27.43,27.43,27.43,27.43,27.43,27.43,27.43,27.43,27.43,27.43,27.43,27.43,27.43,27.43,27.43,27.43,27.43,27.43,27.43,27.43,27.43,27.43,27.44,27.44,27.44,27.44,27.44,27.44,27.44,27.44,27.44,27.44,27.44,27.44,27.44,27.44,27.44,27.44,27.44,27.44,27.44,27.44,27.44,27.44,27.44,27.44,27.44,27.44,27.44,27.44,27.44,27.44,27.44,27.44,27.44,27.44,27.44,27.44,27.44,27.44,27.44,27.44,27.44,27.44
2018-12-01,,,,,,,,,,,,,,,,,,,,,,,,,,,,,,,,,,,,,,,,,,,,,,,,,,,,,,,,,,,,,,,,,,,,,,,,,,,,,,,,,,,,,,,,,,,,,,,27.48,27.53,27.53,27.53,27.53,27.53,27.53,27.53,27.53,27.53,27.53,27.53,27.53,27.54,27.54,27.54,27.54,27.54,27.54,27.54,27.54,27.54,27.54,27.54,27.54,27.55,27.55,27.55,27.55,27.55,27.55,27.55,27.55,27.55,27.55,27.55,27.55,27.56,27.56,27.56,27.56,27.56,27.56,27.56,27.56,27.56,27.56,27.56,27.56,27.56,27.56,27.56,27.56,27.56,27.56,27.56,27.56,27.56,27.56,27.56,27.56,27.55,27.55,27.55,27.55,27.55,27.55,27.55,27.55,27.55,27.55,27.55,27.55,27.56,27.56,27.56,27.56,27.56,27.56,27.56,27.56,27.56,27.56,27.56,27.56,27.56,27.56,27.56,27.56,27.56,27.56
2019-01-01,,,,,,,,,,,,,,,,,,,,,,,,,,,,,,,,,,,,,,,,,,,,,,,,,,,,,,,,,,,,,,,,,,,,,,,,,,,,,,,,,,,,,,,,,,,,,,,,27.56,27.55,27.56,27.56,27.56,27.56,27.56,27.56,27.56,27.56,27.56,27.56,27.58,27.58,27.58,27.58,27.58,27.58,27.58,27.58,27.58,27.58,27.58,27.58,27.59,27.59,27.59,27.59,27.59,27.59,27.59,27.59,27.59,27.59,27.59,27.59,27.60,27.60,27.60,27.60,27.60,27.60,27.60,27.60,27.60,27.60,27.60,27.60,27.59,27.59,27.59,27.59,27.59,27.59,27.59,27.59,27.59,27.59,27.59,27.59,27.59,27.59,27.59,27.59,27.59,27.59,27.59,27.59,27.59,27.59,27.59,27.59,27.59,27.59,27.59,27.59,27.59,27.59,27.59,27.59,27.59,27.59,27.59,27.59,27.59,27.59,27.59,27.59,27.59,27.59
2019-02-01,,,,,,,,,,,,,,,,,,,,,,,,,,,,,,,,,,,,,,,,,,,,,,,,,,,,,,,,,,,,,,,,,,,,,,,,,,,,,,,,,,,,,,,,,,,,,,,,,27.66,27.66,27.66,27.66,27.66,27.66,27.66,27.66,27.66,27.66,27.66,27.69,27.69,27.69,27.69,27.69,27.69,27.69,27.69,27.69,27.69,27.69,27.69,27.68,27.68,27.68,27.68,27.68,27.68,27.68,27.68,27.68,27.68,27.68,27.68,27.70,27.70,27.70,27.70,27.70,27.70,27.70,27.70,27.70,27.70,27.70,27.70,27.70,27.70,27.70,27.70,27.70,27.70,27.70,27.70,27.70,27.70,27.70,27.70,27.71,27.71,27.71,27.71,27.71,27.71,27.71,27.71,27.71,27.71,27.71,27.71,27.69,27.69,27.69,27.69,27.69,27.69,27.69,27.69,27.69,27.69,27.69,27.69,27.69,27.69,27.69,27.69,27.69,27.69
2019-03-01,,,,,,,,,,,,,,,,,,,,,,,,,,,,,,,,,,,,,,,,,,,,,,,,,,,,,,,,,,,,,,,,,,,,,,,,,,,,,,,,,,,,,,,,,,,,,,,,,,27.70,27.71,27.71,27.71,27.71,27.71,27.71,27.71,27.71,27.71,27.76,27.76,27.76,27.76,27.76,27.76,27.76,27.76,27.76,27.76,27.76,27.76,27.76,27.76,27.76,27.76,27.76,27.76,27.76,27.76,27.76,27.76,27.76,27.76,27.80,27.80,27.80,27.80,27.80,27.80,27.80,27.80,27.80,27.80,27.80,27.80,27.79,27.79,27.79,27.79,27.79,27.79,27.79,27.79,27.79,27.79,27.79,27.79,27.80,27.80,27.80,27.80,27.80,27.80,27.80,27.80,27.80,27.80,27.80,27.80,27.77,27.77,27.77,27.77,27.77,27.77,27.77,27.77,27.77,27.77,27.77,27.77,27.77,27.77,27.77,27.77,27.77,27.77
2019-04-01,,,,,,,,,,,,,,,,,,,,,,,,,,,,,,,,,,,,,,,,,,,,,,,,,,,,,,,,,,,,,,,,,,,,,,,,,,,,,,,,,,,,,,,,,,,,,,,,,,,27.77,27.77,27.75,27.75,27.75,27.75,27.75,27.75,27.75,27.81,27.81,27.81,27.81,27.81,27.81,27.81,27.81,27.81,27.81,27.81,27.81,27.80,27.80,27.80,27.80,27.80,27.80,27.80,27.80,27.80,27.80,27.80,27.80,27.78,27.78,27.78,27.78,27.78,27.78,27.78,27.78,27.78,27.78,27.78,27.78,27.76,27.76,27.76,27.76,27.76,27.76,27.76,27.76,27.76,27.76,27.76,27.76,27.78,27.78,27.78,27.78,27.78,27.78,27.78,27.78,27.78,27.78,27.78,27.78,27.79,27.79,27.79,27.79,27.79,27.79,27.79,27.79,27.79,27.79,27.79,27.79,27.79,27.79,27.79,27.79,27.79,27.79
2019-05-01,,,,,,,,,,,,,,,,,,,,,,,,,,,,,,,,,,,,,,,,,,,,,,,,,,,,,,,,,,,,,,,,,,,,,,,,,,,,,,,,,,,,,,,,,,,,,,,,,,,,27.83,27.84,27.82,27.82,27.82,27.82,27.82,27.82,27.87,27.87,27.87,27.87,27.87,27.87,27.87,27.87,27.87,27.87,27.87,27.87,27.88,27.88,27.88,27.88,27.88,27.88,27.88,27.88,27.88,27.88,27.88,27.88,27.85,27.85,27.85,27.85,27.85,27.85,27.85,27.85,27.85,27.85,27.85,27.85,27.86,27.86,27.86,27.86,27.86,27.86,27.86,27.86,27.86,27.86,27.86,27.86,27.86,27.86,27.86,27.86,27.86,27.86,27.86,27.86,27.86,27.86,27.86,27.86,27.88,27.88,27.88,27.88,27.88,27.88,27.88,27.88,27.88,27.88,27.88,27.88,27.88,27.88,27.88,27.88,27.88,27.88
2019-06-01,,,,,,,,,,,,,,,,,,,,,,,,,,,,,,,,,,,,,,,,,,,,,,,,,,,,,,,,,,,,,,,,,,,,,,,,,,,,,,,,,,,,,,,,,,,,,,,,,,,,,27.90,27.90,27.91,27.91,27.91,27.91,27.91,27.96,27.96,27.96,27.96,27.96,27.96,27.96,27.96,27.96,27.96,27.96,27.96,27.96,27.96,27.96,27.96,27.96,27.96,27.96,27.96,27.96,27.96,27.96,27.96,27.94,27.94,27.94,27.94,27.94,27.94,27.94,27.94,27.94,27.94,27.94,27.94,27.94,27.94,27.94,27.94,27.94,27.94,27.94,27.94,27.94,27.94,27.94,27.94,27.95,27.95,27.95,27.95,27.95,27.95,27.95,27.95,27.95,27.95,27.95,27.95,27.96,27.96,27.96,27.96,27.96,27.96,27.96,27.96,27.96,27.96,27.96,27.97,27.97,27.97,27.97,27.97,27.97,27.97
2019-07-01,,,,,,,,,,,,,,,,,,,,,,,,,,,,,,,,,,,,,,,,,,,,,,,,,,,,,,,,,,,,,,,,,,,,,,,,,,,,,,,,,,,,,,,,,,,,,,,,,,,,,,27.98,28.00,27.99,27.99,27.99,27.99,28.05,28.05,28.05,28.05,28.05,28.05,28.05,28.05,28.05,28.05,28.05,28.05,28.04,28.04,28.04,28.04,28.04,28.04,28.04,28.04,28.04,28.04,28.04,28.04,28.03,28.03,28.03,28.03,28.03,28.03,28.03,28.03,28.03,28.03,28.03,28.03,28.02,28.02,28.02,28.02,28.02,28.02,28.02,28.02,28.02,28.02,28.02,28.02,28.02,28.02,28.02,28.02,28.02,28.02,28.02,28.02,28.02,28.02,28.02,28.02,28.03,28.03,28.03,28.03,28.03,28.03,28.03,28.03,28.03,28.03,28.03,28.03,28.03,28.03,28.03,28.03,28.03,28.03
2019-08-01,,,,,,,,,,,,,,,,,,,,,,,,,,,,,,,,,,,,,,,,,,,,,,,,,,,,,,,,,,,,,,,,,,,,,,,,,,,,,,,,,,,,,,,,,,,,,,,,,,,,,,,28.11,28.10,28.11,28.11,28.11,28.16,28.16,28.16,28.16,28.16,28.16,28.16,28.16,28.16,28.16,28.16,28.16,28.16,28.16,28.16,28.16,28.16,28.16,28.16,28.16,28.16,28.16,28.16,28.16,28.13,28.13,28.13,28.13,28.13,28.13,28.13,28.13,28.13,28.13,28.13,28.13,28.13,28.13,28.13,28.13,28.13,28.13,28.13,28.13,28.13,28.13,28.13,28.13,28.13,28.13,28.13,28.13,28.13,28.13,28.13,28.13,28.13,28.13,28.13,28.13,28.14,28.14,28.14,28.14,28.14,28.14,28.14,28.14,28.14,28.14,28.14,28.14,28.14,28.14,28.14,28.14,28.14,28.14
2019-09-01,,,,,,,,,,,,,,,,,,,,,,,,,,,,,,,,,,,,,,,,,,,,,,,,,,,,,,,,,,,,,,,,,,,,,,,,,,,,,,,,,,,,,,,,,,,,,,,,,,,,,,,,28.09,28.12,28.12,28.12,28.16,28.16,28.16,28.16,28.16,28.16,28.16,28.16,28.16,28.16,28.16,28.16,28.15,28.15,28.15,28.15,28.15,28.15,28.15,28.15,28.15,28.15,28.15,28.15,28.15,28.15,28.15,28.15,28.15,28.15,28.15,28.15,28.15,28.15,28.15,28.15,28.17,28.17,28.17,28.17,28.17,28.17,28.17,28.17,28.17,28.17,28.17,28.17,28.17,28.17,28.17,28.17,28.17,28.17,28.17,28.17,28.17,28.17,28.17,28.17,28.16,28.16,28.16,28.16,28.16,28.16,28.16,28.16,28.16,28.16,28.16,28.16,28.16,28.16,28.16,28.16,28.16,28.16
2019-10-01,,,,,,,,,,,,,,,,,,,,,,,,,,,,,,,,,,,,,,,,,,,,,,,,,,,,,,,,,,,,,,,,,,,,,,,,,,,,,,,,,,,,,,,,,,,,,,,,,,,,,,,,,28.18,28.22,28.20,28.24,28.24,28.24,28.24,28.24,28.24,28.24,28.24,28.24,28.24,28.24,28.24,28.24,28.24,28.24,28.24,28.24,28.24,28.24,28.24,28.24,28.24,28.24,28.24,28.23,28.23,28.23,28.23,28.23,28.23,28.23,28.23,28.23,28.23,28.23,28.23,28.24,28.24,28.24,28.24,28.24,28.24,28.24,28.24,28.24,28.24,28.24,28.24,28.23,28.23,28.23,28.23,28.23,28.23,28.23,28.23,28.23,28.23,28.23,28.23,28.23,28.23,28.23,28.23,28.23,28.23,28.23,28.23,28.23,28.23,28.23,28.24,28.24,28.24,28.24,28.24,28.24,28.24
2019-11-01,,,,,,,,,,,,,,,,,,,,,,,,,,,,,,,,,,,,,,,,,,,,,,,,,,,,,,,,,,,,,,,,,,,,,,,,,,,,,,,,,,,,,,,,,,,,,,,,,,,,,,,,,,28.29,28.29,28.34,28.34,28.34,28.34,28.34,28.34,28.34,28.34,28.34,28.34,28.34,28.34,28.33,28.33,28.33,28.33,28.33,28.33,28.33,28.33,28.33,28.33,28.33,28.33,28.35,28.35,28.35,28.35,28.35,28.35,28.35,28.35,28.35,28.35,28.35,28.35,28.35,28.35,28.35,28.35,28.35,28.35,28.35,28.35,28.35,28.35,28.35,28.35,28.35,28.35,28.35,28.35,28.35,28.35,28.35,28.35,28.35,28.35,28.35,28.35,28.34,28.34,28.34,28.34,28.34,28.34,28.34,28.34,28.34,28.34,28.34,28.34,28.34,28.34,28.34,28.34,28.34,28.34
2019-12-01,,,,,,,,,,,,,,,,,,,,,,,,,,,,,,,,,,,,,,,,,,,,,,,,,,,,,,,,,,,,,,,,,,,,,,,,,,,,,,,,,,,,,,,,,,,,,,,,,,,,,,,,,,,28.32,28.37,28.37,28.37,28.37,28.37,28.37,28.37,28.37,28.37,28.37,28.37,28.37,28.36,28.36,28.36,28.36,28.36,28.36,28.36,28.36,28.36,28.36,28.36,28.36,28.37,28.37,28.37,28.37,28.37,28.37,28.37,28.37,28.37,28.37,28.37,28.37,28.37,28.37,28.37,28.37,28.37,28.37,28.37,28.37,28.37,28.37,28.37,28.37,28.37,28.37,28.37,28.37,28.37,28.37,28.37,28.37,28.37,28.37,28.37,28.37,28.38,28.38,28.38,28.38,28.38,28.38,28.38,28.38,28.38,28.38,28.38,28.38,28.38,28.38,28.38,28.38,28.38,28.38
2020-01-01,,,,,,,,,,,,,,,,,,,,,,,,,,,,,,,,,,,,,,,,,,,,,,,,,,,,,,,,,,,,,,,,,,,,,,,,,,,,,,,,,,,,,,,,,,,,,,,,,,,,,,,,,,,,28.44,28.43,28.43,28.43,28.43,28.43,28.43,28.43,28.43,28.43,28.43,28.43,28.43,28.43,28.43,28.43,28.43,28.43,28.43,28.43,28.43,28.43,28.43,28.43,28.43,28.43,28.43,28.43,28.43,28.43,28.43,28.43,28.43,28.43,28.43,28.43,28.43,28.43,28.43,28.43,28.43,28.43,28.43,28.43,28.43,28.43,28.43,28.43,28.44,28.44,28.44,28.44,28.44,28.44,28.44,28.44,28.44,28.44,28.44,28.44,28.43,28.43,28.43,28.43,28.43,28.43,28.43,28.43,28.43,28.43,28.43,28.43,28.43,28.43,28.43,28.43,28.43,28.43
2020-02-01,,,,,,,,,,,,,,,,,,,,,,,,,,,,,,,,,,,,,,,,,,,,,,,,,,,,,,,,,,,,,,,,,,,,,,,,,,,,,,,,,,,,,,,,,,,,,,,,,,,,,,,,,,,,,28.52,28.51,28.52,28.52,28.52,28.52,28.52,28.52,28.52,28.52,28.52,28.51,28.51,28.51,28.51,28.51,28.51,28.51,28.51,28.51,28.51,28.51,28.51,28.56,28.56,28.56,28.56,28.56,28.56,28.56,28.56,28.56,28.56,28.56,28.56,28.55,28.55,28.55,28.55,28.55,28.55,28.55,28.55,28.55,28.55,28.55,28.55,28.55,28.55,28.55,28.55,28.55,28.55,28.55,28.55,28.55,28.55,28.55,28.55,28.54,28.54,28.54,28.54,28.54,28.54,28.54,28.54,28.54,28.54,28.54,28.54,28.54,28.54,28.54,28.54,28.54,28.54
2020-03-01,,,,,,,,,,,,,,,,,,,,,,,,,,,,,,,,,,,,,,,,,,,,,,,,,,,,,,,,,,,,,,,,,,,,,,,,,,,,,,,,,,,,,,,,,,,,,,,,,,,,,,,,,,,,,,28.62,28.67,28.69,28.69,28.69,28.69,28.69,28.69,28.69,28.69,28.74,28.74,28.74,28.74,28.74,28.74,28.74,28.74,28.74,28.74,28.74,28.74,28.79,28.79,28.79,28.79,28.79,28.79,28.79,28.79,28.79,28.79,28.79,28.79,28.80,28.80,28.80,28.80,28.80,28.80,28.80,28.80,28.80,28.80,28.80,28.80,28.77,28.77,28.77,28.77,28.77,28.77,28.77,28.77,28.77,28.77,28.77,28.77,28.74,28.74,28.74,28.74,28.74,28.74,28.74,28.74,28.74,28.74,28.74,28.73,28.73,28.73,28.73,28.73,28.73,28.73
2020-04-01,,,,,,,,,,,,,,,,,,,,,,,,,,,,,,,,,,,,,,,,,,,,,,,,,,,,,,,,,,,,,,,,,,,,,,,,,,,,,,,,,,,,,,,,,,,,,,,,,,,,,,,,,,,,,,,30.01,30.04,30.03,30.03,30.03,30.03,30.03,30.03,30.03,30.07,30.07,30.07,30.07,30.07,30.07,30.07,30.07,30.07,30.07,30.07,30.07,30.01,30.01,30.01,30.01,30.01,30.01,30.01,30.01,30.01,30.01,30.01,30.01,30.01,30.01,30.01,30.01,30.01,30.01,30.01,30.01,30.01,30.01,30.01,30.01,30.01,30.01,30.01,30.01,30.01,30.01,30.01,30.01,30.01,30.01,30.01,30.01,30.04,30.04,30.04,30.04,30.04,30.04,30.04,30.04,30.04,30.04,30.04,30.04,30.04,30.04,30.04,30.04,30.04,30.04
2020-05-01,,,,,,,,,,,,,,,,,,,,,,,,,,,,,,,,,,,,,,,,,,,,,,,,,,,,,,,,,,,,,,,,,,,,,,,,,,,,,,,,,,,,,,,,,,,,,,,,,,,,,,,,,,,,,,,,29.75,29.72,29.70,29.70,29.70,29.70,29.70,29.70,29.74,29.74,29.74,29.74,29.74,29.74,29.74,29.74,29.74,29.74,29.74,29.74,29.71,29.71,29.71,29.71,29.71,29.71,29.71,29.71,29.71,29.71,29.71,29.71,29.72,29.72,29.72,29.72,29.72,29.72,29.72,29.72,29.72,29.72,29.72,29.72,29.72,29.72,29.72,29.72,29.72,29.72,29.72,29.72,29.72,29.72,29.72,29.72,29.72,29.72,29.72,29.72,29.72,29.72,29.72,29.72,29.72,29.72,29.72,29.72,29.72,29.72,29.72,29.72,29.72,29.72
2020-06-01,,,,,,,,,,,,,,,,,,,,,,,,,,,,,,,,,,,,,,,,,,,,,,,,,,,,,,,,,,,,,,,,,,,,,,,,,,,,,,,,,,,,,,,,,,,,,,,,,,,,,,,,,,,,,,,,,29.37,29.32,29.32,29.32,29.32,29.32,29.32,29.35,29.35,29.35,29.35,29.35,29.35,29.35,29.35,29.35,29.35,29.35,29.35,29.36,29.36,29.36,29.36,29.36,29.36,29.36,29.36,29.36,29.36,29.36,29.36,29.37,29.37,29.37,29.37,29.37,29.37,29.37,29.37,29.37,29.37,29.37,29.37,29.38,29.38,29.38,29.38,29.38,29.38,29.38,29.38,29.38,29.38,29.38,29.38,29.38,29.38,29.38,29.38,29.38,29.38,29.38,29.38,29.38,29.38,29.38,29.38,29.38,29.38,29.38,29.38,29.38,29.38
2020-07-01,,,,,,,,,,,,,,,,,,,,,,,,,,,,,,,,,,,,,,,,,,,,,,,,,,,,,,,,,,,,,,,,,,,,,,,,,,,,,,,,,,,,,,,,,,,,,,,,,,,,,,,,,,,,,,,,,,29.39,29.36,29.35,29.35,29.35,29.35,29.37,29.37,29.37,29.37,29.37,29.37,29.37,29.37,29.37,29.37,29.37,29.37,29.41,29.41,29.41,29.41,29.41,29.41,29.41,29.41,29.41,29.41,29.41,29.41,29.39,29.39,29.39,29.39,29.39,29.39,29.39,29.39,29.39,29.39,29.39,29.39,29.38,29.38,29.38,29.38,29.38,29.38,29.38,29.38,29.38,29.38,29.38,29.38,29.39,29.39,29.39,29.39,29.39,29.39,29.39,29.39,29.39,29.39,29.39,29.39,29.39,29.39,29.39,29.39,29.39,29.39
2020-08-01,,,,,,,,,,,,,,,,,,,,,,,,,,,,,,,,,,,,,,,,,,,,,,,,,,,,,,,,,,,,,,,,,,,,,,,,,,,,,,,,,,,,,,,,,,,,,,,,,,,,,,,,,,,,,,,,,,,29.47,29.45,29.45,29.45,29.45,29.47,29.47,29.47,29.47,29.47,29.47,29.47,29.47,29.47,29.47,29.47,29.47,29.48,29.48,29.48,29.48,29.48,29.48,29.48,29.48,29.48,29.48,29.48,29.48,29.48,29.48,29.48,29.48,29.48,29.48,29.48,29.48,29.48,29.48,29.48,29.48,29.48,29.48,29.48,29.48,29.48,29.48,29.48,29.48,29.48,29.48,29.48,29.48,29.50,29.50,29.50,29.50,29.50,29.50,29.50,29.50,29.50,29.50,29.50,29.49,29.49,29.49,29.49,29.49,29.49,29.49
2020-09-01,,,,,,,,,,,,,,,,,,,,,,,,,,,,,,,,,,,,,,,,,,,,,,,,,,,,,,,,,,,,,,,,,,,,,,,,,,,,,,,,,,,,,,,,,,,,,,,,,,,,,,,,,,,,,,,,,,,,29.47,29.46,29.47,29.47,29.50,29.50,29.50,29.50,29.50,29.50,29.50,29.50,29.50,29.50,29.50,29.50,29.51,29.51,29.51,29.51,29.51,29.51,29.51,29.51,29.51,29.51,29.51,29.51,29.52,29.52,29.52,29.52,29.52,29.52,29.52,29.52,29.52,29.52,29.52,29.52,29.51,29.51,29.51,29.51,29.51,29.51,29.51,29.51,29.51,29.51,29.51,29.51,29.51,29.51,29.51,29.51,29.51,29.51,29.51,29.51,29.51,29.51,29.51,29.51,29.51,29.51,29.51,29.51,29.51,29.51
2020-10-01,,,,,,,,,,,,,,,,,,,,,,,,,,,,,,,,,,,,,,,,,,,,,,,,,,,,,,,,,,,,,,,,,,,,,,,,,,,,,,,,,,,,,,,,,,,,,,,,,,,,,,,,,,,,,,,,,,,,,29.50,29.49,29.49,29.52,29.52,29.52,29.52,29.52,29.52,29.52,29.52,29.52,29.52,29.52,29.52,29.53,29.53,29.53,29.53,29.53,29.53,29.53,29.53,29.53,29.53,29.53,29.53,29.54,29.54,29.54,29.54,29.54,29.54,29.54,29.54,29.54,29.54,29.54,29.54,29.54,29.54,29.54,29.54,29.54,29.54,29.54,29.54,29.54,29.54,29.54,29.54,29.55,29.55,29.55,29.55,29.55,29.55,29.55,29.55,29.55,29.55,29.55,29.54,29.54,29.54,29.54,29.54,29.54,29.54
2020-11-01,,,,,,,,,,,,,,,,,,,,,,,,,,,,,,,,,,,,,,,,,,,,,,,,,,,,,,,,,,,,,,,,,,,,,,,,,,,,,,,,,,,,,,,,,,,,,,,,,,,,,,,,,,,,,,,,,,,,,,29.58,29.58,29.61,29.61,29.61,29.61,29.61,29.61,29.61,29.61,29.61,29.61,29.61,29.61,29.65,29.65,29.65,29.65,29.65,29.65,29.65,29.65,29.65,29.65,29.65,29.65,29.64,29.64,29.64,29.64,29.64,29.64,29.64,29.64,29.64,29.64,29.64,29.64,29.63,29.63,29.63,29.63,29.63,29.63,29.63,29.63,29.63,29.63,29.63,29.63,29.64,29.64,29.64,29.64,29.64,29.64,29.64,29.64,29.64,29.64,29.64,29.64,29.64,29.64,29.64,29.64,29.64,29.64
2020-12-01,,,,,,,,,,,,,,,,,,,,,,,,,,,,,,,,,,,,,,,,,,,,,,,,,,,,,,,,,,,,,,,,,,,,,,,,,,,,,,,,,,,,,,,,,,,,,,,,,,,,,,,,,,,,,,,,,,,,,,,29.81,29.90,29.91,29.91,29.91,29.91,29.91,29.91,29.91,29.91,29.91,29.91,29.91,29.92,29.92,29.92,29.92,29.92,29.92,29.92,29.92,29.92,29.92,29.92,29.92,29.92,29.92,29.92,29.92,29.92,29.92,29.92,29.92,29.92,29.92,29.92,29.92,29.90,29.90,29.90,29.90,29.90,29.90,29.90,29.90,29.90,29.90,29.90,29.90,29.91,29.91,29.91,29.91,29.91,29.91,29.91,29.91,29.91,29.91,29.91,29.91,29.91,29.91,29.91,29.91,29.91,29.91
2021-01-01,,,,,,,,,,,,,,,,,,,,,,,,,,,,,,,,,,,,,,,,,,,,,,,,,,,,,,,,,,,,,,,,,,,,,,,,,,,,,,,,,,,,,,,,,,,,,,,,,,,,,,,,,,,,,,,,,,,,,,,,29.96,29.94,29.92,29.92,29.92,29.92,29.92,29.92,29.92,29.92,29.92,29.92,29.93,29.93,29.93,29.93,29.93,29.93,29.93,29.93,29.93,29.93,29.93,29.93,29.92,29.92,29.92,29.92,29.92,29.92,29.92,29.92,29.92,29.92,29.92,29.92,29.93,29.93,29.93,29.93,29.93,29.93,29.93,29.93,29.93,29.93,29.93,29.93,29.92,29.92,29.92,29.92,29.92,29.92,29.92,29.92,29.92,29.92,29.92,29.93,29.93,29.93,29.93,29.93,29.93,29.93
2021-02-01,,,,,,,,,,,,,,,,,,,,,,,,,,,,,,,,,,,,,,,,,,,,,,,,,,,,,,,,,,,,,,,,,,,,,,,,,,,,,,,,,,,,,,,,,,,,,,,,,,,,,,,,,,,,,,,,,,,,,,,,,30.01,30.00,30.00,30.00,30.00,30.00,30.00,30.00,30.00,30.00,30.00,30.04,30.04,30.04,30.04,30.04,30.04,30.04,30.04,30.04,30.04,30.04,30.04,30.05,30.05,30.05,30.05,30.05,30.05,30.05,30.05,30.05,30.05,30.05,30.05,30.06,30.06,30.06,30.06,30.06,30.06,30.06,30.06,30.06,30.06,30.06,30.06,30.07,30.07,30.07,30.07,30.07,30.07,30.07,30.07,30.07,30.07,30.07,30.05,30.05,30.05,30.05,30.05,30.05,30.05
2021-03-01,,,,,,,,,,,,,,,,,,,,,,,,,,,,,,,,,,,,,,,,,,,,,,,,,,,,,,,,,,,,,,,,,,,,,,,,,,,,,,,,,,,,,,,,,,,,,,,,,,,,,,,,,,,,,,,,,,,,,,,,,,29.96,29.96,29.97,29.97,29.97,29.97,29.97,29.97,29.97,29.97,30.06,30.06,30.06,30.06,30.06,30.06,30.06,30.06,30.06,30.06,30.06,30.06,30.05,30.05,30.05,30.05,30.05,30.05,30.05,30.05,30.05,30.05,30.05,30.05,30.06,30.06,30.06,30.06,30.06,30.06,30.06,30.06,30.06,30.06,30.06,30.06,30.04,30.04,30.04,30.04,30.04,30.04,30.04,30.04,30.04,30.04,30.04,30.03,30.03,30.03,30.03,30.03,30.03,30.03
2021-04-01,,,,,,,,,,,,,,,,,,,,,,,,,,,,,,,,,,,,,,,,,,,,,,,,,,,,,,,,,,,,,,,,,,,,,,,,,,,,,,,,,,,,,,,,,,,,,,,,,,,,,,,,,,,,,,,,,,,,,,,,,,,30.17,30.18,30.17,30.17,30.17,30.17,30.17,30.17,30.17,30.20,30.20,30.20,30.20,30.20,30.20,30.20,30.20,30.20,30.20,30.20,30.20,30.20,30.20,30.20,30.20,30.20,30.20,30.20,30.20,30.20,30.20,30.20,30.20,30.21,30.21,30.21,30.21,30.21,30.21,30.21,30.21,30.21,30.21,30.21,30.21,30.23,30.23,30.23,30.23,30.23,30.23,30.23,30.23,30.23,30.23,30.23,30.22,30.22,30.22,30.22,30.22,30.22,30.22
2021-05-01,,,,,,,,,,,,,,,,,,,,,,,,,,,,,,,,,,,,,,,,,,,,,,,,,,,,,,,,,,,,,,,,,,,,,,,,,,,,,,,,,,,,,,,,,,,,,,,,,,,,,,,,,,,,,,,,,,,,,,,,,,,,30.33,30.30,30.31,30.31,30.31,30.31,30.31,30.31,30.36,30.36,30.36,30.36,30.36,30.36,30.36,30.36,30.36,30.36,30.36,30.36,30.38,30.38,30.38,30.38,30.38,30.38,30.38,30.38,30.38,30.38,30.38,30.38,30.39,30.39,30.39,30.39,30.39,30.39,30.39,30.39,30.39,30.39,30.39,30.39,30.41,30.41,30.41,30.41,30.41,30.41,30.41,30.41,30.41,30.41,30.41,30.41,30.41,30.41,30.41,30.41,30.41,30.41
2021-06-01,,,,,,,,,,,,,,,,,,,,,,,,,,,,,,,,,,,,,,,,,,,,,,,,,,,,,,,,,,,,,,,,,,,,,,,,,,,,,,,,,,,,,,,,,,,,,,,,,,,,,,,,,,,,,,,,,,,,,,,,,,,,,30.40,30.43,30.44,30.44,30.44,30.44,30.44,30.52,30.52,30.52,30.52,30.52,30.52,30.52,30.52,30.52,30.52,30.52,30.52,30.53,30.53,30.53,30.53,30.53,30.53,30.53,30.53,30.53,30.53,30.53,30.53,30.54,30.54,30.54,30.54,30.54,30.54,30.54,30.54,30.54,30.54,30.54,30.54,30.55,30.55,30.55,30.55,30.55,30.55,30.55,30.55,30.55,30.55,30.55,30.54,30.54,30.54,30.54,30.54,30.54,30.54
2021-07-01,,,,,,,,,,,,,,,,,,,,,,,,,,,,,,,,,,,,,,,,,,,,,,,,,,,,,,,,,,,,,,,,,,,,,,,,,,,,,,,,,,,,,,,,,,,,,,,,,,,,,,,,,,,,,,,,,,,,,,,,,,,,,,30.54,30.56,30.55,30.55,30.55,30.55,30.67,30.67,30.67,30.67,30.67,30.67,30.67,30.67,30.67,30.67,30.67,30.67,30.66,30.66,30.66,30.66,30.66,30.66,30.66,30.66,30.66,30.66,30.66,30.66,30.65,30.65,30.65,30.65,30.65,30.65,30.65,30.65,30.65,30.65,30.65,30.65,30.66,30.66,30.66,30.66,30.66,30.66,30.66,30.66,30.66,30.66,30.66,30.66,30.66,30.66,30.66,30.66,30.66,30.66
2021-08-01,,,,,,,,,,,,,,,,,,,,,,,,,,,,,,,,,,,,,,,,,,,,,,,,,,,,,,,,,,,,,,,,,,,,,,,,,,,,,,,,,,,,,,,,,,,,,,,,,,,,,,,,,,,,,,,,,,,,,,,,,,,,,,,30.73,30.66,30.67,30.67,30.67,30.76,30.76,30.76,30.76,30.76,30.76,30.76,30.76,30.76,30.76,30.76,30.76,30.78,30.78,30.78,30.78,30.78,30.78,30.78,30.78,30.78,30.78,30.78,30.78,30.77,30.77,30.77,30.77,30.77,30.77,30.77,30.77,30.77,30.77,30.77,30.77,30.79,30.79,30.79,30.79,30.79,30.79,30.79,30.79,30.79,30.79,30.79,30.78,30.78,30.78,30.78,30.78,30.78,30.78
2021-09-01,,,,,,,,,,,,,,,,,,,,,,,,,,,,,,,,,,,,,,,,,,,,,,,,,,,,,,,,,,,,,,,,,,,,,,,,,,,,,,,,,,,,,,,,,,,,,,,,,,,,,,,,,,,,,,,,,,,,,,,,,,,,,,,,30.85,30.85,30.84,30.84,30.92,30.92,30.92,30.92,30.92,30.92,30.92,30.92,30.92,30.92,30.92,30.92,30.96,30.96,30.96,30.96,30.96,30.96,30.96,30.96,30.96,30.96,30.96,30.96,30.95,30.95,30.95,30.95,30.95,30.95,30.95,30.95,30.95,30.95,30.95,30.95,30.96,30.96,30.96,30.96,30.96,30.96,30.96,30.96,30.96,30.96,30.96,30.98,30.98,30.98,30.98,30.98,30.98,30.98
2021-10-01,,,,,,,,,,,,,,,,,,,,,,,,,,,,,,,,,,,,,,,,,,,,,,,,,,,,,,,,,,,,,,,,,,,,,,,,,,,,,,,,,,,,,,,,,,,,,,,,,,,,,,,,,,,,,,,,,,,,,,,,,,,,,,,,,30.96,30.95,31.01,31.11,31.11,31.11,31.11,31.11,31.11,31.11,31.11,31.11,31.11,31.11,31.11,31.14,31.14,31.14,31.14,31.14,31.14,31.14,31.14,31.14,31.14,31.14,31.14,31.15,31.15,31.15,31.15,31.15,31.15,31.15,31.15,31.15,31.15,31.15,31.15,31.15,31.15,31.15,31.15,31.15,31.15,31.15,31.15,31.15,31.15,31.15,31.14,31.14,31.14,31.14,31.14,31.14,31.14
2021-11-01,,,,,,,,,,,,,,,,,,,,,,,,,,,,,,,,,,,,,,,,,,,,,,,,,,,,,,,,,,,,,,,,,,,,,,,,,,,,,,,,,,,,,,,,,,,,,,,,,,,,,,,,,,,,,,,,,,,,,,,,,,,,,,,,,,31.03,31.12,31.23,31.23,31.23,31.23,31.23,31.23,31.23,31.23,31.23,31.23,31.23,31.23,31.24,31.24,31.24,31.24,31.24,31.24,31.24,31.24,31.24,31.24,31.24,31.24,31.24,31.24,31.24,31.24,31.24,31.24,31.24,31.24,31.24,31.24,31.24,31.24,31.25,31.25,31.25,31.25,31.25,31.25,31.25,31.25,31.25,31.25,31.25,31.23,31.23,31.23,31.23,31.23,31.23,31.23
2021-12-01,,,,,,,,,,,,,,,,,,,,,,,,,,,,,,,,,,,,,,,,,,,,,,,,,,,,,,,,,,,,,,,,,,,,,,,,,,,,,,,,,,,,,,,,,,,,,,,,,,,,,,,,,,,,,,,,,,,,,,,,,,,,,,,,,,,31.31,31.40,31.38,31.38,31.38,31.38,31.38,31.38,31.38,31.38,31.38,31.38,31.38,31.42,31.42,31.42,31.42,31.42,31.42,31.42,31.42,31.42,31.42,31.42,31.42,31.40,31.40,31.40,31.40,31.40,31.40,31.40,31.40,31.40,31.40,31.40,31.40,31.41,31.41,31.41,31.41,31.41,31.41,31.41,31.41,31.41,31.41,31.41,31.39,31.39,31.39,31.39,31.39,31.39,31.39
2022-01-01,,,,,,,,,,,,,,,,,,,,,,,,,,,,,,,,,,,,,,,,,,,,,,,,,,,,,,,,,,,,,,,,,,,,,,,,,,,,,,,,,,,,,,,,,,,,,,,,,,,,,,,,,,,,,,,,,,,,,,,,,,,,,,,,,,,,31.63,31.57,31.56,31.56,31.56,31.56,31.56,31.56,31.56,31.56,31.56,31.56,31.63,31.63,31.63,31.63,31.63,31.63,31.63,31.63,31.63,31.63,31.63,31.63,31.63,31.63,31.63,31.63,31.63,31.63,31.63,31.63,31.63,31.63,31.63,31.63,31.62,31.62,31.62,31.62,31.62,31.62,31.62,31.62,31.62,31.62,31.62,31.60,31.60,31.60,31.60,31.60,31.60,31.60
2022-02-01,,,,,,,,,,,,,,,,,,,,,,,,,,,,,,,,,,,,,,,,,,,,,,,,,,,,,,,,,,,,,,,,,,,,,,,,,,,,,,,,,,,,,,,,,,,,,,,,,,,,,,,,,,,,,,,,,,,,,,,,,,,,,,,,,,,,,31.58,31.60,31.60,31.60,31.60,31.60,31.60,31.60,31.60,31.60,31.60,31.63,31.63,31.63,31.63,31.63,31.63,31.63,31.63,31.63,31.63,31.63,31.63,31.65,31.65,31.65,31.65,31.65,31.65,31.65,31.65,31.65,31.65,31.65,31.65,31.66,31.66,31.66,31.66,31.66,31.66,31.66,31.66,31.66,31.66,31.66,31.64,31.64,31.64,31.64,31.64,31.64,31.64
2022-03-01,,,,,,,,,,,,,,,,,,,,,,,,,,,,,,,,,,,,,,,,,,,,,,,,,,,,,,,,,,,,,,,,,,,,,,,,,,,,,,,,,,,,,,,,,,,,,,,,,,,,,,,,,,,,,,,,,,,,,,,,,,,,,,,,,,,,,,31.73,31.75,31.75,31.75,31.75,31.75,31.75,31.75,31.75,31.75,31.83,31.83,31.83,31.83,31.83,31.83,31.83,31.83,31.83,31.83,31.83,31.83,31.84,31.84,31.84,31.84,31.84,31.84,31.84,31.84,31.84,31.84,31.84,31.84,31.82,31.82,31.82,31.82,31.82,31.82,31.82,31.82,31.82,31.82,31.82,31.80,31.80,31.80,31.80,31.80,31.80,31.80
2022-04-01,,,,,,,,,,,,,,,,,,,,,,,,,,,,,,,,,,,,,,,,,,,,,,,,,,,,,,,,,,,,,,,,,,,,,,,,,,,,,,,,,,,,,,,,,,,,,,,,,,,,,,,,,,,,,,,,,,,,,,,,,,,,,,,,,,,,,,,31.85,31.85,31.86,31.86,31.86,31.86,31.86,31.86,31.86,31.94,31.94,31.94,31.94,31.94,31.94,31.94,31.94,31.94,31.94,31.94,31.94,31.95,31.95,31.95,31.95,31.95,31.95,31.95,31.95,31.95,31.95,31.95,31.95,31.96,31.96,31.96,31.96,31.96,31.96,31.96,31.96,31.96,31.96,31.96,31.96,31.96,31.96,31.96,31.96,31.96,31.96
2022-05-01,,,,,,,,,,,,,,,,,,,,,,,,,,,,,,,,,,,,,,,,,,,,,,,,,,,,,,,,,,,,,,,,,,,,,,,,,,,,,,,,,,,,,,,,,,,,,,,,,,,,,,,,,,,,,,,,,,,,,,,,,,,,,,,,,,,,,,,,31.95,31.98,31.98,31.98,31.98,31.98,31.98,31.98,32.06,32.06,32.06,32.06,32.06,32.06,32.06,32.06,32.06,32.06,32.06,32.06,32.08,32.08,32.08,32.08,32.08,32.08,32.08,32.08,32.08,32.08,32.08,32.08,32.10,32.10,32.10,32.10,32.10,32.10,32.10,32.10,32.10,32.10,32.10,32.10,32.10,32.10,32.10,32.10,32.10,32.10
2022-06-01,,,,,,,,,,,,,,,,,,,,,,,,,,,,,,,,,,,,,,,,,,,,,,,,,,,,,,,,,,,,,,,,,,,,,,,,,,,,,,,,,,,,,,,,,,,,,,,,,,,,,,,,,,,,,,,,,,,,,,,,,,,,,,,,,,,,,,,,,32.08,32.12,32.11,32.11,32.11,32.11,32.11,32.18,32.18,32.18,32.18,32.18,32.18,32.18,32.18,32.18,32.18,32.18,32.18,32.20,32.20,32.20,32.20,32.20,32.20,32.20,32.20,32.20,32.20,32.20,32.20,32.20,32.20,32.20,32.20,32.20,32.20,32.20,32.20,32.20,32.20,32.20,32.19,32.19,32.19,32.19,32.19,32.19,32.19
2022-07-01,,,,,,,,,,,,,,,,,,,,,,,,,,,,,,,,,,,,,,,,,,,,,,,,,,,,,,,,,,,,,,,,,,,,,,,,,,,,,,,,,,,,,,,,,,,,,,,,,,,,,,,,,,,,,,,,,,,,,,,,,,,,,,,,,,,,,,,,,,32.27,32.26,32.27,32.27,32.27,32.27,32.33,32.33,32.33,32.33,32.33,32.33,32.33,32.33,32.33,32.33,32.33,32.33,32.33,32.33,32.33,32.33,32.33,32.33,32.33,32.33,32.33,32.33,32.33,32.33,32.35,32.35,32.35,32.35,32.35,32.35,32.35,32.35,32.35,32.35,32.35,32.34,32.34,32.34,32.34,32.34,32.34,32.34
2022-08-01,,,,,,,,,,,,,,,,,,,,,,,,,,,,,,,,,,,,,,,,,,,,,,,,,,,,,,,,,,,,,,,,,,,,,,,,,,,,,,,,,,,,,,,,,,,,,,,,,,,,,,,,,,,,,,,,,,,,,,,,,,,,,,,,,,,,,,,,,,,32.36,32.36,32.36,32.36,32.36,32.43,32.43,32.43,32.43,32.43,32.43,32.43,32.43,32.43,32.43,32.43,32.43,32.44,32.44,32.44,32.44,32.44,32.44,32.44,32.44,32.44,32.44,32.44,32.44,32.44,32.44,32.44,32.44,32.44,32.44,32.44,32.44,32.44,32.44,32.44,32.44,32.44,32.44,32.44,32.44,32.44,32.44
2022-09-01,,,,,,,,,,,,,,,,,,,,,,,,,,,,,,,,,,,,,,,,,,,,,,,,,,,,,,,,,,,,,,,,,,,,,,,,,,,,,,,,,,,,,,,,,,,,,,,,,,,,,,,,,,,,,,,,,,,,,,,,,,,,,,,,,,,,,,,,,,,,32.46,32.46,32.49,32.49,32.53,32.53,32.53,32.53,32.53,32.53,32.53,32.53,32.53,32.53,32.53,32.53,32.54,32.54,32.54,32.54,32.54,32.54,32.54,32.54,32.54,32.54,32.54,32.54,32.55,32.55,32.55,32.55,32.55,32.55,32.55,32.55,32.55,32.55,32.55,32.57,32.57,32.57,32.57,32.57,32.57,32.57
2022-10-01,,,,,,,,,,,,,,,,,,,,,,,,,,,,,,,,,,,,,,,,,,,,,,,,,,,,,,,,,,,,,,,,,,,,,,,,,,,,,,,,,,,,,,,,,,,,,,,,,,,,,,,,,,,,,,,,,,,,,,,,,,,,,,,,,,,,,,,,,,,,,32.58,32.64,32.60,32.66,32.66,32.66,32.66,32.66,32.66,32.66,32.66,32.66,32.66,32.66,32.66,32.70,32.70,32.70,32.70,32.70,32.70,32.70,32.70,32.70,32.70,32.70,32.70,32.70,32.70,32.70,32.70,32.70,32.70,32.70,32.70,32.70,32.70,32.70,32.70,32.70,32.70,32.70,32.70,32.70,32.70
2022-11-01,,,,,,,,,,,,,,,,,,,,,,,,,,,,,,,,,,,,,,,,,,,,,,,,,,,,,,,,,,,,,,,,,,,,,,,,,,,,,,,,,,,,,,,,,,,,,,,,,,,,,,,,,,,,,,,,,,,,,,,,,,,,,,,,,,,,,,,,,,,,,,32.82,32.73,32.80,32.80,32.80,32.80,32.80,32.80,32.80,32.80,32.80,32.80,32.80,32.80,32.83,32.83,32.83,32.83,32.83,32.83,32.83,32.83,32.83,32.83,32.83,32.83,32.84,32.84,32.84,32.84,32.84,32.84,32.84,32.84,32.84,32.84,32.84,32.82,32.82,32.82,32.82,32.82,32.82,32.82
2022-12-01,,,,,,,,,,,,,,,,,,,,,,,,,,,,,,,,,,,,,,,,,,,,,,,,,,,,,,,,,,,,,,,,,,,,,,,,,,,,,,,,,,,,,,,,,,,,,,,,,,,,,,,,,,,,,,,,,,,,,,,,,,,,,,,,,,,,,,,,,,,,,,,32.82,32.93,32.92,32.92,32.92,32.92,32.92,32.92,32.92,32.92,32.92,32.92,32.92,32.94,32.94,32.94,32.94,32.94,32.94,32.94,32.94,32.94,32.94,32.94,32.94,32.96,32.96,32.96,32.96,32.96,32.96,32.96,32.96,32.96,32.96,32.96,32.94,32.94,32.94,32.94,32.94,32.94,32.94
2023-01-01,,,,,,,,,,,,,,,,,,,,,,,,,,,,,,,,,,,,,,,,,,,,,,,,,,,,,,,,,,,,,,,,,,,,,,,,,,,,,,,,,,,,,,,,,,,,,,,,,,,,,,,,,,,,,,,,,,,,,,,,,,,,,,,,,,,,,,,,,,,,,,,,33.03,33.01,33.02,33.02,33.02,33.02,33.02,33.02,33.02,33.02,33.02,33.02,33.07,33.07,33.07,33.07,33.07,33.07,33.07,33.07,33.07,33.07,33.07,33.07,33.05,33.05,33.05,33.05,33.05,33.05,33.05,33.05,33.05,33.05,33.05,33.02,33.02,33.02,33.02,33.02,33.02,33.02
2023-02-01,,,,,,,,,,,,,,,,,,,,,,,,,,,,,,,,,,,,,,,,,,,,,,,,,,,,,,,,,,,,,,,,,,,,,,,,,,,,,,,,,,,,,,,,,,,,,,,,,,,,,,,,,,,,,,,,,,,,,,,,,,,,,,,,,,,,,,,,,,,,,,,,,33.09,33.09,33.11,33.11,33.11,33.11,33.11,33.11,33.11,33.11,33.11,33.15,33.15,33.15,33.15,33.15,33.15,33.15,33.15,33.15,33.15,33.15,33.15,33.16,33.16,33.16,33.16,33.16,33.16,33.16,33.16,33.16,33.16,33.16,33.15,33.15,33.15,33.15,33.15,33.15,33.15
2023-03-01,,,,,,,,,,,,,,,,,,,,,,,,,,,,,,,,,,,,,,,,,,,,,,,,,,,,,,,,,,,,,,,,,,,,,,,,,,,,,,,,,,,,,,,,,,,,,,,,,,,,,,,,,,,,,,,,,,,,,,,,,,,,,,,,,,,,,,,,,,,,,,,,,,33.18,33.20,33.20,33.20,33.20,33.20,33.20,33.20,33.20,33.20,33.31,33.31,33.31,33.31,33.31,33.31,33.31,33.31,33.31,33.31,33.31,33.31,33.28,33.28,33.28,33.28,33.28,33.28,33.28,33.28,33.28,33.28,33.28,33.27,33.27,33.27,33.27,33.27,33.27,33.27
2023-04-01,,,,,,,,,,,,,,,,,,,,,,,,,,,,,,,,,,,,,,,,,,,,,,,,,,,,,,,,,,,,,,,,,,,,,,,,,,,,,,,,,,,,,,,,,,,,,,,,,,,,,,,,,,,,,,,,,,,,,,,,,,,,,,,,,,,,,,,,,,,,,,,,,,,33.36,33.33,33.34,33.34,33.34,33.34,33.34,33.34,33.34,33.44,33.44,33.44,33.44,33.44,33.44,33.44,33.44,33.44,33.44,33.44,33.44,33.42,33.42,33.42,33.42,33.42,33.42,33.42,33.42,33.42,33.42,33.42,33.43,33.43,33.43,33.43,33.43,33.43,33.43
2023-05-01,,,,,,,,,,,,,,,,,,,,,,,,,,,,,,,,,,,,,,,,,,,,,,,,,,,,,,,,,,,,,,,,,,,,,,,,,,,,,,,,,,,,,,,,,,,,,,,,,,,,,,,,,,,,,,,,,,,,,,,,,,,,,,,,,,,,,,,,,,,,,,,,,,,,33.44,33.46,33.45,33.45,33.45,33.45,33.45,33.45,33.54,33.54,33.54,33.54,33.54,33.54,33.54,33.54,33.54,33.54,33.54,33.54,33.52,33.52,33.52,33.52,33.52,33.52,33.52,33.52,33.52,33.52,33.52,33.50,33.50,33.50,33.50,33.50,33.50,33.50
2023-06-01,,,,,,,,,,,,,,,,,,,,,,,,,,,,,,,,,,,,,,,,,,,,,,,,,,,,,,,,,,,,,,,,,,,,,,,,,,,,,,,,,,,,,,,,,,,,,,,,,,,,,,,,,,,,,,,,,,,,,,,,,,,,,,,,,,,,,,,,,,,,,,,,,,,,,33.58,33.60,33.60,33.60,33.60,33.60,33.60,33.70,33.70,33.70,33.70,33.70,33.70,33.70,33.70,33.70,33.70,33.70,33.70,33.69,33.69,33.69,33.69,33.69,33.69,33.69,33.69,33.69,33.69,33.69,33.69,33.69,33.69,33.69,33.69,33.69,33.69
2023-07-01,,,,,,,,,,,,,,,,,,,,,,,,,,,,,,,,,,,,,,,,,,,,,,,,,,,,,,,,,,,,,,,,,,,,,,,,,,,,,,,,,,,,,,,,,,,,,,,,,,,,,,,,,,,,,,,,,,,,,,,,,,,,,,,,,,,,,,,,,,,,,,,,,,,,,,33.74,33.74,33.73,33.73,33.73,33.73,33.84,33.84,33.84,33.84,33.84,33.84,33.84,33.84,33.84,33.84,33.84,33.84,33.84,33.84,33.84,33.84,33.84,33.84,33.84,33.84,33.84,33.84,33.84,33.85,33.85,33.85,33.85,33.85,33.85,33.85
2023-08-01,,,,,,,,,,,,,,,,,,,,,,,,,,,,,,,,,,,,,,,,,,,,,,,,,,,,,,,,,,,,,,,,,,,,,,,,,,,,,,,,,,,,,,,,,,,,,,,,,,,,,,,,,,,,,,,,,,,,,,,,,,,,,,,,,,,,,,,,,,,,,,,,,,,,,,,33.82,33.81,33.82,33.82,33.82,33.91,33.91,33.91,33.91,33.91,33.91,33.91,33.91,33.91,33.91,33.91,33.91,33.89,33.89,33.89,33.89,33.89,33.89,33.89,33.89,33.89,33.89,33.89,33.89,33.89,33.89,33.89,33.89,33.89,33.89
2023-09-01,,,,,,,,,,,,,,,,,,,,,,,,,,,,,,,,,,,,,,,,,,,,,,,,,,,,,,,,,,,,,,,,,,,,,,,,,,,,,,,,,,,,,,,,,,,,,,,,,,,,,,,,,,,,,,,,,,,,,,,,,,,,,,,,,,,,,,,,,,,,,,,,,,,,,,,,33.88,33.93,33.91,33.91,34.01,34.01,34.01,34.01,34.01,34.01,34.01,34.01,34.01,34.01,34.01,34.01,33.99,33.99,33.99,33.99,33.99,33.99,33.99,33.99,33.99,33.99,33.99,34.01,34.01,34.01,34.01,34.01,34.01,34.01
2023-10-01,,,,,,,,,,,,,,,,,,,,,,,,,,,,,,,,,,,,,,,,,,,,,,,,,,,,,,,,,,,,,,,,,,,,,,,,,,,,,,,,,,,,,,,,,,,,,,,,,,,,,,,,,,,,,,,,,,,,,,,,,,,,,,,,,,,,,,,,,,,,,,,,,,,,,,,,,34.00,33.98,34.00,34.10,34.10,34.10,34.10,34.10,34.10,34.10,34.10,34.10,34.10,34.10,34.10,34.07,34.07,34.07,34.07,34.07,34.07,34.07,34.07,34.07,34.07,34.07,34.08,34.08,34.08,34.08,34.08,34.08,34.08
2023-11-01,,,,,,,,,,,,,,,,,,,,,,,,,,,,,,,,,,,,,,,,,,,,,,,,,,,,,,,,,,,,,,,,,,,,,,,,,,,,,,,,,,,,,,,,,,,,,,,,,,,,,,,,,,,,,,,,,,,,,,,,,,,,,,,,,,,,,,,,,,,,,,,,,,,,,,,,,,34.10,34.12,34.23,34.23,34.23,34.23,34.23,34.23,34.23,34.23,34.23,34.23,34.23,34.23,34.19,34.19,34.19,34.19,34.19,34.19,34.19,34.19,34.19,34.19,34.19,34.17,34.17,34.17,34.17,34.17,34.17,34.17
2023-12-01,,,,,,,,,,,,,,,,,,,,,,,,,,,,,,,,,,,,,,,,,,,,,,,,,,,,,,,,,,,,,,,,,,,,,,,,,,,,,,,,,,,,,,,,,,,,,,,,,,,,,,,,,,,,,,,,,,,,,,,,,,,,,,,,,,,,,,,,,,,,,,,,,,,,,,,,,,,34.27,34.36,34.34,34.34,34.34,34.34,34.34,34.34,34.34,34.34,34.34,34.34,34.34,34.31,34.31,34.31,34.31,34.31,34.31,34.31,34.31,34.31,34.31,34.31,34.29,34.29,34.29,34.29,34.29,34.29,34.29
2024-01-01,,,,,,,,,,,,,,,,,,,,,,,,,,,,,,,,,,,,,,,,,,,,,,,,,,,,,,,,,,,,,,,,,,,,,,,,,,,,,,,,,,,,,,,,,,,,,,,,,,,,,,,,,,,,,,,,,,,,,,,,,,,,,,,,,,,,,,,,,,,,,,,,,,,,,,,,,,,,34.55,34.52,34.51,34.51,34.51,34.51,34.51,34.51,34.51,34.51,34.51,34.51,34.47,34.47,34.47,34.47,34.47,34.47,34.47,34.47,34.47,34.47,34.47,34.47,34.47,34.47,34.47,34.47,34.47,34.47
2024-02-01,,,,,,,,,,,,,,,,,,,,,,,,,,,,,,,,,,,,,,,,,,,,,,,,,,,,,,,,,,,,,,,,,,,,,,,,,,,,,,,,,,,,,,,,,,,,,,,,,,,,,,,,,,,,,,,,,,,,,,,,,,,,,,,,,,,,,,,,,,,,,,,,,,,,,,,,,,,,,34.57,34.57,34.56,34.56,34.56,34.56,34.56,34.56,34.56,34.56,34.56,34.54,34.54,34.54,34.54,34.54,34.54,34.54,34.54,34.54,34.54,34.54,34.52,34.52,34.52,34.52,34.52,34.52,34.52
2024-03-01,,,,,,,,,,,,,,,,,,,,,,,,,,,,,,,,,,,,,,,,,,,,,,,,,,,,,,,,,,,,,,,,,,,,,,,,,,,,,,,,,,,,,,,,,,,,,,,,,,,,,,,,,,,,,,,,,,,,,,,,,,,,,,,,,,,,,,,,,,,,,,,,,,,,,,,,,,,,,,34.69,34.68,34.69,34.69,34.69,34.69,34.69,34.69,34.69,34.69,34.67,34.67,34.67,34.67,34.67,34.67,34.67,34.67,34.67,34.67,34.67,34.65,34.65,34.65,34.65,34.65,34.65,34.65
2024-04-01,,,,,,,,,,,,,,,,,,,,,,,,,,,,,,,,,,,,,,,,,,,,,,,,,,,,,,,,,,,,,,,,,,,,,,,,,,,,,,,,,,,,,,,,,,,,,,,,,,,,,,,,,,,,,,,,,,,,,,,,,,,,,,,,,,,,,,,,,,,,,,,,,,,,,,,,,,,,,,,34.75,34.77,34.75,34.75,34.75,34.75,34.75,34.75,34.75,34.75,34.75,34.75,34.75,34.75,34.75,34.75,34.75,34.75,34.75,34.75,34.76,34.76,34.76,34.76,34.76,34.76,34.76
2024-05-01,,,,,,,,,,,,,,,,,,,,,,,,,,,,,,,,,,,,,,,,,,,,,,,,,,,,,,,,,,,,,,,,,,,,,,,,,,,,,,,,,,,,,,,,,,,,,,,,,,,,,,,,,,,,,,,,,,,,,,,,,,,,,,,,,,,,,,,,,,,,,,,,,,,,,,,,,,,,,,,,34.91,34.90,34.88,34.88,34.88,34.88,34.88,34.88,34.89,34.89,34.89,34.89,34.89,34.89,34.89,34.89,34.89,34.89,34.89,34.89,34.89,34.89,34.89,34.89,34.89,34.89
2024-06-01,,,,,,,,,,,,,,,,,,,,,,,,,,,,,,,,,,,,,,,,,,,,,,,,,,,,,,,,,,,,,,,,,,,,,,,,,,,,,,,,,,,,,,,,,,,,,,,,,,,,,,,,,,,,,,,,,,,,,,,,,,,,,,,,,,,,,,,,,,,,,,,,,,,,,,,,,,,,,,,,,35.00,34.99,34.99,34.99,34.99,34.99,34.99,35.00,35.00,35.00,35.00,35.00,35.00,35.00,35.00,35.00,35.00,35.00,35.01,35.01,35.01,35.01,35.01,35.01,35.01
2024-07-01,,,,,,,,,,,,,,,,,,,,,,,,,,,,,,,,,,,,,,,,,,,,,,,,,,,,,,,,,,,,,,,,,,,,,,,,,,,,,,,,,,,,,,,,,,,,,,,,,,,,,,,,,,,,,,,,,,,,,,,,,,,,,,,,,,,,,,,,,,,,,,,,,,,,,,,,,,,,,,,,,,35.07,35.07,35.07,35.07,35.07,35.07,35.07,35.07,35.07,35.07,35.07,35.07,35.07,35.07,35.07,35.07,35.07,35.08,35.08,35.08,35.08,35.08,35.08,35.08
2024-08-01,,,,,,,,,,,,,,,,,,,,,,,,,,,,,,,,,,,,,,,,,,,,,,,,,,,,,,,,,,,,,,,,,,,,,,,,,,,,,,,,,,,,,,,,,,,,,,,,,,,,,,,,,,,,,,,,,,,,,,,,,,,,,,,,,,,,,,,,,,,,,,,,,,,,,,,,,,,,,,,,,,,35.21,35.23,35.22,35.22,35.22,35.23,35.23,35.23,35.23,35.23,35.23,35.23,35.23,35.23,35.23,35.23,35.22,35.22,35.22,35.22,35.22,35.22,35.22
2024-09-01,,,,,,,,,,,,,,,,,,,,,,,,,,,,,,,,,,,,,,,,,,,,,,,,,,,,,,,,,,,,,,,,,,,,,,,,,,,,,,,,,,,,,,,,,,,,,,,,,,,,,,,,,,,,,,,,,,,,,,,,,,,,,,,,,,,,,,,,,,,,,,,,,,,,,,,,,,,,,,,,,,,,35.36,35.33,35.33,35.33,35.33,35.33,35.33,35.33,35.33,35.33,35.33,35.33,35.33,35.33,35.33,35.34,35.34,35.34,35.34,35.34,35.34,35.34
2024-10-01,,,,,,,,,,,,,,,,,,,,,,,,,,,,,,,,,,,,,,,,,,,,,,,,,,,,,,,,,,,,,,,,,,,,,,,,,,,,,,,,,,,,,,,,,,,,,,,,,,,,,,,,,,,,,,,,,,,,,,,,,,,,,,,,,,,,,,,,,,,,,,,,,,,,,,,,,,,,,,,,,,,,,35.46,35.48,35.46,35.48,35.48,35.48,35.48,35.48,35.48,35.48,35.48,35.48,35.48,35.48,35.46,35.46,35.46,35.46,35.46,35.46,35.46
2024-11-01,,,,,,,,,,,,,,,,,,,,,,,,,,,,,,,,,,,,,,,,,,,,,,,,,,,,,,,,,,,,,,,,,,,,,,,,,,,,,,,,,,,,,,,,,,,,,,,,,,,,,,,,,,,,,,,,,,,,,,,,,,,,,,,,,,,,,,,,,,,,,,,,,,,,,,,,,,,,,,,,,,,,,,35.61,35.59,35.61,35.61,35.61,35.61,35.61,35.61,35.61,35.61,35.61,35.61,35.61,35.60,35.60,35.60,35.60,35.60,35.60,35.60
2024-12-01,,,,,,,,,,,,,,,,,,,,,,,,,,,,,,,,,,,,,,,,,,,,,,,,,,,,,,,,,,,,,,,,,,,,,,,,,,,,,,,,,,,,,,,,,,,,,,,,,,,,,,,,,,,,,,,,,,,,,,,,,,,,,,,,,,,,,,,,,,,,,,,,,,,,,,,,,,,,,,,,,,,,,,,35.69,35.70,35.68,35.68,35.68,35.68,35.68,35.68,35.68,35.68,35.68,35.68,35.69,35.69,35.69,35.69,35.69,35.69,35.69
2025-01-01,,,,,,,,,,,,,,,,,,,,,,,,,,,,,,,,,,,,,,,,,,,,,,,,,,,,,,,,,,,,,,,,,,,,,,,,,,,,,,,,,,,,,,,,,,,,,,,,,,,,,,,,,,,,,,,,,,,,,,,,,,,,,,,,,,,,,,,,,,,,,,,,,,,,,,,,,,,,,,,,,,,,,,,,35.87,35.83,35.83,35.83,35.83,35.83,35.83,35.83,35.83,35.83,35.83,35.84,35.84,35.84,35.84,35.84,35.84,35.84
2025-02-01,,,,,,,,,,,,,,,,,,,,,,,,,,,,,,,,,,,,,,,,,,,,,,,,,,,,,,,,,,,,,,,,,,,,,,,,,,,,,,,,,,,,,,,,,,,,,,,,,,,,,,,,,,,,,,,,,,,,,,,,,,,,,,,,,,,,,,,,,,,,,,,,,,,,,,,,,,,,,,,,,,,,,,,,,35.93,35.91,35.90,35.90,35.90,35.90,35.90,35.90,35.90,35.90,35.94,35.94,35.94,35.94,35.94,35.94,35.94
2025-03-01,,,,,,,,,,,,,,,,,,,,,,,,,,,,,,,,,,,,,,,,,,,,,,,,,,,,,,,,,,,,,,,,,,,,,,,,,,,,,,,,,,,,,,,,,,,,,,,,,,,,,,,,,,,,,,,,,,,,,,,,,,,,,,,,,,,,,,,,,,,,,,,,,,,,,,,,,,,,,,,,,,,,,,,,,,36.00,36.00,36.02,36.02,36.02,36.02,36.02,36.02,36.02,36.11,36.11,36.11,36.11,36.11,36.11,36.11
2025-04-01,,,,,,,,,,,,,,,,,,,,,,,,,,,,,,,,,,,,,,,,,,,,,,,,,,,,,,,,,,,,,,,,,,,,,,,,,,,,,,,,,,,,,,,,,,,,,,,,,,,,,,,,,,,,,,,,,,,,,,,,,,,,,,,,,,,,,,,,,,,,,,,,,,,,,,,,,,,,,,,,,,,,,,,,,,,36.06,36.09,36.08,36.08,36.08,36.08,36.08,36.08,36.12,36.12,36.12,36.12,36.12,36.12,36.12
2025-05-01,,,,,,,,,,,,,,,,,,,,,,,,,,,,,,,,,,,,,,,,,,,,,,,,,,,,,,,,,,,,,,,,,,,,,,,,,,,,,,,,,,,,,,,,,,,,,,,,,,,,,,,,,,,,,,,,,,,,,,,,,,,,,,,,,,,,,,,,,,,,,,,,,,,,,,,,,,,,,,,,,,,,,,,,,,,,36.24,36.22,36.23,36.23,36.23,36.23,36.23,36.28,36.28,36.28,36.28,36.28,36.28,36.28
2025-06-01,,,,,,,,,,,,,,,,,,,,,,,,,,,,,,,,,,,,,,,,,,,,,,,,,,,,,,,,,,,,,,,,,,,,,,,,,,,,,,,,,,,,,,,,,,,,,,,,,,,,,,,,,,,,,,,,,,,,,,,,,,,,,,,,,,,,,,,,,,,,,,,,,,,,,,,,,,,,,,,,,,,,,,,,,,,,,36.30,36.32,36.31,36.31,36.31,36.31,36.36,36.36,36.36,36.36,36.36,36.36,36.36
2025-07-01,,,,,,,,,,,,,,,,,,,,,,,,,,,,,,,,,,,,,,,,,,,,,,,,,,,,,,,,,,,,,,,,,,,,,,,,,,,,,,,,,,,,,,,,,,,,,,,,,,,,,,,,,,,,,,,,,,,,,,,,,,,,,,,,,,,,,,,,,,,,,,,,,,,,,,,,,,,,,,,,,,,,,,,,,,,,,,36.44,36.43,36.43,36.43,36.43,36.47,36.47,36.47,36.47,36.47,36.47,36.47
2025-08-01,,,,,,,,,,,,,,,,,,,,,,,,,,,,,,,,,,,,,,,,,,,,,,,,,,,,,,,,,,,,,,,,,,,,,,,,,,,,,,,,,,,,,,,,,,,,,,,,,,,,,,,,,,,,,,,,,,,,,,,,,,,,,,,,,,,,,,,,,,,,,,,,,,,,,,,,,,,,,,,,,,,,,,,,,,,,,,,36.53,36.58,36.58,36.58,36.62,36.62,36.62,36.62,36.62,36.62,36.62
2025-09-01,,,,,,,,,,,,,,,,,,,,,,,,,,,,,,,,,,,,,,,,,,,,,,,,,,,,,,,,,,,,,,,,,,,,,,,,,,,,,,,,,,,,,,,,,,,,,,,,,,,,,,,,,,,,,,,,,,,,,,,,,,,,,,,,,,,,,,,,,,,,,,,,,,,,,,,,,,,,,,,,,,,,,,,,,,,,,,,,36.67,36.65,36.65,36.70,36.70,36.70,36.70,36.70,36.70,36.70
2025-10-01,,,,,,,,,,,,,,,,,,,,,,,,,,,,,,,,,,,,,,,,,,,,,,,,,,,,,,,,,,,,,,,,,,,,,,,,,,,,,,,,,,,,,,,,,,,,,,,,,,,,,,,,,,,,,,,,,,,,,,,,,,,,,,,,,,,,,,,,,,,,,,,,,,,,,,,,,,,,,,,,,,,,,,,,,,,,,,,,,36.81,36.81,36.85,36.85,36.85,36.85,36.85,36.85,36.85
2025-11-01,,,,,,,,,,,,,,,,,,,,,,,,,,,,,,,,,,,,,,,,,,,,,,,,,,,,,,,,,,,,,,,,,,,,,,,,,,,,,,,,,,,,,,,,,,,,,,,,,,,,,,,,,,,,,,,,,,,,,,,,,,,,,,,,,,,,,,,,,,,,,,,,,,,,,,,,,,,,,,,,,,,,,,,,,,,,,,,,,36.86,36.90,37.00,37.00,37.00,37.00,37.00,37.00,37.00
2025-12-01,,,,,,,,,,,,,,,,,,,,,,,,,,,,,,,,,,,,,,,,,,,,,,,,,,,,,,,,,,,,,,,,,,,,,,,,,,,,,,,,,,,,,,,,,,,,,,,,,,,,,,,,,,,,,,,,,,,,,,,,,,,,,,,,,,,,,,,,,,,,,,,,,,,,,,,,,,,,,,,,,,,,,,,,,,,,,,,,,,37.02,37.02,37.02,37.02,37.02,37.02,37.02,37.02
2026-01-01,,,,,,,,,,,,,,,,,,,,,,,,,,,,,,,,,,,,,,,,,,,,,,,,,,,,,,,,,,,,,,,,,,,,,,,,,,,,,,,,,,,,,,,,,,,,,,,,,,,,,,,,,,,,,,,,,,,,,,,,,,,,,,,,,,,,,,,,,,,,,,,,,,,,,,,,,,,,,,,,,,,,,,,,,,,,,,,,,,,37.17,37.17,37.15,37.15,37.15,37.15,37.15
2026-02-01,,,,,,,,,,,,,,,,,,,,,,,,,,,,,,,,,,,,,,,,,,,,,,,,,,,,,,,,,,,,,,,,,,,,,,,,,,,,,,,,,,,,,,,,,,,,,,,,,,,,,,,,,,,,,,,,,,,,,,,,,,,,,,,,,,,,,,,,,,,,,,,,,,,,,,,,,,,,,,,,,,,,,,,,,,,,,,,,,,,,37.32,37.29,37.27,37.27,37.27,37.27
2026-03-01,,,,,,,,,,,,,,,,,,,,,,,,,,,,,,,,,,,,,,,,,,,,,,,,,,,,,,,,,,,,,,,,,,,,,,,,,,,,,,,,,,,,,,,,,,,,,,,,,,,,,,,,,,,,,,,,,,,,,,,,,,,,,,,,,,,,,,,,,,,,,,,,,,,,,,,,,,,,,,,,,,,,,,,,,,,,,,,,,,,,,37.38,37.35,37.35,37.35,37.35
2026-04-01,,,,,,,,,,,,,,,,,,,,,,,,,,,,,,,,,,,,,,,,,,,,,,,,,,,,,,,,,,,,,,,,,,,,,,,,,,,,,,,,,,,,,,,,,,,,,,,,,,,,,,,,,,,,,,,,,,,,,,,,,,,,,,,,,,,,,,,,,,,,,,,,,,,,,,,,,,,,,,,,,,,,,,,,,,,,,,,,,,,,,,37.41,37.41,37.41,37.41
2026-05-01,,,,,,,,,,,,,,,,,,,,,,,,,,,,,,,,,,,,,,,,,,,,,,,,,,,,,,,,,,,,,,,,,,,,,,,,,,,,,,,,,,,,,,,,,,,,,,,,,,,,,,,,,,,,,,,,,,,,,,,,,,,,,,,,,,,,,,,,,,,,,,,,,,,,,,,,,,,,,,,,,,,,,,,,,,,,,,,,,,,,,,,37.53,37.51,37.49
2026-06-01,,,,,,,,,,,,,,,,,,,,,,,,,,,,,,,,,,,,,,,,,,,,,,,,,,,,,,,,,,,,,,,,,,,,,,,,,,,,,,,,,,,,,,,,,,,,,,,,,,,,,,,,,,,,,,,,,,,,,,,,,,,,,,,,,,,,,,,,,,,,,,,,,,,,,,,,,,,,,,,,,,,,,,,,,,,,,,,,,,,,,,,,37.64,37.60
2026-07-01,,,,,,,,,,,,,,,,,,,,,,,,,,,,,,,,,,,,,,,,,,,,,,,,,,,,,,,,,,,,,,,,,,,,,,,,,,,,,,,,,,,,,,,,,,,,,,,,,,,,,,,,,,,,,,,,,,,,,,,,,,,,,,,,,,,,,,,,,,,,,,,,,,,,,,,,,,,,,,,,,,,,,,,,,,,,,,,,,,,,,,,,,37.62
