date,CP_19720721,CP_19720818,CP_19720922,CP_19721117,CP_19721221,CP_19730315,CP_19730419,CP_19730517,CP_19730621,CP_19730719,CP_19730817,CP_19730920,CP_19731116,CP_19740321,CP_19740418,CP_19740517,CP_19740628,CP_19740718,CP_19740822,CP_19740919,CP_19741115,CP_19741219,CP_19750320,CP_19750416,CP_19750520,CP_19750619,CP_19750821,CP_19750918,CP_19751120,CP_19751219,CP_19760116,CP_19760319,CP_19760419,CP_19760520,CP_19760619,CP_19760720,CP_19760819,CP_19760920,CP_19761118,CP_19761220,CP_19770321,CP_19770420,CP_19770519,CP_19770620,CP_19770721,CP_19770819,CP_19770919,CP_19771117,CP_19771220,CP_19780320,CP_19780419,CP_19780518,CP_19780620,CP_19780721,CP_19780818,CP_19780920,CP_19781121,CP_19781220,CP_19790320,CP_19790419,CP_19790518,CP_19790620,CP_19790720,CP_19790817,CP_19790919,CP_19791120,CP_19791219,CP_19800319,CP_19800418,CP_19800520,CP_19800618,CP_19800819,CP_19800919,CP_19801119,CP_19801223,CP_19810318,CP_19810420,CP_19810519,CP_19810618,CP_19810819,CP_19810918,CP_19811119,CP_19811218,CP_19820319,CP_19820421,CP_19820519,CP_19820621,CP_19820721,CP_19820819,CP_19820921,CP_19821119,CP_19821221,CP_19830321,CP_19830420,CP_19830519,CP_19830621,CP_19830721,CP_19830819,CP_19830921,CP_19831122,CP_19831221,CP_19840320,CP_19840518,CP_19840620,CP_19840723,CP_19840820,CP_19840920,CP_19841120,CP_19841219,CP_19850321,CP_19850418,CP_19850521,CP_19850620,CP_19850820,CP_19850920,CP_19851220,CP_19860319,CP_19860417,CP_19860520,CP_19860618,CP_19860722,CP_19860819,CP_19860918,CP_19861119,CP_19861217,CP_19870318,CP_19870423,CP_19870522,CP_19870617,CP_19870724,CP_19870821,CP_19870918,CP_19871124,CP_19871217,CP_19880323,CP_19880426,CP_19880526,CP_19880623,CP_19880727,CP_19880825,CP_19880920,CP_19881129,CP_19881220,CP_19890323,CP_19890426,CP_19890525,CP_19890622,CP_19890727,CP_19890829,CP_19890921,CP_19891129,CP_19891220,CP_19900328,CP_19900524,CP_19900621,CP_19900727,CP_19900824,CP_19900925,CP_19901128,CP_19901219,CP_19910327,CP_19910426,CP_19910529,CP_19910626,CP_19910828,CP_19910926,CP_19911204,CP_19911220,CP_19920326,CP_19920428,CP_19920529,CP_19920625,CP_19920730,CP_19920827,CP_19920924,CP_19921125,CP_19921222,CP_19930326,CP_19930429,CP_19930528,CP_19930623,CP_19930831,CP_19930929,CP_19931201,CP_19931222,CP_19940331,CP_19940428,CP_19940527,CP_19940629,CP_19940729,CP_19940826,CP_19940929,CP_19941130,CP_19941222,CP_19950331,CP_19950531,CP_19950630,CP_19950830,CP_19950929,CP_19960119,CP_19960402,CP_19960530,CP_19960628,CP_19960801,CP_19960829,CP_19960927,CP_19961127,CP_19961220,CP_19970328,CP_19970430,CP_19970530,CP_19970627,CP_19970731,CP_19970828,CP_19970926,CP_19971126,CP_19971223,CP_19980326,CP_19980528,CP_19980625,CP_19980731,CP_19980827,CP_19980924,CP_19981124,CP_19981223,CP_19990331,CP_19990527,CP_19990625,CP_19990826,CP_19990930,CP_19991029,CP_19991124,CP_19991222,CP_20000330,CP_20000427,CP_20000525,CP_20000629,CP_20000728,CP_20000825,CP_20000928,CP_20001129,CP_20001221,CP_20010329,CP_20010525,CP_20010629,CP_20010727,CP_20010829,CP_20010928,CP_20011130,CP_20011221,CP_20020328,CP_20020524,CP_20020627,CP_20020731,CP_20020829,CP_20020927,CP_20021126,CP_20021220,CP_20030327,CP_20030529,CP_20030626,CP_20030828,CP_20030926,CP_20031125,CP_20031218,CP_20031223,CP_20040325,CP_20040527,CP_20040625,CP_20040730,CP_20040827,CP_20040929,CP_20041130,CP_20041222,CP_20050330,CP_20050526,CP_20050629,CP_20050729,CP_20050831,CP_20050929,CP_20051130,CP_20051221,CP_20060330,CP_20060525,CP_20060629,CP_20060728,CP_20060830,CP_20060928,CP_20061129,CP_20061221,CP_20070329,CP_20070531,CP_20070628,CP_20070727,CP_20070830,CP_20070927,CP_20071129,CP_20071220,CP_20080327,CP_20080529,CP_20080626,CP_20080731,CP_20080828,CP_20080926,CP_20081125,CP_20081223,CP_20090326,CP_20090529,CP_20090625,CP_20090731,CP_20090817,CP_20090827,CP_20090930,CP_20091124,CP_20091222,CP_20100326,CP_20100527,CP_20100625,CP_20100730,CP_20100827,CP_20100930,CP_20101123,CP_20101222,CP_20110325,CP_20110526,CP_20110624,CP_20110729,CP_20110826,CP_20110929,CP_20111122,CP_20111222,CP_20120329,CP_20120531,CP_20120628,CP_20120727,CP_20120829,CP_20120927,CP_20121129,CP_20121220,CP_20130328,CP_20130530,CP_20130626,CP_20130731,CP_20130829,CP_20130926,CP_20131205,CP_20131220,CP_20140327,CP_20140529,CP_20140625,CP_20140730,CP_20140828,CP_20140926,CP_20141125,CP_20141223,CP_20150327,CP_20150529,CP_20150624,CP_20150730,CP_20150827,CP_20150925,CP_20151124,CP_20151222,CP_20160325,CP_20160527,CP_20160628,CP_20160729,CP_20160826,CP_20160929,CP_20161129,CP_20161222,CP_20170330,CP_20170526,CP_20170629,CP_20170728,CP_20170830,CP_20170928,CP_20171027,CP_20171129,CP_20171221,CP_20180328,CP_20180530,CP_20180628,CP_20180727,CP_20180829,CP_20180927,CP_20181128,CP_20181221,CP_20190328,CP_20190530,CP_20190627,CP_20190726,CP_20190829,CP_20190926,CP_20191127,CP_20191220,CP_20200326,CP_20200528,CP_20200625,CP_20200730,CP_20200827,CP_20200930,CP_20201125,CP_20201222,CP_20210325,CP_20210527,CP_20210624,CP_20210729,CP_20210826,CP_20210930,CP_20211124,CP_20211222,CP_20220330,CP_20220526,CP_20220629,CP_20220825,CP_20220929,CP_20221130,CP_20221222,CP_20230330,CP_20230525,CP_20230629,CP_20230830,CP_20230928,CP_20231129,CP_20231221,CP_20240328,CP_20240530,CP_20240627,CP_20240829,CP_20240926,CP_20241127,CP_20241219,CP_20250327,CP_20250529,CP_20250626,CP_20250828,CP_20250925,CP_20251223,CP_20260122,CP_20260409,CP_20260528,CP_20260625
1946-01-01,10.4,10.4,10.4,10.4,10.4,10.4,10.4,10.4,10.4,10.4,10.4,10.4,10.4,10.4,10.4,10.4,10.4,10.4,10.4,10.4,10.4,10.4,10.4,10.4,10.4,10.4,10.4,10.4,10.4,10.4,10.4,10.4,10.4,10.4,10.4,10.4,10.4,10.4,10.4,10.4,10.4,10.4,10.4,10.4,10.4,10.4,10.4,10.4,10.4,10.4,10.4,10.4,10.4,10.4,10.4,10.4,10.4,10.4,10.4,10.4,10.4,10.4,10.4,10.4,10.4,10.4,10.4,10.4,10.4,10.4,10.4,10.4,10.4,10.4,10.7,10.7,10.7,10.7,10.7,10.7,10.7,10.7,10.7,10.7,10.7,10.7,10.7,10.7,10.7,10.7,10.7,10.7,10.7,10.7,10.7,10.7,10.7,10.7,10.7,10.7,10.7,10.7,10.7,10.7,10.7,10.7,10.7,10.7,10.7,10.7,10.7,10.7,10.7,10.7,10.7,10.7,10.7,10.7,10.7,10.7,10.7,10.7,10.7,10.7,10.7,10.7,10.7,10.7,10.7,10.7,10.7,10.7,10.7,10.7,10.7,10.7,10.7,10.7,10.7,10.7,10.7,10.7,10.7,10.7,10.7,10.7,10.7,10.7,10.7,10.7,10.7,10.7,10.7,10.7,10.7,10.7,10.7,10.7,10.7,10.7,10.7,10.7,10.7,10.7,10.7,10.7,,,,,,,,,,,10.8,10.8,10.8,10.8,10.8,10.8,10.8,10.8,10.8,10.8,10.8,10.8,10.8,10.8,10.8,10.8,10.8,10.8,10.8,10.8,10.8,10.8,10.8,,,,,,,,,,,10.8,10.8,10.8,10.8,10.8,10.8,10.8,10.8,10.8,10.8,10.8,10.8,10.8,10.8,10.8,10.8,10.8,10.8,10.8,10.8,10.8,,,,,10.8,10.8,10.8,10.8,10.8,10.8,10.8,10.8,10.8,10.8,10.8,10.8,10.8,10.8,10.8,10.8,10.8,10.8,10.8,10.8,10.8,10.8,10.8,10.8,10.8,10.8,10.8,10.8,10.8,10.8,,,,,,,,,,,,,,,,,,,,,,,,,,,,,,,,,,,,,,,,,,,,,,,,,,,,,,,,,,,,,,,,,,,,,,,,,,,,,,,,,,,,,,,,,,,,,,,,,,,,,,,,,,,,,,,,,,,,,,,,,,,,,,,,,,,,,,,,,,,,,,,,,,,,,,,,,,,,,,,,,,,,,,,,,,,,,,,,,,,
1946-04-01,13.6,13.6,13.6,13.6,13.6,13.6,13.6,13.6,13.6,13.6,13.6,13.6,13.6,13.6,13.6,13.6,13.6,13.6,13.6,13.6,13.6,13.6,13.6,13.6,13.6,13.6,13.6,13.6,13.6,13.6,13.6,13.6,13.6,13.6,13.6,13.6,13.6,13.6,13.6,13.6,13.6,13.6,13.6,13.6,13.6,13.6,13.6,13.6,13.6,13.6,13.6,13.6,13.6,13.6,13.6,13.6,13.6,13.6,13.6,13.6,13.6,13.6,13.6,13.6,13.6,13.6,13.6,13.6,13.6,13.6,13.6,13.6,13.6,13.6,13.9,13.9,13.9,13.9,13.9,13.9,13.9,13.9,13.9,13.9,13.9,13.9,13.9,13.9,13.9,13.9,13.9,13.9,13.9,13.9,13.9,13.9,13.9,13.9,13.9,13.9,13.9,13.9,13.9,13.9,13.9,13.9,13.9,13.9,13.9,13.9,13.9,13.9,13.9,13.9,13.9,13.9,13.9,13.9,13.9,13.9,13.9,13.9,13.9,13.9,13.9,13.9,13.9,13.9,13.9,13.9,13.9,13.9,13.9,13.9,13.9,13.9,13.9,13.9,13.9,13.9,13.9,13.9,13.9,13.9,13.9,13.9,13.9,13.9,13.9,13.9,13.9,13.9,13.9,13.9,13.9,13.9,13.9,13.9,13.9,13.9,13.9,13.9,13.9,13.9,13.9,13.9,,,,,,,,,,,13.9,13.9,13.9,13.9,13.9,13.9,13.9,13.9,13.9,13.9,13.9,13.9,13.9,13.9,13.9,13.9,13.9,13.9,13.9,13.9,13.9,13.9,13.9,,,,,,,,,,,13.9,13.9,13.9,13.9,13.9,13.9,13.9,13.9,13.9,13.9,13.9,13.9,13.9,13.9,13.9,13.9,13.9,13.9,13.9,13.9,13.9,,,,,13.9,13.9,13.9,13.9,13.9,13.9,13.9,13.9,13.9,13.9,13.9,13.9,13.9,13.9,13.9,13.9,13.9,13.9,13.9,13.9,13.9,13.9,13.9,13.9,13.9,13.9,13.9,13.9,13.9,13.9,,,,,,,,,,,,,,,,,,,,,,,,,,,,,,,,,,,,,,,,,,,,,,,,,,,,,,,,,,,,,,,,,,,,,,,,,,,,,,,,,,,,,,,,,,,,,,,,,,,,,,,,,,,,,,,,,,,,,,,,,,,,,,,,,,,,,,,,,,,,,,,,,,,,,,,,,,,,,,,,,,,,,,,,,,,,,,,,,,,
1946-07-01,17.8,17.8,17.8,17.8,17.8,17.8,17.8,17.8,17.8,17.8,17.8,17.8,17.8,17.8,17.8,17.8,17.8,17.8,17.8,17.8,17.8,17.8,17.8,17.8,17.8,17.8,17.8,17.8,17.8,17.8,17.8,17.8,17.8,17.8,17.8,17.8,17.8,17.8,17.8,17.8,17.8,17.8,17.8,17.8,17.8,17.8,17.8,17.8,17.8,17.8,17.8,17.8,17.8,17.8,17.8,17.8,17.8,17.8,17.8,17.8,17.8,17.8,17.8,17.8,17.8,17.8,17.8,17.8,17.8,17.8,17.8,17.8,17.8,17.8,18.1,18.1,18.1,18.1,18.1,18.1,18.1,18.1,18.1,18.1,18.1,18.1,18.1,18.1,18.1,18.1,18.1,18.1,18.1,18.1,18.1,18.1,18.1,18.1,18.1,18.1,18.1,18.1,18.1,18.1,18.1,18.1,18.1,18.1,18.1,18.1,18.1,18.1,18.1,18.1,18.1,18.1,18.1,18.1,18.1,18.1,18.1,18.1,18.1,18.1,18.1,18.1,18.1,18.1,18.1,18.1,18.1,18.1,18.1,18.1,18.1,18.1,18.1,18.1,18.1,18.1,18.1,18.1,18.1,18.1,18.1,18.1,18.1,18.1,18.1,18.1,18.1,18.1,18.1,18.1,18.1,18.1,18.1,18.1,18.1,18.1,18.1,18.1,18.1,18.1,18.1,18.1,,,,,,,,,,,18.1,18.1,18.1,18.1,18.1,18.1,18.1,18.1,18.1,18.1,18.1,18.1,18.1,18.1,18.1,18.1,18.1,18.1,18.1,18.1,18.1,18.1,18.1,,,,,,,,,,,18.1,18.1,18.1,18.1,18.1,18.1,18.1,18.1,18.1,18.1,18.1,18.1,18.1,18.1,18.1,18.1,18.1,18.1,18.1,18.1,18.1,,,,,18.1,18.1,18.1,18.1,18.1,18.1,18.1,18.1,18.1,18.1,18.1,18.1,18.1,18.1,18.1,18.1,18.1,18.1,18.1,18.1,18.1,18.1,18.1,18.1,18.1,18.1,18.1,18.1,18.1,18.1,,,,,,,,,,,,,,,,,,,,,,,,,,,,,,,,,,,,,,,,,,,,,,,,,,,,,,,,,,,,,,,,,,,,,,,,,,,,,,,,,,,,,,,,,,,,,,,,,,,,,,,,,,,,,,,,,,,,,,,,,,,,,,,,,,,,,,,,,,,,,,,,,,,,,,,,,,,,,,,,,,,,,,,,,,,,,,,,,,,
1946-10-01,20.1,20.1,20.1,20.1,20.1,20.1,20.1,20.1,20.1,20.1,20.1,20.1,20.1,20.1,20.1,20.1,20.1,20.1,20.1,20.1,20.1,20.1,20.1,20.1,20.1,20.1,20.1,20.1,20.1,20.1,20.0,20.0,20.0,20.0,20.0,20.0,20.0,20.0,20.0,20.0,20.0,20.0,20.0,20.0,20.0,20.0,20.0,20.0,20.0,20.0,20.0,20.0,20.0,20.0,20.0,20.0,20.0,20.0,20.0,20.0,20.0,20.0,20.0,20.0,20.0,20.0,20.0,20.0,20.0,20.0,20.0,20.0,20.0,20.0,20.3,20.3,20.3,20.3,20.3,20.3,20.3,20.3,20.3,20.3,20.3,20.3,20.3,20.3,20.3,20.3,20.3,20.3,20.3,20.3,20.3,20.3,20.3,20.3,20.3,20.3,20.3,20.3,20.3,20.3,20.3,20.3,20.3,20.3,20.3,20.3,20.3,20.3,20.3,20.3,20.3,20.3,20.3,20.3,20.3,20.3,20.3,20.3,20.3,20.3,20.3,20.3,20.3,20.3,20.3,20.3,20.3,20.3,20.3,20.3,20.3,20.3,20.3,20.3,20.3,20.3,20.3,20.3,20.3,20.3,20.3,20.3,20.3,20.3,20.3,20.3,20.3,20.3,20.3,20.3,20.3,20.3,20.3,20.3,20.3,20.3,20.3,20.3,20.3,20.3,20.3,20.3,,,,,,,,,,,20.5,20.5,20.5,20.5,20.5,20.5,20.5,20.5,20.5,20.5,20.5,20.5,20.5,20.5,20.5,20.5,20.5,20.5,20.5,20.5,20.5,20.5,20.5,,,,,,,,,,,20.5,20.5,20.5,20.5,20.5,20.5,20.5,20.5,20.5,20.5,20.5,20.5,20.5,20.5,20.5,20.5,20.5,20.5,20.5,20.5,20.5,,,,,20.5,20.5,20.5,20.5,20.5,20.5,20.5,20.5,20.5,20.5,20.5,20.5,20.5,20.5,20.5,20.5,20.5,20.5,20.5,20.5,20.5,20.5,20.5,20.5,20.5,20.5,20.5,20.5,20.5,20.5,,,,,,,,,,,,,,,,,,,,,,,,,,,,,,,,,,,,,,,,,,,,,,,,,,,,,,,,,,,,,,,,,,,,,,,,,,,,,,,,,,,,,,,,,,,,,,,,,,,,,,,,,,,,,,,,,,,,,,,,,,,,,,,,,,,,,,,,,,,,,,,,,,,,,,,,,,,,,,,,,,,,,,,,,,,,,,,,,,,
1947-01-01,20.7,20.7,20.7,20.7,20.7,20.7,20.7,20.7,20.7,20.7,20.7,20.7,20.7,20.7,20.7,20.7,20.7,20.7,20.7,20.7,20.7,20.7,20.7,20.7,20.7,20.7,20.7,20.7,20.7,20.7,20.7,20.7,20.7,20.7,20.7,20.7,20.7,20.7,20.7,20.7,20.7,20.7,20.7,20.7,20.7,20.7,20.7,20.7,20.7,20.7,20.7,20.7,20.7,20.7,20.7,20.7,20.7,20.7,20.7,20.7,20.7,20.7,20.7,20.7,20.7,20.7,20.7,20.7,20.7,20.7,20.7,20.7,20.7,20.7,21.0,21.0,21.0,21.0,21.0,21.0,21.0,21.0,21.0,21.0,21.0,21.0,21.0,21.0,21.0,21.0,21.0,21.0,21.0,21.0,21.0,21.0,21.0,21.0,21.0,21.0,21.0,21.0,21.0,21.0,21.0,21.0,21.0,21.0,21.0,21.0,21.0,21.0,21.0,21.0,21.0,21.0,21.0,21.0,21.0,21.0,21.0,21.0,21.0,21.0,21.0,21.0,21.0,21.0,21.0,21.0,21.0,21.0,21.0,21.0,21.0,21.0,21.0,21.0,21.0,21.0,21.0,21.0,21.0,21.0,21.0,21.0,21.0,21.0,21.0,21.0,21.0,21.0,21.0,21.0,21.0,21.0,21.0,21.0,21.0,21.0,21.0,21.0,21.0,21.0,21.0,21.0,,,,,,,,,,,21.2,21.2,21.2,21.2,21.2,21.2,21.2,21.2,21.2,21.2,21.2,21.2,21.2,21.2,21.2,21.2,21.2,21.2,21.2,21.2,21.2,21.2,21.2,,,,,,,,,,,21.2,21.2,21.2,21.2,21.2,21.2,21.2,21.2,21.2,21.2,21.2,21.2,21.2,21.2,21.2,21.2,21.2,21.2,21.2,21.2,21.2,,,,,21.2,21.2,21.2,21.2,21.2,21.2,21.2,21.2,21.2,21.2,21.2,21.2,21.2,21.2,21.2,21.2,21.2,21.2,21.2,21.2,21.2,21.2,21.2,21.2,21.2,21.2,21.2,21.2,21.2,21.2,21.2,21.2,21.2,21.2,21.2,21.2,21.2,21.2,21.2,21.2,21.2,21.2,21.2,21.2,21.2,21.2,21.2,21.2,21.2,21.2,21.2,21.2,21.2,21.2,21.2,21.2,21.2,21.2,21.2,21.2,21.2,21.2,21.2,21.2,21.2,21.2,21.2,21.2,21.2,21.2,21.2,21.2,21.2,21.2,21.2,,21.2,21.2,21.2,21.2,21.2,21.2,21.2,21.2,21.2,21.2,21.2,21.2,21.2,21.2,21.2,21.2,21.2,21.2,21.2,21.2,21.2,21.2,21.2,21.2,21.2,21.2,21.2,21.2,21.2,21.2,21.2,21.2,21.9,21.9,21.9,21.9,21.9,21.9,21.9,21.9,21.9,21.9,21.9,21.9,21.9,21.9,21.9,21.9,21.9,21.9,21.9,21.9,21.9,21.9,21.9,21.9,21.9,21.9,21.9,21.9,21.9,21.9,21.9,21.9,21.9,21.9,21.9,21.906,21.906,21.906,21.906,21.906,21.906,21.97,21.97,21.97,21.97,21.97,21.97,21.97,21.97,21.97,21.97,21.97,21.97,21.97,21.97,21.97,21.97,21.97,21.97,21.97,21.97,21.97,21.97,21.97,21.97,21.97,21.97,21.97,21.97,21.97,21.97,21.97,21.97,21.97,21.97,21.97,21.97,21.97,21.97,21.97,21.97,21.97,21.97,21.97,21.97,21.97,21.97,21.97,21.97,21.97,21.97,21.97,21.97,21.97,21.97,21.97,21.97,21.97,21.97,21.97,21.97
1947-04-01,19.6,19.6,19.6,19.6,19.6,19.6,19.6,19.6,19.6,19.6,19.6,19.6,19.6,19.6,19.6,19.6,19.6,19.6,19.6,19.6,19.6,19.6,19.6,19.6,19.6,19.6,19.6,19.6,19.6,19.6,19.6,19.6,19.6,19.6,19.6,19.6,19.6,19.6,19.6,19.6,19.6,19.6,19.6,19.6,19.6,19.6,19.6,19.6,19.6,19.6,19.6,19.6,19.6,19.6,19.6,19.6,19.6,19.6,19.6,19.6,19.6,19.6,19.6,19.6,19.6,19.6,19.6,19.6,19.6,19.6,19.6,19.6,19.6,19.6,19.8,19.8,19.8,19.8,19.8,19.8,19.8,19.8,19.8,19.8,19.8,19.8,19.8,19.8,19.8,19.8,19.8,19.8,19.8,19.8,19.8,19.8,19.8,19.8,19.8,19.8,19.8,19.8,19.8,19.8,19.8,19.8,19.8,19.8,19.8,19.8,19.8,19.8,19.8,19.8,19.8,19.8,19.8,19.8,19.8,19.8,19.8,19.8,19.8,19.8,19.8,19.8,19.8,19.8,19.8,19.8,19.8,19.8,19.8,19.8,19.8,19.8,19.8,19.8,19.8,19.8,19.8,19.8,19.8,19.8,19.8,19.8,19.8,19.8,19.8,19.8,19.8,19.8,19.8,19.8,19.8,19.8,19.8,19.8,19.8,19.8,19.8,19.8,19.8,19.8,19.8,19.8,,,,,,,,,,,20.0,20.0,20.0,20.0,20.0,20.0,20.0,20.0,20.0,20.0,20.0,20.0,20.0,20.0,20.0,20.0,20.0,20.0,20.0,20.0,20.0,20.0,20.0,,,,,,,,,,,20.0,20.0,20.0,20.0,20.0,20.0,20.0,20.0,20.0,20.0,20.0,20.0,20.0,20.0,20.0,20.0,20.0,20.0,20.0,20.0,20.0,,,,,20.0,20.0,20.0,20.0,20.0,20.0,20.0,20.0,20.0,20.0,20.0,20.0,20.0,20.0,20.0,20.0,20.0,20.0,20.0,20.0,20.0,20.0,20.0,20.0,20.0,20.0,20.0,20.0,20.0,20.0,20.0,20.0,20.0,20.0,20.0,20.0,20.0,20.0,20.0,20.0,20.0,20.0,20.0,20.0,20.0,20.0,20.0,20.0,20.0,20.0,20.0,20.0,20.0,20.0,20.0,20.0,20.0,20.0,20.0,20.0,20.0,20.0,20.0,20.0,20.0,20.0,20.0,20.0,20.0,20.0,20.0,20.0,20.0,20.0,20.0,,20.0,20.0,20.0,20.0,20.0,20.0,20.0,20.0,20.0,20.0,20.0,20.0,20.0,20.0,20.0,20.0,20.0,20.0,20.0,20.0,20.0,20.0,20.0,20.0,20.0,20.0,20.0,20.0,20.0,20.0,20.0,20.0,20.7,20.7,20.7,20.7,20.7,20.7,20.7,20.7,20.7,20.7,20.7,20.7,20.7,20.7,20.7,20.7,20.7,20.7,20.7,20.7,20.7,20.7,20.7,20.7,20.7,20.7,20.7,20.7,20.7,20.7,20.7,20.7,20.7,20.7,20.7,20.732,20.732,20.732,20.732,20.732,20.732,20.788,20.788,20.788,20.788,20.788,20.788,20.788,20.788,20.788,20.788,20.788,20.788,20.788,20.788,20.788,20.788,20.788,20.788,20.788,20.788,20.788,20.788,20.788,20.788,20.788,20.788,20.788,20.788,20.788,20.788,20.788,20.788,20.788,20.788,20.788,20.788,20.788,20.788,20.788,20.788,20.788,20.788,20.788,20.788,20.788,20.788,20.788,20.788,20.788,20.788,20.788,20.788,20.788,20.788,20.788,20.788,20.788,20.788,20.788,20.788
1947-07-01,19.4,19.4,19.4,19.4,19.4,19.4,19.4,19.4,19.4,19.4,19.4,19.4,19.4,19.4,19.4,19.4,19.4,19.4,19.4,19.4,19.4,19.4,19.4,19.4,19.4,19.4,19.4,19.4,19.4,19.4,19.3,19.3,19.3,19.3,19.3,19.3,19.3,19.3,19.3,19.3,19.3,19.3,19.3,19.3,19.3,19.3,19.3,19.3,19.3,19.3,19.3,19.3,19.3,19.3,19.3,19.3,19.3,19.3,19.3,19.3,19.3,19.3,19.3,19.3,19.3,19.3,19.3,19.3,19.3,19.3,19.3,19.3,19.3,19.3,19.6,19.6,19.6,19.6,19.6,19.6,19.6,19.6,19.6,19.6,19.6,19.6,19.6,19.6,19.6,19.6,19.6,19.6,19.6,19.6,19.6,19.6,19.6,19.6,19.6,19.6,19.6,19.6,19.6,19.6,19.6,19.6,19.6,19.6,19.6,19.6,19.6,19.6,19.6,19.6,19.6,19.7,19.7,19.7,19.7,19.7,19.7,19.7,19.7,19.7,19.7,19.7,19.7,19.7,19.7,19.7,19.7,19.7,19.7,19.7,19.7,19.7,19.7,19.7,19.7,19.7,19.7,19.7,19.7,19.7,19.7,19.7,19.7,19.7,19.7,19.7,19.7,19.7,19.7,19.7,19.7,19.7,19.7,19.7,19.7,19.7,19.7,19.7,19.7,19.7,19.7,19.7,,,,,,,,,,,19.8,19.8,19.8,19.8,19.8,19.8,19.8,19.8,19.8,19.8,19.8,19.8,19.8,19.8,19.8,19.8,19.8,19.8,19.8,19.8,19.8,19.8,19.8,,,,,,,,,,,19.8,19.8,19.8,19.8,19.8,19.8,19.8,19.8,19.8,19.8,19.8,19.8,19.8,19.8,19.8,19.8,19.8,19.8,19.8,19.8,19.8,,,,,19.8,19.8,19.8,19.8,19.8,19.8,19.8,19.8,19.8,19.8,19.8,19.8,19.8,19.8,19.8,19.8,19.8,19.8,19.8,19.8,19.8,19.8,19.8,19.8,19.8,19.8,19.8,19.8,19.8,19.8,19.8,19.8,19.8,19.8,19.8,19.8,19.8,19.8,19.8,19.8,19.8,19.8,19.8,19.8,19.8,19.8,19.8,19.8,19.8,19.8,19.8,19.8,19.8,19.8,19.8,19.8,19.8,19.8,19.8,19.8,19.8,19.8,19.8,19.8,19.8,19.8,19.8,19.8,19.8,19.8,19.8,19.8,19.8,19.8,19.8,,19.8,19.8,19.8,19.8,19.8,19.8,19.8,19.8,19.8,19.8,19.8,19.8,19.8,19.8,19.8,19.8,19.8,19.8,19.8,19.8,19.8,19.8,19.8,19.8,19.8,19.8,19.8,19.8,19.8,19.8,19.8,19.8,20.5,20.5,20.5,20.5,20.5,20.5,20.5,20.5,20.5,20.5,20.5,20.5,20.5,20.5,20.5,20.5,20.5,20.5,20.5,20.5,20.5,20.5,20.5,20.5,20.5,20.5,20.5,20.5,20.5,20.5,20.5,20.5,20.5,20.5,20.5,20.492,20.492,20.492,20.492,20.492,20.492,20.564,20.564,20.564,20.564,20.564,20.564,20.564,20.564,20.564,20.564,20.564,20.564,20.564,20.564,20.564,20.564,20.564,20.564,20.564,20.564,20.564,20.564,20.564,20.564,20.564,20.564,20.564,20.564,20.564,20.564,20.564,20.564,20.564,20.564,20.564,20.564,20.564,20.564,20.564,20.564,20.564,20.564,20.564,20.564,20.564,20.564,20.564,20.564,20.564,20.564,20.564,20.564,20.564,20.564,20.564,20.564,20.564,20.564,20.564,20.564
1947-10-01,21.1,21.1,21.1,21.1,21.1,21.1,21.1,21.1,21.1,21.1,21.1,21.1,21.1,21.1,21.1,21.1,21.1,21.1,21.1,21.1,21.1,21.1,21.1,21.1,21.1,21.1,21.1,21.1,21.1,21.1,21.1,21.1,21.1,21.1,21.1,21.1,21.1,21.1,21.1,21.1,21.1,21.1,21.1,21.1,21.1,21.1,21.1,21.1,21.1,21.1,21.1,21.1,21.1,21.1,21.1,21.1,21.1,21.1,21.1,21.1,21.1,21.1,21.1,21.1,21.1,21.1,21.1,21.1,21.1,21.1,21.1,21.1,21.1,21.1,21.4,21.4,21.4,21.4,21.4,21.4,21.4,21.4,21.4,21.4,21.4,21.4,21.4,21.4,21.4,21.4,21.4,21.4,21.4,21.4,21.4,21.4,21.4,21.4,21.4,21.4,21.4,21.4,21.4,21.4,21.4,21.4,21.4,21.4,21.4,21.4,21.4,21.4,21.4,21.4,21.4,21.5,21.5,21.5,21.5,21.5,21.5,21.5,21.5,21.5,21.5,21.5,21.5,21.5,21.5,21.5,21.5,21.5,21.5,21.5,21.5,21.5,21.5,21.5,21.5,21.5,21.5,21.5,21.5,21.5,21.5,21.5,21.5,21.5,21.5,21.5,21.5,21.5,21.5,21.5,21.5,21.5,21.5,21.5,21.5,21.5,21.5,21.5,21.5,21.5,21.5,21.5,,,,,,,,,,,21.7,21.7,21.7,21.7,21.7,21.7,21.7,21.7,21.7,21.7,21.7,21.7,21.7,21.7,21.7,21.7,21.7,21.7,21.7,21.7,21.7,21.7,21.7,,,,,,,,,,,21.7,21.7,21.7,21.7,21.7,21.7,21.7,21.7,21.7,21.7,21.7,21.7,21.7,21.7,21.7,21.7,21.7,21.7,21.7,21.7,21.7,,,,,21.7,21.7,21.7,21.7,21.7,21.7,21.7,21.7,21.7,21.7,21.7,21.7,21.7,21.7,21.7,21.7,21.7,21.7,21.7,21.7,21.7,21.7,21.7,21.7,21.7,21.7,21.7,21.7,21.7,21.7,21.7,21.7,21.7,21.7,21.7,21.7,21.7,21.7,21.7,21.7,21.7,21.7,21.7,21.7,21.7,21.7,21.7,21.7,21.7,21.7,21.7,21.7,21.7,21.7,21.7,21.7,21.7,21.7,21.7,21.7,21.7,21.7,21.7,21.7,21.7,21.7,21.7,21.7,21.7,21.7,21.7,21.7,21.7,21.7,21.7,,21.7,21.7,21.7,21.7,21.7,21.7,21.7,21.7,21.7,21.7,21.7,21.7,21.7,21.7,21.7,21.7,21.7,21.7,21.7,21.7,21.7,21.7,21.7,21.7,21.7,21.7,21.7,21.7,21.7,21.7,21.7,21.7,22.3,22.3,22.3,22.3,22.3,22.3,22.3,22.3,22.3,22.3,22.3,22.3,22.3,22.3,22.3,22.3,22.3,22.3,22.3,22.3,22.3,22.3,22.3,22.3,22.3,22.3,22.3,22.3,22.3,22.3,22.3,22.3,22.3,22.3,22.3,22.343,22.343,22.343,22.343,22.343,22.343,22.451,22.451,22.451,22.451,22.451,22.451,22.451,22.451,22.451,22.451,22.451,22.451,22.451,22.451,22.451,22.451,22.451,22.451,22.451,22.451,22.451,22.451,22.451,22.451,22.451,22.451,22.451,22.451,22.451,22.451,22.451,22.451,22.451,22.451,22.451,22.451,22.451,22.451,22.451,22.451,22.451,22.451,22.451,22.451,22.451,22.451,22.451,22.451,22.451,22.451,22.451,22.451,22.451,22.451,22.451,22.451,22.451,22.451,22.451,22.451
1948-01-01,22.2,22.2,22.2,22.2,22.2,22.2,22.2,22.2,22.2,22.2,22.2,22.2,22.2,22.2,22.2,22.2,22.2,22.2,22.2,22.2,22.2,22.2,22.2,22.2,22.2,22.2,22.2,22.2,22.2,22.2,22.3,22.3,22.3,22.3,22.3,22.3,22.3,22.3,22.3,22.3,22.3,22.3,22.3,22.3,22.3,22.3,22.3,22.3,22.3,22.3,22.3,22.3,22.3,22.3,22.3,22.3,22.3,22.3,22.3,22.3,22.3,22.3,22.3,22.3,22.3,22.3,22.3,22.3,22.3,22.3,22.3,22.3,22.3,22.3,22.7,22.7,22.7,22.7,22.7,22.7,22.7,22.7,22.7,22.7,22.7,22.7,22.7,22.7,22.7,22.7,22.7,22.7,22.7,22.7,22.7,22.7,22.7,22.7,22.7,22.7,22.7,22.7,22.7,22.7,22.7,22.7,22.7,22.7,22.7,22.7,22.7,22.7,22.7,22.7,22.7,22.6,22.6,22.6,22.6,22.6,22.6,22.6,22.6,22.6,22.6,22.6,22.6,22.6,22.6,22.6,22.6,22.6,22.6,22.6,22.6,22.6,22.6,22.6,22.6,22.6,22.6,22.6,22.6,22.6,22.6,22.6,22.6,22.6,22.6,22.6,22.6,22.6,22.6,22.6,22.6,22.6,22.6,22.6,22.6,22.6,22.6,22.6,22.6,22.6,22.6,22.6,,,,,,,,,,,22.9,22.9,22.9,22.9,22.9,22.9,22.9,22.9,22.9,22.9,22.9,22.9,22.9,22.9,22.9,22.9,22.9,22.9,22.9,22.9,22.9,22.9,22.9,,,,,,,,,,,22.9,22.9,22.9,22.9,22.9,22.9,22.9,22.9,22.9,22.9,22.9,22.9,22.9,22.9,22.9,22.9,22.9,22.9,22.9,22.9,22.9,,,,,22.9,22.9,22.9,22.9,22.9,22.9,22.9,22.9,22.9,22.9,22.9,22.9,22.9,22.9,22.9,22.9,22.9,22.9,22.9,22.9,22.9,22.9,22.9,22.9,22.9,22.9,22.9,22.9,22.9,22.9,22.9,22.9,22.9,22.9,22.9,22.9,22.9,22.9,22.9,22.9,22.9,22.9,22.9,22.9,22.9,22.9,22.9,22.9,22.9,22.9,22.9,22.9,22.9,22.9,22.9,22.9,22.9,22.9,22.9,22.9,22.9,22.9,22.9,22.9,22.9,22.9,22.9,22.9,22.9,22.9,22.9,22.9,22.9,22.9,22.9,,22.9,22.9,22.9,22.9,22.9,22.9,22.9,22.9,22.9,22.9,22.9,22.9,22.9,22.9,22.9,22.9,22.9,22.9,22.9,22.9,22.9,22.9,22.9,22.9,22.9,22.9,22.9,22.9,22.9,22.9,22.9,22.9,23.6,23.6,23.6,23.6,23.6,23.6,23.6,23.6,23.6,23.6,23.6,23.6,23.6,23.6,23.6,23.6,23.6,23.6,23.6,23.6,23.6,23.6,23.6,23.6,23.6,23.6,23.6,23.6,23.6,23.6,23.6,23.6,23.6,23.6,23.6,23.603,23.603,23.603,23.603,23.603,23.603,23.739,23.739,23.739,23.739,23.739,23.739,23.739,23.739,23.739,23.739,23.739,23.739,23.739,23.739,23.739,23.739,23.739,23.739,23.739,23.739,23.739,23.739,23.739,23.739,23.739,23.739,23.739,23.739,23.739,23.739,23.739,23.739,23.739,23.739,23.739,23.739,23.739,23.739,23.739,23.739,23.739,23.739,23.739,23.739,23.739,23.739,23.739,23.739,23.739,23.739,23.739,23.739,23.739,23.739,23.739,23.739,23.739,23.739,23.739,23.739
1948-04-01,23.4,23.4,23.4,23.4,23.4,23.4,23.4,23.4,23.4,23.4,23.4,23.4,23.4,23.4,23.4,23.4,23.4,23.4,23.4,23.4,23.4,23.4,23.4,23.4,23.4,23.4,23.4,23.4,23.4,23.4,23.4,23.4,23.4,23.4,23.4,23.4,23.4,23.4,23.4,23.4,23.4,23.4,23.4,23.4,23.4,23.4,23.4,23.4,23.4,23.4,23.4,23.4,23.4,23.4,23.4,23.4,23.4,23.4,23.4,23.4,23.4,23.4,23.4,23.4,23.4,23.4,23.4,23.4,23.4,23.4,23.4,23.4,23.4,23.4,23.9,23.9,23.9,23.9,23.9,23.9,23.9,23.9,23.9,23.9,23.9,23.9,23.9,23.9,23.9,23.9,23.9,23.9,23.9,23.9,23.9,23.9,23.9,23.9,23.9,23.9,23.9,23.9,23.9,23.9,23.9,23.9,23.9,23.9,23.9,23.9,23.9,23.9,23.9,23.9,23.9,23.9,23.9,23.9,23.9,23.9,23.9,23.9,23.9,23.9,23.9,23.9,23.9,23.9,23.9,23.9,23.9,23.9,23.9,23.9,23.9,23.9,23.9,23.9,23.9,23.9,23.9,23.9,23.9,23.9,23.9,23.9,23.9,23.9,23.9,23.9,23.9,23.9,23.9,23.9,23.9,23.9,23.9,23.9,23.9,23.9,23.9,23.9,23.9,23.9,23.9,23.9,,,,,,,,,,,24.1,24.1,24.1,24.1,24.1,24.1,24.1,24.1,24.1,24.1,24.1,24.1,24.1,24.1,24.1,24.1,24.1,24.1,24.1,24.1,24.1,24.1,24.1,,,,,,,,,,,24.1,24.1,24.1,24.1,24.1,24.1,24.1,24.1,24.1,24.1,24.1,24.1,24.1,24.1,24.1,24.1,24.1,24.1,24.1,24.1,24.1,,,,,24.1,24.1,24.1,24.1,24.1,24.1,24.1,24.1,24.1,24.1,24.1,24.1,24.1,24.1,24.1,24.1,24.1,24.1,24.1,24.1,24.1,24.1,24.1,24.1,24.1,24.1,24.1,24.1,24.1,24.1,24.1,24.1,24.1,24.1,24.1,24.1,24.1,24.1,24.1,24.1,24.1,24.1,24.1,24.1,24.1,24.1,24.1,24.1,24.1,24.1,24.1,24.1,24.1,24.1,24.1,24.1,24.1,24.1,24.1,24.1,24.1,24.1,24.1,24.1,24.1,24.1,24.1,24.1,24.1,24.1,24.1,24.1,24.1,24.1,24.1,,24.1,24.1,24.1,24.1,24.1,24.1,24.1,24.1,24.1,24.1,24.1,24.1,24.1,24.1,24.1,24.1,24.1,24.1,24.1,24.1,24.1,24.1,24.1,24.1,24.1,24.1,24.1,24.1,24.1,24.1,24.1,24.1,24.8,24.8,24.8,24.8,24.8,24.8,24.8,24.8,24.8,24.8,24.8,24.8,24.8,24.8,24.8,24.8,24.8,24.8,24.8,24.8,24.8,24.8,24.8,24.8,24.8,24.8,24.8,24.8,24.8,24.8,24.8,24.8,24.8,24.8,24.8,24.793,24.793,24.793,24.793,24.793,24.793,24.941,24.941,24.941,24.941,24.941,24.941,24.941,24.941,24.941,24.941,24.941,24.941,24.941,24.941,24.941,24.941,24.941,24.941,24.941,24.941,24.941,24.941,24.941,24.941,24.941,24.941,24.941,24.941,24.941,24.941,24.941,24.941,24.941,24.941,24.941,24.941,24.941,24.941,24.941,24.941,24.941,24.941,24.941,24.941,24.941,24.941,24.941,24.941,24.941,24.941,24.941,24.941,24.941,24.941,24.941,24.941,24.941,24.941,24.941,24.941
1948-07-01,23.0,23.0,23.0,23.0,23.0,23.0,23.0,23.0,23.0,23.0,23.0,23.0,23.0,23.0,23.0,23.0,23.0,23.0,23.0,23.0,23.0,23.0,23.0,23.0,23.0,23.0,23.0,23.0,23.0,23.0,23.1,23.1,23.1,23.1,23.1,23.1,23.1,23.1,23.1,23.1,23.1,23.1,23.1,23.1,23.1,23.1,23.1,23.1,23.1,23.1,23.1,23.1,23.1,23.1,23.1,23.1,23.1,23.1,23.1,23.1,23.1,23.1,23.1,23.1,23.1,23.1,23.1,23.1,23.1,23.1,23.1,23.1,23.1,23.1,23.5,23.5,23.5,23.5,23.5,23.5,23.5,23.5,23.5,23.5,23.5,23.5,23.5,23.5,23.5,23.5,23.5,23.5,23.5,23.5,23.5,23.5,23.5,23.5,23.5,23.5,23.5,23.5,23.5,23.5,23.5,23.5,23.5,23.5,23.5,23.5,23.5,23.5,23.5,23.5,23.5,23.5,23.5,23.5,23.5,23.5,23.5,23.5,23.5,23.5,23.5,23.5,23.5,23.5,23.5,23.5,23.5,23.5,23.5,23.5,23.5,23.5,23.5,23.5,23.5,23.5,23.5,23.5,23.5,23.5,23.5,23.5,23.5,23.5,23.5,23.5,23.5,23.5,23.5,23.5,23.5,23.5,23.5,23.5,23.5,23.5,23.5,23.5,23.5,23.5,23.5,23.5,,,,,,,,,,,23.7,23.7,23.7,23.7,23.7,23.7,23.7,23.7,23.7,23.7,23.7,23.7,23.7,23.7,23.7,23.7,23.7,23.7,23.7,23.7,23.7,23.7,23.7,,,,,,,,,,,23.7,23.7,23.7,23.7,23.7,23.7,23.7,23.7,23.7,23.7,23.7,23.7,23.7,23.7,23.7,23.7,23.7,23.7,23.7,23.7,23.7,,,,,23.8,23.8,23.8,23.8,23.8,23.8,23.8,23.8,23.8,23.8,23.8,23.8,23.8,23.8,23.8,23.8,23.8,23.8,23.8,23.8,23.8,23.8,23.8,23.8,23.8,23.8,23.8,23.8,23.8,23.8,23.8,23.8,23.8,23.8,23.8,23.8,23.8,23.8,23.8,23.8,23.8,23.8,23.8,23.8,23.8,23.8,23.8,23.8,23.8,23.8,23.8,23.8,23.8,23.8,23.8,23.8,23.8,23.8,23.8,23.8,23.8,23.8,23.8,23.8,23.8,23.8,23.8,23.8,23.8,23.8,23.8,23.8,23.8,23.8,23.8,,23.8,23.8,23.8,23.8,23.8,23.8,23.8,23.8,23.8,23.8,23.8,23.8,23.8,23.8,23.8,23.8,23.8,23.8,23.8,23.8,23.8,23.8,23.8,23.8,23.8,23.8,23.8,23.8,23.8,23.8,23.8,23.8,24.4,24.4,24.4,24.4,24.4,24.4,24.4,24.4,24.4,24.4,24.4,24.4,24.4,24.4,24.4,24.4,24.4,24.4,24.4,24.4,24.4,24.4,24.4,24.4,24.4,24.4,24.4,24.4,24.4,24.4,24.4,24.4,24.4,24.4,24.4,24.379,24.379,24.379,24.379,24.379,24.379,24.551,24.551,24.551,24.551,24.551,24.551,24.551,24.551,24.551,24.551,24.551,24.551,24.551,24.551,24.551,24.551,24.551,24.551,24.551,24.551,24.551,24.551,24.551,24.551,24.551,24.551,24.551,24.551,24.551,24.551,24.551,24.551,24.551,24.551,24.551,24.551,24.551,24.551,24.551,24.551,24.551,24.551,24.551,24.551,24.551,24.551,24.551,24.551,24.551,24.551,24.551,24.551,24.551,24.551,24.551,24.551,24.551,24.551,24.551,24.551
1948-10-01,22.2,22.2,22.2,22.2,22.2,22.2,22.2,22.2,22.2,22.2,22.2,22.2,22.2,22.2,22.2,22.2,22.2,22.2,22.2,22.2,22.2,22.2,22.2,22.2,22.2,22.2,22.2,22.2,22.2,22.2,22.3,22.3,22.3,22.3,22.3,22.3,22.3,22.3,22.3,22.3,22.3,22.3,22.3,22.3,22.3,22.3,22.3,22.3,22.3,22.3,22.3,22.3,22.3,22.3,22.3,22.3,22.3,22.3,22.3,22.3,22.3,22.3,22.3,22.3,22.3,22.3,22.3,22.3,22.3,22.3,22.3,22.3,22.3,22.3,22.7,22.7,22.7,22.7,22.7,22.7,22.7,22.7,22.7,22.7,22.7,22.7,22.7,22.7,22.7,22.7,22.7,22.7,22.7,22.7,22.7,22.7,22.7,22.7,22.7,22.7,22.7,22.7,22.7,22.7,22.7,22.7,22.7,22.7,22.7,22.7,22.7,22.7,22.7,22.7,22.7,22.7,22.7,22.7,22.7,22.7,22.7,22.7,22.7,22.7,22.7,22.7,22.7,22.7,22.7,22.7,22.7,22.7,22.7,22.7,22.7,22.7,22.7,22.7,22.7,22.7,22.7,22.7,22.7,22.7,22.7,22.7,22.7,22.7,22.7,22.7,22.7,22.7,22.7,22.7,22.7,22.7,22.7,22.7,22.7,22.7,22.7,22.7,22.7,22.7,22.7,22.7,,,,,,,,,,,23.0,23.0,23.0,23.0,23.0,23.0,23.0,23.0,23.0,23.0,23.0,23.0,23.0,23.0,23.0,23.0,23.0,23.0,23.0,23.0,23.0,23.0,23.0,,,,,,,,,,,23.0,23.0,23.0,23.0,23.0,23.0,23.0,23.0,23.0,23.0,23.0,23.0,23.0,23.0,23.0,23.0,23.0,23.0,23.0,23.0,23.0,,,,,23.0,23.0,23.0,23.0,23.0,23.0,23.0,23.0,23.0,23.0,23.0,23.0,23.0,23.0,23.0,23.0,23.0,23.0,23.0,23.0,23.0,23.0,23.0,23.0,23.0,23.0,23.0,23.0,23.0,23.0,23.0,23.0,23.0,23.0,23.0,23.0,23.0,23.0,23.0,23.0,23.0,23.0,23.0,23.0,23.0,23.0,23.0,23.0,23.0,23.0,23.0,23.0,23.0,23.0,23.0,23.0,23.0,23.0,23.0,23.0,23.0,23.0,23.0,23.0,23.0,23.0,23.0,23.0,23.0,23.0,23.0,23.0,23.0,23.0,23.0,,23.0,23.0,23.0,23.0,23.0,23.0,23.0,23.0,23.0,23.0,23.0,23.0,23.0,23.0,23.0,23.0,23.0,23.0,23.0,23.0,23.0,23.0,23.0,23.0,23.0,23.0,23.0,23.0,23.0,23.0,23.0,23.0,23.5,23.5,23.5,23.5,23.5,23.5,23.5,23.5,23.5,23.5,23.5,23.5,23.5,23.5,23.5,23.5,23.5,23.5,23.5,23.5,23.5,23.5,23.5,23.5,23.5,23.5,23.5,23.5,23.5,23.5,23.5,23.5,23.5,23.5,23.5,23.548,23.548,23.548,23.548,23.548,23.548,23.76,23.76,23.76,23.76,23.76,23.76,23.76,23.76,23.76,23.76,23.76,23.76,23.76,23.76,23.76,23.76,23.76,23.76,23.76,23.76,23.76,23.76,23.76,23.76,23.76,23.76,23.76,23.76,23.76,23.76,23.76,23.76,23.76,23.76,23.76,23.76,23.76,23.76,23.76,23.76,23.76,23.76,23.76,23.76,23.76,23.76,23.76,23.76,23.76,23.76,23.76,23.76,23.76,23.76,23.76,23.76,23.76,23.76,23.76,23.76
1949-01-01,20.1,20.1,20.1,20.1,20.1,20.1,20.1,20.1,20.1,20.1,20.1,20.1,20.1,20.1,20.1,20.1,20.1,20.1,20.1,20.1,20.1,20.1,20.1,20.1,20.1,20.1,20.1,20.1,20.1,20.1,20.3,20.3,20.3,20.3,20.3,20.3,20.3,20.3,20.3,20.3,20.3,20.3,20.3,20.3,20.3,20.3,20.3,20.3,20.3,20.3,20.3,20.3,20.3,20.3,20.3,20.3,20.3,20.3,20.3,20.3,20.3,20.3,20.3,20.3,20.3,20.3,20.3,20.3,20.3,20.3,20.3,20.3,20.3,20.3,20.6,20.6,20.6,20.6,20.6,20.6,20.6,20.6,20.6,20.6,20.6,20.6,20.6,20.6,20.6,20.6,20.6,20.6,20.6,20.6,20.6,20.6,20.6,20.6,20.6,20.6,20.6,20.6,20.6,20.6,20.6,20.6,20.6,20.6,20.6,20.6,20.6,20.6,20.6,20.6,20.6,20.6,20.6,20.6,20.6,20.6,20.6,20.6,20.6,20.6,20.6,20.6,20.6,20.6,20.6,20.6,20.6,20.6,20.6,20.6,20.6,20.6,20.6,20.6,20.6,20.6,20.6,20.6,20.6,20.6,20.6,20.6,20.6,20.6,20.6,20.6,20.6,20.6,20.6,20.6,20.6,20.6,20.6,20.6,20.6,20.6,20.6,20.6,20.6,20.6,20.6,20.6,,,,,,,,,,,21.0,21.0,21.0,21.0,21.0,21.0,21.0,21.0,21.0,21.0,21.0,21.0,21.0,21.0,21.0,21.0,21.0,21.0,21.0,21.0,21.0,21.0,21.0,,,,,,,,,,,21.0,21.0,21.0,21.0,21.0,21.0,21.0,21.0,21.0,21.0,21.0,21.0,21.0,21.0,21.0,21.0,21.0,21.0,21.0,21.0,21.0,,,,,21.0,21.0,21.0,21.0,21.0,21.0,21.0,21.0,21.0,21.0,21.0,21.0,21.0,21.0,21.0,21.0,21.0,21.0,21.0,21.0,21.0,21.0,21.0,21.0,21.0,21.0,21.0,21.0,21.0,21.0,21.0,21.0,21.0,21.0,21.0,21.0,21.0,21.0,21.0,21.0,21.0,21.0,21.0,21.0,21.0,21.0,21.0,21.0,21.0,21.0,21.0,21.0,21.0,21.0,21.0,21.0,21.0,21.0,21.0,21.0,21.0,21.0,21.0,21.0,21.0,21.0,21.0,21.0,21.0,21.0,21.0,21.0,21.0,21.0,21.0,,21.0,21.0,21.0,21.0,21.0,21.0,21.0,21.0,21.0,21.0,21.0,21.0,21.0,21.0,21.0,21.0,21.0,21.0,21.0,21.0,21.0,21.0,21.0,21.0,21.0,21.0,21.0,21.0,21.0,21.0,21.0,21.0,21.5,21.5,21.5,21.5,21.5,21.5,21.5,21.5,21.5,21.5,21.5,21.5,21.5,21.5,21.5,21.5,21.5,21.5,21.5,21.5,21.5,21.5,21.5,21.5,21.5,21.5,21.5,21.5,21.5,21.5,21.5,21.5,21.5,21.5,21.5,21.475,21.475,21.475,21.475,21.475,21.475,21.683,21.683,21.683,21.683,21.683,21.683,21.683,21.683,21.683,21.683,21.683,21.683,21.683,21.683,21.683,21.683,21.683,21.683,21.683,21.683,21.683,21.683,21.683,21.683,21.683,21.683,21.683,21.683,21.683,21.683,21.683,21.683,21.683,21.683,21.683,21.683,21.683,21.683,21.683,21.683,21.683,21.683,21.683,21.683,21.683,21.683,21.683,21.683,21.683,21.683,21.683,21.683,21.683,21.683,21.683,21.683,21.683,21.683,21.683,21.683
1949-04-01,17.7,17.7,17.7,17.7,17.7,17.7,17.7,17.7,17.7,17.7,17.7,17.7,17.7,17.7,17.7,17.7,17.7,17.7,17.7,17.7,17.7,17.7,17.7,17.7,17.7,17.7,17.7,17.7,17.7,17.7,17.9,17.9,17.9,17.9,17.9,17.9,17.9,17.9,17.9,17.9,17.9,17.9,17.9,17.9,17.9,17.9,17.9,17.9,17.9,17.9,17.9,17.9,17.9,17.9,17.9,17.9,17.9,17.9,17.9,17.9,17.9,17.9,17.9,17.9,17.9,17.9,17.9,17.9,17.9,17.9,17.9,17.9,17.9,17.9,18.2,18.2,18.2,18.2,18.2,18.2,18.2,18.2,18.2,18.2,18.2,18.2,18.2,18.2,18.2,18.2,18.2,18.2,18.2,18.2,18.2,18.2,18.2,18.2,18.2,18.2,18.2,18.2,18.2,18.2,18.2,18.2,18.2,18.2,18.2,18.2,18.2,18.2,18.2,18.2,18.2,18.2,18.2,18.2,18.2,18.2,18.2,18.2,18.2,18.2,18.2,18.2,18.2,18.2,18.2,18.2,18.2,18.2,18.2,18.2,18.2,18.2,18.2,18.2,18.2,18.2,18.2,18.2,18.2,18.2,18.2,18.2,18.2,18.2,18.2,18.2,18.2,18.2,18.2,18.2,18.2,18.2,18.2,18.2,18.2,18.2,18.2,18.2,18.2,18.2,18.2,18.2,,,,,,,,,,,18.5,18.5,18.5,18.5,18.5,18.5,18.5,18.5,18.5,18.5,18.5,18.5,18.5,18.5,18.5,18.5,18.5,18.5,18.5,18.5,18.5,18.5,18.5,,,,,,,,,,,18.5,18.5,18.5,18.5,18.5,18.5,18.5,18.5,18.5,18.5,18.5,18.5,18.5,18.5,18.5,18.5,18.5,18.5,18.5,18.5,18.5,,,,,18.6,18.6,18.6,18.6,18.6,18.6,18.6,18.6,18.6,18.6,18.6,18.6,18.6,18.6,18.6,18.6,18.6,18.6,18.6,18.6,18.6,18.6,18.6,18.6,18.6,18.6,18.6,18.6,18.6,18.6,18.6,18.6,18.6,18.6,18.6,18.6,18.6,18.6,18.6,18.6,18.6,18.6,18.6,18.6,18.6,18.6,18.6,18.6,18.6,18.6,18.6,18.6,18.6,18.6,18.6,18.6,18.6,18.6,18.6,18.6,18.6,18.6,18.6,18.6,18.6,18.6,18.6,18.6,18.6,18.6,18.6,18.6,18.6,18.6,18.6,,18.6,18.6,18.6,18.6,18.6,18.6,18.6,18.6,18.6,18.6,18.6,18.6,18.6,18.6,18.6,18.6,18.6,18.6,18.6,18.6,18.6,18.6,18.6,18.6,18.6,18.6,18.6,18.6,18.6,18.6,18.6,18.6,19.0,19.0,19.0,19.0,19.0,19.0,19.0,19.0,19.0,19.0,19.0,19.0,19.0,19.0,19.0,19.0,19.0,19.0,19.0,19.0,19.0,19.0,19.0,19.0,19.0,19.0,19.0,19.0,19.0,19.0,19.0,19.0,19.0,19.0,19.0,18.976,18.976,18.976,18.976,18.976,18.976,19.172,19.172,19.172,19.172,19.172,19.172,19.172,19.172,19.172,19.172,19.172,19.172,19.172,19.172,19.172,19.172,19.172,19.172,19.172,19.172,19.172,19.172,19.172,19.172,19.172,19.172,19.172,19.172,19.172,19.172,19.172,19.172,19.172,19.172,19.172,19.172,19.172,19.172,19.172,19.172,19.172,19.172,19.172,19.172,19.172,19.172,19.172,19.172,19.172,19.172,19.172,19.172,19.172,19.172,19.172,19.172,19.172,19.172,19.172,19.172
1949-07-01,18.4,18.4,18.4,18.4,18.4,18.4,18.4,18.4,18.4,18.4,18.4,18.4,18.4,18.4,18.4,18.4,18.4,18.4,18.4,18.4,18.4,18.4,18.4,18.4,18.4,18.4,18.4,18.4,18.4,18.4,18.6,18.6,18.6,18.6,18.6,18.6,18.6,18.6,18.6,18.6,18.6,18.6,18.6,18.6,18.6,18.6,18.6,18.6,18.6,18.6,18.6,18.6,18.6,18.6,18.6,18.6,18.6,18.6,18.6,18.6,18.6,18.6,18.6,18.6,18.6,18.6,18.6,18.6,18.6,18.6,18.6,18.6,18.6,18.6,18.9,18.9,18.9,18.9,18.9,18.9,18.9,18.9,18.9,18.9,18.9,18.9,18.9,18.9,18.9,18.9,18.9,18.9,18.9,18.9,18.9,18.9,18.9,18.9,18.9,18.9,18.9,18.9,18.9,18.9,18.9,18.9,18.9,18.9,18.9,18.9,18.9,18.9,18.9,18.9,18.9,18.8,18.8,18.8,18.8,18.8,18.8,18.8,18.8,18.8,18.8,18.8,18.8,18.8,18.8,18.8,18.8,18.8,18.8,18.8,18.8,18.8,18.8,18.8,18.8,18.8,18.8,18.8,18.8,18.8,18.8,18.8,18.8,18.8,18.8,18.8,18.8,18.8,18.8,18.8,18.8,18.8,18.8,18.8,18.8,18.8,18.8,18.8,18.8,18.8,18.8,18.8,,,,,,,,,,,19.2,19.2,19.2,19.2,19.2,19.2,19.2,19.2,19.2,19.2,19.2,19.2,19.2,19.2,19.2,19.2,19.2,19.2,19.2,19.2,19.2,19.2,19.2,,,,,,,,,,,19.2,19.2,19.2,19.2,19.2,19.2,19.2,19.2,19.2,19.2,19.2,19.2,19.2,19.2,19.2,19.2,19.2,19.2,19.2,19.2,19.2,,,,,19.2,19.2,19.2,19.2,19.2,19.2,19.2,19.2,19.2,19.2,19.2,19.2,19.2,19.2,19.2,19.2,19.2,19.2,19.2,19.2,19.2,19.2,19.2,19.2,19.2,19.2,19.2,19.2,19.2,19.2,19.2,19.2,19.2,19.2,19.2,19.2,19.2,19.2,19.2,19.2,19.2,19.2,19.2,19.2,19.2,19.2,19.2,19.2,19.2,19.2,19.2,19.2,19.2,19.2,19.2,19.2,19.2,19.2,19.2,19.2,19.2,19.2,19.2,19.2,19.2,19.2,19.2,19.2,19.2,19.2,19.2,19.2,19.2,19.2,19.2,,19.2,19.2,19.2,19.2,19.2,19.2,19.2,19.2,19.2,19.2,19.2,19.2,19.2,19.2,19.2,19.2,19.2,19.2,19.2,19.2,19.2,19.2,19.2,19.2,19.2,19.2,19.2,19.2,19.2,19.2,19.2,19.2,19.6,19.6,19.6,19.6,19.6,19.6,19.6,19.6,19.6,19.6,19.6,19.6,19.6,19.6,19.6,19.6,19.6,19.6,19.6,19.6,19.6,19.6,19.6,19.6,19.6,19.6,19.6,19.6,19.6,19.6,19.6,19.6,19.6,19.6,19.6,19.632,19.632,19.632,19.632,19.632,19.632,19.816,19.816,19.816,19.816,19.816,19.816,19.816,19.816,19.816,19.816,19.816,19.816,19.816,19.816,19.816,19.816,19.816,19.816,19.816,19.816,19.816,19.816,19.816,19.816,19.816,19.816,19.816,19.816,19.816,19.816,19.816,19.816,19.816,19.816,19.816,19.816,19.816,19.816,19.816,19.816,19.816,19.816,19.816,19.816,19.816,19.816,19.816,19.816,19.816,19.816,19.816,19.816,19.816,19.816,19.816,19.816,19.816,19.816,19.816,19.816
1949-10-01,18.1,18.1,18.1,18.1,18.1,18.1,18.1,18.1,18.1,18.1,18.1,18.1,18.1,18.1,18.1,18.1,18.1,18.1,18.1,18.1,18.1,18.1,18.1,18.1,18.1,18.1,18.1,18.1,18.1,18.1,18.2,18.2,18.2,18.2,18.2,18.2,18.2,18.2,18.2,18.2,18.2,18.2,18.2,18.2,18.2,18.2,18.2,18.2,18.2,18.2,18.2,18.2,18.2,18.2,18.2,18.2,18.2,18.2,18.2,18.2,18.2,18.2,18.2,18.2,18.2,18.2,18.2,18.2,18.2,18.2,18.2,18.2,18.2,18.2,18.5,18.5,18.5,18.5,18.5,18.5,18.5,18.5,18.5,18.5,18.5,18.5,18.5,18.5,18.5,18.5,18.5,18.5,18.5,18.5,18.5,18.5,18.5,18.5,18.5,18.5,18.5,18.5,18.5,18.5,18.5,18.5,18.5,18.5,18.5,18.5,18.5,18.5,18.5,18.5,18.5,18.4,18.4,18.4,18.4,18.4,18.4,18.4,18.4,18.4,18.4,18.4,18.4,18.4,18.4,18.4,18.4,18.4,18.4,18.4,18.4,18.4,18.4,18.4,18.4,18.4,18.4,18.4,18.4,18.4,18.4,18.4,18.4,18.4,18.4,18.4,18.4,18.4,18.4,18.4,18.4,18.4,18.4,18.4,18.4,18.4,18.4,18.4,18.4,18.4,18.4,18.4,,,,,,,,,,,18.8,18.8,18.8,18.8,18.8,18.8,18.8,18.8,18.8,18.8,18.8,18.8,18.8,18.8,18.8,18.8,18.8,18.8,18.8,18.8,18.8,18.8,18.8,,,,,,,,,,,18.8,18.8,18.8,18.8,18.8,18.8,18.8,18.8,18.8,18.8,18.8,18.8,18.8,18.8,18.8,18.8,18.8,18.8,18.8,18.8,18.8,,,,,18.8,18.8,18.8,18.8,18.8,18.8,18.8,18.8,18.8,18.8,18.8,18.8,18.8,18.8,18.8,18.8,18.8,18.8,18.8,18.8,18.8,18.8,18.8,18.8,18.8,18.8,18.8,18.8,18.8,18.8,18.8,18.8,18.8,18.8,18.8,18.8,18.8,18.8,18.8,18.8,18.8,18.8,18.8,18.8,18.8,18.8,18.8,18.8,18.8,18.8,18.8,18.8,18.8,18.8,18.8,18.8,18.8,18.8,18.8,18.8,18.8,18.8,18.8,18.8,18.8,18.8,18.8,18.8,18.8,18.8,18.8,18.8,18.8,18.8,18.8,,18.8,18.8,18.8,18.8,18.8,18.8,18.8,18.8,18.8,18.8,18.8,18.8,18.8,18.8,18.8,18.8,18.8,18.8,18.8,18.8,18.8,18.8,18.8,18.8,18.8,18.8,18.8,18.8,18.8,18.8,18.8,18.8,19.3,19.3,19.3,19.3,19.3,19.3,19.3,19.3,19.3,19.3,19.3,19.3,19.3,19.3,19.3,19.3,19.3,19.3,19.3,19.3,19.3,19.3,19.3,19.3,19.3,19.3,19.3,19.3,19.3,19.3,19.3,19.3,19.3,19.3,19.3,19.273,19.273,19.273,19.273,19.273,19.273,19.457,19.457,19.457,19.457,19.457,19.457,19.457,19.457,19.457,19.457,19.457,19.457,19.457,19.457,19.457,19.457,19.457,19.457,19.457,19.457,19.457,19.457,19.457,19.457,19.457,19.457,19.457,19.457,19.457,19.457,19.457,19.457,19.457,19.457,19.457,19.457,19.457,19.457,19.457,19.457,19.457,19.457,19.457,19.457,19.457,19.457,19.457,19.457,19.457,19.457,19.457,19.457,19.457,19.457,19.457,19.457,19.457,19.457,19.457,19.457
1950-01-01,18.9,18.9,18.9,18.9,18.9,18.9,18.9,18.9,18.9,18.9,18.9,18.9,18.9,18.9,18.9,18.9,18.9,18.9,18.9,18.9,18.9,18.9,18.9,18.9,18.9,18.9,18.9,18.9,18.9,18.9,18.8,18.8,18.8,18.8,18.8,18.8,18.8,18.8,18.8,18.8,18.8,18.8,18.8,18.8,18.8,18.8,18.8,18.8,18.8,18.8,18.8,18.8,18.8,18.8,18.8,18.8,18.8,18.8,18.8,18.8,18.8,18.8,18.8,18.8,18.8,18.8,18.8,18.8,18.8,18.8,18.8,18.8,18.8,18.8,19.0,19.0,19.0,19.0,19.0,19.0,19.0,19.0,19.0,19.0,19.0,19.0,19.0,19.0,19.0,19.0,19.0,19.0,19.0,19.0,19.0,19.0,19.0,19.0,19.0,19.0,19.0,19.0,19.0,19.0,19.0,19.0,19.0,19.0,19.0,19.0,19.0,19.0,19.0,19.0,19.0,19.0,19.0,19.0,19.0,19.0,19.0,19.0,19.0,19.0,19.0,19.0,19.0,19.0,19.0,19.0,19.0,19.0,19.0,19.0,19.0,19.0,19.0,19.0,19.0,19.0,19.0,19.0,19.0,19.0,19.0,19.0,19.0,19.0,19.0,19.0,19.0,19.0,19.0,19.0,19.0,19.0,19.0,19.0,19.0,19.0,19.0,19.0,19.0,19.0,19.0,19.0,,,,,,,,,,,19.3,19.3,19.3,19.3,19.3,19.3,19.3,19.3,19.3,19.3,19.3,19.3,19.3,19.3,19.3,19.3,19.3,19.3,19.3,19.3,19.3,19.3,19.3,,,,,,,,,,,19.3,19.3,19.3,19.3,19.3,19.3,19.3,19.3,19.3,19.3,19.3,19.3,19.3,19.3,19.3,19.3,19.3,19.3,19.3,19.3,19.3,,,,,19.3,19.3,19.3,19.3,19.3,19.3,19.3,19.3,19.3,19.3,19.3,19.3,19.3,19.3,19.3,19.3,19.3,19.3,19.3,19.3,19.3,19.3,19.3,19.3,19.3,19.3,19.3,19.3,19.3,19.3,19.3,19.3,19.3,19.3,19.3,19.3,19.3,19.3,19.3,19.3,19.3,19.3,19.3,19.3,19.3,19.3,19.3,19.3,19.3,19.3,19.3,19.3,19.3,19.3,19.3,19.3,19.3,19.3,19.3,19.3,19.3,19.3,19.3,19.3,19.3,19.3,19.3,19.3,19.3,19.3,19.3,19.3,19.3,19.3,19.3,,19.3,19.3,19.3,19.3,19.3,19.3,19.3,19.3,19.3,19.3,19.3,19.3,19.3,19.3,19.3,19.3,19.3,19.3,19.3,19.3,19.3,19.3,19.3,19.3,19.3,19.3,19.3,19.3,19.3,19.3,19.3,19.3,19.8,19.8,19.8,19.8,19.8,19.8,19.8,19.8,19.8,19.8,19.8,19.8,19.8,19.8,19.8,19.8,19.8,19.8,19.8,19.8,19.8,19.8,19.8,19.8,19.8,19.8,19.8,19.8,19.8,19.8,19.8,19.8,19.8,19.8,19.8,19.849,19.849,19.849,19.849,19.849,19.849,20.037,20.037,20.037,20.037,20.037,20.037,20.037,20.037,20.037,20.037,20.037,20.037,20.037,20.037,20.037,20.037,20.037,20.037,20.037,20.037,20.037,20.037,20.037,20.037,20.037,20.037,20.037,20.037,20.037,20.037,20.037,20.037,20.037,20.037,20.037,20.037,20.037,20.037,20.037,20.037,20.037,20.037,20.037,20.037,20.037,20.037,20.037,20.037,20.037,20.037,20.037,20.037,20.037,20.037,20.037,20.037,20.037,20.037,20.037,20.037
1950-04-01,22.6,22.6,22.6,22.6,22.6,22.6,22.6,22.6,22.6,22.6,22.6,22.6,22.6,22.6,22.6,22.6,22.6,22.6,22.6,22.6,22.6,22.6,22.6,22.6,22.6,22.6,22.6,22.6,22.6,22.6,22.4,22.4,22.4,22.4,22.4,22.4,22.4,22.4,22.4,22.4,22.4,22.4,22.4,22.4,22.4,22.4,22.4,22.4,22.4,22.4,22.4,22.4,22.4,22.4,22.4,22.4,22.4,22.4,22.4,22.4,22.4,22.4,22.4,22.4,22.4,22.4,22.4,22.4,22.4,22.4,22.4,22.4,22.4,22.4,22.7,22.7,22.7,22.7,22.7,22.7,22.7,22.7,22.7,22.7,22.7,22.7,22.7,22.7,22.7,22.7,22.7,22.7,22.7,22.7,22.7,22.7,22.7,22.7,22.7,22.7,22.7,22.7,22.7,22.7,22.7,22.7,22.7,22.7,22.7,22.7,22.7,22.7,22.7,22.7,22.7,22.7,22.7,22.7,22.7,22.7,22.7,22.7,22.7,22.7,22.7,22.7,22.7,22.7,22.7,22.7,22.7,22.7,22.7,22.7,22.7,22.7,22.7,22.7,22.7,22.7,22.7,22.7,22.7,22.7,22.7,22.7,22.7,22.7,22.7,22.7,22.7,22.7,22.7,22.7,22.7,22.7,22.7,22.7,22.7,22.7,22.7,22.7,22.7,22.7,22.7,22.7,,,,,,,,,,,23.0,23.0,23.0,23.0,23.0,23.0,23.0,23.0,23.0,23.0,23.0,23.0,23.0,23.0,23.0,23.0,23.0,23.0,23.0,23.0,23.0,23.0,23.0,,,,,,,,,,,23.0,23.0,23.0,23.0,23.0,23.0,23.0,23.0,23.0,23.0,23.0,23.0,23.0,23.0,23.0,23.0,23.0,23.0,23.0,23.0,23.0,,,,,23.1,23.1,23.1,23.1,23.1,23.1,23.1,23.1,23.1,23.1,23.1,23.1,23.1,23.1,23.1,23.1,23.1,23.1,23.1,23.1,23.1,23.1,23.1,23.1,23.1,23.1,23.1,23.1,23.1,23.1,23.1,23.1,23.1,23.1,23.1,23.1,23.1,23.1,23.1,23.1,23.1,23.1,23.1,23.1,23.1,23.1,23.1,23.1,23.1,23.1,23.1,23.1,23.1,23.1,23.1,23.1,23.1,23.1,23.1,23.1,23.1,23.1,23.1,23.1,23.1,23.1,23.1,23.1,23.1,23.1,23.1,23.1,23.1,23.1,23.1,,23.1,23.1,23.1,23.1,23.1,23.1,23.1,23.1,23.1,23.1,23.1,23.1,23.1,23.1,23.1,23.1,23.1,23.1,23.1,23.1,23.1,23.1,23.1,23.1,23.1,23.1,23.1,23.1,23.1,23.1,23.1,23.1,23.6,23.6,23.6,23.6,23.6,23.6,23.6,23.6,23.6,23.6,23.6,23.6,23.6,23.6,23.6,23.6,23.6,23.6,23.6,23.6,23.6,23.6,23.6,23.6,23.6,23.6,23.6,23.6,23.6,23.6,23.6,23.6,23.6,23.6,23.6,23.615,23.615,23.615,23.615,23.615,23.615,23.815,23.815,23.815,23.815,23.815,23.815,23.815,23.815,23.815,23.815,23.815,23.815,23.815,23.815,23.815,23.815,23.815,23.815,23.815,23.815,23.815,23.815,23.815,23.815,23.815,23.815,23.815,23.815,23.815,23.815,23.815,23.815,23.815,23.815,23.815,23.815,23.815,23.815,23.815,23.815,23.815,23.815,23.815,23.815,23.815,23.815,23.815,23.815,23.815,23.815,23.815,23.815,23.815,23.815,23.815,23.815,23.815,23.815,23.815,23.815
1950-07-01,27.6,27.6,27.6,27.6,27.6,27.6,27.6,27.6,27.6,27.6,27.6,27.6,27.6,27.6,27.6,27.6,27.6,27.6,27.6,27.6,27.6,27.6,27.6,27.6,27.6,27.6,27.6,27.6,27.6,27.6,27.4,27.4,27.4,27.4,27.4,27.4,27.4,27.4,27.4,27.4,27.4,27.4,27.4,27.4,27.4,27.4,27.4,27.4,27.4,27.4,27.4,27.4,27.4,27.4,27.4,27.4,27.4,27.4,27.4,27.4,27.4,27.4,27.4,27.4,27.4,27.4,27.4,27.4,27.4,27.4,27.4,27.4,27.4,27.4,27.7,27.7,27.7,27.7,27.7,27.7,27.7,27.7,27.7,27.7,27.7,27.7,27.7,27.7,27.7,27.7,27.7,27.7,27.7,27.7,27.7,27.7,27.7,27.7,27.7,27.7,27.7,27.7,27.7,27.7,27.7,27.7,27.7,27.7,27.7,27.7,27.7,27.7,27.7,27.7,27.7,27.7,27.7,27.7,27.7,27.7,27.7,27.7,27.7,27.7,27.7,27.7,27.7,27.7,27.7,27.7,27.7,27.7,27.7,27.7,27.7,27.7,27.7,27.7,27.7,27.7,27.7,27.7,27.7,27.7,27.7,27.7,27.7,27.7,27.7,27.7,27.7,27.7,27.7,27.7,27.7,27.7,27.7,27.7,27.7,27.7,27.7,27.7,27.7,27.7,27.7,27.7,,,,,,,,,,,28.0,28.0,28.0,28.0,28.0,28.0,28.0,28.0,28.0,28.0,28.0,28.0,28.0,28.0,28.0,28.0,28.0,28.0,28.0,28.0,28.0,28.0,28.0,,,,,,,,,,,28.0,28.0,28.0,28.0,28.0,28.0,28.0,28.0,28.0,28.0,28.0,28.0,28.0,28.0,28.0,28.0,28.0,28.0,28.0,28.0,28.0,,,,,28.0,28.0,28.0,28.0,28.0,28.0,28.0,28.0,28.0,28.0,28.0,28.0,28.0,28.0,28.0,28.0,28.0,28.0,28.0,28.0,28.0,28.0,28.0,28.0,28.0,28.0,28.0,28.0,28.0,28.0,28.0,28.0,28.0,28.0,28.0,28.0,28.0,28.0,28.0,28.0,28.0,28.0,28.0,28.0,28.0,28.0,28.0,28.0,28.0,28.0,28.0,28.0,28.0,28.0,28.0,28.0,28.0,28.0,28.0,28.0,28.0,28.0,28.0,28.0,28.0,28.0,28.0,28.0,28.0,28.0,28.0,28.0,28.0,28.0,28.0,,28.0,28.0,28.0,28.0,28.0,28.0,28.0,28.0,28.0,28.0,28.0,28.0,28.0,28.0,28.0,28.0,28.0,28.0,28.0,28.0,28.0,28.0,28.0,28.0,28.0,28.0,28.0,28.0,28.0,28.0,28.0,28.0,28.6,28.6,28.6,28.6,28.6,28.6,28.6,28.6,28.6,28.6,28.6,28.6,28.6,28.6,28.6,28.6,28.6,28.6,28.6,28.6,28.6,28.6,28.6,28.6,28.6,28.6,28.6,28.6,28.6,28.6,28.6,28.6,28.6,28.6,28.6,28.577,28.577,28.577,28.577,28.577,28.577,28.777,28.777,28.777,28.777,28.777,28.777,28.777,28.777,28.777,28.777,28.777,28.777,28.777,28.777,28.777,28.777,28.777,28.777,28.777,28.777,28.777,28.777,28.777,28.777,28.777,28.777,28.777,28.777,28.777,28.777,28.777,28.777,28.777,28.777,28.777,28.777,28.777,28.777,28.777,28.777,28.777,28.777,28.777,28.777,28.777,28.777,28.777,28.777,28.777,28.777,28.777,28.777,28.777,28.777,28.777,28.777,28.777,28.777,28.777,28.777
1950-10-01,30.3,30.3,30.3,30.3,30.3,30.3,30.3,30.3,30.3,30.3,30.3,30.3,30.3,30.3,30.3,30.3,30.3,30.3,30.3,30.3,30.3,30.3,30.3,30.3,30.3,30.3,30.3,30.3,30.3,30.3,30.1,30.1,30.1,30.1,30.1,30.1,30.1,30.1,30.1,30.1,30.1,30.1,30.1,30.1,30.1,30.1,30.1,30.1,30.1,30.1,30.1,30.1,30.1,30.1,30.1,30.1,30.1,30.1,30.1,30.1,30.1,30.1,30.1,30.1,30.1,30.1,30.1,30.1,30.1,30.1,30.1,30.1,30.1,30.1,30.4,30.4,30.4,30.4,30.4,30.4,30.4,30.4,30.4,30.4,30.4,30.4,30.4,30.4,30.4,30.4,30.4,30.4,30.4,30.4,30.4,30.4,30.4,30.4,30.4,30.4,30.4,30.4,30.4,30.4,30.4,30.4,30.4,30.4,30.4,30.4,30.4,30.4,30.4,30.4,30.4,30.5,30.5,30.5,30.5,30.5,30.5,30.5,30.5,30.5,30.5,30.5,30.5,30.5,30.5,30.5,30.5,30.5,30.5,30.5,30.5,30.5,30.5,30.5,30.5,30.5,30.5,30.5,30.5,30.5,30.5,30.5,30.5,30.5,30.5,30.5,30.5,30.5,30.5,30.5,30.5,30.5,30.5,30.5,30.5,30.5,30.5,30.5,30.5,30.5,30.5,30.5,,,,,,,,,,,30.8,30.8,30.8,30.8,30.8,30.8,30.8,30.8,30.8,30.8,30.8,30.8,30.8,30.8,30.8,30.8,30.8,30.8,30.8,30.8,30.8,30.8,30.8,,,,,,,,,,,30.8,30.8,30.8,30.8,30.8,30.8,30.8,30.8,30.8,30.8,30.8,30.8,30.8,30.8,30.8,30.8,30.8,30.8,30.8,30.8,30.8,,,,,30.8,30.8,30.8,30.8,30.8,30.8,30.8,30.8,30.8,30.8,30.8,30.8,30.8,30.8,30.8,30.8,30.8,30.8,30.8,30.8,30.8,30.8,30.8,30.8,30.8,30.8,30.8,30.8,30.8,30.8,30.8,30.8,30.8,30.8,30.8,30.8,30.8,30.8,30.8,30.8,30.8,30.8,30.8,30.8,30.8,30.8,30.8,30.8,30.8,30.8,30.8,30.8,30.8,30.8,30.8,30.8,30.8,30.8,30.8,30.8,30.8,30.8,30.8,30.8,30.8,30.8,30.8,30.8,30.8,30.8,30.8,30.8,30.8,30.8,30.8,,30.8,30.8,30.8,30.8,30.8,30.8,30.8,30.8,30.8,30.8,30.8,30.8,30.8,30.8,30.8,30.8,30.8,30.8,30.8,30.8,30.8,30.8,30.8,30.8,30.8,30.8,30.8,30.8,30.8,30.8,30.8,30.8,31.4,31.4,31.4,31.4,31.4,31.4,31.4,31.4,31.4,31.4,31.4,31.4,31.4,31.4,31.4,31.4,31.4,31.4,31.4,31.4,31.4,31.4,31.4,31.4,31.4,31.4,31.4,31.4,31.4,31.4,31.4,31.4,31.4,31.4,31.4,31.381,31.381,31.381,31.381,31.381,31.381,31.581,31.581,31.581,31.581,31.581,31.581,31.581,31.581,31.581,31.581,31.581,31.581,31.581,31.581,31.581,31.581,31.581,31.581,31.581,31.581,31.581,31.581,31.581,31.581,31.581,31.581,31.581,31.581,31.581,31.581,31.581,31.581,31.581,31.581,31.581,31.581,31.581,31.581,31.581,31.581,31.581,31.581,31.581,31.581,31.581,31.581,31.581,31.581,31.581,31.581,31.581,31.581,31.581,31.581,31.581,31.581,31.581,31.581,31.581,31.581
1951-01-01,25.2,25.2,25.2,25.2,25.2,25.2,25.2,25.2,25.2,25.2,25.2,25.2,25.2,25.2,25.2,25.2,25.2,25.2,25.2,25.2,25.2,25.2,25.2,25.2,25.2,25.2,25.2,25.2,25.2,25.2,24.9,24.9,24.9,24.9,24.9,24.9,24.9,24.9,24.9,24.9,24.9,24.9,24.9,24.9,24.9,24.9,24.9,24.9,24.9,24.9,24.9,24.9,24.9,24.9,24.9,24.9,24.9,24.9,24.9,24.9,24.9,24.9,24.9,24.9,24.9,24.9,24.9,24.9,24.9,24.9,24.9,24.9,24.9,24.9,25.3,25.3,25.3,25.3,25.3,25.3,25.3,25.3,25.3,25.3,25.3,25.3,25.3,25.3,25.3,25.3,25.3,25.3,25.3,25.3,25.3,25.3,25.3,25.3,25.3,25.3,25.3,25.3,25.3,25.3,25.3,25.3,25.3,25.3,25.3,25.3,25.3,25.3,25.3,25.3,25.3,25.3,25.3,25.3,25.3,25.3,25.3,25.3,25.3,25.3,25.3,25.3,25.3,25.3,25.3,25.3,25.3,25.3,25.3,25.3,25.3,25.3,25.3,25.3,25.3,25.3,25.3,25.3,25.3,25.3,25.3,25.3,25.3,25.3,25.3,25.3,25.3,25.3,25.3,25.3,25.3,25.3,25.3,25.3,25.3,25.3,25.3,25.3,25.3,25.3,25.3,25.3,,,,,,,,,,,25.5,25.5,25.5,25.5,25.5,25.5,25.5,25.5,25.5,25.5,25.5,25.5,25.5,25.5,25.5,25.5,25.5,25.5,25.5,25.5,25.5,25.5,25.5,,,,,,,,,,,25.5,25.5,25.5,25.5,25.5,25.5,25.5,25.5,25.5,25.5,25.5,25.5,25.5,25.5,25.5,25.5,25.5,25.5,25.5,25.5,25.5,,,,,25.6,25.6,25.6,25.6,25.6,25.6,25.6,25.6,25.6,25.6,25.6,25.6,25.6,25.6,25.6,25.6,25.6,25.6,25.6,25.6,25.6,25.6,25.6,25.6,25.6,25.6,25.6,25.6,25.6,25.6,25.6,25.6,25.6,25.6,25.6,25.6,25.6,25.6,25.6,25.6,25.6,25.6,25.6,25.6,25.6,25.6,25.6,25.6,25.6,25.6,25.6,25.6,25.6,25.6,25.6,25.6,25.6,25.6,25.6,25.6,25.6,25.6,25.6,25.6,25.6,25.6,25.6,25.6,25.6,25.6,25.6,25.6,25.6,25.6,25.6,,25.6,25.6,25.6,25.6,25.6,25.6,25.6,25.6,25.6,25.6,25.6,25.6,25.6,25.6,25.6,25.6,25.6,25.6,25.6,25.6,25.6,25.6,25.6,25.6,25.6,25.6,25.6,25.6,25.6,25.6,25.6,25.6,26.1,26.1,26.1,26.1,26.1,26.1,26.1,26.1,26.1,26.1,26.1,26.1,26.1,26.1,26.1,26.1,26.1,26.1,26.1,26.1,26.1,26.1,26.1,26.1,26.1,26.1,26.1,26.1,26.1,26.1,26.1,26.1,26.1,26.1,26.1,26.113,26.113,26.113,26.113,26.113,26.113,26.345,26.345,26.345,26.345,26.345,26.345,26.345,26.345,26.345,26.345,26.345,26.345,26.345,26.345,26.345,26.345,26.345,26.345,26.345,26.345,26.345,26.345,26.345,26.345,26.345,26.345,26.345,26.345,26.345,26.345,26.345,26.345,26.345,26.345,26.345,26.345,26.345,26.345,26.345,26.345,26.345,26.345,26.345,26.345,26.345,26.345,26.345,26.345,26.345,26.345,26.345,26.345,26.345,26.345,26.345,26.345,26.345,26.345,26.345,26.345
1951-04-01,21.3,21.3,21.3,21.3,21.3,21.3,21.3,21.3,21.3,21.3,21.3,21.3,21.3,21.3,21.3,21.3,21.3,21.3,21.3,21.3,21.3,21.3,21.3,21.3,21.3,21.3,21.3,21.3,21.3,21.3,21.1,21.1,21.1,21.1,21.1,21.1,21.1,21.1,21.1,21.1,21.1,21.1,21.1,21.1,21.1,21.1,21.1,21.1,21.1,21.1,21.1,21.1,21.1,21.1,21.1,21.1,21.1,21.1,21.1,21.1,21.1,21.1,21.1,21.1,21.1,21.1,21.1,21.1,21.1,21.1,21.1,21.1,21.1,21.1,21.6,21.6,21.6,21.6,21.6,21.6,21.6,21.6,21.6,21.6,21.6,21.6,21.6,21.6,21.6,21.6,21.6,21.6,21.6,21.6,21.6,21.6,21.6,21.6,21.6,21.6,21.6,21.6,21.6,21.6,21.6,21.6,21.6,21.6,21.6,21.6,21.6,21.6,21.6,21.6,21.6,21.6,21.6,21.6,21.6,21.6,21.6,21.6,21.6,21.6,21.6,21.6,21.6,21.6,21.6,21.6,21.6,21.6,21.6,21.6,21.6,21.6,21.6,21.6,21.6,21.6,21.6,21.6,21.6,21.6,21.6,21.6,21.6,21.6,21.6,21.6,21.6,21.6,21.6,21.6,21.6,21.6,21.6,21.6,21.6,21.6,21.6,21.6,21.6,21.6,21.6,21.6,,,,,,,,,,,21.7,21.7,21.7,21.7,21.7,21.7,21.7,21.7,21.7,21.7,21.7,21.7,21.7,21.7,21.7,21.7,21.7,21.7,21.7,21.7,21.7,21.7,21.7,,,,,,,,,,,21.7,21.7,21.7,21.7,21.7,21.7,21.7,21.7,21.7,21.7,21.7,21.7,21.7,21.7,21.7,21.7,21.7,21.7,21.7,21.7,21.7,,,,,21.8,21.8,21.8,21.8,21.8,21.8,21.8,21.8,21.8,21.8,21.8,21.8,21.8,21.8,21.8,21.8,21.8,21.8,21.8,21.8,21.8,21.8,21.8,21.8,21.8,21.8,21.8,21.8,21.8,21.8,21.8,21.8,21.8,21.8,21.8,21.8,21.8,21.8,21.8,21.8,21.8,21.8,21.8,21.8,21.8,21.8,21.8,21.8,21.8,21.8,21.8,21.8,21.8,21.8,21.8,21.8,21.8,21.8,21.8,21.8,21.8,21.8,21.8,21.8,21.8,21.8,21.8,21.8,21.8,21.8,21.8,21.8,21.8,21.8,21.8,,21.8,21.8,21.8,21.8,21.8,21.8,21.8,21.8,21.8,21.8,21.8,21.8,21.8,21.8,21.8,21.8,21.8,21.8,21.8,21.8,21.8,21.8,21.8,21.8,21.8,21.8,21.8,21.8,21.8,21.8,21.8,21.8,22.3,22.3,22.3,22.3,22.3,22.3,22.3,22.3,22.3,22.3,22.3,22.3,22.3,22.3,22.3,22.3,22.3,22.3,22.3,22.3,22.3,22.3,22.3,22.3,22.3,22.3,22.3,22.3,22.3,22.3,22.3,22.3,22.3,22.3,22.3,22.329,22.329,22.329,22.329,22.329,22.329,22.589,22.589,22.589,22.589,22.589,22.589,22.589,22.589,22.589,22.589,22.589,22.589,22.589,22.589,22.589,22.589,22.589,22.589,22.589,22.589,22.589,22.589,22.589,22.589,22.589,22.589,22.589,22.589,22.589,22.589,22.589,22.589,22.589,22.589,22.589,22.589,22.589,22.589,22.589,22.589,22.589,22.589,22.589,22.589,22.589,22.589,22.589,22.589,22.589,22.589,22.589,22.589,22.589,22.589,22.589,22.589,22.589,22.589,22.589,22.589
1951-07-01,19.3,19.3,19.3,19.3,19.3,19.3,19.3,19.3,19.3,19.3,19.3,19.3,19.3,19.3,19.3,19.3,19.3,19.3,19.3,19.3,19.3,19.3,19.3,19.3,19.3,19.3,19.3,19.3,19.3,19.3,19.1,19.1,19.1,19.1,19.1,19.1,19.1,19.1,19.1,19.1,19.1,19.1,19.1,19.1,19.1,19.1,19.1,19.1,19.1,19.1,19.1,19.1,19.1,19.1,19.1,19.1,19.1,19.1,19.1,19.1,19.1,19.1,19.1,19.1,19.1,19.1,19.1,19.1,19.1,19.1,19.1,19.1,19.1,19.1,19.7,19.7,19.7,19.7,19.7,19.7,19.7,19.7,19.7,19.7,19.7,19.7,19.7,19.7,19.7,19.7,19.7,19.7,19.7,19.7,19.7,19.7,19.7,19.7,19.7,19.7,19.7,19.7,19.7,19.7,19.7,19.7,19.7,19.7,19.7,19.7,19.7,19.7,19.7,19.7,19.7,19.7,19.7,19.7,19.7,19.7,19.7,19.7,19.7,19.7,19.7,19.7,19.7,19.7,19.7,19.7,19.7,19.7,19.7,19.7,19.7,19.7,19.7,19.7,19.7,19.7,19.7,19.7,19.7,19.7,19.7,19.7,19.7,19.7,19.7,19.7,19.7,19.7,19.7,19.7,19.7,19.7,19.7,19.7,19.7,19.7,19.7,19.7,19.7,19.7,19.7,19.7,,,,,,,,,,,19.9,19.9,19.9,19.9,19.9,19.9,19.9,19.9,19.9,19.9,19.9,19.9,19.9,19.9,19.9,19.9,19.9,19.9,19.9,19.9,19.9,19.9,19.9,,,,,,,,,,,19.9,19.9,19.9,19.9,19.9,19.9,19.9,19.9,19.9,19.9,19.9,19.9,19.9,19.9,19.9,19.9,19.9,19.9,19.9,19.9,19.9,,,,,19.9,19.9,19.9,19.9,19.9,19.9,19.9,19.9,19.9,19.9,19.9,19.9,19.9,19.9,19.9,19.9,19.9,19.9,19.9,19.9,19.9,19.9,19.9,19.9,19.9,19.9,19.9,19.9,19.9,19.9,19.9,19.9,19.9,19.9,19.9,19.9,19.9,19.9,19.9,19.9,19.9,19.9,19.9,19.9,19.9,19.9,19.9,19.9,19.9,19.9,19.9,19.9,19.9,19.9,19.9,19.9,19.9,19.9,19.9,19.9,19.9,19.9,19.9,19.9,19.9,19.9,19.9,19.9,19.9,19.9,19.9,19.9,19.9,19.9,19.9,,19.9,19.9,19.9,19.9,19.9,19.9,19.9,19.9,19.9,19.9,19.9,19.9,19.9,19.9,19.9,19.9,19.9,19.9,19.9,19.9,19.9,19.9,19.9,19.9,19.9,19.9,19.9,19.9,19.9,19.9,19.9,19.9,20.5,20.5,20.5,20.5,20.5,20.5,20.5,20.5,20.5,20.5,20.5,20.5,20.5,20.5,20.5,20.5,20.5,20.5,20.5,20.5,20.5,20.5,20.5,20.5,20.5,20.5,20.5,20.5,20.5,20.5,20.5,20.5,20.5,20.5,20.5,20.522,20.522,20.522,20.522,20.522,20.522,20.778,20.778,20.778,20.778,20.778,20.778,20.778,20.778,20.778,20.778,20.778,20.778,20.778,20.778,20.778,20.778,20.778,20.778,20.778,20.778,20.778,20.778,20.778,20.778,20.778,20.778,20.778,20.778,20.778,20.778,20.778,20.778,20.778,20.778,20.778,20.778,20.778,20.778,20.778,20.778,20.778,20.778,20.778,20.778,20.778,20.778,20.778,20.778,20.778,20.778,20.778,20.778,20.778,20.778,20.778,20.778,20.778,20.778,20.778,20.778
1951-10-01,20.7,20.7,20.7,20.7,20.7,20.7,20.7,20.7,20.7,20.7,20.7,20.7,20.7,20.7,20.7,20.7,20.7,20.7,20.7,20.7,20.7,20.7,20.7,20.7,20.7,20.7,20.7,20.7,20.7,20.7,20.4,20.4,20.4,20.4,20.4,20.4,20.4,20.4,20.4,20.4,20.4,20.4,20.4,20.4,20.4,20.4,20.4,20.4,20.4,20.4,20.4,20.4,20.4,20.4,20.4,20.4,20.4,20.4,20.4,20.4,20.4,20.4,20.4,20.4,20.4,20.4,20.4,20.4,20.4,20.4,20.4,20.4,20.4,20.4,21.1,21.1,21.1,21.1,21.1,21.1,21.1,21.1,21.1,21.1,21.1,21.1,21.1,21.1,21.1,21.1,21.1,21.1,21.1,21.1,21.1,21.1,21.1,21.1,21.1,21.1,21.1,21.1,21.1,21.1,21.1,21.1,21.1,21.1,21.1,21.1,21.1,21.1,21.1,21.1,21.1,21.1,21.1,21.1,21.1,21.1,21.1,21.1,21.1,21.1,21.1,21.1,21.1,21.1,21.1,21.1,21.1,21.1,21.1,21.1,21.1,21.1,21.1,21.1,21.1,21.1,21.1,21.1,21.1,21.1,21.1,21.1,21.1,21.1,21.1,21.1,21.1,21.1,21.1,21.1,21.1,21.1,21.1,21.1,21.1,21.1,21.1,21.1,21.1,21.1,21.1,21.1,,,,,,,,,,,21.6,21.6,21.6,21.6,21.6,21.6,21.6,21.6,21.6,21.6,21.6,21.6,21.6,21.6,21.6,21.6,21.6,21.6,21.6,21.6,21.6,21.6,21.6,,,,,,,,,,,21.6,21.6,21.6,21.6,21.6,21.6,21.6,21.6,21.6,21.6,21.6,21.6,21.6,21.6,21.6,21.6,21.6,21.6,21.6,21.6,21.6,,,,,21.6,21.6,21.6,21.6,21.6,21.6,21.6,21.6,21.6,21.6,21.6,21.6,21.6,21.6,21.6,21.6,21.6,21.6,21.6,21.6,21.6,21.6,21.6,21.6,21.6,21.6,21.6,21.6,21.6,21.6,21.6,21.6,21.6,21.6,21.6,21.6,21.6,21.6,21.6,21.6,21.6,21.6,21.6,21.6,21.6,21.6,21.6,21.6,21.6,21.6,21.6,21.6,21.6,21.6,21.6,21.6,21.6,21.6,21.6,21.6,21.6,21.6,21.6,21.6,21.6,21.6,21.6,21.6,21.6,21.6,21.6,21.6,21.6,21.6,21.6,,21.6,21.6,21.6,21.6,21.6,21.6,21.6,21.6,21.6,21.6,21.6,21.6,21.6,21.6,21.6,21.6,21.6,21.6,21.6,21.6,21.6,21.6,21.6,21.6,21.6,21.6,21.6,21.6,21.6,21.6,21.6,21.6,22.3,22.3,22.3,22.3,22.3,22.3,22.3,22.3,22.3,22.3,22.3,22.3,22.3,22.3,22.3,22.3,22.3,22.3,22.3,22.3,22.3,22.3,22.3,22.3,22.3,22.3,22.3,22.3,22.3,22.3,22.3,22.3,22.3,22.3,22.3,22.32,22.32,22.32,22.32,22.32,22.32,22.592,22.592,22.592,22.592,22.592,22.592,22.592,22.592,22.592,22.592,22.592,22.592,22.592,22.592,22.592,22.592,22.592,22.592,22.592,22.592,22.592,22.592,22.592,22.592,22.592,22.592,22.592,22.592,22.592,22.592,22.592,22.592,22.592,22.592,22.592,22.592,22.592,22.592,22.592,22.592,22.592,22.592,22.592,22.592,22.592,22.592,22.592,22.592,22.592,22.592,22.592,22.592,22.592,22.592,22.592,22.592,22.592,22.592,22.592,22.592
1952-01-01,20.0,20.0,20.0,20.0,20.0,20.0,20.0,20.0,20.0,20.0,20.0,20.0,20.0,20.0,20.0,20.0,20.0,20.0,20.0,20.0,20.0,20.0,20.0,20.0,20.0,20.0,20.0,20.0,20.0,20.0,19.9,19.9,19.9,19.9,19.9,19.9,19.9,19.9,19.9,19.9,19.9,19.9,19.9,19.9,19.9,19.9,19.9,19.9,19.9,19.9,19.9,19.9,19.9,19.9,19.9,19.9,19.9,19.9,19.9,19.9,19.9,19.9,19.9,19.9,19.9,19.9,19.9,19.9,19.9,19.9,19.9,19.9,19.9,19.9,20.7,20.7,20.7,20.7,20.7,20.7,20.7,20.7,20.7,20.7,20.7,20.7,20.7,20.7,20.7,20.7,20.7,20.7,20.7,20.7,20.7,20.7,20.7,20.7,20.7,20.7,20.7,20.7,20.7,20.7,20.7,20.7,20.7,20.7,20.7,20.7,20.7,20.7,20.7,20.7,20.7,20.6,20.6,20.6,20.6,20.6,20.6,20.6,20.6,20.6,20.6,20.6,20.6,20.6,20.6,20.6,20.6,20.6,20.6,20.6,20.6,20.6,20.6,20.6,20.6,20.6,20.6,20.6,20.6,20.6,20.6,20.6,20.6,20.6,20.6,20.6,20.6,20.6,20.6,20.6,20.6,20.6,20.6,20.6,20.6,20.6,20.6,20.6,20.6,20.6,20.6,20.6,,,,,,,,,,,20.9,20.9,20.9,20.9,20.9,20.9,20.9,20.9,20.9,20.9,20.9,20.9,20.9,20.9,20.9,20.9,20.9,20.9,20.9,20.9,20.9,20.9,20.9,,,,,,,,,,,20.9,20.9,20.9,20.9,20.9,20.9,20.9,20.9,20.9,20.9,20.9,20.9,20.9,20.9,20.9,20.9,20.9,20.9,20.9,20.9,20.9,,,,,20.9,20.9,20.9,20.9,20.9,20.9,20.9,20.9,20.9,20.9,20.9,20.9,20.9,20.9,20.9,20.9,20.9,20.9,20.9,20.9,20.9,20.9,20.9,20.9,20.9,20.9,20.9,20.9,20.9,20.9,20.9,20.9,20.9,20.9,20.9,20.9,20.9,20.9,20.9,20.9,20.9,20.9,20.9,20.9,20.9,20.9,20.9,20.9,20.9,20.9,20.9,20.9,20.9,20.9,20.9,20.9,20.9,20.9,20.9,20.9,20.9,20.9,20.9,20.9,20.9,20.9,20.9,20.9,20.9,20.9,20.9,20.9,20.9,20.9,20.9,,20.9,20.9,20.9,20.9,20.9,20.9,20.9,20.9,20.9,20.9,20.9,20.9,20.9,20.9,20.9,20.9,20.9,20.9,20.9,20.9,20.9,20.9,20.9,20.9,20.9,20.9,20.9,20.9,20.9,20.9,20.9,20.9,21.8,21.8,21.8,21.8,21.8,21.8,21.8,21.8,21.8,21.8,21.8,21.8,21.8,21.8,21.8,21.8,21.8,21.8,21.8,21.8,21.8,21.8,21.8,21.8,21.8,21.8,21.8,21.8,21.8,21.8,21.8,21.8,21.8,21.8,21.8,21.786,21.786,21.786,21.786,21.786,21.786,22.062,22.062,22.062,22.062,22.062,22.062,22.062,22.062,22.062,22.062,22.062,22.062,22.062,22.062,22.062,22.062,22.062,22.062,22.062,22.062,22.062,22.062,22.062,22.062,22.062,22.062,22.062,22.062,22.062,22.062,22.062,22.062,22.062,22.062,22.062,22.062,22.062,22.062,22.062,22.062,22.062,22.062,22.062,22.062,22.062,22.062,22.062,22.062,22.062,22.062,22.062,22.062,22.062,22.062,22.062,22.062,22.062,22.062,22.062,22.062
1952-04-01,18.8,18.8,18.8,18.8,18.8,18.8,18.8,18.8,18.8,18.8,18.8,18.8,18.8,18.8,18.8,18.8,18.8,18.8,18.8,18.8,18.8,18.8,18.8,18.8,18.8,18.8,18.8,18.8,18.8,18.8,18.7,18.7,18.7,18.7,18.7,18.7,18.7,18.7,18.7,18.7,18.7,18.7,18.7,18.7,18.7,18.7,18.7,18.7,18.7,18.7,18.7,18.7,18.7,18.7,18.7,18.7,18.7,18.7,18.7,18.7,18.7,18.7,18.7,18.7,18.7,18.7,18.7,18.7,18.7,18.7,18.7,18.7,18.7,18.7,19.6,19.6,19.6,19.6,19.6,19.6,19.6,19.6,19.6,19.6,19.6,19.6,19.6,19.6,19.6,19.6,19.6,19.6,19.6,19.6,19.6,19.6,19.6,19.6,19.6,19.6,19.6,19.6,19.6,19.6,19.6,19.6,19.6,19.6,19.6,19.6,19.6,19.6,19.6,19.6,19.6,19.5,19.5,19.5,19.5,19.5,19.5,19.5,19.5,19.5,19.5,19.5,19.5,19.5,19.5,19.5,19.5,19.5,19.5,19.5,19.5,19.5,19.5,19.5,19.5,19.5,19.5,19.5,19.5,19.5,19.5,19.5,19.5,19.5,19.5,19.5,19.5,19.5,19.5,19.5,19.5,19.5,19.5,19.5,19.5,19.5,19.5,19.5,19.5,19.5,19.5,19.5,,,,,,,,,,,20.0,20.0,20.0,20.0,20.0,20.0,20.0,20.0,20.0,20.0,20.0,20.0,20.0,20.0,20.0,20.0,20.0,20.0,20.0,20.0,20.0,20.0,20.0,,,,,,,,,,,20.0,20.0,20.0,20.0,20.0,20.0,20.0,20.0,20.0,20.0,20.0,20.0,20.0,20.0,20.0,20.0,20.0,20.0,20.0,20.0,20.0,,,,,20.0,20.0,20.0,20.0,20.0,20.0,20.0,20.0,20.0,20.0,20.0,20.0,20.0,20.0,20.0,20.0,20.0,20.0,20.0,20.0,20.0,20.0,20.0,20.0,20.0,20.0,20.0,20.0,20.0,20.0,20.0,20.0,20.0,20.0,20.0,20.0,20.0,20.0,20.0,20.0,20.0,20.0,20.0,20.0,20.0,20.0,20.0,20.0,20.0,20.0,20.0,20.0,20.0,20.0,20.0,20.0,20.0,20.0,20.0,20.0,20.0,20.0,20.0,20.0,20.0,20.0,20.0,20.0,20.0,20.0,20.0,20.0,20.0,20.0,20.0,,20.0,20.0,20.0,20.0,20.0,20.0,20.0,20.0,20.0,20.0,20.0,20.0,20.0,20.0,20.0,20.0,20.0,20.0,20.0,20.0,20.0,20.0,20.0,20.0,20.0,20.0,20.0,20.0,20.0,20.0,20.0,20.0,21.0,21.0,21.0,21.0,21.0,21.0,21.0,21.0,21.0,21.0,21.0,21.0,21.0,21.0,21.0,21.0,21.0,21.0,21.0,21.0,21.0,21.0,21.0,21.0,21.0,21.0,21.0,21.0,21.0,21.0,21.0,21.0,21.0,21.0,21.0,21.015,21.015,21.015,21.015,21.015,21.015,21.295,21.295,21.295,21.295,21.295,21.295,21.295,21.295,21.295,21.295,21.295,21.295,21.295,21.295,21.295,21.295,21.295,21.295,21.295,21.295,21.295,21.295,21.295,21.295,21.295,21.295,21.295,21.295,21.295,21.295,21.295,21.295,21.295,21.295,21.295,21.295,21.295,21.295,21.295,21.295,21.295,21.295,21.295,21.295,21.295,21.295,21.295,21.295,21.295,21.295,21.295,21.295,21.295,21.295,21.295,21.295,21.295,21.295,21.295,21.295
1952-07-01,18.8,18.8,18.8,18.8,18.8,18.8,18.8,18.8,18.8,18.8,18.8,18.8,18.8,18.8,18.8,18.8,18.8,18.8,18.8,18.8,18.8,18.8,18.8,18.8,18.8,18.8,18.8,18.8,18.8,18.8,18.7,18.7,18.7,18.7,18.7,18.7,18.7,18.7,18.7,18.7,18.7,18.7,18.7,18.7,18.7,18.7,18.7,18.7,18.7,18.7,18.7,18.7,18.7,18.7,18.7,18.7,18.7,18.7,18.7,18.7,18.7,18.7,18.7,18.7,18.7,18.7,18.7,18.7,18.7,18.7,18.7,18.7,18.7,18.7,19.5,19.5,19.5,19.5,19.5,19.5,19.5,19.5,19.5,19.5,19.5,19.5,19.5,19.5,19.5,19.5,19.5,19.5,19.5,19.5,19.5,19.5,19.5,19.5,19.5,19.5,19.5,19.5,19.5,19.5,19.5,19.5,19.5,19.5,19.5,19.5,19.5,19.5,19.5,19.5,19.5,19.5,19.5,19.5,19.5,19.5,19.5,19.5,19.5,19.5,19.5,19.5,19.5,19.5,19.5,19.5,19.5,19.5,19.5,19.5,19.5,19.5,19.5,19.5,19.5,19.5,19.5,19.5,19.5,19.5,19.5,19.5,19.5,19.5,19.5,19.5,19.5,19.5,19.5,19.5,19.5,19.5,19.5,19.5,19.5,19.5,19.5,19.5,19.5,19.5,19.5,19.5,,,,,,,,,,,20.1,20.1,20.1,20.1,20.1,20.1,20.1,20.1,20.1,20.1,20.1,20.1,20.1,20.1,20.1,20.1,20.1,20.1,20.1,20.1,20.1,20.1,20.1,,,,,,,,,,,20.1,20.1,20.1,20.1,20.1,20.1,20.1,20.1,20.1,20.1,20.1,20.1,20.1,20.1,20.1,20.1,20.1,20.1,20.1,20.1,20.1,,,,,20.2,20.2,20.2,20.2,20.2,20.2,20.2,20.2,20.2,20.2,20.2,20.2,20.2,20.2,20.2,20.2,20.2,20.2,20.2,20.2,20.2,20.2,20.2,20.2,20.2,20.2,20.2,20.2,20.2,20.2,20.2,20.2,20.2,20.2,20.2,20.2,20.2,20.2,20.2,20.2,20.2,20.2,20.2,20.2,20.2,20.2,20.2,20.2,20.2,20.2,20.2,20.2,20.2,20.2,20.2,20.2,20.2,20.2,20.2,20.2,20.2,20.2,20.2,20.2,20.2,20.2,20.2,20.2,20.2,20.2,20.2,20.2,20.2,20.2,20.2,,20.2,20.2,20.2,20.2,20.2,20.2,20.2,20.2,20.2,20.2,20.2,20.2,20.2,20.2,20.2,20.2,20.2,20.2,20.2,20.2,20.2,20.2,20.2,20.2,20.2,20.2,20.2,20.2,20.2,20.2,20.2,20.2,21.3,21.3,21.3,21.3,21.3,21.3,21.3,21.3,21.3,21.3,21.3,21.3,21.3,21.3,21.3,21.3,21.3,21.3,21.3,21.3,21.3,21.3,21.3,21.3,21.3,21.3,21.3,21.3,21.3,21.3,21.3,21.3,21.3,21.3,21.3,21.29,21.29,21.29,21.29,21.29,21.29,21.59,21.59,21.59,21.59,21.59,21.59,21.59,21.59,21.59,21.59,21.59,21.59,21.59,21.59,21.59,21.59,21.59,21.59,21.59,21.59,21.59,21.59,21.59,21.59,21.59,21.59,21.59,21.59,21.59,21.59,21.59,21.59,21.59,21.59,21.59,21.59,21.59,21.59,21.59,21.59,21.59,21.59,21.59,21.59,21.59,21.59,21.59,21.59,21.59,21.59,21.59,21.59,21.59,21.59,21.59,21.59,21.59,21.59,21.59,21.59
1952-10-01,20.7,20.7,20.7,20.7,20.7,20.7,20.7,20.7,20.7,20.7,20.7,20.7,20.7,20.7,20.7,20.7,20.7,20.7,20.7,20.7,20.7,20.7,20.7,20.7,20.7,20.7,20.7,20.7,20.7,20.7,20.6,20.6,20.6,20.6,20.6,20.6,20.6,20.6,20.6,20.6,20.6,20.6,20.6,20.6,20.6,20.6,20.6,20.6,20.6,20.6,20.6,20.6,20.6,20.6,20.6,20.6,20.6,20.6,20.6,20.6,20.6,20.6,20.6,20.6,20.6,20.6,20.6,20.6,20.6,20.6,20.6,20.6,20.6,20.6,21.4,21.4,21.4,21.4,21.4,21.4,21.4,21.4,21.4,21.4,21.4,21.4,21.4,21.4,21.4,21.4,21.4,21.4,21.4,21.4,21.4,21.4,21.4,21.4,21.4,21.4,21.4,21.4,21.4,21.4,21.4,21.4,21.4,21.4,21.4,21.4,21.4,21.4,21.4,21.4,21.4,21.4,21.4,21.4,21.4,21.4,21.4,21.4,21.4,21.4,21.4,21.4,21.4,21.4,21.4,21.4,21.4,21.4,21.4,21.4,21.4,21.4,21.4,21.4,21.4,21.4,21.4,21.4,21.4,21.4,21.4,21.4,21.4,21.4,21.4,21.4,21.4,21.4,21.4,21.4,21.4,21.4,21.4,21.4,21.4,21.4,21.4,21.4,21.4,21.4,21.4,21.4,,,,,,,,,,,22.1,22.1,22.1,22.1,22.1,22.1,22.1,22.1,22.1,22.1,22.1,22.1,22.1,22.1,22.1,22.1,22.1,22.1,22.1,22.1,22.1,22.1,22.1,,,,,,,,,,,22.1,22.1,22.1,22.1,22.1,22.1,22.1,22.1,22.1,22.1,22.1,22.1,22.1,22.1,22.1,22.1,22.1,22.1,22.1,22.1,22.1,,,,,22.2,22.2,22.2,22.2,22.2,22.2,22.2,22.2,22.2,22.2,22.2,22.2,22.2,22.2,22.2,22.2,22.2,22.2,22.2,22.2,22.2,22.2,22.2,22.2,22.2,22.2,22.2,22.2,22.2,22.2,22.2,22.2,22.2,22.2,22.2,22.2,22.2,22.2,22.2,22.2,22.2,22.2,22.2,22.2,22.2,22.2,22.2,22.2,22.2,22.2,22.2,22.2,22.2,22.2,22.2,22.2,22.2,22.2,22.2,22.2,22.2,22.2,22.2,22.2,22.2,22.2,22.2,22.2,22.2,22.2,22.2,22.2,22.2,22.2,22.2,,22.2,22.2,22.2,22.2,22.2,22.2,22.2,22.2,22.2,22.2,22.2,22.2,22.2,22.2,22.2,22.2,22.2,22.2,22.2,22.2,22.2,22.2,22.2,22.2,22.2,22.2,22.2,22.2,22.2,22.2,22.2,22.2,23.4,23.4,23.4,23.4,23.4,23.4,23.4,23.4,23.4,23.4,23.4,23.4,23.4,23.4,23.4,23.4,23.4,23.4,23.4,23.4,23.4,23.4,23.4,23.4,23.4,23.4,23.4,23.4,23.4,23.4,23.4,23.4,23.4,23.4,23.4,23.44,23.44,23.44,23.44,23.44,23.44,23.752,23.752,23.752,23.752,23.752,23.752,23.752,23.752,23.752,23.752,23.752,23.752,23.752,23.752,23.752,23.752,23.752,23.752,23.752,23.752,23.752,23.752,23.752,23.752,23.752,23.752,23.752,23.752,23.752,23.752,23.752,23.752,23.752,23.752,23.752,23.752,23.752,23.752,23.752,23.752,23.752,23.752,23.752,23.752,23.752,23.752,23.752,23.752,23.752,23.752,23.752,23.752,23.752,23.752,23.752,23.752,23.752,23.752,23.752,23.752
1953-01-01,21.7,21.7,21.7,21.7,21.7,21.7,21.7,21.7,21.7,21.7,21.7,21.7,21.7,21.7,21.7,21.7,21.7,21.7,21.7,21.7,21.7,21.7,21.7,21.7,21.7,21.7,21.7,21.7,21.7,21.7,21.6,21.6,21.6,21.6,21.6,21.6,21.6,21.6,21.6,21.6,21.6,21.6,21.6,21.6,21.6,21.6,21.6,21.6,21.6,21.6,21.6,21.6,21.6,21.6,21.6,21.6,21.6,21.6,21.6,21.6,21.6,21.6,21.6,21.6,21.6,21.6,21.6,21.6,21.6,21.6,21.6,21.6,21.6,21.6,22.4,22.4,22.4,22.4,22.4,22.4,22.4,22.4,22.4,22.4,22.4,22.4,22.4,22.4,22.4,22.4,22.4,22.4,22.4,22.4,22.4,22.4,22.4,22.4,22.4,22.4,22.4,22.4,22.4,22.4,22.4,22.4,22.4,22.4,22.4,22.4,22.4,22.4,22.4,22.4,22.4,22.3,22.3,22.3,22.3,22.3,22.3,22.3,22.3,22.3,22.3,22.3,22.3,22.3,22.3,22.3,22.3,22.3,22.3,22.3,22.3,22.3,22.3,22.3,22.3,22.3,22.3,22.3,22.3,22.3,22.3,22.3,22.3,22.3,22.3,22.3,22.3,22.3,22.3,22.3,22.3,22.3,22.3,22.3,22.3,22.3,22.3,22.3,22.3,22.3,22.3,22.3,,,,,,,,,,,22.8,22.8,22.8,22.8,22.8,22.8,22.8,22.8,22.8,22.8,22.8,22.8,22.8,22.8,22.8,22.8,22.8,22.8,22.8,22.8,22.8,22.8,22.8,,,,,,,,,,,22.8,22.8,22.8,22.8,22.8,22.8,22.8,22.8,22.8,22.8,22.8,22.8,22.8,22.8,22.8,22.8,22.8,22.8,22.8,22.8,22.8,,,,,22.9,22.9,22.9,22.9,22.9,22.9,22.9,22.9,22.9,22.9,22.9,22.9,22.9,22.9,22.9,22.9,22.9,22.9,22.9,22.9,22.9,22.9,22.9,22.9,22.9,22.9,22.9,22.9,22.9,22.9,22.9,22.9,22.9,22.9,22.9,22.9,22.9,22.9,22.9,22.9,22.9,22.9,22.9,22.9,22.9,22.9,22.9,22.9,22.9,22.9,22.9,22.9,22.9,22.9,22.9,22.9,22.9,22.9,22.9,22.9,22.9,22.9,22.9,22.9,22.9,22.9,22.9,22.9,22.9,22.9,22.9,22.9,22.9,22.9,22.9,,22.9,22.9,22.9,22.9,22.9,22.9,22.9,22.9,22.9,22.9,22.9,22.9,22.9,22.9,22.9,22.9,22.9,22.9,22.9,22.9,22.9,22.9,22.9,22.9,22.9,22.9,22.9,22.9,22.9,22.9,22.9,22.9,24.3,24.3,24.3,24.3,24.3,24.3,24.3,24.3,24.3,24.3,24.3,24.3,24.3,24.3,24.3,24.3,24.3,24.3,24.3,24.3,24.3,24.3,24.3,24.3,24.3,24.3,24.3,24.3,24.3,24.3,24.3,24.3,24.3,24.3,24.3,24.277,24.277,24.277,24.277,24.277,24.277,24.609,24.609,24.609,24.609,24.609,24.609,24.609,24.609,24.609,24.609,24.609,24.609,24.609,24.609,24.609,24.609,24.609,24.609,24.609,24.609,24.609,24.609,24.609,24.609,24.609,24.609,24.609,24.609,24.609,24.609,24.609,24.609,24.609,24.609,24.609,24.609,24.609,24.609,24.609,24.609,24.609,24.609,24.609,24.609,24.609,24.609,24.609,24.609,24.609,24.609,24.609,24.609,24.609,24.609,24.609,24.609,24.609,24.609,24.609,24.609
1953-04-01,21.8,21.8,21.8,21.8,21.8,21.8,21.8,21.8,21.8,21.8,21.8,21.8,21.8,21.8,21.8,21.8,21.8,21.8,21.8,21.8,21.8,21.8,21.8,21.8,21.8,21.8,21.8,21.8,21.8,21.8,21.7,21.7,21.7,21.7,21.7,21.7,21.7,21.7,21.7,21.7,21.7,21.7,21.7,21.7,21.7,21.7,21.7,21.7,21.7,21.7,21.7,21.7,21.7,21.7,21.7,21.7,21.7,21.7,21.7,21.7,21.7,21.7,21.7,21.7,21.7,21.7,21.7,21.7,21.7,21.7,21.7,21.7,21.7,21.7,22.4,22.4,22.4,22.4,22.4,22.4,22.4,22.4,22.4,22.4,22.4,22.4,22.4,22.4,22.4,22.4,22.4,22.4,22.4,22.4,22.4,22.4,22.4,22.4,22.4,22.4,22.4,22.4,22.4,22.4,22.4,22.4,22.4,22.4,22.4,22.4,22.4,22.4,22.4,22.4,22.4,22.4,22.4,22.4,22.4,22.4,22.4,22.4,22.4,22.4,22.4,22.4,22.4,22.4,22.4,22.4,22.4,22.4,22.4,22.4,22.4,22.4,22.4,22.4,22.4,22.4,22.4,22.4,22.4,22.4,22.4,22.4,22.4,22.4,22.4,22.4,22.4,22.4,22.4,22.4,22.4,22.4,22.4,22.4,22.4,22.4,22.4,22.4,22.4,22.4,22.4,22.4,,,,,,,,,,,22.8,22.8,22.8,22.8,22.8,22.8,22.8,22.8,22.8,22.8,22.8,22.8,22.8,22.8,22.8,22.8,22.8,22.8,22.8,22.8,22.8,22.8,22.8,,,,,,,,,,,22.8,22.8,22.8,22.8,22.8,22.8,22.8,22.8,22.8,22.8,22.8,22.8,22.8,22.8,22.8,22.8,22.8,22.8,22.8,22.8,22.8,,,,,22.8,22.8,22.8,22.8,22.8,22.8,22.8,22.8,22.8,22.8,22.8,22.8,22.8,22.8,22.8,22.8,22.8,22.8,22.8,22.8,22.8,22.8,22.8,22.8,22.8,22.8,22.8,22.8,22.8,22.8,22.8,22.8,22.8,22.8,22.8,22.8,22.8,22.8,22.8,22.8,22.8,22.8,22.8,22.8,22.8,22.8,22.8,22.8,22.8,22.8,22.8,22.8,22.8,22.8,22.8,22.8,22.8,22.8,22.8,22.8,22.8,22.8,22.8,22.8,22.8,22.8,22.8,22.8,22.8,22.8,22.8,22.8,22.8,22.8,22.8,,22.8,22.8,22.8,22.8,22.8,22.8,22.8,22.8,22.8,22.8,22.8,22.8,22.8,22.8,22.8,22.8,22.8,22.8,22.8,22.8,22.8,22.8,22.8,22.8,22.8,22.8,22.8,22.8,22.8,22.8,22.8,22.8,24.3,24.3,24.3,24.3,24.3,24.3,24.3,24.3,24.3,24.3,24.3,24.3,24.3,24.3,24.3,24.3,24.3,24.3,24.3,24.3,24.3,24.3,24.3,24.3,24.3,24.3,24.3,24.3,24.3,24.3,24.3,24.3,24.3,24.3,24.3,24.31,24.31,24.31,24.31,24.31,24.31,24.658,24.658,24.658,24.658,24.658,24.658,24.658,24.658,24.658,24.658,24.658,24.658,24.658,24.658,24.658,24.658,24.658,24.658,24.658,24.658,24.658,24.658,24.658,24.658,24.658,24.658,24.658,24.658,24.658,24.658,24.658,24.658,24.658,24.658,24.658,24.658,24.658,24.658,24.658,24.658,24.658,24.658,24.658,24.658,24.658,24.658,24.658,24.658,24.658,24.658,24.658,24.658,24.658,24.658,24.658,24.658,24.658,24.658,24.658,24.658
1953-07-01,21.3,21.3,21.3,21.3,21.3,21.3,21.3,21.3,21.3,21.3,21.3,21.3,21.3,21.3,21.3,21.3,21.3,21.3,21.3,21.3,21.3,21.3,21.3,21.3,21.3,21.3,21.3,21.3,21.3,21.3,21.2,21.2,21.2,21.2,21.2,21.2,21.2,21.2,21.2,21.2,21.2,21.2,21.2,21.2,21.2,21.2,21.2,21.2,21.2,21.2,21.2,21.2,21.2,21.2,21.2,21.2,21.2,21.2,21.2,21.2,21.2,21.2,21.2,21.2,21.2,21.2,21.2,21.2,21.2,21.2,21.2,21.2,21.2,21.2,21.8,21.8,21.8,21.8,21.8,21.8,21.8,21.8,21.8,21.8,21.8,21.8,21.8,21.8,21.8,21.8,21.8,21.8,21.8,21.8,21.8,21.8,21.8,21.8,21.8,21.8,21.8,21.8,21.8,21.8,21.8,21.8,21.8,21.8,21.8,21.8,21.8,21.8,21.8,21.8,21.8,21.8,21.8,21.8,21.8,21.8,21.8,21.8,21.8,21.8,21.8,21.8,21.8,21.8,21.8,21.8,21.8,21.8,21.8,21.8,21.8,21.8,21.8,21.8,21.8,21.8,21.8,21.8,21.8,21.8,21.8,21.8,21.8,21.8,21.8,21.8,21.8,21.8,21.8,21.8,21.8,21.8,21.8,21.8,21.8,21.8,21.8,21.8,21.8,21.8,21.8,21.8,,,,,,,,,,,22.2,22.2,22.2,22.2,22.2,22.2,22.2,22.2,22.2,22.2,22.2,22.2,22.2,22.2,22.2,22.2,22.2,22.2,22.2,22.2,22.2,22.2,22.2,,,,,,,,,,,22.2,22.2,22.2,22.2,22.2,22.2,22.2,22.2,22.2,22.2,22.2,22.2,22.2,22.2,22.2,22.2,22.2,22.2,22.2,22.2,22.2,,,,,22.3,22.3,22.3,22.3,22.3,22.3,22.3,22.3,22.3,22.3,22.3,22.3,22.3,22.3,22.3,22.3,22.3,22.3,22.3,22.3,22.3,22.3,22.3,22.3,22.3,22.3,22.3,22.3,22.3,22.3,22.3,22.3,22.3,22.3,22.3,22.3,22.3,22.3,22.3,22.3,22.3,22.3,22.3,22.3,22.3,22.3,22.3,22.3,22.3,22.3,22.3,22.3,22.3,22.3,22.3,22.3,22.3,22.3,22.3,22.3,22.3,22.3,22.3,22.3,22.3,22.3,22.3,22.3,22.3,22.3,22.3,22.3,22.3,22.3,22.3,,22.3,22.3,22.3,22.3,22.3,22.3,22.3,22.3,22.3,22.3,22.3,22.3,22.3,22.3,22.3,22.3,22.3,22.3,22.3,22.3,22.3,22.3,22.3,22.3,22.3,22.3,22.3,22.3,22.3,22.3,22.3,22.3,23.8,23.8,23.8,23.8,23.8,23.8,23.8,23.8,23.8,23.8,23.8,23.8,23.8,23.8,23.8,23.8,23.8,23.8,23.8,23.8,23.8,23.8,23.8,23.8,23.8,23.8,23.8,23.8,23.8,23.8,23.8,23.8,23.8,23.8,23.8,23.845,23.845,23.845,23.845,23.845,23.845,24.201,24.201,24.201,24.201,24.201,24.201,24.201,24.201,24.201,24.201,24.201,24.201,24.201,24.201,24.201,24.201,24.201,24.201,24.201,24.201,24.201,24.201,24.201,24.201,24.201,24.201,24.201,24.201,24.201,24.201,24.201,24.201,24.201,24.201,24.201,24.201,24.201,24.201,24.201,24.201,24.201,24.201,24.201,24.201,24.201,24.201,24.201,24.201,24.201,24.201,24.201,24.201,24.201,24.201,24.201,24.201,24.201,24.201,24.201,24.201
1953-10-01,16.6,16.6,16.6,16.6,16.6,16.6,16.6,16.6,16.6,16.6,16.6,16.6,16.6,16.6,16.6,16.6,16.6,16.6,16.6,16.6,16.6,16.6,16.6,16.6,16.6,16.6,16.6,16.6,16.6,16.6,16.5,16.5,16.5,16.5,16.5,16.5,16.5,16.5,16.5,16.5,16.5,16.5,16.5,16.5,16.5,16.5,16.5,16.5,16.5,16.5,16.5,16.5,16.5,16.5,16.5,16.5,16.5,16.5,16.5,16.5,16.5,16.5,16.5,16.5,16.5,16.5,16.5,16.5,16.5,16.5,16.5,16.5,16.5,16.5,17.1,17.1,17.1,17.1,17.1,17.1,17.1,17.1,17.1,17.1,17.1,17.1,17.1,17.1,17.1,17.1,17.1,17.1,17.1,17.1,17.1,17.1,17.1,17.1,17.1,17.1,17.1,17.1,17.1,17.1,17.1,17.1,17.1,17.1,17.1,17.1,17.1,17.1,17.1,17.1,17.1,17.1,17.1,17.1,17.1,17.1,17.1,17.1,17.1,17.1,17.1,17.1,17.1,17.1,17.1,17.1,17.1,17.1,17.1,17.1,17.1,17.1,17.1,17.1,17.1,17.1,17.1,17.1,17.1,17.1,17.1,17.1,17.1,17.1,17.1,17.1,17.1,17.1,17.1,17.1,17.1,17.1,17.1,17.1,17.1,17.1,17.1,17.1,17.1,17.1,17.1,17.1,,,,,,,,,,,17.4,17.4,17.4,17.4,17.4,17.4,17.4,17.4,17.4,17.4,17.4,17.4,17.4,17.4,17.4,17.4,17.4,17.4,17.4,17.4,17.4,17.4,17.4,,,,,,,,,,,17.4,17.4,17.4,17.4,17.4,17.4,17.4,17.4,17.4,17.4,17.4,17.4,17.4,17.4,17.4,17.4,17.4,17.4,17.4,17.4,17.4,,,,,17.5,17.5,17.5,17.5,17.5,17.5,17.5,17.5,17.5,17.5,17.5,17.5,17.5,17.5,17.5,17.5,17.5,17.5,17.5,17.5,17.5,17.5,17.5,17.5,17.5,17.5,17.5,17.5,17.5,17.5,17.5,17.5,17.5,17.5,17.5,17.5,17.5,17.5,17.5,17.5,17.5,17.5,17.5,17.5,17.5,17.5,17.5,17.5,17.5,17.5,17.5,17.5,17.5,17.5,17.5,17.5,17.5,17.5,17.5,17.5,17.5,17.5,17.5,17.5,17.5,17.5,17.5,17.5,17.5,17.5,17.5,17.5,17.5,17.5,17.5,,17.5,17.5,17.5,17.5,17.5,17.5,17.5,17.5,17.5,17.5,17.5,17.5,17.5,17.5,17.5,17.5,17.5,17.5,17.5,17.5,17.5,17.5,17.5,17.5,17.5,17.5,17.5,17.5,17.5,17.5,17.5,17.5,19.0,19.0,19.0,19.0,19.0,19.0,19.0,19.0,19.0,19.0,19.0,19.0,19.0,19.0,19.0,19.0,19.0,19.0,19.0,19.0,19.0,19.0,19.0,19.0,19.0,19.0,19.0,19.0,19.0,19.0,19.0,19.0,19.0,19.0,19.0,19.015,19.015,19.015,19.015,19.015,19.015,19.351,19.351,19.351,19.351,19.351,19.351,19.351,19.351,19.351,19.351,19.351,19.351,19.351,19.351,19.351,19.351,19.351,19.351,19.351,19.351,19.351,19.351,19.351,19.351,19.351,19.351,19.351,19.351,19.351,19.351,19.351,19.351,19.351,19.351,19.351,19.351,19.351,19.351,19.351,19.351,19.351,19.351,19.351,19.351,19.351,19.351,19.351,19.351,19.351,19.351,19.351,19.351,19.351,19.351,19.351,19.351,19.351,19.351,19.351,19.351
1954-01-01,19.1,19.1,19.1,19.1,19.1,19.1,19.1,19.1,19.1,19.1,19.1,19.1,19.1,19.1,19.1,19.1,19.1,19.1,19.1,19.1,19.1,19.1,19.1,19.1,19.1,19.1,19.1,19.1,19.1,19.1,19.1,19.1,19.1,19.1,19.1,19.1,19.1,19.1,19.1,19.1,19.1,19.1,19.1,19.1,19.1,19.1,19.1,19.1,19.1,19.1,19.1,19.1,19.1,19.1,19.1,19.1,19.1,19.1,19.1,19.1,19.1,19.1,19.1,19.1,19.1,19.1,19.1,19.1,19.1,19.1,19.1,19.1,19.1,19.1,19.6,19.6,19.6,19.6,19.6,19.6,19.6,19.6,19.6,19.6,19.6,19.6,19.6,19.6,19.6,19.6,19.6,19.6,19.6,19.6,19.6,19.6,19.6,19.6,19.6,19.6,19.6,19.6,19.6,19.6,19.6,19.6,19.6,19.6,19.6,19.6,19.6,19.6,19.6,19.6,19.6,19.6,19.6,19.6,19.6,19.6,19.6,19.6,19.6,19.6,19.6,19.6,19.6,19.6,19.6,19.6,19.6,19.6,19.6,19.6,19.6,19.6,19.6,19.6,19.6,19.6,19.6,19.6,19.6,19.6,19.6,19.6,19.6,19.6,19.6,19.6,19.6,19.6,19.6,19.6,19.6,19.6,19.6,19.6,19.6,19.6,19.6,19.6,19.6,19.6,19.6,19.6,,,,,,,,,,,20.0,20.0,20.0,20.0,20.0,20.0,20.0,20.0,20.0,20.0,20.0,20.0,20.0,20.0,20.0,20.0,20.0,20.0,20.0,20.0,20.0,20.0,20.0,,,,,,,,,,,20.0,20.0,20.0,20.0,20.0,20.0,20.0,20.0,20.0,20.0,20.0,20.0,20.0,20.0,20.0,20.0,20.0,20.0,20.0,20.0,20.0,,,,,20.1,20.1,20.1,20.1,20.1,20.1,20.1,20.1,20.1,20.1,20.1,20.1,20.1,20.1,20.1,20.1,20.1,20.1,20.1,20.1,20.1,20.1,20.1,20.1,20.1,20.1,20.1,20.1,20.1,20.1,20.1,20.1,20.1,20.1,20.1,20.1,20.1,20.1,20.1,20.1,20.1,20.1,20.1,20.1,20.1,20.1,20.1,20.1,20.1,20.1,20.1,20.1,20.1,20.1,20.1,20.1,20.1,20.1,20.1,20.1,20.1,20.1,20.1,20.1,20.1,20.1,20.1,20.1,20.1,20.1,20.1,20.1,20.1,20.1,20.1,,20.1,20.1,20.1,20.1,20.1,20.1,20.1,20.1,20.1,20.1,20.1,20.1,20.1,20.1,20.1,20.1,20.1,20.1,20.1,20.1,20.1,20.1,20.1,20.1,20.1,20.1,20.1,20.1,20.1,20.1,20.1,20.1,21.6,21.6,21.6,21.6,21.6,21.6,21.6,21.6,21.6,21.6,21.6,21.6,21.6,21.6,21.6,21.6,21.6,21.6,21.6,21.6,21.6,21.6,21.6,21.6,21.6,21.6,21.6,21.6,21.6,21.6,21.6,21.6,21.6,21.6,21.6,21.615,21.615,21.615,21.615,21.615,21.615,21.923,21.923,21.923,21.923,21.923,21.923,21.923,21.923,21.923,21.923,21.923,21.923,21.923,21.923,21.923,21.923,21.923,21.923,21.923,21.923,21.923,21.923,21.923,21.923,21.923,21.923,21.923,21.923,21.923,21.923,21.923,21.923,21.923,21.923,21.923,21.923,21.923,21.923,21.923,21.923,21.923,21.923,21.923,21.923,21.923,21.923,21.923,21.923,21.923,21.923,21.923,21.923,21.923,21.923,21.923,21.923,21.923,21.923,21.923,21.923
1954-04-01,19.7,19.7,19.7,19.7,19.7,19.7,19.7,19.7,19.7,19.7,19.7,19.7,19.7,19.7,19.7,19.7,19.7,19.7,19.7,19.7,19.7,19.7,19.7,19.7,19.7,19.7,19.7,19.7,19.7,19.7,19.7,19.7,19.7,19.7,19.7,19.7,19.7,19.7,19.7,19.7,19.7,19.7,19.7,19.7,19.7,19.7,19.7,19.7,19.7,19.7,19.7,19.7,19.7,19.7,19.7,19.7,19.7,19.7,19.7,19.7,19.7,19.7,19.7,19.7,19.7,19.7,19.7,19.7,19.7,19.7,19.7,19.7,19.7,19.7,20.2,20.2,20.2,20.2,20.2,20.2,20.2,20.2,20.2,20.2,20.2,20.2,20.2,20.2,20.2,20.2,20.2,20.2,20.2,20.2,20.2,20.2,20.2,20.2,20.2,20.2,20.2,20.2,20.2,20.2,20.2,20.2,20.2,20.2,20.2,20.2,20.2,20.2,20.2,20.2,20.2,20.2,20.2,20.2,20.2,20.2,20.2,20.2,20.2,20.2,20.2,20.2,20.2,20.2,20.2,20.2,20.2,20.2,20.2,20.2,20.2,20.2,20.2,20.2,20.2,20.2,20.2,20.2,20.2,20.2,20.2,20.2,20.2,20.2,20.2,20.2,20.2,20.2,20.2,20.2,20.2,20.2,20.2,20.2,20.2,20.2,20.2,20.2,20.2,20.2,20.2,20.2,,,,,,,,,,,20.6,20.6,20.6,20.6,20.6,20.6,20.6,20.6,20.6,20.6,20.6,20.6,20.6,20.6,20.6,20.6,20.6,20.6,20.6,20.6,20.6,20.6,20.6,,,,,,,,,,,20.6,20.6,20.6,20.6,20.6,20.6,20.6,20.6,20.6,20.6,20.6,20.6,20.6,20.6,20.6,20.6,20.6,20.6,20.6,20.6,20.6,,,,,20.8,20.8,20.8,20.8,20.8,20.8,20.8,20.8,20.8,20.8,20.8,20.8,20.8,20.8,20.8,20.8,20.8,20.8,20.8,20.8,20.8,20.8,20.8,20.8,20.8,20.8,20.8,20.8,20.8,20.8,20.8,20.8,20.8,20.8,20.8,20.8,20.8,20.8,20.8,20.8,20.8,20.8,20.8,20.8,20.8,20.8,20.8,20.8,20.8,20.8,20.8,20.8,20.8,20.8,20.8,20.8,20.8,20.8,20.8,20.8,20.8,20.8,20.8,20.8,20.8,20.8,20.8,20.8,20.8,20.8,20.8,20.8,20.8,20.8,20.8,,20.8,20.8,20.8,20.8,20.8,20.8,20.8,20.8,20.8,20.8,20.8,20.8,20.8,20.8,20.8,20.8,20.8,20.8,20.8,20.8,20.8,20.8,20.8,20.8,20.8,20.8,20.8,20.8,20.8,20.8,20.8,20.8,22.2,22.2,22.2,22.2,22.2,22.2,22.2,22.2,22.2,22.2,22.2,22.2,22.2,22.2,22.2,22.2,22.2,22.2,22.2,22.2,22.2,22.2,22.2,22.2,22.2,22.2,22.2,22.2,22.2,22.2,22.2,22.2,22.2,22.2,22.2,22.237,22.237,22.237,22.237,22.237,22.237,22.529,22.529,22.529,22.529,22.529,22.529,22.529,22.529,22.529,22.529,22.529,22.529,22.529,22.529,22.529,22.529,22.529,22.529,22.529,22.529,22.529,22.529,22.529,22.529,22.529,22.529,22.529,22.529,22.529,22.529,22.529,22.529,22.529,22.529,22.529,22.529,22.529,22.529,22.529,22.529,22.529,22.529,22.529,22.529,22.529,22.529,22.529,22.529,22.529,22.529,22.529,22.529,22.529,22.529,22.529,22.529,22.529,22.529,22.529,22.529
1954-07-01,20.9,20.9,20.9,20.9,20.9,20.9,20.9,20.9,20.9,20.9,20.9,20.9,20.9,20.9,20.9,20.9,20.9,20.9,20.9,20.9,20.9,20.9,20.9,20.9,20.9,20.9,20.9,20.9,20.9,20.9,20.8,20.8,20.8,20.8,20.8,20.8,20.8,20.8,20.8,20.8,20.8,20.8,20.8,20.8,20.8,20.8,20.8,20.8,20.8,20.8,20.8,20.8,20.8,20.8,20.8,20.8,20.8,20.8,20.8,20.8,20.8,20.8,20.8,20.8,20.8,20.8,20.8,20.8,20.8,20.8,20.8,20.8,20.8,20.8,21.4,21.4,21.4,21.4,21.4,21.4,21.4,21.4,21.4,21.4,21.4,21.4,21.4,21.4,21.4,21.4,21.4,21.4,21.4,21.4,21.4,21.4,21.4,21.4,21.4,21.4,21.4,21.4,21.4,21.4,21.4,21.4,21.4,21.4,21.4,21.4,21.4,21.4,21.4,21.4,21.4,21.4,21.4,21.4,21.4,21.4,21.4,21.4,21.4,21.4,21.4,21.4,21.4,21.4,21.4,21.4,21.4,21.4,21.4,21.4,21.4,21.4,21.4,21.4,21.4,21.4,21.4,21.4,21.4,21.4,21.4,21.4,21.4,21.4,21.4,21.4,21.4,21.4,21.4,21.4,21.4,21.4,21.4,21.4,21.4,21.4,21.4,21.4,21.4,21.4,21.4,21.4,,,,,,,,,,,22.0,22.0,22.0,22.0,22.0,22.0,22.0,22.0,22.0,22.0,22.0,22.0,22.0,22.0,22.0,22.0,22.0,22.0,22.0,22.0,22.0,22.0,22.0,,,,,,,,,,,22.0,22.0,22.0,22.0,22.0,22.0,22.0,22.0,22.0,22.0,22.0,22.0,22.0,22.0,22.0,22.0,22.0,22.0,22.0,22.0,22.0,,,,,22.1,22.1,22.1,22.1,22.1,22.1,22.1,22.1,22.1,22.1,22.1,22.1,22.1,22.1,22.1,22.1,22.1,22.1,22.1,22.1,22.1,22.1,22.1,22.1,22.1,22.1,22.1,22.1,22.1,22.1,22.1,22.1,22.1,22.1,22.1,22.1,22.1,22.1,22.1,22.1,22.1,22.1,22.1,22.1,22.1,22.1,22.1,22.1,22.1,22.1,22.1,22.1,22.1,22.1,22.1,22.1,22.1,22.1,22.1,22.1,22.1,22.1,22.1,22.1,22.1,22.1,22.1,22.1,22.1,22.1,22.1,22.1,22.1,22.1,22.1,,22.1,22.1,22.1,22.1,22.1,22.1,22.1,22.1,22.1,22.1,22.1,22.1,22.1,22.1,22.1,22.1,22.1,22.1,22.1,22.1,22.1,22.1,22.1,22.1,22.1,22.1,22.1,22.1,22.1,22.1,22.1,22.1,23.6,23.6,23.6,23.6,23.6,23.6,23.6,23.6,23.6,23.6,23.6,23.6,23.6,23.6,23.6,23.6,23.6,23.6,23.6,23.6,23.6,23.6,23.6,23.6,23.6,23.6,23.6,23.6,23.6,23.6,23.6,23.6,23.6,23.6,23.6,23.553,23.553,23.553,23.553,23.553,23.553,23.813,23.813,23.813,23.813,23.813,23.813,23.813,23.813,23.813,23.813,23.813,23.813,23.813,23.813,23.813,23.813,23.813,23.813,23.813,23.813,23.813,23.813,23.813,23.813,23.813,23.813,23.813,23.813,23.813,23.813,23.813,23.813,23.813,23.813,23.813,23.813,23.813,23.813,23.813,23.813,23.813,23.813,23.813,23.813,23.813,23.813,23.813,23.813,23.813,23.813,23.813,23.813,23.813,23.813,23.813,23.813,23.813,23.813,23.813,23.813
1954-10-01,22.5,22.5,22.5,22.5,22.5,22.5,22.5,22.5,22.5,22.5,22.5,22.5,22.5,22.5,22.5,22.5,22.5,22.5,22.5,22.5,22.5,22.5,22.5,22.5,22.5,22.5,22.5,22.5,22.5,22.5,22.4,22.4,22.4,22.4,22.4,22.4,22.4,22.4,22.4,22.4,22.4,22.4,22.4,22.4,22.4,22.4,22.4,22.4,22.4,22.4,22.4,22.4,22.4,22.4,22.4,22.4,22.4,22.4,22.4,22.4,22.4,22.4,22.4,22.4,22.4,22.4,22.4,22.4,22.4,22.4,22.4,22.4,22.4,22.4,23.0,23.0,23.0,23.0,23.0,23.0,23.0,23.0,23.0,23.0,23.0,23.0,23.0,23.0,23.0,23.0,23.0,23.0,23.0,23.0,23.0,23.0,23.0,23.0,23.0,23.0,23.0,23.0,23.0,23.0,23.0,23.0,23.0,23.0,23.0,23.0,23.0,23.0,23.0,23.0,23.0,23.0,23.0,23.0,23.0,23.0,23.0,23.0,23.0,23.0,23.0,23.0,23.0,23.0,23.0,23.0,23.0,23.0,23.0,23.0,23.0,23.0,23.0,23.0,23.0,23.0,23.0,23.0,23.0,23.0,23.0,23.0,23.0,23.0,23.0,23.0,23.0,23.0,23.0,23.0,23.0,23.0,23.0,23.0,23.0,23.0,23.0,23.0,23.0,23.0,23.0,23.0,,,,,,,,,,,23.7,23.7,23.7,23.7,23.7,23.7,23.7,23.7,23.7,23.7,23.7,23.7,23.7,23.7,23.7,23.7,23.7,23.7,23.7,23.7,23.7,23.7,23.7,,,,,,,,,,,23.7,23.7,23.7,23.7,23.7,23.7,23.7,23.7,23.7,23.7,23.7,23.7,23.7,23.7,23.7,23.7,23.7,23.7,23.7,23.7,23.7,,,,,23.8,23.8,23.8,23.8,23.8,23.8,23.8,23.8,23.8,23.8,23.8,23.8,23.8,23.8,23.8,23.8,23.8,23.8,23.8,23.8,23.8,23.8,23.8,23.8,23.8,23.8,23.8,23.8,23.8,23.8,23.8,23.8,23.8,23.8,23.8,23.8,23.8,23.8,23.8,23.8,23.8,23.8,23.8,23.8,23.8,23.8,23.8,23.8,23.8,23.8,23.8,23.8,23.8,23.8,23.8,23.8,23.8,23.8,23.8,23.8,23.8,23.8,23.8,23.8,23.8,23.8,23.8,23.8,23.8,23.8,23.8,23.8,23.8,23.8,23.8,,23.8,23.8,23.8,23.8,23.8,23.8,23.8,23.8,23.8,23.8,23.8,23.8,23.8,23.8,23.8,23.8,23.8,23.8,23.8,23.8,23.8,23.8,23.8,23.8,23.8,23.8,23.8,23.8,23.8,23.8,23.8,23.8,25.3,25.3,25.3,25.3,25.3,25.3,25.3,25.3,25.3,25.3,25.3,25.3,25.3,25.3,25.3,25.3,25.3,25.3,25.3,25.3,25.3,25.3,25.3,25.3,25.3,25.3,25.3,25.3,25.3,25.3,25.3,25.3,25.3,25.3,25.3,25.271,25.271,25.271,25.271,25.271,25.271,25.515,25.515,25.515,25.515,25.515,25.515,25.515,25.515,25.515,25.515,25.515,25.515,25.515,25.515,25.515,25.515,25.515,25.515,25.515,25.515,25.515,25.515,25.515,25.515,25.515,25.515,25.515,25.515,25.515,25.515,25.515,25.515,25.515,25.515,25.515,25.515,25.515,25.515,25.515,25.515,25.515,25.515,25.515,25.515,25.515,25.515,25.515,25.515,25.515,25.515,25.515,25.515,25.515,25.515,25.515,25.515,25.515,25.515,25.515,25.515
1955-01-01,26.1,26.1,26.1,26.1,26.1,26.1,26.1,26.1,26.1,26.1,26.1,26.1,26.1,26.1,26.1,26.1,26.1,26.1,26.1,26.1,26.1,26.1,26.1,26.1,26.1,26.1,26.1,26.1,26.1,26.1,25.6,25.6,25.6,25.6,25.6,25.6,25.6,25.6,25.6,25.6,25.6,25.6,25.6,25.6,25.6,25.6,25.6,25.6,25.6,25.6,25.6,25.6,25.6,25.6,25.6,25.6,25.6,25.6,25.6,25.6,25.6,25.6,25.6,25.6,25.6,25.6,25.6,25.6,25.6,25.6,25.6,25.6,25.6,25.6,26.3,26.3,26.3,26.3,26.3,26.3,26.3,26.3,26.3,26.3,26.3,26.3,26.3,26.3,26.3,26.3,26.3,26.3,26.3,26.3,26.3,26.3,26.3,26.3,26.3,26.3,26.3,26.3,26.3,26.3,26.3,26.3,26.3,26.3,26.3,26.3,26.3,26.3,26.3,26.3,26.3,26.2,26.2,26.2,26.2,26.2,26.2,26.2,26.2,26.2,26.2,26.2,26.2,26.2,26.2,26.2,26.2,26.2,26.2,26.2,26.2,26.2,26.2,26.2,26.2,26.2,26.2,26.2,26.2,26.2,26.2,26.2,26.2,26.2,26.2,26.2,26.2,26.2,26.2,26.2,26.2,26.2,26.2,26.2,26.2,26.2,26.2,26.2,26.2,26.2,26.2,26.2,,,,,,,,,,,26.8,26.8,26.8,26.8,26.8,26.8,26.8,26.8,26.8,26.8,26.8,26.8,26.8,26.8,26.8,26.8,26.8,26.8,26.8,26.8,26.8,26.8,26.8,,,,,,,,,,,26.8,26.8,26.8,26.8,26.8,26.8,26.8,26.8,26.8,26.8,26.8,26.8,26.8,26.8,26.8,26.8,26.8,26.8,26.8,26.8,26.8,,,,,27.0,27.0,27.0,27.0,27.0,27.0,27.0,27.0,27.0,27.0,27.0,27.0,27.0,27.0,27.0,27.0,27.0,27.0,27.0,27.0,27.0,27.0,27.0,27.0,27.0,27.0,27.0,27.0,27.0,27.0,27.0,27.0,27.0,27.0,27.0,27.0,27.0,27.0,27.0,27.0,27.0,27.0,27.0,27.0,27.0,27.0,27.0,27.0,27.0,27.0,27.0,27.0,27.0,27.0,27.0,27.0,27.0,27.0,27.0,27.0,27.0,27.0,27.0,27.0,27.0,27.0,27.0,27.0,27.0,27.0,27.0,27.0,27.0,27.0,27.0,,27.0,27.0,27.0,27.0,27.0,27.0,27.0,27.0,27.0,27.0,27.0,27.0,27.0,27.0,27.0,27.0,27.0,27.0,27.0,27.0,27.0,27.0,27.0,27.0,27.0,27.0,27.0,27.0,27.0,27.0,27.0,27.0,28.4,28.4,28.4,28.4,28.4,28.4,28.4,28.4,28.4,28.4,28.4,28.4,28.4,28.4,28.4,28.4,28.4,28.4,28.4,28.4,28.4,28.4,28.4,28.4,28.4,28.4,28.4,28.4,28.4,28.4,28.4,28.4,28.4,28.4,28.4,28.371,28.371,28.371,28.371,28.371,28.371,28.583,28.583,28.583,28.583,28.583,28.583,28.583,28.583,28.583,28.583,28.583,28.583,28.583,28.583,28.583,28.583,28.583,28.583,28.583,28.583,28.583,28.583,28.583,28.583,28.583,28.583,28.583,28.583,28.583,28.583,28.583,28.583,28.583,28.583,28.583,28.583,28.583,28.583,28.583,28.583,28.583,28.583,28.583,28.583,28.583,28.583,28.583,28.583,28.583,28.583,28.583,28.583,28.583,28.583,28.583,28.583,28.583,28.583,28.583,28.583
1955-04-01,26.5,26.5,26.5,26.5,26.5,26.5,26.5,26.5,26.5,26.5,26.5,26.5,26.5,26.5,26.5,26.5,26.5,26.5,26.5,26.5,26.5,26.5,26.5,26.5,26.5,26.5,26.5,26.5,26.5,26.5,26.0,26.0,26.0,26.0,26.0,26.0,26.0,26.0,26.0,26.0,26.0,26.0,26.0,26.0,26.0,26.0,26.0,26.0,26.0,26.0,26.0,26.0,26.0,26.0,26.0,26.0,26.0,26.0,26.0,26.0,26.0,26.0,26.0,26.0,26.0,26.0,26.0,26.0,26.0,26.0,26.0,26.0,26.0,26.0,26.7,26.7,26.7,26.7,26.7,26.7,26.7,26.7,26.7,26.7,26.7,26.7,26.7,26.7,26.7,26.7,26.7,26.7,26.7,26.7,26.7,26.7,26.7,26.7,26.7,26.7,26.7,26.7,26.7,26.7,26.7,26.7,26.7,26.7,26.7,26.7,26.7,26.7,26.7,26.7,26.7,26.6,26.6,26.6,26.6,26.6,26.6,26.6,26.6,26.6,26.6,26.6,26.6,26.6,26.6,26.6,26.6,26.6,26.6,26.6,26.6,26.6,26.6,26.6,26.6,26.6,26.6,26.6,26.6,26.6,26.6,26.6,26.6,26.6,26.6,26.6,26.6,26.6,26.6,26.6,26.6,26.6,26.6,26.6,26.6,26.6,26.6,26.6,26.6,26.6,26.6,26.6,,,,,,,,,,,27.2,27.2,27.2,27.2,27.2,27.2,27.2,27.2,27.2,27.2,27.2,27.2,27.2,27.2,27.2,27.2,27.2,27.2,27.2,27.2,27.2,27.2,27.2,,,,,,,,,,,27.2,27.2,27.2,27.2,27.2,27.2,27.2,27.2,27.2,27.2,27.2,27.2,27.2,27.2,27.2,27.2,27.2,27.2,27.2,27.2,27.2,,,,,27.4,27.4,27.4,27.4,27.4,27.4,27.4,27.4,27.4,27.4,27.4,27.4,27.4,27.4,27.4,27.4,27.4,27.4,27.4,27.4,27.4,27.4,27.4,27.4,27.4,27.4,27.4,27.4,27.4,27.4,27.4,27.4,27.4,27.4,27.4,27.4,27.4,27.4,27.4,27.4,27.4,27.4,27.4,27.4,27.4,27.4,27.4,27.4,27.4,27.4,27.4,27.4,27.4,27.4,27.4,27.4,27.4,27.4,27.4,27.4,27.4,27.4,27.4,27.4,27.4,27.4,27.4,27.4,27.4,27.4,27.4,27.4,27.4,27.4,27.4,,27.4,27.4,27.4,27.4,27.4,27.4,27.4,27.4,27.4,27.4,27.4,27.4,27.4,27.4,27.4,27.4,27.4,27.4,27.4,27.4,27.4,27.4,27.4,27.4,27.4,27.4,27.4,27.4,27.4,27.4,27.4,27.4,28.8,28.8,28.8,28.8,28.8,28.8,28.8,28.8,28.8,28.8,28.8,28.8,28.8,28.8,28.8,28.8,28.8,28.8,28.8,28.8,28.8,28.8,28.8,28.8,28.8,28.8,28.8,28.8,28.8,28.8,28.8,28.8,28.8,28.8,28.8,28.836,28.836,28.836,28.836,28.836,28.836,29.064,29.064,29.064,29.064,29.064,29.064,29.064,29.064,29.064,29.064,29.064,29.064,29.064,29.064,29.064,29.064,29.064,29.064,29.064,29.064,29.064,29.064,29.064,29.064,29.064,29.064,29.064,29.064,29.064,29.064,29.064,29.064,29.064,29.064,29.064,29.064,29.064,29.064,29.064,29.064,29.064,29.064,29.064,29.064,29.064,29.064,29.064,29.064,29.064,29.064,29.064,29.064,29.064,29.064,29.064,29.064,29.064,29.064,29.064,29.064
1955-07-01,27.4,27.4,27.4,27.4,27.4,27.4,27.4,27.4,27.4,27.4,27.4,27.4,27.4,27.4,27.4,27.4,27.4,27.4,27.4,27.4,27.4,27.4,27.4,27.4,27.4,27.4,27.4,27.4,27.4,27.4,26.7,26.7,26.7,26.7,26.7,26.7,26.7,26.7,26.7,26.7,26.7,26.7,26.7,26.7,26.7,26.7,26.7,26.7,26.7,26.7,26.7,26.7,26.7,26.7,26.7,26.7,26.7,26.7,26.7,26.7,26.7,26.7,26.7,26.7,26.7,26.7,26.7,26.7,26.7,26.7,26.7,26.7,26.7,26.7,27.5,27.5,27.5,27.5,27.5,27.5,27.5,27.5,27.5,27.5,27.5,27.5,27.5,27.5,27.5,27.5,27.5,27.5,27.5,27.5,27.5,27.5,27.5,27.5,27.5,27.5,27.5,27.5,27.5,27.5,27.5,27.5,27.5,27.5,27.5,27.5,27.5,27.5,27.5,27.5,27.5,27.4,27.4,27.4,27.4,27.4,27.4,27.4,27.4,27.4,27.4,27.4,27.4,27.4,27.4,27.4,27.4,27.4,27.4,27.4,27.4,27.4,27.4,27.4,27.4,27.4,27.4,27.4,27.4,27.4,27.4,27.4,27.4,27.4,27.4,27.4,27.4,27.4,27.4,27.4,27.4,27.4,27.4,27.4,27.4,27.4,27.4,27.4,27.4,27.4,27.4,27.4,,,,,,,,,,,27.8,27.8,27.8,27.8,27.8,27.8,27.8,27.8,27.8,27.8,27.8,27.8,27.8,27.8,27.8,27.8,27.8,27.8,27.8,27.8,27.8,27.8,27.8,,,,,,,,,,,27.8,27.8,27.8,27.8,27.8,27.8,27.8,27.8,27.8,27.8,27.8,27.8,27.8,27.8,27.8,27.8,27.8,27.8,27.8,27.8,27.8,,,,,28.0,28.0,28.0,28.0,28.0,28.0,28.0,28.0,28.0,28.0,28.0,28.0,28.0,28.0,28.0,28.0,28.0,28.0,28.0,28.0,28.0,28.0,28.0,28.0,28.0,28.0,28.0,28.0,28.0,28.0,28.0,28.0,28.0,28.0,28.0,28.0,28.0,28.0,28.0,28.0,28.0,28.0,28.0,28.0,28.0,28.0,28.0,28.0,28.0,28.0,28.0,28.0,28.0,28.0,28.0,28.0,28.0,28.0,28.0,28.0,28.0,28.0,28.0,28.0,28.0,28.0,28.0,28.0,28.0,28.0,28.0,28.0,28.0,28.0,28.0,,28.0,28.0,28.0,28.0,28.0,28.0,28.0,28.0,28.0,28.0,28.0,28.0,28.0,28.0,28.0,28.0,28.0,28.0,28.0,28.0,28.0,28.0,28.0,28.0,28.0,28.0,28.0,28.0,28.0,28.0,28.0,28.0,29.6,29.6,29.6,29.6,29.6,29.6,29.6,29.6,29.6,29.6,29.6,29.6,29.6,29.6,29.6,29.6,29.6,29.6,29.6,29.6,29.6,29.6,29.6,29.6,29.6,29.6,29.6,29.6,29.6,29.6,29.6,29.6,29.6,29.6,29.6,29.575,29.575,29.575,29.575,29.575,29.575,29.843,29.843,29.843,29.843,29.843,29.843,29.843,29.843,29.843,29.843,29.843,29.843,29.843,29.843,29.843,29.843,29.843,29.843,29.843,29.843,29.843,29.843,29.843,29.843,29.843,29.843,29.843,29.843,29.843,29.843,29.843,29.843,29.843,29.843,29.843,29.843,29.843,29.843,29.843,29.843,29.843,29.843,29.843,29.843,29.843,29.843,29.843,29.843,29.843,29.843,29.843,29.843,29.843,29.843,29.843,29.843,29.843,29.843,29.843,29.843
1955-10-01,28.3,28.3,28.3,28.3,28.3,28.3,28.3,28.3,28.3,28.3,28.3,28.3,28.3,28.3,28.3,28.3,28.3,28.3,28.3,28.3,28.3,28.3,28.3,28.3,28.3,28.3,28.3,28.3,28.3,28.3,27.7,27.7,27.7,27.7,27.7,27.7,27.7,27.7,27.7,27.7,27.7,27.7,27.7,27.7,27.7,27.7,27.7,27.7,27.7,27.7,27.7,27.7,27.7,27.7,27.7,27.7,27.7,27.7,27.7,27.7,27.7,27.7,27.7,27.7,27.7,27.7,27.7,27.7,27.7,27.7,27.7,27.7,27.7,27.7,28.5,28.5,28.5,28.5,28.5,28.5,28.5,28.5,28.5,28.5,28.5,28.5,28.5,28.5,28.5,28.5,28.5,28.5,28.5,28.5,28.5,28.5,28.5,28.5,28.5,28.5,28.5,28.5,28.5,28.5,28.5,28.5,28.5,28.5,28.5,28.5,28.5,28.5,28.5,28.5,28.5,28.5,28.5,28.5,28.5,28.5,28.5,28.5,28.5,28.5,28.5,28.5,28.5,28.5,28.5,28.5,28.5,28.5,28.5,28.5,28.5,28.5,28.5,28.5,28.5,28.5,28.5,28.5,28.5,28.5,28.5,28.5,28.5,28.5,28.5,28.5,28.5,28.5,28.5,28.5,28.5,28.5,28.5,28.5,28.5,28.5,28.5,28.5,28.5,28.5,28.5,28.5,,,,,,,,,,,28.9,28.9,28.9,28.9,28.9,28.9,28.9,28.9,28.9,28.9,28.9,28.9,28.9,28.9,28.9,28.9,28.9,28.9,28.9,28.9,28.9,28.9,28.9,,,,,,,,,,,28.9,28.9,28.9,28.9,28.9,28.9,28.9,28.9,28.9,28.9,28.9,28.9,28.9,28.9,28.9,28.9,28.9,28.9,28.9,28.9,28.9,,,,,29.1,29.1,29.1,29.1,29.1,29.1,29.1,29.1,29.1,29.1,29.1,29.1,29.1,29.1,29.1,29.1,29.1,29.1,29.1,29.1,29.1,29.1,29.1,29.1,29.1,29.1,29.1,29.1,29.1,29.1,29.1,29.1,29.1,29.1,29.1,29.1,29.1,29.1,29.1,29.1,29.1,29.1,29.1,29.1,29.1,29.1,29.1,29.1,29.1,29.1,29.1,29.1,29.1,29.1,29.1,29.1,29.1,29.1,29.1,29.1,29.1,29.1,29.1,29.1,29.1,29.1,29.1,29.1,29.1,29.1,29.1,29.1,29.1,29.1,29.1,,29.1,29.1,29.1,29.1,29.1,29.1,29.1,29.1,29.1,29.1,29.1,29.1,29.1,29.1,29.1,29.1,29.1,29.1,29.1,29.1,29.1,29.1,29.1,29.1,29.1,29.1,29.1,29.1,29.1,29.1,29.1,29.1,30.8,30.8,30.8,30.8,30.8,30.8,30.8,30.8,30.8,30.8,30.8,30.8,30.8,30.8,30.8,30.8,30.8,30.8,30.8,30.8,30.8,30.8,30.8,30.8,30.8,30.8,30.8,30.8,30.8,30.8,30.8,30.8,30.8,30.8,30.8,30.815,30.815,30.815,30.815,30.815,30.815,31.115,31.115,31.115,31.115,31.115,31.115,31.115,31.115,31.115,31.115,31.115,31.115,31.115,31.115,31.115,31.115,31.115,31.115,31.115,31.115,31.115,31.115,31.115,31.115,31.115,31.115,31.115,31.115,31.115,31.115,31.115,31.115,31.115,31.115,31.115,31.115,31.115,31.115,31.115,31.115,31.115,31.115,31.115,31.115,31.115,31.115,31.115,31.115,31.115,31.115,31.115,31.115,31.115,31.115,31.115,31.115,31.115,31.115,31.115,31.115
1956-01-01,27.2,27.2,27.2,27.2,27.2,27.2,27.2,27.2,27.2,27.2,27.2,27.2,27.2,27.2,27.2,27.2,27.2,27.2,27.2,27.2,27.2,27.2,27.2,27.2,27.2,27.2,27.2,27.2,27.2,27.2,26.7,26.7,26.7,26.7,26.7,26.7,26.7,26.7,26.7,26.7,26.7,26.7,26.7,26.7,26.7,26.7,26.7,26.7,26.7,26.7,26.7,26.7,26.7,26.7,26.7,26.7,26.7,26.7,26.7,26.7,26.7,26.7,26.7,26.7,26.7,26.7,26.7,26.7,26.7,26.7,26.7,26.7,26.7,26.7,27.6,27.6,27.6,27.6,27.6,27.6,27.6,27.6,27.6,27.6,27.6,27.6,27.6,27.6,27.6,27.6,27.6,27.6,27.6,27.6,27.6,27.6,27.6,27.6,27.6,27.6,27.6,27.6,27.6,27.6,27.6,27.6,27.6,27.6,27.6,27.6,27.6,27.6,27.6,27.6,27.6,27.7,27.7,27.7,27.7,27.7,27.7,27.7,27.7,27.7,27.7,27.7,27.7,27.7,27.7,27.7,27.7,27.7,27.7,27.7,27.7,27.7,27.7,27.7,27.7,27.7,27.7,27.7,27.7,27.7,27.7,27.7,27.7,27.7,27.7,27.7,27.7,27.7,27.7,27.7,27.7,27.7,27.7,27.7,27.7,27.7,27.7,27.7,27.7,27.7,27.7,27.7,,,,,,,,,,,28.1,28.1,28.1,28.1,28.1,28.1,28.1,28.1,28.1,28.1,28.1,28.1,28.1,28.1,28.1,28.1,28.1,28.1,28.1,28.1,28.1,28.1,28.1,,,,,,,,,,,28.1,28.1,28.1,28.1,28.1,28.1,28.1,28.1,28.1,28.1,28.1,28.1,28.1,28.1,28.1,28.1,28.1,28.1,28.1,28.1,28.1,,,,,28.2,28.2,28.2,28.2,28.2,28.2,28.2,28.2,28.2,28.2,28.2,28.2,28.2,28.2,28.2,28.2,28.2,28.2,28.2,28.2,28.2,28.2,28.2,28.2,28.2,28.2,28.2,28.2,28.2,28.2,28.2,28.2,28.2,28.2,28.2,28.2,28.2,28.2,28.2,28.2,28.2,28.2,28.2,28.2,28.2,28.2,28.2,28.2,28.2,28.2,28.2,28.2,28.2,28.2,28.2,28.2,28.2,28.2,28.2,28.2,28.2,28.2,28.2,28.2,28.2,28.2,28.2,28.2,28.2,28.2,28.2,28.2,28.2,28.2,28.2,,28.2,28.2,28.2,28.2,28.2,28.2,28.2,28.2,28.2,28.2,28.2,28.2,28.2,28.2,28.2,28.2,28.2,28.2,28.2,28.2,28.2,28.2,28.2,28.2,28.2,28.2,28.2,28.2,28.2,28.2,28.2,28.2,30.2,30.2,30.2,30.2,30.2,30.2,30.2,30.2,30.2,30.2,30.2,30.2,30.2,30.2,30.2,30.2,30.2,30.2,30.2,30.2,30.2,30.2,30.2,30.2,30.2,30.2,30.2,30.2,30.2,30.2,30.2,30.2,30.2,30.2,30.2,30.245,30.245,30.245,30.245,30.245,30.245,30.601,30.601,30.601,30.601,30.601,30.601,30.601,30.601,30.601,30.601,30.601,30.601,30.601,30.601,30.601,30.601,30.601,30.601,30.601,30.601,30.601,30.601,30.601,30.601,30.601,30.601,30.601,30.601,30.601,30.601,30.601,30.601,30.601,30.601,30.601,30.601,30.601,30.601,30.601,30.601,30.601,30.601,30.601,30.601,30.601,30.601,30.601,30.601,30.601,30.601,30.601,30.601,30.601,30.601,30.601,30.601,30.601,30.601,30.601,30.601
1956-04-01,27.7,27.7,27.7,27.7,27.7,27.7,27.7,27.7,27.7,27.7,27.7,27.7,27.7,27.7,27.7,27.7,27.7,27.7,27.7,27.7,27.7,27.7,27.7,27.7,27.7,27.7,27.7,27.7,27.7,27.7,27.2,27.2,27.2,27.2,27.2,27.2,27.2,27.2,27.2,27.2,27.2,27.2,27.2,27.2,27.2,27.2,27.2,27.2,27.2,27.2,27.2,27.2,27.2,27.2,27.2,27.2,27.2,27.2,27.2,27.2,27.2,27.2,27.2,27.2,27.2,27.2,27.2,27.2,27.2,27.2,27.2,27.2,27.2,27.2,28.1,28.1,28.1,28.1,28.1,28.1,28.1,28.1,28.1,28.1,28.1,28.1,28.1,28.1,28.1,28.1,28.1,28.1,28.1,28.1,28.1,28.1,28.1,28.1,28.1,28.1,28.1,28.1,28.1,28.1,28.1,28.1,28.1,28.1,28.1,28.1,28.1,28.1,28.1,28.1,28.1,28.2,28.2,28.2,28.2,28.2,28.2,28.2,28.2,28.2,28.2,28.2,28.2,28.2,28.2,28.2,28.2,28.2,28.2,28.2,28.2,28.2,28.2,28.2,28.2,28.2,28.2,28.2,28.2,28.2,28.2,28.2,28.2,28.2,28.2,28.2,28.2,28.2,28.2,28.2,28.2,28.2,28.2,28.2,28.2,28.2,28.2,28.2,28.2,28.2,28.2,28.2,,,,,,,,,,,28.7,28.7,28.7,28.7,28.7,28.7,28.7,28.7,28.7,28.7,28.7,28.7,28.7,28.7,28.7,28.7,28.7,28.7,28.7,28.7,28.7,28.7,28.7,,,,,,,,,,,28.7,28.7,28.7,28.7,28.7,28.7,28.7,28.7,28.7,28.7,28.7,28.7,28.7,28.7,28.7,28.7,28.7,28.7,28.7,28.7,28.7,,,,,28.9,28.9,28.9,28.9,28.9,28.9,28.9,28.9,28.9,28.9,28.9,28.9,28.9,28.9,28.9,28.9,28.9,28.9,28.9,28.9,28.9,28.9,28.9,28.9,28.9,28.9,28.9,28.9,28.9,28.9,28.9,28.9,28.9,28.9,28.9,28.9,28.9,28.9,28.9,28.9,28.9,28.9,28.9,28.9,28.9,28.9,28.9,28.9,28.9,28.9,28.9,28.9,28.9,28.9,28.9,28.9,28.9,28.9,28.9,28.9,28.9,28.9,28.9,28.9,28.9,28.9,28.9,28.9,28.9,28.9,28.9,28.9,28.9,28.9,28.9,,28.9,28.9,28.9,28.9,28.9,28.9,28.9,28.9,28.9,28.9,28.9,28.9,28.9,28.9,28.9,28.9,28.9,28.9,28.9,28.9,28.9,28.9,28.9,28.9,28.9,28.9,28.9,28.9,28.9,28.9,28.9,28.9,31.1,31.1,31.1,31.1,31.1,31.1,31.1,31.1,31.1,31.1,31.1,31.1,31.1,31.1,31.1,31.1,31.1,31.1,31.1,31.1,31.1,31.1,31.1,31.1,31.1,31.1,31.1,31.1,31.1,31.1,31.1,31.1,31.1,31.1,31.1,31.054,31.054,31.054,31.054,31.054,31.054,31.446,31.446,31.446,31.446,31.446,31.446,31.446,31.446,31.446,31.446,31.446,31.446,31.446,31.446,31.446,31.446,31.446,31.446,31.446,31.446,31.446,31.446,31.446,31.446,31.446,31.446,31.446,31.446,31.446,31.446,31.446,31.446,31.446,31.446,31.446,31.446,31.446,31.446,31.446,31.446,31.446,31.446,31.446,31.446,31.446,31.446,31.446,31.446,31.446,31.446,31.446,31.446,31.446,31.446,31.446,31.446,31.446,31.446,31.446,31.446
1956-07-01,26.0,26.0,26.0,26.0,26.0,26.0,26.0,26.0,26.0,26.0,26.0,26.0,26.0,26.0,26.0,26.0,26.0,26.0,26.0,26.0,26.0,26.0,26.0,26.0,26.0,26.0,26.0,26.0,26.0,26.0,25.5,25.5,25.5,25.5,25.5,25.5,25.5,25.5,25.5,25.5,25.5,25.5,25.5,25.5,25.5,25.5,25.5,25.5,25.5,25.5,25.5,25.5,25.5,25.5,25.5,25.5,25.5,25.5,25.5,25.5,25.5,25.5,25.5,25.5,25.5,25.5,25.5,25.5,25.5,25.5,25.5,25.5,25.5,25.5,26.5,26.5,26.5,26.5,26.5,26.5,26.5,26.5,26.5,26.5,26.5,26.5,26.5,26.5,26.5,26.5,26.5,26.5,26.5,26.5,26.5,26.5,26.5,26.5,26.5,26.5,26.5,26.5,26.5,26.5,26.5,26.5,26.5,26.5,26.5,26.5,26.5,26.5,26.5,26.5,26.5,26.6,26.6,26.6,26.6,26.6,26.6,26.6,26.6,26.6,26.6,26.6,26.6,26.6,26.6,26.6,26.6,26.6,26.6,26.6,26.6,26.6,26.6,26.6,26.6,26.6,26.6,26.6,26.6,26.6,26.6,26.6,26.6,26.6,26.6,26.6,26.6,26.6,26.6,26.6,26.6,26.6,26.6,26.6,26.6,26.6,26.6,26.6,26.6,26.6,26.6,26.6,,,,,,,,,,,27.4,27.4,27.4,27.4,27.4,27.4,27.4,27.4,27.4,27.4,27.4,27.4,27.4,27.4,27.4,27.4,27.4,27.4,27.4,27.4,27.4,27.4,27.4,,,,,,,,,,,27.4,27.4,27.4,27.4,27.4,27.4,27.4,27.4,27.4,27.4,27.4,27.4,27.4,27.4,27.4,27.4,27.4,27.4,27.4,27.4,27.4,,,,,27.6,27.6,27.6,27.6,27.6,27.6,27.6,27.6,27.6,27.6,27.6,27.6,27.6,27.6,27.6,27.6,27.6,27.6,27.6,27.6,27.6,27.6,27.6,27.6,27.6,27.6,27.6,27.6,27.6,27.6,27.6,27.6,27.6,27.6,27.6,27.6,27.6,27.6,27.6,27.6,27.6,27.6,27.6,27.6,27.6,27.6,27.6,27.6,27.6,27.6,27.6,27.6,27.6,27.6,27.6,27.6,27.6,27.6,27.6,27.6,27.6,27.6,27.6,27.6,27.6,27.6,27.6,27.6,27.6,27.6,27.6,27.6,27.6,27.6,27.6,,27.6,27.6,27.6,27.6,27.6,27.6,27.6,27.6,27.6,27.6,27.6,27.6,27.6,27.6,27.6,27.6,27.6,27.6,27.6,27.6,27.6,27.6,27.6,27.6,27.6,27.6,27.6,27.6,27.6,27.6,27.6,27.6,29.8,29.8,29.8,29.8,29.8,29.8,29.8,29.8,29.8,29.8,29.8,29.8,29.8,29.8,29.8,29.8,29.8,29.8,29.8,29.8,29.8,29.8,29.8,29.8,29.8,29.8,29.8,29.8,29.8,29.8,29.8,29.8,29.8,29.8,29.8,29.795,29.795,29.795,29.795,29.795,29.795,30.211,30.211,30.211,30.211,30.211,30.211,30.211,30.211,30.211,30.211,30.211,30.211,30.211,30.211,30.211,30.211,30.211,30.211,30.211,30.211,30.211,30.211,30.211,30.211,30.211,30.211,30.211,30.211,30.211,30.211,30.211,30.211,30.211,30.211,30.211,30.211,30.211,30.211,30.211,30.211,30.211,30.211,30.211,30.211,30.211,30.211,30.211,30.211,30.211,30.211,30.211,30.211,30.211,30.211,30.211,30.211,30.211,30.211,30.211,30.211
1956-10-01,27.4,27.4,27.4,27.4,27.4,27.4,27.4,27.4,27.4,27.4,27.4,27.4,27.4,27.4,27.4,27.4,27.4,27.4,27.4,27.4,27.4,27.4,27.4,27.4,27.4,27.4,27.4,27.4,27.4,27.4,26.7,26.7,26.7,26.7,26.7,26.7,26.7,26.7,26.7,26.7,26.7,26.7,26.7,26.7,26.7,26.7,26.7,26.7,26.7,26.7,26.7,26.7,26.7,26.7,26.7,26.7,26.7,26.7,26.7,26.7,26.7,26.7,26.7,26.7,26.7,26.7,26.7,26.7,26.7,26.7,26.7,26.7,26.7,26.7,28.0,28.0,28.0,28.0,28.0,28.0,28.0,28.0,28.0,28.0,28.0,28.0,28.0,28.0,28.0,28.0,28.0,28.0,28.0,28.0,28.0,28.0,28.0,28.0,28.0,28.0,28.0,28.0,28.0,28.0,28.0,28.0,28.0,28.0,28.0,28.0,28.0,28.0,28.0,28.0,28.0,28.1,28.1,28.1,28.1,28.1,28.1,28.1,28.1,28.1,28.1,28.1,28.1,28.1,28.1,28.1,28.1,28.1,28.1,28.1,28.1,28.1,28.1,28.1,28.1,28.1,28.1,28.1,28.1,28.1,28.1,28.1,28.1,28.1,28.1,28.1,28.1,28.1,28.1,28.1,28.1,28.1,28.1,28.1,28.1,28.1,28.1,28.1,28.1,28.1,28.1,28.1,,,,,,,,,,,29.0,29.0,29.0,29.0,29.0,29.0,29.0,29.0,29.0,29.0,29.0,29.0,29.0,29.0,29.0,29.0,29.0,29.0,29.0,29.0,29.0,29.0,29.0,,,,,,,,,,,29.0,29.0,29.0,29.0,29.0,29.0,29.0,29.0,29.0,29.0,29.0,29.0,29.0,29.0,29.0,29.0,29.0,29.0,29.0,29.0,29.0,,,,,29.2,29.2,29.2,29.2,29.2,29.2,29.2,29.2,29.2,29.2,29.2,29.2,29.2,29.2,29.2,29.2,29.2,29.2,29.2,29.2,29.2,29.2,29.2,29.2,29.2,29.2,29.2,29.2,29.2,29.2,29.2,29.2,29.2,29.2,29.2,29.2,29.2,29.2,29.2,29.2,29.2,29.2,29.2,29.2,29.2,29.2,29.2,29.2,29.2,29.2,29.2,29.2,29.2,29.2,29.2,29.2,29.2,29.2,29.2,29.2,29.2,29.2,29.2,29.2,29.2,29.2,29.2,29.2,29.2,29.2,29.2,29.2,29.2,29.2,29.2,,29.2,29.2,29.2,29.2,29.2,29.2,29.2,29.2,29.2,29.2,29.2,29.2,29.2,29.2,29.2,29.2,29.2,29.2,29.2,29.2,29.2,29.2,29.2,29.2,29.2,29.2,29.2,29.2,29.2,29.2,29.2,29.2,31.4,31.4,31.4,31.4,31.4,31.4,31.4,31.4,31.4,31.4,31.4,31.4,31.4,31.4,31.4,31.4,31.4,31.4,31.4,31.4,31.4,31.4,31.4,31.4,31.4,31.4,31.4,31.4,31.4,31.4,31.4,31.4,31.4,31.4,31.4,31.435,31.435,31.435,31.435,31.435,31.435,31.879,31.879,31.879,31.879,31.879,31.879,31.879,31.879,31.879,31.879,31.879,31.879,31.879,31.879,31.879,31.879,31.879,31.879,31.879,31.879,31.879,31.879,31.879,31.879,31.879,31.879,31.879,31.879,31.879,31.879,31.879,31.879,31.879,31.879,31.879,31.879,31.879,31.879,31.879,31.879,31.879,31.879,31.879,31.879,31.879,31.879,31.879,31.879,31.879,31.879,31.879,31.879,31.879,31.879,31.879,31.879,31.879,31.879,31.879,31.879
1957-01-01,27.6,27.6,27.6,27.6,27.6,27.6,27.6,27.6,27.6,27.6,27.6,27.6,27.6,27.6,27.6,27.6,27.6,27.6,27.6,27.6,27.6,27.6,27.6,27.6,27.6,27.6,27.6,27.6,27.6,27.6,27.1,27.1,27.1,27.1,27.1,27.1,27.1,27.1,27.1,27.1,27.1,27.1,27.1,27.1,27.1,27.1,27.1,27.1,27.1,27.1,27.1,27.1,27.1,27.1,27.1,27.1,27.1,27.1,27.1,27.1,27.1,27.1,27.1,27.1,27.1,27.1,27.1,27.1,27.1,27.1,27.1,27.1,27.1,27.1,28.4,28.4,28.4,28.4,28.4,28.4,28.4,28.4,28.4,28.4,28.4,28.4,28.4,28.4,28.4,28.4,28.4,28.4,28.4,28.4,28.4,28.4,28.4,28.4,28.4,28.4,28.4,28.4,28.4,28.4,28.4,28.4,28.4,28.4,28.4,28.4,28.4,28.4,28.4,28.4,28.4,28.4,28.4,28.4,28.4,28.4,28.4,28.4,28.4,28.4,28.4,28.4,28.4,28.4,28.4,28.4,28.4,28.4,28.4,28.4,28.4,28.4,28.4,28.4,28.4,28.4,28.4,28.4,28.4,28.4,28.4,28.4,28.4,28.4,28.4,28.4,28.4,28.4,28.4,28.4,28.4,28.4,28.4,28.4,28.4,28.4,28.4,28.4,28.4,28.4,28.4,28.4,,,,,,,,,,,29.3,29.3,29.3,29.3,29.3,29.3,29.3,29.3,29.3,29.3,29.3,29.3,29.3,29.3,29.3,29.3,29.3,29.3,29.3,29.3,29.3,29.3,29.3,,,,,,,,,,,29.3,29.3,29.3,29.3,29.3,29.3,29.3,29.3,29.3,29.3,29.3,29.3,29.3,29.3,29.3,29.3,29.3,29.3,29.3,29.3,29.3,,,,,29.5,29.5,29.5,29.5,29.5,29.5,29.5,29.5,29.5,29.5,29.5,29.5,29.5,29.5,29.5,29.5,29.5,29.5,29.5,29.5,29.5,29.5,29.5,29.5,29.5,29.5,29.5,29.5,29.5,29.5,29.5,29.5,29.5,29.5,29.5,29.5,29.5,29.5,29.5,29.5,29.5,29.5,29.5,29.5,29.5,29.5,29.5,29.5,29.5,29.5,29.5,29.5,29.5,29.5,29.5,29.5,29.5,29.5,29.5,29.5,29.5,29.5,29.5,29.5,29.5,29.5,29.5,29.5,29.5,29.5,29.5,29.5,29.5,29.5,29.5,,29.5,29.5,29.5,29.5,29.5,29.5,29.5,29.5,29.5,29.5,29.5,29.5,29.5,29.5,29.5,29.5,29.5,29.5,29.5,29.5,29.5,29.5,29.5,29.5,29.5,29.5,29.5,29.5,29.5,29.5,29.5,29.5,31.7,31.7,31.7,31.7,31.7,31.7,31.7,31.7,31.7,31.7,31.7,31.7,31.7,31.7,31.7,31.7,31.7,31.7,31.7,31.7,31.7,31.7,31.7,31.7,31.7,31.7,31.7,31.7,31.7,31.7,31.7,31.7,31.7,31.7,31.7,31.694,31.694,31.694,31.694,31.694,31.694,32.174,32.174,32.174,32.174,32.174,32.174,32.174,32.174,32.174,32.174,32.174,32.174,32.174,32.174,32.174,32.174,32.174,32.174,32.174,32.174,32.174,32.174,32.174,32.174,32.174,32.174,32.174,32.174,32.174,32.174,32.174,32.174,32.174,32.174,32.174,32.174,32.174,32.174,32.174,32.174,32.174,32.174,32.174,32.174,32.174,32.174,32.174,32.174,32.174,32.174,32.174,32.174,32.174,32.174,32.174,32.174,32.174,32.174,32.174,32.174
1957-04-01,26.5,26.5,26.5,26.5,26.5,26.5,26.5,26.5,26.5,26.5,26.5,26.5,26.5,26.5,26.5,26.5,26.5,26.5,26.5,26.5,26.5,26.5,26.5,26.5,26.5,26.5,26.5,26.5,26.5,26.5,26.0,26.0,26.0,26.0,26.0,26.0,26.0,26.0,26.0,26.0,26.0,26.0,26.0,26.0,26.0,26.0,26.0,26.0,26.0,26.0,26.0,26.0,26.0,26.0,26.0,26.0,26.0,26.0,26.0,26.0,26.0,26.0,26.0,26.0,26.0,26.0,26.0,26.0,26.0,26.0,26.0,26.0,26.0,26.0,27.3,27.3,27.3,27.3,27.3,27.3,27.3,27.3,27.3,27.3,27.3,27.3,27.3,27.3,27.3,27.3,27.3,27.3,27.3,27.3,27.3,27.3,27.3,27.3,27.3,27.3,27.3,27.3,27.3,27.3,27.3,27.3,27.3,27.3,27.3,27.3,27.3,27.3,27.3,27.3,27.3,27.3,27.3,27.3,27.3,27.3,27.3,27.3,27.3,27.3,27.3,27.3,27.3,27.3,27.3,27.3,27.3,27.3,27.3,27.3,27.3,27.3,27.3,27.3,27.3,27.3,27.3,27.3,27.3,27.3,27.3,27.3,27.3,27.3,27.3,27.3,27.3,27.3,27.3,27.3,27.3,27.3,27.3,27.3,27.3,27.3,27.3,27.3,27.3,27.3,27.3,27.3,,,,,,,,,,,28.0,28.0,28.0,28.0,28.0,28.0,28.0,28.0,28.0,28.0,28.0,28.0,28.0,28.0,28.0,28.0,28.0,28.0,28.0,28.0,28.0,28.0,28.0,,,,,,,,,,,28.0,28.0,28.0,28.0,28.0,28.0,28.0,28.0,28.0,28.0,28.0,28.0,28.0,28.0,28.0,28.0,28.0,28.0,28.0,28.0,28.0,,,,,28.2,28.2,28.2,28.2,28.2,28.2,28.2,28.2,28.2,28.2,28.2,28.2,28.2,28.2,28.2,28.2,28.2,28.2,28.2,28.2,28.2,28.2,28.2,28.2,28.2,28.2,28.2,28.2,28.2,28.2,28.2,28.2,28.2,28.2,28.2,28.2,28.2,28.2,28.2,28.2,28.2,28.2,28.2,28.2,28.2,28.2,28.2,28.2,28.2,28.2,28.2,28.2,28.2,28.2,28.2,28.2,28.2,28.2,28.2,28.2,28.2,28.2,28.2,28.2,28.2,28.2,28.2,28.2,28.2,28.2,28.2,28.2,28.2,28.2,28.2,,28.2,28.2,28.2,28.2,28.2,28.2,28.2,28.2,28.2,28.2,28.2,28.2,28.2,28.2,28.2,28.2,28.2,28.2,28.2,28.2,28.2,28.2,28.2,28.2,28.2,28.2,28.2,28.2,28.2,28.2,28.2,28.2,30.4,30.4,30.4,30.4,30.4,30.4,30.4,30.4,30.4,30.4,30.4,30.4,30.4,30.4,30.4,30.4,30.4,30.4,30.4,30.4,30.4,30.4,30.4,30.4,30.4,30.4,30.4,30.4,30.4,30.4,30.4,30.4,30.4,30.4,30.4,30.367,30.367,30.367,30.367,30.367,30.367,30.883,30.883,30.883,30.883,30.883,30.883,30.883,30.883,30.883,30.883,30.883,30.883,30.883,30.883,30.883,30.883,30.883,30.883,30.883,30.883,30.883,30.883,30.883,30.883,30.883,30.883,30.883,30.883,30.883,30.883,30.883,30.883,30.883,30.883,30.883,30.883,30.883,30.883,30.883,30.883,30.883,30.883,30.883,30.883,30.883,30.883,30.883,30.883,30.883,30.883,30.883,30.883,30.883,30.883,30.883,30.883,30.883,30.883,30.883,30.883
1957-07-01,26.0,26.0,26.0,26.0,26.0,26.0,26.0,26.0,26.0,26.0,26.0,26.0,26.0,26.0,26.0,26.0,26.0,26.0,26.0,26.0,26.0,26.0,26.0,26.0,26.0,26.0,26.0,26.0,26.0,26.0,25.5,25.5,25.5,25.5,25.5,25.5,25.5,25.5,25.5,25.5,25.5,25.5,25.5,25.5,25.5,25.5,25.5,25.5,25.5,25.5,25.5,25.5,25.5,25.5,25.5,25.5,25.5,25.5,25.5,25.5,25.5,25.5,25.5,25.5,25.5,25.5,25.5,25.5,25.5,25.5,25.5,25.5,25.5,25.5,26.7,26.7,26.7,26.7,26.7,26.7,26.7,26.7,26.7,26.7,26.7,26.7,26.7,26.7,26.7,26.7,26.7,26.7,26.7,26.7,26.7,26.7,26.7,26.7,26.7,26.7,26.7,26.7,26.7,26.7,26.7,26.7,26.7,26.7,26.7,26.7,26.7,26.7,26.7,26.7,26.7,26.8,26.8,26.8,26.8,26.8,26.8,26.8,26.8,26.8,26.8,26.8,26.8,26.8,26.8,26.8,26.8,26.8,26.8,26.8,26.8,26.8,26.8,26.8,26.8,26.8,26.8,26.8,26.8,26.8,26.8,26.8,26.8,26.8,26.8,26.8,26.8,26.8,26.8,26.8,26.8,26.8,26.8,26.8,26.8,26.8,26.8,26.8,26.8,26.8,26.8,26.8,,,,,,,,,,,27.4,27.4,27.4,27.4,27.4,27.4,27.4,27.4,27.4,27.4,27.4,27.4,27.4,27.4,27.4,27.4,27.4,27.4,27.4,27.4,27.4,27.4,27.4,,,,,,,,,,,27.4,27.4,27.4,27.4,27.4,27.4,27.4,27.4,27.4,27.4,27.4,27.4,27.4,27.4,27.4,27.4,27.4,27.4,27.4,27.4,27.4,,,,,27.6,27.6,27.6,27.6,27.6,27.6,27.6,27.6,27.6,27.6,27.6,27.6,27.6,27.6,27.6,27.6,27.6,27.6,27.6,27.6,27.6,27.6,27.6,27.6,27.6,27.6,27.6,27.6,27.6,27.6,27.6,27.6,27.6,27.6,27.6,27.6,27.6,27.6,27.6,27.6,27.6,27.6,27.6,27.6,27.6,27.6,27.6,27.6,27.6,27.6,27.6,27.6,27.6,27.6,27.6,27.6,27.6,27.6,27.6,27.6,27.6,27.6,27.6,27.6,27.6,27.6,27.6,27.6,27.6,27.6,27.6,27.6,27.6,27.6,27.6,,27.6,27.6,27.6,27.6,27.6,27.6,27.6,27.6,27.6,27.6,27.6,27.6,27.6,27.6,27.6,27.6,27.6,27.6,27.6,27.6,27.6,27.6,27.6,27.6,27.6,27.6,27.6,27.6,27.6,27.6,27.6,27.6,29.7,29.7,29.7,29.7,29.7,29.7,29.7,29.7,29.7,29.7,29.7,29.7,29.7,29.7,29.7,29.7,29.7,29.7,29.7,29.7,29.7,29.7,29.7,29.7,29.7,29.7,29.7,29.7,29.7,29.7,29.7,29.7,29.7,29.7,29.7,29.71,29.71,29.71,29.71,29.71,29.71,30.274,30.274,30.274,30.274,30.274,30.274,30.274,30.274,30.274,30.274,30.274,30.274,30.274,30.274,30.274,30.274,30.274,30.274,30.274,30.274,30.274,30.274,30.274,30.274,30.274,30.274,30.274,30.274,30.274,30.274,30.274,30.274,30.274,30.274,30.274,30.274,30.274,30.274,30.274,30.274,30.274,30.274,30.274,30.274,30.274,30.274,30.274,30.274,30.274,30.274,30.274,30.274,30.274,30.274,30.274,30.274,30.274,30.274,30.274,30.274
1957-10-01,23.7,23.7,23.7,23.7,23.7,23.7,23.7,23.7,23.7,23.7,23.7,23.7,23.7,23.7,23.7,23.7,23.7,23.7,23.7,23.7,23.7,23.7,23.7,23.7,23.7,23.7,23.7,23.7,23.7,23.7,23.2,23.2,23.2,23.2,23.2,23.2,23.2,23.2,23.2,23.2,23.2,23.2,23.2,23.2,23.2,23.2,23.2,23.2,23.2,23.2,23.2,23.2,23.2,23.2,23.2,23.2,23.2,23.2,23.2,23.2,23.2,23.2,23.2,23.2,23.2,23.2,23.2,23.2,23.2,23.2,23.2,23.2,23.2,23.2,24.4,24.4,24.4,24.4,24.4,24.4,24.4,24.4,24.4,24.4,24.4,24.4,24.4,24.4,24.4,24.4,24.4,24.4,24.4,24.4,24.4,24.4,24.4,24.4,24.4,24.4,24.4,24.4,24.4,24.4,24.4,24.4,24.4,24.4,24.4,24.4,24.4,24.4,24.4,24.4,24.4,24.4,24.4,24.4,24.4,24.4,24.4,24.4,24.4,24.4,24.4,24.4,24.4,24.4,24.4,24.4,24.4,24.4,24.4,24.4,24.4,24.4,24.4,24.4,24.4,24.4,24.4,24.4,24.4,24.4,24.4,24.4,24.4,24.4,24.4,24.4,24.4,24.4,24.4,24.4,24.4,24.4,24.4,24.4,24.4,24.4,24.4,24.4,24.4,24.4,24.4,24.4,,,,,,,,,,,25.0,25.0,25.0,25.0,25.0,25.0,25.0,25.0,25.0,25.0,25.0,25.0,25.0,25.0,25.0,25.0,25.0,25.0,25.0,25.0,25.0,25.0,25.0,,,,,,,,,,,25.0,25.0,25.0,25.0,25.0,25.0,25.0,25.0,25.0,25.0,25.0,25.0,25.0,25.0,25.0,25.0,25.0,25.0,25.0,25.0,25.0,,,,,25.3,25.3,25.3,25.3,25.3,25.3,25.3,25.3,25.3,25.3,25.3,25.3,25.3,25.3,25.3,25.3,25.3,25.3,25.3,25.3,25.3,25.3,25.3,25.3,25.3,25.3,25.3,25.3,25.3,25.3,25.3,25.3,25.3,25.3,25.3,25.3,25.3,25.3,25.3,25.3,25.3,25.3,25.3,25.3,25.3,25.3,25.3,25.3,25.3,25.3,25.3,25.3,25.3,25.3,25.3,25.3,25.3,25.3,25.3,25.3,25.3,25.3,25.3,25.3,25.3,25.3,25.3,25.3,25.3,25.3,25.3,25.3,25.3,25.3,25.3,,25.3,25.3,25.3,25.3,25.3,25.3,25.3,25.3,25.3,25.3,25.3,25.3,25.3,25.3,25.3,25.3,25.3,25.3,25.3,25.3,25.3,25.3,25.3,25.3,25.3,25.3,25.3,25.3,25.3,25.3,25.3,25.3,27.3,27.3,27.3,27.3,27.3,27.3,27.3,27.3,27.3,27.3,27.3,27.3,27.3,27.3,27.3,27.3,27.3,27.3,27.3,27.3,27.3,27.3,27.3,27.3,27.3,27.3,27.3,27.3,27.3,27.3,27.3,27.3,27.3,27.3,27.3,27.31,27.31,27.31,27.31,27.31,27.31,27.922,27.922,27.922,27.922,27.922,27.922,27.922,27.922,27.922,27.922,27.922,27.922,27.922,27.922,27.922,27.922,27.922,27.922,27.922,27.922,27.922,27.922,27.922,27.922,27.922,27.922,27.922,27.922,27.922,27.922,27.922,27.922,27.922,27.922,27.922,27.922,27.922,27.922,27.922,27.922,27.922,27.922,27.922,27.922,27.922,27.922,27.922,27.922,27.922,27.922,27.922,27.922,27.922,27.922,27.922,27.922,27.922,27.922,27.922,27.922
1958-01-01,19.8,19.8,19.8,19.8,19.8,19.8,19.8,19.8,19.8,19.8,19.8,19.8,19.8,19.8,19.8,19.8,19.8,19.8,19.8,19.8,19.8,19.8,19.8,19.8,19.8,19.8,19.8,19.8,19.8,19.8,19.6,19.6,19.6,19.6,19.6,19.6,19.6,19.6,19.6,19.6,19.6,19.6,19.6,19.6,19.6,19.6,19.6,19.6,19.6,19.6,19.6,19.6,19.6,19.6,19.6,19.6,19.6,19.6,19.6,19.6,19.6,19.6,19.6,19.6,19.6,19.6,19.6,19.6,19.6,19.6,19.6,19.6,19.6,19.6,20.5,20.5,20.5,20.5,20.5,20.5,20.5,20.5,20.5,20.5,20.5,20.5,20.5,20.5,20.5,20.5,20.5,20.5,20.5,20.5,20.5,20.5,20.5,20.5,20.5,20.5,20.5,20.5,20.5,20.5,20.5,20.5,20.5,20.5,20.5,20.5,20.5,20.5,20.5,20.5,20.5,20.7,20.7,20.7,20.7,20.7,20.7,20.7,20.7,20.7,20.7,20.7,20.7,20.7,20.7,20.7,20.7,20.7,20.7,20.7,20.7,20.7,20.7,20.7,20.7,20.7,20.7,20.7,20.7,20.7,20.7,20.7,20.7,20.7,20.7,20.7,20.7,20.7,20.7,20.7,20.7,20.7,20.7,20.7,20.7,20.7,20.7,20.7,20.7,20.7,20.7,20.7,,,,,,,,,,,21.4,21.4,21.4,21.4,21.4,21.4,21.4,21.4,21.4,21.4,21.4,21.4,21.4,21.4,21.4,21.4,21.4,21.4,21.4,21.4,21.4,21.4,21.4,,,,,,,,,,,21.4,21.4,21.4,21.4,21.4,21.4,21.4,21.4,21.4,21.4,21.4,21.4,21.4,21.4,21.4,21.4,21.4,21.4,21.4,21.4,21.4,,,,,21.6,21.6,21.6,21.6,21.6,21.6,21.6,21.6,21.6,21.6,21.6,21.6,21.6,21.6,21.6,21.6,21.6,21.6,21.6,21.6,21.6,21.6,21.6,21.6,21.6,21.6,21.6,21.6,21.6,21.6,21.6,21.6,21.6,21.6,21.6,21.6,21.6,21.6,21.6,21.6,21.6,21.6,21.6,21.6,21.6,21.6,21.6,21.6,21.6,21.6,21.6,21.6,21.6,21.6,21.6,21.6,21.6,21.6,21.6,21.6,21.6,21.6,21.6,21.6,21.6,21.6,21.6,21.6,21.6,21.6,21.6,21.6,21.6,21.6,21.6,,21.6,21.6,21.6,21.6,21.6,21.6,21.6,21.6,21.6,21.6,21.6,21.6,21.6,21.6,21.6,21.6,21.6,21.6,21.6,21.6,21.6,21.6,21.6,21.6,21.6,21.6,21.6,21.6,21.6,21.6,21.6,21.6,23.6,23.6,23.6,23.6,23.6,23.6,23.6,23.6,23.6,23.6,23.6,23.6,23.6,23.6,23.6,23.6,23.6,23.6,23.6,23.6,23.6,23.6,23.6,23.6,23.6,23.6,23.6,23.6,23.6,23.6,23.6,23.6,23.6,23.6,23.6,23.644,23.644,23.644,23.644,23.644,23.644,24.236,24.236,24.236,24.236,24.236,24.236,24.236,24.236,24.236,24.236,24.236,24.236,24.236,24.236,24.236,24.236,24.236,24.236,24.236,24.236,24.236,24.236,24.236,24.236,24.236,24.236,24.236,24.236,24.236,24.236,24.236,24.236,24.236,24.236,24.236,24.236,24.236,24.236,24.236,24.236,24.236,24.236,24.236,24.236,24.236,24.236,24.236,24.236,24.236,24.236,24.236,24.236,24.236,24.236,24.236,24.236,24.236,24.236,24.236,24.236
1958-04-01,20.2,20.2,20.2,20.2,20.2,20.2,20.2,20.2,20.2,20.2,20.2,20.2,20.2,20.2,20.2,20.2,20.2,20.2,20.2,20.2,20.2,20.2,20.2,20.2,20.2,20.2,20.2,20.2,20.2,20.2,20.1,20.1,20.1,20.1,20.1,20.1,20.1,20.1,20.1,20.1,20.1,20.1,20.1,20.1,20.1,20.1,20.1,20.1,20.1,20.1,20.1,20.1,20.1,20.1,20.1,20.1,20.1,20.1,20.1,20.1,20.1,20.1,20.1,20.1,20.1,20.1,20.1,20.1,20.1,20.1,20.1,20.1,20.1,20.1,20.9,20.9,20.9,20.9,20.9,20.9,20.9,20.9,20.9,20.9,20.9,20.9,20.9,20.9,20.9,20.9,20.9,20.9,20.9,20.9,20.9,20.9,20.9,20.9,20.9,20.9,20.9,20.9,20.9,20.9,20.9,20.9,20.9,20.9,20.9,20.9,20.9,20.9,20.9,20.9,20.9,21.0,21.0,21.0,21.0,21.0,21.0,21.0,21.0,21.0,21.0,21.0,21.0,21.0,21.0,21.0,21.0,21.0,21.0,21.0,21.0,21.0,21.0,21.0,21.0,21.0,21.0,21.0,21.0,21.0,21.0,21.0,21.0,21.0,21.0,21.0,21.0,21.0,21.0,21.0,21.0,21.0,21.0,21.0,21.0,21.0,21.0,21.0,21.0,21.0,21.0,21.0,,,,,,,,,,,21.8,21.8,21.8,21.8,21.8,21.8,21.8,21.8,21.8,21.8,21.8,21.8,21.8,21.8,21.8,21.8,21.8,21.8,21.8,21.8,21.8,21.8,21.8,,,,,,,,,,,21.8,21.8,21.8,21.8,21.8,21.8,21.8,21.8,21.8,21.8,21.8,21.8,21.8,21.8,21.8,21.8,21.8,21.8,21.8,21.8,21.8,,,,,22.0,22.0,22.0,22.0,22.0,22.0,22.0,22.0,22.0,22.0,22.0,22.0,22.0,22.0,22.0,22.0,22.0,22.0,22.0,22.0,22.0,22.0,22.0,22.0,22.0,22.0,22.0,22.0,22.0,22.0,22.0,22.0,22.0,22.0,22.0,22.0,22.0,22.0,22.0,22.0,22.0,22.0,22.0,22.0,22.0,22.0,22.0,22.0,22.0,22.0,22.0,22.0,22.0,22.0,22.0,22.0,22.0,22.0,22.0,22.0,22.0,22.0,22.0,22.0,22.0,22.0,22.0,22.0,22.0,22.0,22.0,22.0,22.0,22.0,22.0,,22.0,22.0,22.0,22.0,22.0,22.0,22.0,22.0,22.0,22.0,22.0,22.0,22.0,22.0,22.0,22.0,22.0,22.0,22.0,22.0,22.0,22.0,22.0,22.0,22.0,22.0,22.0,22.0,22.0,22.0,22.0,22.0,24.0,24.0,24.0,24.0,24.0,24.0,24.0,24.0,24.0,24.0,24.0,24.0,24.0,24.0,24.0,24.0,24.0,24.0,24.0,24.0,24.0,24.0,24.0,24.0,24.0,24.0,24.0,24.0,24.0,24.0,24.0,24.0,24.0,24.0,24.0,24.028,24.028,24.028,24.028,24.028,24.028,24.6,24.6,24.6,24.6,24.6,24.6,24.6,24.6,24.6,24.6,24.6,24.6,24.6,24.6,24.6,24.6,24.6,24.6,24.6,24.6,24.6,24.6,24.6,24.6,24.6,24.6,24.6,24.6,24.6,24.6,24.6,24.6,24.6,24.6,24.6,24.6,24.6,24.6,24.6,24.6,24.6,24.6,24.6,24.6,24.6,24.6,24.6,24.6,24.6,24.6,24.6,24.6,24.6,24.6,24.6,24.6,24.6,24.6,24.6,24.6
1958-07-01,22.8,22.8,22.8,22.8,22.8,22.8,22.8,22.8,22.8,22.8,22.8,22.8,22.8,22.8,22.8,22.8,22.8,22.8,22.8,22.8,22.8,22.8,22.8,22.8,22.8,22.8,22.8,22.8,22.8,22.8,22.6,22.6,22.6,22.6,22.6,22.6,22.6,22.6,22.6,22.6,22.6,22.6,22.6,22.6,22.6,22.6,22.6,22.6,22.6,22.6,22.6,22.6,22.6,22.6,22.6,22.6,22.6,22.6,22.6,22.6,22.6,22.6,22.6,22.6,22.6,22.6,22.6,22.6,22.6,22.6,22.6,22.6,22.6,22.6,23.3,23.3,23.3,23.3,23.3,23.3,23.3,23.3,23.3,23.3,23.3,23.3,23.3,23.3,23.3,23.3,23.3,23.3,23.3,23.3,23.3,23.3,23.3,23.3,23.3,23.3,23.3,23.3,23.3,23.3,23.3,23.3,23.3,23.3,23.3,23.3,23.3,23.3,23.3,23.3,23.3,23.4,23.4,23.4,23.4,23.4,23.4,23.4,23.4,23.4,23.4,23.4,23.4,23.4,23.4,23.4,23.4,23.4,23.4,23.4,23.4,23.4,23.4,23.4,23.4,23.4,23.4,23.4,23.4,23.4,23.4,23.4,23.4,23.4,23.4,23.4,23.4,23.4,23.4,23.4,23.4,23.4,23.4,23.4,23.4,23.4,23.4,23.4,23.4,23.4,23.4,23.4,,,,,,,,,,,24.3,24.3,24.3,24.3,24.3,24.3,24.3,24.3,24.3,24.3,24.3,24.3,24.3,24.3,24.3,24.3,24.3,24.3,24.3,24.3,24.3,24.3,24.3,,,,,,,,,,,24.3,24.3,24.3,24.3,24.3,24.3,24.3,24.3,24.3,24.3,24.3,24.3,24.3,24.3,24.3,24.3,24.3,24.3,24.3,24.3,24.3,,,,,24.5,24.5,24.5,24.5,24.5,24.5,24.5,24.5,24.5,24.5,24.5,24.5,24.5,24.5,24.5,24.5,24.5,24.5,24.5,24.5,24.5,24.5,24.5,24.5,24.5,24.5,24.5,24.5,24.5,24.5,24.5,24.5,24.5,24.5,24.5,24.5,24.5,24.5,24.5,24.5,24.5,24.5,24.5,24.5,24.5,24.5,24.5,24.5,24.5,24.5,24.5,24.5,24.5,24.5,24.5,24.5,24.5,24.5,24.5,24.5,24.5,24.5,24.5,24.5,24.5,24.5,24.5,24.5,24.5,24.5,24.5,24.5,24.5,24.5,24.5,,24.5,24.5,24.5,24.5,24.5,24.5,24.5,24.5,24.5,24.5,24.5,24.5,24.5,24.5,24.5,24.5,24.5,24.5,24.5,24.5,24.5,24.5,24.5,24.5,24.5,24.5,24.5,24.5,24.5,24.5,24.5,24.5,26.6,26.6,26.6,26.6,26.6,26.6,26.6,26.6,26.6,26.6,26.6,26.6,26.6,26.6,26.6,26.6,26.6,26.6,26.6,26.6,26.6,26.6,26.6,26.6,26.6,26.6,26.6,26.6,26.6,26.6,26.6,26.6,26.6,26.6,26.6,26.584,26.584,26.584,26.584,26.584,26.584,27.064,27.064,27.064,27.064,27.064,27.064,27.064,27.064,27.064,27.064,27.064,27.064,27.064,27.064,27.064,27.064,27.064,27.064,27.064,27.064,27.064,27.064,27.064,27.064,27.064,27.064,27.064,27.064,27.064,27.064,27.064,27.064,27.064,27.064,27.064,27.064,27.064,27.064,27.064,27.064,27.064,27.064,27.064,27.064,27.064,27.064,27.064,27.064,27.064,27.064,27.064,27.064,27.064,27.064,27.064,27.064,27.064,27.064,27.064,27.064
1958-10-01,26.2,26.2,26.2,26.2,26.2,26.2,26.2,26.2,26.2,26.2,26.2,26.2,26.2,26.2,26.2,26.2,26.2,26.2,26.2,26.2,26.2,26.2,26.2,26.2,26.2,26.2,26.2,26.2,26.2,26.2,26.0,26.0,26.0,26.0,26.0,26.0,26.0,26.0,26.0,26.0,26.0,26.0,26.0,26.0,26.0,26.0,26.0,26.0,26.0,26.0,26.0,26.0,26.0,26.0,26.0,26.0,26.0,26.0,26.0,26.0,26.0,26.0,26.0,26.0,26.0,26.0,26.0,26.0,26.0,26.0,26.0,26.0,26.0,26.0,26.7,26.7,26.7,26.7,26.7,26.7,26.7,26.7,26.7,26.7,26.7,26.7,26.7,26.7,26.7,26.7,26.7,26.7,26.7,26.7,26.7,26.7,26.7,26.7,26.7,26.7,26.7,26.7,26.7,26.7,26.7,26.7,26.7,26.7,26.7,26.7,26.7,26.7,26.7,26.7,26.7,26.7,26.7,26.7,26.7,26.7,26.7,26.7,26.7,26.7,26.7,26.7,26.7,26.7,26.7,26.7,26.7,26.7,26.7,26.7,26.7,26.7,26.7,26.7,26.7,26.7,26.7,26.7,26.7,26.7,26.7,26.7,26.7,26.7,26.7,26.7,26.7,26.7,26.7,26.7,26.7,26.7,26.7,26.7,26.7,26.7,26.7,26.7,26.7,26.7,26.7,26.7,,,,,,,,,,,27.7,27.7,27.7,27.7,27.7,27.7,27.7,27.7,27.7,27.7,27.7,27.7,27.7,27.7,27.7,27.7,27.7,27.7,27.7,27.7,27.7,27.7,27.7,,,,,,,,,,,27.7,27.7,27.7,27.7,27.7,27.7,27.7,27.7,27.7,27.7,27.7,27.7,27.7,27.7,27.7,27.7,27.7,27.7,27.7,27.7,27.7,,,,,27.9,27.9,27.9,27.9,27.9,27.9,27.9,27.9,27.9,27.9,27.9,27.9,27.9,27.9,27.9,27.9,27.9,27.9,27.9,27.9,27.9,27.9,27.9,27.9,27.9,27.9,27.9,27.9,27.9,27.9,27.9,27.9,27.9,27.9,27.9,27.9,27.9,27.9,27.9,27.9,27.9,27.9,27.9,27.9,27.9,27.9,27.9,27.9,27.9,27.9,27.9,27.9,27.9,27.9,27.9,27.9,27.9,27.9,27.9,27.9,27.9,27.9,27.9,27.9,27.9,27.9,27.9,27.9,27.9,27.9,27.9,27.9,27.9,27.9,27.9,,27.9,27.9,27.9,27.9,27.9,27.9,27.9,27.9,27.9,27.9,27.9,27.9,27.9,27.9,27.9,27.9,27.9,27.9,27.9,27.9,27.9,27.9,27.9,27.9,27.9,27.9,27.9,27.9,27.9,27.9,27.9,27.9,30.0,30.0,30.0,30.0,30.0,30.0,30.0,30.0,30.0,30.0,30.0,30.0,30.0,30.0,30.0,30.0,30.0,30.0,30.0,30.0,30.0,30.0,30.0,30.0,30.0,30.0,30.0,30.0,30.0,30.0,30.0,30.0,30.0,30.0,30.0,30.006,30.006,30.006,30.006,30.006,30.006,30.458,30.458,30.458,30.458,30.458,30.458,30.458,30.458,30.458,30.458,30.458,30.458,30.458,30.458,30.458,30.458,30.458,30.458,30.458,30.458,30.458,30.458,30.458,30.458,30.458,30.458,30.458,30.458,30.458,30.458,30.458,30.458,30.458,30.458,30.458,30.458,30.458,30.458,30.458,30.458,30.458,30.458,30.458,30.458,30.458,30.458,30.458,30.458,30.458,30.458,30.458,30.458,30.458,30.458,30.458,30.458,30.458,30.458,30.458,30.458
1959-01-01,28.0,28.0,28.0,28.0,28.0,28.0,28.0,28.0,28.0,28.0,28.0,28.0,28.0,28.0,28.0,28.0,28.0,28.0,28.0,28.0,28.0,28.0,28.0,28.0,28.0,28.0,28.0,28.0,28.0,28.0,28.1,28.1,28.1,28.1,28.1,28.1,28.1,28.1,28.1,28.1,28.1,28.1,28.1,28.1,28.1,28.1,28.1,28.1,28.1,28.1,28.1,28.1,28.1,28.1,28.1,28.1,28.1,28.1,28.1,28.1,28.1,28.1,28.1,28.1,28.1,28.1,28.1,28.1,28.1,28.1,28.1,28.1,28.1,28.1,28.9,28.9,28.9,28.9,28.9,28.9,28.9,28.9,28.9,28.9,28.9,28.9,28.9,28.9,28.9,28.9,28.9,28.9,28.9,28.9,28.9,28.9,28.9,28.9,28.9,28.9,28.9,28.9,28.9,28.9,28.9,28.9,28.9,28.9,28.9,28.9,28.9,28.9,28.9,28.9,28.9,28.9,28.9,28.9,28.9,28.9,28.9,28.9,28.9,28.9,28.9,28.9,28.9,28.9,28.9,28.9,28.9,28.9,28.9,28.9,28.9,28.9,28.9,28.9,28.9,28.9,28.9,28.9,28.9,28.9,28.9,28.9,28.9,28.9,28.9,28.9,28.9,28.9,28.9,28.9,28.9,28.9,28.9,28.9,28.9,28.9,28.9,28.9,28.9,28.9,28.9,28.9,29.6,29.6,29.6,29.6,29.6,29.6,29.6,29.6,29.6,29.6,29.6,29.6,29.6,29.6,29.6,29.6,29.6,29.6,29.6,29.6,29.6,29.6,29.6,29.6,29.6,29.6,29.6,29.6,29.6,29.6,29.6,29.6,29.6,29.6,29.6,29.6,29.6,29.6,29.6,29.6,29.6,29.6,29.6,29.6,29.6,29.6,29.6,29.6,29.6,29.6,29.6,29.6,29.6,29.6,29.6,29.6,29.6,29.6,29.6,29.6,29.6,29.6,29.6,29.6,29.8,29.8,29.8,29.8,29.8,29.8,29.8,29.8,29.8,29.8,29.8,29.8,29.8,29.8,29.8,29.8,29.8,29.8,29.8,29.8,29.8,29.8,29.8,29.8,29.8,29.8,29.8,29.8,29.8,29.8,29.8,29.8,29.8,29.8,29.8,29.8,29.8,29.8,29.8,29.8,29.8,29.8,29.8,29.8,29.8,29.8,29.8,29.8,29.8,29.8,29.8,29.8,29.8,29.8,29.8,29.8,29.8,29.8,29.8,29.8,29.8,29.8,29.8,29.8,29.8,29.8,29.8,29.8,29.8,29.8,29.8,29.8,29.8,29.8,29.8,29.8,29.8,29.8,29.8,,29.8,29.8,29.8,29.8,29.8,29.8,29.8,29.8,29.8,29.8,29.8,29.8,29.8,29.8,29.8,29.8,29.8,29.8,29.8,29.8,29.8,29.8,29.8,29.8,29.8,29.8,29.8,29.8,29.8,29.8,29.8,29.8,32.0,32.0,32.0,32.0,32.0,32.0,32.0,32.0,32.0,32.0,32.0,32.0,32.0,32.0,32.0,32.0,32.0,32.0,32.0,32.0,32.0,32.0,32.0,32.0,32.0,32.0,32.0,32.0,32.0,32.0,32.0,32.0,32.0,32.0,32.0,32.002,32.002,32.002,32.002,32.002,32.002,32.706,32.706,32.706,32.706,32.706,32.706,32.706,32.706,32.706,32.706,32.706,32.706,32.706,32.706,32.706,32.706,32.706,32.706,32.706,32.706,32.706,32.706,32.706,32.706,32.706,32.706,32.706,32.706,32.706,32.706,32.706,32.706,32.706,32.706,32.706,32.706,32.706,32.706,32.706,32.706,32.706,32.706,32.706,32.706,32.706,32.706,32.706,32.706,32.706,32.706,32.706,32.706,32.706,32.706,32.706,32.706,32.706,32.706,32.706,32.706
1959-04-01,30.8,30.8,30.8,30.8,30.8,30.8,30.8,30.8,30.8,30.8,30.8,30.8,30.8,30.8,30.8,30.8,30.8,30.8,30.8,30.8,30.8,30.8,30.8,30.8,30.8,30.8,30.8,30.8,30.8,30.8,30.4,30.4,30.4,30.4,30.4,30.4,30.4,30.4,30.4,30.4,30.4,30.4,30.4,30.4,30.4,30.4,30.4,30.4,30.4,30.4,30.4,30.4,30.4,30.4,30.4,30.4,30.4,30.4,30.4,30.4,30.4,30.4,30.4,30.4,30.4,30.4,30.4,30.4,30.4,30.4,30.4,30.4,30.4,30.4,31.3,31.3,31.3,31.3,31.3,31.3,31.3,31.3,31.3,31.3,31.3,31.3,31.3,31.3,31.3,31.3,31.3,31.3,31.3,31.3,31.3,31.3,31.3,31.3,31.3,31.3,31.3,31.3,31.3,31.3,31.3,31.3,31.3,31.3,31.3,31.3,31.3,31.3,31.3,31.3,31.3,31.3,31.3,31.3,31.3,31.3,31.3,31.3,31.3,31.3,31.3,31.3,31.3,31.3,31.3,31.3,31.3,31.3,31.3,31.3,31.3,31.3,31.3,31.3,31.3,31.3,31.3,31.3,31.3,31.3,31.3,31.3,31.3,31.3,31.3,31.3,31.3,31.3,31.3,31.3,31.3,31.3,31.3,31.3,31.3,31.3,31.3,31.3,31.3,31.3,31.3,31.3,32.2,32.2,32.2,32.2,32.2,32.2,32.2,32.2,32.2,32.2,32.2,32.2,32.2,32.2,32.2,32.2,32.2,32.2,32.2,32.2,32.2,32.2,32.2,32.2,32.2,32.2,32.2,32.2,32.2,32.2,32.2,32.2,32.2,32.2,32.2,32.2,32.2,32.2,32.2,32.2,32.2,32.2,32.2,32.2,32.2,32.2,32.2,32.2,32.2,32.2,32.2,32.2,32.2,32.2,32.2,32.2,32.2,32.2,32.2,32.2,32.2,32.2,32.2,32.2,32.5,32.5,32.5,32.5,32.5,32.5,32.5,32.5,32.5,32.5,32.5,32.5,32.5,32.5,32.5,32.5,32.5,32.5,32.5,32.5,32.5,32.5,32.5,32.5,32.5,32.5,32.5,32.5,32.5,32.5,32.5,32.5,32.5,32.5,32.5,32.5,32.5,32.5,32.5,32.5,32.5,32.5,32.5,32.5,32.5,32.5,32.5,32.5,32.5,32.5,32.5,32.5,32.5,32.5,32.5,32.5,32.5,32.5,32.5,32.5,32.5,32.5,32.5,32.5,32.5,32.5,32.5,32.5,32.5,32.5,32.5,32.5,32.5,32.5,32.5,32.5,32.5,32.5,32.5,,32.5,32.5,32.5,32.5,32.5,32.5,32.5,32.5,32.5,32.5,32.5,32.5,32.5,32.5,32.5,32.5,32.5,32.5,32.5,32.5,32.5,32.5,32.5,32.5,32.5,32.5,32.5,32.5,32.5,32.5,32.5,32.5,34.7,34.7,34.7,34.7,34.7,34.7,34.7,34.7,34.7,34.7,34.7,34.7,34.7,34.7,34.7,34.7,34.7,34.7,34.7,34.7,34.7,34.7,34.7,34.7,34.7,34.7,34.7,34.7,34.7,34.7,34.7,34.7,34.7,34.7,34.7,34.674,34.674,34.674,34.674,34.674,34.674,35.446,35.446,35.446,35.446,35.446,35.446,35.446,35.446,35.446,35.446,35.446,35.446,35.446,35.446,35.446,35.446,35.446,35.446,35.446,35.446,35.446,35.446,35.446,35.446,35.446,35.446,35.446,35.446,35.446,35.446,35.446,35.446,35.446,35.446,35.446,35.446,35.446,35.446,35.446,35.446,35.446,35.446,35.446,35.446,35.446,35.446,35.446,35.446,35.446,35.446,35.446,35.446,35.446,35.446,35.446,35.446,35.446,35.446,35.446,35.446
1959-07-01,27.9,27.9,27.9,27.9,27.9,27.9,27.9,27.9,27.9,27.9,27.9,27.9,27.9,27.9,27.9,27.9,27.9,27.9,27.9,27.9,27.9,27.9,27.9,27.9,27.9,27.9,27.9,27.9,27.9,27.9,27.1,27.1,27.1,27.1,27.1,27.1,27.1,27.1,27.1,27.1,27.1,27.1,27.1,27.1,27.1,27.1,27.1,27.1,27.1,27.1,27.1,27.1,27.1,27.1,27.1,27.1,27.1,27.1,27.1,27.1,27.1,27.1,27.1,27.1,27.1,27.1,27.1,27.1,27.1,27.1,27.1,27.1,27.1,27.1,28.1,28.1,28.1,28.1,28.1,28.1,28.1,28.1,28.1,28.1,28.1,28.1,28.1,28.1,28.1,28.1,28.1,28.1,28.1,28.1,28.1,28.1,28.1,28.1,28.1,28.1,28.1,28.1,28.1,28.1,28.1,28.1,28.1,28.1,28.1,28.1,28.1,28.1,28.1,28.1,28.1,28.1,28.1,28.1,28.1,28.1,28.1,28.1,28.1,28.1,28.1,28.1,28.1,28.1,28.1,28.1,28.1,28.1,28.1,28.1,28.1,28.1,28.1,28.1,28.1,28.1,28.1,28.1,28.1,28.1,28.1,28.1,28.1,28.1,28.1,28.1,28.1,28.1,28.1,28.1,28.1,28.1,28.1,28.1,28.1,28.1,28.1,28.1,28.1,28.1,28.1,28.1,28.9,28.9,28.9,28.9,28.9,28.9,28.9,28.9,28.9,28.9,28.9,28.9,28.9,28.9,28.9,28.9,28.9,28.9,28.9,28.9,28.9,28.9,28.9,28.9,28.9,28.9,28.9,28.9,28.9,28.9,28.9,28.9,28.9,28.9,28.9,28.9,28.9,28.9,28.9,28.9,28.9,28.9,28.9,28.9,28.9,28.9,28.9,28.9,28.9,28.9,28.9,28.9,28.9,28.9,28.9,28.9,28.9,28.9,28.9,28.9,28.9,28.9,28.9,28.9,29.2,29.2,29.2,29.2,29.2,29.2,29.2,29.2,29.2,29.2,29.2,29.2,29.2,29.2,29.2,29.2,29.2,29.2,29.2,29.2,29.2,29.2,29.2,29.2,29.2,29.2,29.2,29.2,29.2,29.2,29.2,29.2,29.2,29.2,29.2,29.2,29.2,29.2,29.2,29.2,29.2,29.2,29.2,29.2,29.2,29.2,29.2,29.2,29.2,29.2,29.2,29.2,29.2,29.2,29.2,29.2,29.2,29.2,29.2,29.2,29.2,29.2,29.2,29.2,29.2,29.2,29.2,29.2,29.2,29.2,29.2,29.2,29.2,29.2,29.2,29.2,29.2,29.2,29.2,,29.2,29.2,29.2,29.2,29.2,29.2,29.2,29.2,29.2,29.2,29.2,29.2,29.2,29.2,29.2,29.2,29.2,29.2,29.2,29.2,29.2,29.2,29.2,29.2,29.2,29.2,29.2,29.2,29.2,29.2,29.2,29.2,31.4,31.4,31.4,31.4,31.4,31.4,31.4,31.4,31.4,31.4,31.4,31.4,31.4,31.4,31.4,31.4,31.4,31.4,31.4,31.4,31.4,31.4,31.4,31.4,31.4,31.4,31.4,31.4,31.4,31.4,31.4,31.4,31.4,31.4,31.4,31.433,31.433,31.433,31.433,31.433,31.433,32.441,32.441,32.441,32.441,32.441,32.441,32.441,32.441,32.441,32.441,32.441,32.441,32.441,32.441,32.441,32.441,32.441,32.441,32.441,32.441,32.441,32.441,32.441,32.441,32.441,32.441,32.441,32.441,32.441,32.441,32.441,32.441,32.441,32.441,32.441,32.441,32.441,32.441,32.441,32.441,32.441,32.441,32.441,32.441,32.441,32.441,32.441,32.441,32.441,32.441,32.441,32.441,32.441,32.441,32.441,32.441,32.441,32.441,32.441,32.441
1959-10-01,27.0,27.0,27.0,27.0,27.0,27.0,27.0,27.0,27.0,27.0,27.0,27.0,27.0,27.0,27.0,27.0,27.0,27.0,27.0,27.0,27.0,27.0,27.0,27.0,27.0,27.0,27.0,27.0,27.0,27.0,26.3,26.3,26.3,26.3,26.3,26.3,26.3,26.3,26.3,26.3,26.3,26.3,26.3,26.3,26.3,26.3,26.3,26.3,26.3,26.3,26.3,26.3,26.3,26.3,26.3,26.3,26.3,26.3,26.3,26.3,26.3,26.3,26.3,26.3,26.3,26.3,26.3,26.3,26.3,26.3,26.3,26.3,26.3,26.3,27.4,27.4,27.4,27.4,27.4,27.4,27.4,27.4,27.4,27.4,27.4,27.4,27.4,27.4,27.4,27.4,27.4,27.4,27.4,27.4,27.4,27.4,27.4,27.4,27.4,27.4,27.4,27.4,27.4,27.4,27.4,27.4,27.4,27.4,27.4,27.4,27.4,27.4,27.4,27.4,27.4,27.4,27.4,27.4,27.4,27.4,27.4,27.4,27.4,27.4,27.4,27.4,27.4,27.4,27.4,27.4,27.4,27.4,27.4,27.4,27.4,27.4,27.4,27.4,27.4,27.4,27.4,27.4,27.4,27.4,27.4,27.4,27.4,27.4,27.4,27.4,27.4,27.4,27.4,27.4,27.4,27.4,27.4,27.4,27.4,27.4,27.4,27.4,27.4,27.4,27.4,27.4,28.3,28.3,28.3,28.3,28.3,28.3,28.3,28.3,28.3,28.3,28.3,28.3,28.3,28.3,28.3,28.3,28.3,28.3,28.3,28.3,28.3,28.3,28.3,28.3,28.3,28.3,28.3,28.3,28.3,28.3,28.3,28.3,28.3,28.3,28.3,28.3,28.3,28.3,28.3,28.3,28.3,28.3,28.3,28.3,28.3,28.3,28.3,28.3,28.3,28.3,28.3,28.3,28.3,28.3,28.3,28.3,28.3,28.3,28.3,28.3,28.3,28.3,28.3,28.3,28.6,28.6,28.6,28.6,28.6,28.6,28.6,28.6,28.6,28.6,28.6,28.6,28.6,28.6,28.6,28.6,28.6,28.6,28.6,28.6,28.6,28.6,28.6,28.6,28.6,28.6,28.6,28.6,28.6,28.6,28.6,28.6,28.6,28.6,28.6,28.6,28.6,28.6,28.6,28.6,28.6,28.6,28.6,28.6,28.6,28.6,28.6,28.6,28.6,28.6,28.6,28.6,28.6,28.6,28.6,28.6,28.6,28.6,28.6,28.6,28.6,28.6,28.6,28.6,28.6,28.6,28.6,28.6,28.6,28.6,28.6,28.6,28.6,28.6,28.6,28.6,28.6,28.6,28.6,,28.6,28.6,28.6,28.6,28.6,28.6,28.6,28.6,28.6,28.6,28.6,28.6,28.6,28.6,28.6,28.6,28.6,28.6,28.6,28.6,28.6,28.6,28.6,28.6,28.6,28.6,28.6,28.6,28.6,28.6,28.6,28.6,30.8,30.8,30.8,30.8,30.8,30.8,30.8,30.8,30.8,30.8,30.8,30.8,30.8,30.8,30.8,30.8,30.8,30.8,30.8,30.8,30.8,30.8,30.8,30.8,30.8,30.8,30.8,30.8,30.8,30.8,30.8,30.8,30.8,30.8,30.8,30.8,30.8,30.8,30.8,30.8,30.8,31.96,31.96,31.96,31.96,31.96,31.96,31.96,31.96,31.96,31.96,31.96,31.96,31.96,31.96,31.96,31.96,31.96,31.96,31.96,31.96,31.96,31.96,31.96,31.96,31.96,31.96,31.96,31.96,31.96,31.96,31.96,31.96,31.96,31.96,31.96,31.96,31.96,31.96,31.96,31.96,31.96,31.96,31.96,31.96,31.96,31.96,31.96,31.96,31.96,31.96,31.96,31.96,31.96,31.96,31.96,31.96,31.96,31.96,31.96,31.96
1960-01-01,28.9,28.9,28.9,28.9,28.9,28.9,28.9,28.9,28.9,28.9,28.9,28.9,28.9,28.9,28.9,28.9,28.9,28.9,28.9,28.9,28.9,28.9,28.9,28.9,28.9,28.9,28.9,28.9,28.9,28.9,28.3,28.3,28.3,28.3,28.3,28.3,28.3,28.3,28.3,28.3,28.3,28.3,28.3,28.3,28.3,28.3,28.3,28.3,28.3,28.3,28.3,28.3,28.3,28.3,28.3,28.3,28.3,28.3,28.3,28.3,28.3,28.3,28.3,28.3,28.3,28.3,28.3,28.3,28.3,28.3,28.3,28.3,28.3,28.3,29.6,29.6,29.6,29.6,29.6,29.6,29.6,29.6,29.6,29.6,29.6,29.6,29.6,29.6,29.6,29.6,29.6,29.6,29.6,29.6,29.6,29.6,29.6,29.6,29.6,29.6,29.6,29.6,29.6,29.6,29.6,29.6,29.6,29.6,29.6,29.6,29.6,29.6,29.6,29.6,29.6,29.6,29.6,29.6,29.6,29.6,29.6,29.6,29.6,29.6,29.6,29.6,29.6,29.6,29.6,29.6,29.6,29.6,29.6,29.6,29.6,29.6,29.6,29.6,29.6,29.6,29.6,29.6,29.6,29.6,29.6,29.6,29.6,29.6,29.6,29.6,29.6,29.6,29.6,29.6,29.6,29.6,29.6,29.6,29.6,29.6,29.6,29.6,29.6,29.6,29.6,29.6,31.1,31.1,31.1,31.1,31.1,31.1,31.1,31.1,31.1,31.1,31.1,31.1,31.1,31.1,31.1,31.1,31.1,31.1,31.1,31.1,31.1,31.1,31.1,31.1,31.1,31.1,31.1,31.1,31.1,31.1,31.1,31.1,31.1,31.1,31.1,31.1,31.1,31.1,31.1,31.1,31.1,31.1,31.1,31.1,31.1,31.1,31.1,31.1,31.1,31.1,31.1,31.1,31.1,31.1,31.1,31.1,31.1,31.1,31.1,31.1,31.1,31.1,31.1,31.1,31.5,31.5,31.5,31.5,31.5,31.5,31.5,31.5,31.5,31.5,31.5,31.5,31.5,31.5,31.5,31.5,31.5,31.5,31.5,31.5,31.5,31.5,31.5,31.5,31.5,31.5,31.5,31.5,31.5,31.5,31.5,31.5,31.5,31.5,31.5,31.5,31.5,31.5,31.5,31.5,31.5,31.5,31.5,31.5,31.5,31.5,31.5,31.5,31.5,31.5,31.5,31.5,31.5,31.5,31.5,31.5,31.5,31.5,31.5,31.5,31.5,31.5,31.5,31.5,31.5,31.5,31.5,31.5,31.5,31.5,31.5,31.5,31.5,31.5,31.5,31.5,31.5,31.5,31.5,,31.5,31.5,31.5,31.5,31.5,31.5,31.5,31.5,31.5,31.5,31.5,31.5,31.5,31.5,31.5,31.5,31.5,31.5,31.5,31.5,31.5,31.5,31.5,31.5,31.5,31.5,31.5,31.5,31.5,31.5,31.5,31.5,33.7,33.7,33.7,33.7,33.7,33.7,33.7,33.7,33.7,33.7,33.7,33.7,33.7,33.7,33.7,33.7,33.7,33.7,33.7,33.7,33.7,33.7,33.7,33.7,33.7,33.7,33.7,33.7,33.7,33.7,33.7,33.7,33.7,33.7,33.7,33.674,33.674,33.674,33.674,33.674,33.674,34.614,34.614,34.614,34.614,34.614,34.614,34.614,34.614,34.614,34.614,34.614,34.614,34.614,34.614,34.614,34.614,34.614,34.614,34.614,34.614,34.614,34.614,34.614,34.614,34.614,34.614,34.614,34.614,34.614,34.614,34.614,34.614,34.614,34.614,34.614,34.614,34.614,34.614,34.614,34.614,34.614,34.614,34.614,34.614,34.614,34.614,34.614,34.614,34.614,34.614,34.614,34.614,34.614,34.614,34.614,34.614,34.614,34.614,34.614,34.614
1960-04-01,27.8,27.8,27.8,27.8,27.8,27.8,27.8,27.8,27.8,27.8,27.8,27.8,27.8,27.8,27.8,27.8,27.8,27.8,27.8,27.8,27.8,27.8,27.8,27.8,27.8,27.8,27.8,27.8,27.8,27.8,26.1,26.1,26.1,26.1,26.1,26.1,26.1,26.1,26.1,26.1,26.1,26.1,26.1,26.1,26.1,26.1,26.1,26.1,26.1,26.1,26.1,26.1,26.1,26.1,26.1,26.1,26.1,26.1,26.1,26.1,26.1,26.1,26.1,26.1,26.1,26.1,26.1,26.1,26.1,26.1,26.1,26.1,26.1,26.1,27.4,27.4,27.4,27.4,27.4,27.4,27.4,27.4,27.4,27.4,27.4,27.4,27.4,27.4,27.4,27.4,27.4,27.4,27.4,27.4,27.4,27.4,27.4,27.4,27.4,27.4,27.4,27.4,27.4,27.4,27.4,27.4,27.4,27.4,27.4,27.4,27.4,27.4,27.4,27.4,27.4,27.5,27.5,27.5,27.5,27.5,27.5,27.5,27.5,27.5,27.5,27.5,27.5,27.5,27.5,27.5,27.5,27.5,27.5,27.5,27.5,27.5,27.5,27.5,27.5,27.5,27.5,27.5,27.5,27.5,27.5,27.5,27.5,27.5,27.5,27.5,27.5,27.5,27.5,27.5,27.5,27.5,27.5,27.5,27.5,27.5,27.5,27.5,27.5,27.5,27.5,27.5,28.7,28.7,28.7,28.7,28.7,28.7,28.7,28.7,28.7,28.7,28.7,28.7,28.7,28.7,28.7,28.7,28.7,28.7,28.7,28.7,28.7,28.7,28.7,28.7,28.7,28.7,28.7,28.7,28.7,28.7,28.7,28.7,28.7,28.7,28.7,28.7,28.7,28.7,28.7,28.7,28.7,28.7,28.7,28.7,28.7,28.7,28.7,28.7,28.7,28.7,28.7,28.7,28.7,28.7,28.7,28.7,28.7,28.7,28.7,28.7,28.7,28.7,28.7,28.7,29.2,29.2,29.2,29.2,29.2,29.2,29.2,29.2,29.2,29.2,29.2,29.2,29.2,29.2,29.2,29.2,29.2,29.2,29.2,29.2,29.2,29.2,29.2,29.2,29.2,29.2,29.2,29.2,29.2,29.2,29.2,29.2,29.2,29.2,29.2,29.2,29.2,29.2,29.2,29.2,29.2,29.2,29.2,29.2,29.2,29.2,29.2,29.2,29.2,29.2,29.2,29.2,29.2,29.2,29.2,29.2,29.2,29.2,29.2,29.2,29.2,29.2,29.2,29.2,29.2,29.2,29.2,29.2,29.2,29.2,29.2,29.2,29.2,29.2,29.2,29.2,29.2,29.2,29.2,,29.2,29.2,29.2,29.2,29.2,29.2,29.2,29.2,29.2,29.2,29.2,29.2,29.2,29.2,29.2,29.2,29.2,29.2,29.2,29.2,29.2,29.2,29.2,29.2,29.2,29.2,29.2,29.2,29.2,29.2,29.2,29.2,31.4,31.4,31.4,31.4,31.4,31.4,31.4,31.4,31.4,31.4,31.4,31.4,31.4,31.4,31.4,31.4,31.4,31.4,31.4,31.4,31.4,31.4,31.4,31.4,31.4,31.4,31.4,31.4,31.4,31.4,31.4,31.4,31.4,31.4,31.4,31.364,31.364,31.364,31.364,31.364,31.364,32.312,32.312,32.312,32.312,32.312,32.312,32.312,32.312,32.312,32.312,32.312,32.312,32.312,32.312,32.312,32.312,32.312,32.312,32.312,32.312,32.312,32.312,32.312,32.312,32.312,32.312,32.312,32.312,32.312,32.312,32.312,32.312,32.312,32.312,32.312,32.312,32.312,32.312,32.312,32.312,32.312,32.312,32.312,32.312,32.312,32.312,32.312,32.312,32.312,32.312,32.312,32.312,32.312,32.312,32.312,32.312,32.312,32.312,32.312,32.312
1960-07-01,25.5,25.5,25.5,25.5,25.5,25.5,25.5,25.5,25.5,25.5,25.5,25.5,25.5,25.5,25.5,25.5,25.5,25.5,25.5,25.5,25.5,25.5,25.5,25.5,25.5,25.5,25.5,25.5,25.5,25.5,25.0,25.0,25.0,25.0,25.0,25.0,25.0,25.0,25.0,25.0,25.0,25.0,25.0,25.0,25.0,25.0,25.0,25.0,25.0,25.0,25.0,25.0,25.0,25.0,25.0,25.0,25.0,25.0,25.0,25.0,25.0,25.0,25.0,25.0,25.0,25.0,25.0,25.0,25.0,25.0,25.0,25.0,25.0,25.0,26.4,26.4,26.4,26.4,26.4,26.4,26.4,26.4,26.4,26.4,26.4,26.4,26.4,26.4,26.4,26.4,26.4,26.4,26.4,26.4,26.4,26.4,26.4,26.4,26.4,26.4,26.4,26.4,26.4,26.4,26.4,26.4,26.4,26.4,26.4,26.4,26.4,26.4,26.4,26.4,26.4,26.5,26.5,26.5,26.5,26.5,26.5,26.5,26.5,26.5,26.5,26.5,26.5,26.5,26.5,26.5,26.5,26.5,26.5,26.5,26.5,26.5,26.5,26.5,26.5,26.5,26.5,26.5,26.5,26.5,26.5,26.5,26.5,26.5,26.5,26.5,26.5,26.5,26.5,26.5,26.5,26.5,26.5,26.5,26.5,26.5,26.5,26.5,26.5,26.5,26.5,26.5,27.5,27.5,27.5,27.5,27.5,27.5,27.5,27.5,27.5,27.5,27.5,27.5,27.5,27.5,27.5,27.5,27.5,27.5,27.5,27.5,27.5,27.5,27.5,27.5,27.5,27.5,27.5,27.5,27.5,27.5,27.5,27.5,27.5,27.5,27.5,27.5,27.5,27.5,27.5,27.5,27.5,27.5,27.5,27.5,27.5,27.5,27.5,27.5,27.5,27.5,27.5,27.5,27.5,27.5,27.5,27.5,27.5,27.5,27.5,27.5,27.5,27.5,27.5,27.5,27.9,27.9,27.9,27.9,27.9,27.9,27.9,27.9,27.9,27.9,27.9,27.9,27.9,27.9,27.9,27.9,27.9,27.9,27.9,27.9,27.9,27.9,27.9,27.9,27.9,27.9,27.9,27.9,27.9,27.9,27.9,27.9,27.9,27.9,27.9,27.9,27.9,27.9,27.9,27.9,27.9,27.9,27.9,27.9,27.9,27.9,27.9,27.9,27.9,27.9,27.9,27.9,27.9,27.9,27.9,27.9,27.9,27.9,27.9,27.9,27.9,27.9,27.9,27.9,27.9,27.9,27.9,27.9,27.9,27.9,27.9,27.9,27.9,27.9,27.9,27.9,27.9,27.9,27.9,,27.9,27.9,27.9,27.9,27.9,27.9,27.9,27.9,27.9,27.9,27.9,27.9,27.9,27.9,27.9,27.9,27.9,27.9,27.9,27.9,27.9,27.9,27.9,27.9,27.9,27.9,27.9,27.9,27.9,27.9,27.9,27.9,30.1,30.1,30.1,30.1,30.1,30.1,30.1,30.1,30.1,30.1,30.1,30.1,30.1,30.1,30.1,30.1,30.1,30.1,30.1,30.1,30.1,30.1,30.1,30.1,30.1,30.1,30.1,30.1,30.1,30.1,30.1,30.1,30.1,30.1,30.1,30.131,30.131,30.131,30.131,30.131,30.131,31.023,31.023,31.023,31.023,31.023,31.023,31.023,31.023,31.023,31.023,31.023,31.023,31.023,31.023,31.023,31.023,31.023,31.023,31.023,31.023,31.023,31.023,31.023,31.023,31.023,31.023,31.023,31.023,31.023,31.023,31.023,31.023,31.023,31.023,31.023,31.023,31.023,31.023,31.023,31.023,31.023,31.023,31.023,31.023,31.023,31.023,31.023,31.023,31.023,31.023,31.023,31.023,31.023,31.023,31.023,31.023,31.023,31.023,31.023,31.023
1960-10-01,24.5,24.5,24.5,24.5,24.5,24.5,24.5,24.5,24.5,24.5,24.5,24.5,24.5,24.5,24.5,24.5,24.5,24.5,24.5,24.5,24.5,24.5,24.5,24.5,24.5,24.5,24.5,24.5,24.5,24.5,24.0,24.0,24.0,24.0,24.0,24.0,24.0,24.0,24.0,24.0,24.0,24.0,24.0,24.0,24.0,24.0,24.0,24.0,24.0,24.0,24.0,24.0,24.0,24.0,24.0,24.0,24.0,24.0,24.0,24.0,24.0,24.0,24.0,24.0,24.0,24.0,24.0,24.0,24.0,24.0,24.0,24.0,24.0,24.0,25.2,25.2,25.2,25.2,25.2,25.2,25.2,25.2,25.2,25.2,25.2,25.2,25.2,25.2,25.2,25.2,25.2,25.2,25.2,25.2,25.2,25.2,25.2,25.2,25.2,25.2,25.2,25.2,25.2,25.2,25.2,25.2,25.2,25.2,25.2,25.2,25.2,25.2,25.2,25.2,25.2,25.3,25.3,25.3,25.3,25.3,25.3,25.3,25.3,25.3,25.3,25.3,25.3,25.3,25.3,25.3,25.3,25.3,25.3,25.3,25.3,25.3,25.3,25.3,25.3,25.3,25.3,25.3,25.3,25.3,25.3,25.3,25.3,25.3,25.3,25.3,25.3,25.3,25.3,25.3,25.3,25.3,25.3,25.3,25.3,25.3,25.3,25.3,25.3,25.3,25.3,25.3,26.5,26.5,26.5,26.5,26.5,26.5,26.5,26.5,26.5,26.5,26.5,26.5,26.5,26.5,26.5,26.5,26.5,26.5,26.5,26.5,26.5,26.5,26.5,26.5,26.5,26.5,26.5,26.5,26.5,26.5,26.5,26.5,26.5,26.5,26.5,26.5,26.5,26.5,26.5,26.5,26.5,26.5,26.5,26.5,26.5,26.5,26.5,26.5,26.5,26.5,26.5,26.5,26.5,26.5,26.5,26.5,26.5,26.5,26.5,26.5,26.5,26.5,26.5,26.5,26.9,26.9,26.9,26.9,26.9,26.9,26.9,26.9,26.9,26.9,26.9,26.9,26.9,26.9,26.9,26.9,26.9,26.9,26.9,26.9,26.9,26.9,26.9,26.9,26.9,26.9,26.9,26.9,26.9,26.9,26.9,26.9,26.9,26.9,26.8,26.8,26.8,26.8,26.8,26.8,26.8,26.8,26.8,26.8,26.8,26.8,26.8,26.8,26.8,26.8,26.8,26.8,26.8,26.8,26.8,26.8,26.8,26.8,26.8,26.8,26.8,26.8,26.8,26.8,26.8,26.8,26.8,26.8,26.8,26.8,26.8,26.8,26.8,26.8,26.8,26.8,26.8,26.8,26.8,,26.8,26.8,26.8,26.8,26.8,26.8,26.8,26.8,26.8,26.8,26.8,26.8,26.8,26.8,26.8,26.8,26.8,26.8,26.8,26.8,26.8,26.8,26.8,26.8,26.8,26.8,26.8,26.8,26.8,26.8,26.8,26.8,29.1,29.1,29.1,29.1,29.1,29.1,29.1,29.1,29.1,29.1,29.1,29.1,29.1,29.1,29.1,29.1,29.1,29.1,29.1,29.1,29.1,29.1,29.1,29.1,29.1,29.1,29.1,29.1,29.1,29.1,29.1,29.1,29.1,29.1,29.1,29.114,29.114,29.114,29.114,29.114,29.114,29.922,29.922,29.922,29.922,29.922,29.922,29.922,29.922,29.922,29.922,29.922,29.922,29.922,29.922,29.922,29.922,29.922,29.922,29.922,29.922,29.922,29.922,29.922,29.922,29.922,29.922,29.922,29.922,29.922,29.922,29.922,29.922,29.922,29.922,29.922,29.922,29.922,29.922,29.922,29.922,29.922,29.922,29.922,29.922,29.922,29.922,29.922,29.922,29.922,29.922,29.922,29.922,29.922,29.922,29.922,29.922,29.922,29.922,29.922,29.922
1961-01-01,24.4,24.4,24.4,24.4,24.4,24.4,24.4,24.4,24.4,24.4,24.4,24.4,24.4,24.4,24.4,24.4,24.4,24.4,24.4,24.4,24.4,24.4,24.4,24.4,24.4,24.4,24.4,24.4,24.4,24.4,23.5,23.5,23.5,23.5,23.5,23.5,23.5,23.5,23.5,23.5,23.5,23.5,23.5,23.5,23.5,23.5,23.5,23.5,23.5,23.5,23.5,23.5,23.5,23.5,23.5,23.5,23.5,23.5,23.5,23.5,23.5,23.5,23.5,23.5,23.5,23.5,23.5,23.5,23.5,23.5,23.5,23.5,23.5,23.5,24.7,24.7,24.7,24.7,24.7,24.7,24.7,24.7,24.7,24.7,24.7,24.7,24.7,24.7,24.7,24.7,24.7,24.7,24.7,24.7,24.7,24.7,24.7,24.7,24.7,24.7,24.7,24.7,24.7,24.7,24.7,24.7,24.7,24.7,24.7,24.7,24.7,24.7,24.7,24.7,24.7,24.8,24.8,24.8,24.8,24.8,24.8,24.8,24.8,24.8,24.8,24.8,24.8,24.8,24.8,24.8,24.8,24.8,24.8,24.8,24.8,24.8,24.8,24.8,24.8,24.8,24.8,24.8,24.8,24.8,24.8,24.8,24.8,24.8,24.8,24.8,24.8,24.8,24.8,24.8,24.8,24.8,24.8,24.8,24.8,24.8,24.8,24.8,24.8,24.8,24.8,24.8,25.8,25.8,25.8,25.8,25.8,25.8,25.8,25.8,25.8,25.8,25.8,25.8,25.8,25.8,25.8,25.8,25.8,25.8,25.8,25.8,25.8,25.8,25.8,25.8,25.8,25.8,25.8,25.8,25.8,25.8,25.8,25.8,25.8,25.8,25.8,25.8,25.8,25.8,25.8,25.8,25.8,25.8,25.8,25.8,25.8,25.8,25.8,25.8,25.8,25.8,25.8,25.8,25.8,25.8,25.8,25.8,25.8,25.8,25.8,25.8,25.8,25.8,25.8,25.8,26.2,26.2,26.2,26.2,26.2,26.2,26.2,26.2,26.2,26.2,26.2,26.2,26.2,26.2,26.2,26.2,26.2,26.2,26.2,26.2,26.2,26.2,26.2,26.2,26.2,26.2,26.2,26.2,26.2,26.2,26.2,26.2,26.2,26.2,26.2,26.2,26.2,26.2,26.2,26.2,26.2,26.2,26.2,26.2,26.2,26.2,26.2,26.2,26.2,26.2,26.2,26.2,26.2,26.2,26.2,26.2,26.2,26.2,26.2,26.2,26.2,26.2,26.2,26.2,26.2,26.2,26.2,26.2,26.2,26.2,26.2,26.2,26.2,26.2,26.2,26.2,26.2,26.2,26.2,,26.2,26.2,26.2,26.2,26.2,26.2,26.2,26.2,26.2,26.2,26.2,26.2,26.2,26.2,26.2,26.2,26.2,26.2,26.2,26.2,26.2,26.2,26.2,26.2,26.2,26.2,26.2,26.2,26.2,26.2,26.2,26.2,28.5,28.5,28.5,28.5,28.5,28.5,28.5,28.5,28.5,28.5,28.5,28.5,28.5,28.5,28.5,28.5,28.5,28.5,28.5,28.5,28.5,28.5,28.5,28.5,28.5,28.5,28.5,28.5,28.5,28.5,28.5,28.5,28.5,28.5,28.5,28.523,28.523,28.523,28.523,28.523,28.523,29.223,29.223,29.223,29.223,29.223,29.223,29.223,29.223,29.223,29.223,29.223,29.223,29.223,29.223,29.223,29.223,29.223,29.223,29.223,29.223,29.223,29.223,29.223,29.223,29.223,29.223,29.223,29.223,29.223,29.223,29.223,29.223,29.223,29.223,29.223,29.223,29.223,29.223,29.223,29.223,29.223,29.223,29.223,29.223,29.223,29.223,29.223,29.223,29.223,29.223,29.223,29.223,29.223,29.223,29.223,29.223,29.223,29.223,29.223,29.223
1961-04-01,26.4,26.4,26.4,26.4,26.4,26.4,26.4,26.4,26.4,26.4,26.4,26.4,26.4,26.4,26.4,26.4,26.4,26.4,26.4,26.4,26.4,26.4,26.4,26.4,26.4,26.4,26.4,26.4,26.4,26.4,24.8,24.8,24.8,24.8,24.8,24.8,24.8,24.8,24.8,24.8,24.8,24.8,24.8,24.8,24.8,24.8,24.8,24.8,24.8,24.8,24.8,24.8,24.8,24.8,24.8,24.8,24.8,24.8,24.8,24.8,24.8,24.8,24.8,24.8,24.8,24.8,24.8,24.8,24.8,24.8,24.8,24.8,24.8,24.8,26.0,26.0,26.0,26.0,26.0,26.0,26.0,26.0,26.0,26.0,26.0,26.0,26.0,26.0,26.0,26.0,26.0,26.0,26.0,26.0,26.0,26.0,26.0,26.0,26.0,26.0,26.0,26.0,26.0,26.0,26.0,26.0,26.0,26.0,26.0,26.0,26.0,26.0,26.0,26.0,26.0,26.1,26.1,26.1,26.1,26.1,26.1,26.1,26.1,26.1,26.1,26.1,26.1,26.1,26.1,26.1,26.1,26.1,26.1,26.1,26.1,26.1,26.1,26.1,26.1,26.1,26.1,26.1,26.1,26.1,26.1,26.1,26.1,26.1,26.1,26.1,26.1,26.1,26.1,26.1,26.1,26.1,26.1,26.1,26.1,26.1,26.1,26.1,26.1,26.1,26.1,26.1,27.2,27.2,27.2,27.2,27.2,27.2,27.2,27.2,27.2,27.2,27.2,27.2,27.2,27.2,27.2,27.2,27.2,27.2,27.2,27.2,27.2,27.2,27.2,27.2,27.2,27.2,27.2,27.2,27.2,27.2,27.2,27.2,27.2,27.2,27.2,27.2,27.2,27.2,27.2,27.2,27.2,27.2,27.2,27.2,27.2,27.2,27.2,27.2,27.2,27.2,27.2,27.2,27.2,27.2,27.2,27.2,27.2,27.2,27.2,27.2,27.2,27.2,27.2,27.2,27.7,27.7,27.7,27.7,27.7,27.7,27.7,27.7,27.7,27.7,27.7,27.7,27.7,27.7,27.7,27.7,27.7,27.7,27.7,27.7,27.7,27.7,27.7,27.7,27.7,27.7,27.7,27.7,27.7,27.7,27.7,27.7,27.7,27.7,27.6,27.6,27.6,27.6,27.6,27.6,27.6,27.6,27.6,27.6,27.6,27.6,27.6,27.6,27.6,27.6,27.6,27.6,27.6,27.6,27.6,27.6,27.6,27.6,27.6,27.6,27.6,27.6,27.6,27.6,27.6,27.6,27.6,27.6,27.6,27.6,27.6,27.6,27.6,27.6,27.6,27.6,27.6,27.6,27.6,,27.6,27.6,27.6,27.6,27.6,27.6,27.6,27.6,27.6,27.6,27.6,27.6,27.6,27.6,27.6,27.6,27.6,27.6,27.6,27.6,27.6,27.6,27.6,27.6,27.6,27.6,27.6,27.6,27.6,27.6,27.6,27.6,30.0,30.0,30.0,30.0,30.0,30.0,30.0,30.0,30.0,30.0,30.0,30.0,30.0,30.0,30.0,30.0,30.0,30.0,30.0,30.0,30.0,30.0,30.0,30.0,30.0,30.0,30.0,30.0,30.0,30.0,30.0,30.0,30.0,30.0,30.0,30.003,30.003,30.003,30.003,30.003,30.003,30.671,30.671,30.671,30.671,30.671,30.671,30.671,30.671,30.671,30.671,30.671,30.671,30.671,30.671,30.671,30.671,30.671,30.671,30.671,30.671,30.671,30.671,30.671,30.671,30.671,30.671,30.671,30.671,30.671,30.671,30.671,30.671,30.671,30.671,30.671,30.671,30.671,30.671,30.671,30.671,30.671,30.671,30.671,30.671,30.671,30.671,30.671,30.671,30.671,30.671,30.671,30.671,30.671,30.671,30.671,30.671,30.671,30.671,30.671,30.671
1961-07-01,27.8,27.8,27.8,27.8,27.8,27.8,27.8,27.8,27.8,27.8,27.8,27.8,27.8,27.8,27.8,27.8,27.8,27.8,27.8,27.8,27.8,27.8,27.8,27.8,27.8,27.8,27.8,27.8,27.8,27.8,26.4,26.4,26.4,26.4,26.4,26.4,26.4,26.4,26.4,26.4,26.4,26.4,26.4,26.4,26.4,26.4,26.4,26.4,26.4,26.4,26.4,26.4,26.4,26.4,26.4,26.4,26.4,26.4,26.4,26.4,26.4,26.4,26.4,26.4,26.4,26.4,26.4,26.4,26.4,26.4,26.4,26.4,26.4,26.4,27.5,27.5,27.5,27.5,27.5,27.5,27.5,27.5,27.5,27.5,27.5,27.5,27.5,27.5,27.5,27.5,27.5,27.5,27.5,27.5,27.5,27.5,27.5,27.5,27.5,27.5,27.5,27.5,27.5,27.5,27.5,27.5,27.5,27.5,27.5,27.5,27.5,27.5,27.5,27.5,27.5,27.6,27.6,27.6,27.6,27.6,27.6,27.6,27.6,27.6,27.6,27.6,27.6,27.6,27.6,27.6,27.6,27.6,27.6,27.6,27.6,27.6,27.6,27.6,27.6,27.6,27.6,27.6,27.6,27.6,27.6,27.6,27.6,27.6,27.6,27.6,27.6,27.6,27.6,27.6,27.6,27.6,27.6,27.6,27.6,27.6,27.6,27.6,27.6,27.6,27.6,27.6,28.8,28.8,28.8,28.8,28.8,28.8,28.8,28.8,28.8,28.8,28.8,28.8,28.8,28.8,28.8,28.8,28.8,28.8,28.8,28.8,28.8,28.8,28.8,28.8,28.8,28.8,28.8,28.8,28.8,28.8,28.8,28.8,28.8,28.8,28.8,28.8,28.8,28.8,28.8,28.8,28.8,28.8,28.8,28.8,28.8,28.8,28.8,28.8,28.8,28.8,28.8,28.8,28.8,28.8,28.8,28.8,28.8,28.8,28.8,28.8,28.8,28.8,28.8,28.8,29.3,29.3,29.3,29.3,29.3,29.3,29.3,29.3,29.3,29.3,29.3,29.3,29.3,29.3,29.3,29.3,29.3,29.3,29.3,29.3,29.3,29.3,29.3,29.3,29.3,29.3,29.3,29.3,29.3,29.3,29.3,29.3,29.3,29.3,29.3,29.3,29.3,29.3,29.3,29.3,29.3,29.3,29.3,29.3,29.3,29.3,29.3,29.3,29.3,29.3,29.3,29.3,29.3,29.3,29.3,29.3,29.3,29.3,29.3,29.3,29.3,29.3,29.3,29.3,29.3,29.3,29.3,29.3,29.3,29.3,29.3,29.3,29.3,29.3,29.3,29.3,29.3,29.3,29.3,,29.3,29.3,29.3,29.3,29.3,29.3,29.3,29.3,29.3,29.3,29.3,29.3,29.3,29.3,29.3,29.3,29.3,29.3,29.3,29.3,29.3,29.3,29.3,29.3,29.3,29.3,29.3,29.3,29.3,29.3,29.3,29.3,31.6,31.6,31.6,31.6,31.6,31.6,31.6,31.6,31.6,31.6,31.6,31.6,31.6,31.6,31.6,31.6,31.6,31.6,31.6,31.6,31.6,31.6,31.6,31.6,31.6,31.6,31.6,31.6,31.6,31.6,31.6,31.6,31.6,31.6,31.6,31.641,31.641,31.641,31.641,31.641,31.641,32.317,32.317,32.317,32.317,32.317,32.317,32.317,32.317,32.317,32.317,32.317,32.317,32.317,32.317,32.317,32.317,32.317,32.317,32.317,32.317,32.317,32.317,32.317,32.317,32.317,32.317,32.317,32.317,32.317,32.317,32.317,32.317,32.317,32.317,32.317,32.317,32.317,32.317,32.317,32.317,32.317,32.317,32.317,32.317,32.317,32.317,32.317,32.317,32.317,32.317,32.317,32.317,32.317,32.317,32.317,32.317,32.317,32.317,32.317,32.317
1961-10-01,30.1,30.1,30.1,30.1,30.1,30.1,30.1,30.1,30.1,30.1,30.1,30.1,30.1,30.1,30.1,30.1,30.1,30.1,30.1,30.1,30.1,30.1,30.1,30.1,30.1,30.1,30.1,30.1,30.1,30.1,28.5,28.5,28.5,28.5,28.5,28.5,28.5,28.5,28.5,28.5,28.5,28.5,28.5,28.5,28.5,28.5,28.5,28.5,28.5,28.5,28.5,28.5,28.5,28.5,28.5,28.5,28.5,28.5,28.5,28.5,28.5,28.5,28.5,28.5,28.5,28.5,28.5,28.5,28.5,28.5,28.5,28.5,28.5,28.5,29.6,29.6,29.6,29.6,29.6,29.6,29.6,29.6,29.6,29.6,29.6,29.6,29.6,29.6,29.6,29.6,29.6,29.6,29.6,29.6,29.6,29.6,29.6,29.6,29.6,29.6,29.6,29.6,29.6,29.6,29.6,29.6,29.6,29.6,29.6,29.6,29.6,29.6,29.6,29.6,29.6,29.7,29.7,29.7,29.7,29.7,29.7,29.7,29.7,29.7,29.7,29.7,29.7,29.7,29.7,29.7,29.7,29.7,29.7,29.7,29.7,29.7,29.7,29.7,29.7,29.7,29.7,29.7,29.7,29.7,29.7,29.7,29.7,29.7,29.7,29.7,29.7,29.7,29.7,29.7,29.7,29.7,29.7,29.7,29.7,29.7,29.7,29.7,29.7,29.7,29.7,29.7,31.1,31.1,31.1,31.1,31.1,31.1,31.1,31.1,31.1,31.1,31.1,31.1,31.1,31.1,31.1,31.1,31.1,31.1,31.1,31.1,31.1,31.1,31.1,31.1,31.1,31.1,31.1,31.1,31.1,31.1,31.1,31.1,31.1,31.1,31.1,31.1,31.1,31.1,31.1,31.1,31.1,31.1,31.1,31.1,31.1,31.1,31.1,31.1,31.1,31.1,31.1,31.1,31.1,31.1,31.1,31.1,31.1,31.1,31.1,31.1,31.1,31.1,31.1,31.1,31.6,31.6,31.6,31.6,31.6,31.6,31.6,31.6,31.6,31.6,31.6,31.6,31.6,31.6,31.6,31.6,31.6,31.6,31.6,31.6,31.6,31.6,31.6,31.6,31.6,31.6,31.6,31.6,31.6,31.6,31.6,31.6,31.6,31.6,31.6,31.6,31.6,31.6,31.6,31.6,31.6,31.6,31.6,31.6,31.6,31.6,31.6,31.6,31.6,31.6,31.6,31.6,31.6,31.6,31.6,31.6,31.6,31.6,31.6,31.6,31.6,31.6,31.6,31.6,31.6,31.6,31.6,31.6,31.6,31.6,31.6,31.6,31.6,31.6,31.6,31.6,31.6,31.6,31.6,,31.6,31.6,31.6,31.6,31.6,31.6,31.6,31.6,31.6,31.6,31.6,31.6,31.6,31.6,31.6,31.6,31.6,31.6,31.6,31.6,31.6,31.6,31.6,31.6,31.6,31.6,31.6,31.6,31.6,31.6,31.6,31.6,33.9,33.9,33.9,33.9,33.9,33.9,33.9,33.9,33.9,33.9,33.9,33.9,33.9,33.9,33.9,33.9,33.9,33.9,33.9,33.9,33.9,33.9,33.9,33.9,33.9,33.9,33.9,33.9,33.9,33.9,33.9,33.9,33.9,33.9,33.9,33.891,33.891,33.891,33.891,33.891,33.891,34.595,34.595,34.595,34.595,34.595,34.595,34.595,34.595,34.595,34.595,34.595,34.595,34.595,34.595,34.595,34.595,34.595,34.595,34.595,34.595,34.595,34.595,34.595,34.595,34.595,34.595,34.595,34.595,34.595,34.595,34.595,34.595,34.595,34.595,34.595,34.595,34.595,34.595,34.595,34.595,34.595,34.595,34.595,34.595,34.595,34.595,34.595,34.595,34.595,34.595,34.595,34.595,34.595,34.595,34.595,34.595,34.595,34.595,34.595,34.595
1962-01-01,30.7,30.7,30.7,30.7,30.7,30.7,30.7,30.7,30.7,30.7,30.7,30.7,30.7,30.7,30.7,30.7,30.7,30.7,30.7,30.7,30.7,30.7,30.7,30.7,30.7,30.7,30.7,30.7,30.7,30.7,29.0,29.0,29.0,29.0,29.0,29.0,29.0,29.0,29.0,29.0,29.0,29.0,29.0,29.0,29.0,29.0,29.0,29.0,29.0,29.0,29.0,29.0,29.0,29.0,29.0,29.0,29.0,29.0,29.0,29.0,29.0,29.0,29.0,29.0,29.0,29.0,29.0,29.0,29.0,29.0,29.0,29.0,29.0,29.0,30.4,30.4,30.4,30.4,30.4,30.4,30.4,30.4,30.4,30.4,30.4,30.4,30.4,30.4,30.4,30.4,30.4,30.4,30.4,30.4,30.4,30.4,30.4,30.4,30.4,30.4,30.4,30.4,30.4,30.4,30.4,30.4,30.4,30.4,30.4,30.4,30.4,30.4,30.4,30.4,30.4,30.5,30.5,30.5,30.5,30.5,30.5,30.5,30.5,30.5,30.5,30.5,30.5,30.5,30.5,30.5,30.5,30.5,30.5,30.5,30.5,30.5,30.5,30.5,30.5,30.5,30.5,30.5,30.5,30.5,30.5,30.5,30.5,30.5,30.5,30.5,30.5,30.5,30.5,30.5,30.5,30.5,30.5,30.5,30.5,30.5,30.5,30.5,30.5,30.5,30.5,30.5,31.7,31.7,31.7,31.7,31.7,31.7,31.7,31.7,31.7,31.7,31.7,31.7,31.7,31.7,31.7,31.7,31.7,31.7,31.7,31.7,31.7,31.7,31.7,31.7,31.7,31.7,31.7,31.7,31.7,31.7,31.7,31.7,31.7,31.7,31.7,31.7,31.7,31.7,31.7,31.7,31.7,31.7,31.7,31.7,31.7,31.7,31.7,31.7,31.7,31.7,31.7,31.7,31.7,31.7,31.7,31.7,31.7,31.7,31.7,31.7,31.7,31.7,31.7,31.7,32.2,32.2,32.2,32.2,32.2,32.2,32.2,32.2,32.2,32.2,32.2,32.2,32.2,32.2,32.2,32.2,32.2,32.2,32.2,32.2,32.2,32.2,32.2,32.2,32.2,32.2,32.2,32.2,32.2,32.2,32.2,32.2,32.2,32.2,32.2,32.2,32.2,32.2,32.2,32.2,32.2,32.2,32.2,32.2,32.2,32.2,32.2,32.2,32.2,32.2,32.2,32.2,32.2,32.2,32.2,32.2,32.2,32.2,32.2,32.2,32.2,32.2,32.2,32.2,32.2,32.2,32.2,32.2,32.2,32.2,32.2,32.2,32.2,32.2,32.2,32.2,32.2,32.2,32.2,,32.2,32.2,32.2,32.2,32.2,32.2,32.2,32.2,32.2,32.2,32.2,32.2,32.2,32.2,32.2,32.2,32.2,32.2,32.2,32.2,32.2,32.2,32.2,32.2,32.2,32.2,32.2,32.2,32.2,32.2,32.2,32.2,34.4,34.4,34.4,34.4,34.4,34.4,34.4,34.4,34.4,34.4,34.4,34.4,34.4,34.4,34.4,34.4,34.4,34.4,34.4,34.4,34.4,34.4,34.4,34.4,34.4,34.4,34.4,34.4,34.4,34.4,34.4,34.4,34.4,34.4,34.4,34.436,34.436,34.436,34.436,34.436,34.436,35.196,35.196,35.196,35.196,35.196,35.196,35.196,35.196,35.196,35.196,35.196,35.196,35.196,35.196,35.196,35.196,35.196,35.196,35.196,35.196,35.196,35.196,35.196,35.196,35.196,35.196,35.196,35.196,35.196,35.196,35.196,35.196,35.196,35.196,35.196,35.196,35.196,35.196,35.196,35.196,35.196,35.196,35.196,35.196,35.196,35.196,35.196,35.196,35.196,35.196,35.196,35.196,35.196,35.196,35.196,35.196,35.196,35.196,35.196,35.196
1962-04-01,30.9,30.9,30.9,30.9,30.9,30.9,30.9,30.9,30.9,30.9,30.9,30.9,30.9,30.9,30.9,30.9,30.9,30.9,30.9,30.9,30.9,30.9,30.9,30.9,30.9,30.9,30.9,30.9,30.9,30.9,29.0,29.0,29.0,29.0,29.0,29.0,29.0,29.0,29.0,29.0,29.0,29.0,29.0,29.0,29.0,29.0,29.0,29.0,29.0,29.0,29.0,29.0,29.0,29.0,29.0,29.0,29.0,29.0,29.0,29.0,29.0,29.0,29.0,29.0,29.0,29.0,29.0,29.0,29.0,29.0,29.0,29.0,29.0,29.0,30.4,30.4,30.4,30.4,30.4,30.4,30.4,30.4,30.4,30.4,30.4,30.4,30.4,30.4,30.4,30.4,30.4,30.4,30.4,30.4,30.4,30.4,30.4,30.4,30.4,30.4,30.4,30.4,30.4,30.4,30.4,30.4,30.4,30.4,30.4,30.4,30.4,30.4,30.4,30.4,30.4,30.5,30.5,30.5,30.5,30.5,30.5,30.5,30.5,30.5,30.5,30.5,30.5,30.5,30.5,30.5,30.5,30.5,30.5,30.5,30.5,30.5,30.5,30.5,30.5,30.5,30.5,30.5,30.5,30.5,30.5,30.5,30.5,30.5,30.5,30.5,30.5,30.5,30.5,30.5,30.5,30.5,30.5,30.5,30.5,30.5,30.5,30.5,30.5,30.5,30.5,30.5,31.7,31.7,31.7,31.7,31.7,31.7,31.7,31.7,31.7,31.7,31.7,31.7,31.7,31.7,31.7,31.7,31.7,31.7,31.7,31.7,31.7,31.7,31.7,31.7,31.7,31.7,31.7,31.7,31.7,31.7,31.7,31.7,31.7,31.7,31.7,31.7,31.7,31.7,31.7,31.7,31.7,31.7,31.7,31.7,31.7,31.7,31.7,31.7,31.7,31.7,31.7,31.7,31.7,31.7,31.7,31.7,31.7,31.7,31.7,31.7,31.7,31.7,31.7,31.7,32.2,32.2,32.2,32.2,32.2,32.2,32.2,32.2,32.2,32.2,32.2,32.2,32.2,32.2,32.2,32.2,32.2,32.2,32.2,32.2,32.2,32.2,32.2,32.2,32.2,32.2,32.2,32.2,32.2,32.2,32.2,32.2,32.2,32.2,32.2,32.2,32.2,32.2,32.2,32.2,32.2,32.2,32.2,32.2,32.2,32.2,32.2,32.2,32.2,32.2,32.2,32.2,32.2,32.2,32.2,32.2,32.2,32.2,32.2,32.2,32.2,32.2,32.2,32.2,32.2,32.2,32.2,32.2,32.2,32.2,32.2,32.2,32.2,32.2,32.2,32.2,32.2,32.2,32.2,,32.2,32.2,32.2,32.2,32.2,32.2,32.2,32.2,32.2,32.2,32.2,32.2,32.2,32.2,32.2,32.2,32.2,32.2,32.2,32.2,32.2,32.2,32.2,32.2,32.2,32.2,32.2,32.2,32.2,32.2,32.2,32.2,34.4,34.4,34.4,34.4,34.4,34.4,34.4,34.4,34.4,34.4,34.4,34.4,34.4,34.4,34.4,34.4,34.4,34.4,34.4,34.4,34.4,34.4,34.4,34.4,34.4,34.4,34.4,34.4,34.4,34.4,34.4,34.4,34.4,34.4,34.4,34.366,34.366,34.366,34.366,34.366,34.366,35.166,35.166,35.166,35.166,35.166,35.166,35.166,35.166,35.166,35.166,35.166,35.166,35.166,35.166,35.166,35.166,35.166,35.166,35.166,35.166,35.166,35.166,35.166,35.166,35.166,35.166,35.166,35.166,35.166,35.166,35.166,35.166,35.166,35.166,35.166,35.166,35.166,35.166,35.166,35.166,35.166,35.166,35.166,35.166,35.166,35.166,35.166,35.166,35.166,35.166,35.166,35.166,35.166,35.166,35.166,35.166,35.166,35.166,35.166,35.166
1962-07-01,31.5,31.5,31.5,31.5,31.5,31.5,31.5,31.5,31.5,31.5,31.5,31.5,31.5,31.5,31.5,31.5,31.5,31.5,31.5,31.5,31.5,31.5,31.5,31.5,31.5,31.5,31.5,31.5,31.5,31.5,29.8,29.8,29.8,29.8,29.8,29.8,29.8,29.8,29.8,29.8,29.8,29.8,29.8,29.8,29.8,29.8,29.8,29.8,29.8,29.8,29.8,29.8,29.8,29.8,29.8,29.8,29.8,29.8,29.8,29.8,29.8,29.8,29.8,29.8,29.8,29.8,29.8,29.8,29.8,29.8,29.8,29.8,29.8,29.8,31.3,31.3,31.3,31.3,31.3,31.3,31.3,31.3,31.3,31.3,31.3,31.3,31.3,31.3,31.3,31.3,31.3,31.3,31.3,31.3,31.3,31.3,31.3,31.3,31.3,31.3,31.3,31.3,31.3,31.3,31.3,31.3,31.3,31.3,31.3,31.3,31.3,31.3,31.3,31.3,31.3,31.4,31.4,31.4,31.4,31.4,31.4,31.4,31.4,31.4,31.4,31.4,31.4,31.4,31.4,31.4,31.4,31.4,31.4,31.4,31.4,31.4,31.4,31.4,31.4,31.4,31.4,31.4,31.4,31.4,31.4,31.4,31.4,31.4,31.4,31.4,31.4,31.4,31.4,31.4,31.4,31.4,31.4,31.4,31.4,31.4,31.4,31.4,31.4,31.4,31.4,31.4,32.7,32.7,32.7,32.7,32.7,32.7,32.7,32.7,32.7,32.7,32.7,32.7,32.7,32.7,32.7,32.7,32.7,32.7,32.7,32.7,32.7,32.7,32.7,32.7,32.7,32.7,32.7,32.7,32.7,32.7,32.7,32.7,32.7,32.7,32.7,32.7,32.7,32.7,32.7,32.7,32.7,32.7,32.7,32.7,32.7,32.7,32.7,32.7,32.7,32.7,32.7,32.7,32.7,32.7,32.7,32.7,32.7,32.7,32.7,32.7,32.7,32.7,32.7,32.7,33.2,33.2,33.2,33.2,33.2,33.2,33.2,33.2,33.2,33.2,33.2,33.2,33.2,33.2,33.2,33.2,33.2,33.2,33.2,33.2,33.2,33.2,33.2,33.2,33.2,33.2,33.2,33.2,33.2,33.2,33.2,33.2,33.2,33.2,33.2,33.2,33.2,33.2,33.2,33.2,33.2,33.2,33.2,33.2,33.2,33.2,33.2,33.2,33.2,33.2,33.2,33.2,33.2,33.2,33.2,33.2,33.2,33.2,33.2,33.2,33.2,33.2,33.2,33.2,33.2,33.2,33.2,33.2,33.2,33.2,33.2,33.2,33.2,33.2,33.2,33.2,33.2,33.2,33.2,,33.2,33.2,33.2,33.2,33.2,33.2,33.2,33.2,33.2,33.2,33.2,33.2,33.2,33.2,33.2,33.2,33.2,33.2,33.2,33.2,33.2,33.2,33.2,33.2,33.2,33.2,33.2,33.2,33.2,33.2,33.2,33.2,35.4,35.4,35.4,35.4,35.4,35.4,35.4,35.4,35.4,35.4,35.4,35.4,35.4,35.4,35.4,35.4,35.4,35.4,35.4,35.4,35.4,35.4,35.4,35.4,35.4,35.4,35.4,35.4,35.4,35.4,35.4,35.4,35.4,35.4,35.4,35.393,35.393,35.393,35.393,35.393,35.393,36.205,36.205,36.205,36.205,36.205,36.205,36.205,36.205,36.205,36.205,36.205,36.205,36.205,36.205,36.205,36.205,36.205,36.205,36.205,36.205,36.205,36.205,36.205,36.205,36.205,36.205,36.205,36.205,36.205,36.205,36.205,36.205,36.205,36.205,36.205,36.205,36.205,36.205,36.205,36.205,36.205,36.205,36.205,36.205,36.205,36.205,36.205,36.205,36.205,36.205,36.205,36.205,36.205,36.205,36.205,36.205,36.205,36.205,36.205,36.205
1962-10-01,31.8,31.8,31.8,31.8,31.8,31.8,31.8,31.8,31.8,31.8,31.8,31.8,31.8,31.8,31.8,31.8,31.8,31.8,31.8,31.8,31.8,31.8,31.8,31.8,31.8,31.8,31.8,31.8,31.8,31.8,30.6,30.6,30.6,30.6,30.6,30.6,30.6,30.6,30.6,30.6,30.6,30.6,30.6,30.6,30.6,30.6,30.6,30.6,30.6,30.6,30.6,30.6,30.6,30.6,30.6,30.6,30.6,30.6,30.6,30.6,30.6,30.6,30.6,30.6,30.6,30.6,30.6,30.6,30.6,30.6,30.6,30.6,30.6,30.6,32.2,32.2,32.2,32.2,32.2,32.2,32.2,32.2,32.2,32.2,32.2,32.2,32.2,32.2,32.2,32.2,32.2,32.2,32.2,32.2,32.2,32.2,32.2,32.2,32.2,32.2,32.2,32.2,32.2,32.2,32.2,32.2,32.2,32.2,32.2,32.2,32.2,32.2,32.2,32.2,32.2,32.3,32.3,32.3,32.3,32.3,32.3,32.3,32.3,32.3,32.3,32.3,32.3,32.3,32.3,32.3,32.3,32.3,32.3,32.3,32.3,32.3,32.3,32.3,32.3,32.3,32.3,32.3,32.3,32.3,32.3,32.3,32.3,32.3,32.3,32.3,32.3,32.3,32.3,32.3,32.3,32.3,32.3,32.3,32.3,32.3,32.3,32.3,32.3,32.3,32.3,32.3,33.5,33.5,33.5,33.5,33.5,33.5,33.5,33.5,33.5,33.5,33.5,33.5,33.5,33.5,33.5,33.5,33.5,33.5,33.5,33.5,33.5,33.5,33.5,33.5,33.5,33.5,33.5,33.5,33.5,33.5,33.5,33.5,33.5,33.5,33.5,33.5,33.5,33.5,33.5,33.5,33.5,33.5,33.5,33.5,33.5,33.5,33.5,33.5,33.5,33.5,33.5,33.5,33.5,33.5,33.5,33.5,33.5,33.5,33.5,33.5,33.5,33.5,33.5,33.5,34.0,34.0,34.0,34.0,34.0,34.0,34.0,34.0,34.0,34.0,34.0,34.0,34.0,34.0,34.0,34.0,34.0,34.0,34.0,34.0,34.0,34.0,34.0,34.0,34.0,34.0,34.0,34.0,34.0,34.0,34.0,34.0,34.0,34.0,34.0,34.0,34.0,34.0,34.0,34.0,34.0,34.0,34.0,34.0,34.0,34.0,34.0,34.0,34.0,34.0,34.0,34.0,34.0,34.0,34.0,34.0,34.0,34.0,34.0,34.0,34.0,34.0,34.0,34.0,34.0,34.0,34.0,34.0,34.0,34.0,34.0,34.0,34.0,34.0,34.0,34.0,34.0,34.0,34.0,,34.0,34.0,34.0,34.0,34.0,34.0,34.0,34.0,34.0,34.0,34.0,34.0,34.0,34.0,34.0,34.0,34.0,34.0,34.0,34.0,34.0,34.0,34.0,34.0,34.0,34.0,34.0,34.0,34.0,34.0,34.0,34.0,36.2,36.2,36.2,36.2,36.2,36.2,36.2,36.2,36.2,36.2,36.2,36.2,36.2,36.2,36.2,36.2,36.2,36.2,36.2,36.2,36.2,36.2,36.2,36.2,36.2,36.2,36.2,36.2,36.2,36.2,36.2,36.2,36.2,36.2,36.2,36.242,36.242,36.242,36.242,36.242,36.242,37.066,37.066,37.066,37.066,37.066,37.066,37.066,37.066,37.066,37.066,37.066,37.066,37.066,37.066,37.066,37.066,37.066,37.066,37.066,37.066,37.066,37.066,37.066,37.066,37.066,37.066,37.066,37.066,37.066,37.066,37.066,37.066,37.066,37.066,37.066,37.066,37.066,37.066,37.066,37.066,37.066,37.066,37.066,37.066,37.066,37.066,37.066,37.066,37.066,37.066,37.066,37.066,37.066,37.066,37.066,37.066,37.066,37.066,37.066,37.066
1963-01-01,31.1,31.1,31.1,31.1,31.1,31.1,31.1,31.1,31.1,31.1,31.1,31.1,31.1,31.1,31.1,31.1,31.1,31.1,31.1,31.1,31.1,31.1,31.1,31.1,31.1,31.1,31.1,31.1,31.1,31.1,29.7,29.7,29.7,29.7,29.7,29.7,29.7,29.7,29.7,29.7,29.7,29.7,29.7,29.7,29.7,29.7,29.7,29.7,29.7,29.7,29.7,29.7,29.7,29.7,29.7,29.7,29.7,29.7,29.7,29.7,29.7,29.7,29.7,29.7,29.7,29.7,29.7,29.7,29.7,29.7,29.7,29.7,29.7,29.7,31.5,31.5,31.5,31.5,31.5,31.5,31.5,31.5,31.5,31.5,31.5,31.5,31.5,31.5,31.5,31.5,31.5,31.5,31.5,31.5,31.5,31.5,31.5,31.5,31.5,31.5,31.5,31.5,31.5,31.5,31.5,31.5,31.5,31.5,31.5,31.5,31.5,31.5,31.5,31.5,31.5,31.7,31.7,31.7,31.7,31.7,31.7,31.7,31.7,31.7,31.7,31.7,31.7,31.7,31.7,31.7,31.7,31.7,31.7,31.7,31.7,31.7,31.7,31.7,31.7,31.7,31.7,31.7,31.7,31.7,31.7,31.7,31.7,31.7,31.7,31.7,31.7,31.7,31.7,31.7,31.7,31.7,31.7,31.7,31.7,31.7,31.7,31.7,31.7,31.7,31.7,31.7,32.9,32.9,32.9,32.9,32.9,32.9,32.9,32.9,32.9,32.9,32.9,32.9,32.9,32.9,32.9,32.9,32.9,32.9,32.9,32.9,32.9,32.9,32.9,32.9,32.9,32.9,32.9,32.9,32.9,32.9,32.9,32.9,32.9,32.9,32.9,32.9,32.9,32.9,32.9,32.9,32.9,32.9,32.9,32.9,32.9,32.9,32.9,32.9,32.9,32.9,32.9,32.9,32.9,32.9,32.9,32.9,32.9,32.9,32.9,32.9,32.9,32.9,32.9,32.9,33.6,33.6,33.6,33.6,33.6,33.6,33.6,33.6,33.6,33.6,33.6,33.6,33.6,33.6,33.6,33.6,33.6,33.6,33.6,33.6,33.6,33.6,33.6,33.6,33.6,33.6,33.6,33.6,33.6,33.6,33.6,33.6,33.6,33.6,33.6,33.6,33.6,33.6,33.6,33.6,33.6,33.6,33.6,33.6,33.6,33.6,33.6,33.6,33.6,33.6,33.6,33.6,33.6,33.6,33.6,33.6,33.6,33.6,33.6,33.6,33.6,33.6,33.6,33.6,33.6,33.6,33.6,33.6,33.6,33.6,33.6,33.6,33.6,33.6,33.6,33.6,33.6,33.6,33.6,,33.6,33.6,33.6,33.6,33.6,33.6,33.6,33.6,33.6,33.6,33.6,33.6,33.6,33.6,33.6,33.6,33.6,33.6,33.6,33.6,33.6,33.6,33.6,33.6,33.6,33.6,33.6,33.6,33.6,33.6,33.6,33.6,35.9,35.9,35.9,35.9,35.9,35.9,35.9,35.9,35.9,35.9,35.9,35.9,35.9,35.9,35.9,35.9,35.9,35.9,35.9,35.9,35.9,35.9,35.9,35.9,35.9,35.9,35.9,35.9,35.9,35.9,35.9,35.9,35.9,35.9,35.9,35.872,35.872,35.872,35.872,35.872,35.872,36.708,36.708,36.708,36.708,36.708,36.708,36.708,36.708,36.708,36.708,36.708,36.708,36.708,36.708,36.708,36.708,36.708,36.708,36.708,36.708,36.708,36.708,36.708,36.708,36.708,36.708,36.708,36.708,36.708,36.708,36.708,36.708,36.708,36.708,36.708,36.708,36.708,36.708,36.708,36.708,36.708,36.708,36.708,36.708,36.708,36.708,36.708,36.708,36.708,36.708,36.708,36.708,36.708,36.708,36.708,36.708,36.708,36.708,36.708,36.708
1963-04-01,32.8,32.8,32.8,32.8,32.8,32.8,32.8,32.8,32.8,32.8,32.8,32.8,32.8,32.8,32.8,32.8,32.8,32.8,32.8,32.8,32.8,32.8,32.8,32.8,32.8,32.8,32.8,32.8,32.8,32.8,31.2,31.2,31.2,31.2,31.2,31.2,31.2,31.2,31.2,31.2,31.2,31.2,31.2,31.2,31.2,31.2,31.2,31.2,31.2,31.2,31.2,31.2,31.2,31.2,31.2,31.2,31.2,31.2,31.2,31.2,31.2,31.2,31.2,31.2,31.2,31.2,31.2,31.2,31.2,31.2,31.2,31.2,31.2,31.2,33.2,33.2,33.2,33.2,33.2,33.2,33.2,33.2,33.2,33.2,33.2,33.2,33.2,33.2,33.2,33.2,33.2,33.2,33.2,33.2,33.2,33.2,33.2,33.2,33.2,33.2,33.2,33.2,33.2,33.2,33.2,33.2,33.2,33.2,33.2,33.2,33.2,33.2,33.2,33.2,33.2,33.3,33.3,33.3,33.3,33.3,33.3,33.3,33.3,33.3,33.3,33.3,33.3,33.3,33.3,33.3,33.3,33.3,33.3,33.3,33.3,33.3,33.3,33.3,33.3,33.3,33.3,33.3,33.3,33.3,33.3,33.3,33.3,33.3,33.3,33.3,33.3,33.3,33.3,33.3,33.3,33.3,33.3,33.3,33.3,33.3,33.3,33.3,33.3,33.3,33.3,33.3,34.7,34.7,34.7,34.7,34.7,34.7,34.7,34.7,34.7,34.7,34.7,34.7,34.7,34.7,34.7,34.7,34.7,34.7,34.7,34.7,34.7,34.7,34.7,34.7,34.7,34.7,34.7,34.7,34.7,34.7,34.7,34.7,34.7,34.7,34.7,34.7,34.7,34.7,34.7,34.7,34.7,34.7,34.7,34.7,34.7,34.7,34.7,34.7,34.7,34.7,34.7,34.7,34.7,34.7,34.7,34.7,34.7,34.7,34.7,34.7,34.7,34.7,34.7,34.7,35.5,35.5,35.5,35.5,35.5,35.5,35.5,35.5,35.5,35.5,35.5,35.5,35.5,35.5,35.5,35.5,35.5,35.5,35.5,35.5,35.5,35.5,35.5,35.5,35.5,35.5,35.5,35.5,35.5,35.5,35.5,35.5,35.5,35.5,35.5,35.5,35.5,35.5,35.5,35.5,35.5,35.5,35.5,35.5,35.5,35.5,35.5,35.5,35.5,35.5,35.5,35.5,35.5,35.5,35.5,35.5,35.5,35.5,35.5,35.5,35.5,35.5,35.5,35.5,35.5,35.5,35.5,35.5,35.5,35.5,35.5,35.5,35.5,35.5,35.5,35.5,35.5,35.5,35.5,,35.5,35.5,35.5,35.5,35.5,35.5,35.5,35.5,35.5,35.5,35.5,35.5,35.5,35.5,35.5,35.5,35.5,35.5,35.5,35.5,35.5,35.5,35.5,35.5,35.5,35.5,35.5,35.5,35.5,35.5,35.5,35.5,37.8,37.8,37.8,37.8,37.8,37.8,37.8,37.8,37.8,37.8,37.8,37.8,37.8,37.8,37.8,37.8,37.8,37.8,37.8,37.8,37.8,37.8,37.8,37.8,37.8,37.8,37.8,37.8,37.8,37.8,37.8,37.8,37.8,37.8,37.8,37.8,37.8,37.8,37.8,37.8,37.8,38.652,38.652,38.652,38.652,38.652,38.652,38.652,38.652,38.652,38.652,38.652,38.652,38.652,38.652,38.652,38.652,38.652,38.652,38.652,38.652,38.652,38.652,38.652,38.652,38.652,38.652,38.652,38.652,38.652,38.652,38.652,38.652,38.652,38.652,38.652,38.652,38.652,38.652,38.652,38.652,38.652,38.652,38.652,38.652,38.652,38.652,38.652,38.652,38.652,38.652,38.652,38.652,38.652,38.652,38.652,38.652,38.652,38.652,38.652,38.652
1963-07-01,33.5,33.5,33.5,33.5,33.5,33.5,33.5,33.5,33.5,33.5,33.5,33.5,33.5,33.5,33.5,33.5,33.5,33.5,33.5,33.5,33.5,33.5,33.5,33.5,33.5,33.5,33.5,33.5,33.5,33.5,32.1,32.1,32.1,32.1,32.1,32.1,32.1,32.1,32.1,32.1,32.1,32.1,32.1,32.1,32.1,32.1,32.1,32.1,32.1,32.1,32.1,32.1,32.1,32.1,32.1,32.1,32.1,32.1,32.1,32.1,32.1,32.1,32.1,32.1,32.1,32.1,32.1,32.1,32.1,32.1,32.1,32.1,32.1,32.1,34.0,34.0,34.0,34.0,34.0,34.0,34.0,34.0,34.0,34.0,34.0,34.0,34.0,34.0,34.0,34.0,34.0,34.0,34.0,34.0,34.0,34.0,34.0,34.0,34.0,34.0,34.0,34.0,34.0,34.0,34.0,34.0,34.0,34.0,34.0,34.0,34.0,34.0,34.0,34.0,34.0,34.1,34.1,34.1,34.1,34.1,34.1,34.1,34.1,34.1,34.1,34.1,34.1,34.1,34.1,34.1,34.1,34.1,34.1,34.1,34.1,34.1,34.1,34.1,34.1,34.1,34.1,34.1,34.1,34.1,34.1,34.1,34.1,34.1,34.1,34.1,34.1,34.1,34.1,34.1,34.1,34.1,34.1,34.1,34.1,34.1,34.1,34.1,34.1,34.1,34.1,34.1,35.6,35.6,35.6,35.6,35.6,35.6,35.6,35.6,35.6,35.6,35.6,35.6,35.6,35.6,35.6,35.6,35.6,35.6,35.6,35.6,35.6,35.6,35.6,35.6,35.6,35.6,35.6,35.6,35.6,35.6,35.6,35.6,35.6,35.6,35.6,35.6,35.6,35.6,35.6,35.6,35.6,35.6,35.6,35.6,35.6,35.6,35.6,35.6,35.6,35.6,35.6,35.6,35.6,35.6,35.6,35.6,35.6,35.6,35.6,35.6,35.6,35.6,35.6,35.6,36.4,36.4,36.4,36.4,36.4,36.4,36.4,36.4,36.4,36.4,36.4,36.4,36.4,36.4,36.4,36.4,36.4,36.4,36.4,36.4,36.4,36.4,36.4,36.4,36.4,36.4,36.4,36.4,36.4,36.4,36.4,36.4,36.4,36.4,36.4,36.4,36.4,36.4,36.4,36.4,36.4,36.4,36.4,36.4,36.4,36.4,36.4,36.4,36.4,36.4,36.4,36.4,36.4,36.4,36.4,36.4,36.4,36.4,36.4,36.4,36.4,36.4,36.4,36.4,36.4,36.4,36.4,36.4,36.4,36.4,36.4,36.4,36.4,36.4,36.4,36.4,36.4,36.4,36.4,,36.4,36.4,36.4,36.4,36.4,36.4,36.4,36.4,36.4,36.4,36.4,36.4,36.4,36.4,36.4,36.4,36.4,36.4,36.4,36.4,36.4,36.4,36.4,36.4,36.4,36.4,36.4,36.4,36.4,36.4,36.4,36.4,38.8,38.8,38.8,38.8,38.8,38.8,38.8,38.8,38.8,38.8,38.8,38.8,38.8,38.8,38.8,38.8,38.8,38.8,38.8,38.8,38.8,38.8,38.8,38.8,38.8,38.8,38.8,38.8,38.8,38.8,38.8,38.8,38.8,38.8,38.8,38.765,38.765,38.765,38.765,38.765,38.765,39.653,39.653,39.653,39.653,39.653,39.653,39.653,39.653,39.653,39.653,39.653,39.653,39.653,39.653,39.653,39.653,39.653,39.653,39.653,39.653,39.653,39.653,39.653,39.653,39.653,39.653,39.653,39.653,39.653,39.653,39.653,39.653,39.653,39.653,39.653,39.653,39.653,39.653,39.653,39.653,39.653,39.653,39.653,39.653,39.653,39.653,39.653,39.653,39.653,39.653,39.653,39.653,39.653,39.653,39.653,39.653,39.653,39.653,39.653,39.653
1963-10-01,34.9,34.9,34.9,34.9,34.9,34.9,34.9,34.9,34.9,34.9,34.9,34.9,34.9,34.9,34.9,34.9,34.9,34.9,34.9,34.9,34.9,34.9,34.9,34.9,34.9,34.9,34.9,34.9,34.9,34.9,32.9,32.9,32.9,32.9,32.9,32.9,32.9,32.9,32.9,32.9,32.9,32.9,32.9,32.9,32.9,32.9,32.9,32.9,32.9,32.9,32.9,32.9,32.9,32.9,32.9,32.9,32.9,32.9,32.9,32.9,32.9,32.9,32.9,32.9,32.9,32.9,32.9,32.9,32.9,32.9,32.9,32.9,32.9,32.9,34.8,34.8,34.8,34.8,34.8,34.8,34.8,34.8,34.8,34.8,34.8,34.8,34.8,34.8,34.8,34.8,34.8,34.8,34.8,34.8,34.8,34.8,34.8,34.8,34.8,34.8,34.8,34.8,34.8,34.8,34.8,34.8,34.8,34.8,34.8,34.8,34.8,34.8,34.8,34.8,34.8,35.0,35.0,35.0,35.0,35.0,35.0,35.0,35.0,35.0,35.0,35.0,35.0,35.0,35.0,35.0,35.0,35.0,35.0,35.0,35.0,35.0,35.0,35.0,35.0,35.0,35.0,35.0,35.0,35.0,35.0,35.0,35.0,35.0,35.0,35.0,35.0,35.0,35.0,35.0,35.0,35.0,35.0,35.0,35.0,35.0,35.0,35.0,35.0,35.0,35.0,35.0,36.6,36.6,36.6,36.6,36.6,36.6,36.6,36.6,36.6,36.6,36.6,36.6,36.6,36.6,36.6,36.6,36.6,36.6,36.6,36.6,36.6,36.6,36.6,36.6,36.6,36.6,36.6,36.6,36.6,36.6,36.6,36.6,36.6,36.6,36.6,36.6,36.6,36.6,36.6,36.6,36.6,36.6,36.6,36.6,36.6,36.6,36.6,36.6,36.6,36.6,36.6,36.6,36.6,36.6,36.6,36.6,36.6,36.6,36.6,36.6,36.6,36.6,36.6,36.6,37.4,37.4,37.4,37.4,37.4,37.4,37.4,37.4,37.4,37.4,37.4,37.4,37.4,37.4,37.4,37.4,37.4,37.4,37.4,37.4,37.4,37.4,37.4,37.4,37.4,37.4,37.4,37.4,37.4,37.4,37.4,37.4,37.4,37.4,37.4,37.4,37.4,37.4,37.4,37.4,37.4,37.4,37.4,37.4,37.4,37.4,37.4,37.4,37.4,37.4,37.4,37.4,37.4,37.4,37.4,37.4,37.4,37.4,37.4,37.4,37.4,37.4,37.4,37.4,37.4,37.4,37.4,37.4,37.4,37.4,37.4,37.4,37.4,37.4,37.4,37.4,37.4,37.4,37.4,,37.4,37.4,37.4,37.4,37.4,37.4,37.4,37.4,37.4,37.4,37.4,37.4,37.4,37.4,37.4,37.4,37.4,37.4,37.4,37.4,37.4,37.4,37.4,37.4,37.4,37.4,37.4,37.4,37.4,37.4,37.4,37.4,39.7,39.7,39.7,39.7,39.7,39.7,39.7,39.7,39.7,39.7,39.7,39.7,39.7,39.7,39.7,39.7,39.7,39.7,39.7,39.7,39.7,39.7,39.7,39.7,39.7,39.7,39.7,39.7,39.7,39.7,39.7,39.7,39.7,39.7,39.7,39.744,39.744,39.744,39.744,39.744,39.744,40.688,40.688,40.688,40.688,40.688,40.688,40.688,40.688,40.688,40.688,40.688,40.688,40.688,40.688,40.688,40.688,40.688,40.688,40.688,40.688,40.688,40.688,40.688,40.688,40.688,40.688,40.688,40.688,40.688,40.688,40.688,40.688,40.688,40.688,40.688,40.688,40.688,40.688,40.688,40.688,40.688,40.688,40.688,40.688,40.688,40.688,40.688,40.688,40.688,40.688,40.688,40.688,40.688,40.688,40.688,40.688,40.688,40.688,40.688,40.688
1964-01-01,37.7,37.7,37.7,37.7,37.7,37.7,37.7,37.7,37.7,37.7,37.7,37.7,37.7,37.7,37.7,37.7,37.7,37.7,37.7,37.7,37.7,37.7,37.7,37.7,37.7,37.7,37.7,37.7,37.7,37.7,36.3,36.3,36.3,36.3,36.3,36.3,36.3,36.3,36.3,36.3,36.3,36.3,36.3,36.3,36.3,36.3,36.3,36.3,36.3,36.3,36.3,36.3,36.3,36.3,36.3,36.3,36.3,36.3,36.3,36.3,36.3,36.3,36.3,36.3,36.3,36.3,36.3,36.3,36.3,36.3,36.3,36.3,36.3,36.3,38.2,38.2,38.2,38.2,38.2,38.2,38.2,38.2,38.2,38.2,38.2,38.2,38.2,38.2,38.2,38.2,38.2,38.2,38.2,38.2,38.2,38.2,38.2,38.2,38.2,38.2,38.2,38.2,38.2,38.2,38.2,38.2,38.2,38.2,38.2,38.2,38.2,38.2,38.2,38.2,38.2,38.3,38.3,38.3,38.3,38.3,38.3,38.3,38.3,38.3,38.3,38.3,38.3,38.3,38.3,38.3,38.3,38.3,38.3,38.3,38.3,38.3,38.3,38.3,38.3,38.3,38.3,38.3,38.3,38.3,38.3,38.3,38.3,38.3,38.3,38.3,38.3,38.3,38.3,38.3,38.3,38.3,38.3,38.3,38.3,38.3,38.3,38.3,38.3,38.3,38.3,38.3,39.7,39.7,39.7,39.7,39.7,39.7,39.7,39.7,39.7,39.7,39.7,39.7,39.7,39.7,39.7,39.7,39.7,39.7,39.7,39.7,39.7,39.7,39.7,39.7,39.7,39.7,39.7,39.7,39.7,39.7,39.7,39.7,39.7,39.7,39.7,39.7,39.7,39.7,39.7,39.7,39.7,39.7,39.7,39.7,39.7,39.7,39.7,39.7,39.7,39.7,39.7,39.7,39.7,39.7,39.7,39.7,39.7,39.7,39.7,39.7,39.7,39.7,39.7,39.7,40.6,40.6,40.6,40.6,40.6,40.6,40.6,40.6,40.6,40.6,40.6,40.6,40.6,40.6,40.6,40.6,40.6,40.6,40.6,40.6,40.6,40.6,40.6,40.6,40.6,40.6,40.6,40.6,40.6,40.6,40.6,40.6,40.6,40.6,40.6,40.6,40.6,40.6,40.6,40.6,40.6,40.6,40.6,40.6,40.6,40.6,40.6,40.6,40.6,40.6,40.6,40.6,40.6,40.6,40.6,40.6,40.6,40.6,40.6,40.6,40.6,40.6,40.6,40.6,40.6,40.6,40.6,40.6,40.6,40.6,40.6,40.6,40.6,40.6,40.6,40.6,40.6,40.6,40.6,,40.6,40.6,40.6,40.6,40.6,40.6,40.6,40.6,40.6,40.6,40.6,40.6,40.6,40.6,40.6,40.6,40.6,40.6,40.6,40.6,40.6,40.6,40.6,40.6,40.6,40.6,40.6,40.6,40.6,40.6,40.6,40.6,42.9,42.9,42.9,42.9,42.9,42.9,42.9,42.9,42.9,42.9,42.9,42.9,42.9,42.9,42.9,42.9,42.9,42.9,42.9,42.9,42.9,42.9,42.9,42.9,42.9,42.9,42.9,42.9,42.9,42.9,42.9,42.9,42.9,42.9,42.9,42.901,42.901,42.901,42.901,42.901,42.901,44.409,44.409,44.409,44.409,44.409,44.409,44.409,44.409,44.409,44.409,44.409,44.409,44.409,44.409,44.409,44.409,44.409,44.409,44.409,44.409,44.409,44.409,44.409,44.409,44.409,44.409,44.409,44.409,44.409,44.409,44.409,44.409,44.409,44.409,44.409,44.409,44.409,44.409,44.409,44.409,44.409,44.409,44.409,44.409,44.409,44.409,44.409,44.409,44.409,44.409,44.409,44.409,44.409,44.409,44.409,44.409,44.409,44.409,44.409,44.409
1964-04-01,38.2,38.2,38.2,38.2,38.2,38.2,38.2,38.2,38.2,38.2,38.2,38.2,38.2,38.2,38.2,38.2,38.2,38.2,38.2,38.2,38.2,38.2,38.2,38.2,38.2,38.2,38.2,38.2,38.2,38.2,36.3,36.3,36.3,36.3,36.3,36.3,36.3,36.3,36.3,36.3,36.3,36.3,36.3,36.3,36.3,36.3,36.3,36.3,36.3,36.3,36.3,36.3,36.3,36.3,36.3,36.3,36.3,36.3,36.3,36.3,36.3,36.3,36.3,36.3,36.3,36.3,36.3,36.3,36.3,36.3,36.3,36.3,36.3,36.3,38.1,38.1,38.1,38.1,38.1,38.1,38.1,38.1,38.1,38.1,38.1,38.1,38.1,38.1,38.1,38.1,38.1,38.1,38.1,38.1,38.1,38.1,38.1,38.1,38.1,38.1,38.1,38.1,38.1,38.1,38.1,38.1,38.1,38.1,38.1,38.1,38.1,38.1,38.1,38.1,38.1,38.3,38.3,38.3,38.3,38.3,38.3,38.3,38.3,38.3,38.3,38.3,38.3,38.3,38.3,38.3,38.3,38.3,38.3,38.3,38.3,38.3,38.3,38.3,38.3,38.3,38.3,38.3,38.3,38.3,38.3,38.3,38.3,38.3,38.3,38.3,38.3,38.3,38.3,38.3,38.3,38.3,38.3,38.3,38.3,38.3,38.3,38.3,38.3,38.3,38.3,38.3,39.6,39.6,39.6,39.6,39.6,39.6,39.6,39.6,39.6,39.6,39.6,39.6,39.6,39.6,39.6,39.6,39.6,39.6,39.6,39.6,39.6,39.6,39.6,39.6,39.6,39.6,39.6,39.6,39.6,39.6,39.6,39.6,39.6,39.6,39.6,39.6,39.6,39.6,39.6,39.6,39.6,39.6,39.6,39.6,39.6,39.6,39.6,39.6,39.6,39.6,39.6,39.6,39.6,39.6,39.6,39.6,39.6,39.6,39.6,39.6,39.6,39.6,39.6,39.6,40.5,40.5,40.5,40.5,40.5,40.5,40.5,40.5,40.5,40.5,40.5,40.5,40.5,40.5,40.5,40.5,40.5,40.5,40.5,40.5,40.5,40.5,40.5,40.5,40.5,40.5,40.5,40.5,40.5,40.5,40.5,40.5,40.5,40.5,40.5,40.5,40.5,40.5,40.5,40.5,40.5,40.5,40.5,40.5,40.5,40.5,40.5,40.5,40.5,40.5,40.5,40.5,40.5,40.5,40.5,40.5,40.5,40.5,40.5,40.5,40.5,40.5,40.5,40.5,40.5,40.5,40.5,40.5,40.5,40.5,40.5,40.5,40.5,40.5,40.5,40.5,40.5,40.5,40.5,,40.5,40.5,40.5,40.5,40.5,40.5,40.5,40.5,40.5,40.5,40.5,40.5,40.5,40.5,40.5,40.5,40.5,40.5,40.5,40.5,40.5,40.5,40.5,40.5,40.5,40.5,40.5,40.5,40.5,40.5,40.5,40.5,42.8,42.8,42.8,42.8,42.8,42.8,42.8,42.8,42.8,42.8,42.8,42.8,42.8,42.8,42.8,42.8,42.8,42.8,42.8,42.8,42.8,42.8,42.8,42.8,42.8,42.8,42.8,42.8,42.8,42.8,42.8,42.8,42.8,42.8,42.8,42.833,42.833,42.833,42.833,42.833,42.833,44.397,44.397,44.397,44.397,44.397,44.397,44.397,44.397,44.397,44.397,44.397,44.397,44.397,44.397,44.397,44.397,44.397,44.397,44.397,44.397,44.397,44.397,44.397,44.397,44.397,44.397,44.397,44.397,44.397,44.397,44.397,44.397,44.397,44.397,44.397,44.397,44.397,44.397,44.397,44.397,44.397,44.397,44.397,44.397,44.397,44.397,44.397,44.397,44.397,44.397,44.397,44.397,44.397,44.397,44.397,44.397,44.397,44.397,44.397,44.397
1964-07-01,39.1,39.1,39.1,39.1,39.1,39.1,39.1,39.1,39.1,39.1,39.1,39.1,39.1,39.1,39.1,39.1,39.1,39.1,39.1,39.1,39.1,39.1,39.1,39.1,39.1,39.1,39.1,39.1,39.1,39.1,37.3,37.3,37.3,37.3,37.3,37.3,37.3,37.3,37.3,37.3,37.3,37.3,37.3,37.3,37.3,37.3,37.3,37.3,37.3,37.3,37.3,37.3,37.3,37.3,37.3,37.3,37.3,37.3,37.3,37.3,37.3,37.3,37.3,37.3,37.3,37.3,37.3,37.3,37.3,37.3,37.3,37.3,37.3,37.3,39.1,39.1,39.1,39.1,39.1,39.1,39.1,39.1,39.1,39.1,39.1,39.1,39.1,39.1,39.1,39.1,39.1,39.1,39.1,39.1,39.1,39.1,39.1,39.1,39.1,39.1,39.1,39.1,39.1,39.1,39.1,39.1,39.1,39.1,39.1,39.1,39.1,39.1,39.1,39.1,39.1,39.3,39.3,39.3,39.3,39.3,39.3,39.3,39.3,39.3,39.3,39.3,39.3,39.3,39.3,39.3,39.3,39.3,39.3,39.3,39.3,39.3,39.3,39.3,39.3,39.3,39.3,39.3,39.3,39.3,39.3,39.3,39.3,39.3,39.3,39.3,39.3,39.3,39.3,39.3,39.3,39.3,39.3,39.3,39.3,39.3,39.3,39.3,39.3,39.3,39.3,39.3,40.6,40.6,40.6,40.6,40.6,40.6,40.6,40.6,40.6,40.6,40.6,40.6,40.6,40.6,40.6,40.6,40.6,40.6,40.6,40.6,40.6,40.6,40.6,40.6,40.6,40.6,40.6,40.6,40.6,40.6,40.6,40.6,40.6,40.6,40.6,40.6,40.6,40.6,40.6,40.6,40.6,40.6,40.6,40.6,40.6,40.6,40.6,40.6,40.6,40.6,40.6,40.6,40.6,40.6,40.6,40.6,40.6,40.6,40.6,40.6,40.6,40.6,40.6,40.6,41.6,41.6,41.6,41.6,41.6,41.6,41.6,41.6,41.6,41.6,41.6,41.6,41.6,41.6,41.6,41.6,41.6,41.6,41.6,41.6,41.6,41.6,41.6,41.6,41.6,41.6,41.6,41.6,41.6,41.6,41.6,41.6,41.6,41.6,41.6,41.6,41.6,41.6,41.6,41.6,41.6,41.6,41.6,41.6,41.6,41.6,41.6,41.6,41.6,41.6,41.6,41.6,41.6,41.6,41.6,41.6,41.6,41.6,41.6,41.6,41.6,41.6,41.6,41.6,41.6,41.6,41.6,41.6,41.6,41.6,41.6,41.6,41.6,41.6,41.6,41.6,41.6,41.6,41.6,,41.6,41.6,41.6,41.6,41.6,41.6,41.6,41.6,41.6,41.6,41.6,41.6,41.6,41.6,41.6,41.6,41.6,41.6,41.6,41.6,41.6,41.6,41.6,41.6,41.6,41.6,41.6,41.6,41.6,41.6,41.6,41.6,43.9,43.9,43.9,43.9,43.9,43.9,43.9,43.9,43.9,43.9,43.9,43.9,43.9,43.9,43.9,43.9,43.9,43.9,43.9,43.9,43.9,43.9,43.9,43.9,43.9,43.9,43.9,43.9,43.9,43.9,43.9,43.9,43.9,43.9,43.9,43.908,43.908,43.908,43.908,43.908,43.908,45.512,45.512,45.512,45.512,45.512,45.512,45.512,45.512,45.512,45.512,45.512,45.512,45.512,45.512,45.512,45.512,45.512,45.512,45.512,45.512,45.512,45.512,45.512,45.512,45.512,45.512,45.512,45.512,45.512,45.512,45.512,45.512,45.512,45.512,45.512,45.512,45.512,45.512,45.512,45.512,45.512,45.512,45.512,45.512,45.512,45.512,45.512,45.512,45.512,45.512,45.512,45.512,45.512,45.512,45.512,45.512,45.512,45.512,45.512,45.512
1964-10-01,38.8,38.8,38.8,38.8,38.8,38.8,38.8,38.8,38.8,38.8,38.8,38.8,38.8,38.8,38.8,38.8,38.8,38.8,38.8,38.8,38.8,38.8,38.8,38.8,38.8,38.8,38.8,38.8,38.8,38.8,36.9,36.9,36.9,36.9,36.9,36.9,36.9,36.9,36.9,36.9,36.9,36.9,36.9,36.9,36.9,36.9,36.9,36.9,36.9,36.9,36.9,36.9,36.9,36.9,36.9,36.9,36.9,36.9,36.9,36.9,36.9,36.9,36.9,36.9,36.9,36.9,36.9,36.9,36.9,36.9,36.9,36.9,36.9,36.9,38.7,38.7,38.7,38.7,38.7,38.7,38.7,38.7,38.7,38.7,38.7,38.7,38.7,38.7,38.7,38.7,38.7,38.7,38.7,38.7,38.7,38.7,38.7,38.7,38.7,38.7,38.7,38.7,38.7,38.7,38.7,38.7,38.7,38.7,38.7,38.7,38.7,38.7,38.7,38.7,38.7,38.9,38.9,38.9,38.9,38.9,38.9,38.9,38.9,38.9,38.9,38.9,38.9,38.9,38.9,38.9,38.9,38.9,38.9,38.9,38.9,38.9,38.9,38.9,38.9,38.9,38.9,38.9,38.9,38.9,38.9,38.9,38.9,38.9,38.9,38.9,38.9,38.9,38.9,38.9,38.9,38.9,38.9,38.9,38.9,38.9,38.9,38.9,38.9,38.9,38.9,38.9,40.1,40.1,40.1,40.1,40.1,40.1,40.1,40.1,40.1,40.1,40.1,40.1,40.1,40.1,40.1,40.1,40.1,40.1,40.1,40.1,40.1,40.1,40.1,40.1,40.1,40.1,40.1,40.1,40.1,40.1,40.1,40.1,40.1,40.1,40.1,40.1,40.1,40.1,40.1,40.1,40.1,40.1,40.1,40.1,40.1,40.1,40.1,40.1,40.1,40.1,40.1,40.1,40.1,40.1,40.1,40.1,40.1,40.1,40.1,40.1,40.1,40.1,40.1,40.1,41.1,41.1,41.1,41.1,41.1,41.1,41.1,41.1,41.1,41.1,41.1,41.1,41.1,41.1,41.1,41.1,41.1,41.1,41.1,41.1,41.1,41.1,41.1,41.1,41.1,41.1,41.1,41.1,41.1,41.1,41.1,41.1,41.1,41.1,41.0,41.0,41.0,41.0,41.0,41.0,41.0,41.0,41.0,41.0,41.0,41.0,41.0,41.0,41.0,41.0,41.0,41.0,41.0,41.0,41.0,41.0,41.0,41.0,41.0,41.0,41.0,41.0,41.0,41.0,41.0,41.0,41.0,41.0,41.0,41.0,41.0,41.0,41.0,41.0,41.0,41.0,41.0,41.0,41.0,,41.0,41.0,41.0,41.0,41.0,41.0,41.0,41.0,41.0,41.0,41.0,41.0,41.0,41.0,41.0,41.0,41.0,41.0,41.0,41.0,41.0,41.0,41.0,41.0,41.0,41.0,41.0,41.0,41.0,41.0,41.0,41.0,43.5,43.5,43.5,43.5,43.5,43.5,43.5,43.5,43.5,43.5,43.5,43.5,43.5,43.5,43.5,43.5,43.5,43.5,43.5,43.5,43.5,43.5,43.5,43.5,43.5,43.5,43.5,43.5,43.5,43.5,43.5,43.5,43.5,43.5,43.5,43.522,43.522,43.522,43.522,43.522,43.522,45.174,45.174,45.174,45.174,45.174,45.174,45.174,45.174,45.174,45.174,45.174,45.174,45.174,45.174,45.174,45.174,45.174,45.174,45.174,45.174,45.174,45.174,45.174,45.174,45.174,45.174,45.174,45.174,45.174,45.174,45.174,45.174,45.174,45.174,45.174,45.174,45.174,45.174,45.174,45.174,45.174,45.174,45.174,45.174,45.174,45.174,45.174,45.174,45.174,45.174,45.174,45.174,45.174,45.174,45.174,45.174,45.174,45.174,45.174,45.174
1965-01-01,44.5,44.5,44.5,44.5,44.5,44.5,44.5,44.5,44.5,44.5,44.5,44.5,44.5,44.5,44.5,44.5,44.5,44.5,44.5,44.5,44.5,44.5,44.5,44.5,44.5,44.5,44.5,44.5,44.5,44.5,42.4,42.4,42.4,42.4,42.4,42.4,42.4,42.4,42.4,42.4,42.4,42.4,42.4,42.4,42.4,42.4,42.4,42.4,42.4,42.4,42.4,42.4,42.4,42.4,42.4,42.4,42.4,42.4,42.4,42.4,42.4,42.4,42.4,42.4,42.4,42.4,42.4,42.4,42.4,42.4,42.4,42.4,42.4,42.4,44.2,44.2,44.2,44.2,44.2,44.2,44.2,44.2,44.2,44.2,44.2,44.2,44.2,44.2,44.2,44.2,44.2,44.2,44.2,44.2,44.2,44.2,44.2,44.2,44.2,44.2,44.2,44.2,44.2,44.2,44.2,44.2,44.2,44.2,44.2,44.2,44.2,44.2,44.2,44.2,44.2,44.3,44.3,44.3,44.3,44.3,44.3,44.3,44.3,44.3,44.3,44.3,44.3,44.3,44.3,44.3,44.3,44.3,44.3,44.3,44.3,44.3,44.3,44.3,44.3,44.3,44.3,44.3,44.3,44.3,44.3,44.3,44.3,44.3,44.3,44.3,44.3,44.3,44.3,44.3,44.3,44.3,44.3,44.3,44.3,44.3,44.3,44.3,44.3,44.3,44.3,44.3,45.8,45.8,45.8,45.8,45.8,45.8,45.8,45.8,45.8,45.8,45.8,45.8,45.8,45.8,45.8,45.8,45.8,45.8,45.8,45.8,45.8,45.8,45.8,45.8,45.8,45.8,45.8,45.8,45.8,45.8,45.8,45.8,45.8,45.8,45.8,45.8,45.8,45.8,45.8,45.8,45.8,45.8,45.8,45.8,45.8,45.8,45.8,45.8,45.8,45.8,45.8,45.8,45.8,45.8,45.8,45.8,45.8,45.8,45.8,45.8,45.8,45.8,45.8,45.8,46.8,46.8,46.8,46.8,46.8,46.8,46.8,46.8,46.8,46.8,46.8,46.8,46.8,46.8,46.8,46.8,46.8,46.8,46.8,46.8,46.8,46.8,46.8,46.8,46.8,46.8,46.8,46.8,46.8,46.8,46.8,46.8,46.8,46.8,46.8,46.8,46.8,46.8,46.8,46.8,46.8,46.8,46.8,46.8,46.8,46.8,46.8,46.8,46.8,46.8,46.8,46.8,46.8,46.8,46.8,46.8,46.8,46.8,46.8,46.8,46.8,46.8,46.8,46.8,46.8,46.8,46.8,46.8,46.8,46.8,46.8,46.8,46.8,46.8,46.8,46.8,46.8,46.8,46.8,,46.8,46.8,46.8,46.8,46.8,46.8,46.8,46.8,46.8,46.8,46.8,46.8,46.8,46.8,46.8,46.8,46.8,46.8,46.8,46.8,46.8,46.8,46.8,46.8,46.8,46.8,46.8,46.8,46.8,46.8,46.8,46.8,49.5,49.5,49.5,49.5,49.5,49.5,49.5,49.5,49.5,49.5,49.5,49.5,49.5,49.5,49.5,49.5,49.5,49.5,49.5,49.5,49.5,49.5,49.5,49.5,49.5,49.5,49.5,49.5,49.5,49.5,49.5,49.5,49.5,49.5,49.5,49.487,49.487,49.487,49.487,49.487,49.487,50.699,50.699,50.699,50.699,50.699,50.699,50.699,50.699,50.699,50.699,50.699,50.699,50.699,50.699,50.699,50.699,50.699,50.699,50.699,50.699,50.699,50.699,50.699,50.699,50.699,50.699,50.699,50.699,50.699,50.699,50.699,50.699,50.699,50.699,50.699,50.699,50.699,50.699,50.699,50.699,50.699,50.699,50.699,50.699,50.699,50.699,50.699,50.699,50.699,50.699,50.699,50.699,50.699,50.699,50.699,50.699,50.699,50.699,50.699,50.699
1965-04-01,45.7,45.7,45.7,45.7,45.7,45.7,45.7,45.7,45.7,45.7,45.7,45.7,45.7,45.7,45.7,45.7,45.7,45.7,45.7,45.7,45.7,45.7,45.7,45.7,45.7,45.7,45.7,45.7,45.7,45.7,43.9,43.9,43.9,43.9,43.9,43.9,43.9,43.9,43.9,43.9,43.9,43.9,43.9,43.9,43.9,43.9,43.9,43.9,43.9,43.9,43.9,43.9,43.9,43.9,43.9,43.9,43.9,43.9,43.9,43.9,43.9,43.9,43.9,43.9,43.9,43.9,43.9,43.9,43.9,43.9,43.9,43.9,43.9,43.9,45.9,45.9,45.9,45.9,45.9,45.9,45.9,45.9,45.9,45.9,45.9,45.9,45.9,45.9,45.9,45.9,45.9,45.9,45.9,45.9,45.9,45.9,45.9,45.9,45.9,45.9,45.9,45.9,45.9,45.9,45.9,45.9,45.9,45.9,45.9,45.9,45.9,45.9,45.9,45.9,45.9,46.0,46.0,46.0,46.0,46.0,46.0,46.0,46.0,46.0,46.0,46.0,46.0,46.0,46.0,46.0,46.0,46.0,46.0,46.0,46.0,46.0,46.0,46.0,46.0,46.0,46.0,46.0,46.0,46.0,46.0,46.0,46.0,46.0,46.0,46.0,46.0,46.0,46.0,46.0,46.0,46.0,46.0,46.0,46.0,46.0,46.0,46.0,46.0,46.0,46.0,46.0,47.4,47.4,47.4,47.4,47.4,47.4,47.4,47.4,47.4,47.4,47.4,47.4,47.4,47.4,47.4,47.4,47.4,47.4,47.4,47.4,47.4,47.4,47.4,47.4,47.4,47.4,47.4,47.4,47.4,47.4,47.4,47.4,47.4,47.4,47.4,47.4,47.4,47.4,47.4,47.4,47.4,47.4,47.4,47.4,47.4,47.4,47.4,47.4,47.4,47.4,47.4,47.4,47.4,47.4,47.4,47.4,47.4,47.4,47.4,47.4,47.4,47.4,47.4,47.4,48.5,48.5,48.5,48.5,48.5,48.5,48.5,48.5,48.5,48.5,48.5,48.5,48.5,48.5,48.5,48.5,48.5,48.5,48.5,48.5,48.5,48.5,48.5,48.5,48.5,48.5,48.5,48.5,48.5,48.5,48.5,48.5,48.5,48.5,48.5,48.5,48.5,48.5,48.5,48.5,48.5,48.5,48.5,48.5,48.5,48.5,48.5,48.5,48.5,48.5,48.5,48.5,48.5,48.5,48.5,48.5,48.5,48.5,48.5,48.5,48.5,48.5,48.5,48.5,48.5,48.5,48.5,48.5,48.5,48.5,48.5,48.5,48.5,48.5,48.5,48.5,48.5,48.5,48.5,,48.5,48.5,48.5,48.5,48.5,48.5,48.5,48.5,48.5,48.5,48.5,48.5,48.5,48.5,48.5,48.5,48.5,48.5,48.5,48.5,48.5,48.5,48.5,48.5,48.5,48.5,48.5,48.5,48.5,48.5,48.5,48.5,51.3,51.3,51.3,51.3,51.3,51.3,51.3,51.3,51.3,51.3,51.3,51.3,51.3,51.3,51.3,51.3,51.3,51.3,51.3,51.3,51.3,51.3,51.3,51.3,51.3,51.3,51.3,51.3,51.3,51.3,51.3,51.3,51.3,51.3,51.3,51.302,51.302,51.302,51.302,51.302,51.302,52.574,52.574,52.574,52.574,52.574,52.574,52.574,52.574,52.574,52.574,52.574,52.574,52.574,52.574,52.574,52.574,52.574,52.574,52.574,52.574,52.574,52.574,52.574,52.574,52.574,52.574,52.574,52.574,52.574,52.574,52.574,52.574,52.574,52.574,52.574,52.574,52.574,52.574,52.574,52.574,52.574,52.574,52.574,52.574,52.574,52.574,52.574,52.574,52.574,52.574,52.574,52.574,52.574,52.574,52.574,52.574,52.574,52.574,52.574,52.574
1965-07-01,46.3,46.3,46.3,46.3,46.3,46.3,46.3,46.3,46.3,46.3,46.3,46.3,46.3,46.3,46.3,46.3,46.3,46.3,46.3,46.3,46.3,46.3,46.3,46.3,46.3,46.3,46.3,46.3,46.3,46.3,44.4,44.4,44.4,44.4,44.4,44.4,44.4,44.4,44.4,44.4,44.4,44.4,44.4,44.4,44.4,44.4,44.4,44.4,44.4,44.4,44.4,44.4,44.4,44.4,44.4,44.4,44.4,44.4,44.4,44.4,44.4,44.4,44.4,44.4,44.4,44.4,44.4,44.4,44.4,44.4,44.4,44.4,44.4,44.4,46.4,46.4,46.4,46.4,46.4,46.4,46.4,46.4,46.4,46.4,46.4,46.4,46.4,46.4,46.4,46.4,46.4,46.4,46.4,46.4,46.4,46.4,46.4,46.4,46.4,46.4,46.4,46.4,46.4,46.4,46.4,46.4,46.4,46.4,46.4,46.4,46.4,46.4,46.4,46.4,46.4,46.6,46.6,46.6,46.6,46.6,46.6,46.6,46.6,46.6,46.6,46.6,46.6,46.6,46.6,46.6,46.6,46.6,46.6,46.6,46.6,46.6,46.6,46.6,46.6,46.6,46.6,46.6,46.6,46.6,46.6,46.6,46.6,46.6,46.6,46.6,46.6,46.6,46.6,46.6,46.6,46.6,46.6,46.6,46.6,46.6,46.6,46.6,46.6,46.6,46.6,46.6,48.0,48.0,48.0,48.0,48.0,48.0,48.0,48.0,48.0,48.0,48.0,48.0,48.0,48.0,48.0,48.0,48.0,48.0,48.0,48.0,48.0,48.0,48.0,48.0,48.0,48.0,48.0,48.0,48.0,48.0,48.0,48.0,48.0,48.0,48.0,48.0,48.0,48.0,48.0,48.0,48.0,48.0,48.0,48.0,48.0,48.0,48.0,48.0,48.0,48.0,48.0,48.0,48.0,48.0,48.0,48.0,48.0,48.0,48.0,48.0,48.0,48.0,48.0,48.0,49.1,49.1,49.1,49.1,49.1,49.1,49.1,49.1,49.1,49.1,49.1,49.1,49.1,49.1,49.1,49.1,49.1,49.1,49.1,49.1,49.1,49.1,49.1,49.1,49.1,49.1,49.1,49.1,49.1,49.1,49.1,49.1,49.1,49.1,49.1,49.1,49.1,49.1,49.1,49.1,49.1,49.1,49.1,49.1,49.1,49.1,49.1,49.1,49.1,49.1,49.1,49.1,49.1,49.1,49.1,49.1,49.1,49.1,49.1,49.1,49.1,49.1,49.1,49.1,49.1,49.1,49.1,49.1,49.1,49.1,49.1,49.1,49.1,49.1,49.1,49.1,49.1,49.1,49.1,,49.1,49.1,49.1,49.1,49.1,49.1,49.1,49.1,49.1,49.1,49.1,49.1,49.1,49.1,49.1,49.1,49.1,49.1,49.1,49.1,49.1,49.1,49.1,49.1,49.1,49.1,49.1,49.1,49.1,49.1,49.1,49.1,52.2,52.2,52.2,52.2,52.2,52.2,52.2,52.2,52.2,52.2,52.2,52.2,52.2,52.2,52.2,52.2,52.2,52.2,52.2,52.2,52.2,52.2,52.2,52.2,52.2,52.2,52.2,52.2,52.2,52.2,52.2,52.2,52.2,52.2,52.2,52.193,52.193,52.193,52.193,52.193,52.193,53.517,53.517,53.517,53.517,53.517,53.517,53.517,53.517,53.517,53.517,53.517,53.517,53.517,53.517,53.517,53.517,53.517,53.517,53.517,53.517,53.517,53.517,53.517,53.517,53.517,53.517,53.517,53.517,53.517,53.517,53.517,53.517,53.517,53.517,53.517,53.517,53.517,53.517,53.517,53.517,53.517,53.517,53.517,53.517,53.517,53.517,53.517,53.517,53.517,53.517,53.517,53.517,53.517,53.517,53.517,53.517,53.517,53.517,53.517,53.517
1965-10-01,49.3,49.3,49.3,49.3,49.3,49.3,49.3,49.3,49.3,49.3,49.3,49.3,49.3,49.3,49.3,49.3,49.3,49.3,49.3,49.3,49.3,49.3,49.3,49.3,49.3,49.3,49.3,49.3,49.3,49.3,46.7,46.7,46.7,46.7,46.7,46.7,46.7,46.7,46.7,46.7,46.7,46.7,46.7,46.7,46.7,46.7,46.7,46.7,46.7,46.7,46.7,46.7,46.7,46.7,46.7,46.7,46.7,46.7,46.7,46.7,46.7,46.7,46.7,46.7,46.7,46.7,46.7,46.7,46.7,46.7,46.7,46.7,46.7,46.7,48.9,48.9,48.9,48.9,48.9,48.9,48.9,48.9,48.9,48.9,48.9,48.9,48.9,48.9,48.9,48.9,48.9,48.9,48.9,48.9,48.9,48.9,48.9,48.9,48.9,48.9,48.9,48.9,48.9,48.9,48.9,48.9,48.9,48.9,48.9,48.9,48.9,48.9,48.9,48.9,48.9,49.1,49.1,49.1,49.1,49.1,49.1,49.1,49.1,49.1,49.1,49.1,49.1,49.1,49.1,49.1,49.1,49.1,49.1,49.1,49.1,49.1,49.1,49.1,49.1,49.1,49.1,49.1,49.1,49.1,49.1,49.1,49.1,49.1,49.1,49.1,49.1,49.1,49.1,49.1,49.1,49.1,49.1,49.1,49.1,49.1,49.1,49.1,49.1,49.1,49.1,49.1,50.7,50.7,50.7,50.7,50.7,50.7,50.7,50.7,50.7,50.7,50.7,50.7,50.7,50.7,50.7,50.7,50.7,50.7,50.7,50.7,50.7,50.7,50.7,50.7,50.7,50.7,50.7,50.7,50.7,50.7,50.7,50.7,50.7,50.7,50.7,50.7,50.7,50.7,50.7,50.7,50.7,50.7,50.7,50.7,50.7,50.7,50.7,50.7,50.7,50.7,50.7,50.7,50.7,50.7,50.7,50.7,50.7,50.7,50.7,50.7,50.7,50.7,50.7,50.7,51.9,51.9,51.9,51.9,51.9,51.9,51.9,51.9,51.9,51.9,51.9,51.9,51.9,51.9,51.9,51.9,51.9,51.9,51.9,51.9,51.9,51.9,51.9,51.9,51.9,51.9,51.9,51.9,51.9,51.9,51.9,51.9,51.9,51.9,51.9,51.9,51.9,51.9,51.9,51.9,51.9,51.9,51.9,51.9,51.9,51.9,51.9,51.9,51.9,51.9,51.9,51.9,51.9,51.9,51.9,51.9,51.9,51.9,51.9,51.9,51.9,51.9,51.9,51.9,51.9,51.9,51.9,51.9,51.9,51.9,51.9,51.9,51.9,51.9,51.9,51.9,51.9,51.9,51.9,,51.9,51.9,51.9,51.9,51.9,51.9,51.9,51.9,51.9,51.9,51.9,51.9,51.9,51.9,51.9,51.9,51.9,51.9,51.9,51.9,51.9,51.9,51.9,51.9,51.9,51.9,51.9,51.9,51.9,51.9,51.9,51.9,55.2,55.2,55.2,55.2,55.2,55.2,55.2,55.2,55.2,55.2,55.2,55.2,55.2,55.2,55.2,55.2,55.2,55.2,55.2,55.2,55.2,55.2,55.2,55.2,55.2,55.2,55.2,55.2,55.2,55.2,55.2,55.2,55.2,55.2,55.2,55.197,55.197,55.197,55.197,55.197,55.197,56.577,56.577,56.577,56.577,56.577,56.577,56.577,56.577,56.577,56.577,56.577,56.577,56.577,56.577,56.577,56.577,56.577,56.577,56.577,56.577,56.577,56.577,56.577,56.577,56.577,56.577,56.577,56.577,56.577,56.577,56.577,56.577,56.577,56.577,56.577,56.577,56.577,56.577,56.577,56.577,56.577,56.577,56.577,56.577,56.577,56.577,56.577,56.577,56.577,56.577,56.577,56.577,56.577,56.577,56.577,56.577,56.577,56.577,56.577,56.577
1966-01-01,49.8,49.8,49.8,49.8,49.8,49.8,49.8,49.8,49.8,49.8,49.8,49.8,49.8,49.8,49.8,49.8,49.8,49.8,49.8,49.8,49.8,49.8,49.8,49.8,49.8,49.8,49.8,49.8,49.8,49.8,47.6,47.6,47.6,47.6,47.6,47.6,47.6,47.6,47.6,47.6,47.6,47.6,47.6,47.6,47.6,47.6,47.6,47.6,47.6,47.6,47.6,47.6,47.6,47.6,47.6,47.6,47.6,47.6,47.6,47.6,47.6,47.6,47.6,47.6,47.6,47.6,47.6,47.6,47.6,47.6,47.6,47.6,47.6,47.6,49.8,49.8,49.8,49.8,49.8,49.8,49.8,49.8,49.8,49.8,49.8,49.8,49.8,49.8,49.8,49.8,49.8,49.8,49.8,49.8,49.8,49.8,49.8,49.8,49.8,49.8,49.8,49.8,49.8,49.8,49.8,49.8,49.8,49.8,49.8,49.8,49.8,49.8,49.8,49.8,49.8,50.0,50.0,50.0,50.0,50.0,50.0,50.0,50.0,50.0,50.0,50.0,50.0,50.0,50.0,50.0,50.0,50.0,50.0,50.0,50.0,50.0,50.0,50.0,50.0,50.0,50.0,50.0,50.0,50.0,50.0,50.0,50.0,50.0,50.0,50.0,50.0,50.0,50.0,50.0,50.0,50.0,50.0,50.0,50.0,50.0,50.0,50.0,50.0,50.0,50.0,50.0,51.8,51.8,51.8,51.8,51.8,51.8,51.8,51.8,51.8,51.8,51.8,51.8,51.8,51.8,51.8,51.8,51.8,51.8,51.8,51.8,51.8,51.8,51.8,51.8,51.8,51.8,51.8,51.8,51.8,51.8,51.8,51.8,51.8,51.8,51.8,51.8,51.8,51.8,51.8,51.8,51.8,51.8,51.8,51.8,51.8,51.8,51.8,51.8,51.8,51.8,51.8,51.8,51.8,51.8,51.8,51.8,51.8,51.8,51.8,51.8,51.8,51.8,51.8,51.8,53.1,53.1,53.1,53.1,53.1,53.1,53.1,53.1,53.1,53.1,53.1,53.1,53.1,53.1,53.1,53.1,53.1,53.1,53.1,53.1,53.1,53.1,53.1,53.1,53.1,53.1,53.1,53.1,53.1,53.1,53.1,53.1,53.1,53.1,53.1,53.1,53.1,53.1,53.1,53.1,53.1,53.1,53.1,53.1,53.1,53.1,53.1,53.1,53.1,53.1,53.1,53.1,53.1,53.1,53.1,53.1,53.1,53.1,53.1,53.1,53.1,53.1,53.1,53.1,53.1,53.1,53.1,53.1,53.1,53.1,53.1,53.1,53.1,53.1,53.1,53.1,53.1,53.1,53.1,,53.1,53.1,53.1,53.1,53.1,53.1,53.1,53.1,53.1,53.1,53.1,53.1,53.1,53.1,53.1,53.1,53.1,53.1,53.1,53.1,53.1,53.1,53.1,53.1,53.1,53.1,53.1,53.1,53.1,53.1,53.1,53.1,56.7,56.7,56.7,56.7,56.7,56.7,56.7,56.7,56.7,56.7,56.7,56.7,56.7,56.7,56.7,56.7,56.7,56.7,56.7,56.7,56.7,56.7,56.7,56.7,56.7,56.7,56.7,56.7,56.7,56.7,56.7,56.7,56.7,56.7,56.7,56.653,56.653,56.653,56.653,56.653,56.653,58.118,58.118,58.118,58.118,58.118,58.118,58.118,58.118,58.118,58.118,58.118,58.118,58.118,58.118,58.118,58.118,58.118,58.118,58.118,58.118,58.118,58.118,58.118,58.118,58.118,58.118,58.118,58.118,58.118,58.118,58.118,58.118,58.118,58.118,58.118,58.118,58.118,58.118,58.118,58.118,58.118,58.118,58.118,58.118,58.118,58.118,58.118,58.118,58.118,58.118,58.118,58.118,58.118,58.118,58.118,58.118,58.118,58.118,58.118,58.118
1966-04-01,50.0,50.0,50.0,50.0,50.0,50.0,50.0,50.0,50.0,50.0,50.0,50.0,50.0,50.0,50.0,50.0,50.0,50.0,50.0,50.0,50.0,50.0,50.0,50.0,50.0,50.0,50.0,50.0,50.0,50.0,47.6,47.6,47.6,47.6,47.6,47.6,47.6,47.6,47.6,47.6,47.6,47.6,47.6,47.6,47.6,47.6,47.6,47.6,47.6,47.6,47.6,47.6,47.6,47.6,47.6,47.6,47.6,47.6,47.6,47.6,47.6,47.6,47.6,47.6,47.6,47.6,47.6,47.6,47.6,47.6,47.6,47.6,47.6,47.6,49.8,49.8,49.8,49.8,49.8,49.8,49.8,49.8,49.8,49.8,49.8,49.8,49.8,49.8,49.8,49.8,49.8,49.8,49.8,49.8,49.8,49.8,49.8,49.8,49.8,49.8,49.8,49.8,49.8,49.8,49.8,49.8,49.8,49.8,49.8,49.8,49.8,49.8,49.8,49.8,49.8,50.1,50.1,50.1,50.1,50.1,50.1,50.1,50.1,50.1,50.1,50.1,50.1,50.1,50.1,50.1,50.1,50.1,50.1,50.1,50.1,50.1,50.1,50.1,50.1,50.1,50.1,50.1,50.1,50.1,50.1,50.1,50.1,50.1,50.1,50.1,50.1,50.1,50.1,50.1,50.1,50.1,50.1,50.1,50.1,50.1,50.1,50.1,50.1,50.1,50.1,50.1,51.9,51.9,51.9,51.9,51.9,51.9,51.9,51.9,51.9,51.9,51.9,51.9,51.9,51.9,51.9,51.9,51.9,51.9,51.9,51.9,51.9,51.9,51.9,51.9,51.9,51.9,51.9,51.9,51.9,51.9,51.9,51.9,51.9,51.9,51.9,51.9,51.9,51.9,51.9,51.9,51.9,51.9,51.9,51.9,51.9,51.9,51.9,51.9,51.9,51.9,51.9,51.9,51.9,51.9,51.9,51.9,51.9,51.9,51.9,51.9,51.9,51.9,51.9,51.9,53.3,53.3,53.3,53.3,53.3,53.3,53.3,53.3,53.3,53.3,53.3,53.3,53.3,53.3,53.3,53.3,53.3,53.3,53.3,53.3,53.3,53.3,53.3,53.3,53.3,53.3,53.3,53.3,53.3,53.3,53.3,53.3,53.3,53.3,53.3,53.3,53.3,53.3,53.3,53.3,53.3,53.3,53.3,53.3,53.3,53.3,53.3,53.3,53.3,53.3,53.3,53.3,53.3,53.3,53.3,53.3,53.3,53.3,53.3,53.3,53.3,53.3,53.3,53.3,53.3,53.3,53.3,53.3,53.3,53.3,53.3,53.3,53.3,53.3,53.3,53.3,53.3,53.3,53.3,,53.3,53.3,53.3,53.3,53.3,53.3,53.3,53.3,53.3,53.3,53.3,53.3,53.3,53.3,53.3,53.3,53.3,53.3,53.3,53.3,53.3,53.3,53.3,53.3,53.3,53.3,53.3,53.3,53.3,53.3,53.3,53.3,57.0,57.0,57.0,57.0,57.0,57.0,57.0,57.0,57.0,57.0,57.0,57.0,57.0,57.0,57.0,57.0,57.0,57.0,57.0,57.0,57.0,57.0,57.0,57.0,57.0,57.0,57.0,57.0,57.0,57.0,57.0,57.0,57.0,57.0,57.0,56.992,56.992,56.992,56.992,56.992,56.992,58.576,58.576,58.576,58.576,58.576,58.576,58.576,58.576,58.576,58.576,58.576,58.576,58.576,58.576,58.576,58.576,58.576,58.576,58.576,58.576,58.576,58.576,58.576,58.576,58.576,58.576,58.576,58.576,58.576,58.576,58.576,58.576,58.576,58.576,58.576,58.576,58.576,58.576,58.576,58.576,58.576,58.576,58.576,58.576,58.576,58.576,58.576,58.576,58.576,58.576,58.576,58.576,58.576,58.576,58.576,58.576,58.576,58.576,58.576,58.576
1966-07-01,50.7,50.7,50.7,50.7,50.7,50.7,50.7,50.7,50.7,50.7,50.7,50.7,50.7,50.7,50.7,50.7,50.7,50.7,50.7,50.7,50.7,50.7,50.7,50.7,50.7,50.7,50.7,50.7,50.7,50.7,47.1,47.1,47.1,47.1,47.1,47.1,47.1,47.1,47.1,47.1,47.1,47.1,47.1,47.1,47.1,47.1,47.1,47.1,47.1,47.1,47.1,47.1,47.1,47.1,47.1,47.1,47.1,47.1,47.1,47.1,47.1,47.1,47.1,47.1,47.1,47.1,47.1,47.1,47.1,47.1,47.1,47.1,47.1,47.1,49.4,49.4,49.4,49.4,49.4,49.4,49.4,49.4,49.4,49.4,49.4,49.4,49.4,49.4,49.4,49.4,49.4,49.4,49.4,49.4,49.4,49.4,49.4,49.4,49.4,49.4,49.4,49.4,49.4,49.4,49.4,49.4,49.4,49.4,49.4,49.4,49.4,49.4,49.4,49.4,49.4,49.7,49.7,49.7,49.7,49.7,49.7,49.7,49.7,49.7,49.7,49.7,49.7,49.7,49.7,49.7,49.7,49.7,49.7,49.7,49.7,49.7,49.7,49.7,49.7,49.7,49.7,49.7,49.7,49.7,49.7,49.7,49.7,49.7,49.7,49.7,49.7,49.7,49.7,49.7,49.7,49.7,49.7,49.7,49.7,49.7,49.7,49.7,49.7,49.7,49.7,49.7,51.5,51.5,51.5,51.5,51.5,51.5,51.5,51.5,51.5,51.5,51.5,51.5,51.5,51.5,51.5,51.5,51.5,51.5,51.5,51.5,51.5,51.5,51.5,51.5,51.5,51.5,51.5,51.5,51.5,51.5,51.5,51.5,51.5,51.5,51.5,51.5,51.5,51.5,51.5,51.5,51.5,51.5,51.5,51.5,51.5,51.5,51.5,51.5,51.5,51.5,51.5,51.5,51.5,51.5,51.5,51.5,51.5,51.5,51.5,51.5,51.5,51.5,51.5,51.5,52.9,52.9,52.9,52.9,52.9,52.9,52.9,52.9,52.9,52.9,52.9,52.9,52.9,52.9,52.9,52.9,52.9,52.9,52.9,52.9,52.9,52.9,52.9,52.9,52.9,52.9,52.9,52.9,52.9,52.9,52.9,52.9,52.9,52.9,52.9,52.9,52.9,52.9,52.9,52.9,52.9,52.9,52.9,52.9,52.9,52.9,52.9,52.9,52.9,52.9,52.9,52.9,52.9,52.9,52.9,52.9,52.9,52.9,52.9,52.9,52.9,52.9,52.9,52.9,52.9,52.9,52.9,52.9,52.9,52.9,52.9,52.9,52.9,52.9,52.9,52.9,52.9,52.9,52.9,,52.9,52.9,52.9,52.9,52.9,52.9,52.9,52.9,52.9,52.9,52.9,52.9,52.9,52.9,52.9,52.9,52.9,52.9,52.9,52.9,52.9,52.9,52.9,52.9,52.9,52.9,52.9,52.9,52.9,52.9,52.9,52.9,56.7,56.7,56.7,56.7,56.7,56.7,56.7,56.7,56.7,56.7,56.7,56.7,56.7,56.7,56.7,56.7,56.7,56.7,56.7,56.7,56.7,56.7,56.7,56.7,56.7,56.7,56.7,56.7,56.7,56.7,56.7,56.7,56.7,56.7,56.7,56.681,56.681,56.681,56.681,56.681,56.681,58.397,58.397,58.397,58.397,58.397,58.397,58.397,58.397,58.397,58.397,58.397,58.397,58.397,58.397,58.397,58.397,58.397,58.397,58.397,58.397,58.397,58.397,58.397,58.397,58.397,58.397,58.397,58.397,58.397,58.397,58.397,58.397,58.397,58.397,58.397,58.397,58.397,58.397,58.397,58.397,58.397,58.397,58.397,58.397,58.397,58.397,58.397,58.397,58.397,58.397,58.397,58.397,58.397,58.397,58.397,58.397,58.397,58.397,58.397,58.397
1966-10-01,49.3,49.3,49.3,49.3,49.3,49.3,49.3,49.3,49.3,49.3,49.3,49.3,49.3,49.3,49.3,49.3,49.3,49.3,49.3,49.3,49.3,49.3,49.3,49.3,49.3,49.3,49.3,49.3,49.3,49.3,46.1,46.1,46.1,46.1,46.1,46.1,46.1,46.1,46.1,46.1,46.1,46.1,46.1,46.1,46.1,46.1,46.1,46.1,46.1,46.1,46.1,46.1,46.1,46.1,46.1,46.1,46.1,46.1,46.1,46.1,46.1,46.1,46.1,46.1,46.1,46.1,46.1,46.1,46.1,46.1,46.1,46.1,46.1,46.1,48.5,48.5,48.5,48.5,48.5,48.5,48.5,48.5,48.5,48.5,48.5,48.5,48.5,48.5,48.5,48.5,48.5,48.5,48.5,48.5,48.5,48.5,48.5,48.5,48.5,48.5,48.5,48.5,48.5,48.5,48.5,48.5,48.5,48.5,48.5,48.5,48.5,48.5,48.5,48.5,48.5,48.7,48.7,48.7,48.7,48.7,48.7,48.7,48.7,48.7,48.7,48.7,48.7,48.7,48.7,48.7,48.7,48.7,48.7,48.7,48.7,48.7,48.7,48.7,48.7,48.7,48.7,48.7,48.7,48.7,48.7,48.7,48.7,48.7,48.7,48.7,48.7,48.7,48.7,48.7,48.7,48.7,48.7,48.7,48.7,48.7,48.7,48.7,48.7,48.7,48.7,48.7,50.5,50.5,50.5,50.5,50.5,50.5,50.5,50.5,50.5,50.5,50.5,50.5,50.5,50.5,50.5,50.5,50.5,50.5,50.5,50.5,50.5,50.5,50.5,50.5,50.5,50.5,50.5,50.5,50.5,50.5,50.5,50.5,50.5,50.5,50.5,50.5,50.5,50.5,50.5,50.5,50.5,50.5,50.5,50.5,50.5,50.5,50.5,50.5,50.5,50.5,50.5,50.5,50.5,50.5,50.5,50.5,50.5,50.5,50.5,50.5,50.5,50.5,50.5,50.5,51.9,51.9,51.9,51.9,51.9,51.9,51.9,51.9,51.9,51.9,51.9,51.9,51.9,51.9,51.9,51.9,51.9,51.9,51.9,51.9,51.9,51.9,51.9,51.9,51.9,51.9,51.9,51.9,51.9,51.9,51.9,51.9,51.9,51.9,51.9,51.9,51.9,51.9,51.9,51.9,51.9,51.9,51.9,51.9,51.9,51.9,51.9,51.9,51.9,51.9,51.9,51.9,51.9,51.9,51.9,51.9,51.9,51.9,51.9,51.9,51.9,51.9,51.9,51.9,51.9,51.9,51.9,51.9,51.9,51.9,51.9,51.9,51.9,51.9,51.9,51.9,51.9,51.9,51.9,,51.9,51.9,51.9,51.9,51.9,51.9,51.9,51.9,51.9,51.9,51.9,51.9,51.9,51.9,51.9,51.9,51.9,51.9,51.9,51.9,51.9,51.9,51.9,51.9,51.9,51.9,51.9,51.9,51.9,51.9,51.9,51.9,55.7,55.7,55.7,55.7,55.7,55.7,55.7,55.7,55.7,55.7,55.7,55.7,55.7,55.7,55.7,55.7,55.7,55.7,55.7,55.7,55.7,55.7,55.7,55.7,55.7,55.7,55.7,55.7,55.7,55.7,55.7,55.7,55.7,55.7,55.7,55.685,55.685,55.685,55.685,55.685,55.685,57.517,57.517,57.517,57.517,57.517,57.517,57.517,57.517,57.517,57.517,57.517,57.517,57.517,57.517,57.517,57.517,57.517,57.517,57.517,57.517,57.517,57.517,57.517,57.517,57.517,57.517,57.517,57.517,57.517,57.517,57.517,57.517,57.517,57.517,57.517,57.517,57.517,57.517,57.517,57.517,57.517,57.517,57.517,57.517,57.517,57.517,57.517,57.517,57.517,57.517,57.517,57.517,57.517,57.517,57.517,57.517,57.517,57.517,57.517,57.517
1967-01-01,45.7,45.7,45.7,45.7,45.7,45.7,45.7,45.7,45.7,45.7,45.7,45.7,45.7,45.7,45.7,45.7,45.7,45.7,45.7,45.7,45.7,45.7,45.7,45.7,45.7,45.7,45.7,45.7,45.7,45.7,43.5,43.5,43.5,43.5,43.5,43.5,43.5,43.5,43.5,43.5,43.5,43.5,43.5,43.5,43.5,43.5,43.5,43.5,43.5,43.5,43.5,43.5,43.5,43.5,43.5,43.5,43.5,43.5,43.5,43.5,43.5,43.5,43.5,43.5,43.5,43.5,43.5,43.5,43.5,43.5,43.5,43.5,43.5,43.5,46.1,46.1,46.1,46.1,46.1,46.1,46.1,46.1,46.1,46.1,46.1,46.1,46.1,46.1,46.1,46.1,46.1,46.1,46.1,46.1,46.1,46.1,46.1,46.1,46.1,46.1,46.1,46.1,46.1,46.1,46.1,46.1,46.1,46.1,46.1,46.1,46.1,46.1,46.1,46.1,46.1,46.3,46.3,46.3,46.3,46.3,46.3,46.3,46.3,46.3,46.3,46.3,46.3,46.3,46.3,46.3,46.3,46.3,46.3,46.3,46.3,46.3,46.3,46.3,46.3,46.3,46.3,46.3,46.3,46.3,46.3,46.3,46.3,46.3,46.3,46.3,46.3,46.3,46.3,46.3,46.3,46.3,46.3,46.3,46.3,46.3,46.3,46.3,46.3,46.3,46.3,46.3,48.1,48.1,48.1,48.1,48.1,48.1,48.1,48.1,48.1,48.1,48.1,48.1,48.1,48.1,48.1,48.1,48.1,48.1,48.1,48.1,48.1,48.1,48.1,48.1,48.1,48.1,48.1,48.1,48.1,48.1,48.1,48.1,48.1,48.1,48.1,48.1,48.1,48.1,48.1,48.1,48.1,48.1,48.1,48.1,48.1,48.1,48.1,48.1,48.1,48.1,48.1,48.1,48.1,48.1,48.1,48.1,48.1,48.1,48.1,48.1,48.1,48.1,48.1,48.1,49.6,49.6,49.6,49.6,49.6,49.6,49.6,49.6,49.6,49.6,49.6,49.6,49.6,49.6,49.6,49.6,49.6,49.6,49.6,49.6,49.6,49.6,49.6,49.6,49.6,49.6,49.6,49.6,49.6,49.6,49.6,49.6,49.6,49.6,49.6,49.6,49.6,49.6,49.6,49.6,49.6,49.6,49.6,49.6,49.6,49.6,49.6,49.6,49.6,49.6,49.6,49.6,49.6,49.6,49.6,49.6,49.6,49.6,49.6,49.6,49.6,49.6,49.6,49.6,49.6,49.6,49.6,49.6,49.6,49.6,49.6,49.6,49.6,49.6,49.6,49.6,49.6,49.6,49.6,,49.6,49.6,49.6,49.6,49.6,49.6,49.6,49.6,49.6,49.6,49.6,49.6,49.6,49.6,49.6,49.6,49.6,49.6,49.6,49.6,49.6,49.6,49.6,49.6,49.6,49.6,49.6,49.6,49.6,49.6,49.6,49.6,53.3,53.3,53.3,53.3,53.3,53.3,53.3,53.3,53.3,53.3,53.3,53.3,53.3,53.3,53.3,53.3,53.3,53.3,53.3,53.3,53.3,53.3,53.3,53.3,53.3,53.3,53.3,53.3,53.3,53.3,53.3,53.3,53.3,53.3,53.3,53.303,53.303,53.303,53.303,53.303,53.303,55.152,55.152,55.152,55.152,55.152,55.152,55.152,55.152,55.152,55.152,55.152,55.152,55.152,55.152,55.152,55.152,55.152,55.152,55.152,55.152,55.152,55.152,55.152,55.152,55.152,55.152,55.152,55.152,55.152,55.152,55.152,55.152,55.152,55.152,55.152,55.152,55.152,55.152,55.152,55.152,55.152,55.152,55.152,55.152,55.152,55.152,55.152,55.152,55.152,55.152,55.152,55.152,55.152,55.152,55.152,55.152,55.152,55.152,55.152,55.152
1967-04-01,45.9,45.9,45.9,45.9,45.9,45.9,45.9,45.9,45.9,45.9,45.9,45.9,45.9,45.9,45.9,45.9,45.9,45.9,45.9,45.9,45.9,45.9,45.9,45.9,45.9,45.9,45.9,45.9,45.9,45.9,43.6,43.6,43.6,43.6,43.6,43.6,43.6,43.6,43.6,43.6,43.6,43.6,43.6,43.6,43.6,43.6,43.6,43.6,43.6,43.6,43.6,43.6,43.6,43.6,43.6,43.6,43.6,43.6,43.6,43.6,43.6,43.6,43.6,43.6,43.6,43.6,43.6,43.6,43.6,43.6,43.6,43.6,43.6,43.6,46.1,46.1,46.1,46.1,46.1,46.1,46.1,46.1,46.1,46.1,46.1,46.1,46.1,46.1,46.1,46.1,46.1,46.1,46.1,46.1,46.1,46.1,46.1,46.1,46.1,46.1,46.1,46.1,46.1,46.1,46.1,46.1,46.1,46.1,46.1,46.1,46.1,46.1,46.1,46.1,46.1,46.4,46.4,46.4,46.4,46.4,46.4,46.4,46.4,46.4,46.4,46.4,46.4,46.4,46.4,46.4,46.4,46.4,46.4,46.4,46.4,46.4,46.4,46.4,46.4,46.4,46.4,46.4,46.4,46.4,46.4,46.4,46.4,46.4,46.4,46.4,46.4,46.4,46.4,46.4,46.4,46.4,46.4,46.4,46.4,46.4,46.4,46.4,46.4,46.4,46.4,46.4,48.1,48.1,48.1,48.1,48.1,48.1,48.1,48.1,48.1,48.1,48.1,48.1,48.1,48.1,48.1,48.1,48.1,48.1,48.1,48.1,48.1,48.1,48.1,48.1,48.1,48.1,48.1,48.1,48.1,48.1,48.1,48.1,48.1,48.1,48.1,48.1,48.1,48.1,48.1,48.1,48.1,48.1,48.1,48.1,48.1,48.1,48.1,48.1,48.1,48.1,48.1,48.1,48.1,48.1,48.1,48.1,48.1,48.1,48.1,48.1,48.1,48.1,48.1,48.1,49.6,49.6,49.6,49.6,49.6,49.6,49.6,49.6,49.6,49.6,49.6,49.6,49.6,49.6,49.6,49.6,49.6,49.6,49.6,49.6,49.6,49.6,49.6,49.6,49.6,49.6,49.6,49.6,49.6,49.6,49.6,49.6,49.6,49.6,49.6,49.6,49.6,49.6,49.6,49.6,49.6,49.6,49.6,49.6,49.6,49.6,49.6,49.6,49.6,49.6,49.6,49.6,49.6,49.6,49.6,49.6,49.6,49.6,49.6,49.6,49.6,49.6,49.6,49.6,49.6,49.6,49.6,49.6,49.6,49.6,49.6,49.6,49.6,49.6,49.6,49.6,49.6,49.6,49.6,,49.6,49.6,49.6,49.6,49.6,49.6,49.6,49.6,49.6,49.6,49.6,49.6,49.6,49.6,49.6,49.6,49.6,49.6,49.6,49.6,49.6,49.6,49.6,49.6,49.6,49.6,49.6,49.6,49.6,49.6,49.6,49.6,53.4,53.4,53.4,53.4,53.4,53.4,53.4,53.4,53.4,53.4,53.4,53.4,53.4,53.4,53.4,53.4,53.4,53.4,53.4,53.4,53.4,53.4,53.4,53.4,53.4,53.4,53.4,53.4,53.4,53.4,53.4,53.4,53.4,53.4,53.4,53.414,53.414,53.414,53.414,53.414,53.414,55.258,55.258,55.258,55.258,55.258,55.258,55.258,55.258,55.258,55.258,55.258,55.258,55.258,55.258,55.258,55.258,55.258,55.258,55.258,55.258,55.258,55.258,55.258,55.258,55.258,55.258,55.258,55.258,55.258,55.258,55.258,55.258,55.258,55.258,55.258,55.258,55.258,55.258,55.258,55.258,55.258,55.258,55.258,55.258,55.258,55.258,55.258,55.258,55.258,55.258,55.258,55.258,55.258,55.258,55.258,55.258,55.258,55.258,55.258,55.258
1967-07-01,46.2,46.2,46.2,46.2,46.2,46.2,46.2,46.2,46.2,46.2,46.2,46.2,46.2,46.2,46.2,46.2,46.2,46.2,46.2,46.2,46.2,46.2,46.2,46.2,46.2,46.2,46.2,46.2,46.2,46.2,44.9,44.9,44.9,44.9,44.9,44.9,44.9,44.9,44.9,44.9,44.9,44.9,44.9,44.9,44.9,44.9,44.9,44.9,44.9,44.9,44.9,44.9,44.9,44.9,44.9,44.9,44.9,44.9,44.9,44.9,44.9,44.9,44.9,44.9,44.9,44.9,44.9,44.9,44.9,44.9,44.9,44.9,44.9,44.9,47.2,47.2,47.2,47.2,47.2,47.2,47.2,47.2,47.2,47.2,47.2,47.2,47.2,47.2,47.2,47.2,47.2,47.2,47.2,47.2,47.2,47.2,47.2,47.2,47.2,47.2,47.2,47.2,47.2,47.2,47.2,47.2,47.2,47.2,47.2,47.2,47.2,47.2,47.2,47.2,47.2,47.5,47.5,47.5,47.5,47.5,47.5,47.5,47.5,47.5,47.5,47.5,47.5,47.5,47.5,47.5,47.5,47.5,47.5,47.5,47.5,47.5,47.5,47.5,47.5,47.5,47.5,47.5,47.5,47.5,47.5,47.5,47.5,47.5,47.5,47.5,47.5,47.5,47.5,47.5,47.5,47.5,47.5,47.5,47.5,47.5,47.5,47.5,47.5,47.5,47.5,47.5,49.1,49.1,49.1,49.1,49.1,49.1,49.1,49.1,49.1,49.1,49.1,49.1,49.1,49.1,49.1,49.1,49.1,49.1,49.1,49.1,49.1,49.1,49.1,49.1,49.1,49.1,49.1,49.1,49.1,49.1,49.1,49.1,49.1,49.1,49.1,49.1,49.1,49.1,49.1,49.1,49.1,49.1,49.1,49.1,49.1,49.1,49.1,49.1,49.1,49.1,49.1,49.1,49.1,49.1,49.1,49.1,49.1,49.1,49.1,49.1,49.1,49.1,49.1,49.1,50.6,50.6,50.6,50.6,50.6,50.6,50.6,50.6,50.6,50.6,50.6,50.6,50.6,50.6,50.6,50.6,50.6,50.6,50.6,50.6,50.6,50.6,50.6,50.6,50.6,50.6,50.6,50.6,50.6,50.6,50.6,50.6,50.6,50.6,50.6,50.6,50.6,50.6,50.6,50.6,50.6,50.6,50.6,50.6,50.6,50.6,50.6,50.6,50.6,50.6,50.6,50.6,50.6,50.6,50.6,50.6,50.6,50.6,50.6,50.6,50.6,50.6,50.6,50.6,50.6,50.6,50.6,50.6,50.6,50.6,50.6,50.6,50.6,50.6,50.6,50.6,50.6,50.6,50.6,,50.6,50.6,50.6,50.6,50.6,50.6,50.6,50.6,50.6,50.6,50.6,50.6,50.6,50.6,50.6,50.6,50.6,50.6,50.6,50.6,50.6,50.6,50.6,50.6,50.6,50.6,50.6,50.6,50.6,50.6,50.6,50.6,54.7,54.7,54.7,54.7,54.7,54.7,54.7,54.7,54.7,54.7,54.7,54.7,54.7,54.7,54.7,54.7,54.7,54.7,54.7,54.7,54.7,54.7,54.7,54.7,54.7,54.7,54.7,54.7,54.7,54.7,54.7,54.7,54.7,54.7,54.7,54.662,54.662,54.662,54.662,54.662,54.662,56.54,56.54,56.54,56.54,56.54,56.54,56.54,56.54,56.54,56.54,56.54,56.54,56.54,56.54,56.54,56.54,56.54,56.54,56.54,56.54,56.54,56.54,56.54,56.54,56.54,56.54,56.54,56.54,56.54,56.54,56.54,56.54,56.54,56.54,56.54,56.54,56.54,56.54,56.54,56.54,56.54,56.54,56.54,56.54,56.54,56.54,56.54,56.54,56.54,56.54,56.54,56.54,56.54,56.54,56.54,56.54,56.54,56.54,56.54,56.54
1967-10-01,48.9,48.9,48.9,48.9,48.9,48.9,48.9,48.9,48.9,48.9,48.9,48.9,48.9,48.9,48.9,48.9,48.9,48.9,48.9,48.9,48.9,48.9,48.9,48.9,48.9,48.9,48.9,48.9,48.9,48.9,47.4,47.4,47.4,47.4,47.4,47.4,47.4,47.4,47.4,47.4,47.4,47.4,47.4,47.4,47.4,47.4,47.4,47.4,47.4,47.4,47.4,47.4,47.4,47.4,47.4,47.4,47.4,47.4,47.4,47.4,47.4,47.4,47.4,47.4,47.4,47.4,47.4,47.4,47.4,47.4,47.4,47.4,47.4,47.4,49.4,49.4,49.4,49.4,49.4,49.4,49.4,49.4,49.4,49.4,49.4,49.4,49.4,49.4,49.4,49.4,49.4,49.4,49.4,49.4,49.4,49.4,49.4,49.4,49.4,49.4,49.4,49.4,49.4,49.4,49.4,49.4,49.4,49.4,49.4,49.4,49.4,49.4,49.4,49.4,49.4,49.7,49.7,49.7,49.7,49.7,49.7,49.7,49.7,49.7,49.7,49.7,49.7,49.7,49.7,49.7,49.7,49.7,49.7,49.7,49.7,49.7,49.7,49.7,49.7,49.7,49.7,49.7,49.7,49.7,49.7,49.7,49.7,49.7,49.7,49.7,49.7,49.7,49.7,49.7,49.7,49.7,49.7,49.7,49.7,49.7,49.7,49.7,49.7,49.7,49.7,49.7,51.4,51.4,51.4,51.4,51.4,51.4,51.4,51.4,51.4,51.4,51.4,51.4,51.4,51.4,51.4,51.4,51.4,51.4,51.4,51.4,51.4,51.4,51.4,51.4,51.4,51.4,51.4,51.4,51.4,51.4,51.4,51.4,51.4,51.4,51.4,51.4,51.4,51.4,51.4,51.4,51.4,51.4,51.4,51.4,51.4,51.4,51.4,51.4,51.4,51.4,51.4,51.4,51.4,51.4,51.4,51.4,51.4,51.4,51.4,51.4,51.4,51.4,51.4,51.4,52.9,52.9,52.9,52.9,52.9,52.9,52.9,52.9,52.9,52.9,52.9,52.9,52.9,52.9,52.9,52.9,52.9,52.9,52.9,52.9,52.9,52.9,52.9,52.9,52.9,52.9,52.9,52.9,52.9,52.9,52.9,52.9,52.9,52.9,52.9,52.9,52.9,52.9,52.9,52.9,52.9,52.9,52.9,52.9,52.9,52.9,52.9,52.9,52.9,52.9,52.9,52.9,52.9,52.9,52.9,52.9,52.9,52.9,52.9,52.9,52.9,52.9,52.9,52.9,52.9,52.9,52.9,52.9,52.9,52.9,52.9,52.9,52.9,52.9,52.9,52.9,52.9,52.9,52.9,,52.9,52.9,52.9,52.9,52.9,52.9,52.9,52.9,52.9,52.9,52.9,52.9,52.9,52.9,52.9,52.9,52.9,52.9,52.9,52.9,52.9,52.9,52.9,52.9,52.9,52.9,52.9,52.9,52.9,52.9,52.9,52.9,57.4,57.4,57.4,57.4,57.4,57.4,57.4,57.4,57.4,57.4,57.4,57.4,57.4,57.4,57.4,57.4,57.4,57.4,57.4,57.4,57.4,57.4,57.4,57.4,57.4,57.4,57.4,57.4,57.4,57.4,57.4,57.4,57.4,57.4,57.4,57.439,57.439,57.439,57.439,57.439,57.439,59.497,59.497,59.497,59.497,59.497,59.497,59.497,59.497,59.497,59.497,59.497,59.497,59.497,59.497,59.497,59.497,59.497,59.497,59.497,59.497,59.497,59.497,59.497,59.497,59.497,59.497,59.497,59.497,59.497,59.497,59.497,59.497,59.497,59.497,59.497,59.497,59.497,59.497,59.497,59.497,59.497,59.497,59.497,59.497,59.497,59.497,59.497,59.497,59.497,59.497,59.497,59.497,59.497,59.497,59.497,59.497,59.497,59.497,59.497,59.497
1968-01-01,47.1,47.1,47.1,47.1,47.1,47.1,47.1,47.1,47.1,47.1,47.1,47.1,47.1,47.1,47.1,47.1,47.1,47.1,47.1,47.1,47.1,47.1,47.1,47.1,47.1,47.1,47.1,47.1,47.1,47.1,45.3,45.3,45.3,45.3,45.3,45.3,45.3,45.3,45.3,45.3,45.3,45.3,45.3,45.3,45.3,45.3,45.3,45.3,45.3,45.3,45.3,45.3,45.3,45.3,45.3,45.3,45.3,45.3,45.3,45.3,45.3,45.3,45.3,45.3,45.3,45.3,45.3,45.3,45.3,45.3,45.3,45.3,45.3,45.3,48.1,48.1,48.1,48.1,48.1,48.1,48.1,48.1,48.1,48.1,48.1,48.1,48.1,48.1,48.1,48.1,48.1,48.1,48.1,48.1,48.1,48.1,48.1,48.1,48.1,48.1,48.1,48.1,48.1,48.1,48.1,48.1,48.1,48.1,48.1,48.1,48.1,48.1,48.1,48.1,48.1,48.4,48.4,48.4,48.4,48.4,48.4,48.4,48.4,48.4,48.4,48.4,48.4,48.4,48.4,48.4,48.4,48.4,48.4,48.4,48.4,48.4,48.4,48.4,48.4,48.4,48.4,48.4,48.4,48.4,48.4,48.4,48.4,48.4,48.4,48.4,48.4,48.4,48.4,48.4,48.4,48.4,48.4,48.4,48.4,48.4,48.4,48.4,48.4,48.4,48.4,48.4,49.9,49.9,49.9,49.9,49.9,49.9,49.9,49.9,49.9,49.9,49.9,49.9,49.9,49.9,49.9,49.9,49.9,49.9,49.9,49.9,49.9,49.9,49.9,49.9,49.9,49.9,49.9,49.9,49.9,49.9,49.9,49.9,49.9,49.9,49.9,49.9,49.9,49.9,49.9,49.9,49.9,49.9,49.9,49.9,49.9,49.9,49.9,49.9,49.9,49.9,49.9,49.9,49.9,49.9,49.9,49.9,49.9,49.9,49.9,49.9,49.9,49.9,49.9,49.9,51.5,51.5,51.5,51.5,51.5,51.5,51.5,51.5,51.5,51.5,51.5,51.5,51.5,51.5,51.5,51.5,51.5,51.5,51.5,51.5,51.5,51.5,51.5,51.5,51.5,51.5,51.5,51.5,51.5,51.5,51.5,51.5,51.5,51.5,51.5,51.5,51.5,51.5,51.5,51.5,51.5,51.5,51.5,51.5,51.5,51.5,51.5,51.5,51.5,51.5,51.5,51.5,51.5,51.5,51.5,51.5,51.5,51.5,51.5,51.5,51.5,51.5,51.5,51.5,51.5,51.5,51.5,51.5,51.5,51.5,51.5,51.5,51.5,51.5,51.5,51.5,51.5,51.5,51.5,,51.5,51.5,51.5,51.5,51.5,51.5,51.5,51.5,51.5,51.5,51.5,51.5,51.5,51.5,51.5,51.5,51.5,51.5,51.5,51.5,51.5,51.5,51.5,51.5,51.5,51.5,51.5,51.5,51.5,51.5,51.5,51.5,56.5,56.5,56.5,56.5,56.5,56.5,56.5,56.5,56.5,56.5,56.5,56.5,56.5,56.5,56.5,56.5,56.5,56.5,56.5,56.5,56.5,56.5,56.5,56.5,56.5,56.5,56.5,56.5,56.5,56.5,56.5,56.5,56.5,56.5,56.5,56.548,56.548,56.548,56.548,56.548,56.548,58.82,58.82,58.82,58.82,58.82,58.82,58.82,58.82,58.82,58.82,58.82,58.82,58.82,58.82,58.82,58.82,58.82,58.82,58.82,58.82,58.82,58.82,58.82,58.82,58.82,58.82,58.82,58.82,58.82,58.82,58.82,58.82,58.82,58.82,58.82,58.82,58.82,58.82,58.82,58.82,58.82,58.82,58.82,58.82,58.82,58.82,58.82,58.82,58.82,58.82,58.82,58.82,58.82,58.82,58.82,58.82,58.82,58.82,58.82,58.82
1968-04-01,48.1,48.1,48.1,48.1,48.1,48.1,48.1,48.1,48.1,48.1,48.1,48.1,48.1,48.1,48.1,48.1,48.1,48.1,48.1,48.1,48.1,48.1,48.1,48.1,48.1,48.1,48.1,48.1,48.1,48.1,46.6,46.6,46.6,46.6,46.6,46.6,46.6,46.6,46.6,46.6,46.6,46.6,46.6,46.6,46.6,46.6,46.6,46.6,46.6,46.6,46.6,46.6,46.6,46.6,46.6,46.6,46.6,46.6,46.6,46.6,46.6,46.6,46.6,46.6,46.6,46.6,46.6,46.6,46.6,46.6,46.6,46.6,46.6,46.6,49.3,49.3,49.3,49.3,49.3,49.3,49.3,49.3,49.3,49.3,49.3,49.3,49.3,49.3,49.3,49.3,49.3,49.3,49.3,49.3,49.3,49.3,49.3,49.3,49.3,49.3,49.3,49.3,49.3,49.3,49.3,49.3,49.3,49.3,49.3,49.3,49.3,49.3,49.3,49.3,49.3,49.6,49.6,49.6,49.6,49.6,49.6,49.6,49.6,49.6,49.6,49.6,49.6,49.6,49.6,49.6,49.6,49.6,49.6,49.6,49.6,49.6,49.6,49.6,49.6,49.6,49.6,49.6,49.6,49.6,49.6,49.6,49.6,49.6,49.6,49.6,49.6,49.6,49.6,49.6,49.6,49.6,49.6,49.6,49.6,49.6,49.6,49.6,49.6,49.6,49.6,49.6,51.0,51.0,51.0,51.0,51.0,51.0,51.0,51.0,51.0,51.0,51.0,51.0,51.0,51.0,51.0,51.0,51.0,51.0,51.0,51.0,51.0,51.0,51.0,51.0,51.0,51.0,51.0,51.0,51.0,51.0,51.0,51.0,51.0,51.0,51.0,51.0,51.0,51.0,51.0,51.0,51.0,51.0,51.0,51.0,51.0,51.0,51.0,51.0,51.0,51.0,51.0,51.0,51.0,51.0,51.0,51.0,51.0,51.0,51.0,51.0,51.0,51.0,51.0,51.0,52.6,52.6,52.6,52.6,52.6,52.6,52.6,52.6,52.6,52.6,52.6,52.6,52.6,52.6,52.6,52.6,52.6,52.6,52.6,52.6,52.6,52.6,52.6,52.6,52.6,52.6,52.6,52.6,52.6,52.6,52.6,52.6,52.6,52.6,52.6,52.6,52.6,52.6,52.6,52.6,52.6,52.6,52.6,52.6,52.6,52.6,52.6,52.6,52.6,52.6,52.6,52.6,52.6,52.6,52.6,52.6,52.6,52.6,52.6,52.6,52.6,52.6,52.6,52.6,52.6,52.6,52.6,52.6,52.6,52.6,52.6,52.6,52.6,52.6,52.6,52.6,52.6,52.6,52.6,,52.6,52.6,52.6,52.6,52.6,52.6,52.6,52.6,52.6,52.6,52.6,52.6,52.6,52.6,52.6,52.6,52.6,52.6,52.6,52.6,52.6,52.6,52.6,52.6,52.6,52.6,52.6,52.6,52.6,52.6,52.6,52.6,58.1,58.1,58.1,58.1,58.1,58.1,58.1,58.1,58.1,58.1,58.1,58.1,58.1,58.1,58.1,58.1,58.1,58.1,58.1,58.1,58.1,58.1,58.1,58.1,58.1,58.1,58.1,58.1,58.1,58.1,58.1,58.1,58.1,58.1,58.1,58.094,58.094,58.094,58.094,58.094,58.094,60.526,60.526,60.526,60.526,60.526,60.526,60.526,60.526,60.526,60.526,60.526,60.526,60.526,60.526,60.526,60.526,60.526,60.526,60.526,60.526,60.526,60.526,60.526,60.526,60.526,60.526,60.526,60.526,60.526,60.526,60.526,60.526,60.526,60.526,60.526,60.526,60.526,60.526,60.526,60.526,60.526,60.526,60.526,60.526,60.526,60.526,60.526,60.526,60.526,60.526,60.526,60.526,60.526,60.526,60.526,60.526,60.526,60.526,60.526,60.526
1968-07-01,47.4,47.4,47.4,47.4,47.4,47.4,47.4,47.4,47.4,47.4,47.4,47.4,47.4,47.4,47.4,47.4,47.4,47.4,47.4,47.4,47.4,47.4,47.4,47.4,47.4,47.4,47.4,47.4,47.4,47.4,46.1,46.1,46.1,46.1,46.1,46.1,46.1,46.1,46.1,46.1,46.1,46.1,46.1,46.1,46.1,46.1,46.1,46.1,46.1,46.1,46.1,46.1,46.1,46.1,46.1,46.1,46.1,46.1,46.1,46.1,46.1,46.1,46.1,46.1,46.1,46.1,46.1,46.1,46.1,46.1,46.1,46.1,46.1,46.1,49.5,49.5,49.5,49.5,49.5,49.5,49.5,49.5,49.5,49.5,49.5,49.5,49.5,49.5,49.5,49.5,49.5,49.5,49.5,49.5,49.5,49.5,49.5,49.5,49.5,49.5,49.5,49.5,49.5,49.5,49.5,49.5,49.5,49.5,49.5,49.5,49.5,49.5,49.5,49.5,49.5,49.8,49.8,49.8,49.8,49.8,49.8,49.8,49.8,49.8,49.8,49.8,49.8,49.8,49.8,49.8,49.8,49.8,49.8,49.8,49.8,49.8,49.8,49.8,49.8,49.8,49.8,49.8,49.8,49.8,49.8,49.8,49.8,49.8,49.8,49.8,49.8,49.8,49.8,49.8,49.8,49.8,49.8,49.8,49.8,49.8,49.8,49.8,49.8,49.8,49.8,49.8,51.2,51.2,51.2,51.2,51.2,51.2,51.2,51.2,51.2,51.2,51.2,51.2,51.2,51.2,51.2,51.2,51.2,51.2,51.2,51.2,51.2,51.2,51.2,51.2,51.2,51.2,51.2,51.2,51.2,51.2,51.2,51.2,51.2,51.2,51.2,51.2,51.2,51.2,51.2,51.2,51.2,51.2,51.2,51.2,51.2,51.2,51.2,51.2,51.2,51.2,51.2,51.2,51.2,51.2,51.2,51.2,51.2,51.2,51.2,51.2,51.2,51.2,51.2,51.2,52.8,52.8,52.8,52.8,52.8,52.8,52.8,52.8,52.8,52.8,52.8,52.8,52.8,52.8,52.8,52.8,52.8,52.8,52.8,52.8,52.8,52.8,52.8,52.8,52.8,52.8,52.8,52.8,52.8,52.8,52.8,52.8,52.8,52.8,52.8,52.8,52.8,52.8,52.8,52.8,52.8,52.8,52.8,52.8,52.8,52.8,52.8,52.8,52.8,52.8,52.8,52.8,52.8,52.8,52.8,52.8,52.8,52.8,52.8,52.8,52.8,52.8,52.8,52.8,52.8,52.8,52.8,52.8,52.8,52.8,52.8,52.8,52.8,52.8,52.8,52.8,52.8,52.8,52.8,,52.8,52.8,52.8,52.8,52.8,52.8,52.8,52.8,52.8,52.8,52.8,52.8,52.8,52.8,52.8,52.8,52.8,52.8,52.8,52.8,52.8,52.8,52.8,52.8,52.8,52.8,52.8,52.8,52.8,52.8,52.8,52.8,58.5,58.5,58.5,58.5,58.5,58.5,58.5,58.5,58.5,58.5,58.5,58.5,58.5,58.5,58.5,58.5,58.5,58.5,58.5,58.5,58.5,58.5,58.5,58.5,58.5,58.5,58.5,58.5,58.5,58.5,58.5,58.5,58.5,58.5,58.5,58.476,58.476,58.476,58.476,58.476,58.476,61.024,61.024,61.024,61.024,61.024,61.024,61.024,61.024,61.024,61.024,61.024,61.024,61.024,61.024,61.024,61.024,61.024,61.024,61.024,61.024,61.024,61.024,61.024,61.024,61.024,61.024,61.024,61.024,61.024,61.024,61.024,61.024,61.024,61.024,61.024,61.024,61.024,61.024,61.024,61.024,61.024,61.024,61.024,61.024,61.024,61.024,61.024,61.024,61.024,61.024,61.024,61.024,61.024,61.024,61.024,61.024,61.024,61.024,61.024,61.024
1968-10-01,48.5,48.5,48.5,48.5,48.5,48.5,48.5,48.5,48.5,48.5,48.5,48.5,48.5,48.5,48.5,48.5,48.5,48.5,48.5,48.5,48.5,48.5,48.5,48.5,48.5,48.5,48.5,48.5,48.5,48.5,46.6,46.6,46.6,46.6,46.6,46.6,46.6,46.6,46.6,46.6,46.6,46.6,46.6,46.6,46.6,46.6,46.6,46.6,46.6,46.6,46.6,46.6,46.6,46.6,46.6,46.6,46.6,46.6,46.6,46.6,46.6,46.6,46.6,46.6,46.6,46.6,46.6,46.6,46.6,46.6,46.6,46.6,46.6,46.6,50.7,50.7,50.7,50.7,50.7,50.7,50.7,50.7,50.7,50.7,50.7,50.7,50.7,50.7,50.7,50.7,50.7,50.7,50.7,50.7,50.7,50.7,50.7,50.7,50.7,50.7,50.7,50.7,50.7,50.7,50.7,50.7,50.7,50.7,50.7,50.7,50.7,50.7,50.7,50.7,50.7,51.0,51.0,51.0,51.0,51.0,51.0,51.0,51.0,51.0,51.0,51.0,51.0,51.0,51.0,51.0,51.0,51.0,51.0,51.0,51.0,51.0,51.0,51.0,51.0,51.0,51.0,51.0,51.0,51.0,51.0,51.0,51.0,51.0,51.0,51.0,51.0,51.0,51.0,51.0,51.0,51.0,51.0,51.0,51.0,51.0,51.0,51.0,51.0,51.0,51.0,51.0,52.7,52.7,52.7,52.7,52.7,52.7,52.7,52.7,52.7,52.7,52.7,52.7,52.7,52.7,52.7,52.7,52.7,52.7,52.7,52.7,52.7,52.7,52.7,52.7,52.7,52.7,52.7,52.7,52.7,52.7,52.7,52.7,52.7,52.7,52.7,52.7,52.7,52.7,52.7,52.7,52.7,52.7,52.7,52.7,52.7,52.7,52.7,52.7,52.7,52.7,52.7,52.7,52.7,52.7,52.7,52.7,52.7,52.7,52.7,52.7,52.7,52.7,52.7,52.7,54.3,54.3,54.3,54.3,54.3,54.3,54.3,54.3,54.3,54.3,54.3,54.3,54.3,54.3,54.3,54.3,54.3,54.3,54.3,54.3,54.3,54.3,54.3,54.3,54.3,54.3,54.3,54.3,54.3,54.3,54.3,54.3,54.3,54.3,54.3,54.3,54.3,54.3,54.3,54.3,54.3,54.3,54.3,54.3,54.3,54.3,54.3,54.3,54.3,54.3,54.3,54.3,54.3,54.3,54.3,54.3,54.3,54.3,54.3,54.3,54.3,54.3,54.3,54.3,54.3,54.3,54.3,54.3,54.3,54.3,54.3,54.3,54.3,54.3,54.3,54.3,54.3,54.3,54.3,,54.3,54.3,54.3,54.3,54.3,54.3,54.3,54.3,54.3,54.3,54.3,54.3,54.3,54.3,54.3,54.3,54.3,54.3,54.3,54.3,54.3,54.3,54.3,54.3,54.3,54.3,54.3,54.3,54.3,54.3,54.3,54.3,60.0,60.0,60.0,60.0,60.0,60.0,60.0,60.0,60.0,60.0,60.0,60.0,60.0,60.0,60.0,60.0,60.0,60.0,60.0,60.0,60.0,60.0,60.0,60.0,60.0,60.0,60.0,60.0,60.0,60.0,60.0,60.0,60.0,60.0,60.0,59.995,59.995,59.995,59.995,59.995,59.995,62.599,62.599,62.599,62.599,62.599,62.599,62.599,62.599,62.599,62.599,62.599,62.599,62.599,62.599,62.599,62.599,62.599,62.599,62.599,62.599,62.599,62.599,62.599,62.599,62.599,62.599,62.599,62.599,62.599,62.599,62.599,62.599,62.599,62.599,62.599,62.599,62.599,62.599,62.599,62.599,62.599,62.599,62.599,62.599,62.599,62.599,62.599,62.599,62.599,62.599,62.599,62.599,62.599,62.599,62.599,62.599,62.599,62.599,62.599,62.599
1969-01-01,47.4,47.4,47.4,47.4,47.4,47.4,47.4,47.4,47.4,47.4,47.4,47.4,47.4,47.4,47.4,47.4,47.4,47.4,47.4,47.4,47.4,47.4,47.4,47.4,47.4,47.4,47.4,47.4,47.4,47.4,46.1,46.1,46.1,46.1,46.1,46.1,46.1,46.1,46.1,46.1,46.1,46.1,46.1,46.1,46.1,46.1,46.1,46.1,46.1,46.1,46.1,46.1,46.1,46.1,46.1,46.1,46.1,46.1,46.1,46.1,46.1,46.1,46.1,46.1,46.1,46.1,46.1,46.1,46.1,46.1,46.1,46.1,46.1,46.1,49.6,49.6,49.6,49.6,49.6,49.6,49.6,49.6,49.6,49.6,49.6,49.6,49.6,49.6,49.6,49.6,49.6,49.6,49.6,49.6,49.6,49.6,49.6,49.6,49.6,49.6,49.6,49.6,49.6,49.6,49.6,49.6,49.6,49.6,49.6,49.6,49.6,49.6,49.6,49.6,49.6,49.9,49.9,49.9,49.9,49.9,49.9,49.9,49.9,49.9,49.9,49.9,49.9,49.9,49.9,49.9,49.9,49.9,49.9,49.9,49.9,49.9,49.9,49.9,49.9,49.9,49.9,49.9,49.9,49.9,49.9,49.9,49.9,49.9,49.9,49.9,49.9,49.9,49.9,49.9,49.9,49.9,49.9,49.9,49.9,49.9,49.9,49.9,49.9,49.9,49.9,49.9,51.7,51.7,51.7,51.7,51.7,51.7,51.7,51.7,51.7,51.7,51.7,51.7,51.7,51.7,51.7,51.7,51.7,51.7,51.7,51.7,51.7,51.7,51.7,51.7,51.7,51.7,51.7,51.7,51.7,51.7,51.7,51.7,51.7,51.7,51.7,51.7,51.7,51.7,51.7,51.7,51.7,51.7,51.7,51.7,51.7,51.7,51.7,51.7,51.7,51.7,51.7,51.7,51.7,51.7,51.7,51.7,51.7,51.7,51.7,51.7,51.7,51.7,51.7,51.7,53.7,53.7,53.7,53.7,53.7,53.7,53.7,53.7,53.7,53.7,53.7,53.7,53.7,53.7,53.7,53.7,53.7,53.7,53.7,53.7,53.7,53.7,53.7,53.7,53.7,53.7,53.7,53.7,53.7,53.7,53.7,53.7,53.7,53.7,53.8,53.8,53.8,53.8,53.8,53.8,53.8,53.8,53.8,53.8,53.8,53.8,53.8,53.8,53.8,53.8,53.8,53.8,53.8,53.8,53.8,53.8,53.8,53.8,53.8,53.8,53.8,53.8,53.8,53.8,53.8,53.8,53.8,53.8,53.8,53.8,53.8,53.8,53.8,53.8,53.8,53.8,53.8,53.8,53.8,,53.8,53.8,53.8,53.8,53.8,53.8,53.8,53.8,53.8,53.8,53.8,53.8,53.8,53.8,53.8,53.8,53.8,53.8,53.8,53.8,53.8,53.8,53.8,53.8,53.8,53.8,53.8,53.8,53.8,53.8,53.8,53.8,59.2,59.2,59.2,59.2,59.2,59.2,59.2,59.2,59.2,59.2,59.2,59.2,59.2,59.2,59.2,59.2,59.2,59.2,59.2,59.2,59.2,59.2,59.2,59.2,59.2,59.2,59.2,59.2,59.2,59.2,59.2,59.2,59.2,59.2,59.2,59.234,59.234,59.234,59.234,59.234,59.234,61.994,61.994,61.994,61.994,61.994,61.994,61.994,61.994,61.994,61.994,61.994,61.994,61.994,61.994,61.994,61.994,61.994,61.994,61.994,61.994,61.994,61.994,61.994,61.994,61.994,61.994,61.994,61.994,61.994,61.994,61.994,61.994,61.994,61.994,61.994,61.994,61.994,61.994,61.994,61.994,61.994,61.994,61.994,61.994,61.994,61.994,61.994,61.994,61.994,61.994,61.994,61.994,61.994,61.994,61.994,61.994,61.994,61.994,61.994,61.994
1969-04-01,46.6,46.6,46.6,46.6,46.6,46.6,46.6,46.6,46.6,46.6,46.6,46.6,46.6,46.6,46.6,46.6,46.6,46.6,46.6,46.6,46.6,46.6,46.6,46.6,46.6,46.6,46.6,46.6,46.6,46.6,44.9,44.9,44.9,44.9,44.9,44.9,44.9,44.9,44.9,44.9,44.9,44.9,44.9,44.9,44.9,44.9,44.9,44.9,44.9,44.9,44.9,44.9,44.9,44.9,44.9,44.9,44.9,44.9,44.9,44.9,44.9,44.9,44.9,44.9,44.9,44.9,44.9,44.9,44.9,44.9,44.9,44.9,44.9,44.9,48.0,48.0,48.0,48.0,48.0,48.0,48.0,48.0,48.0,48.0,48.0,48.0,48.0,48.0,48.0,48.0,48.0,48.0,48.0,48.0,48.0,48.0,48.0,48.0,48.0,48.0,48.0,48.0,48.0,48.0,48.0,48.0,48.0,48.0,48.0,48.0,48.0,48.0,48.0,48.0,48.0,48.3,48.3,48.3,48.3,48.3,48.3,48.3,48.3,48.3,48.3,48.3,48.3,48.3,48.3,48.3,48.3,48.3,48.3,48.3,48.3,48.3,48.3,48.3,48.3,48.3,48.3,48.3,48.3,48.3,48.3,48.3,48.3,48.3,48.3,48.3,48.3,48.3,48.3,48.3,48.3,48.3,48.3,48.3,48.3,48.3,48.3,48.3,48.3,48.3,48.3,48.3,50.0,50.0,50.0,50.0,50.0,50.0,50.0,50.0,50.0,50.0,50.0,50.0,50.0,50.0,50.0,50.0,50.0,50.0,50.0,50.0,50.0,50.0,50.0,50.0,50.0,50.0,50.0,50.0,50.0,50.0,50.0,50.0,50.0,50.0,50.0,50.0,50.0,50.0,50.0,50.0,50.0,50.0,50.0,50.0,50.0,50.0,50.0,50.0,50.0,50.0,50.0,50.0,50.0,50.0,50.0,50.0,50.0,50.0,50.0,50.0,50.0,50.0,50.0,50.0,52.0,52.0,52.0,52.0,52.0,52.0,52.0,52.0,52.0,52.0,52.0,52.0,52.0,52.0,52.0,52.0,52.0,52.0,52.0,52.0,52.0,52.0,52.0,52.0,52.0,52.0,52.0,52.0,52.0,52.0,52.0,52.0,52.0,52.0,52.1,52.1,52.1,52.1,52.1,52.1,52.1,52.1,52.1,52.1,52.1,52.1,52.1,52.1,52.1,52.1,52.1,52.1,52.1,52.1,52.1,52.1,52.1,52.1,52.1,52.1,52.1,52.1,52.1,52.1,52.1,52.1,52.1,52.1,52.1,52.1,52.1,52.1,52.1,52.1,52.1,52.1,52.1,52.1,52.1,,52.1,52.1,52.1,52.1,52.1,52.1,52.1,52.1,52.1,52.1,52.1,52.1,52.1,52.1,52.1,52.1,52.1,52.1,52.1,52.1,52.1,52.1,52.1,52.1,52.1,52.1,52.1,52.1,52.1,52.1,52.1,52.1,57.4,57.4,57.4,57.4,57.4,57.4,57.4,57.4,57.4,57.4,57.4,57.4,57.4,57.4,57.4,57.4,57.4,57.4,57.4,57.4,57.4,57.4,57.4,57.4,57.4,57.4,57.4,57.4,57.4,57.4,57.4,57.4,57.4,57.4,57.4,57.375,57.375,57.375,57.375,57.375,57.375,60.335,60.335,60.335,60.335,60.335,60.335,60.335,60.335,60.335,60.335,60.335,60.335,60.335,60.335,60.335,60.335,60.335,60.335,60.335,60.335,60.335,60.335,60.335,60.335,60.335,60.335,60.335,60.335,60.335,60.335,60.335,60.335,60.335,60.335,60.335,60.335,60.335,60.335,60.335,60.335,60.335,60.335,60.335,60.335,60.335,60.335,60.335,60.335,60.335,60.335,60.335,60.335,60.335,60.335,60.335,60.335,60.335,60.335,60.335,60.335
1969-07-01,43.2,43.2,43.2,43.2,43.2,43.2,43.2,43.2,43.2,43.2,43.2,43.2,43.2,43.2,43.2,43.2,43.2,43.2,43.2,43.2,43.2,43.2,43.2,43.2,43.2,43.2,43.2,43.2,43.2,43.2,42.7,42.7,42.7,42.7,42.7,42.7,42.7,42.7,42.7,42.7,42.7,42.7,42.7,42.7,42.7,42.7,42.7,42.7,42.7,42.7,42.7,42.7,42.7,42.7,42.7,42.7,42.7,42.7,42.7,42.7,42.7,42.7,42.7,42.7,42.7,42.7,42.7,42.7,42.7,42.7,42.7,42.7,42.7,42.7,46.2,46.2,46.2,46.2,46.2,46.2,46.2,46.2,46.2,46.2,46.2,46.2,46.2,46.2,46.2,46.2,46.2,46.2,46.2,46.2,46.2,46.2,46.2,46.2,46.2,46.2,46.2,46.2,46.2,46.2,46.2,46.2,46.2,46.2,46.2,46.2,46.2,46.2,46.2,46.2,46.2,46.6,46.6,46.6,46.6,46.6,46.6,46.6,46.6,46.6,46.6,46.6,46.6,46.6,46.6,46.6,46.6,46.6,46.6,46.6,46.6,46.6,46.6,46.6,46.6,46.6,46.6,46.6,46.6,46.6,46.6,46.6,46.6,46.6,46.6,46.6,46.6,46.6,46.6,46.6,46.6,46.6,46.6,46.6,46.6,46.6,46.6,46.6,46.6,46.6,46.6,46.6,48.4,48.4,48.4,48.4,48.4,48.4,48.4,48.4,48.4,48.4,48.4,48.4,48.4,48.4,48.4,48.4,48.4,48.4,48.4,48.4,48.4,48.4,48.4,48.4,48.4,48.4,48.4,48.4,48.4,48.4,48.4,48.4,48.4,48.4,48.4,48.4,48.4,48.4,48.4,48.4,48.4,48.4,48.4,48.4,48.4,48.4,48.4,48.4,48.4,48.4,48.4,48.4,48.4,48.4,48.4,48.4,48.4,48.4,48.4,48.4,48.4,48.4,48.4,48.4,50.4,50.4,50.4,50.4,50.4,50.4,50.4,50.4,50.4,50.4,50.4,50.4,50.4,50.4,50.4,50.4,50.4,50.4,50.4,50.4,50.4,50.4,50.4,50.4,50.4,50.4,50.4,50.4,50.4,50.4,50.4,50.4,50.4,50.4,50.4,50.4,50.4,50.4,50.4,50.4,50.4,50.4,50.4,50.4,50.4,50.4,50.4,50.4,50.4,50.4,50.4,50.4,50.4,50.4,50.4,50.4,50.4,50.4,50.4,50.4,50.4,50.4,50.4,50.4,50.4,50.4,50.4,50.4,50.4,50.4,50.4,50.4,50.4,50.4,50.4,50.4,50.4,50.4,50.4,,50.4,50.4,50.4,50.4,50.4,50.4,50.4,50.4,50.4,50.4,50.4,50.4,50.4,50.4,50.4,50.4,50.4,50.4,50.4,50.4,50.4,50.4,50.4,50.4,50.4,50.4,50.4,50.4,50.4,50.4,50.4,50.4,55.6,55.6,55.6,55.6,55.6,55.6,55.6,55.6,55.6,55.6,55.6,55.6,55.6,55.6,55.6,55.6,55.6,55.6,55.6,55.6,55.6,55.6,55.6,55.6,55.6,55.6,55.6,55.6,55.6,55.6,55.6,55.6,55.6,55.6,55.6,55.562,55.562,55.562,55.562,55.562,55.562,58.634,58.634,58.634,58.634,58.634,58.634,58.634,58.634,58.634,58.634,58.634,58.634,58.634,58.634,58.634,58.634,58.634,58.634,58.634,58.634,58.634,58.634,58.634,58.634,58.634,58.634,58.634,58.634,58.634,58.634,58.634,58.634,58.634,58.634,58.634,58.634,58.634,58.634,58.634,58.634,58.634,58.634,58.634,58.634,58.634,58.634,58.634,58.634,58.634,58.634,58.634,58.634,58.634,58.634,58.634,58.634,58.634,58.634,58.634,58.634
1969-10-01,42.1,42.1,42.1,42.1,42.1,42.1,42.1,42.1,42.1,42.1,42.1,42.1,42.1,42.1,42.1,42.1,42.1,42.1,42.1,42.1,42.1,42.1,42.1,42.1,42.1,42.1,42.1,42.1,42.1,42.1,41.4,41.4,41.4,41.4,41.4,41.4,41.4,41.4,41.4,41.4,41.4,41.4,41.4,41.4,41.4,41.4,41.4,41.4,41.4,41.4,41.4,41.4,41.4,41.4,41.4,41.4,41.4,41.4,41.4,41.4,41.4,41.4,41.4,41.4,41.4,41.4,41.4,41.4,41.4,41.4,41.4,41.4,41.4,41.4,45.0,45.0,45.0,45.0,45.0,45.0,45.0,45.0,45.0,45.0,45.0,45.0,45.0,45.0,45.0,45.0,45.0,45.0,45.0,45.0,45.0,45.0,45.0,45.0,45.0,45.0,45.0,45.0,45.0,45.0,45.0,45.0,45.0,45.0,45.0,45.0,45.0,45.0,45.0,45.0,45.0,45.4,45.4,45.4,45.4,45.4,45.4,45.4,45.4,45.4,45.4,45.4,45.4,45.4,45.4,45.4,45.4,45.4,45.4,45.4,45.4,45.4,45.4,45.4,45.4,45.4,45.4,45.4,45.4,45.4,45.4,45.4,45.4,45.4,45.4,45.4,45.4,45.4,45.4,45.4,45.4,45.4,45.4,45.4,45.4,45.4,45.4,45.4,45.4,45.4,45.4,45.4,47.4,47.4,47.4,47.4,47.4,47.4,47.4,47.4,47.4,47.4,47.4,47.4,47.4,47.4,47.4,47.4,47.4,47.4,47.4,47.4,47.4,47.4,47.4,47.4,47.4,47.4,47.4,47.4,47.4,47.4,47.4,47.4,47.4,47.4,47.4,47.4,47.4,47.4,47.4,47.4,47.4,47.4,47.4,47.4,47.4,47.4,47.4,47.4,47.4,47.4,47.4,47.4,47.4,47.4,47.4,47.4,47.4,47.4,47.4,47.4,47.4,47.4,47.4,47.4,49.4,49.4,49.4,49.4,49.4,49.4,49.4,49.4,49.4,49.4,49.4,49.4,49.4,49.4,49.4,49.4,49.4,49.4,49.4,49.4,49.4,49.4,49.4,49.4,49.4,49.4,49.4,49.4,49.4,49.4,49.4,49.4,49.4,49.4,49.4,49.4,49.4,49.4,49.4,49.4,49.4,49.4,49.4,49.4,49.4,49.4,49.4,49.4,49.4,49.4,49.4,49.4,49.4,49.4,49.4,49.4,49.4,49.4,49.4,49.4,49.4,49.4,49.4,49.4,49.4,49.4,49.4,49.4,49.4,49.4,49.4,49.4,49.4,49.4,49.4,49.4,49.4,49.4,49.4,,49.4,49.4,49.4,49.4,49.4,49.4,49.4,49.4,49.4,49.4,49.4,49.4,49.4,49.4,49.4,49.4,49.4,49.4,49.4,49.4,49.4,49.4,49.4,49.4,49.4,49.4,49.4,49.4,49.4,49.4,49.4,49.4,54.5,54.5,54.5,54.5,54.5,54.5,54.5,54.5,54.5,54.5,54.5,54.5,54.5,54.5,54.5,54.5,54.5,54.5,54.5,54.5,54.5,54.5,54.5,54.5,54.5,54.5,54.5,54.5,54.5,54.5,54.5,54.5,54.5,54.5,54.5,54.531,54.531,54.531,54.531,54.531,54.531,57.815,57.815,57.815,57.815,57.815,57.815,57.815,57.815,57.815,57.815,57.815,57.815,57.815,57.815,57.815,57.815,57.815,57.815,57.815,57.815,57.815,57.815,57.815,57.815,57.815,57.815,57.815,57.815,57.815,57.815,57.815,57.815,57.815,57.815,57.815,57.815,57.815,57.815,57.815,57.815,57.815,57.815,57.815,57.815,57.815,57.815,57.815,57.815,57.815,57.815,57.815,57.815,57.815,57.815,57.815,57.815,57.815,57.815,57.815,57.815
1970-01-01,41.4,41.4,41.4,41.4,41.4,41.4,41.4,41.4,41.4,40.8,40.8,40.8,40.8,40.8,40.8,40.8,40.8,40.8,40.8,40.8,40.8,40.8,40.8,40.8,40.8,40.8,40.8,40.8,40.8,40.8,38.1,38.1,38.1,38.1,38.1,38.1,38.1,38.1,38.1,38.1,38.1,38.1,38.1,38.1,38.1,38.1,38.1,38.1,38.1,38.1,38.1,38.1,38.1,38.1,38.1,38.1,38.1,38.1,38.1,38.1,38.1,38.1,38.1,38.1,38.1,38.1,38.1,38.1,38.1,38.1,38.1,38.1,38.1,38.1,41.8,41.8,41.8,41.8,41.8,41.8,41.8,41.8,41.8,41.8,41.8,41.8,41.8,41.8,41.8,41.8,41.8,41.8,41.8,41.8,41.8,41.8,41.8,41.8,41.8,41.8,41.8,41.8,41.8,41.8,41.8,41.8,41.8,41.8,41.8,41.8,41.8,41.8,41.8,41.8,41.8,42.2,42.2,42.2,42.2,42.2,42.2,42.2,42.2,42.2,42.2,42.2,42.2,42.2,42.2,42.2,42.2,42.2,42.2,42.2,42.2,42.2,42.2,42.2,42.2,42.2,42.2,42.2,42.2,42.2,42.2,42.2,42.2,42.2,42.2,42.2,42.2,42.2,42.2,42.2,42.2,42.2,42.2,42.2,42.2,42.2,42.2,42.2,42.2,42.2,42.2,42.2,44.7,44.7,44.7,44.7,44.7,44.7,44.7,44.7,44.7,44.7,44.7,44.7,44.7,44.7,44.7,44.7,44.7,44.7,44.7,44.7,44.7,44.7,44.7,44.7,44.7,44.7,44.7,44.7,44.7,44.7,44.7,44.7,44.7,44.7,44.7,44.7,44.7,44.7,44.7,44.7,44.7,44.7,44.7,44.7,44.7,44.7,44.7,44.7,44.7,44.7,44.7,44.7,44.7,44.7,44.7,44.7,44.7,44.7,44.7,44.7,44.7,44.7,44.7,44.7,46.8,46.8,46.8,46.8,46.8,46.8,46.8,46.8,46.8,46.8,46.8,46.8,46.8,46.8,46.8,46.8,46.8,46.8,46.8,46.8,46.8,46.8,46.8,46.8,46.8,46.8,46.8,46.8,46.8,46.8,46.8,46.8,46.8,46.8,46.9,46.9,46.9,46.9,46.9,46.9,46.9,46.9,46.9,46.9,46.9,46.9,46.9,46.9,46.9,46.9,46.9,46.9,46.9,46.9,46.9,46.9,46.9,46.9,46.9,46.9,46.9,46.9,46.9,46.9,46.9,46.9,46.9,46.9,46.9,46.9,46.9,46.9,46.9,46.9,46.9,46.9,46.9,46.9,46.9,,46.9,46.9,46.9,46.9,46.9,46.9,46.9,46.9,46.9,46.9,46.9,46.9,46.9,46.9,46.9,46.9,46.9,46.9,46.9,46.9,46.9,46.9,46.9,46.9,46.9,46.9,46.9,46.9,46.9,46.9,46.9,46.9,51.9,51.9,51.9,51.9,51.9,51.9,51.9,51.9,51.9,51.9,51.9,51.9,51.9,51.9,51.9,51.9,51.9,51.9,51.9,51.9,51.9,51.9,51.9,51.9,51.9,51.9,51.9,51.9,51.9,51.9,51.9,51.9,51.9,51.9,51.9,51.931,51.931,51.931,51.931,51.931,51.931,55.323,55.323,55.323,55.323,55.323,55.323,55.323,55.323,55.323,55.323,55.323,55.323,55.323,55.323,55.323,55.323,55.323,55.323,55.323,55.323,55.323,55.323,55.323,55.323,55.323,55.323,55.323,55.323,55.323,55.323,55.323,55.323,55.323,55.323,55.323,55.323,55.323,55.323,55.323,55.323,55.323,55.323,55.323,55.323,55.323,55.323,55.323,55.323,55.323,55.323,55.323,55.323,55.323,55.323,55.323,55.323,55.323,55.323,55.323,55.323
1970-04-01,40.6,40.6,40.6,40.6,40.6,40.6,40.6,40.6,40.6,39.5,39.5,39.5,39.5,39.5,39.5,39.5,39.5,39.5,39.5,39.5,39.5,39.5,39.5,39.5,39.5,39.5,39.5,39.5,39.5,39.5,37.1,37.1,37.1,37.1,37.1,37.1,37.1,37.1,37.1,37.1,37.1,37.1,37.1,37.1,37.1,37.1,37.1,37.1,37.1,37.1,37.1,37.1,37.1,37.1,37.1,37.1,37.1,37.1,37.1,37.1,37.1,37.1,37.1,37.1,37.1,37.1,37.1,37.1,37.1,37.1,37.1,37.1,37.1,37.1,41.6,41.6,41.6,41.6,41.6,41.6,41.6,41.6,41.6,41.6,41.6,41.6,41.6,41.6,41.6,41.6,41.6,41.6,41.6,41.6,41.6,41.6,41.6,41.6,41.6,41.6,41.6,41.6,41.6,41.6,41.6,41.6,41.6,41.6,41.6,41.6,41.6,41.6,41.6,41.6,41.6,42.0,42.0,42.0,42.0,42.0,42.0,42.0,42.0,42.0,42.0,42.0,42.0,42.0,42.0,42.0,42.0,42.0,42.0,42.0,42.0,42.0,42.0,42.0,42.0,42.0,42.0,42.0,42.0,42.0,42.0,42.0,42.0,42.0,42.0,42.0,42.0,42.0,42.0,42.0,42.0,42.0,42.0,42.0,42.0,42.0,42.0,42.0,42.0,42.0,42.0,42.0,44.4,44.4,44.4,44.4,44.4,44.4,44.4,44.4,44.4,44.4,44.4,44.4,44.4,44.4,44.4,44.4,44.4,44.4,44.4,44.4,44.4,44.4,44.4,44.4,44.4,44.4,44.4,44.4,44.4,44.4,44.4,44.4,44.4,44.4,44.4,44.4,44.4,44.4,44.4,44.4,44.4,44.4,44.4,44.4,44.4,44.4,44.4,44.4,44.4,44.4,44.4,44.4,44.4,44.4,44.4,44.4,44.4,44.4,44.4,44.4,44.4,44.4,44.4,44.4,46.6,46.6,46.6,46.6,46.6,46.6,46.6,46.6,46.6,46.6,46.6,46.6,46.6,46.6,46.6,46.6,46.6,46.6,46.6,46.6,46.6,46.6,46.6,46.6,46.6,46.6,46.6,46.6,46.6,46.6,46.6,46.6,46.6,46.6,46.6,46.6,46.6,46.6,46.6,46.6,46.6,46.6,46.6,46.6,46.6,46.6,46.6,46.6,46.6,46.6,46.6,46.6,46.6,46.6,46.6,46.6,46.6,46.6,46.6,46.6,46.6,46.6,46.6,46.6,46.6,46.6,46.6,46.6,46.6,46.6,46.6,46.6,46.6,46.6,46.6,46.6,46.6,46.6,46.6,,46.6,46.6,46.6,46.6,46.6,46.6,46.6,46.6,46.6,46.6,46.6,46.6,46.6,46.6,46.6,46.6,46.6,46.6,46.6,46.6,46.6,46.6,46.6,46.6,46.6,46.6,46.6,46.6,46.6,46.6,46.6,46.6,51.7,51.7,51.7,51.7,51.7,51.7,51.7,51.7,51.7,51.7,51.7,51.7,51.7,51.7,51.7,51.7,51.7,51.7,51.7,51.7,51.7,51.7,51.7,51.7,51.7,51.7,51.7,51.7,51.7,51.7,51.7,51.7,51.7,51.7,51.7,51.698,51.698,51.698,51.698,51.698,51.698,55.194,55.194,55.194,55.194,55.194,55.194,55.194,55.194,55.194,55.194,55.194,55.194,55.194,55.194,55.194,55.194,55.194,55.194,55.194,55.194,55.194,55.194,55.194,55.194,55.194,55.194,55.194,55.194,55.194,55.194,55.194,55.194,55.194,55.194,55.194,55.194,55.194,55.194,55.194,55.194,55.194,55.194,55.194,55.194,55.194,55.194,55.194,55.194,55.194,55.194,55.194,55.194,55.194,55.194,55.194,55.194,55.194,55.194,55.194,55.194
1970-07-01,41.2,41.2,41.2,41.2,41.2,41.2,41.2,41.2,41.2,39.9,39.9,39.9,39.9,39.9,39.9,39.9,39.9,39.9,39.9,39.9,39.9,39.9,39.9,39.9,39.9,39.9,39.9,39.9,39.9,39.9,37.7,37.7,37.7,37.7,37.7,37.7,37.7,37.7,37.7,37.7,37.7,37.7,37.7,37.7,37.7,37.7,37.7,37.7,37.7,37.7,37.7,37.7,37.7,37.7,37.7,37.7,37.7,37.7,37.7,37.7,37.7,37.7,37.7,37.7,37.7,37.7,37.7,37.7,37.7,37.7,37.7,37.7,37.7,37.7,42.1,42.1,42.1,42.1,42.1,42.1,42.1,42.1,42.1,42.1,42.1,42.1,42.1,42.1,42.1,42.1,42.1,42.1,42.1,42.1,42.1,42.1,42.1,42.1,42.1,42.1,42.1,42.1,42.1,42.1,42.1,42.1,42.1,42.1,42.1,42.1,42.1,42.1,42.1,42.1,42.1,42.5,42.5,42.5,42.5,42.5,42.5,42.5,42.5,42.5,42.5,42.5,42.5,42.5,42.5,42.5,42.5,42.5,42.5,42.5,42.5,42.5,42.5,42.5,42.5,42.5,42.5,42.5,42.5,42.5,42.5,42.5,42.5,42.5,42.5,42.5,42.5,42.5,42.5,42.5,42.5,42.5,42.5,42.5,42.5,42.5,42.5,42.5,42.5,42.5,42.5,42.5,44.9,44.9,44.9,44.9,44.9,44.9,44.9,44.9,44.9,44.9,44.9,44.9,44.9,44.9,44.9,44.9,44.9,44.9,44.9,44.9,44.9,44.9,44.9,44.9,44.9,44.9,44.9,44.9,44.9,44.9,44.9,44.9,44.9,44.9,44.9,44.9,44.9,44.9,44.9,44.9,44.9,44.9,44.9,44.9,44.9,44.9,44.9,44.9,44.9,44.9,44.9,44.9,44.9,44.9,44.9,44.9,44.9,44.9,44.9,44.9,44.9,44.9,44.9,44.9,47.2,47.2,47.2,47.2,47.2,47.2,47.2,47.2,47.2,47.2,47.2,47.2,47.2,47.2,47.2,47.2,47.2,47.2,47.2,47.2,47.2,47.2,47.2,47.2,47.2,47.2,47.2,47.2,47.2,47.2,47.2,47.2,47.2,47.2,47.3,47.3,47.3,47.3,47.3,47.3,47.3,47.3,47.3,47.3,47.3,47.3,47.3,47.3,47.3,47.3,47.3,47.3,47.3,47.3,47.3,47.3,47.3,47.3,47.3,47.3,47.3,47.3,47.3,47.3,47.3,47.3,47.3,47.3,47.3,47.3,47.3,47.3,47.3,47.3,47.3,47.3,47.3,47.3,47.3,,47.3,47.3,47.3,47.3,47.3,47.3,47.3,47.3,47.3,47.3,47.3,47.3,47.3,47.3,47.3,47.3,47.3,47.3,47.3,47.3,47.3,47.3,47.3,47.3,47.3,47.3,47.3,47.3,47.3,47.3,47.3,47.3,52.6,52.6,52.6,52.6,52.6,52.6,52.6,52.6,52.6,52.6,52.6,52.6,52.6,52.6,52.6,52.6,52.6,52.6,52.6,52.6,52.6,52.6,52.6,52.6,52.6,52.6,52.6,52.6,52.6,52.6,52.6,52.6,52.6,52.6,52.6,52.552,52.552,52.552,52.552,52.552,52.552,56.132,56.132,56.132,56.132,56.132,56.132,56.132,56.132,56.132,56.132,56.132,56.132,56.132,56.132,56.132,56.132,56.132,56.132,56.132,56.132,56.132,56.132,56.132,56.132,56.132,56.132,56.132,56.132,56.132,56.132,56.132,56.132,56.132,56.132,56.132,56.132,56.132,56.132,56.132,56.132,56.132,56.132,56.132,56.132,56.132,56.132,56.132,56.132,56.132,56.132,56.132,56.132,56.132,56.132,56.132,56.132,56.132,56.132,56.132,56.132
1970-10-01,37.4,37.4,37.4,37.4,37.4,37.4,37.4,37.4,37.4,36.7,36.7,36.7,36.7,36.7,36.7,36.7,36.7,36.7,36.7,36.7,36.7,36.7,36.7,36.7,36.7,36.7,36.7,36.7,36.7,36.7,35.1,35.1,35.1,35.1,35.1,35.1,35.1,35.1,35.1,35.1,35.1,35.1,35.1,35.1,35.1,35.1,35.1,35.1,35.1,35.1,35.1,35.1,35.1,35.1,35.1,35.1,35.1,35.1,35.1,35.1,35.1,35.1,35.1,35.1,35.1,35.1,35.1,35.1,35.1,35.1,35.1,35.1,35.1,35.1,39.6,39.6,39.6,39.6,39.6,39.6,39.6,39.6,39.6,39.6,39.6,39.6,39.6,39.6,39.6,39.6,39.6,39.6,39.6,39.6,39.6,39.6,39.6,39.6,39.6,39.6,39.6,39.6,39.6,39.6,39.6,39.6,39.6,39.6,39.6,39.6,39.6,39.6,39.6,39.6,39.6,40.1,40.1,40.1,40.1,40.1,40.1,40.1,40.1,40.1,40.1,40.1,40.1,40.1,40.1,40.1,40.1,40.1,40.1,40.1,40.1,40.1,40.1,40.1,40.1,40.1,40.1,40.1,40.1,40.1,40.1,40.1,40.1,40.1,40.1,40.1,40.1,40.1,40.1,40.1,40.1,40.1,40.1,40.1,40.1,40.1,40.1,40.1,40.1,40.1,40.1,40.1,42.1,42.1,42.1,42.1,42.1,42.1,42.1,42.1,42.1,42.1,42.1,42.1,42.1,42.1,42.1,42.1,42.1,42.1,42.1,42.1,42.1,42.1,42.1,42.1,42.1,42.1,42.1,42.1,42.1,42.1,42.1,42.1,42.1,42.1,42.1,42.1,42.1,42.1,42.1,42.1,42.1,42.1,42.1,42.1,42.1,42.1,42.1,42.1,42.1,42.1,42.1,42.1,42.1,42.1,42.1,42.1,42.1,42.1,42.1,42.1,42.1,42.1,42.1,42.1,44.3,44.3,44.3,44.3,44.3,44.3,44.3,44.3,44.3,44.3,44.3,44.3,44.3,44.3,44.3,44.3,44.3,44.3,44.3,44.3,44.3,44.3,44.3,44.3,44.3,44.3,44.3,44.3,44.3,44.3,44.3,44.3,44.3,44.3,44.3,44.3,44.3,44.3,44.3,44.3,44.3,44.3,44.3,44.3,44.3,44.3,44.3,44.3,44.3,44.3,44.3,44.3,44.3,44.3,44.3,44.3,44.3,44.3,44.3,44.3,44.3,44.3,44.3,44.3,44.3,44.3,44.3,44.3,44.3,44.3,44.3,44.3,44.3,44.3,44.3,44.3,44.3,44.3,44.3,,44.3,44.3,44.3,44.3,44.3,44.3,44.3,44.3,44.3,44.3,44.3,44.3,44.3,44.3,44.3,44.3,44.3,44.3,44.3,44.3,44.3,44.3,44.3,44.3,44.3,44.3,44.3,44.3,44.3,44.3,44.3,44.3,49.8,49.8,49.8,49.8,49.8,49.8,49.8,49.8,49.8,49.8,49.8,49.8,49.8,49.8,49.8,49.8,49.8,49.8,49.8,49.8,49.8,49.8,49.8,49.8,49.8,49.8,49.8,49.8,49.8,49.8,49.8,49.8,49.8,49.8,49.8,49.842,49.842,49.842,49.842,49.842,49.842,53.35,53.35,53.35,53.35,53.35,53.35,53.35,53.35,53.35,53.35,53.35,53.35,53.35,53.35,53.35,53.35,53.35,53.35,53.35,53.35,53.35,53.35,53.35,53.35,53.35,53.35,53.35,53.35,53.35,53.35,53.35,53.35,53.35,53.35,53.35,53.35,53.35,53.35,53.35,53.35,53.35,53.35,53.35,53.35,53.35,53.35,53.35,53.35,53.35,53.35,53.35,53.35,53.35,53.35,53.35,53.35,53.35,53.35,53.35,53.35
1971-01-01,43.2,43.2,43.2,43.2,43.2,43.2,43.2,43.2,43.2,43.8,43.8,43.8,43.8,43.8,43.8,43.8,43.8,41.8,41.8,41.8,41.8,41.8,41.8,41.8,41.8,41.8,41.8,41.8,41.8,41.8,40.4,40.4,40.4,40.4,40.4,40.4,40.4,40.4,40.4,40.4,40.4,40.4,40.4,40.4,40.4,40.4,40.4,40.4,40.4,40.4,40.4,40.4,40.4,40.4,40.4,40.4,40.4,40.4,40.4,40.4,40.4,40.4,40.4,40.4,40.4,40.4,40.4,40.4,40.4,40.4,40.4,40.4,40.4,40.4,45.7,45.7,45.7,45.7,45.7,45.7,45.7,45.7,45.7,45.7,45.7,45.7,45.7,45.7,45.7,45.7,45.7,45.7,45.7,45.7,45.7,45.7,45.7,45.7,45.7,45.7,45.7,45.7,45.7,45.7,45.7,45.7,45.7,45.7,45.7,45.7,45.7,45.7,45.7,45.7,45.7,46.2,46.2,46.2,46.2,46.2,46.2,46.2,46.2,46.2,46.2,46.2,46.2,46.2,46.2,46.2,46.2,46.2,46.2,46.2,46.2,46.2,46.2,46.2,46.2,46.2,46.2,46.2,46.2,46.2,46.2,46.2,46.2,46.2,46.2,46.2,46.2,46.2,46.2,46.2,46.2,46.2,46.2,46.2,46.2,46.2,46.2,46.2,46.2,46.2,46.2,46.2,48.8,48.8,48.8,48.8,48.8,48.8,48.8,48.8,48.8,48.8,48.8,48.8,48.8,48.8,48.8,48.8,48.8,48.8,48.8,48.8,48.8,48.8,48.8,48.8,48.8,48.8,48.8,48.8,48.8,48.8,48.8,48.8,48.8,48.8,48.8,48.8,48.8,48.8,48.8,48.8,48.8,48.8,48.8,48.8,48.8,48.8,48.8,48.8,48.8,48.8,48.8,48.8,48.8,48.8,48.8,48.8,48.8,48.8,48.8,48.8,48.8,48.8,48.8,48.8,51.0,51.0,51.0,51.0,51.0,51.0,51.0,51.0,51.0,51.0,51.0,51.0,51.0,51.0,51.0,51.0,51.0,51.0,51.0,51.0,51.0,51.0,51.0,51.0,51.0,51.0,51.0,51.0,51.0,51.0,51.0,51.0,51.0,51.0,51.0,51.0,51.0,51.0,51.0,51.0,51.0,51.0,51.0,51.0,51.0,51.0,51.0,51.0,51.0,51.0,51.0,51.0,51.0,51.0,51.0,51.0,51.0,51.0,51.0,51.0,51.0,51.0,51.0,51.0,51.0,51.0,51.0,51.0,51.0,51.0,51.0,51.0,51.0,51.0,51.0,51.0,51.0,51.0,51.0,,50.8,50.8,50.8,50.8,50.8,50.8,50.8,50.8,50.8,50.8,50.8,50.8,50.8,50.8,50.8,50.8,50.8,50.8,50.8,50.8,50.8,50.8,50.8,50.8,50.8,50.8,50.8,50.8,50.8,50.8,50.8,50.8,56.7,56.7,56.7,56.7,56.7,56.7,56.7,56.7,56.7,56.7,56.7,56.7,56.7,56.7,56.7,56.7,56.7,56.7,56.7,56.7,56.7,56.7,56.7,56.7,56.7,56.7,56.7,56.7,56.7,56.7,56.7,56.7,56.7,56.7,56.7,56.712,56.712,56.712,56.712,56.712,56.712,60.152,60.152,60.152,60.152,60.152,60.152,60.152,60.152,60.152,60.152,60.152,60.152,60.152,60.152,60.152,60.152,60.152,60.152,60.152,60.152,60.152,60.152,60.152,60.152,60.152,60.152,60.152,60.152,60.152,60.152,60.152,60.152,60.152,60.152,60.152,60.152,60.152,60.152,60.152,60.152,60.152,60.152,60.152,60.152,60.152,60.152,60.152,60.152,60.152,60.152,60.152,60.152,60.152,60.152,60.152,60.152,60.152,60.152,60.152,60.152
1971-04-01,45.8,45.8,45.8,45.8,45.8,45.8,45.8,45.8,45.8,47.1,47.1,47.1,47.1,47.1,47.1,47.1,47.1,45.3,45.3,45.3,45.3,45.3,45.3,45.3,45.3,45.3,45.3,45.3,45.3,45.3,43.1,43.1,43.1,43.1,43.1,43.1,43.1,43.1,43.1,43.1,43.1,43.1,43.1,43.1,43.1,43.1,43.1,43.1,43.1,43.1,43.1,43.1,43.1,43.1,43.1,43.1,43.1,43.1,43.1,43.1,43.1,43.1,43.1,43.1,43.1,43.1,43.1,43.1,43.1,43.1,43.1,43.1,43.1,43.1,47.3,47.3,47.3,47.3,47.3,47.3,47.3,47.3,47.3,47.3,47.3,47.3,47.3,47.3,47.3,47.3,47.3,47.3,47.3,47.3,47.3,47.3,47.3,47.3,47.3,47.3,47.3,47.3,47.3,47.3,47.3,47.3,47.3,47.3,47.3,47.3,47.3,47.3,47.3,47.3,47.3,47.8,47.8,47.8,47.8,47.8,47.8,47.8,47.8,47.8,47.8,47.8,47.8,47.8,47.8,47.8,47.8,47.8,47.8,47.8,47.8,47.8,47.8,47.8,47.8,47.8,47.8,47.8,47.8,47.8,47.8,47.8,47.8,47.8,47.8,47.8,47.8,47.8,47.8,47.8,47.8,47.8,47.8,47.8,47.8,47.8,47.8,47.8,47.8,47.8,47.8,47.8,50.7,50.7,50.7,50.7,50.7,50.7,50.7,50.7,50.7,50.7,50.7,50.7,50.7,50.7,50.7,50.7,50.7,50.7,50.7,50.7,50.7,50.7,50.7,50.7,50.7,50.7,50.7,50.7,50.7,50.7,50.7,50.7,50.7,50.7,50.7,50.7,50.7,50.7,50.7,50.7,50.7,50.7,50.7,50.7,50.7,50.7,50.7,50.7,50.7,50.7,50.7,50.7,50.7,50.7,50.7,50.7,50.7,50.7,50.7,50.7,50.7,50.7,50.7,50.7,53.0,53.0,53.0,53.0,53.0,53.0,53.0,53.0,53.0,53.0,53.0,53.0,53.0,53.0,53.0,53.0,53.0,53.0,53.0,53.0,53.0,53.0,53.0,53.0,53.0,53.0,53.0,53.0,53.0,53.0,53.0,53.0,53.0,53.0,53.0,53.0,53.0,53.0,53.0,53.0,53.0,53.0,53.0,53.0,53.0,53.0,53.0,53.0,53.0,53.0,53.0,53.0,53.0,53.0,53.0,53.0,53.0,53.0,53.0,53.0,53.0,53.0,53.0,53.0,53.0,53.0,53.0,53.0,53.0,53.0,53.0,53.0,53.0,53.0,53.0,53.0,53.0,53.0,53.0,,52.9,52.9,52.9,52.9,52.9,52.9,52.9,52.9,52.9,52.9,52.9,52.9,52.9,52.9,52.9,52.9,52.9,52.9,52.9,52.9,52.9,52.9,52.9,52.9,52.9,52.9,52.9,52.9,52.9,52.9,52.9,52.9,59.2,59.2,59.2,59.2,59.2,59.2,59.2,59.2,59.2,59.2,59.2,59.2,59.2,59.2,59.2,59.2,59.2,59.2,59.2,59.2,59.2,59.2,59.2,59.2,59.2,59.2,59.2,59.2,59.2,59.2,59.2,59.2,59.2,59.2,59.2,59.168,59.168,59.168,59.168,59.168,59.168,62.42,62.42,62.42,62.42,62.42,62.42,62.42,62.42,62.42,62.42,62.42,62.42,62.42,62.42,62.42,62.42,62.42,62.42,62.42,62.42,62.42,62.42,62.42,62.42,62.42,62.42,62.42,62.42,62.42,62.42,62.42,62.42,62.42,62.42,62.42,62.42,62.42,62.42,62.42,62.42,62.42,62.42,62.42,62.42,62.42,62.42,62.42,62.42,62.42,62.42,62.42,62.42,62.42,62.42,62.42,62.42,62.42,62.42,62.42,62.42
1971-07-01,46.6,46.6,46.6,46.6,46.6,46.6,46.6,46.6,46.6,49.0,49.0,49.0,49.0,49.0,49.0,49.0,49.0,47.5,47.5,47.5,47.5,47.5,47.5,47.5,47.5,47.5,47.5,47.5,47.5,47.5,45.5,45.5,45.5,45.5,45.5,45.5,45.5,45.5,45.5,45.5,45.5,45.5,45.5,45.5,45.5,45.5,45.5,45.5,45.5,45.5,45.5,45.5,45.5,45.5,45.5,45.5,45.5,45.5,45.5,45.5,45.5,45.5,45.5,45.5,45.5,45.5,45.5,45.5,45.5,45.5,45.5,45.5,45.5,45.5,50.8,50.8,50.8,50.8,50.8,50.8,50.8,50.8,50.8,50.8,50.8,50.8,50.8,50.8,50.8,50.8,50.8,50.8,50.8,50.8,50.8,50.8,50.8,50.8,50.8,50.8,50.8,50.8,50.8,50.8,50.8,50.8,50.8,50.8,50.8,50.8,50.8,50.8,50.8,50.8,50.8,51.3,51.3,51.3,51.3,51.3,51.3,51.3,51.3,51.3,51.3,51.3,51.3,51.3,51.3,51.3,51.3,51.3,51.3,51.3,51.3,51.3,51.3,51.3,51.3,51.3,51.3,51.3,51.3,51.3,51.3,51.3,51.3,51.3,51.3,51.3,51.3,51.3,51.3,51.3,51.3,51.3,51.3,51.3,51.3,51.3,51.3,51.3,51.3,51.3,51.3,51.3,54.2,54.2,54.2,54.2,54.2,54.2,54.2,54.2,54.2,54.2,54.2,54.2,54.2,54.2,54.2,54.2,54.2,54.2,54.2,54.2,54.2,54.2,54.2,54.2,54.2,54.2,54.2,54.2,54.2,54.2,54.2,54.2,54.2,54.2,54.2,54.2,54.2,54.2,54.2,54.2,54.2,54.2,54.2,54.2,54.2,54.2,54.2,54.2,54.2,54.2,54.2,54.2,54.2,54.2,54.2,54.2,54.2,54.2,54.2,54.2,54.2,54.2,54.2,54.2,56.6,56.6,56.6,56.6,56.6,56.6,56.6,56.6,56.6,56.6,56.6,56.6,56.6,56.6,56.6,56.6,56.6,56.6,56.6,56.6,56.6,56.6,56.6,56.6,56.6,56.6,56.6,56.6,56.6,56.6,56.6,56.6,56.6,56.6,56.5,56.5,56.5,56.5,56.5,56.5,56.5,56.5,56.5,56.5,56.5,56.5,56.5,56.5,56.5,56.5,56.5,56.5,56.5,56.5,56.5,56.5,56.5,56.5,56.5,56.5,56.5,56.5,56.5,56.5,56.5,56.5,56.5,56.5,56.5,56.5,56.5,56.5,56.5,56.5,56.5,56.5,56.5,56.5,56.5,,56.6,56.6,56.6,56.6,56.6,56.6,56.6,56.6,56.6,56.6,56.6,56.6,56.6,56.6,56.6,56.6,56.6,56.6,56.6,56.6,56.6,56.6,56.6,56.6,56.6,56.6,56.6,56.6,56.6,56.6,56.6,56.6,63.2,63.2,63.2,63.2,63.2,63.2,63.2,63.2,63.2,63.2,63.2,63.2,63.2,63.2,63.2,63.2,63.2,63.2,63.2,63.2,63.2,63.2,63.2,63.2,63.2,63.2,63.2,63.2,63.2,63.2,63.2,63.2,63.2,63.2,63.2,63.18,63.18,63.18,63.18,63.18,63.18,66.544,66.544,66.544,66.544,66.544,66.544,66.544,66.544,66.544,66.544,66.544,66.544,66.544,66.544,66.544,66.544,66.544,66.544,66.544,66.544,66.544,66.544,66.544,66.544,66.544,66.544,66.544,66.544,66.544,66.544,66.544,66.544,66.544,66.544,66.544,66.544,66.544,66.544,66.544,66.544,66.544,66.544,66.544,66.544,66.544,66.544,66.544,66.544,66.544,66.544,66.544,66.544,66.544,66.544,66.544,66.544,66.544,66.544,66.544,66.544
1971-10-01,48.0,48.0,48.0,48.0,48.0,48.0,48.0,48.0,48.0,50.6,50.6,50.6,50.6,50.6,50.6,50.6,50.6,49.7,49.7,49.7,49.7,49.7,49.7,49.7,49.7,49.7,49.7,49.7,49.7,49.7,48.1,48.1,48.1,48.1,48.1,48.1,48.1,48.1,48.1,48.1,48.1,48.1,48.1,48.1,48.1,48.1,48.1,48.1,48.1,48.1,48.1,48.1,48.1,48.1,48.1,48.1,48.1,48.1,48.1,48.1,48.1,48.1,48.1,48.1,48.1,48.1,48.1,48.1,48.1,48.1,48.1,48.1,48.1,48.1,52.3,52.3,52.3,52.3,52.3,52.3,52.3,52.3,52.3,52.3,52.3,52.3,52.3,52.3,52.3,52.3,52.3,52.3,52.3,52.3,52.3,52.3,52.3,52.3,52.3,52.3,52.3,52.3,52.3,52.3,52.3,52.3,52.3,52.3,52.3,52.3,52.3,52.3,52.3,52.3,52.3,52.8,52.8,52.8,52.8,52.8,52.8,52.8,52.8,52.8,52.8,52.8,52.8,52.8,52.8,52.8,52.8,52.8,52.8,52.8,52.8,52.8,52.8,52.8,52.8,52.8,52.8,52.8,52.8,52.8,52.8,52.8,52.8,52.8,52.8,52.8,52.8,52.8,52.8,52.8,52.8,52.8,52.8,52.8,52.8,52.8,52.8,52.8,52.8,52.8,52.8,52.8,55.7,55.7,55.7,55.7,55.7,55.7,55.7,55.7,55.7,55.7,55.7,55.7,55.7,55.7,55.7,55.7,55.7,55.7,55.7,55.7,55.7,55.7,55.7,55.7,55.7,55.7,55.7,55.7,55.7,55.7,55.7,55.7,55.7,55.7,55.7,55.7,55.7,55.7,55.7,55.7,55.7,55.7,55.7,55.7,55.7,55.7,55.7,55.7,55.7,55.7,55.7,55.7,55.7,55.7,55.7,55.7,55.7,55.7,55.7,55.7,55.7,55.7,55.7,55.7,58.2,58.2,58.2,58.2,58.2,58.2,58.2,58.2,58.2,58.2,58.2,58.2,58.2,58.2,58.2,58.2,58.2,58.2,58.2,58.2,58.2,58.2,58.2,58.2,58.2,58.2,58.2,58.2,58.2,58.2,58.2,58.2,58.2,58.2,58.2,58.2,58.2,58.2,58.2,58.2,58.2,58.2,58.2,58.2,58.2,58.2,58.2,58.2,58.2,58.2,58.2,58.2,58.2,58.2,58.2,58.2,58.2,58.2,58.2,58.2,58.2,58.2,58.2,58.2,58.2,58.2,58.2,58.2,58.2,58.2,58.2,58.2,58.2,58.2,58.2,58.2,58.2,58.2,58.2,,58.6,58.6,58.6,58.6,58.6,58.6,58.6,58.6,58.6,58.6,58.6,58.6,58.6,58.6,58.6,58.6,58.6,58.6,58.6,58.6,58.6,58.6,58.6,58.6,58.6,58.6,58.6,58.6,58.6,58.6,58.6,58.6,65.4,65.4,65.4,65.4,65.4,65.4,65.4,65.4,65.4,65.4,65.4,65.4,65.4,65.4,65.4,65.4,65.4,65.4,65.4,65.4,65.4,65.4,65.4,65.4,65.4,65.4,65.4,65.4,65.4,65.4,65.4,65.4,65.4,65.4,65.4,65.363,65.363,65.363,65.363,65.363,65.363,68.735,68.735,68.735,68.735,68.735,68.735,68.735,68.735,68.735,68.735,68.735,68.735,68.735,68.735,68.735,68.735,68.735,68.735,68.735,68.735,68.735,68.735,68.735,68.735,68.735,68.735,68.735,68.735,68.735,68.735,68.735,68.735,68.735,68.735,68.735,68.735,68.735,68.735,68.735,68.735,68.735,68.735,68.735,68.735,68.735,68.735,68.735,68.735,68.735,68.735,68.735,68.735,68.735,68.735,68.735,68.735,68.735,68.735,68.735,68.735
1972-01-01,49.5,49.5,49.5,49.5,49.5,49.5,49.5,49.5,49.5,52.2,52.2,52.2,52.2,52.2,52.2,52.2,52.2,53.4,53.4,53.4,53.4,53.4,53.4,53.4,53.4,53.4,53.4,53.4,53.4,53.4,50.7,50.7,50.7,50.7,50.7,50.7,50.7,50.7,50.7,50.7,50.7,50.7,50.7,50.7,50.7,50.7,50.7,50.7,50.7,50.7,50.7,50.7,50.7,50.7,50.7,50.7,50.7,50.7,50.7,50.7,50.7,50.7,50.7,50.7,50.7,50.7,50.7,50.7,50.7,50.7,50.7,50.7,50.7,50.7,56.2,56.2,56.2,56.2,56.2,56.2,56.2,56.2,56.2,56.2,56.2,56.2,56.2,56.2,56.2,56.2,56.2,56.2,56.2,56.2,56.2,56.2,56.2,56.2,56.2,56.2,56.2,56.2,56.2,56.2,56.2,56.2,56.2,56.2,56.2,56.2,56.2,56.2,56.2,56.2,56.2,56.8,56.8,56.8,56.8,56.8,56.8,56.8,56.8,56.8,56.8,56.8,56.8,56.8,56.8,56.8,56.8,56.8,56.8,56.8,56.8,56.8,56.8,56.8,56.8,56.8,56.8,56.8,56.8,56.8,56.8,56.8,56.8,56.8,56.8,56.8,56.8,56.8,56.8,56.8,56.8,56.8,56.8,56.8,56.8,56.8,56.8,56.8,56.8,56.8,56.8,56.8,59.4,59.4,59.4,59.4,59.4,59.4,59.4,59.4,59.4,59.4,59.4,59.4,59.4,59.4,59.4,59.4,59.4,59.4,59.4,59.4,59.4,59.4,59.4,59.4,59.4,59.4,59.4,59.4,59.4,59.4,59.4,59.4,59.4,59.4,59.4,59.4,59.4,59.4,59.4,59.4,59.4,59.4,59.4,59.4,59.4,59.4,59.4,59.4,59.4,59.4,59.4,59.4,59.4,59.4,59.4,59.4,59.4,59.4,59.4,59.4,59.4,59.4,59.4,59.4,62.0,62.0,62.0,62.0,62.0,62.0,62.0,62.0,62.0,62.0,62.0,62.0,62.0,62.0,62.0,62.0,62.0,62.0,62.0,62.0,62.0,62.0,62.0,62.0,62.0,62.0,62.0,62.0,62.0,62.0,62.0,62.0,62.0,62.0,62.1,62.1,62.1,62.1,62.1,62.1,62.1,62.1,62.1,62.1,62.1,62.1,62.1,62.1,62.1,62.1,62.1,62.1,62.1,62.1,62.1,62.1,62.1,62.1,62.1,62.1,62.1,62.1,62.1,62.1,62.1,62.1,62.1,62.1,62.1,62.1,62.1,62.1,62.1,62.1,62.1,62.1,62.1,62.1,62.1,,62.6,62.6,62.6,62.6,62.6,62.6,62.6,62.6,62.6,62.6,62.6,62.6,62.6,62.6,62.6,62.6,62.6,62.6,62.6,62.6,62.6,62.6,62.6,62.6,62.6,62.6,62.6,62.6,62.6,62.6,62.6,62.6,69.6,69.6,69.6,69.6,69.6,69.6,69.6,69.6,69.6,69.6,69.6,69.6,69.6,69.6,69.6,69.6,69.6,69.6,69.6,69.6,69.6,69.6,69.6,69.6,69.6,69.6,69.6,69.6,69.6,69.6,69.6,69.6,69.6,69.6,69.6,69.557,69.557,69.557,69.557,69.557,69.557,72.785,72.785,72.785,72.785,72.785,72.785,72.785,72.785,72.785,72.785,72.785,72.785,72.785,72.785,72.785,72.785,72.785,72.785,72.785,72.785,72.785,72.785,72.785,72.785,72.785,72.785,72.785,72.785,72.785,72.785,72.785,72.785,72.785,72.785,72.785,72.785,72.785,72.785,72.785,72.785,72.785,72.785,72.785,72.785,72.785,72.785,72.785,72.785,72.785,72.785,72.785,72.785,72.785,72.785,72.785,72.785,72.785,72.785,72.785,72.785
1972-04-01,,52.4,51.5,51.5,51.5,51.5,51.5,51.5,51.5,53.4,53.4,53.4,53.4,53.4,53.4,53.4,53.4,55.7,55.7,55.7,55.7,55.7,55.7,55.7,55.7,55.7,55.7,55.7,55.7,55.7,52.3,52.3,52.3,52.3,52.3,52.3,52.3,52.3,52.3,52.3,52.3,52.3,52.3,52.3,52.3,52.3,52.3,52.3,52.3,52.3,52.3,52.3,52.3,52.3,52.3,52.3,52.3,52.3,52.3,52.3,52.3,52.3,52.3,52.3,52.3,52.3,52.3,52.3,52.3,52.3,52.3,52.3,52.3,52.3,56.6,56.6,56.6,56.6,56.6,56.6,56.6,56.6,56.6,56.6,56.6,56.6,56.6,56.6,56.6,56.6,56.6,56.6,56.6,56.6,56.6,56.6,56.6,56.6,56.6,56.6,56.6,56.6,56.6,56.6,56.6,56.6,56.6,56.6,56.6,56.6,56.6,56.6,56.6,56.6,56.6,57.3,57.3,57.3,57.3,57.3,57.3,57.3,57.3,57.3,57.3,57.3,57.3,57.3,57.3,57.3,57.3,57.3,57.3,57.3,57.3,57.3,57.3,57.3,57.3,57.3,57.3,57.3,57.3,57.3,57.3,57.3,57.3,57.3,57.3,57.3,57.3,57.3,57.3,57.3,57.3,57.3,57.3,57.3,57.3,57.3,57.3,57.3,57.3,57.3,57.3,57.3,60.1,60.1,60.1,60.1,60.1,60.1,60.1,60.1,60.1,60.1,60.1,60.1,60.1,60.1,60.1,60.1,60.1,60.1,60.1,60.1,60.1,60.1,60.1,60.1,60.1,60.1,60.1,60.1,60.1,60.1,60.1,60.1,60.1,60.1,60.1,60.1,60.1,60.1,60.1,60.1,60.1,60.1,60.1,60.1,60.1,60.1,60.1,60.1,60.1,60.1,60.1,60.1,60.1,60.1,60.1,60.1,60.1,60.1,60.1,60.1,60.1,60.1,60.1,60.1,62.9,62.9,62.9,62.9,62.9,62.9,62.9,62.9,62.9,62.9,62.9,62.9,62.9,62.9,62.9,62.9,62.9,62.9,62.9,62.9,62.9,62.9,62.9,62.9,62.9,62.9,62.9,62.9,62.9,62.9,62.9,62.9,62.9,62.9,62.9,62.9,62.9,62.9,62.9,62.9,62.9,62.9,62.9,62.9,62.9,62.9,62.9,62.9,62.9,62.9,62.9,62.9,62.9,62.9,62.9,62.9,62.9,62.9,62.9,62.9,62.9,62.9,62.9,62.9,62.9,62.9,62.9,62.9,62.9,62.9,62.9,62.9,62.9,62.9,62.9,62.9,62.9,62.9,62.9,,63.3,63.3,63.3,63.3,63.3,63.3,63.3,63.3,63.3,63.3,63.3,63.3,63.3,63.3,63.3,63.3,63.3,63.3,63.3,63.3,63.3,63.3,63.3,63.3,63.3,63.3,63.3,63.3,63.3,63.3,63.3,63.3,70.6,70.6,70.6,70.6,70.6,70.6,70.6,70.6,70.6,70.6,70.6,70.6,70.6,70.6,70.6,70.6,70.6,70.6,70.6,70.6,70.6,70.6,70.6,70.6,70.6,70.6,70.6,70.6,70.6,70.6,70.6,70.6,70.6,70.6,70.6,70.625,70.625,70.625,70.625,70.625,70.625,73.825,73.825,73.825,73.825,73.825,73.825,73.825,73.825,73.825,73.825,73.825,73.825,73.825,73.825,73.825,73.825,73.825,73.825,73.825,73.825,73.825,73.825,73.825,73.825,73.825,73.825,73.825,73.825,73.825,73.825,73.825,73.825,73.825,73.825,73.825,73.825,73.825,73.825,73.825,73.825,73.825,73.825,73.825,73.825,73.825,73.825,73.825,73.825,73.825,73.825,73.825,73.825,73.825,73.825,73.825,73.825,73.825,73.825,73.825,73.825
1972-07-01,,,,53.7,53.9,53.9,53.9,53.9,53.9,55.6,55.6,55.6,55.6,55.6,55.6,55.6,55.6,58.4,58.4,58.4,58.4,58.4,58.4,58.4,58.4,58.4,58.4,58.4,58.4,58.4,55.0,55.0,55.0,55.0,55.0,55.0,55.0,55.0,55.0,55.0,55.0,55.0,55.0,55.0,55.0,55.0,55.0,55.0,55.0,55.0,55.0,55.0,55.0,55.0,55.0,55.0,55.0,55.0,55.0,55.0,55.0,55.0,55.0,55.0,55.0,55.0,55.0,55.0,55.0,55.0,55.0,55.0,55.0,55.0,59.0,59.0,59.0,59.0,59.0,59.0,59.0,59.0,59.0,59.0,59.0,59.0,59.0,59.0,59.0,59.0,59.0,59.0,59.0,59.0,59.0,59.0,59.0,59.0,59.0,59.0,59.0,59.0,59.0,59.0,59.0,59.0,59.0,59.0,59.0,59.0,59.0,59.0,59.0,59.0,59.0,59.7,59.7,59.7,59.7,59.7,59.7,59.7,59.7,59.7,59.7,59.7,59.7,59.7,59.7,59.7,59.7,59.7,59.7,59.7,59.7,59.7,59.7,59.7,59.7,59.7,59.7,59.7,59.7,59.7,59.7,59.7,59.7,59.7,59.7,59.7,59.7,59.7,59.7,59.7,59.7,59.7,59.7,59.7,59.7,59.7,59.7,59.7,59.7,59.7,59.7,59.7,62.8,62.8,62.8,62.8,62.8,62.8,62.8,62.8,62.8,62.8,62.8,62.8,62.8,62.8,62.8,62.8,62.8,62.8,62.8,62.8,62.8,62.8,62.8,62.8,62.8,62.8,62.8,62.8,62.8,62.8,62.8,62.8,62.8,62.8,62.8,62.8,62.8,62.8,62.8,62.8,62.8,62.8,62.8,62.8,62.8,62.8,62.8,62.8,62.8,62.8,62.8,62.8,62.8,62.8,62.8,62.8,62.8,62.8,62.8,62.8,62.8,62.8,62.8,62.8,65.6,65.6,65.6,65.6,65.6,65.6,65.6,65.6,65.6,65.6,65.6,65.6,65.6,65.6,65.6,65.6,65.6,65.6,65.6,65.6,65.6,65.6,65.6,65.6,65.6,65.6,65.6,65.6,65.6,65.6,65.6,65.6,65.6,65.6,65.7,65.7,65.7,65.7,65.7,65.7,65.7,65.7,65.7,65.7,65.7,65.7,65.7,65.7,65.7,65.7,65.7,65.7,65.7,65.7,65.7,65.7,65.7,65.7,65.7,65.7,65.7,65.7,65.7,65.7,65.7,65.7,65.7,65.7,65.7,65.7,65.7,65.7,65.7,65.7,65.7,65.7,65.7,65.7,65.7,,66.0,66.0,66.0,66.0,66.0,66.0,66.0,66.0,66.0,66.0,66.0,66.0,66.0,66.0,66.0,66.0,66.0,66.0,66.0,66.0,66.0,66.0,66.0,66.0,66.0,66.0,66.0,66.0,66.0,66.0,66.0,66.0,73.8,73.8,73.8,73.8,73.8,73.8,73.8,73.8,73.8,73.8,73.8,73.8,73.8,73.8,73.8,73.8,73.8,73.8,73.8,73.8,73.8,73.8,73.8,73.8,73.8,73.8,73.8,73.8,73.8,73.8,73.8,73.8,73.8,73.8,73.8,73.82,73.82,73.82,73.82,73.82,73.82,77.004,77.004,77.004,77.004,77.004,77.004,77.004,77.004,77.004,77.004,77.004,77.004,77.004,77.004,77.004,77.004,77.004,77.004,77.004,77.004,77.004,77.004,77.004,77.004,77.004,77.004,77.004,77.004,77.004,77.004,77.004,77.004,77.004,77.004,77.004,77.004,77.004,77.004,77.004,77.004,77.004,77.004,77.004,77.004,77.004,77.004,77.004,77.004,77.004,77.004,77.004,77.004,77.004,77.004,77.004,77.004,77.004,77.004,77.004,77.004
1972-10-01,,,,,,57.3,57.2,57.2,57.2,60.3,60.3,60.3,60.3,60.3,60.3,60.3,60.3,63.1,63.1,63.1,63.1,63.1,63.1,63.1,63.1,63.1,63.1,63.1,63.1,63.1,60.4,60.4,60.4,60.4,60.4,60.4,60.4,60.4,60.4,60.4,60.4,60.4,60.4,60.4,60.4,60.4,60.4,60.4,60.4,60.4,60.4,60.4,60.4,60.4,60.4,60.4,60.4,60.4,60.4,60.4,60.4,60.4,60.4,60.4,60.4,60.4,60.4,60.4,60.4,60.4,60.4,60.4,60.4,60.4,63.9,63.9,63.9,63.9,63.9,63.9,63.9,63.9,63.9,63.9,63.9,63.9,63.9,63.9,63.9,63.9,63.9,63.9,63.9,63.9,63.9,63.9,63.9,63.9,63.9,63.9,63.9,63.9,63.9,63.9,63.9,63.9,63.9,63.9,63.9,63.9,63.9,63.9,63.9,63.9,63.9,64.7,64.7,64.7,64.7,64.7,64.7,64.7,64.7,64.7,64.7,64.7,64.7,64.7,64.7,64.7,64.7,64.7,64.7,64.7,64.7,64.7,64.7,64.7,64.7,64.7,64.7,64.7,64.7,64.7,64.7,64.7,64.7,64.7,64.7,64.7,64.7,64.7,64.7,64.7,64.7,64.7,64.7,64.7,64.7,64.7,64.7,64.7,64.7,64.7,64.7,64.7,68.3,68.3,68.3,68.3,68.3,68.3,68.3,68.3,68.3,68.3,68.3,68.3,68.3,68.3,68.3,68.3,68.3,68.3,68.3,68.3,68.3,68.3,68.3,68.3,68.3,68.3,68.3,68.3,68.3,68.3,68.3,68.3,68.3,68.3,68.3,68.3,68.3,68.3,68.3,68.3,68.3,68.3,68.3,68.3,68.3,68.3,68.3,68.3,68.3,68.3,68.3,68.3,68.3,68.3,68.3,68.3,68.3,68.3,68.3,68.3,68.3,68.3,68.3,68.3,71.4,71.4,71.4,71.4,71.4,71.4,71.4,71.4,71.4,71.4,71.4,71.4,71.4,71.4,71.4,71.4,71.4,71.4,71.4,71.4,71.4,71.4,71.4,71.4,71.4,71.4,71.4,71.4,71.4,71.4,71.4,71.4,71.4,71.4,71.2,71.2,71.2,71.2,71.2,71.2,71.2,71.2,71.2,71.2,71.2,71.2,71.2,71.2,71.2,71.2,71.2,71.2,71.2,71.2,71.2,71.2,71.2,71.2,71.2,71.2,71.2,71.2,71.2,71.2,71.2,71.2,71.2,71.2,71.2,71.2,71.2,71.2,71.2,71.2,71.2,71.2,71.2,71.2,71.2,,71.6,71.6,71.6,71.6,71.6,71.6,71.6,71.6,71.6,71.6,71.6,71.6,71.6,71.6,71.6,71.6,71.6,71.6,71.6,71.6,71.6,71.6,71.6,71.6,71.6,71.6,71.6,71.6,71.6,71.6,71.6,71.6,80.2,80.2,80.2,80.2,80.2,80.2,80.2,80.2,80.2,80.2,80.2,80.2,80.2,80.2,80.2,80.2,80.2,80.2,80.2,80.2,80.2,80.2,80.2,80.2,80.2,80.2,80.2,80.2,80.2,80.2,80.2,80.2,80.2,80.2,80.2,80.172,80.172,80.172,80.172,80.172,80.172,83.484,83.484,83.484,83.484,83.484,83.484,83.484,83.484,83.484,83.484,83.484,83.484,83.484,83.484,83.484,83.484,83.484,83.484,83.484,83.484,83.484,83.484,83.484,83.484,83.484,83.484,83.484,83.484,83.484,83.484,83.484,83.484,83.484,83.484,83.484,83.484,83.484,83.484,83.484,83.484,83.484,83.484,83.484,83.484,83.484,83.484,83.484,83.484,83.484,83.484,83.484,83.484,83.484,83.484,83.484,83.484,83.484,83.484,83.484,83.484
1973-01-01,,,,,,,,62.3,63.7,66.9,66.9,66.9,66.9,66.9,66.9,66.9,66.9,71.5,71.5,71.5,71.5,71.5,71.5,71.5,71.5,71.5,71.5,71.5,71.5,71.5,67.5,67.5,67.5,67.5,67.5,66.5,66.5,66.5,66.5,66.5,66.5,66.5,66.5,66.5,66.5,66.5,66.5,66.5,66.5,66.5,66.5,66.5,66.5,66.5,66.5,66.5,66.5,66.5,66.5,66.5,66.5,66.5,66.5,66.5,66.5,66.5,66.5,66.5,66.5,66.5,66.5,66.5,66.5,66.5,73.8,73.8,73.8,73.8,73.8,73.8,73.8,73.8,73.8,73.8,73.8,73.8,73.8,73.8,73.8,73.8,73.8,73.8,73.8,73.8,73.8,73.8,73.8,73.8,73.8,73.8,73.8,73.8,73.8,73.8,73.8,73.8,73.8,73.8,73.8,73.8,73.8,73.8,73.8,73.8,73.8,75.2,75.2,75.2,75.2,75.2,75.2,75.2,75.2,75.2,75.2,75.2,75.2,75.2,75.2,75.2,75.2,75.2,75.2,75.2,75.2,75.2,75.2,75.2,75.2,75.2,75.2,75.2,75.2,75.2,75.2,75.2,75.2,75.2,75.2,75.2,75.2,75.2,75.2,75.2,75.2,75.2,75.2,75.2,75.2,75.2,75.2,75.2,75.2,75.2,75.2,75.2,79.1,79.1,79.1,79.1,79.1,79.1,79.1,79.1,79.1,79.1,79.1,79.1,79.1,79.1,79.1,79.1,79.1,79.1,79.1,79.1,79.1,79.1,79.1,79.1,79.1,79.1,79.1,79.1,79.1,79.1,79.1,79.1,79.1,79.1,79.1,79.1,79.1,79.1,79.1,79.1,79.1,79.1,79.1,79.1,79.1,79.1,79.1,79.1,79.1,79.1,79.1,79.1,79.1,79.1,79.1,79.1,79.1,79.1,79.1,79.1,79.1,79.1,79.1,79.1,82.3,82.3,82.3,82.3,82.3,82.3,82.3,82.3,82.3,82.3,82.3,82.3,82.3,82.3,82.3,82.3,82.3,82.3,82.3,82.3,82.3,82.3,82.3,82.3,82.3,82.3,82.3,82.3,82.3,82.3,82.3,82.3,82.3,82.3,82.2,82.2,82.2,82.2,82.2,82.2,82.2,82.2,82.2,82.2,82.2,82.2,82.2,82.2,82.2,82.2,82.2,82.2,82.2,82.2,82.2,82.2,82.2,82.2,82.2,82.2,82.2,82.2,82.2,82.2,82.2,82.2,82.2,82.2,82.2,82.2,82.2,82.2,82.2,82.2,82.2,82.2,82.2,82.2,82.2,,82.3,82.3,82.3,82.3,82.3,82.3,82.3,82.3,82.3,82.3,82.3,82.3,82.3,82.3,82.3,82.3,82.3,82.3,82.3,82.3,82.3,82.3,82.3,82.3,82.3,82.3,82.3,82.3,82.3,82.3,82.3,82.3,91.8,91.8,91.8,91.8,91.8,91.8,91.8,91.8,91.8,91.8,91.8,91.8,91.8,91.8,91.8,91.8,91.8,91.8,91.8,91.8,91.8,91.8,91.8,91.8,91.8,91.8,91.8,91.8,91.8,91.8,91.8,91.8,91.8,91.8,91.8,91.827,91.827,91.827,91.827,91.827,91.827,95.547,95.547,95.547,95.547,95.547,95.547,95.547,95.547,95.547,95.547,95.547,95.547,95.547,95.547,95.547,95.547,95.547,95.547,95.547,95.547,95.547,95.547,95.547,95.547,95.547,95.547,95.547,95.547,95.547,95.547,95.547,95.547,95.547,95.547,95.547,95.547,95.547,95.547,95.547,95.547,95.547,95.547,95.547,95.547,95.547,95.547,95.547,95.547,95.547,95.547,95.547,95.547,95.547,95.547,95.547,95.547,95.547,95.547,95.547,95.547
1973-04-01,,,,,,,,,,,72.6,71.6,71.6,71.6,71.6,71.6,71.6,74.0,74.0,74.0,74.0,74.0,74.0,74.0,74.0,74.0,74.0,74.0,74.0,74.0,69.1,69.1,69.1,69.1,69.1,67.9,67.9,67.9,67.9,67.9,67.9,67.9,67.9,67.9,67.9,67.9,67.9,67.9,67.9,67.9,67.9,67.9,67.9,67.9,67.9,67.9,67.9,67.9,67.9,67.9,67.9,67.9,67.9,67.9,67.9,67.9,67.9,67.9,67.9,67.9,67.9,67.9,67.9,67.9,76.8,76.8,76.8,76.8,76.8,76.8,76.8,76.8,76.8,76.8,76.8,76.8,76.8,76.8,76.8,76.8,76.8,76.8,76.8,76.8,76.8,76.8,76.8,76.8,76.8,76.8,76.8,76.8,76.8,76.8,76.8,76.8,76.8,76.8,76.8,76.8,76.8,76.8,76.8,76.8,76.8,77.5,77.5,77.5,77.5,77.5,77.5,77.5,77.5,77.5,77.5,77.5,77.5,77.5,77.5,77.5,77.5,77.5,77.5,77.5,77.5,77.5,77.5,77.5,77.5,77.5,77.5,77.5,77.5,77.5,77.5,77.5,77.5,77.5,77.5,77.5,77.5,77.5,77.5,77.5,77.5,77.5,77.5,77.5,77.5,77.5,77.5,77.5,77.5,77.5,77.5,77.5,81.2,81.2,81.2,81.2,81.2,81.2,81.2,81.2,81.2,81.2,81.2,81.2,81.2,81.2,81.2,81.2,81.2,81.2,81.2,81.2,81.2,81.2,81.2,81.2,81.2,81.2,81.2,81.2,81.2,81.2,81.2,81.2,81.2,81.2,81.2,81.2,81.2,81.2,81.2,81.2,81.2,81.2,81.2,81.2,81.2,81.2,81.2,81.2,81.2,81.2,81.2,81.2,81.2,81.2,81.2,81.2,81.2,81.2,81.2,81.2,81.2,81.2,81.2,81.2,84.4,84.4,84.4,84.4,84.4,84.4,84.4,84.4,84.4,84.4,84.4,84.4,84.4,84.4,84.4,84.4,84.4,84.4,84.4,84.4,84.4,84.4,84.4,84.4,84.4,84.4,84.4,84.4,84.4,84.4,84.4,84.4,84.4,84.4,84.5,84.5,84.5,84.5,84.5,84.5,84.5,84.5,84.5,84.5,84.5,84.5,84.5,84.5,84.5,84.5,84.5,84.5,84.5,84.5,84.5,84.5,84.5,84.5,84.5,84.5,84.5,84.5,84.5,84.5,84.5,84.5,84.5,84.5,84.5,84.5,84.5,84.5,84.5,84.5,84.5,84.5,84.5,84.5,84.5,,84.3,84.3,84.3,84.3,84.3,84.3,84.3,84.3,84.3,84.3,84.3,84.3,84.3,84.3,84.3,84.3,84.3,84.3,84.3,84.3,84.3,84.3,84.3,84.3,84.3,84.3,84.3,84.3,84.3,84.3,84.3,84.3,94.9,94.9,94.9,94.9,94.9,94.9,94.9,94.9,94.9,94.9,94.9,94.9,94.9,94.9,94.9,94.9,94.9,94.9,94.9,94.9,94.9,94.9,94.9,94.9,94.9,94.9,94.9,94.9,94.9,94.9,94.9,94.9,94.9,94.9,94.9,94.861,94.861,94.861,94.861,94.861,94.861,99.033,99.033,99.033,99.033,99.033,99.033,99.033,99.033,99.033,99.033,99.033,99.033,99.033,99.033,99.033,99.033,99.033,99.033,99.033,99.033,99.033,99.033,99.033,99.033,99.033,99.033,99.033,99.033,99.033,99.033,99.033,99.033,99.033,99.033,99.033,99.033,99.033,99.033,99.033,99.033,99.033,99.033,99.033,99.033,99.033,99.033,99.033,99.033,99.033,99.033,99.033,99.033,99.033,99.033,99.033,99.033,99.033,99.033,99.033,99.033
1973-07-01,,,,,,,,,,,,,71.5,71.5,71.5,71.5,71.5,72.9,72.9,72.9,72.9,72.9,72.9,72.9,72.9,72.9,72.9,72.9,72.9,72.9,68.0,68.0,68.0,68.0,68.0,65.4,65.4,65.4,65.4,65.4,65.4,65.4,65.4,65.4,65.4,65.4,65.4,65.4,65.4,65.4,65.4,65.4,65.4,65.4,65.4,65.4,65.4,65.4,65.4,65.4,65.4,65.4,65.4,65.4,65.4,65.4,65.4,65.4,65.4,65.4,65.4,65.4,65.4,65.4,76.6,76.6,76.6,76.6,76.6,76.6,76.6,76.6,76.6,76.6,76.6,76.6,76.6,76.6,76.6,76.6,76.6,76.6,76.6,76.6,76.6,76.6,76.6,76.6,76.6,76.6,76.6,76.6,76.6,76.6,76.6,76.6,76.6,76.6,76.6,76.6,76.6,76.6,76.6,76.6,76.6,77.8,77.8,77.8,77.8,77.8,77.8,77.8,77.8,77.8,77.8,77.8,77.8,77.8,77.8,77.8,77.8,77.8,77.8,77.8,77.8,77.8,77.8,77.8,77.8,77.8,77.8,77.8,77.8,77.8,77.8,77.8,77.8,77.8,77.8,77.8,77.8,77.8,77.8,77.8,77.8,77.8,77.8,77.8,77.8,77.8,77.8,77.8,77.8,77.8,77.8,77.8,81.3,81.3,81.3,81.3,81.3,81.3,81.3,81.3,81.3,81.3,81.3,81.3,81.3,81.3,81.3,81.3,81.3,81.3,81.3,81.3,81.3,81.3,81.3,81.3,81.3,81.3,81.3,81.3,81.3,81.3,81.3,81.3,81.3,81.3,81.3,81.3,81.3,81.3,81.3,81.3,81.3,81.3,81.3,81.3,81.3,81.3,81.3,81.3,81.3,81.3,81.3,81.3,81.3,81.3,81.3,81.3,81.3,81.3,81.3,81.3,81.3,81.3,81.3,81.3,84.6,84.6,84.6,84.6,84.6,84.6,84.6,84.6,84.6,84.6,84.6,84.6,84.6,84.6,84.6,84.6,84.6,84.6,84.6,84.6,84.6,84.6,84.6,84.6,84.6,84.6,84.6,84.6,84.6,84.6,84.6,84.6,84.6,84.6,84.7,84.7,84.7,84.7,84.7,84.7,84.7,84.7,84.7,84.7,84.7,84.7,84.7,84.7,84.7,84.7,84.7,84.7,84.7,84.7,84.7,84.7,84.7,84.7,84.7,84.7,84.7,84.7,84.7,84.7,84.7,84.7,84.7,84.7,84.7,84.7,84.7,84.7,84.7,84.7,84.7,84.7,84.7,84.7,84.7,,84.9,84.9,84.9,84.9,84.9,84.9,84.9,84.9,84.9,84.9,84.9,84.9,84.9,84.9,84.9,84.9,84.9,84.9,84.9,84.9,84.9,84.9,84.9,84.9,84.9,84.9,84.9,84.9,84.9,84.9,84.9,84.9,96.6,96.6,96.6,96.6,96.6,96.6,96.6,96.6,96.6,96.6,96.6,96.6,96.6,96.6,96.6,96.6,96.6,96.6,96.6,96.6,96.6,96.6,96.6,96.6,96.6,96.6,96.6,96.6,96.6,96.6,96.6,96.6,96.6,96.6,96.6,96.553,96.553,96.553,96.553,96.553,96.553,101.161,101.161,101.161,101.161,101.161,101.161,101.161,101.161,101.161,101.161,101.161,101.161,101.161,101.161,101.161,101.161,101.161,101.161,101.161,101.161,101.161,101.161,101.161,101.161,101.161,101.161,101.161,101.161,101.161,101.161,101.161,101.161,101.161,101.161,101.161,101.161,101.161,101.161,101.161,101.161,101.161,101.161,101.161,101.161,101.161,101.161,101.161,101.161,101.161,101.161,101.161,101.161,101.161,101.161,101.161,101.161,101.161,101.161,101.161,101.161
1973-10-01,,,,,,,,,,,,,,72.0,71.6,71.6,71.6,73.2,73.2,73.2,73.2,73.2,73.2,73.2,73.2,73.2,73.2,73.2,73.2,73.2,70.5,70.5,70.5,70.5,70.5,68.5,68.5,68.5,68.5,68.5,68.5,68.5,68.5,68.5,68.5,68.5,68.5,68.5,68.5,68.5,68.5,68.5,68.5,68.5,68.5,68.5,68.5,68.5,68.5,68.5,68.5,68.5,68.5,68.5,68.5,68.5,68.5,68.5,68.5,68.5,68.5,68.5,68.5,68.5,79.0,79.0,79.0,79.0,79.0,79.0,79.0,79.0,79.0,79.0,79.0,79.0,79.0,79.0,79.0,79.0,79.0,79.0,79.0,79.0,79.0,79.0,79.0,79.0,79.0,79.0,79.0,79.0,79.0,79.0,79.0,79.0,79.0,79.0,79.0,79.0,79.0,79.0,79.0,79.0,79.0,80.9,80.9,80.9,80.9,80.9,80.9,80.9,80.9,80.9,80.9,80.9,80.9,80.9,80.9,80.9,80.9,80.9,80.9,80.9,80.9,80.9,80.9,80.9,80.9,80.9,80.9,80.9,80.9,80.9,80.9,80.9,80.9,80.9,80.9,80.9,80.9,80.9,80.9,80.9,80.9,80.9,80.9,80.9,80.9,80.9,80.9,80.9,80.9,80.9,80.9,80.9,85.0,85.0,85.0,85.0,85.0,85.0,85.0,85.0,85.0,85.0,85.0,85.0,85.0,85.0,85.0,85.0,85.0,85.0,85.0,85.0,85.0,85.0,85.0,85.0,85.0,85.0,85.0,85.0,85.0,85.0,85.0,85.0,85.0,85.0,85.0,85.0,85.0,85.0,85.0,85.0,85.0,85.0,85.0,85.0,85.0,85.0,85.0,85.0,85.0,85.0,85.0,85.0,85.0,85.0,85.0,85.0,85.0,85.0,85.0,85.0,85.0,85.0,85.0,85.0,88.3,88.3,88.3,88.3,88.3,88.3,88.3,88.3,88.3,88.3,88.3,88.3,88.3,88.3,88.3,88.3,88.3,88.3,88.3,88.3,88.3,88.3,88.3,88.3,88.3,88.3,88.3,88.3,88.3,88.3,88.3,88.3,88.3,88.3,88.1,88.1,88.1,88.1,88.1,88.1,88.1,88.1,88.1,88.1,88.1,88.1,88.1,88.1,88.1,88.1,88.1,88.1,88.1,88.1,88.1,88.1,88.1,88.1,88.1,88.1,88.1,88.1,88.1,88.1,88.1,88.1,88.1,88.1,88.1,88.1,88.1,88.1,88.1,88.1,88.1,88.1,88.1,88.1,88.1,,88.5,88.5,88.5,88.5,88.5,88.5,88.5,88.5,88.5,88.5,88.5,88.5,88.5,88.5,88.5,88.5,88.5,88.5,88.5,88.5,88.5,88.5,88.5,88.5,88.5,88.5,88.5,88.5,88.5,88.5,88.5,88.5,101.4,101.4,101.4,101.4,101.4,101.4,101.4,101.4,101.4,101.4,101.4,101.4,101.4,101.4,101.4,101.4,101.4,101.4,101.4,101.4,101.4,101.4,101.4,101.4,101.4,101.4,101.4,101.4,101.4,101.4,101.4,101.4,101.4,101.4,101.4,101.389,101.389,101.389,101.389,101.389,101.389,106.253,106.253,106.253,106.253,106.253,106.253,106.253,106.253,106.253,106.253,106.253,106.253,106.253,106.253,106.253,106.253,106.253,106.253,106.253,106.253,106.253,106.253,106.253,106.253,106.253,106.253,106.253,106.253,106.253,106.253,106.253,106.253,106.253,106.253,106.253,106.253,106.253,106.253,106.253,106.253,106.253,106.253,106.253,106.253,106.253,106.253,106.253,106.253,106.253,106.253,106.253,106.253,106.253,106.253,106.253,106.253,106.253,106.253,106.253,106.253
1974-01-01,,,,,,,,,,,,,,,,80.2,83.4,85.1,85.1,85.1,83.2,83.2,83.2,83.2,83.2,83.2,83.2,83.2,83.2,83.2,78.9,78.9,78.9,78.9,78.9,75.8,75.8,75.8,75.8,75.8,75.8,75.8,75.8,75.8,70.9,70.9,70.9,70.9,70.9,70.9,70.9,70.9,70.9,70.9,70.9,70.9,70.9,70.9,70.9,70.9,70.9,70.9,70.9,70.9,70.9,70.9,70.9,70.9,70.9,70.9,70.9,70.9,70.9,70.9,82.4,82.4,82.4,82.4,82.4,82.4,82.4,82.4,82.4,82.4,82.4,82.4,82.4,82.4,82.4,82.4,82.4,82.4,82.4,82.4,82.4,82.4,82.4,82.4,82.4,82.4,82.4,82.4,82.4,82.4,82.4,82.4,82.4,82.4,82.4,82.4,82.4,82.4,82.4,82.4,82.4,85.0,85.0,85.0,85.0,85.0,85.0,85.0,85.0,85.0,85.0,85.0,85.0,85.0,85.0,85.0,85.0,85.0,85.0,85.0,85.0,85.0,85.0,85.0,85.0,85.0,85.0,85.0,85.0,85.0,85.0,85.0,85.0,85.0,85.0,85.0,85.0,85.0,85.0,85.0,85.0,85.0,85.0,85.0,85.0,85.0,85.0,85.0,85.0,85.0,85.0,85.0,89.0,89.0,89.0,89.0,89.0,89.0,89.0,89.0,89.0,89.0,89.0,89.0,89.0,89.0,89.0,89.0,89.0,89.0,89.0,89.0,89.0,89.0,89.0,89.0,89.0,89.0,89.0,89.0,89.0,89.0,89.0,89.0,89.0,89.0,89.0,89.0,89.0,89.0,89.0,89.0,89.0,89.0,89.0,89.0,89.0,89.0,89.0,89.0,89.0,89.0,89.0,89.0,89.0,89.0,89.0,89.0,89.0,89.0,89.0,89.0,89.0,89.0,89.0,89.0,92.8,92.8,92.8,92.8,92.8,92.8,92.8,92.8,92.8,92.8,92.8,92.8,92.8,92.8,92.8,92.8,92.8,92.8,92.8,92.8,92.8,92.8,92.8,92.8,92.8,92.8,92.8,92.8,92.8,92.8,92.8,92.8,92.8,92.8,92.8,92.8,92.8,92.8,92.8,92.8,92.8,92.8,92.8,92.8,92.8,92.8,92.8,92.8,92.8,92.8,92.8,92.8,92.8,92.8,92.8,92.8,92.8,92.8,92.8,92.8,92.8,92.8,92.8,92.8,92.8,92.8,92.8,92.8,92.8,92.8,92.8,92.8,92.8,92.8,92.8,92.8,92.8,92.8,92.8,,93.2,93.2,93.2,93.2,93.2,93.2,93.2,93.2,93.2,93.2,93.2,93.2,93.2,93.2,93.2,93.2,93.2,93.2,93.2,93.2,93.2,93.2,93.2,93.2,93.2,93.2,93.2,93.2,93.2,93.2,93.2,93.2,107.5,107.5,107.5,107.5,107.5,107.5,107.5,107.5,107.5,107.5,107.5,107.5,107.5,107.5,107.5,107.5,107.5,107.5,107.5,107.5,107.5,107.5,107.5,107.5,107.5,107.5,107.5,107.5,107.5,107.5,107.5,107.5,107.5,107.5,107.5,107.516,107.516,107.516,107.516,107.516,107.516,112.656,112.656,112.656,112.656,112.656,112.656,112.656,112.656,112.656,112.656,112.656,112.656,112.656,112.656,112.656,112.656,112.656,112.656,112.656,112.656,112.656,112.656,112.656,112.656,112.656,112.656,112.656,112.656,112.656,112.656,112.656,112.656,112.656,112.656,112.656,112.656,112.656,112.656,112.656,112.656,112.656,112.656,112.656,112.656,112.656,112.656,112.656,112.656,112.656,112.656,112.656,112.656,112.656,112.656,112.656,112.656,112.656,112.656,112.656,112.656
1974-04-01,,,,,,,,,,,,,,,,,,,91.1,85.6,83.1,83.1,83.1,83.1,83.1,83.1,83.1,83.1,83.1,83.1,77.1,77.1,77.1,77.1,77.1,73.3,73.3,73.3,73.3,73.3,73.3,73.3,73.3,73.3,72.8,72.8,72.8,72.8,72.8,72.8,72.8,72.8,72.8,72.8,72.8,72.8,72.8,72.8,72.8,72.8,72.8,72.8,72.8,72.8,72.8,72.8,72.8,72.8,72.8,72.8,72.8,72.8,72.8,72.8,85.0,85.0,85.0,85.0,85.0,85.0,85.0,85.0,85.0,85.0,85.0,85.0,85.0,85.0,85.0,85.0,85.0,85.0,85.0,85.0,85.0,85.0,85.0,85.0,85.0,85.0,85.0,85.0,85.0,85.0,85.0,85.0,85.0,85.0,85.0,85.0,85.0,85.0,85.0,85.0,85.0,87.4,87.4,87.4,87.4,87.4,87.4,87.4,87.4,87.4,87.4,87.4,87.4,87.4,87.4,87.4,87.4,87.4,87.4,87.4,87.4,87.4,87.4,87.4,87.4,87.4,87.4,87.4,87.4,87.4,87.4,87.4,87.4,87.4,87.4,87.4,87.4,87.4,87.4,87.4,87.4,87.4,87.4,87.4,87.4,87.4,87.4,87.4,87.4,87.4,87.4,87.4,91.2,91.2,91.2,91.2,91.2,91.2,91.2,91.2,91.2,91.2,91.2,91.2,91.2,91.2,91.2,91.2,91.2,91.2,91.2,91.2,91.2,91.2,91.2,91.2,91.2,91.2,91.2,91.2,91.2,91.2,91.2,91.2,91.2,91.2,91.2,91.2,91.2,91.2,91.2,91.2,91.2,91.2,91.2,91.2,91.2,91.2,91.2,91.2,91.2,91.2,91.2,91.2,91.2,91.2,91.2,91.2,91.2,91.2,91.2,91.2,91.2,91.2,91.2,91.2,95.1,95.1,95.1,95.1,95.1,95.1,95.1,95.1,95.1,95.1,95.1,95.1,95.1,95.1,95.1,95.1,95.1,95.1,95.1,95.1,95.1,95.1,95.1,95.1,95.1,95.1,95.1,95.1,95.1,95.1,95.1,95.1,95.1,95.1,95.3,95.3,95.3,95.3,95.3,95.3,95.3,95.3,95.3,95.3,95.3,95.3,95.3,95.3,95.3,95.3,95.3,95.3,95.3,95.3,95.3,95.3,95.3,95.3,95.3,95.3,95.3,95.3,95.3,95.3,95.3,95.3,95.3,95.3,95.3,95.3,95.3,95.3,95.3,95.3,95.3,95.3,95.3,95.3,95.3,,95.4,95.4,95.4,95.4,95.4,95.4,95.4,95.4,95.4,95.4,95.4,95.4,95.4,95.4,95.4,95.4,95.4,95.4,95.4,95.4,95.4,95.4,95.4,95.4,95.4,95.4,95.4,95.4,95.4,95.4,95.4,95.4,110.1,110.1,110.1,110.1,110.1,110.1,110.1,110.1,110.1,110.1,110.1,110.1,110.1,110.1,110.1,110.1,110.1,110.1,110.1,110.1,110.1,110.1,110.1,110.1,110.1,110.1,110.1,110.1,110.1,110.1,110.1,110.1,110.1,110.1,110.1,110.051,110.051,110.051,110.051,110.051,110.051,115.543,115.543,115.543,115.543,115.543,115.543,115.543,115.543,115.543,115.543,115.543,115.543,115.543,115.543,115.543,115.543,115.543,115.543,115.543,115.543,115.543,115.543,115.543,115.543,115.543,115.543,115.543,115.543,115.543,115.543,115.543,115.543,115.543,115.543,115.543,115.543,115.543,115.543,115.543,115.543,115.543,115.543,115.543,115.543,115.543,115.543,115.543,115.543,115.543,115.543,115.543,115.543,115.543,115.543,115.543,115.543,115.543,115.543,115.543,115.543
1974-07-01,,,,,,,,,,,,,,,,,,,,,94.9,94.3,94.3,94.3,94.3,94.3,94.3,94.3,94.3,94.3,87.4,87.4,87.4,87.4,87.4,81.0,81.0,81.0,81.0,81.0,81.0,81.0,81.0,81.0,81.0,81.0,81.0,81.0,81.0,81.0,81.0,81.0,81.0,81.0,81.0,81.0,81.0,81.0,81.0,81.0,81.0,81.0,81.0,81.0,81.0,81.0,81.0,81.0,81.0,81.0,81.0,81.0,81.0,81.0,90.9,90.9,90.9,90.9,90.9,90.9,90.9,90.9,90.9,90.9,90.9,90.9,90.9,90.9,90.9,90.9,90.9,90.9,90.9,90.9,90.9,90.9,90.9,90.9,90.9,90.9,90.9,90.9,90.9,90.9,90.9,90.9,90.9,90.9,90.9,90.9,90.9,90.9,90.9,90.9,90.9,93.5,93.5,93.5,93.5,93.5,93.5,93.5,93.5,93.5,93.5,93.5,93.5,93.5,93.5,93.5,93.5,93.5,93.5,93.5,93.5,93.5,93.5,93.5,93.5,93.5,93.5,93.5,93.5,93.5,93.5,93.5,93.5,93.5,93.5,93.5,93.5,93.5,93.5,93.5,93.5,93.5,93.5,93.5,93.5,93.5,93.5,93.5,93.5,93.5,93.5,93.5,97.1,97.1,97.1,97.1,97.1,97.1,97.1,97.1,97.1,97.1,97.1,97.1,97.1,97.1,97.1,97.1,97.1,97.1,97.1,97.1,97.1,97.1,97.1,97.1,97.1,97.1,97.1,97.1,97.1,97.1,97.1,97.1,97.1,97.1,97.1,97.1,97.1,97.1,97.1,97.1,97.1,97.1,97.1,97.1,97.1,97.1,97.1,97.1,97.1,97.1,97.1,97.1,97.1,97.1,97.1,97.1,97.1,97.1,97.1,97.1,97.1,97.1,97.1,97.1,101.2,101.2,101.2,101.2,101.2,101.2,101.2,101.2,101.2,101.2,101.2,101.2,101.2,101.2,101.2,101.2,101.2,101.2,101.2,101.2,101.2,101.2,101.2,101.2,101.2,101.2,101.2,101.2,101.2,101.2,101.2,101.2,101.2,101.2,101.4,101.4,101.4,101.4,101.4,101.4,101.4,101.4,101.4,101.4,101.4,101.4,101.4,101.4,101.4,101.4,101.4,101.4,101.4,101.4,101.4,101.4,101.4,101.4,101.4,101.4,101.4,101.4,101.4,101.4,101.4,101.4,101.4,101.4,101.4,101.4,101.4,101.4,101.4,101.4,101.4,101.4,101.4,101.4,101.4,,101.3,101.3,101.3,101.3,101.3,101.3,101.3,101.3,101.3,101.3,101.3,101.3,101.3,101.3,101.3,101.3,101.3,101.3,101.3,101.3,101.3,101.3,101.3,101.3,101.3,101.3,101.3,101.3,101.3,101.3,101.3,101.3,115.2,115.2,115.2,115.2,115.2,115.2,115.2,115.2,115.2,115.2,115.2,115.2,115.2,115.2,115.2,115.2,115.2,115.2,115.2,115.2,115.2,115.2,115.2,115.2,115.2,115.2,115.2,115.2,115.2,115.2,115.2,115.2,115.2,115.2,115.2,115.248,115.248,115.248,115.248,115.248,115.248,121.06,121.06,121.06,121.06,121.06,121.06,121.06,121.06,121.06,121.06,121.06,121.06,121.06,121.06,121.06,121.06,121.06,121.06,121.06,121.06,121.06,121.06,121.06,121.06,121.06,121.06,121.06,121.06,121.06,121.06,121.06,121.06,121.06,121.06,121.06,121.06,121.06,121.06,121.06,121.06,121.06,121.06,121.06,121.06,121.06,121.06,121.06,121.06,121.06,121.06,121.06,121.06,121.06,121.06,121.06,121.06,121.06,121.06,121.06,121.06
1974-10-01,,,,,,,,,,,,,,,,,,,,,,,81.1,79.5,79.5,79.5,79.5,79.5,79.5,79.5,74.7,74.7,74.7,74.7,74.7,70.6,70.6,70.6,70.6,70.6,70.6,70.6,70.6,70.6,73.5,73.5,73.5,73.5,73.5,73.5,73.5,73.5,73.5,73.5,73.5,73.5,73.5,73.5,73.5,73.5,73.5,73.5,73.5,73.5,73.5,73.5,73.5,73.5,73.5,73.5,73.5,73.5,73.5,73.5,82.2,82.2,82.2,82.2,82.2,82.2,82.2,82.2,82.2,82.2,82.2,82.2,82.2,82.2,82.2,82.2,82.2,82.2,82.2,82.2,82.2,82.2,82.2,82.2,82.2,82.2,82.2,82.2,82.2,82.2,82.2,82.2,82.2,82.2,82.2,82.2,82.2,82.2,82.2,82.2,82.2,82.4,82.4,82.4,82.4,82.4,82.4,82.4,82.4,82.4,82.4,82.4,82.4,82.4,82.4,82.4,82.4,82.4,82.4,82.4,82.4,82.4,82.4,82.4,82.4,82.4,82.4,82.4,82.4,82.4,82.4,82.4,82.4,82.4,82.4,82.4,82.4,82.4,82.4,82.4,82.4,82.4,82.4,82.4,82.4,82.4,82.4,82.4,82.4,82.4,82.4,82.4,86.8,86.8,86.8,86.8,86.8,86.8,86.8,86.8,86.8,86.8,86.8,86.8,86.8,86.8,86.8,86.8,86.8,86.8,86.8,86.8,86.8,86.8,86.8,86.8,86.8,86.8,86.8,86.8,86.8,86.8,86.8,86.8,86.8,86.8,86.8,86.8,86.8,86.8,86.8,86.8,86.8,86.8,86.8,86.8,86.8,86.8,86.8,86.8,86.8,86.8,86.8,86.8,86.8,86.8,86.8,86.8,86.8,86.8,86.8,86.8,86.8,86.8,86.8,86.8,90.9,90.9,90.9,90.9,90.9,90.9,90.9,90.9,90.9,90.9,90.9,90.9,90.9,90.9,90.9,90.9,90.9,90.9,90.9,90.9,90.9,90.9,90.9,90.9,90.9,90.9,90.9,90.9,90.9,90.9,90.9,90.9,90.9,90.9,90.3,90.3,90.3,90.3,90.3,90.3,90.3,90.3,90.3,90.3,90.3,90.3,90.3,90.3,90.3,90.3,90.3,90.3,90.3,90.3,90.3,90.3,90.3,90.3,90.3,90.3,90.3,90.3,90.3,90.3,90.3,90.3,90.3,90.3,90.3,90.3,90.3,90.3,90.3,90.3,90.3,90.3,90.3,90.3,90.3,,89.9,89.9,89.9,89.9,89.9,89.9,89.9,89.9,89.9,89.9,89.9,89.9,89.9,89.9,89.9,89.9,89.9,89.9,89.9,89.9,89.9,89.9,89.9,89.9,89.9,89.9,89.9,89.9,89.9,89.9,89.9,89.9,102.2,102.2,102.2,102.2,102.2,102.2,102.2,102.2,102.2,102.2,102.2,102.2,102.2,102.2,102.2,102.2,102.2,102.2,102.2,102.2,102.2,102.2,102.2,102.2,102.2,102.2,102.2,102.2,102.2,102.2,102.2,102.2,102.2,102.2,102.2,102.152,102.152,102.152,102.152,102.152,102.152,107.908,107.908,107.908,107.908,107.908,107.908,107.908,107.908,107.908,107.908,107.908,107.908,107.908,107.908,107.908,107.908,107.908,107.908,107.908,107.908,107.908,107.908,107.908,107.908,107.908,107.908,107.908,107.908,107.908,107.908,107.908,107.908,107.908,107.908,107.908,107.908,107.908,107.908,107.908,107.908,107.908,107.908,107.908,107.908,107.908,107.908,107.908,107.908,107.908,107.908,107.908,107.908,107.908,107.908,107.908,107.908,107.908,107.908,107.908,107.908
1975-01-01,,,,,,,,,,,,,,,,,,,,,,,,,61.8,62.3,62.3,62.3,62.3,62.3,59.6,59.6,59.6,59.6,59.6,54.0,54.0,54.0,54.0,54.0,54.0,54.0,54.0,54.0,60.8,60.8,60.8,60.8,60.8,60.8,60.8,60.8,60.8,59.1,59.1,59.1,59.1,59.1,59.1,59.1,59.1,59.1,59.1,59.1,59.1,59.1,59.1,59.1,59.1,59.1,59.1,59.1,59.1,59.1,69.4,69.4,69.4,69.4,69.4,69.4,69.4,69.4,69.4,69.4,69.4,69.4,69.4,69.4,69.4,69.4,69.4,69.4,69.4,69.4,69.4,69.4,69.4,69.4,69.4,69.4,69.4,69.4,69.4,69.4,69.4,69.4,69.4,69.4,69.4,69.4,69.4,69.4,69.4,69.4,69.4,71.1,71.1,71.1,71.1,71.1,71.1,71.1,71.1,71.1,71.1,71.1,71.1,71.1,71.1,71.1,71.1,71.1,71.1,71.1,71.1,71.1,71.1,71.1,71.1,71.1,71.1,71.1,71.1,71.1,71.1,71.1,71.1,71.1,71.1,71.1,71.1,71.1,71.1,71.1,71.1,71.1,71.1,71.1,71.1,71.1,71.1,71.1,71.1,71.1,71.1,71.1,75.8,75.8,75.8,75.8,75.8,75.8,75.8,75.8,75.8,75.8,75.8,75.8,75.8,75.8,75.8,75.8,75.8,75.8,75.8,75.8,75.8,75.8,75.8,75.8,75.8,75.8,75.8,75.8,75.8,75.8,75.8,75.8,75.8,75.8,75.8,75.8,75.8,75.8,75.8,75.8,75.8,75.8,75.8,75.8,75.8,75.8,75.8,75.8,75.8,75.8,75.8,75.8,75.8,75.8,75.8,75.8,75.8,75.8,75.8,75.8,75.8,75.8,75.8,75.8,80.0,80.0,80.0,80.0,80.0,80.0,80.0,80.0,80.0,80.0,80.0,80.0,80.0,80.0,80.0,80.0,80.0,80.0,80.0,80.0,80.0,80.0,80.0,80.0,80.0,80.0,80.0,80.0,80.0,80.0,80.0,80.0,80.0,80.0,80.0,80.0,80.0,80.0,80.0,80.0,80.0,80.0,80.0,80.0,80.0,80.0,80.0,80.0,80.0,80.0,80.0,80.0,80.0,80.0,80.0,80.0,80.0,80.0,80.0,80.0,80.0,80.0,80.0,80.0,80.0,80.0,80.0,80.0,80.0,80.0,80.0,80.0,80.0,80.0,80.0,80.0,80.0,80.0,80.0,,79.7,79.7,79.7,79.7,79.7,79.7,79.7,79.7,79.7,79.7,79.7,79.7,79.7,79.7,79.7,79.7,79.7,79.7,79.7,79.7,79.7,79.7,79.7,79.7,79.7,79.7,79.7,79.7,79.7,79.7,79.7,79.7,89.2,89.2,89.2,89.2,89.2,89.2,89.2,89.2,89.2,89.2,89.2,89.2,89.2,89.2,89.2,89.2,89.2,89.2,89.2,89.2,89.2,89.2,89.2,89.2,89.2,89.2,89.2,89.2,89.2,89.2,89.2,89.2,89.2,89.2,89.2,89.227,89.227,89.227,89.227,89.227,89.227,94.707,94.707,94.707,94.707,94.707,94.707,94.707,94.707,94.707,94.707,94.707,94.707,94.707,94.707,94.707,94.707,94.707,94.707,94.707,94.707,94.707,94.707,94.707,94.707,94.707,94.707,94.707,94.707,94.707,94.707,94.707,94.707,94.707,94.707,94.707,94.707,94.707,94.707,94.707,94.707,94.707,94.707,94.707,94.707,94.707,94.707,94.707,94.707,94.707,94.707,94.707,94.707,94.707,94.707,94.707,94.707,94.707,94.707,94.707,94.707
1975-04-01,,,,,,,,,,,,,,,,,,,,,,,,,,,67.4,70.3,70.3,70.3,66.6,66.6,66.6,66.6,66.6,61.0,61.0,61.0,61.0,61.0,61.0,61.0,61.0,61.0,68.2,68.2,68.2,68.2,68.2,68.2,68.2,68.2,68.2,64.6,64.6,64.6,64.6,64.6,64.6,64.6,64.6,64.6,64.6,64.6,64.6,64.6,64.6,64.6,64.6,64.6,64.6,64.6,64.6,64.6,73.2,73.2,73.2,73.2,73.2,73.2,73.2,73.2,73.2,73.2,73.2,73.2,73.2,73.2,73.2,73.2,73.2,73.2,73.2,73.2,73.2,73.2,73.2,73.2,73.2,73.2,73.2,73.2,73.2,73.2,73.2,73.2,73.2,73.2,73.2,73.2,73.2,73.2,73.2,73.2,73.2,75.6,75.6,75.6,75.6,75.6,75.6,75.6,75.6,75.6,75.6,75.6,75.6,75.6,75.6,75.6,75.6,75.6,75.6,75.6,75.6,75.6,75.6,75.6,75.6,75.6,75.6,75.6,75.6,75.6,75.6,75.6,75.6,75.6,75.6,75.6,75.6,75.6,75.6,75.6,75.6,75.6,75.6,75.6,75.6,75.6,75.6,75.6,75.6,75.6,75.6,75.6,81.0,81.0,81.0,81.0,81.0,81.0,81.0,81.0,81.0,81.0,81.0,81.0,81.0,81.0,81.0,81.0,81.0,81.0,81.0,81.0,81.0,81.0,81.0,81.0,81.0,81.0,81.0,81.0,81.0,81.0,81.0,81.0,81.0,81.0,81.0,81.0,81.0,81.0,81.0,81.0,81.0,81.0,81.0,81.0,81.0,81.0,81.0,81.0,81.0,81.0,81.0,81.0,81.0,81.0,81.0,81.0,81.0,81.0,81.0,81.0,81.0,81.0,81.0,81.0,85.3,85.3,85.3,85.3,85.3,85.3,85.3,85.3,85.3,85.3,85.3,85.3,85.3,85.3,85.3,85.3,85.3,85.3,85.3,85.3,85.3,85.3,85.3,85.3,85.3,85.3,85.3,85.3,85.3,85.3,85.3,85.3,85.3,85.3,85.4,85.4,85.4,85.4,85.4,85.4,85.4,85.4,85.4,85.4,85.4,85.4,85.4,85.4,85.4,85.4,85.4,85.4,85.4,85.4,85.4,85.4,85.4,85.4,85.4,85.4,85.4,85.4,85.4,85.4,85.4,85.4,85.4,85.4,85.4,85.4,85.4,85.4,85.4,85.4,85.4,85.4,85.4,85.4,85.4,,85.7,85.7,85.7,85.7,85.7,85.7,85.7,85.7,85.7,85.7,85.7,85.7,85.7,85.7,85.7,85.7,85.7,85.7,85.7,85.7,85.7,85.7,85.7,85.7,85.7,85.7,85.7,85.7,85.7,85.7,85.7,85.7,94.0,94.0,94.0,94.0,94.0,94.0,94.0,94.0,94.0,94.0,94.0,94.0,94.0,94.0,94.0,94.0,94.0,94.0,94.0,94.0,94.0,94.0,94.0,94.0,94.0,94.0,94.0,94.0,94.0,94.0,94.0,94.0,94.0,94.0,94.0,94.038,94.038,94.038,94.038,94.038,94.038,99.406,99.406,99.406,99.406,99.406,99.406,99.406,99.406,99.406,99.406,99.406,99.406,99.406,99.406,99.406,99.406,99.406,99.406,99.406,99.406,99.406,99.406,99.406,99.406,99.406,99.406,99.406,99.406,99.406,99.406,99.406,99.406,99.406,99.406,99.406,99.406,99.406,99.406,99.406,99.406,99.406,99.406,99.406,99.406,99.406,99.406,99.406,99.406,99.406,99.406,99.406,99.406,99.406,99.406,99.406,99.406,99.406,99.406,99.406,99.406
1975-07-01,,,,,,,,,,,,,,,,,,,,,,,,,,,,,82.2,82.6,78.8,78.8,78.8,78.8,78.8,72.1,72.1,72.1,72.1,72.1,72.1,72.1,72.1,72.1,81.4,81.4,81.4,81.4,81.4,81.4,81.4,81.4,81.4,78.1,78.1,78.1,78.1,78.1,78.1,78.1,78.1,78.1,78.1,78.1,78.1,78.1,78.1,78.1,78.1,78.1,78.1,78.1,78.1,78.1,88.3,88.3,88.3,88.3,88.3,88.3,88.3,88.3,88.3,88.3,88.3,88.3,88.3,88.3,88.3,88.3,88.3,88.3,88.3,88.3,88.3,88.3,88.3,88.3,88.3,88.3,88.3,88.3,88.3,88.3,88.3,88.3,88.3,88.3,88.3,88.3,88.3,88.3,88.3,88.3,88.3,91.7,91.7,91.7,91.7,91.7,91.7,91.7,91.7,91.7,91.7,91.7,91.7,91.7,91.7,91.7,91.7,91.7,91.7,91.7,91.7,91.7,91.7,91.7,91.7,91.7,91.7,91.7,91.7,91.7,91.7,91.7,91.7,91.7,91.7,91.7,91.7,91.7,91.7,91.7,91.7,91.7,91.7,91.7,91.7,91.7,91.7,91.7,91.7,91.7,91.7,91.7,97.8,97.8,97.8,97.8,97.8,97.8,97.8,97.8,97.8,97.8,97.8,97.8,97.8,97.8,97.8,97.8,97.8,97.8,97.8,97.8,97.8,97.8,97.8,97.8,97.8,97.8,97.8,97.8,97.8,97.8,97.8,97.8,97.8,97.8,97.8,97.8,97.8,97.8,97.8,97.8,97.8,97.8,97.8,97.8,97.8,97.8,97.8,97.8,97.8,97.8,97.8,97.8,97.8,97.8,97.8,97.8,97.8,97.8,97.8,97.8,97.8,97.8,97.8,97.8,102.3,102.3,102.3,102.3,102.3,102.3,102.3,102.3,102.3,102.3,102.3,102.3,102.3,102.3,102.3,102.3,102.3,102.3,102.3,102.3,102.3,102.3,102.3,102.3,102.3,102.3,102.3,102.3,102.3,102.3,102.3,102.3,102.3,102.3,102.3,102.3,102.3,102.3,102.3,102.3,102.3,102.3,102.3,102.3,102.3,102.3,102.3,102.3,102.3,102.3,102.3,102.3,102.3,102.3,102.3,102.3,102.3,102.3,102.3,102.3,102.3,102.3,102.3,102.3,102.3,102.3,102.3,102.3,102.3,102.3,102.3,102.3,102.3,102.3,102.3,102.3,102.3,102.3,102.3,,102.0,102.0,102.0,102.0,102.0,102.0,102.0,102.0,102.0,102.0,102.0,102.0,102.0,102.0,102.0,102.0,102.0,102.0,102.0,102.0,102.0,102.0,102.0,102.0,102.0,102.0,102.0,102.0,102.0,102.0,102.0,102.0,110.6,110.6,110.6,110.6,110.6,110.6,110.6,110.6,110.6,110.6,110.6,110.6,110.6,110.6,110.6,110.6,110.6,110.6,110.6,110.6,110.6,110.6,110.6,110.6,110.6,110.6,110.6,110.6,110.6,110.6,110.6,110.6,110.6,110.6,110.6,110.647,110.647,110.647,110.647,110.647,110.647,115.831,115.831,115.831,115.831,115.831,115.831,115.831,115.831,115.831,115.831,115.831,115.831,115.831,115.831,115.831,115.831,115.831,115.831,115.831,115.831,115.831,115.831,115.831,115.831,115.831,115.831,115.831,115.831,115.831,115.831,115.831,115.831,115.831,115.831,115.831,115.831,115.831,115.831,115.831,115.831,115.831,115.831,115.831,115.831,115.831,115.831,115.831,115.831,115.831,115.831,115.831,115.831,115.831,115.831,115.831,115.831,115.831,115.831,115.831,115.831
1975-10-01,,,,,,,,,,,,,,,,,,,,,,,,,,,,,,,,80.6,79.9,79.9,79.9,74.1,74.1,74.1,74.1,74.1,74.1,74.1,74.1,74.1,83.1,83.1,83.1,83.1,83.1,83.1,83.1,83.1,83.1,80.3,80.3,80.3,80.3,80.3,80.3,80.3,80.3,80.3,80.3,80.3,80.3,80.3,80.3,80.3,80.3,80.3,80.3,80.3,80.3,80.3,95.2,95.2,95.2,95.2,95.2,95.2,95.2,95.2,95.2,95.2,95.2,95.2,95.2,95.2,95.2,95.2,95.2,95.2,95.2,95.2,95.2,95.2,95.2,95.2,95.2,95.2,95.2,95.2,95.2,95.2,95.2,95.2,95.2,95.2,95.2,95.2,95.2,95.2,95.2,95.2,95.2,97.3,97.3,97.3,97.3,97.3,97.3,97.3,97.3,97.3,97.3,97.3,97.3,97.3,97.3,97.3,97.3,97.3,97.3,97.3,97.3,97.3,97.3,97.3,97.3,97.3,97.3,97.3,97.3,97.3,97.3,97.3,97.3,97.3,97.3,97.3,97.3,97.3,97.3,97.3,97.3,97.3,97.3,97.3,97.3,97.3,97.3,97.3,97.3,97.3,97.3,97.3,103.4,103.4,103.4,103.4,103.4,103.4,103.4,103.4,103.4,103.4,103.4,103.4,103.4,103.4,103.4,103.4,103.4,103.4,103.4,103.4,103.4,103.4,103.4,103.4,103.4,103.4,103.4,103.4,103.4,103.4,103.4,103.4,103.4,103.4,103.4,103.4,103.4,103.4,103.4,103.4,103.4,103.4,103.4,103.4,103.4,103.4,103.4,103.4,103.4,103.4,103.4,103.4,103.4,103.4,103.4,103.4,103.4,103.4,103.4,103.4,103.4,103.4,103.4,103.4,108.1,108.1,108.1,108.1,108.1,108.1,108.1,108.1,108.1,108.1,108.1,108.1,108.1,108.1,108.1,108.1,108.1,108.1,108.1,108.1,108.1,108.1,108.1,108.1,108.1,108.1,108.1,108.1,108.1,108.1,108.1,108.1,108.1,108.1,107.9,107.9,107.9,107.9,107.9,107.9,107.9,107.9,107.9,107.9,107.9,107.9,107.9,107.9,107.9,107.9,107.9,107.9,107.9,107.9,107.9,107.9,107.9,107.9,107.9,107.9,107.9,107.9,107.9,107.9,107.9,107.9,107.9,107.9,107.9,107.9,107.9,107.9,107.9,107.9,107.9,107.9,107.9,107.9,107.9,,108.1,108.1,108.1,108.1,108.1,108.1,108.1,108.1,108.1,108.1,108.1,108.1,108.1,108.1,108.1,108.1,108.1,108.1,108.1,108.1,108.1,108.1,108.1,108.1,108.1,108.1,108.1,108.1,108.1,108.1,108.1,108.1,118.6,118.6,118.6,118.6,118.6,118.6,118.6,118.6,118.6,118.6,118.6,118.6,118.6,118.6,118.6,118.6,118.6,118.6,118.6,118.6,118.6,118.6,118.6,118.6,118.6,118.6,118.6,118.6,118.6,118.6,118.6,118.6,118.6,118.6,118.6,118.595,118.595,118.595,118.595,118.595,118.595,124.091,124.091,124.091,124.091,124.091,124.091,124.091,124.091,124.091,124.091,124.091,124.091,124.091,124.091,124.091,124.091,124.091,124.091,124.091,124.091,124.091,124.091,124.091,124.091,124.091,124.091,124.091,124.091,124.091,124.091,124.091,124.091,124.091,124.091,124.091,124.091,124.091,124.091,124.091,124.091,124.091,124.091,124.091,124.091,124.091,124.091,124.091,124.091,124.091,124.091,124.091,124.091,124.091,124.091,124.091,124.091,124.091,124.091,124.091,124.091
1976-01-01,,,,,,,,,,,,,,,,,,,,,,,,,,,,,,,,,,84.3,85.7,79.7,79.7,79.7,79.7,79.7,79.7,79.7,79.7,79.7,90.4,90.4,90.4,90.4,90.4,90.4,90.4,90.4,90.4,89.0,89.0,89.0,89.0,89.0,89.0,89.0,89.0,89.0,91.0,91.0,91.0,91.0,91.0,91.0,91.0,91.0,91.0,91.0,91.0,91.0,100.7,100.7,100.7,100.7,100.7,100.7,100.7,100.7,100.7,100.7,100.7,100.7,100.7,100.7,100.7,100.7,100.7,100.7,100.7,100.7,100.7,100.7,100.7,100.7,100.7,100.7,100.7,100.7,100.7,100.7,100.7,100.7,100.7,100.7,100.7,100.7,100.7,100.7,100.7,100.7,100.7,104.3,104.3,104.3,104.3,104.3,104.3,104.3,104.3,104.3,104.3,104.3,104.3,104.3,104.3,104.3,104.3,104.3,104.3,104.3,104.3,104.3,104.3,104.3,104.3,104.3,104.3,104.3,104.3,104.3,104.3,104.3,104.3,104.3,104.3,104.3,104.3,104.3,104.3,104.3,104.3,104.3,104.3,104.3,104.3,104.3,104.3,104.3,104.3,104.3,104.3,104.3,108.4,108.4,108.4,108.4,108.4,108.4,108.4,108.4,108.4,108.4,108.4,108.4,108.4,108.4,108.4,108.4,108.4,108.4,108.4,108.4,108.4,108.4,108.4,108.4,108.4,108.4,108.4,108.4,108.4,108.4,108.4,108.4,108.4,108.5,108.5,108.5,108.5,108.5,108.5,108.5,108.5,108.5,108.5,108.5,108.5,108.5,108.5,108.5,108.5,108.5,108.5,108.5,108.5,108.5,108.5,108.5,108.5,108.5,108.5,108.5,108.5,108.5,108.5,108.5,113.5,113.5,113.5,113.5,113.5,113.5,113.5,113.5,113.5,113.5,113.5,113.5,113.5,113.5,113.5,113.5,113.5,113.5,113.5,113.5,113.5,113.5,113.5,113.5,113.5,113.5,113.5,113.5,113.5,113.5,113.5,113.5,113.5,113.5,113.2,113.2,113.2,113.2,113.2,113.2,113.2,113.2,113.2,113.2,113.2,113.2,113.2,113.2,113.2,113.2,113.2,113.2,113.2,113.2,113.2,113.2,113.2,113.2,113.2,113.2,113.2,113.2,113.2,113.2,113.2,113.2,113.2,113.2,113.2,113.2,113.2,113.2,113.2,113.2,113.2,113.2,113.2,113.2,113.2,,113.0,113.0,113.0,113.0,113.0,113.0,113.0,113.0,113.0,113.0,113.0,113.0,113.0,113.0,113.0,113.0,113.0,113.0,113.0,113.0,113.0,113.0,113.0,113.0,113.0,113.0,113.0,113.0,113.0,113.0,113.0,113.0,126.9,126.9,126.9,126.9,126.9,126.9,126.9,126.9,126.9,126.9,126.9,126.9,126.9,126.9,126.9,126.9,126.9,126.9,126.9,126.9,126.9,126.9,126.9,126.9,126.9,126.9,126.9,126.9,126.9,126.9,126.9,126.9,126.9,126.9,126.9,126.926,126.926,126.926,126.926,126.926,126.926,132.702,132.702,132.702,132.702,132.702,132.702,132.702,132.702,132.702,132.702,132.702,132.702,132.702,132.702,132.702,132.702,132.702,132.702,132.702,132.702,132.702,132.702,132.702,132.702,132.702,132.702,132.702,132.702,132.702,132.702,132.702,132.702,132.702,132.702,132.702,132.702,132.702,132.702,132.702,132.702,132.702,132.702,132.702,132.702,132.702,132.702,132.702,132.702,132.702,132.702,132.702,132.702,132.702,132.702,132.702,132.702,132.702,132.702,132.702,132.702
1976-04-01,,,,,,,,,,,,,,,,,,,,,,,,,,,,,,,,,,,,,81.1,82.7,82.7,82.7,82.7,82.7,82.7,82.7,93.1,93.1,93.1,93.1,93.1,93.1,93.1,93.1,93.1,92.4,92.4,92.4,92.4,92.4,92.4,92.4,92.4,92.4,91.6,91.6,91.6,91.6,91.6,91.6,91.6,91.6,91.6,91.6,91.6,91.6,102.3,102.3,102.3,102.3,102.3,102.3,102.3,102.3,102.3,102.3,102.3,102.3,102.3,102.3,102.3,102.3,102.3,102.3,102.3,102.3,102.3,102.3,102.3,102.3,102.3,102.3,102.3,102.3,102.3,102.3,102.3,102.3,102.3,102.3,102.3,102.3,102.3,102.3,102.3,102.3,102.3,106.0,106.0,106.0,106.0,106.0,106.0,106.0,106.0,106.0,106.0,106.0,106.0,106.0,106.0,106.0,106.0,106.0,106.0,106.0,106.0,106.0,106.0,106.0,106.0,106.0,106.0,106.0,106.0,106.0,106.0,106.0,106.0,106.0,106.0,106.0,106.0,106.0,106.0,106.0,106.0,106.0,106.0,106.0,106.0,106.0,106.0,106.0,106.0,106.0,106.0,106.0,109.2,109.2,109.2,109.2,109.2,109.2,109.2,109.2,109.2,109.2,109.2,109.2,109.2,109.2,109.2,109.2,109.2,109.2,109.2,109.2,109.2,109.2,109.2,109.2,109.2,109.2,109.2,109.2,109.2,109.2,109.2,109.2,109.2,109.4,109.4,109.4,109.4,109.4,109.4,109.4,109.4,109.4,109.4,109.4,109.4,109.4,109.4,109.4,109.4,109.4,109.4,109.4,109.4,109.4,109.4,109.4,109.4,109.4,109.4,109.4,109.4,109.4,109.4,109.4,114.1,114.1,114.1,114.1,114.1,114.1,114.1,114.1,114.1,114.1,114.1,114.1,114.1,114.1,114.1,114.1,114.1,114.1,114.1,114.1,114.1,114.1,114.1,114.1,114.1,114.1,114.1,114.1,114.1,114.1,114.1,114.1,114.1,114.1,114.3,114.3,114.3,114.3,114.3,114.3,114.3,114.3,114.3,114.3,114.3,114.3,114.3,114.3,114.3,114.3,114.3,114.3,114.3,114.3,114.3,114.3,114.3,114.3,114.3,114.3,114.3,114.3,114.3,114.3,114.3,114.3,114.3,114.3,114.3,114.3,114.3,114.3,114.3,114.3,114.3,114.3,114.3,114.3,114.3,,114.4,114.4,114.4,114.4,114.4,114.4,114.4,114.4,114.4,114.4,114.4,114.4,114.4,114.4,114.4,114.4,114.4,114.4,114.4,114.4,114.4,114.4,114.4,114.4,114.4,114.4,114.4,114.4,114.4,114.4,114.4,114.4,130.8,130.8,130.8,130.8,130.8,130.8,130.8,130.8,130.8,130.8,130.8,130.8,130.8,130.8,130.8,130.8,130.8,130.8,130.8,130.8,130.8,130.8,130.8,130.8,130.8,130.8,130.8,130.8,130.8,130.8,130.8,130.8,130.8,130.8,130.8,130.751,130.751,130.751,130.751,130.751,130.751,136.551,136.551,136.551,136.551,136.551,136.551,136.551,136.551,136.551,136.551,136.551,136.551,136.551,136.551,136.551,136.551,136.551,136.551,136.551,136.551,136.551,136.551,136.551,136.551,136.551,136.551,136.551,136.551,136.551,136.551,136.551,136.551,136.551,136.551,136.551,136.551,136.551,136.551,136.551,136.551,136.551,136.551,136.551,136.551,136.551,136.551,136.551,136.551,136.551,136.551,136.551,136.551,136.551,136.551,136.551,136.551,136.551,136.551,136.551,136.551
1976-07-01,,,,,,,,,,,,,,,,,,,,,,,,,,,,,,,,,,,,,,,84.8,85.1,85.1,85.1,85.1,85.1,94.0,94.0,94.0,94.0,94.0,94.0,94.0,94.0,94.0,93.1,93.1,93.1,93.1,93.1,93.1,93.1,93.1,93.1,92.8,92.8,92.8,92.8,92.8,92.8,92.8,92.8,92.8,92.8,92.8,92.8,103.5,103.5,103.5,103.5,103.5,103.5,103.5,103.5,103.5,103.5,103.5,103.5,103.5,103.5,103.5,103.5,103.5,103.5,103.5,103.5,103.5,103.5,103.5,103.5,103.5,103.5,103.5,103.5,103.5,103.5,103.5,103.5,103.5,103.5,103.5,103.5,103.5,103.5,103.5,103.5,103.5,107.1,107.1,107.1,107.1,107.1,107.1,107.1,107.1,107.1,107.1,107.1,107.1,107.1,107.1,107.1,107.1,107.1,107.1,107.1,107.1,107.1,107.1,107.1,107.1,107.1,107.1,107.1,107.1,107.1,107.1,107.1,107.1,107.1,107.1,107.1,107.1,107.1,107.1,107.1,107.1,107.1,107.1,107.1,107.1,107.1,107.1,107.1,107.1,107.1,107.1,107.1,110.0,110.0,110.0,110.0,110.0,110.0,110.0,110.0,110.0,110.0,110.0,110.0,110.0,110.0,110.0,110.0,110.0,110.0,110.0,110.0,110.0,110.0,110.0,110.0,110.0,110.0,110.0,110.0,110.0,110.0,110.0,110.0,110.0,110.0,110.0,110.0,110.0,110.0,110.0,110.0,110.0,110.0,110.0,110.0,110.0,110.0,110.0,110.0,110.0,110.0,110.0,110.0,110.0,110.0,110.0,110.0,110.0,110.0,110.0,110.0,110.0,110.0,110.0,110.0,114.8,114.8,114.8,114.8,114.8,114.8,114.8,114.8,114.8,114.8,114.8,114.8,114.8,114.8,114.8,114.8,114.8,114.8,114.8,114.8,114.8,114.8,114.8,114.8,114.8,114.8,114.8,114.8,114.8,114.8,114.8,114.8,114.8,114.8,115.1,115.1,115.1,115.1,115.1,115.1,115.1,115.1,115.1,115.1,115.1,115.1,115.1,115.1,115.1,115.1,115.1,115.1,115.1,115.1,115.1,115.1,115.1,115.1,115.1,115.1,115.1,115.1,115.1,115.1,115.1,115.1,115.1,115.1,115.1,115.1,115.1,115.1,115.1,115.1,115.1,115.1,115.1,115.1,115.1,,115.3,115.3,115.3,115.3,115.3,115.3,115.3,115.3,115.3,115.3,115.3,115.3,115.3,115.3,115.3,115.3,115.3,115.3,115.3,115.3,115.3,115.3,115.3,115.3,115.3,115.3,115.3,115.3,115.3,115.3,115.3,115.3,132.9,132.9,132.9,132.9,132.9,132.9,132.9,132.9,132.9,132.9,132.9,132.9,132.9,132.9,132.9,132.9,132.9,132.9,132.9,132.9,132.9,132.9,132.9,132.9,132.9,132.9,132.9,132.9,132.9,132.9,132.9,132.9,132.9,132.9,132.9,132.928,132.928,132.928,132.928,132.928,132.928,138.84,138.84,138.84,138.84,138.84,138.84,138.84,138.84,138.84,138.84,138.84,138.84,138.84,138.84,138.84,138.84,138.84,138.84,138.84,138.84,138.84,138.84,138.84,138.84,138.84,138.84,138.84,138.84,138.84,138.84,138.84,138.84,138.84,138.84,138.84,138.84,138.84,138.84,138.84,138.84,138.84,138.84,138.84,138.84,138.84,138.84,138.84,138.84,138.84,138.84,138.84,138.84,138.84,138.84,138.84,138.84,138.84,138.84,138.84,138.84
1976-10-01,,,,,,,,,,,,,,,,,,,,,,,,,,,,,,,,,,,,,,,,,86.9,86.8,86.8,86.8,90.9,90.9,90.9,90.9,90.9,90.9,90.9,90.9,90.9,92.2,92.2,92.2,92.2,92.2,92.2,92.2,92.2,92.2,93.2,93.2,93.2,93.2,93.2,93.2,93.2,93.2,93.2,93.2,93.2,93.2,103.4,103.4,103.4,103.4,103.4,103.4,103.4,103.4,103.4,103.4,103.4,103.4,103.4,103.4,103.4,103.4,103.4,103.4,103.4,103.4,103.4,103.4,103.4,103.4,103.4,103.4,103.4,103.4,103.4,103.4,103.4,103.4,103.4,103.4,103.4,103.4,103.4,103.4,103.4,103.4,103.4,106.7,106.7,106.7,106.7,106.7,106.7,106.7,106.7,106.7,106.7,106.7,106.7,106.7,106.7,106.7,106.7,106.7,106.7,106.7,106.7,106.7,106.7,106.7,106.7,106.7,106.7,106.7,106.7,106.7,106.7,106.7,106.7,106.7,106.7,106.7,106.7,106.7,106.7,106.7,106.7,106.7,106.7,106.7,106.7,106.7,106.7,106.7,106.7,106.7,106.7,106.7,110.3,110.3,110.3,110.3,110.3,110.3,110.3,110.3,110.3,110.3,110.3,110.3,110.3,110.3,110.3,110.3,110.3,110.3,110.3,110.3,110.3,110.3,110.3,110.3,110.3,110.3,110.3,110.3,110.3,110.3,110.3,110.3,110.3,110.3,110.3,110.3,110.3,110.3,110.3,110.3,110.3,110.3,110.3,110.3,110.3,110.3,110.3,110.3,110.3,110.3,110.3,110.3,110.3,110.3,110.3,110.3,110.3,110.3,110.3,110.3,110.3,110.3,110.3,110.3,115.3,115.3,115.3,115.3,115.3,115.3,115.3,115.3,115.3,115.3,115.3,115.3,115.3,115.3,115.3,115.3,115.3,115.3,115.3,115.3,115.3,115.3,115.3,115.3,115.3,115.3,115.3,115.3,115.3,115.3,115.3,115.3,115.3,115.3,115.1,115.1,115.1,115.1,115.1,115.1,115.1,115.1,115.1,115.1,115.1,115.1,115.1,115.1,115.1,115.1,115.1,115.1,115.1,115.1,115.1,115.1,115.1,115.1,115.1,115.1,115.1,115.1,115.1,115.1,115.1,115.1,115.1,115.1,115.1,115.1,115.1,115.1,115.1,115.1,115.1,115.1,115.1,115.1,115.1,,115.1,115.1,115.1,115.1,115.1,115.1,115.1,115.1,115.1,115.1,115.1,115.1,115.1,115.1,115.1,115.1,115.1,115.1,115.1,115.1,115.1,115.1,115.1,115.1,115.1,115.1,115.1,115.1,115.1,115.1,115.1,115.1,133.1,133.1,133.1,133.1,133.1,133.1,133.1,133.1,133.1,133.1,133.1,133.1,133.1,133.1,133.1,133.1,133.1,133.1,133.1,133.1,133.1,133.1,133.1,133.1,133.1,133.1,133.1,133.1,133.1,133.1,133.1,133.1,133.1,133.1,133.1,133.099,133.099,133.099,133.099,133.099,133.099,139.091,139.091,139.091,139.091,139.091,139.091,139.091,139.091,139.091,139.091,139.091,139.091,139.091,139.091,139.091,139.091,139.091,139.091,139.091,139.091,139.091,139.091,139.091,139.091,139.091,139.091,139.091,139.091,139.091,139.091,139.091,139.091,139.091,139.091,139.091,139.091,139.091,139.091,139.091,139.091,139.091,139.091,139.091,139.091,139.091,139.091,139.091,139.091,139.091,139.091,139.091,139.091,139.091,139.091,139.091,139.091,139.091,139.091,139.091,139.091
1977-01-01,,,,,,,,,,,,,,,,,,,,,,,,,,,,,,,,,,,,,,,,,,,87.6,91.2,97.2,97.2,97.2,97.2,97.2,97.2,97.2,97.2,97.2,96.5,96.5,96.5,96.5,96.5,96.5,96.5,96.5,96.5,99.2,99.2,99.2,99.2,99.2,99.2,99.2,99.2,99.2,99.2,99.2,99.2,114.1,114.1,114.1,114.1,114.1,114.1,114.1,114.1,114.1,114.1,114.1,114.1,114.1,114.9,114.9,114.9,114.9,114.9,114.9,114.9,114.9,114.9,114.9,114.9,114.9,114.9,114.9,114.9,114.9,114.9,114.9,114.9,114.9,114.9,114.9,114.9,114.9,114.9,114.9,114.9,114.9,118.4,118.4,118.4,118.4,118.4,118.4,118.4,118.4,118.4,118.4,118.4,118.4,118.4,118.4,118.4,118.4,118.4,118.4,118.4,118.4,118.4,118.4,118.4,118.4,118.4,118.4,118.4,118.4,118.4,118.4,118.4,118.4,118.4,118.4,118.4,118.4,118.4,118.4,118.4,118.4,118.4,118.4,118.4,118.4,118.4,118.4,118.4,118.4,118.4,118.4,118.4,121.5,121.5,121.5,121.5,121.5,121.5,121.5,121.5,121.5,121.5,121.5,121.5,121.5,121.5,121.5,121.5,121.5,121.5,121.5,121.5,121.5,121.5,121.5,121.5,121.5,121.5,121.5,121.5,121.5,121.5,121.5,121.5,121.5,121.7,121.7,121.7,121.7,121.7,121.7,121.7,121.7,121.7,121.7,121.7,121.7,121.7,121.7,121.7,121.7,121.7,121.7,121.7,121.7,121.7,121.7,121.7,121.7,121.7,121.7,121.7,121.7,121.7,121.7,121.7,126.8,126.8,126.8,126.8,126.8,126.8,126.8,126.8,126.8,126.8,126.8,126.8,126.8,126.8,126.8,126.8,126.8,126.8,126.8,126.8,126.8,126.8,126.8,126.8,126.8,126.8,126.8,126.8,126.8,126.8,126.8,126.8,126.8,126.8,126.6,126.6,126.6,126.6,126.6,126.6,126.6,126.6,126.6,126.6,126.6,126.6,126.6,126.6,126.6,126.6,126.6,126.6,126.6,126.6,126.6,126.6,126.6,126.6,126.6,126.6,126.6,126.6,126.6,126.6,126.6,126.6,126.6,126.6,126.6,126.6,126.6,126.6,126.6,126.6,126.6,126.6,126.6,126.6,126.6,,126.7,126.7,126.7,126.7,126.7,126.7,126.7,126.7,126.7,126.7,126.7,126.7,126.7,126.7,126.7,126.7,126.7,126.7,126.7,126.7,126.7,126.7,126.7,126.7,126.7,126.7,126.7,126.7,126.7,126.7,126.7,126.7,143.9,143.9,143.9,143.9,143.9,143.9,143.9,143.9,143.9,143.9,143.9,143.9,143.9,143.9,143.9,143.9,143.9,143.9,143.9,143.9,143.9,143.9,143.9,143.9,143.9,143.9,143.9,143.9,143.9,143.9,143.9,143.9,143.9,143.9,143.9,143.947,143.947,143.947,143.947,143.947,143.947,149.831,149.831,149.831,149.831,149.831,149.831,149.831,149.831,149.831,149.831,149.831,149.831,149.831,149.831,149.831,149.831,149.831,149.831,149.831,149.831,149.831,149.831,149.831,149.831,149.831,149.831,149.831,149.831,149.831,149.831,149.831,149.831,149.831,149.831,149.831,149.831,149.831,149.831,149.831,149.831,149.831,149.831,149.831,149.831,149.831,149.831,149.831,149.831,149.831,149.831,149.831,149.831,149.831,149.831,149.831,149.831,149.831,149.831,149.831,149.831
1977-04-01,,,,,,,,,,,,,,,,,,,,,,,,,,,,,,,,,,,,,,,,,,,,,,104.1,104.3,104.3,104.3,104.3,104.3,104.3,104.3,102.8,102.8,102.8,102.8,102.8,102.8,102.8,102.8,102.8,103.7,103.7,103.7,103.7,103.7,103.7,103.7,103.7,103.7,103.7,103.7,103.7,118.6,118.6,118.6,118.6,118.6,118.6,118.6,118.6,118.6,118.6,118.6,118.6,118.6,121.3,121.3,121.3,121.3,121.3,121.3,121.3,121.3,121.3,121.3,121.3,121.3,121.3,121.3,121.3,121.3,121.3,121.3,121.3,121.3,121.3,121.3,121.3,121.3,121.3,121.3,121.3,121.3,127.1,127.1,127.1,127.1,127.1,127.1,127.1,127.1,127.1,127.1,127.1,127.1,127.1,127.1,127.1,127.1,127.1,127.1,127.1,127.1,127.1,127.1,127.1,127.1,127.1,127.1,127.1,127.1,127.1,127.1,127.1,127.1,127.1,127.1,127.1,127.1,127.1,127.1,127.1,127.1,127.1,127.1,127.1,127.1,127.1,127.1,127.1,127.1,127.1,127.1,127.1,129.7,129.7,129.7,129.7,129.7,129.7,129.7,129.7,129.7,129.7,129.7,129.7,129.7,129.7,129.7,129.7,129.7,129.7,129.7,129.7,129.7,129.7,129.7,129.7,129.7,129.7,129.7,129.7,129.7,129.7,129.7,129.7,129.7,129.8,129.8,129.8,129.8,129.8,129.8,129.8,129.8,129.8,129.8,129.8,129.8,129.8,129.8,129.8,129.8,129.8,129.8,129.8,129.8,129.8,129.8,129.8,129.8,129.8,129.8,129.8,129.8,129.8,129.8,129.8,135.4,135.4,135.4,135.4,135.4,135.4,135.4,135.4,135.4,135.4,135.4,135.4,135.4,135.4,135.4,135.4,135.4,135.4,135.4,135.4,135.4,135.4,135.4,135.4,135.4,135.4,135.4,135.4,135.4,135.4,135.4,135.4,135.4,135.4,135.4,135.4,135.4,135.4,135.4,135.4,135.4,135.4,135.4,135.4,135.4,135.4,135.4,135.4,135.4,135.4,135.4,135.4,135.4,135.4,135.4,135.4,135.4,135.4,135.4,135.4,135.4,135.4,135.4,135.4,135.4,135.4,135.4,135.4,135.4,135.4,135.4,135.4,135.4,135.4,135.4,135.4,135.4,135.4,135.4,,135.5,135.5,135.5,135.5,135.5,135.5,135.5,135.5,135.5,135.5,135.5,135.5,135.5,135.5,135.5,135.5,135.5,135.5,135.5,135.5,135.5,135.5,135.5,135.5,135.5,135.5,135.5,135.5,135.5,135.5,135.5,135.5,152.8,152.8,152.8,152.8,152.8,152.8,152.8,152.8,152.8,152.8,152.8,152.8,152.8,152.8,152.8,152.8,152.8,152.8,152.8,152.8,152.8,152.8,152.8,152.8,152.8,152.8,152.8,152.8,152.8,152.8,152.8,152.8,152.8,152.8,152.8,152.787,152.787,152.787,152.787,152.787,152.787,158.751,158.751,158.751,158.751,158.751,158.751,158.751,158.751,158.751,158.751,158.751,158.751,158.751,158.751,158.751,158.751,158.751,158.751,158.751,158.751,158.751,158.751,158.751,158.751,158.751,158.751,158.751,158.751,158.751,158.751,158.751,158.751,158.751,158.751,158.751,158.751,158.751,158.751,158.751,158.751,158.751,158.751,158.751,158.751,158.751,158.751,158.751,158.751,158.751,158.751,158.751,158.751,158.751,158.751,158.751,158.751,158.751,158.751,158.751,158.751
1977-07-01,,,,,,,,,,,,,,,,,,,,,,,,,,,,,,,,,,,,,,,,,,,,,,,,103.7,103.6,103.6,103.6,103.6,103.6,104.8,104.8,104.8,104.8,104.8,104.8,104.8,104.8,104.8,107.2,107.2,107.2,107.2,107.2,107.2,107.2,107.2,107.2,107.2,107.2,107.2,123.3,123.3,123.3,123.3,123.3,123.3,123.3,123.3,123.3,123.3,123.3,123.3,123.3,126.6,126.6,126.6,126.6,126.6,126.6,126.6,126.6,126.6,126.6,126.6,126.6,126.6,126.6,126.6,126.6,126.6,126.6,126.6,126.6,126.6,126.6,126.6,126.6,126.6,126.6,126.6,126.6,132.5,132.5,132.5,132.5,132.5,132.5,132.5,132.5,132.5,132.5,132.5,132.5,132.5,132.5,132.5,132.5,132.5,132.5,132.5,132.5,132.5,132.5,132.5,132.5,132.5,132.5,132.5,132.5,132.5,132.5,132.5,132.5,132.5,132.5,132.5,132.5,132.5,132.5,132.5,132.5,132.5,132.5,132.5,132.5,132.5,132.5,132.5,132.5,132.5,132.5,132.5,135.1,135.1,135.1,135.1,135.1,135.1,135.1,135.1,135.1,135.1,135.1,135.1,135.1,135.1,135.1,135.1,135.1,135.1,135.1,135.1,135.1,135.1,135.1,135.1,135.1,135.1,135.1,135.1,135.1,135.1,135.1,135.1,135.1,135.2,135.2,135.2,135.2,135.2,135.2,135.2,135.2,135.2,135.2,135.2,135.2,135.2,135.2,135.2,135.2,135.2,135.2,135.2,135.2,135.2,135.2,135.2,135.2,135.2,135.2,135.2,135.2,135.2,135.2,135.2,140.9,140.9,140.9,140.9,140.9,140.9,140.9,140.9,140.9,140.9,140.9,140.9,140.9,140.9,140.9,140.9,140.9,140.9,140.9,140.9,140.9,140.9,140.9,140.9,140.9,140.9,140.9,140.9,140.9,140.9,140.9,140.9,140.9,140.9,141.1,141.1,141.1,141.1,141.1,141.1,141.1,141.1,141.1,141.1,141.1,141.1,141.1,141.1,141.1,141.1,141.1,141.1,141.1,141.1,141.1,141.1,141.1,141.1,141.1,141.1,141.1,141.1,141.1,141.1,141.1,141.1,141.1,141.1,141.1,141.1,141.1,141.1,141.1,141.1,141.1,141.1,141.1,141.1,141.1,,141.3,141.3,141.3,141.3,141.3,141.3,141.3,141.3,141.3,141.3,141.3,141.3,141.3,141.3,141.3,141.3,141.3,141.3,141.3,141.3,141.3,141.3,141.3,141.3,141.3,141.3,141.3,141.3,141.3,141.3,141.3,141.3,159.2,159.2,159.2,159.2,159.2,159.2,159.2,159.2,159.2,159.2,159.2,159.2,159.2,159.2,159.2,159.2,159.2,159.2,159.2,159.2,159.2,159.2,159.2,159.2,159.2,159.2,159.2,159.2,159.2,159.2,159.2,159.2,159.2,159.2,159.2,159.235,159.235,159.235,159.235,159.235,159.235,165.143,165.143,165.143,165.143,165.143,165.143,165.143,165.143,165.143,165.143,165.143,165.143,165.143,165.143,165.143,165.143,165.143,165.143,165.143,165.143,165.143,165.143,165.143,165.143,165.143,165.143,165.143,165.143,165.143,165.143,165.143,165.143,165.143,165.143,165.143,165.143,165.143,165.143,165.143,165.143,165.143,165.143,165.143,165.143,165.143,165.143,165.143,165.143,165.143,165.143,165.143,165.143,165.143,165.143,165.143,165.143,165.143,165.143,165.143,165.143
1977-10-01,,,,,,,,,,,,,,,,,,,,,,,,,,,,,,,,,,,,,,,,,,,,,,,,,,104.9,105.0,105.0,105.0,104.4,104.4,104.4,104.4,104.4,104.4,104.4,104.4,104.4,107.9,107.9,107.9,107.9,107.9,107.9,107.9,107.9,107.9,107.9,107.9,107.9,124.0,124.0,124.0,124.0,124.0,124.0,124.0,124.0,124.0,124.0,124.0,124.0,124.0,125.3,125.3,125.3,125.3,125.3,125.3,125.3,125.3,125.3,125.3,125.3,125.3,125.3,125.3,125.3,125.3,125.3,125.3,125.3,125.3,125.3,125.3,125.3,125.3,125.3,125.3,125.3,125.3,131.7,131.7,131.7,131.7,131.7,131.7,131.7,131.7,131.7,131.7,131.7,131.7,131.7,131.7,131.7,131.7,131.7,131.7,131.7,131.7,131.7,131.7,131.7,131.7,131.7,131.7,131.7,131.7,131.7,131.7,131.7,131.7,131.7,131.7,131.7,131.7,131.7,131.7,131.7,131.7,131.7,131.7,131.7,131.7,131.7,131.7,131.7,131.7,131.7,131.7,131.7,134.8,134.8,134.8,134.8,134.8,134.8,134.8,134.8,134.8,134.8,134.8,134.8,134.8,134.8,134.8,134.8,134.8,134.8,134.8,134.8,134.8,134.8,134.8,134.8,134.8,134.8,134.8,134.8,134.8,134.8,134.8,134.8,134.8,134.9,134.9,134.9,134.9,134.9,134.9,134.9,134.9,134.9,134.9,134.9,134.9,134.9,134.9,134.9,134.9,134.9,134.9,134.9,134.9,134.9,134.9,134.9,134.9,134.9,134.9,134.9,134.9,134.9,134.9,134.9,140.9,140.9,140.9,140.9,140.9,140.9,140.9,140.9,140.9,140.9,140.9,140.9,140.9,140.9,140.9,140.9,140.9,140.9,140.9,140.9,140.9,140.9,140.9,140.9,140.9,140.9,140.9,140.9,140.9,140.9,140.9,140.9,140.9,140.9,140.7,140.7,140.7,140.7,140.7,140.7,140.7,140.7,140.7,140.7,140.7,140.7,140.7,140.7,140.7,140.7,140.7,140.7,140.7,140.7,140.7,140.7,140.7,140.7,140.7,140.7,140.7,140.7,140.7,140.7,140.7,140.7,140.7,140.7,140.7,140.7,140.7,140.7,140.7,140.7,140.7,140.7,140.7,140.7,140.7,,140.8,140.8,140.8,140.8,140.8,140.8,140.8,140.8,140.8,140.8,140.8,140.8,140.8,140.8,140.8,140.8,140.8,140.8,140.8,140.8,140.8,140.8,140.8,140.8,140.8,140.8,140.8,140.8,140.8,140.8,140.8,140.8,160.2,160.2,160.2,160.2,160.2,160.2,160.2,160.2,160.2,160.2,160.2,160.2,160.2,160.2,160.2,160.2,160.2,160.2,160.2,160.2,160.2,160.2,160.2,160.2,160.2,160.2,160.2,160.2,160.2,160.2,160.2,160.2,160.2,160.2,160.2,160.239,160.239,160.239,160.239,160.239,160.239,166.231,166.231,166.231,166.231,166.231,166.231,166.231,166.231,166.231,166.231,166.231,166.231,166.231,166.231,166.231,166.231,166.231,166.231,166.231,166.231,166.231,166.231,166.231,166.231,166.231,166.231,166.231,166.231,166.231,166.231,166.231,166.231,166.231,166.231,166.231,166.231,166.231,166.231,166.231,166.231,166.231,166.231,166.231,166.231,166.231,166.231,166.231,166.231,166.231,166.231,166.231,166.231,166.231,166.231,166.231,166.231,166.231,166.231,166.231,166.231
1978-01-01,,,,,,,,,,,,,,,,,,,,,,,,,,,,,,,,,,,,,,,,,,,,,,,,,,,,102.9,102.4,102.1,102.1,102.1,102.1,102.1,102.1,102.1,102.1,102.1,106.7,106.7,106.7,106.7,106.7,106.7,106.7,106.7,106.7,106.7,106.7,106.7,125.4,125.4,125.4,125.4,125.4,125.4,125.4,125.4,125.4,125.4,125.4,125.4,125.4,129.6,129.6,129.6,129.6,129.6,129.6,129.6,129.6,129.6,129.6,129.6,129.6,129.6,129.6,129.6,129.6,129.6,129.6,129.6,129.6,129.6,129.6,129.6,129.6,129.6,129.6,129.6,129.6,133.9,133.9,133.9,133.9,133.9,133.9,133.9,133.9,133.9,133.9,133.9,133.9,133.9,133.9,133.9,133.9,133.9,133.9,133.9,133.9,133.9,133.9,133.9,133.9,133.9,133.9,133.9,133.9,133.9,133.9,133.9,133.9,133.9,133.9,133.9,133.9,133.9,133.9,133.9,133.9,133.9,133.9,133.9,133.9,133.9,133.9,133.9,133.9,133.9,133.9,133.9,137.5,137.5,137.5,137.5,137.5,137.5,137.5,137.5,137.5,137.5,137.5,137.5,137.5,137.5,137.5,137.5,137.5,137.5,137.5,137.5,137.5,137.5,137.5,137.5,137.5,137.5,137.5,137.5,137.5,137.5,137.5,137.5,137.5,137.8,137.8,137.8,137.8,137.8,137.8,137.8,137.8,137.8,137.8,137.8,137.8,137.8,137.8,137.8,137.8,137.8,137.8,137.8,137.8,137.8,137.8,137.8,137.8,137.8,137.8,137.8,137.8,137.8,137.8,137.8,144.3,144.3,144.3,144.3,144.3,144.3,144.3,144.3,144.3,144.3,144.3,144.3,144.3,144.3,144.3,144.3,144.3,144.3,144.3,144.3,144.3,144.3,144.3,144.3,144.3,144.3,144.3,144.3,144.3,144.3,144.3,144.3,144.3,144.3,144.0,144.0,144.0,144.0,144.0,144.0,144.0,144.0,144.0,144.0,144.0,144.0,144.0,144.0,144.0,144.0,144.0,144.0,144.0,144.0,144.0,144.0,144.0,144.0,144.0,144.0,144.0,144.0,144.0,144.0,144.0,144.0,144.0,144.0,144.0,144.0,144.0,144.0,144.0,144.0,144.0,144.0,144.0,144.0,144.0,,144.1,144.1,144.1,144.1,144.1,144.1,144.1,144.1,144.1,144.1,144.1,144.1,144.1,144.1,144.1,144.1,144.1,144.1,144.1,144.1,144.1,144.1,144.1,144.1,144.1,144.1,144.1,144.1,144.1,144.1,144.1,144.1,165.6,165.6,165.6,165.6,165.6,165.6,165.6,165.6,165.6,165.6,165.6,165.6,165.6,165.6,165.6,165.6,165.6,165.6,165.6,165.6,165.6,165.6,165.6,165.6,165.6,165.6,165.6,165.6,165.6,165.6,165.6,165.6,165.6,165.6,165.6,165.635,165.635,165.635,165.635,165.635,165.635,171.939,171.939,171.939,171.939,171.939,171.939,171.939,171.939,171.939,171.939,171.939,171.939,171.939,171.939,171.939,171.939,171.939,171.939,171.939,171.939,171.939,171.939,171.939,171.939,171.939,171.939,171.939,171.939,171.939,171.939,171.939,171.939,171.939,171.939,171.939,171.939,171.939,171.939,171.939,171.939,171.939,171.939,171.939,171.939,171.939,171.939,171.939,171.939,171.939,171.939,171.939,171.939,171.939,171.939,171.939,171.939,171.939,171.939,171.939,171.939
1978-04-01,,,,,,,,,,,,,,,,,,,,,,,,,,,,,,,,,,,,,,,,,,,,,,,,,,,,,,,117.3,120.5,120.5,120.5,120.5,120.5,120.5,120.5,122.4,122.4,122.4,122.4,122.4,122.4,122.4,122.4,122.4,122.4,122.4,122.4,137.2,137.2,137.2,137.2,137.2,137.2,137.2,137.2,137.2,137.2,137.2,137.2,137.2,144.1,144.1,144.1,144.1,144.1,144.1,144.1,144.1,144.1,144.1,144.1,144.1,144.1,144.1,144.1,144.1,144.1,144.1,144.1,144.1,144.1,144.1,144.1,144.1,144.1,144.1,144.1,144.1,149.0,149.0,149.0,149.0,149.0,149.0,149.0,149.0,149.0,149.0,149.0,149.0,149.0,149.0,149.0,149.0,149.0,149.0,149.0,149.0,149.0,149.0,149.0,149.0,149.0,149.0,149.0,149.0,149.0,149.0,149.0,149.0,149.0,149.0,149.0,149.0,149.0,149.0,149.0,149.0,149.0,149.0,149.0,149.0,149.0,149.0,149.0,149.0,149.0,149.0,149.0,154.0,154.0,154.0,154.0,154.0,154.0,154.0,154.0,154.0,154.0,154.0,154.0,154.0,154.0,154.0,154.0,154.0,154.0,154.0,154.0,154.0,154.0,154.0,154.0,154.0,154.0,154.0,154.0,154.0,154.0,154.0,154.0,154.0,154.3,154.3,154.3,154.3,154.3,154.3,154.3,154.3,154.3,154.3,154.3,154.3,154.3,154.3,154.3,154.3,154.3,154.3,154.3,154.3,154.3,154.3,154.3,154.3,154.3,154.3,154.3,154.3,154.3,154.3,154.3,161.0,161.0,161.0,161.0,161.0,161.0,161.0,161.0,161.0,161.0,161.0,161.0,161.0,161.0,161.0,161.0,161.0,161.0,161.0,161.0,161.0,161.0,161.0,161.0,161.0,161.0,161.0,161.0,161.0,161.0,161.0,161.0,161.0,161.0,160.7,160.7,160.7,160.7,160.7,160.7,160.7,160.7,160.7,160.7,160.7,160.7,160.7,160.7,160.7,160.7,160.7,160.7,160.7,160.7,160.7,160.7,160.7,160.7,160.7,160.7,160.7,160.7,160.7,160.7,160.7,160.7,160.7,160.7,160.7,160.7,160.7,160.7,160.7,160.7,160.7,160.7,160.7,160.7,160.7,,160.6,160.6,160.6,160.6,160.6,160.6,160.6,160.6,160.6,160.6,160.6,160.6,160.6,160.6,160.6,160.6,160.6,160.6,160.6,160.6,160.6,160.6,160.6,160.6,160.6,160.6,160.6,160.6,160.6,160.6,160.6,160.6,184.1,184.1,184.1,184.1,184.1,184.1,184.1,184.1,184.1,184.1,184.1,184.1,184.1,184.1,184.1,184.1,184.1,184.1,184.1,184.1,184.1,184.1,184.1,184.1,184.1,184.1,184.1,184.1,184.1,184.1,184.1,184.1,184.1,184.1,184.1,184.134,184.134,184.134,184.134,184.134,184.134,190.742,190.742,190.742,190.742,190.742,190.742,190.742,190.742,190.742,190.742,190.742,190.742,190.742,190.742,190.742,190.742,190.742,190.742,190.742,190.742,190.742,190.742,190.742,190.742,190.742,190.742,190.742,190.742,190.742,190.742,190.742,190.742,190.742,190.742,190.742,190.742,190.742,190.742,190.742,190.742,190.742,190.742,190.742,190.742,190.742,190.742,190.742,190.742,190.742,190.742,190.742,190.742,190.742,190.742,190.742,190.742,190.742,190.742,190.742,190.742
1978-07-01,,,,,,,,,,,,,,,,,,,,,,,,,,,,,,,,,,,,,,,,,,,,,,,,,,,,,,,,,122.0,119.2,119.2,119.2,119.2,119.2,124.6,124.6,124.6,124.6,124.6,124.6,124.6,124.6,124.6,124.6,124.6,124.6,142.9,142.9,142.9,142.9,142.9,142.9,142.9,142.9,142.9,142.9,142.9,142.9,142.9,149.9,149.9,149.9,149.9,149.9,149.9,149.9,149.9,149.9,149.9,149.9,149.9,149.9,149.9,149.9,149.9,149.9,149.9,149.9,149.9,149.9,149.9,149.9,149.9,149.9,149.9,149.9,149.9,153.8,153.8,153.8,153.8,153.8,153.8,153.8,153.8,153.8,153.8,153.8,153.8,153.8,153.8,153.8,153.8,153.8,153.8,153.8,153.8,153.8,153.8,153.8,153.8,153.8,153.8,153.8,153.8,153.8,153.8,153.8,153.8,153.8,153.8,153.8,153.8,153.8,153.8,153.8,153.8,153.8,153.8,153.8,153.8,153.8,153.8,153.8,153.8,153.8,153.8,153.8,158.0,158.0,158.0,158.0,158.0,158.0,158.0,158.0,158.0,158.0,158.0,158.0,158.0,158.0,158.0,158.0,158.0,158.0,158.0,158.0,158.0,158.0,158.0,158.0,158.0,158.0,158.0,158.0,158.0,158.0,158.0,158.0,158.0,158.3,158.3,158.3,158.3,158.3,158.3,158.3,158.3,158.3,158.3,158.3,158.3,158.3,158.3,158.3,158.3,158.3,158.3,158.3,158.3,158.3,158.3,158.3,158.3,158.3,158.3,158.3,158.3,158.3,158.3,158.3,165.2,165.2,165.2,165.2,165.2,165.2,165.2,165.2,165.2,165.2,165.2,165.2,165.2,165.2,165.2,165.2,165.2,165.2,165.2,165.2,165.2,165.2,165.2,165.2,165.2,165.2,165.2,165.2,165.2,165.2,165.2,165.2,165.2,165.2,165.2,165.2,165.2,165.2,165.2,165.2,165.2,165.2,165.2,165.2,165.2,165.2,165.2,165.2,165.2,165.2,165.2,165.2,165.2,165.2,165.2,165.2,165.2,165.2,165.2,165.2,165.2,165.2,165.2,165.2,165.2,165.2,165.2,165.2,165.2,165.2,165.2,165.2,165.2,165.2,165.2,165.2,165.2,165.2,165.2,,165.2,165.2,165.2,165.2,165.2,165.2,165.2,165.2,165.2,165.2,165.2,165.2,165.2,165.2,165.2,165.2,165.2,165.2,165.2,165.2,165.2,165.2,165.2,165.2,165.2,165.2,165.2,165.2,165.2,165.2,165.2,165.2,190.5,190.5,190.5,190.5,190.5,190.5,190.5,190.5,190.5,190.5,190.5,190.5,190.5,190.5,190.5,190.5,190.5,190.5,190.5,190.5,190.5,190.5,190.5,190.5,190.5,190.5,190.5,190.5,190.5,190.5,190.5,190.5,190.5,190.5,190.5,190.459,190.459,190.459,190.459,190.459,190.459,197.659,197.659,197.659,197.659,197.659,197.659,197.659,197.659,197.659,197.659,197.659,197.659,197.659,197.659,197.659,197.659,197.659,197.659,197.659,197.659,197.659,197.659,197.659,197.659,197.659,197.659,197.659,197.659,197.659,197.659,197.659,197.659,197.659,197.659,197.659,197.659,197.659,197.659,197.659,197.659,197.659,197.659,197.659,197.659,197.659,197.659,197.659,197.659,197.659,197.659,197.659,197.659,197.659,197.659,197.659,197.659,197.659,197.659,197.659,197.659
1978-10-01,,,,,,,,,,,,,,,,,,,,,,,,,,,,,,,,,,,,,,,,,,,,,,,,,,,,,,,,,,,130.7,130.5,130.5,130.5,132.3,132.3,132.3,132.3,132.3,132.3,132.3,132.3,132.3,132.3,132.3,132.3,155.8,155.8,155.8,155.8,155.8,155.8,155.8,155.8,155.8,155.8,155.8,155.8,155.8,159.9,159.9,159.9,159.9,159.9,159.9,159.9,159.9,159.9,159.9,159.9,159.9,159.9,159.9,159.9,159.9,159.9,159.9,159.9,159.9,159.9,159.9,159.9,159.9,159.9,159.9,159.9,159.9,163.1,163.1,163.1,163.1,163.1,163.1,163.1,163.1,163.1,163.1,163.1,163.1,163.1,163.1,163.1,163.1,163.1,163.1,163.1,163.1,163.1,163.1,163.1,163.1,163.1,163.1,163.1,163.1,163.1,163.1,163.1,163.1,163.1,163.1,163.1,163.1,163.1,163.1,163.1,163.1,163.1,163.1,163.1,163.1,163.1,163.1,163.1,163.1,163.1,163.1,163.1,167.8,167.8,167.8,167.8,167.8,167.8,167.8,167.8,167.8,167.8,167.8,167.8,167.8,167.8,167.8,167.8,167.8,167.8,167.8,167.8,167.8,167.8,167.8,167.8,167.8,167.8,167.8,167.8,167.8,167.8,167.8,167.8,167.8,168.1,168.1,168.1,168.1,168.1,168.1,168.1,168.1,168.1,168.1,168.1,168.1,168.1,168.1,168.1,168.1,168.1,168.1,168.1,168.1,168.1,168.1,168.1,168.1,168.1,168.1,168.1,168.1,168.1,168.1,168.1,175.3,175.3,175.3,175.3,175.3,175.3,175.3,175.3,175.3,175.3,175.3,175.3,175.3,175.3,175.3,175.3,175.3,175.3,175.3,175.3,175.3,175.3,175.3,175.3,175.3,175.3,175.3,175.3,175.3,175.3,175.3,175.3,175.3,175.3,175.1,175.1,175.1,175.1,175.1,175.1,175.1,175.1,175.1,175.1,175.1,175.1,175.1,175.1,175.1,175.1,175.1,175.1,175.1,175.1,175.1,175.1,175.1,175.1,175.1,175.1,175.1,175.1,175.1,175.1,175.1,175.1,175.1,175.1,175.1,175.1,175.1,175.1,175.1,175.1,175.1,175.1,175.1,175.1,175.1,,175.2,175.2,175.2,175.2,175.2,175.2,175.2,175.2,175.2,175.2,175.2,175.2,175.2,175.2,175.2,175.2,175.2,175.2,175.2,175.2,175.2,175.2,175.2,175.2,175.2,175.2,175.2,175.2,175.2,175.2,175.2,175.2,202.0,202.0,202.0,202.0,202.0,202.0,202.0,202.0,202.0,202.0,202.0,202.0,202.0,202.0,202.0,202.0,202.0,202.0,202.0,202.0,202.0,202.0,202.0,202.0,202.0,202.0,202.0,202.0,202.0,202.0,202.0,202.0,202.0,202.0,202.0,201.979,201.979,201.979,201.979,201.979,201.979,209.891,209.891,209.891,209.891,209.891,209.891,209.891,209.891,209.891,209.891,209.891,209.891,209.891,209.891,209.891,209.891,209.891,209.891,209.891,209.891,209.891,209.891,209.891,209.891,209.891,209.891,209.891,209.891,209.891,209.891,209.891,209.891,209.891,209.891,209.891,209.891,209.891,209.891,209.891,209.891,209.891,209.891,209.891,209.891,209.891,209.891,209.891,209.891,209.891,209.891,209.891,209.891,209.891,209.891,209.891,209.891,209.891,209.891,209.891,209.891
1979-01-01,,,,,,,,,,,,,,,,,,,,,,,,,,,,,,,,,,,,,,,,,,,,,,,,,,,,,,,,,,,,,137.9,139.7,142.0,142.0,142.0,142.0,142.0,142.0,142.0,142.0,142.0,142.0,142.0,142.0,164.6,164.6,164.6,164.6,164.6,164.6,164.6,164.6,164.6,164.6,164.6,164.6,164.6,161.2,161.2,161.2,161.2,161.2,161.2,161.2,161.2,161.2,161.2,161.2,161.2,161.2,161.2,161.2,161.2,161.2,161.2,161.2,161.2,161.2,161.2,161.2,161.2,161.2,161.2,161.2,161.2,164.0,164.0,164.0,164.0,164.0,164.0,164.0,164.0,164.0,164.0,164.0,164.0,164.0,164.0,164.0,164.0,164.0,164.0,164.0,164.0,164.0,164.0,164.0,164.0,164.0,164.0,164.0,164.0,164.0,164.0,164.0,164.0,164.0,164.0,164.0,164.0,164.0,164.0,164.0,164.0,164.0,164.0,164.0,164.0,164.0,164.0,164.0,164.0,164.0,164.0,164.0,168.2,168.2,168.2,168.2,168.2,168.2,168.2,168.2,168.2,168.2,168.2,168.2,168.2,168.2,168.2,168.2,168.2,168.2,168.2,168.2,168.2,168.2,168.2,168.2,168.2,168.2,168.2,168.2,168.2,168.2,168.2,168.2,168.2,168.4,168.4,168.4,168.4,168.4,168.4,168.4,168.4,168.4,168.4,168.4,168.4,168.4,168.4,168.4,168.4,168.4,168.4,168.4,168.4,168.4,168.4,168.4,168.4,168.4,168.4,168.4,168.4,168.4,168.4,168.4,176.4,176.4,176.4,176.4,176.4,176.4,176.4,176.4,176.4,176.4,176.4,176.4,176.4,176.4,176.4,176.4,176.4,176.4,176.4,176.4,176.4,176.4,176.4,176.4,176.4,176.4,176.4,176.4,176.4,176.4,176.4,176.4,176.4,176.4,176.2,176.2,176.2,176.2,176.2,176.2,176.2,176.2,176.2,176.2,176.2,176.2,176.2,176.2,176.2,176.2,176.2,176.2,176.2,176.2,176.2,176.2,176.2,176.2,176.2,176.2,176.2,176.2,176.2,176.2,176.2,176.2,176.2,176.2,176.2,176.2,176.2,176.2,176.2,176.2,176.2,176.2,176.2,176.2,176.2,,176.2,176.2,176.2,176.2,176.2,176.2,176.2,176.2,176.2,176.2,176.2,176.2,176.2,176.2,176.2,176.2,176.2,176.2,176.2,176.2,176.2,176.2,176.2,176.2,176.2,176.2,176.2,176.2,176.2,176.2,176.2,176.2,204.3,204.3,204.3,204.3,204.3,204.3,204.3,204.3,204.3,204.3,204.3,204.3,204.3,204.3,204.3,204.3,204.3,204.3,204.3,204.3,204.3,204.3,204.3,204.3,204.3,204.3,204.3,204.3,204.3,204.3,204.3,204.3,204.3,204.3,204.3,204.314,204.314,204.314,204.314,204.314,204.314,212.498,212.498,212.498,212.498,212.498,212.498,212.498,212.498,212.498,212.498,212.498,212.498,212.498,212.498,212.498,212.498,212.498,212.498,212.498,212.498,212.498,212.498,212.498,212.498,212.498,212.498,212.498,212.498,212.498,212.498,212.498,212.498,212.498,212.498,212.498,212.498,212.498,212.498,212.498,212.498,212.834,212.834,212.834,212.834,212.834,212.834,212.834,212.834,212.834,212.834,212.834,212.834,212.834,212.834,212.834,212.834,212.834,212.834,212.834,212.834
1979-04-01,,,,,,,,,,,,,,,,,,,,,,,,,,,,,,,,,,,,,,,,,,,,,,,,,,,,,,,,,,,,,,,,138.6,139.3,139.3,139.3,139.3,139.3,139.3,139.3,139.3,139.3,139.3,164.6,164.6,164.6,164.6,164.6,164.6,164.6,164.6,164.6,164.6,164.6,164.6,164.6,164.5,164.5,164.5,164.5,164.5,164.5,164.5,164.5,164.5,164.5,164.5,164.5,164.5,164.5,164.5,164.5,164.5,164.5,164.5,164.5,164.5,164.5,164.5,164.5,164.5,164.5,164.5,164.5,169.7,169.7,169.7,169.7,169.7,169.7,169.7,169.7,169.7,169.7,169.7,169.7,169.7,169.7,169.7,169.7,169.7,169.7,169.7,169.7,169.7,169.7,169.7,169.7,169.7,169.7,169.7,169.7,169.7,169.7,169.7,169.7,169.7,169.7,169.7,169.7,169.7,169.7,169.7,169.7,169.7,169.7,169.7,169.7,169.7,169.7,169.7,169.7,169.7,169.7,169.7,174.1,174.1,174.1,174.1,174.1,174.1,174.1,174.1,174.1,174.1,174.1,174.1,174.1,174.1,174.1,174.1,174.1,174.1,174.1,174.1,174.1,174.1,174.1,174.1,174.1,174.1,174.1,174.1,174.1,174.1,174.1,174.1,174.1,174.4,174.4,174.4,174.4,174.4,174.4,174.4,174.4,174.4,174.4,174.4,174.4,174.4,174.4,174.4,174.4,174.4,174.4,174.4,174.4,174.4,174.4,174.4,174.4,174.4,174.4,174.4,174.4,174.4,174.4,174.4,182.5,182.5,182.5,182.5,182.5,182.5,182.5,182.5,182.5,182.5,182.5,182.5,182.5,182.5,182.5,182.5,182.5,182.5,182.5,182.5,182.5,182.5,182.5,182.5,182.5,182.5,182.5,182.5,182.5,182.5,182.5,182.5,182.5,182.5,182.5,182.5,182.5,182.5,182.5,182.5,182.5,182.5,182.5,182.5,182.5,182.5,182.5,182.5,182.5,182.5,182.5,182.5,182.5,182.5,182.5,182.5,182.5,182.5,182.5,182.5,182.5,182.5,182.5,182.5,182.5,182.5,182.5,182.5,182.5,182.5,182.5,182.5,182.5,182.5,182.5,182.5,182.5,182.5,182.5,,183.0,183.0,183.0,183.0,183.0,183.0,183.0,183.0,183.0,183.0,183.0,183.0,183.0,183.0,183.0,183.0,183.0,183.0,183.0,183.0,183.0,183.0,183.0,183.0,183.0,183.0,183.0,183.0,183.0,183.0,183.0,183.0,212.1,212.1,212.1,212.1,212.1,212.1,212.1,212.1,212.1,212.1,212.1,212.1,212.1,212.1,212.1,212.1,212.1,212.1,212.1,212.1,212.1,212.1,212.1,212.1,212.1,212.1,212.1,212.1,212.1,212.1,212.1,212.1,212.1,212.1,212.1,212.081,212.081,212.081,212.081,212.081,212.081,220.901,220.901,220.901,220.901,220.901,220.901,220.901,220.901,220.901,220.901,220.901,220.901,220.901,220.901,220.901,220.901,220.901,220.901,220.901,220.901,220.901,220.901,220.901,220.901,220.901,220.901,220.901,220.901,220.901,220.901,220.901,220.901,220.901,220.901,220.901,220.901,220.901,220.901,220.901,220.901,221.197,221.197,221.197,221.197,221.197,221.197,221.197,221.197,221.197,221.197,221.197,221.197,221.197,221.197,221.197,221.197,221.197,221.197,221.197,221.197
1979-07-01,,,,,,,,,,,,,,,,,,,,,,,,,,,,,,,,,,,,,,,,,,,,,,,,,,,,,,,,,,,,,,,,,,147.9,148.3,148.3,148.3,148.3,148.3,148.3,148.3,148.3,173.6,173.6,173.6,173.6,173.6,173.6,173.6,173.6,173.6,173.6,173.6,173.6,173.6,169.6,169.6,169.6,169.6,169.6,169.6,169.6,169.6,169.6,169.6,169.6,169.6,169.6,169.6,169.6,169.6,169.6,169.6,169.6,169.6,169.6,169.6,169.6,169.6,169.6,169.6,169.6,169.6,173.8,173.8,173.8,173.8,173.8,173.8,173.8,173.8,173.8,173.8,173.8,173.8,173.8,173.8,173.8,173.8,173.8,173.8,173.8,173.8,173.8,173.8,173.8,173.8,173.8,173.8,173.8,173.8,173.8,173.8,173.8,173.8,173.8,173.8,173.8,173.8,173.8,173.8,173.8,173.8,173.8,173.8,173.8,173.8,173.8,173.8,173.8,173.8,173.8,173.8,173.8,178.1,178.1,178.1,178.1,178.1,178.1,178.1,178.1,178.1,178.1,178.1,178.1,178.1,178.1,178.1,178.1,178.1,178.1,178.1,178.1,178.1,178.1,178.1,178.1,178.1,178.1,178.1,178.1,178.1,178.1,178.1,178.1,178.1,178.4,178.4,178.4,178.4,178.4,178.4,178.4,178.4,178.4,178.4,178.4,178.4,178.4,178.4,178.4,178.4,178.4,178.4,178.4,178.4,178.4,178.4,178.4,178.4,178.4,178.4,178.4,178.4,178.4,178.4,178.4,186.6,186.6,186.6,186.6,186.6,186.6,186.6,186.6,186.6,186.6,186.6,186.6,186.6,186.6,186.6,186.6,186.6,186.6,186.6,186.6,186.6,186.6,186.6,186.6,186.6,186.6,186.6,186.6,186.6,186.6,186.6,186.6,186.6,186.6,186.5,186.5,186.5,186.5,186.5,186.5,186.5,186.5,186.5,186.5,186.5,186.5,186.5,186.5,186.5,186.5,186.5,186.5,186.5,186.5,186.5,186.5,186.5,186.5,186.5,186.5,186.5,186.5,186.5,186.5,186.5,186.5,186.5,186.5,186.5,186.5,186.5,186.5,186.5,186.5,186.5,186.5,186.5,186.5,186.5,,186.8,186.8,186.8,186.8,186.8,186.8,186.8,186.8,186.8,186.8,186.8,186.8,186.8,186.8,186.8,186.8,186.8,186.8,186.8,186.8,186.8,186.8,186.8,186.8,186.8,186.8,186.8,186.8,186.8,186.8,186.8,186.8,216.2,216.2,216.2,216.2,216.2,216.2,216.2,216.2,216.2,216.2,216.2,216.2,216.2,216.2,216.2,216.2,216.2,216.2,216.2,216.2,216.2,216.2,216.2,216.2,216.2,216.2,216.2,216.2,216.2,216.2,216.2,216.2,216.2,216.2,216.2,216.244,216.244,216.244,216.244,216.244,216.244,225.792,225.792,225.792,225.792,225.792,225.792,225.792,225.792,225.792,225.792,225.792,225.792,225.792,225.792,225.792,225.792,225.792,225.792,225.792,225.792,225.792,225.792,225.792,225.792,225.792,225.792,225.792,225.792,225.792,225.792,225.792,225.792,225.792,225.792,225.792,225.792,225.792,225.792,225.792,225.792,226.008,226.008,226.008,226.008,226.008,226.008,226.008,226.008,226.008,226.008,226.008,226.008,226.008,226.008,226.008,226.008,226.008,226.008,226.008,226.008
1979-10-01,,,,,,,,,,,,,,,,,,,,,,,,,,,,,,,,,,,,,,,,,,,,,,,,,,,,,,,,,,,,,,,,,,,,148.8,146.9,146.9,146.9,146.9,146.9,146.9,168.2,168.2,168.2,168.2,168.2,168.2,168.2,168.2,168.2,168.2,168.2,168.2,168.2,165.0,165.0,165.0,165.0,165.0,165.0,165.0,165.0,165.0,165.0,165.0,165.0,165.0,165.0,165.0,165.0,165.0,165.0,165.0,165.0,165.0,165.0,165.0,165.0,165.0,165.0,165.0,165.0,169.5,169.5,169.5,169.5,169.5,169.5,169.5,169.5,169.5,169.5,169.5,169.5,169.5,169.5,169.5,169.5,169.5,169.5,169.5,169.5,169.5,169.5,169.5,169.5,169.5,169.5,169.5,169.5,169.5,169.5,169.5,169.5,169.5,169.5,169.5,169.5,169.5,169.5,169.5,169.5,169.5,169.5,169.5,169.5,169.5,169.5,169.5,169.5,169.5,169.5,169.5,173.4,173.4,173.4,173.4,173.4,173.4,173.4,173.4,173.4,173.4,173.4,173.4,173.4,173.4,173.4,173.4,173.4,173.4,173.4,173.4,173.4,173.4,173.4,173.4,173.4,173.4,173.4,173.4,173.4,173.4,173.4,173.4,173.4,173.8,173.8,173.8,173.8,173.8,173.8,173.8,173.8,173.8,173.8,173.8,173.8,173.8,173.8,173.8,173.8,173.8,173.8,173.8,173.8,173.8,173.8,173.8,173.8,173.8,173.8,173.8,173.8,173.8,173.8,173.8,182.8,182.8,182.8,182.8,182.8,182.8,182.8,182.8,182.8,182.8,182.8,182.8,182.8,182.8,182.8,182.8,182.8,182.8,182.8,182.8,182.8,182.8,182.8,182.8,182.8,182.8,182.8,182.8,182.8,182.8,182.8,182.8,182.8,182.8,182.3,182.3,182.3,182.3,182.3,182.3,182.3,182.3,182.3,182.3,182.3,182.3,182.3,182.3,182.3,182.3,182.3,182.3,182.3,182.3,182.3,182.3,182.3,182.3,182.3,182.3,182.3,182.3,182.3,182.3,182.3,182.3,182.3,182.3,182.3,182.3,182.3,182.3,182.3,182.3,182.3,182.3,182.3,182.3,182.3,,182.5,182.5,182.5,182.5,182.5,182.5,182.5,182.5,182.5,182.5,182.5,182.5,182.5,182.5,182.5,182.5,182.5,182.5,182.5,182.5,182.5,182.5,182.5,182.5,182.5,182.5,182.5,182.5,182.5,182.5,182.5,182.5,211.9,211.9,211.9,211.9,211.9,211.9,211.9,211.9,211.9,211.9,211.9,211.9,211.9,211.9,211.9,211.9,211.9,211.9,211.9,211.9,211.9,211.9,211.9,211.9,211.9,211.9,211.9,211.9,211.9,211.9,211.9,211.9,211.9,211.9,211.9,211.864,211.864,211.864,211.864,211.864,211.864,222.428,222.428,222.428,222.428,222.428,222.428,222.428,222.428,222.428,222.428,222.428,222.428,222.428,222.428,222.428,222.428,222.428,222.428,222.428,222.428,222.428,222.428,222.428,222.428,222.428,222.428,222.428,222.428,222.428,222.428,222.428,222.428,222.428,222.428,222.428,222.428,222.428,222.428,222.428,222.428,222.524,222.524,222.524,222.524,222.524,222.524,222.524,222.524,222.524,222.524,222.524,222.524,222.524,222.524,222.524,222.524,222.524,222.524,222.524,222.524
1980-01-01,,,,,,,,,,,,,,,,,,,,,,,,,,,,,,,,,,,,,,,,,,,,,,,,,,,,,,,,,,,,,,,,,,,,,,155.5,158.0,158.0,158.0,158.0,182.9,182.9,182.9,182.9,182.9,182.9,182.9,182.9,182.9,182.9,182.9,182.9,182.9,172.9,172.9,172.9,172.9,172.9,172.9,172.9,172.9,172.9,166.2,166.2,166.2,166.2,166.2,166.2,166.2,166.2,166.2,166.2,166.2,166.2,166.2,166.2,166.2,166.2,166.2,166.2,166.2,170.4,170.4,170.4,170.4,170.4,170.4,170.4,170.4,170.4,170.4,170.4,170.4,170.4,170.4,170.4,170.4,170.4,170.4,170.4,170.4,170.4,170.4,170.4,170.4,170.4,170.4,170.4,170.4,170.4,170.4,170.4,170.4,170.4,170.4,170.4,170.4,170.4,170.4,170.4,170.4,170.4,170.4,170.4,170.4,170.4,170.4,170.4,170.4,170.4,170.4,170.4,174.3,174.3,174.3,174.3,174.3,174.3,174.3,174.3,174.3,174.3,174.3,174.3,174.3,174.3,174.3,174.3,174.3,174.3,174.3,174.3,174.3,174.3,174.3,174.3,174.3,174.3,174.3,174.3,174.3,174.3,174.3,174.3,174.3,174.6,174.6,174.6,174.6,174.6,174.6,174.6,174.6,174.6,174.6,174.6,174.6,174.6,174.6,174.6,174.6,174.6,174.6,174.6,174.6,174.6,174.6,174.6,174.6,174.6,174.6,174.6,174.6,174.6,174.6,174.6,184.0,184.0,184.0,184.0,184.0,184.0,184.0,184.0,184.0,184.0,184.0,184.0,184.0,184.0,184.0,184.0,184.0,184.0,184.0,184.0,184.0,184.0,184.0,184.0,184.0,184.0,184.0,184.0,184.0,184.0,184.0,184.0,184.0,184.0,183.9,183.9,183.9,183.9,183.9,183.9,183.9,183.9,183.9,183.9,183.9,183.9,183.9,183.9,183.9,183.9,183.9,183.9,183.9,183.9,183.9,183.9,183.9,183.9,183.9,183.9,183.9,183.9,183.9,183.9,183.9,183.9,183.9,183.9,183.9,183.9,183.9,183.9,183.9,183.9,183.9,183.9,183.9,183.9,183.9,,182.8,182.8,182.8,182.8,182.8,182.8,182.8,182.8,182.8,182.8,182.8,182.8,182.8,182.8,182.8,182.8,182.8,182.8,182.8,182.8,182.8,182.8,182.8,182.8,182.8,182.8,182.8,182.8,182.8,182.8,182.8,182.8,211.6,211.6,211.6,211.6,211.6,211.6,211.6,211.6,211.6,211.6,211.6,211.6,211.6,211.6,211.6,211.6,211.6,211.6,211.6,211.6,211.6,211.6,211.6,211.6,211.6,211.6,211.6,211.6,211.6,211.6,211.6,211.6,211.6,211.6,211.6,211.616,211.616,211.616,211.616,211.616,211.616,223.244,223.244,223.244,223.244,223.244,223.244,223.244,223.244,223.244,223.244,223.244,223.244,223.244,223.244,223.244,223.244,223.244,223.244,223.244,223.244,223.244,223.244,223.244,223.244,223.244,223.244,223.244,223.244,223.244,223.244,223.244,223.244,223.244,223.244,223.244,223.244,223.244,223.244,223.244,223.244,223.179,223.179,223.179,223.179,223.179,223.179,223.179,223.179,223.179,223.179,223.179,223.179,223.179,223.179,223.179,223.179,223.179,223.179,223.179,223.179
1980-04-01,,,,,,,,,,,,,,,,,,,,,,,,,,,,,,,,,,,,,,,,,,,,,,,,,,,,,,,,,,,,,,,,,,,,,,,,129.3,127.1,127.1,146.5,146.5,146.5,146.5,146.5,146.5,146.5,146.5,146.5,146.5,146.5,146.5,146.5,144.3,144.3,144.3,144.3,144.3,144.3,144.3,144.3,144.3,139.4,139.4,139.4,139.4,139.4,139.4,139.4,139.4,139.4,139.4,139.4,139.4,139.4,139.4,139.4,139.4,139.4,139.4,139.4,140.7,140.7,140.7,140.7,140.7,140.7,140.7,140.7,140.7,140.7,140.7,140.7,140.7,140.7,140.7,140.7,140.7,140.7,140.7,140.7,140.7,140.7,140.7,140.7,140.7,140.7,140.7,140.7,140.7,140.7,140.7,140.7,140.7,140.7,140.7,140.7,140.7,140.7,140.7,140.7,140.7,140.7,140.7,140.7,140.7,140.7,140.7,140.7,140.7,140.7,140.7,144.5,144.5,144.5,144.5,144.5,144.5,144.5,144.5,144.5,144.5,144.5,144.5,144.5,144.5,144.5,144.5,144.5,144.5,144.5,144.5,144.5,144.5,144.5,144.5,144.5,144.5,144.5,144.5,144.5,144.5,144.5,144.5,144.5,144.9,144.9,144.9,144.9,144.9,144.9,144.9,144.9,144.9,144.9,144.9,144.9,144.9,144.9,144.9,144.9,144.9,144.9,144.9,144.9,144.9,144.9,144.9,144.9,144.9,144.9,144.9,144.9,144.9,144.9,144.9,154.2,154.2,154.2,154.2,154.2,154.2,154.2,154.2,154.2,154.2,154.2,154.2,154.2,154.2,154.2,154.2,154.2,154.2,154.2,154.2,154.2,154.2,154.2,154.2,154.2,154.2,154.2,154.2,154.2,154.2,154.2,154.2,154.2,154.2,153.8,153.8,153.8,153.8,153.8,153.8,153.8,153.8,153.8,153.8,153.8,153.8,153.8,153.8,153.8,153.8,153.8,153.8,153.8,153.8,153.8,153.8,153.8,153.8,153.8,153.8,153.8,153.8,153.8,153.8,153.8,153.8,153.8,153.8,153.8,153.8,153.8,153.8,153.8,153.8,153.8,153.8,153.8,153.8,153.8,,153.7,153.7,153.7,153.7,153.7,153.7,153.7,153.7,153.7,153.7,153.7,153.7,153.7,153.7,153.7,153.7,153.7,153.7,153.7,153.7,153.7,153.7,153.7,153.7,153.7,153.7,153.7,153.7,153.7,153.7,153.7,153.7,182.4,182.4,182.4,182.4,182.4,182.4,182.4,182.4,182.4,182.4,182.4,182.4,182.4,182.4,182.4,182.4,182.4,182.4,182.4,182.4,182.4,182.4,182.4,182.4,182.4,182.4,182.4,182.4,182.4,182.4,182.4,182.4,182.4,182.4,182.4,182.422,182.422,182.422,182.422,182.422,182.422,194.714,194.714,194.714,194.714,194.714,194.714,194.714,194.714,194.714,194.714,194.714,194.714,194.714,194.714,194.714,194.714,194.714,194.714,194.714,194.714,194.714,194.714,194.714,194.714,194.714,194.714,194.714,194.714,194.714,194.714,194.714,194.714,194.714,194.714,194.714,194.714,194.714,194.714,194.714,194.714,194.437,194.437,194.437,194.437,194.437,194.437,194.437,194.437,194.437,194.437,194.437,194.437,194.437,194.437,194.437,194.437,194.437,194.437,194.437,194.437
1980-07-01,,,,,,,,,,,,,,,,,,,,,,,,,,,,,,,,,,,,,,,,,,,,,,,,,,,,,,,,,,,,,,,,,,,,,,,,,,137.2,159.1,159.1,159.1,159.1,159.1,159.1,159.1,159.1,159.1,159.1,159.1,159.1,159.1,155.9,155.9,155.9,155.9,155.9,155.9,155.9,155.9,155.9,146.9,146.9,146.9,146.9,146.9,146.9,146.9,146.9,146.9,146.9,146.9,146.9,146.9,146.9,146.9,146.9,146.9,146.9,146.9,147.8,147.8,147.8,147.8,147.8,147.8,147.8,147.8,147.8,147.8,147.8,147.8,147.8,147.8,147.8,147.8,147.8,147.8,147.8,147.8,147.8,147.8,147.8,147.8,147.8,147.8,147.8,147.8,147.8,147.8,147.8,147.8,147.8,147.8,147.8,147.8,147.8,147.8,147.8,147.8,147.8,147.8,147.8,147.8,147.8,147.8,147.8,147.8,147.8,147.8,147.8,151.0,151.0,151.0,151.0,151.0,151.0,151.0,151.0,151.0,151.0,151.0,151.0,151.0,151.0,151.0,151.0,151.0,151.0,151.0,151.0,151.0,151.0,151.0,151.0,151.0,151.0,151.0,151.0,151.0,151.0,151.0,151.0,151.0,151.6,151.6,151.6,151.6,151.6,151.6,151.6,151.6,151.6,151.6,151.6,151.6,151.6,151.6,151.6,151.6,151.6,151.6,151.6,151.6,151.6,151.6,151.6,151.6,151.6,151.6,151.6,151.6,151.6,151.6,151.6,162.2,162.2,162.2,162.2,162.2,162.2,162.2,162.2,162.2,162.2,162.2,162.2,162.2,162.2,162.2,162.2,162.2,162.2,162.2,162.2,162.2,162.2,162.2,162.2,162.2,162.2,162.2,162.2,162.2,162.2,162.2,162.2,162.2,162.2,161.8,161.8,161.8,161.8,161.8,161.8,161.8,161.8,161.8,161.8,161.8,161.8,161.8,161.8,161.8,161.8,161.8,161.8,161.8,161.8,161.8,161.8,161.8,161.8,161.8,161.8,161.8,161.8,161.8,161.8,161.8,161.8,161.8,161.8,161.8,161.8,161.8,161.8,161.8,161.8,161.8,161.8,161.8,161.8,161.8,,162.1,162.1,162.1,162.1,162.1,162.1,162.1,162.1,162.1,162.1,162.1,162.1,162.1,162.1,162.1,162.1,162.1,162.1,162.1,162.1,162.1,162.1,162.1,162.1,162.1,162.1,162.1,162.1,162.1,162.1,162.1,162.1,191.2,191.2,191.2,191.2,191.2,191.2,191.2,191.2,191.2,191.2,191.2,191.2,191.2,191.2,191.2,191.2,191.2,191.2,191.2,191.2,191.2,191.2,191.2,191.2,191.2,191.2,191.2,191.2,191.2,191.2,191.2,191.2,191.2,191.2,191.2,191.246,191.246,191.246,191.246,191.246,191.246,202.262,202.262,202.262,202.262,202.262,202.262,202.262,202.262,202.262,202.262,202.262,202.262,202.262,202.262,202.262,202.262,202.262,202.262,202.262,202.262,202.262,202.262,202.262,202.262,202.262,202.262,202.262,202.262,202.262,202.262,202.262,202.262,202.262,202.262,202.262,202.262,202.262,202.262,202.262,202.262,201.722,201.722,201.722,201.722,201.722,201.722,201.722,201.722,201.722,201.722,201.722,201.722,201.722,201.722,201.722,201.722,201.722,201.722,201.722,201.722
1980-10-01,,,,,,,,,,,,,,,,,,,,,,,,,,,,,,,,,,,,,,,,,,,,,,,,,,,,,,,,,,,,,,,,,,,,,,,,,,,,164.1,164.3,164.3,164.3,164.3,164.3,164.3,164.3,164.3,164.3,164.3,164.3,158.1,158.1,158.1,158.1,158.1,158.1,158.1,158.1,158.1,146.7,146.7,146.7,146.7,146.7,146.7,146.7,146.7,146.7,146.7,146.7,146.7,146.7,146.7,146.7,146.7,146.7,146.7,146.7,150.2,150.2,150.2,150.2,150.2,150.2,150.2,150.2,150.2,150.2,150.2,150.2,150.2,150.2,150.2,150.2,150.2,150.2,150.2,150.2,150.2,150.2,150.2,150.2,150.2,150.2,150.2,150.2,150.2,150.2,150.2,150.2,150.2,150.2,150.2,150.2,150.2,150.2,150.2,150.2,150.2,150.2,150.2,150.2,150.2,150.2,150.2,150.2,150.2,150.2,150.2,154.6,154.6,154.6,154.6,154.6,154.6,154.6,154.6,154.6,154.6,154.6,154.6,154.6,154.6,154.6,154.6,154.6,154.6,154.6,154.6,154.6,154.6,154.6,154.6,154.6,154.6,154.6,154.6,154.6,154.6,154.6,154.6,154.6,155.3,155.3,155.3,155.3,155.3,155.3,155.3,155.3,155.3,155.3,155.3,155.3,155.3,155.3,155.3,155.3,155.3,155.3,155.3,155.3,155.3,155.3,155.3,155.3,155.3,155.3,155.3,155.3,155.3,155.3,155.3,166.0,166.0,166.0,166.0,166.0,166.0,166.0,166.0,166.0,166.0,166.0,166.0,166.0,166.0,166.0,166.0,166.0,166.0,166.0,166.0,166.0,166.0,166.0,166.0,166.0,166.0,166.0,166.0,166.0,166.0,166.0,166.0,166.0,166.0,165.7,165.7,165.7,165.7,165.7,165.7,165.7,165.7,165.7,165.7,165.7,165.7,165.7,165.7,165.7,165.7,165.7,165.7,165.7,165.7,165.7,165.7,165.7,165.7,165.7,165.7,165.7,165.7,165.7,165.7,165.7,165.7,165.7,165.7,165.7,165.7,165.7,165.7,165.7,165.7,165.7,165.7,165.7,165.7,165.7,,166.9,166.9,166.9,166.9,166.9,166.9,166.9,166.9,166.9,166.9,166.9,166.9,166.9,166.9,166.9,166.9,166.9,166.9,166.9,166.9,166.9,166.9,166.9,166.9,166.9,166.9,166.9,166.9,166.9,166.9,166.9,166.9,197.0,197.0,197.0,197.0,197.0,197.0,197.0,197.0,197.0,197.0,197.0,197.0,197.0,197.0,197.0,197.0,197.0,197.0,197.0,197.0,197.0,197.0,197.0,197.0,197.0,197.0,197.0,197.0,197.0,197.0,197.0,197.0,197.0,197.0,197.0,196.987,196.987,196.987,196.987,196.987,196.987,208.875,208.875,208.875,208.875,208.875,208.875,208.875,208.875,208.875,208.875,208.875,208.875,208.875,208.875,208.875,208.875,208.875,208.875,208.875,208.875,208.875,208.875,208.875,208.875,208.875,208.875,208.875,208.875,208.875,208.875,208.875,208.875,208.875,208.875,208.875,208.875,208.875,208.875,208.875,208.875,208.021,208.021,208.021,208.021,208.021,208.021,208.021,208.021,208.021,208.021,208.021,208.021,208.021,208.021,208.021,208.021,208.021,208.021,208.021,208.021
1981-01-01,,,,,,,,,,,,,,,,,,,,,,,,,,,,,,,,,,,,,,,,,,,,,,,,,,,,,,,,,,,,,,,,,,,,,,,,,,,,,,168.3,168.0,169.2,169.2,169.2,169.2,169.2,169.2,169.2,169.2,161.6,161.6,161.6,161.6,161.6,161.6,161.6,161.6,161.6,152.2,152.2,152.2,152.2,152.2,152.2,152.2,152.2,150.2,150.2,150.2,150.2,150.2,150.2,150.2,150.2,150.2,150.2,150.2,154.3,154.3,154.3,154.3,154.3,154.3,154.3,154.3,154.3,154.3,154.3,154.3,154.3,154.3,154.3,154.3,154.3,154.3,154.3,154.3,154.3,154.3,154.3,154.3,154.3,154.3,154.3,154.3,154.3,154.3,154.3,154.3,154.3,154.3,154.3,154.3,154.3,154.3,154.3,154.3,154.3,154.3,154.3,154.3,154.3,154.3,154.3,154.3,154.3,154.3,154.3,159.5,159.5,159.5,159.5,159.5,159.5,159.5,159.5,159.5,159.5,159.5,159.5,159.5,159.5,159.5,159.5,159.5,159.5,159.5,159.5,159.5,159.5,159.5,159.5,159.5,159.5,159.5,159.5,159.5,159.5,159.5,159.5,159.5,160.5,160.5,160.5,160.5,160.5,160.5,160.5,160.5,160.5,160.5,160.5,160.5,160.5,160.5,160.5,160.5,160.5,160.5,160.5,160.5,160.5,160.5,160.5,160.5,160.5,160.5,160.5,160.5,160.5,160.5,160.5,170.0,170.0,170.0,170.0,170.0,170.0,170.0,170.0,170.0,170.0,170.0,170.0,170.0,170.0,170.0,170.0,170.0,170.0,170.0,170.0,170.0,170.0,170.0,170.0,170.0,170.0,170.0,170.0,170.0,170.0,170.0,170.0,170.0,170.0,169.8,169.8,169.8,169.8,169.8,169.8,169.8,169.8,169.8,169.8,169.8,169.8,169.8,169.8,169.8,169.8,169.8,169.8,169.8,169.8,169.8,169.8,169.8,169.8,169.8,169.8,169.8,169.8,169.8,169.8,169.8,169.8,169.8,169.8,169.8,169.8,169.8,169.8,169.8,169.8,169.8,169.8,169.8,169.8,169.8,,168.7,168.7,168.7,168.7,168.7,168.7,168.7,168.7,168.7,168.7,168.7,168.7,168.7,168.7,168.7,168.7,168.7,168.7,168.7,168.7,168.7,168.7,168.7,168.7,168.7,168.7,168.7,168.7,168.7,168.7,168.7,168.7,200.2,200.2,200.2,200.2,200.2,200.2,200.2,200.2,200.2,200.2,200.2,200.2,200.2,200.2,200.2,200.2,200.2,200.2,200.2,200.2,200.2,200.2,200.2,200.2,200.2,200.2,200.2,200.2,200.2,200.2,200.2,200.2,200.2,200.2,200.2,200.194,200.194,200.194,200.194,200.194,200.194,213.17,213.17,213.17,213.17,213.17,213.17,213.17,213.17,213.17,213.17,213.17,213.17,213.17,213.17,213.17,213.17,213.17,213.17,213.17,213.17,213.17,213.17,213.17,213.17,213.17,213.17,213.17,213.17,213.17,213.17,213.17,213.17,213.17,213.17,213.17,213.17,213.17,213.17,213.17,213.17,211.951,211.951,211.951,211.951,211.951,211.951,211.951,211.951,211.951,211.951,211.951,211.951,211.951,211.951,211.951,211.951,211.951,211.951,211.951,211.951
1981-04-01,,,,,,,,,,,,,,,,,,,,,,,,,,,,,,,,,,,,,,,,,,,,,,,,,,,,,,,,,,,,,,,,,,,,,,,,,,,,,,,,150.1,152.7,152.7,152.7,152.7,152.7,152.7,152.7,146.2,146.2,146.2,146.2,146.2,146.2,146.2,146.2,146.2,138.6,138.6,138.6,138.6,138.6,138.6,138.6,138.6,135.4,135.4,135.4,135.4,135.4,135.4,135.4,135.4,135.4,135.4,135.4,141.8,141.8,141.8,141.8,141.8,141.8,141.8,141.8,141.8,141.8,141.8,141.8,141.8,141.8,141.8,141.8,141.8,141.8,141.8,141.8,141.8,141.8,141.8,141.8,141.8,141.8,141.8,141.8,141.8,141.8,141.8,141.8,141.8,141.8,141.8,141.8,141.8,141.8,141.8,141.8,141.8,141.8,141.8,141.8,141.8,141.8,141.8,141.8,141.8,141.8,141.8,143.7,143.7,143.7,143.7,143.7,143.7,143.7,143.7,143.7,143.7,143.7,143.7,143.7,143.7,143.7,143.7,143.7,143.7,143.7,143.7,143.7,143.7,143.7,143.7,143.7,143.7,143.7,143.7,143.7,143.7,143.7,143.7,143.7,144.6,144.6,144.6,144.6,144.6,144.6,144.6,144.6,144.6,144.6,144.6,144.6,144.6,144.6,144.6,144.6,144.6,144.6,144.6,144.6,144.6,144.6,144.6,144.6,144.6,144.6,144.6,144.6,144.6,144.6,144.6,155.1,155.1,155.1,155.1,155.1,155.1,155.1,155.1,155.1,155.1,155.1,155.1,155.1,155.1,155.1,155.1,155.1,155.1,155.1,155.1,155.1,155.1,155.1,155.1,155.1,155.1,155.1,155.1,155.1,155.1,155.1,155.1,155.1,155.1,154.9,154.9,154.9,154.9,154.9,154.9,154.9,154.9,154.9,154.9,154.9,154.9,154.9,154.9,154.9,154.9,154.9,154.9,154.9,154.9,154.9,154.9,154.9,154.9,154.9,154.9,154.9,154.9,154.9,154.9,154.9,154.9,154.9,154.9,154.9,154.9,154.9,154.9,154.9,154.9,154.9,154.9,154.9,154.9,154.9,,155.4,155.4,155.4,155.4,155.4,155.4,155.4,155.4,155.4,155.4,155.4,155.4,155.4,155.4,155.4,155.4,155.4,155.4,155.4,155.4,155.4,155.4,155.4,155.4,155.4,155.4,155.4,155.4,155.4,155.4,155.4,155.4,188.0,188.0,188.0,188.0,188.0,188.0,188.0,188.0,188.0,188.0,188.0,188.0,188.0,188.0,188.0,188.0,188.0,188.0,188.0,188.0,188.0,188.0,188.0,188.0,188.0,188.0,188.0,188.0,188.0,188.0,188.0,188.0,188.0,188.0,188.0,188.042,188.042,188.042,188.042,188.042,188.042,201.614,201.614,201.614,201.614,201.614,201.614,201.614,201.614,201.614,201.614,201.614,201.614,201.614,201.614,201.614,201.614,201.614,201.614,201.614,201.614,201.614,201.614,201.614,201.614,201.614,201.614,201.614,201.614,201.614,201.614,201.614,201.614,201.614,201.614,201.614,201.614,201.614,201.614,201.614,201.614,200.097,200.097,200.097,200.097,200.097,200.097,200.097,200.097,200.097,200.097,200.097,200.097,200.097,200.097,200.097,200.097,200.097,200.097,200.097,200.097
1981-07-01,,,,,,,,,,,,,,,,,,,,,,,,,,,,,,,,,,,,,,,,,,,,,,,,,,,,,,,,,,,,,,,,,,,,,,,,,,,,,,,,,,153.5,156.3,156.3,156.3,156.3,156.3,150.8,150.8,150.8,150.8,150.8,150.8,150.8,150.8,150.8,144.0,144.0,144.0,144.0,144.0,144.0,144.0,144.0,139.4,139.4,139.4,139.4,139.4,139.4,139.4,139.4,139.4,139.4,139.4,144.4,144.4,144.4,144.4,144.4,144.4,144.4,144.4,144.4,144.4,144.4,144.4,144.4,144.4,144.4,144.4,144.4,144.4,144.4,144.4,144.4,144.4,144.4,144.4,144.4,144.4,144.4,144.4,144.4,144.4,144.4,144.4,144.4,144.4,144.4,144.4,144.4,144.4,144.4,144.4,144.4,144.4,144.4,144.4,144.4,144.4,144.4,144.4,144.4,144.4,144.4,147.6,147.6,147.6,147.6,147.6,147.6,147.6,147.6,147.6,147.6,147.6,147.6,147.6,147.6,147.6,147.6,147.6,147.6,147.6,147.6,147.6,147.6,147.6,147.6,147.6,147.6,147.6,147.6,147.6,147.6,147.6,147.6,147.6,148.4,148.4,148.4,148.4,148.4,148.4,148.4,148.4,148.4,148.4,148.4,148.4,148.4,148.4,148.4,148.4,148.4,148.4,148.4,148.4,148.4,148.4,148.4,148.4,148.4,148.4,148.4,148.4,148.4,148.4,148.4,159.1,159.1,159.1,159.1,159.1,159.1,159.1,159.1,159.1,159.1,159.1,159.1,159.1,159.1,159.1,159.1,159.1,159.1,159.1,159.1,159.1,159.1,159.1,159.1,159.1,159.1,159.1,159.1,159.1,159.1,159.1,159.1,159.1,159.1,158.7,158.7,158.7,158.7,158.7,158.7,158.7,158.7,158.7,158.7,158.7,158.7,158.7,158.7,158.7,158.7,158.7,158.7,158.7,158.7,158.7,158.7,158.7,158.7,158.7,158.7,158.7,158.7,158.7,158.7,158.7,158.7,158.7,158.7,158.7,158.7,158.7,158.7,158.7,158.7,158.7,158.7,158.7,158.7,158.7,,158.9,158.9,158.9,158.9,158.9,158.9,158.9,158.9,158.9,158.9,158.9,158.9,158.9,158.9,158.9,158.9,158.9,158.9,158.9,158.9,158.9,158.9,158.9,158.9,158.9,158.9,158.9,158.9,158.9,158.9,158.9,158.9,192.4,192.4,192.4,192.4,192.4,192.4,192.4,192.4,192.4,192.4,192.4,192.4,192.4,192.4,192.4,192.4,192.4,192.4,192.4,192.4,192.4,192.4,192.4,192.4,192.4,192.4,192.4,192.4,192.4,192.4,192.4,192.4,192.4,192.4,192.4,192.364,192.364,192.364,192.364,192.364,192.364,206.868,206.868,206.868,206.868,206.868,206.868,206.868,206.868,206.868,206.868,206.868,206.868,206.868,206.868,206.868,206.868,206.868,206.868,206.868,206.868,206.868,206.868,206.868,206.868,206.868,206.868,206.868,206.868,206.868,206.868,206.868,206.868,206.868,206.868,206.868,206.868,206.868,206.868,206.868,206.868,205.12,205.12,205.12,205.12,205.12,205.12,205.12,205.12,205.12,205.12,205.12,205.12,205.12,205.12,205.12,205.12,205.12,205.12,205.12,205.12
1981-10-01,,,,,,,,,,,,,,,,,,,,,,,,,,,,,,,,,,,,,,,,,,,,,,,,,,,,,,,,,,,,,,,,,,,,,,,,,,,,,,,,,,,,145.2,144.0,144.0,144.0,144.9,144.9,144.9,144.9,144.9,144.9,144.9,144.9,144.9,141.7,141.7,141.7,141.7,141.7,141.7,141.7,141.7,135.0,135.0,135.0,135.0,135.0,135.0,135.0,135.0,135.0,135.0,135.0,141.0,141.0,141.0,141.0,141.0,141.0,141.0,141.0,141.0,141.0,141.0,141.0,141.0,141.0,141.0,141.0,141.0,141.0,141.0,141.0,141.0,141.0,141.0,141.0,141.0,141.0,141.0,141.0,141.0,141.0,141.0,141.0,141.0,141.0,141.0,141.0,141.0,141.0,141.0,141.0,141.0,141.0,141.0,141.0,141.0,141.0,141.0,141.0,141.0,141.0,141.0,140.3,140.3,140.3,140.3,140.3,140.3,140.3,140.3,140.3,140.3,140.3,140.3,140.3,140.3,140.3,140.3,140.3,140.3,140.3,140.3,140.3,140.3,140.3,140.3,140.3,140.3,140.3,140.3,140.3,140.3,140.3,140.3,140.3,141.0,141.0,141.0,141.0,141.0,141.0,141.0,141.0,141.0,141.0,141.0,141.0,141.0,141.0,141.0,141.0,141.0,141.0,141.0,141.0,141.0,141.0,141.0,141.0,141.0,141.0,141.0,141.0,141.0,141.0,141.0,154.8,154.8,154.8,154.8,154.8,154.8,154.8,154.8,154.8,154.8,154.8,154.8,154.8,154.8,154.8,154.8,154.8,154.8,154.8,154.8,154.8,154.8,154.8,154.8,154.8,154.8,154.8,154.8,154.8,154.8,154.8,154.8,154.8,154.8,154.3,154.3,154.3,154.3,154.3,154.3,154.3,154.3,154.3,154.3,154.3,154.3,154.3,154.3,154.3,154.3,154.3,154.3,154.3,154.3,154.3,154.3,154.3,154.3,154.3,154.3,154.3,154.3,154.3,154.3,154.3,154.3,154.3,154.3,154.3,154.3,154.3,154.3,154.3,154.3,154.3,154.3,154.3,154.3,154.3,,154.5,154.5,154.5,154.5,154.5,154.5,154.5,154.5,154.5,154.5,154.5,154.5,154.5,154.5,154.5,154.5,154.5,154.5,154.5,154.5,154.5,154.5,154.5,154.5,154.5,154.5,154.5,154.5,154.5,154.5,154.5,154.5,188.5,188.5,188.5,188.5,188.5,188.5,188.5,188.5,188.5,188.5,188.5,188.5,188.5,188.5,188.5,188.5,188.5,188.5,188.5,188.5,188.5,188.5,188.5,188.5,188.5,188.5,188.5,188.5,188.5,188.5,188.5,188.5,188.5,188.5,188.5,188.543,188.543,188.543,188.543,188.543,188.543,203.587,203.587,203.587,203.587,203.587,203.587,203.587,203.587,203.587,203.587,203.587,203.587,203.587,203.587,203.587,203.587,203.587,203.587,203.587,203.587,203.587,203.587,203.587,203.587,203.587,203.587,203.587,203.587,203.587,203.587,203.587,203.587,203.587,203.587,203.587,203.587,203.587,203.587,203.587,203.587,201.675,201.675,201.675,201.675,201.675,201.675,201.675,201.675,201.675,201.675,201.675,201.675,201.675,201.675,201.675,201.675,201.675,201.675,201.675,201.675
1982-01-01,,,,,,,,,,,,,,,,,,,,,,,,,,,,,,,,,,,,,,,,,,,,,,,,,,,,,,,,,,,,,,,,,,,,,,,,,,,,,,,,,,,,,,118.8,118.1,115.9,115.9,115.0,115.0,115.0,115.0,115.0,115.0,115.0,112.9,112.9,112.9,112.9,112.9,112.9,112.9,112.9,104.7,104.7,104.7,104.7,104.7,104.7,104.7,104.7,104.7,104.7,104.7,107.5,107.5,107.5,107.5,107.5,107.5,107.5,107.5,107.5,107.5,107.5,107.5,107.5,107.5,107.5,107.5,107.5,107.5,107.5,107.5,107.5,107.5,107.5,107.5,107.5,107.5,107.5,107.5,107.5,107.5,107.5,107.5,107.5,107.5,107.5,107.5,107.5,107.5,107.5,107.5,107.5,107.5,107.5,107.5,107.5,107.5,107.5,107.5,107.5,107.5,107.5,114.4,114.4,114.4,114.4,114.4,114.4,114.4,114.4,114.4,114.4,114.4,114.4,114.4,114.4,114.4,114.4,114.4,114.4,114.4,114.4,114.4,114.4,114.4,114.4,114.4,114.4,114.4,114.4,114.4,114.4,114.4,114.4,114.4,113.9,113.9,113.9,113.9,113.9,113.9,113.9,113.9,113.9,113.9,113.9,113.9,113.9,113.9,113.9,113.9,113.9,113.9,113.9,113.9,113.9,113.9,113.9,113.9,113.9,113.9,113.9,113.9,113.9,113.9,113.9,133.3,133.3,133.3,133.3,133.3,133.3,133.3,133.3,133.3,133.3,133.3,133.3,133.3,133.3,133.3,133.3,133.3,133.3,133.3,133.3,133.3,133.3,133.3,133.3,133.3,133.3,133.3,133.3,133.3,133.3,133.3,133.3,133.3,133.3,133.0,133.0,133.0,133.0,133.0,133.0,133.0,133.0,133.0,133.0,133.0,133.0,133.0,133.0,133.0,133.0,133.0,133.0,133.0,133.0,133.0,133.0,133.0,133.0,133.0,133.0,133.0,133.0,133.0,133.0,133.0,133.0,133.0,133.0,133.0,133.0,133.0,133.0,133.0,133.0,133.0,133.0,133.0,133.0,133.0,,134.0,134.0,134.0,134.0,134.0,134.0,134.0,134.0,134.0,134.0,134.0,134.0,134.0,134.0,134.0,134.0,134.0,134.0,134.0,134.0,134.0,134.0,134.0,134.0,134.0,134.0,134.0,134.0,134.0,134.0,134.0,134.0,168.3,168.3,168.3,168.3,168.3,168.3,168.3,168.3,168.3,168.3,168.3,168.3,168.3,168.3,168.3,168.3,168.3,168.3,168.3,168.3,168.3,168.3,168.3,168.3,168.3,168.3,168.3,168.3,168.3,168.3,168.3,168.3,168.3,168.3,168.3,168.344,168.344,168.344,168.344,168.344,168.344,183.468,183.468,183.468,183.468,183.468,183.468,183.468,183.468,183.468,183.468,183.468,183.468,183.468,183.468,183.468,183.468,183.468,183.468,183.468,183.468,183.468,183.468,183.468,183.468,183.468,183.468,183.468,183.468,183.468,183.468,183.468,183.468,183.468,183.468,183.468,183.468,183.468,183.468,183.468,183.468,181.46,181.46,181.46,181.46,181.46,181.46,181.46,181.46,181.46,181.46,181.46,181.46,181.46,181.46,181.46,181.46,181.46,181.46,181.46,181.46
1982-04-01,,,,,,,,,,,,,,,,,,,,,,,,,,,,,,,,,,,,,,,,,,,,,,,,,,,,,,,,,,,,,,,,,,,,,,,,,,,,,,,,,,,,,,,,,115.0,116.3,116.3,116.3,116.3,116.3,116.3,116.3,117.4,117.4,117.4,117.4,117.4,117.4,117.4,117.4,106.9,106.9,106.9,106.9,106.9,106.9,106.9,106.9,106.9,106.9,106.9,107.0,107.0,107.0,107.0,107.0,107.0,107.0,107.0,107.0,107.0,107.0,107.0,107.0,107.0,107.0,107.0,107.0,107.0,107.0,107.0,107.0,107.0,107.0,107.0,107.0,107.0,107.0,107.0,107.0,107.0,107.0,107.0,107.0,107.0,107.0,107.0,107.0,107.0,107.0,107.0,107.0,107.0,107.0,107.0,107.0,107.0,107.0,107.0,107.0,107.0,107.0,114.0,114.0,114.0,114.0,114.0,114.0,114.0,114.0,114.0,114.0,114.0,114.0,114.0,114.0,114.0,114.0,114.0,114.0,114.0,114.0,114.0,114.0,114.0,114.0,114.0,114.0,114.0,114.0,114.0,114.0,114.0,114.0,114.0,116.3,116.3,116.3,116.3,116.3,116.3,116.3,116.3,116.3,116.3,116.3,116.3,116.3,116.3,116.3,116.3,116.3,116.3,116.3,116.3,116.3,116.3,116.3,116.3,116.3,116.3,116.3,116.3,116.3,116.3,116.3,134.6,134.6,134.6,134.6,134.6,134.6,134.6,134.6,134.6,134.6,134.6,134.6,134.6,134.6,134.6,134.6,134.6,134.6,134.6,134.6,134.6,134.6,134.6,134.6,134.6,134.6,134.6,134.6,134.6,134.6,134.6,134.6,134.6,134.6,134.1,134.1,134.1,134.1,134.1,134.1,134.1,134.1,134.1,134.1,134.1,134.1,134.1,134.1,134.1,134.1,134.1,134.1,134.1,134.1,134.1,134.1,134.1,134.1,134.1,134.1,134.1,134.1,134.1,134.1,134.1,134.1,134.1,134.1,134.1,134.1,134.1,134.1,134.1,134.1,134.1,134.1,134.1,134.1,134.1,,135.5,135.5,135.5,135.5,135.5,135.5,135.5,135.5,135.5,135.5,135.5,135.5,135.5,135.5,135.5,135.5,135.5,135.5,135.5,135.5,135.5,135.5,135.5,135.5,135.5,135.5,135.5,135.5,135.5,135.5,135.5,135.5,169.7,169.7,169.7,169.7,169.7,169.7,169.7,169.7,169.7,169.7,169.7,169.7,169.7,169.7,169.7,169.7,169.7,169.7,169.7,169.7,169.7,169.7,169.7,169.7,169.7,169.7,169.7,169.7,169.7,169.7,169.7,169.7,169.7,169.7,169.7,169.656,169.656,169.656,169.656,169.656,169.656,185.364,185.364,185.364,185.364,185.364,185.364,185.364,185.364,185.364,185.364,185.364,185.364,185.364,185.364,185.364,185.364,185.364,185.364,185.364,185.364,185.364,185.364,185.364,185.364,185.364,185.364,185.364,185.364,185.364,185.364,185.364,185.364,185.364,185.364,185.364,185.364,185.364,185.364,185.364,185.364,183.28,183.28,183.28,183.28,183.28,183.28,183.28,183.28,183.28,183.28,183.28,183.28,183.28,183.28,183.28,183.28,183.28,183.28,183.28,183.28
1982-07-01,,,,,,,,,,,,,,,,,,,,,,,,,,,,,,,,,,,,,,,,,,,,,,,,,,,,,,,,,,,,,,,,,,,,,,,,,,,,,,,,,,,,,,,,,,,119.1,119.4,119.4,119.4,119.4,119.4,116.5,116.5,116.5,116.5,116.5,116.5,116.5,116.5,107.0,107.0,107.0,107.0,107.0,107.0,107.0,107.0,107.0,107.0,107.0,107.3,107.3,107.3,107.3,107.3,107.3,107.3,107.3,107.3,107.3,107.3,107.3,107.3,107.3,107.3,107.3,107.3,107.3,107.3,107.3,107.3,107.3,107.3,107.3,107.3,107.3,107.3,107.3,107.3,107.3,107.3,107.3,107.3,107.3,107.3,107.3,107.3,107.3,107.3,107.3,107.3,107.3,107.3,107.3,107.3,107.3,107.3,107.3,107.3,107.3,107.3,114.6,114.6,114.6,114.6,114.6,114.6,114.6,114.6,114.6,114.6,114.6,114.6,114.6,114.6,114.6,114.6,114.6,114.6,114.6,114.6,114.6,114.6,114.6,114.6,114.6,114.6,114.6,114.6,114.6,114.6,114.6,114.6,114.6,113.5,113.5,113.5,113.5,113.5,113.5,113.5,113.5,113.5,113.5,113.5,113.5,113.5,113.5,113.5,113.5,113.5,113.5,113.5,113.5,113.5,113.5,113.5,113.5,113.5,113.5,113.5,113.5,113.5,113.5,113.5,132.8,132.8,132.8,132.8,132.8,132.8,132.8,132.8,132.8,132.8,132.8,132.8,132.8,132.8,132.8,132.8,132.8,132.8,132.8,132.8,132.8,132.8,132.8,132.8,132.8,132.8,132.8,132.8,132.8,132.8,132.8,132.8,132.8,132.8,132.3,132.3,132.3,132.3,132.3,132.3,132.3,132.3,132.3,132.3,132.3,132.3,132.3,132.3,132.3,132.3,132.3,132.3,132.3,132.3,132.3,132.3,132.3,132.3,132.3,132.3,132.3,132.3,132.3,132.3,132.3,132.3,132.3,132.3,132.3,132.3,132.3,132.3,132.3,132.3,132.3,132.3,132.3,132.3,132.3,,131.7,131.7,131.7,131.7,131.7,131.7,131.7,131.7,131.7,131.7,131.7,131.7,131.7,131.7,131.7,131.7,131.7,131.7,131.7,131.7,131.7,131.7,131.7,131.7,131.7,131.7,131.7,131.7,131.7,131.7,131.7,131.7,165.3,165.3,165.3,165.3,165.3,165.3,165.3,165.3,165.3,165.3,165.3,165.3,165.3,165.3,165.3,165.3,165.3,165.3,165.3,165.3,165.3,165.3,165.3,165.3,165.3,165.3,165.3,165.3,165.3,165.3,165.3,165.3,165.3,165.3,165.3,165.336,165.336,165.336,165.336,165.336,165.336,180.728,180.728,180.728,180.728,180.728,180.728,180.728,180.728,180.728,180.728,180.728,180.728,180.728,180.728,180.728,180.728,180.728,180.728,180.728,180.728,180.728,180.728,180.728,180.728,180.728,180.728,180.728,180.728,180.728,180.728,180.728,180.728,180.728,180.728,180.728,180.728,180.728,180.728,180.728,180.728,178.589,178.589,178.589,178.589,178.589,178.589,178.589,178.589,178.589,178.589,178.589,178.589,178.589,178.589,178.589,178.589,178.589,178.589,178.589,178.589
1982-10-01,,,,,,,,,,,,,,,,,,,,,,,,,,,,,,,,,,,,,,,,,,,,,,,,,,,,,,,,,,,,,,,,,,,,,,,,,,,,,,,,,,,,,,,,,,,,,119.4,117.9,117.9,117.9,113.5,113.5,113.5,113.5,113.5,113.5,113.5,113.5,100.8,100.8,100.8,100.8,100.8,100.8,100.8,100.8,100.8,100.8,100.8,104.3,104.3,104.3,104.3,104.3,104.3,104.3,104.3,104.3,104.3,104.3,104.3,104.3,104.3,104.3,104.3,104.3,104.3,104.3,104.3,104.3,104.3,104.3,104.3,104.3,104.3,104.3,104.3,104.3,104.3,104.3,104.3,104.3,104.3,104.3,104.3,104.3,104.3,104.3,104.3,104.3,104.3,104.3,104.3,104.3,104.3,104.3,104.3,104.3,104.3,104.3,109.9,109.9,109.9,109.9,109.9,109.9,109.9,109.9,109.9,109.9,109.9,109.9,109.9,109.9,109.9,109.9,109.9,109.9,109.9,109.9,109.9,109.9,109.9,109.9,109.9,109.9,109.9,109.9,109.9,109.9,109.9,109.9,109.9,111.0,111.0,111.0,111.0,111.0,111.0,111.0,111.0,111.0,111.0,111.0,111.0,111.0,111.0,111.0,111.0,111.0,111.0,111.0,111.0,111.0,111.0,111.0,111.0,111.0,111.0,111.0,111.0,111.0,111.0,111.0,128.9,128.9,128.9,128.9,128.9,128.9,128.9,128.9,128.9,128.9,128.9,128.9,128.9,128.9,128.9,128.9,128.9,128.9,128.9,128.9,128.9,128.9,128.9,128.9,128.9,128.9,128.9,128.9,128.9,128.9,128.9,128.9,128.9,128.9,128.7,128.7,128.7,128.7,128.7,128.7,128.7,128.7,128.7,128.7,128.7,128.7,128.7,128.7,128.7,128.7,128.7,128.7,128.7,128.7,128.7,128.7,128.7,128.7,128.7,128.7,128.7,128.7,128.7,128.7,128.7,128.7,128.7,128.7,128.7,128.7,128.7,128.7,128.7,128.7,128.7,128.7,128.7,128.7,128.7,,127.3,127.3,127.3,127.3,127.3,127.3,127.3,127.3,127.3,127.3,127.3,127.3,127.3,127.3,127.3,127.3,127.3,127.3,127.3,127.3,127.3,127.3,127.3,127.3,127.3,127.3,127.3,127.3,127.3,127.3,127.3,127.3,160.0,160.0,160.0,160.0,160.0,160.0,160.0,160.0,160.0,160.0,160.0,160.0,160.0,160.0,160.0,160.0,160.0,160.0,160.0,160.0,160.0,160.0,160.0,160.0,160.0,160.0,160.0,160.0,160.0,160.0,160.0,160.0,160.0,160.0,160.0,159.978,159.978,159.978,159.978,159.978,159.978,174.574,174.574,174.574,174.574,174.574,174.574,174.574,174.574,174.574,174.574,174.574,174.574,174.574,174.574,174.574,174.574,174.574,174.574,174.574,174.574,174.574,174.574,174.574,174.574,174.574,174.574,174.574,174.574,174.574,174.574,174.574,174.574,174.574,174.574,174.574,174.574,174.574,174.574,174.574,174.574,172.4,172.4,172.4,172.4,172.4,172.4,172.4,172.4,172.4,172.4,172.4,172.4,172.4,172.4,172.4,172.4,172.4,172.4,172.4,172.4
1983-01-01,,,,,,,,,,,,,,,,,,,,,,,,,,,,,,,,,,,,,,,,,,,,,,,,,,,,,,,,,,,,,,,,,,,,,,,,,,,,,,,,,,,,,,,,,,,,,,,112.5,112.7,108.2,108.2,108.2,108.2,108.2,108.2,108.2,108.2,102.6,102.6,102.6,102.6,102.6,102.6,102.6,102.6,102.6,102.6,102.6,108.2,108.2,108.2,108.2,108.2,110.6,110.6,110.6,110.6,110.6,110.6,110.6,110.6,110.6,110.6,110.6,110.6,110.6,110.6,110.6,110.6,110.6,110.6,110.6,110.6,110.6,110.6,110.6,110.6,110.6,110.6,110.6,110.6,110.6,110.6,110.6,110.6,110.6,110.6,110.6,110.6,110.6,110.6,110.6,110.6,110.6,110.6,110.6,110.6,110.6,110.6,113.6,113.6,113.6,113.6,113.6,113.6,113.6,113.6,113.6,113.6,113.6,113.6,113.6,113.6,113.6,113.6,113.6,113.6,113.6,113.6,113.6,113.6,113.6,113.6,113.6,113.6,113.6,113.6,113.6,113.6,113.6,113.6,113.6,113.8,113.8,113.8,113.8,113.8,113.8,113.8,113.8,113.8,113.8,113.8,113.8,113.8,113.8,113.8,113.8,113.8,113.8,113.8,113.8,113.8,113.8,113.8,113.8,113.8,113.8,113.8,113.8,113.8,113.8,113.8,131.2,131.2,131.2,131.2,131.2,131.2,131.2,131.2,131.2,131.2,131.2,131.2,131.2,131.2,131.2,131.2,131.2,131.2,131.2,131.2,131.2,131.2,131.2,131.2,131.2,131.2,131.2,131.2,131.2,131.2,131.2,131.2,131.2,131.2,131.1,131.1,131.1,131.1,131.1,131.1,131.1,131.1,131.1,131.1,131.1,131.1,131.1,131.1,131.1,131.1,131.1,131.1,131.1,131.1,131.1,131.1,131.1,131.1,131.1,131.1,131.1,131.1,131.1,131.1,131.1,131.1,131.1,131.1,131.1,131.1,131.1,131.1,131.1,131.1,131.1,131.1,131.1,131.1,131.1,,131.0,131.0,131.0,131.0,131.0,131.0,131.0,131.0,131.0,131.0,131.0,131.0,131.0,131.0,131.0,131.0,131.0,131.0,131.0,131.0,131.0,131.0,131.0,131.0,131.0,131.0,131.0,131.0,131.0,131.0,131.0,131.0,162.2,162.2,162.2,162.2,162.2,162.2,162.2,162.2,162.2,162.2,162.2,162.2,162.2,162.2,162.2,162.2,162.2,162.2,162.2,162.2,162.2,162.2,162.2,162.2,162.2,162.2,162.2,162.2,162.2,162.2,162.2,162.2,162.2,162.2,162.2,162.242,162.242,162.242,162.242,162.242,162.242,176.17,176.17,176.17,176.17,176.17,176.17,176.17,176.17,176.17,176.17,176.17,176.17,176.17,176.17,176.17,176.17,176.17,176.17,176.17,176.17,176.17,176.17,176.17,176.17,176.17,176.17,176.17,176.17,176.17,176.17,176.17,176.17,176.17,176.17,176.17,176.17,176.17,176.17,176.17,176.17,173.982,173.982,173.982,173.982,173.982,173.982,173.982,173.982,173.982,173.982,173.982,173.982,173.982,173.982,173.982,173.982,173.982,173.982,173.982,173.982
1983-04-01,,,,,,,,,,,,,,,,,,,,,,,,,,,,,,,,,,,,,,,,,,,,,,,,,,,,,,,,,,,,,,,,,,,,,,,,,,,,,,,,,,,,,,,,,,,,,,,,,,124.1,127.2,127.2,127.2,127.2,127.2,127.2,123.4,123.4,123.4,123.4,123.4,123.4,123.4,123.4,123.4,123.4,123.4,126.0,126.0,126.0,126.0,126.0,126.6,126.6,126.6,126.6,126.6,126.6,126.6,126.6,126.6,126.6,126.6,126.6,126.6,126.6,126.6,126.6,126.6,126.6,126.6,126.6,126.6,126.6,126.6,126.6,126.6,126.6,126.6,126.6,126.6,126.6,126.6,126.6,126.6,126.6,126.6,126.6,126.6,126.6,126.6,126.6,126.6,126.6,126.6,126.6,126.6,126.6,133.0,133.0,133.0,133.0,133.0,133.0,133.0,133.0,133.0,133.0,133.0,133.0,133.0,133.0,133.0,133.0,133.0,133.0,133.0,133.0,133.0,133.0,133.0,133.0,133.0,133.0,133.0,133.0,133.0,133.0,133.0,133.0,133.0,137.0,137.0,137.0,137.0,137.0,137.0,137.0,137.0,137.0,137.0,137.0,137.0,137.0,137.0,137.0,137.0,137.0,137.0,137.0,137.0,137.0,137.0,137.0,137.0,137.0,137.0,137.0,137.0,137.0,137.0,137.0,151.5,151.5,151.5,151.5,151.5,151.5,151.5,151.5,151.5,151.5,151.5,151.5,151.5,151.5,151.5,151.5,151.5,151.5,151.5,151.5,151.5,151.5,151.5,151.5,151.5,151.5,151.5,151.5,151.5,151.5,151.5,151.5,151.5,151.5,150.9,150.9,150.9,150.9,150.9,150.9,150.9,150.9,150.9,150.9,150.9,150.9,150.9,150.9,150.9,150.9,150.9,150.9,150.9,150.9,150.9,150.9,150.9,150.9,150.9,150.9,150.9,150.9,150.9,150.9,150.9,150.9,150.9,150.9,150.9,150.9,150.9,150.9,150.9,150.9,150.9,150.9,150.9,150.9,150.9,,151.3,151.3,151.3,151.3,151.3,151.3,151.3,151.3,151.3,151.3,151.3,151.3,151.3,151.3,151.3,151.3,151.3,151.3,151.3,151.3,151.3,151.3,151.3,151.3,151.3,151.3,151.3,151.3,151.3,151.3,151.3,151.3,181.5,181.5,181.5,181.5,181.5,181.5,181.5,181.5,181.5,181.5,181.5,181.5,181.5,181.5,181.5,181.5,181.5,181.5,181.5,181.5,181.5,181.5,181.5,181.5,181.5,181.5,181.5,181.5,181.5,181.5,181.5,181.5,181.5,181.5,181.5,181.458,181.458,181.458,181.458,181.458,181.458,195.362,195.362,195.362,195.362,195.362,195.362,195.362,195.362,195.362,195.362,195.362,195.362,195.362,195.362,195.362,195.362,195.362,195.362,195.362,195.362,195.362,195.362,195.362,195.362,195.362,195.362,195.362,195.362,195.362,195.362,195.362,195.362,195.362,195.362,195.362,195.362,195.362,195.362,195.362,195.362,193.299,193.299,193.299,193.299,193.299,193.299,193.299,193.299,193.299,193.299,193.299,193.299,193.299,193.299,193.299,193.299,193.299,193.299,193.299,193.299
1983-07-01,,,,,,,,,,,,,,,,,,,,,,,,,,,,,,,,,,,,,,,,,,,,,,,,,,,,,,,,,,,,,,,,,,,,,,,,,,,,,,,,,,,,,,,,,,,,,,,,,,,,141.9,144.1,144.1,144.1,144.1,142.6,142.6,142.6,142.6,142.6,142.6,142.6,142.6,142.6,142.6,142.6,141.3,141.3,141.3,141.3,141.3,141.0,141.0,141.0,141.0,141.0,141.0,141.0,141.0,141.0,141.0,141.0,141.0,141.0,141.0,141.0,141.0,141.0,141.0,141.0,141.0,141.0,141.0,141.0,141.0,141.0,141.0,141.0,141.0,141.0,141.0,141.0,141.0,141.0,141.0,141.0,141.0,141.0,141.0,141.0,141.0,141.0,141.0,141.0,141.0,141.0,141.0,145.7,145.7,145.7,145.7,145.7,145.7,145.7,145.7,145.7,145.7,145.7,145.7,145.7,145.7,145.7,145.7,145.7,145.7,145.7,145.7,145.7,145.7,145.7,145.7,145.7,145.7,145.7,145.7,145.7,145.7,145.7,145.7,145.7,147.5,147.5,147.5,147.5,147.5,147.5,147.5,147.5,147.5,147.5,147.5,147.5,147.5,147.5,147.5,147.5,147.5,147.5,147.5,147.5,147.5,147.5,147.5,147.5,147.5,147.5,147.5,147.5,147.5,147.5,147.5,164.1,164.1,164.1,164.1,164.1,164.1,164.1,164.1,164.1,164.1,164.1,164.1,164.1,164.1,164.1,164.1,164.1,164.1,164.1,164.1,164.1,164.1,164.1,164.1,164.1,164.1,164.1,164.1,164.1,164.1,164.1,164.1,164.1,164.1,163.0,163.0,163.0,163.0,163.0,163.0,163.0,163.0,163.0,163.0,163.0,163.0,163.0,163.0,163.0,163.0,163.0,163.0,163.0,163.0,163.0,163.0,163.0,163.0,163.0,163.0,163.0,163.0,163.0,163.0,163.0,163.0,163.0,163.0,163.0,163.0,163.0,163.0,163.0,163.0,163.0,163.0,163.0,163.0,163.0,,162.9,162.9,162.9,162.9,162.9,162.9,162.9,162.9,162.9,162.9,162.9,162.9,162.9,162.9,162.9,162.9,162.9,162.9,162.9,162.9,162.9,162.9,162.9,162.9,162.9,162.9,162.9,162.9,162.9,162.9,162.9,162.9,192.2,192.2,192.2,192.2,192.2,192.2,192.2,192.2,192.2,192.2,192.2,192.2,192.2,192.2,192.2,192.2,192.2,192.2,192.2,192.2,192.2,192.2,192.2,192.2,192.2,192.2,192.2,192.2,192.2,192.2,192.2,192.2,192.2,192.2,192.2,192.235,192.235,192.235,192.235,192.235,192.235,206.519,206.519,206.519,206.519,206.519,206.519,206.519,206.519,206.519,206.519,206.519,206.519,206.519,206.519,206.519,206.519,206.519,206.519,206.519,206.519,206.519,206.519,206.519,206.519,206.519,206.519,206.519,206.519,206.519,206.519,206.519,206.519,206.519,206.519,206.519,206.519,206.519,206.519,206.519,206.519,204.717,204.717,204.717,204.717,204.717,204.717,204.717,204.717,204.717,204.717,204.717,204.717,204.717,204.717,204.717,204.717,204.717,204.717,204.717,204.717
1983-10-01,,,,,,,,,,,,,,,,,,,,,,,,,,,,,,,,,,,,,,,,,,,,,,,,,,,,,,,,,,,,,,,,,,,,,,,,,,,,,,,,,,,,,,,,,,,,,,,,,,,,,,142.9,142.9,142.9,141.1,141.1,141.1,141.1,141.1,141.1,141.1,141.1,141.1,141.1,141.1,143.6,143.6,143.6,143.6,143.6,143.4,143.4,143.4,143.4,143.4,143.4,143.4,143.4,143.4,143.4,143.4,143.4,143.4,143.4,143.4,143.4,143.4,143.4,143.4,143.4,143.4,143.4,143.4,143.4,143.4,143.4,143.4,143.4,143.4,143.4,143.4,143.4,143.4,143.4,143.4,143.4,143.4,143.4,143.4,143.4,143.4,143.4,143.4,143.4,143.4,143.4,141.6,141.6,141.6,141.6,141.6,141.6,141.6,141.6,141.6,141.6,141.6,141.6,141.6,141.6,141.6,141.6,141.6,141.6,141.6,141.6,141.6,141.6,141.6,141.6,141.6,141.6,141.6,141.6,141.6,141.6,141.6,141.6,141.6,143.9,143.9,143.9,143.9,143.9,143.9,143.9,143.9,143.9,143.9,143.9,143.9,143.9,143.9,143.9,143.9,143.9,143.9,143.9,143.9,143.9,143.9,143.9,143.9,143.9,143.9,143.9,143.9,143.9,143.9,143.9,169.7,169.7,169.7,169.7,169.7,169.7,169.7,169.7,169.7,169.7,169.7,169.7,169.7,169.7,169.7,169.7,169.7,169.7,169.7,169.7,169.7,169.7,169.7,169.7,169.7,169.7,169.7,169.7,169.7,169.7,169.7,169.7,169.7,169.7,167.9,167.9,167.9,167.9,167.9,167.9,167.9,167.9,167.9,167.9,167.9,167.9,167.9,167.9,167.9,167.9,167.9,167.9,167.9,167.9,167.9,167.9,167.9,167.9,167.9,167.9,167.9,167.9,167.9,167.9,167.9,167.9,167.9,167.9,167.9,167.9,167.9,167.9,167.9,167.9,167.9,167.9,167.9,167.9,167.9,,168.2,168.2,168.2,168.2,168.2,168.2,168.2,168.2,168.2,168.2,168.2,168.2,168.2,168.2,168.2,168.2,168.2,168.2,168.2,168.2,168.2,168.2,168.2,168.2,168.2,168.2,168.2,168.2,168.2,168.2,168.2,168.2,197.0,197.0,197.0,197.0,197.0,197.0,197.0,197.0,197.0,197.0,197.0,197.0,197.0,197.0,197.0,197.0,197.0,197.0,197.0,197.0,197.0,197.0,197.0,197.0,197.0,197.0,197.0,197.0,197.0,197.0,197.0,197.0,197.0,197.0,197.0,197.022,197.022,197.022,197.022,197.022,197.022,211.822,211.822,211.822,211.822,211.822,211.822,211.822,211.822,211.822,211.822,211.822,211.822,211.822,211.822,211.822,211.822,211.822,211.822,211.822,211.822,211.822,211.822,211.822,211.822,211.822,211.822,211.822,211.822,211.822,211.822,211.822,211.822,211.822,211.822,211.822,211.822,211.822,211.822,211.822,211.822,210.419,210.419,210.419,210.419,210.419,210.419,210.419,210.419,210.419,210.419,210.419,210.419,210.419,210.419,210.419,210.419,210.419,210.419,210.419,210.419
1984-01-01,,,,,,,,,,,,,,,,,,,,,,,,,,,,,,,,,,,,,,,,,,,,,,,,,,,,,,,,,,,,,,,,,,,,,,,,,,,,,,,,,,,,,,,,,,,,,,,,,,,,,,,148.5,151.6,150.6,150.6,150.6,150.6,150.6,150.6,150.6,150.6,150.6,150.6,150.6,148.3,148.3,148.3,148.3,148.3,146.4,146.4,146.4,146.4,146.4,146.4,146.4,146.4,146.4,152.5,152.5,152.5,152.5,152.5,152.5,152.5,152.5,152.5,152.5,152.5,152.5,152.5,152.5,152.5,152.5,152.5,152.5,152.5,152.5,152.5,152.5,152.5,152.5,152.5,152.5,152.5,152.5,152.5,152.5,152.5,152.5,152.5,152.5,152.5,152.5,152.5,155.1,155.1,155.1,155.1,155.1,155.1,155.1,155.1,155.1,155.1,155.1,155.1,155.1,155.1,155.1,155.1,155.1,155.1,155.1,155.1,155.1,155.1,155.1,155.1,155.1,155.1,155.1,155.1,155.1,155.1,155.1,155.1,155.1,156.8,156.8,156.8,156.8,156.8,156.8,156.8,156.8,156.8,156.8,156.8,156.8,156.8,156.8,156.8,156.8,156.8,156.8,156.8,156.8,156.8,156.8,156.8,156.8,156.8,156.8,156.8,156.8,156.8,156.8,156.8,178.0,178.0,178.0,178.0,178.0,178.0,178.0,178.0,178.0,178.0,178.0,178.0,178.0,178.0,178.0,178.0,178.0,178.0,178.0,178.0,178.0,178.0,178.0,178.0,178.0,178.0,178.0,178.0,178.0,178.0,178.0,178.0,178.0,178.0,176.6,176.6,176.6,176.6,176.6,176.6,176.6,176.6,176.6,176.6,176.6,176.6,176.6,176.6,176.6,176.6,176.6,176.6,176.6,176.6,176.6,176.6,176.6,176.6,176.6,176.6,176.6,176.6,176.6,176.6,176.6,176.6,176.6,176.6,176.6,176.6,176.6,176.6,176.6,176.6,176.6,176.6,176.6,176.6,176.6,,176.0,176.0,176.0,176.0,176.0,176.0,176.0,176.0,176.0,176.0,176.0,176.0,176.0,176.0,176.0,176.0,176.0,176.0,176.0,176.0,176.0,176.0,176.0,176.0,176.0,176.0,176.0,176.0,176.0,176.0,176.0,176.0,204.7,204.7,204.7,204.7,204.7,204.7,204.7,204.7,204.7,204.7,204.7,204.7,204.7,204.7,204.7,204.7,204.7,204.7,204.7,204.7,204.7,204.7,204.7,204.7,204.7,204.7,204.7,204.7,204.7,204.7,204.7,204.7,204.7,204.7,204.7,204.66,204.66,204.66,204.66,204.66,204.66,220.108,220.108,220.108,220.108,220.108,220.108,220.108,220.108,220.108,220.108,220.108,220.108,220.108,220.108,220.108,220.108,220.108,220.108,220.108,220.108,220.108,220.108,220.108,220.108,220.108,220.108,220.108,220.108,220.108,220.108,220.108,220.108,220.108,220.108,220.108,220.108,220.108,220.108,220.108,220.108,219.241,219.241,219.241,219.241,219.241,219.241,219.241,219.241,219.241,219.241,219.241,219.241,219.241,219.241,219.241,219.241,219.241,219.241,219.241,219.241
1984-04-01,,,,,,,,,,,,,,,,,,,,,,,,,,,,,,,,,,,,,,,,,,,,,,,,,,,,,,,,,,,,,,,,,,,,,,,,,,,,,,,,,,,,,,,,,,,,,,,,,,,,,,,,,,152.9,150.2,150.2,150.2,150.2,150.2,150.2,150.2,150.2,150.2,146.7,146.7,146.7,146.7,146.7,144.8,144.8,144.8,144.8,144.8,144.8,144.8,144.8,144.8,151.2,151.2,151.2,151.2,151.2,151.2,151.2,151.2,151.2,151.2,151.2,151.2,151.2,151.2,151.2,151.2,151.2,151.2,151.2,151.2,151.2,151.2,151.2,151.2,151.2,151.2,151.2,151.2,151.2,151.2,151.2,151.2,151.2,151.2,151.2,151.2,151.2,152.6,152.6,152.6,152.6,152.6,152.6,152.6,152.6,152.6,152.6,152.6,152.6,152.6,152.6,152.6,152.6,152.6,152.6,152.6,152.6,152.6,152.6,152.6,152.6,152.6,152.6,152.6,152.6,152.6,152.6,152.6,152.6,152.6,157.2,157.2,157.2,157.2,157.2,157.2,157.2,157.2,157.2,157.2,157.2,157.2,157.2,157.2,157.2,157.2,157.2,157.2,157.2,157.2,157.2,157.2,157.2,157.2,157.2,157.2,157.2,157.2,157.2,157.2,157.2,178.0,178.0,178.0,178.0,178.0,178.0,178.0,178.0,178.0,178.0,178.0,178.0,178.0,178.0,178.0,178.0,178.0,178.0,178.0,178.0,178.0,178.0,178.0,178.0,178.0,178.0,178.0,178.0,178.0,178.0,178.0,178.0,178.0,178.0,177.3,177.3,177.3,177.3,177.3,177.3,177.3,177.3,177.3,177.3,177.3,177.3,177.3,177.3,177.3,177.3,177.3,177.3,177.3,177.3,177.3,177.3,177.3,177.3,177.3,177.3,177.3,177.3,177.3,177.3,177.3,177.3,177.3,177.3,177.3,177.3,177.3,177.3,177.3,177.3,177.3,177.3,177.3,177.3,177.3,,176.3,176.3,176.3,176.3,176.3,176.3,176.3,176.3,176.3,176.3,176.3,176.3,176.3,176.3,176.3,176.3,176.3,176.3,176.3,176.3,176.3,176.3,176.3,176.3,176.3,176.3,176.3,176.3,176.3,176.3,176.3,176.3,205.2,205.2,205.2,205.2,205.2,205.2,205.2,205.2,205.2,205.2,205.2,205.2,205.2,205.2,205.2,205.2,205.2,205.2,205.2,205.2,205.2,205.2,205.2,205.2,205.2,205.2,205.2,205.2,205.2,205.2,205.2,205.2,205.2,205.2,205.2,205.213,205.213,205.213,205.213,205.213,205.213,220.957,220.957,220.957,220.957,220.957,220.957,220.957,220.957,220.957,220.957,220.957,220.957,220.957,220.957,220.957,220.957,220.957,220.957,220.957,220.957,220.957,220.957,220.957,220.957,220.957,220.957,220.957,220.957,220.957,220.957,220.957,220.957,220.957,220.957,220.957,220.957,220.957,220.957,220.957,220.957,220.406,220.406,220.406,220.406,220.406,220.406,220.406,220.406,220.406,220.406,220.406,220.406,220.406,220.406,220.406,220.406,220.406,220.406,220.406,220.406
1984-07-01,,,,,,,,,,,,,,,,,,,,,,,,,,,,,,,,,,,,,,,,,,,,,,,,,,,,,,,,,,,,,,,,,,,,,,,,,,,,,,,,,,,,,,,,,,,,,,,,,,,,,,,,,,,,139.3,141.7,141.7,141.7,141.7,141.7,141.7,141.7,140.3,140.3,140.3,140.3,140.3,135.8,135.8,135.8,135.8,135.8,135.8,135.8,135.8,135.8,141.4,141.4,141.4,141.4,141.4,141.4,141.4,141.4,141.4,141.4,141.4,141.4,141.4,141.4,141.4,141.4,141.4,141.4,141.4,141.4,141.4,141.4,141.4,141.4,141.4,141.4,141.4,141.4,141.4,141.4,141.4,141.4,141.4,141.4,141.4,141.4,141.4,141.8,141.8,141.8,141.8,141.8,141.8,141.8,141.8,141.8,141.8,141.8,141.8,141.8,141.8,141.8,141.8,141.8,141.8,141.8,141.8,141.8,141.8,141.8,141.8,141.8,141.8,141.8,141.8,141.8,141.8,141.8,141.8,141.8,145.3,145.3,145.3,145.3,145.3,145.3,145.3,145.3,145.3,145.3,145.3,145.3,145.3,145.3,145.3,145.3,145.3,145.3,145.3,145.3,145.3,145.3,145.3,145.3,145.3,145.3,145.3,145.3,145.3,145.3,145.3,165.7,165.7,165.7,165.7,165.7,165.7,165.7,165.7,165.7,165.7,165.7,165.7,165.7,165.7,165.7,165.7,165.7,165.7,165.7,165.7,165.7,165.7,165.7,165.7,165.7,165.7,165.7,165.7,165.7,165.7,165.7,165.7,165.7,165.7,164.9,164.9,164.9,164.9,164.9,164.9,164.9,164.9,164.9,164.9,164.9,164.9,164.9,164.9,164.9,164.9,164.9,164.9,164.9,164.9,164.9,164.9,164.9,164.9,164.9,164.9,164.9,164.9,164.9,164.9,164.9,164.9,164.9,164.9,164.9,164.9,164.9,164.9,164.9,164.9,164.9,164.9,164.9,164.9,164.9,,166.2,166.2,166.2,166.2,166.2,166.2,166.2,166.2,166.2,166.2,166.2,166.2,166.2,166.2,166.2,166.2,166.2,166.2,166.2,166.2,166.2,166.2,166.2,166.2,166.2,166.2,166.2,166.2,166.2,166.2,166.2,166.2,196.0,196.0,196.0,196.0,196.0,196.0,196.0,196.0,196.0,196.0,196.0,196.0,196.0,196.0,196.0,196.0,196.0,196.0,196.0,196.0,196.0,196.0,196.0,196.0,196.0,196.0,196.0,196.0,196.0,196.0,196.0,196.0,196.0,196.0,196.0,195.965,195.965,195.965,195.965,195.965,195.965,212.293,212.293,212.293,212.293,212.293,212.293,212.293,212.293,212.293,212.293,212.293,212.293,212.293,212.293,212.293,212.293,212.293,212.293,212.293,212.293,212.293,212.293,212.293,212.293,212.293,212.293,212.293,212.293,212.293,212.293,212.293,212.293,212.293,212.293,212.293,212.293,212.293,212.293,212.293,212.293,211.838,211.838,211.838,211.838,211.838,211.838,211.838,211.838,211.838,211.838,211.838,211.838,211.838,211.838,211.838,211.838,211.838,211.838,211.838,211.838
1984-10-01,,,,,,,,,,,,,,,,,,,,,,,,,,,,,,,,,,,,,,,,,,,,,,,,,,,,,,,,,,,,,,,,,,,,,,,,,,,,,,,,,,,,,,,,,,,,,,,,,,,,,,,,,,,,,,142.3,141.0,141.0,141.0,141.0,141.0,140.6,140.6,140.6,140.6,140.6,134.1,134.1,134.1,134.1,134.1,134.1,134.1,134.1,134.1,139.2,139.2,139.2,139.2,139.2,139.2,139.2,139.2,139.2,139.2,139.2,139.2,139.2,139.2,139.2,139.2,139.2,139.2,139.2,139.2,139.2,139.2,139.2,139.2,139.2,139.2,139.2,139.2,139.2,139.2,139.2,139.2,139.2,139.2,139.2,139.2,139.2,136.3,136.3,136.3,136.3,136.3,136.3,136.3,136.3,136.3,136.3,136.3,136.3,136.3,136.3,136.3,136.3,136.3,136.3,136.3,136.3,136.3,136.3,136.3,136.3,136.3,136.3,136.3,136.3,136.3,136.3,136.3,136.3,136.3,141.3,141.3,141.3,141.3,141.3,141.3,141.3,141.3,141.3,141.3,141.3,141.3,141.3,141.3,141.3,141.3,141.3,141.3,141.3,141.3,141.3,141.3,141.3,141.3,141.3,141.3,141.3,141.3,141.3,141.3,141.3,166.2,166.2,166.2,166.2,166.2,166.2,166.2,166.2,166.2,166.2,166.2,166.2,166.2,166.2,166.2,166.2,166.2,166.2,166.2,166.2,166.2,166.2,166.2,166.2,166.2,166.2,166.2,166.2,166.2,166.2,166.2,166.2,166.2,166.2,165.5,165.5,165.5,165.5,165.5,165.5,165.5,165.5,165.5,165.5,165.5,165.5,165.5,165.5,165.5,165.5,165.5,165.5,165.5,165.5,165.5,165.5,165.5,165.5,165.5,165.5,165.5,165.5,165.5,165.5,165.5,165.5,165.5,165.5,165.5,165.5,165.5,165.5,165.5,165.5,165.5,165.5,165.5,165.5,165.5,,165.8,165.8,165.8,165.8,165.8,165.8,165.8,165.8,165.8,165.8,165.8,165.8,165.8,165.8,165.8,165.8,165.8,165.8,165.8,165.8,165.8,165.8,165.8,165.8,165.8,165.8,165.8,165.8,165.8,165.8,165.8,165.8,197.0,197.0,197.0,197.0,197.0,197.0,197.0,197.0,197.0,197.0,197.0,197.0,197.0,197.0,197.0,197.0,197.0,197.0,197.0,197.0,197.0,197.0,197.0,197.0,197.0,197.0,197.0,197.0,197.0,197.0,197.0,197.0,197.0,197.0,197.0,196.999,196.999,196.999,196.999,196.999,196.999,213.695,213.695,213.695,213.695,213.695,213.695,213.695,213.695,213.695,213.695,213.695,213.695,213.695,213.695,213.695,213.695,213.695,213.695,213.695,213.695,213.695,213.695,213.695,213.695,213.695,213.695,213.695,213.695,213.695,213.695,213.695,213.695,213.695,213.695,213.695,213.695,213.695,213.695,213.695,213.695,213.115,213.115,213.115,213.115,213.115,213.115,213.115,213.115,213.115,213.115,213.115,213.115,213.115,213.115,213.115,213.115,213.115,213.115,213.115,213.115
1985-01-01,,,,,,,,,,,,,,,,,,,,,,,,,,,,,,,,,,,,,,,,,,,,,,,,,,,,,,,,,,,,,,,,,,,,,,,,,,,,,,,,,,,,,,,,,,,,,,,,,,,,,,,,,,,,,,,,140.0,137.0,137.0,137.0,136.6,136.6,136.6,136.6,136.6,126.0,126.0,126.0,126.0,126.0,126.0,126.0,126.0,126.0,123.6,123.6,123.6,123.6,123.6,123.6,123.6,123.6,123.6,122.8,122.8,122.8,122.8,122.8,122.8,122.8,122.8,122.8,122.8,122.8,122.8,122.8,122.8,122.8,122.8,122.8,122.8,122.8,122.8,122.8,122.8,122.8,122.8,122.8,122.8,122.8,122.8,125.2,125.2,125.2,125.2,125.2,125.2,125.2,125.2,125.2,125.2,125.2,125.2,125.2,125.2,125.2,125.2,125.2,125.2,125.2,125.2,125.2,125.2,125.2,125.2,125.2,125.2,125.2,125.2,125.2,125.2,125.2,125.2,125.2,129.1,129.1,129.1,129.1,129.1,129.1,129.1,129.1,129.1,129.1,129.1,129.1,129.1,129.1,129.1,129.1,129.1,129.1,129.1,129.1,129.1,129.1,129.1,129.1,129.1,129.1,129.1,129.1,129.1,129.1,129.1,153.7,153.7,153.7,153.7,153.7,153.7,153.7,153.7,153.7,153.7,153.7,153.7,153.7,153.7,153.7,153.7,153.7,153.7,153.7,153.7,153.7,153.7,153.7,153.7,153.7,153.7,153.7,153.7,153.7,153.7,153.7,153.7,153.7,153.7,153.5,153.5,153.5,153.5,153.5,153.5,153.5,153.5,153.5,153.5,153.5,153.5,153.5,153.5,153.5,153.5,153.5,153.5,153.5,153.5,153.5,153.5,153.5,153.5,153.5,153.5,153.5,153.5,153.5,153.5,153.5,153.5,153.5,153.5,153.5,153.5,153.5,153.5,153.5,153.5,153.5,153.5,153.5,153.5,153.5,,153.5,153.5,153.5,153.5,153.5,153.5,153.5,153.5,153.5,153.5,153.5,153.5,153.5,153.5,153.5,153.5,153.5,153.5,153.5,153.5,153.5,153.5,153.5,153.5,153.5,153.5,153.5,153.5,153.5,153.5,153.5,153.5,186.6,186.6,186.6,186.6,186.6,186.6,186.6,186.6,186.6,186.6,186.6,186.6,186.6,186.6,186.6,186.6,186.6,186.6,186.6,186.6,186.6,186.6,186.6,186.6,186.6,186.6,186.6,186.6,186.6,186.6,186.6,186.6,186.6,186.6,186.6,186.592,186.592,186.592,186.592,186.592,186.592,204.768,204.768,204.768,204.768,204.768,204.768,204.768,204.768,204.768,204.768,204.768,204.768,204.768,204.768,204.768,204.768,204.768,204.768,204.768,204.768,204.768,204.768,204.768,204.768,204.768,204.768,204.768,204.768,204.768,204.768,204.768,204.768,204.768,204.768,204.768,204.768,204.768,204.768,204.768,204.768,203.842,203.842,203.842,203.842,203.842,203.842,203.842,203.842,203.842,203.842,203.842,203.842,203.842,203.842,203.842,203.842,203.842,203.842,203.842,203.842
1985-04-01,,,,,,,,,,,,,,,,,,,,,,,,,,,,,,,,,,,,,,,,,,,,,,,,,,,,,,,,,,,,,,,,,,,,,,,,,,,,,,,,,,,,,,,,,,,,,,,,,,,,,,,,,,,,,,,,,,136.5,137.4,136.4,136.4,136.4,136.4,136.4,126.7,126.7,126.7,126.7,126.7,126.7,126.7,126.7,126.7,124.8,124.8,124.8,124.8,124.8,124.8,124.8,124.8,124.8,124.2,124.2,124.2,124.2,124.2,124.2,124.2,124.2,124.2,124.2,124.2,124.2,124.2,124.2,124.2,124.2,124.2,124.2,124.2,124.2,124.2,124.2,124.2,124.2,124.2,124.2,124.2,124.2,124.8,124.8,124.8,124.8,124.8,124.8,124.8,124.8,124.8,124.8,124.8,124.8,124.8,124.8,124.8,124.8,124.8,124.8,124.8,124.8,124.8,124.8,124.8,124.8,124.8,124.8,124.8,124.8,124.8,124.8,124.8,124.8,124.8,131.7,131.7,131.7,131.7,131.7,131.7,131.7,131.7,131.7,131.7,131.7,131.7,131.7,131.7,131.7,131.7,131.7,131.7,131.7,131.7,131.7,131.7,131.7,131.7,131.7,131.7,131.7,131.7,131.7,131.7,131.7,156.6,156.6,156.6,156.6,156.6,156.6,156.6,156.6,156.6,156.6,156.6,156.6,156.6,156.6,156.6,156.6,156.6,156.6,156.6,156.6,156.6,156.6,156.6,156.6,156.6,156.6,156.6,156.6,156.6,156.6,156.6,156.6,156.6,156.6,156.3,156.3,156.3,156.3,156.3,156.3,156.3,156.3,156.3,156.3,156.3,156.3,156.3,156.3,156.3,156.3,156.3,156.3,156.3,156.3,156.3,156.3,156.3,156.3,156.3,156.3,156.3,156.3,156.3,156.3,156.3,156.3,156.3,156.3,156.3,156.3,156.3,156.3,156.3,156.3,156.3,156.3,156.3,156.3,156.3,,154.2,154.2,154.2,154.2,154.2,154.2,154.2,154.2,154.2,154.2,154.2,154.2,154.2,154.2,154.2,154.2,154.2,154.2,154.2,154.2,154.2,154.2,154.2,154.2,154.2,154.2,154.2,154.2,154.2,154.2,154.2,154.2,187.7,187.7,187.7,187.7,187.7,187.7,187.7,187.7,187.7,187.7,187.7,187.7,187.7,187.7,187.7,187.7,187.7,187.7,187.7,187.7,187.7,187.7,187.7,187.7,187.7,187.7,187.7,187.7,187.7,187.7,187.7,187.7,187.7,187.7,187.7,187.689,187.689,187.689,187.689,187.689,187.689,205.85,205.85,205.85,205.85,205.85,205.85,205.85,205.85,205.85,205.85,205.85,205.85,205.85,205.85,205.85,205.85,205.85,205.85,205.85,205.85,205.85,205.85,205.85,205.85,205.85,205.85,205.85,205.85,205.85,205.85,205.85,205.85,205.85,205.85,205.85,205.85,205.85,205.85,205.85,205.85,204.591,204.591,204.591,204.591,204.591,204.591,204.591,204.591,204.591,204.591,204.591,204.591,204.591,204.591,204.591,204.591,204.591,204.591,204.591,204.591
1985-07-01,,,,,,,,,,,,,,,,,,,,,,,,,,,,,,,,,,,,,,,,,,,,,,,,,,,,,,,,,,,,,,,,,,,,,,,,,,,,,,,,,,,,,,,,,,,,,,,,,,,,,,,,,,,,,,,,,,,,141.1,141.1,141.1,141.1,141.1,133.4,133.4,133.4,133.4,133.4,133.4,133.4,133.4,133.4,129.7,129.7,129.7,129.7,129.7,129.7,129.7,129.7,129.7,129.2,129.2,129.2,129.2,129.2,129.2,129.2,129.2,129.2,129.2,129.2,129.2,129.2,129.2,129.2,129.2,129.2,129.2,129.2,129.2,129.2,129.2,129.2,129.2,129.2,129.2,129.2,129.2,129.8,129.8,129.8,129.8,129.8,129.8,129.8,129.8,129.8,129.8,129.8,129.8,129.8,129.8,129.8,129.8,129.8,129.8,129.8,129.8,129.8,129.8,129.8,129.8,129.8,129.8,129.8,129.8,129.8,129.8,129.8,129.8,129.8,134.6,134.6,134.6,134.6,134.6,134.6,134.6,134.6,134.6,134.6,134.6,134.6,134.6,134.6,134.6,134.6,134.6,134.6,134.6,134.6,134.6,134.6,134.6,134.6,134.6,134.6,134.6,134.6,134.6,134.6,134.6,160.4,160.4,160.4,160.4,160.4,160.4,160.4,160.4,160.4,160.4,160.4,160.4,160.4,160.4,160.4,160.4,160.4,160.4,160.4,160.4,160.4,160.4,160.4,160.4,160.4,160.4,160.4,160.4,160.4,160.4,160.4,160.4,160.4,160.4,159.5,159.5,159.5,159.5,159.5,159.5,159.5,159.5,159.5,159.5,159.5,159.5,159.5,159.5,159.5,159.5,159.5,159.5,159.5,159.5,159.5,159.5,159.5,159.5,159.5,159.5,159.5,159.5,159.5,159.5,159.5,159.5,159.5,159.5,159.5,159.5,159.5,159.5,159.5,159.5,159.5,159.5,159.5,159.5,159.5,,160.0,160.0,160.0,160.0,160.0,160.0,160.0,160.0,160.0,160.0,160.0,160.0,160.0,160.0,160.0,160.0,160.0,160.0,160.0,160.0,160.0,160.0,160.0,160.0,160.0,160.0,160.0,160.0,160.0,160.0,160.0,160.0,192.4,192.4,192.4,192.4,192.4,192.4,192.4,192.4,192.4,192.4,192.4,192.4,192.4,192.4,192.4,192.4,192.4,192.4,192.4,192.4,192.4,192.4,192.4,192.4,192.4,192.4,192.4,192.4,192.4,192.4,192.4,192.4,192.4,192.4,192.4,192.366,192.366,192.366,192.366,192.366,192.366,209.89,209.89,209.89,209.89,209.89,209.89,209.89,209.89,209.89,209.89,209.89,209.89,209.89,209.89,209.89,209.89,209.89,209.89,209.89,209.89,209.89,209.89,209.89,209.89,209.89,209.89,209.89,209.89,209.89,209.89,209.89,209.89,209.89,209.89,209.89,209.89,209.89,209.89,209.89,209.89,208.314,208.314,208.314,208.314,208.314,208.314,208.314,208.314,208.314,208.314,208.314,208.314,208.314,208.314,208.314,208.314,208.314,208.314,208.314,208.314
1985-10-01,,,,,,,,,,,,,,,,,,,,,,,,,,,,,,,,,,,,,,,,,,,,,,,,,,,,,,,,,,,,,,,,,,,,,,,,,,,,,,,,,,,,,,,,,,,,,,,,,,,,,,,,,,,,,,,,,,,,,149.5,146.7,146.7,146.7,139.4,139.4,139.4,139.4,139.4,139.4,139.4,139.4,139.4,134.4,134.4,134.4,134.4,134.4,134.4,134.4,134.4,134.4,135.2,135.2,135.2,135.2,135.2,135.2,135.2,135.2,135.2,135.2,135.2,135.2,135.2,135.2,135.2,135.2,135.2,135.2,135.2,135.2,135.2,135.2,135.2,135.2,135.2,135.2,135.2,135.2,134.2,134.2,134.2,134.2,134.2,134.2,134.2,134.2,134.2,134.2,134.2,134.2,134.2,134.2,134.2,134.2,134.2,134.2,134.2,134.2,134.2,134.2,134.2,134.2,134.2,134.2,134.2,134.2,134.2,134.2,134.2,134.2,134.2,138.3,138.3,138.3,138.3,138.3,138.3,138.3,138.3,138.3,138.3,138.3,138.3,138.3,138.3,138.3,138.3,138.3,138.3,138.3,138.3,138.3,138.3,138.3,138.3,138.3,138.3,138.3,138.3,138.3,138.3,138.3,164.1,164.1,164.1,164.1,164.1,164.1,164.1,164.1,164.1,164.1,164.1,164.1,164.1,164.1,164.1,164.1,164.1,164.1,164.1,164.1,164.1,164.1,164.1,164.1,164.1,164.1,164.1,164.1,164.1,164.1,164.1,164.1,164.1,164.1,162.8,162.8,162.8,162.8,162.8,162.8,162.8,162.8,162.8,162.8,162.8,162.8,162.8,162.8,162.8,162.8,162.8,162.8,162.8,162.8,162.8,162.8,162.8,162.8,162.8,162.8,162.8,162.8,162.8,162.8,162.8,162.8,162.8,162.8,162.8,162.8,162.8,162.8,162.8,162.8,162.8,162.8,162.8,162.8,162.8,,164.6,164.6,164.6,164.6,164.6,164.6,164.6,164.6,164.6,164.6,164.6,164.6,164.6,164.6,164.6,164.6,164.6,164.6,164.6,164.6,164.6,164.6,164.6,164.6,164.6,164.6,164.6,164.6,164.6,164.6,164.6,164.6,194.3,194.3,194.3,194.3,194.3,194.3,194.3,194.3,194.3,194.3,194.3,194.3,194.3,194.3,194.3,194.3,194.3,194.3,194.3,194.3,194.3,194.3,194.3,194.3,194.3,194.3,194.3,194.3,194.3,194.3,194.3,194.3,194.3,194.3,194.3,194.325,194.325,194.325,194.325,194.325,194.325,211.649,211.649,211.649,211.649,211.649,211.649,211.649,211.649,211.649,211.649,211.649,211.649,211.649,211.649,211.649,211.649,211.649,211.649,211.649,211.649,211.649,211.649,211.649,211.649,211.649,211.649,211.649,211.649,211.649,211.649,211.649,211.649,211.649,211.649,211.649,211.649,211.649,211.649,211.649,211.649,209.769,209.769,209.769,209.769,209.769,209.769,209.769,209.769,209.769,209.769,209.769,209.769,209.769,209.769,209.769,209.769,209.769,209.769,209.769,209.769
1986-01-01,,,,,,,,,,,,,,,,,,,,,,,,,,,,,,,,,,,,,,,,,,,,,,,,,,,,,,,,,,,,,,,,,,,,,,,,,,,,,,,,,,,,,,,,,,,,,,,,,,,,,,,,,,,,,,,,,,,,,,,139.5,137.0,135.2,135.2,135.2,135.2,126.9,126.9,126.9,126.9,126.9,120.9,120.9,120.9,120.9,120.9,120.9,120.9,120.9,120.9,123.2,123.2,123.2,123.2,123.2,123.2,123.2,123.2,123.2,112.9,112.9,112.9,112.9,112.9,112.9,112.9,112.9,112.9,112.9,112.9,112.9,112.9,112.9,112.9,112.9,112.9,112.9,112.9,109.2,109.2,109.2,109.2,109.2,109.2,109.2,109.2,109.2,109.2,109.2,109.2,109.2,109.2,109.2,109.2,109.2,109.2,109.2,109.2,109.2,109.2,109.2,109.2,109.2,109.2,109.2,109.2,109.2,109.2,109.2,109.2,109.2,112.5,112.5,112.5,112.5,112.5,112.5,112.5,112.5,112.5,112.5,112.5,112.5,112.5,112.5,112.5,112.5,112.5,112.5,112.5,112.5,112.5,112.5,112.5,112.5,112.5,112.5,112.5,112.5,112.5,112.5,112.5,133.2,133.2,133.2,133.2,133.2,133.2,133.2,133.2,133.2,133.2,133.2,133.2,133.2,133.2,133.2,133.2,133.2,133.2,133.2,133.2,133.2,133.2,133.2,133.2,133.2,133.2,133.2,133.2,133.2,133.2,133.2,133.2,133.2,133.2,131.6,131.6,131.6,131.6,131.6,131.6,131.6,131.6,131.6,131.6,131.6,131.6,131.6,131.6,131.6,131.6,131.6,131.6,131.6,131.6,131.6,131.6,131.6,131.6,131.6,131.6,131.6,131.6,131.6,131.6,131.6,131.6,131.6,131.6,131.6,131.6,131.6,131.6,131.6,131.6,131.6,131.6,131.6,131.6,131.6,,132.4,132.4,132.4,132.4,132.4,132.4,132.4,132.4,132.4,132.4,132.4,132.4,132.4,132.4,132.4,132.4,132.4,132.4,132.4,132.4,132.4,132.4,132.4,132.4,132.4,132.4,132.4,132.4,132.4,132.4,132.4,132.4,158.1,158.1,158.1,158.1,158.1,158.1,158.1,158.1,158.1,158.1,158.1,158.1,158.1,158.1,158.1,158.1,158.1,158.1,158.1,158.1,158.1,158.1,158.1,158.1,158.1,158.1,158.1,158.1,158.1,158.1,158.1,158.1,158.1,158.1,158.1,158.1,158.1,158.1,158.1,158.1,158.1,176.84,176.84,176.84,176.84,176.84,176.84,176.84,176.84,176.84,176.84,176.84,176.84,176.84,176.84,176.84,176.84,176.84,176.84,176.84,176.84,176.84,176.84,176.84,176.84,176.84,176.84,176.84,176.84,176.84,176.84,176.84,176.84,176.84,176.84,176.84,176.84,176.84,176.84,176.84,176.84,174.669,174.669,174.669,174.669,174.669,174.669,174.669,174.669,174.669,174.669,174.669,174.669,174.669,174.669,174.669,174.669,174.669,174.669,174.669,174.669
1986-04-01,,,,,,,,,,,,,,,,,,,,,,,,,,,,,,,,,,,,,,,,,,,,,,,,,,,,,,,,,,,,,,,,,,,,,,,,,,,,,,,,,,,,,,,,,,,,,,,,,,,,,,,,,,,,,,,,,,,,,,,,,,140.8,138.0,138.0,128.8,128.8,128.8,128.8,128.8,122.3,122.3,122.3,122.3,122.3,122.3,122.3,122.3,122.3,125.4,125.4,125.4,125.4,125.4,125.4,125.4,125.4,125.4,111.2,111.2,111.2,111.2,111.2,111.2,111.2,111.2,111.2,111.2,111.2,111.2,111.2,111.2,111.2,111.2,111.2,111.2,111.2,106.0,106.0,106.0,106.0,106.0,106.0,106.0,106.0,106.0,106.0,106.0,106.0,106.0,106.0,106.0,106.0,106.0,106.0,106.0,106.0,106.0,106.0,106.0,106.0,106.0,106.0,106.0,106.0,106.0,106.0,106.0,106.0,106.0,113.1,113.1,113.1,113.1,113.1,113.1,113.1,113.1,113.1,113.1,113.1,113.1,113.1,113.1,113.1,113.1,113.1,113.1,113.1,113.1,113.1,113.1,113.1,113.1,113.1,113.1,113.1,113.1,113.1,113.1,113.1,133.8,133.8,133.8,133.8,133.8,133.8,133.8,133.8,133.8,133.8,133.8,133.8,133.8,133.8,133.8,133.8,133.8,133.8,133.8,133.8,133.8,133.8,133.8,133.8,133.8,133.8,133.8,133.8,133.8,133.8,133.8,133.8,133.8,133.8,133.4,133.4,133.4,133.4,133.4,133.4,133.4,133.4,133.4,133.4,133.4,133.4,133.4,133.4,133.4,133.4,133.4,133.4,133.4,133.4,133.4,133.4,133.4,133.4,133.4,133.4,133.4,133.4,133.4,133.4,133.4,133.4,133.4,133.4,133.4,133.4,133.4,133.4,133.4,133.4,133.4,133.4,133.4,133.4,133.4,,133.2,133.2,133.2,133.2,133.2,133.2,133.2,133.2,133.2,133.2,133.2,133.2,133.2,133.2,133.2,133.2,133.2,133.2,133.2,133.2,133.2,133.2,133.2,133.2,133.2,133.2,133.2,133.2,133.2,133.2,133.2,133.2,155.0,155.0,155.0,155.0,155.0,155.0,155.0,155.0,155.0,155.0,155.0,155.0,155.0,155.0,155.0,155.0,155.0,155.0,155.0,155.0,155.0,155.0,155.0,155.0,155.0,155.0,155.0,155.0,155.0,155.0,155.0,155.0,155.0,155.0,155.0,155.037,155.037,155.037,155.037,155.037,155.037,172.969,172.969,172.969,172.969,172.969,172.969,172.969,172.969,172.969,172.969,172.969,172.969,172.969,172.969,172.969,172.969,172.969,172.969,172.969,172.969,172.969,172.969,172.969,172.969,172.969,172.969,172.969,172.969,172.969,172.969,172.969,172.969,172.969,172.969,172.969,172.969,172.969,172.969,172.969,172.969,171.227,171.227,171.227,171.227,171.227,171.227,171.227,171.227,171.227,171.227,171.227,171.227,171.227,171.227,171.227,171.227,171.227,171.227,171.227,171.227
1986-07-01,,,,,,,,,,,,,,,,,,,,,,,,,,,,,,,,,,,,,,,,,,,,,,,,,,,,,,,,,,,,,,,,,,,,,,,,,,,,,,,,,,,,,,,,,,,,,,,,,,,,,,,,,,,,,,,,,,,,,,,,,,,,144.0,135.9,135.9,135.9,135.9,135.9,130.2,130.2,130.2,130.2,130.2,130.2,130.2,130.2,130.2,132.6,132.6,132.6,132.6,132.6,132.6,132.6,132.6,132.6,115.9,115.9,115.9,115.9,115.9,115.9,115.9,115.9,115.9,115.9,115.9,115.9,115.9,115.9,115.9,115.9,115.9,115.9,115.9,111.0,111.0,111.0,111.0,111.0,111.0,111.0,111.0,111.0,111.0,111.0,111.0,111.0,111.0,111.0,111.0,111.0,111.0,111.0,111.0,111.0,111.0,111.0,111.0,111.0,111.0,111.0,111.0,111.0,111.0,111.0,111.0,111.0,115.7,115.7,115.7,115.7,115.7,115.7,115.7,115.7,115.7,115.7,115.7,115.7,115.7,115.7,115.7,115.7,115.7,115.7,115.7,115.7,115.7,115.7,115.7,115.7,115.7,115.7,115.7,115.7,115.7,115.7,115.7,136.2,136.2,136.2,136.2,136.2,136.2,136.2,136.2,136.2,136.2,136.2,136.2,136.2,136.2,136.2,136.2,136.2,136.2,136.2,136.2,136.2,136.2,136.2,136.2,136.2,136.2,136.2,136.2,136.2,136.2,136.2,136.2,136.2,136.2,135.9,135.9,135.9,135.9,135.9,135.9,135.9,135.9,135.9,135.9,135.9,135.9,135.9,135.9,135.9,135.9,135.9,135.9,135.9,135.9,135.9,135.9,135.9,135.9,135.9,135.9,135.9,135.9,135.9,135.9,135.9,135.9,135.9,135.9,135.9,135.9,135.9,135.9,135.9,135.9,135.9,135.9,135.9,135.9,135.9,,135.9,135.9,135.9,135.9,135.9,135.9,135.9,135.9,135.9,135.9,135.9,135.9,135.9,135.9,135.9,135.9,135.9,135.9,135.9,135.9,135.9,135.9,135.9,135.9,135.9,135.9,135.9,135.9,135.9,135.9,135.9,135.9,154.2,154.2,154.2,154.2,154.2,154.2,154.2,154.2,154.2,154.2,154.2,154.2,154.2,154.2,154.2,154.2,154.2,154.2,154.2,154.2,154.2,154.2,154.2,154.2,154.2,154.2,154.2,154.2,154.2,154.2,154.2,154.2,154.2,154.2,154.2,154.199,154.199,154.199,154.199,154.199,154.199,171.499,171.499,171.499,171.499,171.499,171.499,171.499,171.499,171.499,171.499,171.499,171.499,171.499,171.499,171.499,171.499,171.499,171.499,171.499,171.499,171.499,171.499,171.499,171.499,171.499,171.499,171.499,171.499,171.499,171.499,171.499,171.499,171.499,171.499,171.499,171.499,171.499,171.499,171.499,171.499,170.904,170.904,170.904,170.904,170.904,170.904,170.904,170.904,170.904,170.904,170.904,170.904,170.904,170.904,170.904,170.904,170.904,170.904,170.904,170.904
1986-10-01,,,,,,,,,,,,,,,,,,,,,,,,,,,,,,,,,,,,,,,,,,,,,,,,,,,,,,,,,,,,,,,,,,,,,,,,,,,,,,,,,,,,,,,,,,,,,,,,,,,,,,,,,,,,,,,,,,,,,,,,,,,,,,144.2,144.5,144.5,144.5,134.0,134.0,134.0,134.0,134.0,134.0,134.0,134.0,134.0,137.9,137.9,137.9,137.9,137.9,137.9,137.9,137.9,137.9,121.0,121.0,121.0,121.0,121.0,121.0,121.0,121.0,121.0,121.0,121.0,121.0,121.0,121.0,121.0,121.0,121.0,121.0,121.0,119.2,119.2,119.2,119.2,119.2,119.2,119.2,119.2,119.2,119.2,119.2,119.2,119.2,119.2,119.2,119.2,119.2,119.2,119.2,119.2,119.2,119.2,119.2,119.2,119.2,119.2,119.2,119.2,119.2,119.2,119.2,119.2,119.2,123.0,123.0,123.0,123.0,123.0,123.0,123.0,123.0,123.0,123.0,123.0,123.0,123.0,123.0,123.0,123.0,123.0,123.0,123.0,123.0,123.0,123.0,123.0,123.0,123.0,123.0,123.0,123.0,123.0,123.0,123.0,144.4,144.4,144.4,144.4,144.4,144.4,144.4,144.4,144.4,144.4,144.4,144.4,144.4,144.4,144.4,144.4,144.4,144.4,144.4,144.4,144.4,144.4,144.4,144.4,144.4,144.4,144.4,144.4,144.4,144.4,144.4,144.4,144.4,144.4,144.3,144.3,144.3,144.3,144.3,144.3,144.3,144.3,144.3,144.3,144.3,144.3,144.3,144.3,144.3,144.3,144.3,144.3,144.3,144.3,144.3,144.3,144.3,144.3,144.3,144.3,144.3,144.3,144.3,144.3,144.3,144.3,144.3,144.3,144.3,144.3,144.3,144.3,144.3,144.3,144.3,144.3,144.3,144.3,144.3,,143.6,143.6,143.6,143.6,143.6,143.6,143.6,143.6,143.6,143.6,143.6,143.6,143.6,143.6,143.6,143.6,143.6,143.6,143.6,143.6,143.6,143.6,143.6,143.6,143.6,143.6,143.6,143.6,143.6,143.6,143.6,143.6,158.7,158.7,158.7,158.7,158.7,158.7,158.7,158.7,158.7,158.7,158.7,158.7,158.7,158.7,158.7,158.7,158.7,158.7,158.7,158.7,158.7,158.7,158.7,158.7,158.7,158.7,158.7,158.7,158.7,158.7,158.7,158.7,158.7,158.7,158.7,158.74,158.74,158.74,158.74,158.74,158.74,175.984,175.984,175.984,175.984,175.984,175.984,175.984,175.984,175.984,175.984,175.984,175.984,175.984,175.984,175.984,175.984,175.984,175.984,175.984,175.984,175.984,175.984,175.984,175.984,175.984,175.984,175.984,175.984,175.984,175.984,175.984,175.984,175.984,175.984,175.984,175.984,175.984,175.984,175.984,175.984,177.255,177.255,177.255,177.255,177.255,177.255,177.255,177.255,177.255,177.255,177.255,177.255,177.255,177.255,177.255,177.255,177.255,177.255,177.255,177.255
1987-01-01,,,,,,,,,,,,,,,,,,,,,,,,,,,,,,,,,,,,,,,,,,,,,,,,,,,,,,,,,,,,,,,,,,,,,,,,,,,,,,,,,,,,,,,,,,,,,,,,,,,,,,,,,,,,,,,,,,,,,,,,,,,,,,,,136.6,138.8,129.0,129.0,129.0,129.0,129.0,129.0,129.0,129.0,129.0,135.5,135.5,135.5,135.5,135.5,135.5,135.5,135.5,135.5,131.4,131.4,131.4,131.4,131.4,131.4,131.4,131.4,134.8,134.8,134.8,134.8,134.8,134.8,134.8,134.8,134.8,134.8,134.8,140.2,140.2,140.2,140.2,140.2,140.2,140.2,140.2,140.2,140.2,140.2,140.2,140.2,140.2,140.2,140.2,140.2,140.2,140.2,140.2,140.2,140.2,140.2,140.2,140.2,140.2,140.2,140.2,140.2,140.2,140.2,140.2,140.2,144.4,144.4,144.4,144.4,144.4,144.4,144.4,144.4,144.4,144.4,144.4,144.4,144.4,144.4,144.4,144.4,144.4,144.4,144.4,144.4,144.4,144.4,144.4,144.4,144.4,144.4,144.4,144.4,144.4,144.4,144.4,164.6,164.6,164.6,164.6,164.6,164.6,164.6,164.6,164.6,164.6,164.6,164.6,164.6,164.6,164.6,164.6,164.6,164.6,164.6,164.6,164.6,164.6,164.6,164.6,164.6,164.6,164.6,164.6,164.6,164.6,164.6,164.6,164.6,164.6,162.8,162.8,162.8,162.8,162.8,162.8,162.8,162.8,162.8,162.8,162.8,162.8,162.8,162.8,162.8,162.8,162.8,162.8,162.8,162.8,162.8,162.8,162.8,162.8,162.8,162.8,162.8,162.8,162.8,162.8,162.8,162.8,162.8,162.8,162.8,162.8,162.8,162.8,162.8,162.8,162.8,162.8,162.8,162.8,162.8,,158.5,158.5,158.5,158.5,158.5,158.5,158.5,158.5,158.5,158.5,158.5,158.5,158.5,158.5,158.5,158.5,158.5,158.5,158.5,158.5,158.5,158.5,158.5,158.5,158.5,158.5,158.5,158.5,158.5,158.5,158.5,158.5,170.7,170.7,170.7,170.7,170.7,170.7,170.7,170.7,170.7,170.7,170.7,170.7,170.7,170.7,170.7,170.7,170.7,170.7,170.7,170.7,170.7,170.7,170.7,170.7,170.7,170.7,170.7,170.7,170.7,170.7,170.7,170.7,170.7,170.7,170.7,170.668,170.668,170.668,170.668,170.668,170.668,187.831,187.831,187.831,187.831,187.831,187.831,187.831,187.831,187.831,187.831,187.831,187.831,187.831,187.831,187.831,187.831,187.831,187.831,187.831,187.831,187.831,187.831,187.831,187.831,187.831,187.831,187.831,187.831,187.831,187.831,187.831,187.831,187.831,187.831,187.831,187.831,187.831,187.831,187.831,187.831,191.686,191.686,191.686,191.686,191.686,191.686,191.686,191.686,191.686,191.686,191.686,191.686,191.686,191.686,191.686,191.686,191.686,191.686,191.686,191.686
1987-04-01,,,,,,,,,,,,,,,,,,,,,,,,,,,,,,,,,,,,,,,,,,,,,,,,,,,,,,,,,,,,,,,,,,,,,,,,,,,,,,,,,,,,,,,,,,,,,,,,,,,,,,,,,,,,,,,,,,,,,,,,,,,,,,,,,,,134.4,134.5,134.5,134.5,134.5,134.5,134.5,134.5,141.1,141.1,141.1,141.1,141.1,141.1,141.1,141.1,141.1,139.4,139.4,139.4,139.4,139.4,139.4,139.4,139.4,146.3,146.3,146.3,146.3,146.3,146.3,146.3,146.3,146.3,146.3,146.3,157.9,157.9,157.9,157.9,157.9,157.9,157.9,157.9,157.9,157.9,157.9,157.9,157.9,157.9,157.9,157.9,157.9,157.9,157.9,157.9,157.9,157.9,157.9,157.9,157.9,157.9,157.9,157.9,157.9,157.9,157.9,157.9,157.9,167.3,167.3,167.3,167.3,167.3,167.3,167.3,167.3,167.3,167.3,167.3,167.3,167.3,167.3,167.3,167.3,167.3,167.3,167.3,167.3,167.3,167.3,167.3,167.3,167.3,167.3,167.3,167.3,167.3,167.3,167.3,187.3,187.3,187.3,187.3,187.3,187.3,187.3,187.3,187.3,187.3,187.3,187.3,187.3,187.3,187.3,187.3,187.3,187.3,187.3,187.3,187.3,187.3,187.3,187.3,187.3,187.3,187.3,187.3,187.3,187.3,187.3,187.3,187.3,187.3,186.5,186.5,186.5,186.5,186.5,186.5,186.5,186.5,186.5,186.5,186.5,186.5,186.5,186.5,186.5,186.5,186.5,186.5,186.5,186.5,186.5,186.5,186.5,186.5,186.5,186.5,186.5,186.5,186.5,186.5,186.5,186.5,186.5,186.5,186.5,186.5,186.5,186.5,186.5,186.5,186.5,186.5,186.5,186.5,186.5,,188.4,188.4,188.4,188.4,188.4,188.4,188.4,188.4,188.4,188.4,188.4,188.4,188.4,188.4,188.4,188.4,188.4,188.4,188.4,188.4,188.4,188.4,188.4,188.4,188.4,188.4,188.4,188.4,188.4,188.4,188.4,188.4,197.7,197.7,197.7,197.7,197.7,197.7,197.7,197.7,197.7,197.7,197.7,197.7,197.7,197.7,197.7,197.7,197.7,197.7,197.7,197.7,197.7,197.7,197.7,197.7,197.7,197.7,197.7,197.7,197.7,197.7,197.7,197.7,197.7,197.7,197.7,197.663,197.663,197.663,197.663,197.663,197.663,215.335,215.335,215.335,215.335,215.335,215.335,215.335,215.335,215.335,215.335,215.335,215.335,215.335,215.335,215.335,215.335,215.335,215.335,215.335,215.335,215.335,215.335,215.335,215.335,215.335,215.335,215.335,215.335,215.335,215.335,215.335,215.335,215.335,215.335,215.335,215.335,215.335,215.335,215.335,215.335,220.614,220.614,220.614,220.614,220.614,220.614,220.614,220.614,220.614,220.614,220.614,220.614,220.614,220.614,220.614,220.614,220.614,220.614,220.614,220.614
1987-07-01,,,,,,,,,,,,,,,,,,,,,,,,,,,,,,,,,,,,,,,,,,,,,,,,,,,,,,,,,,,,,,,,,,,,,,,,,,,,,,,,,,,,,,,,,,,,,,,,,,,,,,,,,,,,,,,,,,,,,,,,,,,,,,,,,,,,,141.5,141.9,141.9,141.9,141.9,141.9,149.5,149.5,149.5,149.5,149.5,149.5,149.5,149.5,149.5,148.3,148.3,148.3,148.3,148.3,148.3,148.3,148.3,155.0,155.0,155.0,155.0,155.0,155.0,155.0,155.0,155.0,155.0,155.0,169.1,169.1,169.1,169.1,169.1,169.1,169.1,169.1,169.1,169.1,169.1,169.1,169.1,169.1,169.1,169.1,169.1,169.1,169.1,169.1,169.1,169.1,169.1,169.1,169.1,169.1,169.1,169.1,169.1,169.1,169.1,169.1,169.1,173.8,173.8,173.8,173.8,173.8,173.8,173.8,173.8,173.8,173.8,173.8,173.8,173.8,173.8,173.8,173.8,173.8,173.8,173.8,173.8,173.8,173.8,173.8,173.8,173.8,173.8,173.8,173.8,173.8,173.8,173.8,195.6,195.6,195.6,195.6,195.6,195.6,195.6,195.6,195.6,195.6,195.6,195.6,195.6,195.6,195.6,195.6,195.6,195.6,195.6,195.6,195.6,195.6,195.6,195.6,195.6,195.6,195.6,195.6,195.6,195.6,195.6,195.6,195.6,195.6,195.4,195.4,195.4,195.4,195.4,195.4,195.4,195.4,195.4,195.4,195.4,195.4,195.4,195.4,195.4,195.4,195.4,195.4,195.4,195.4,195.4,195.4,195.4,195.4,195.4,195.4,195.4,195.4,195.4,195.4,195.4,195.4,195.4,195.4,195.4,195.4,195.4,195.4,195.4,195.4,195.4,195.4,195.4,195.4,195.4,,205.9,205.9,205.9,205.9,205.9,205.9,205.9,205.9,205.9,205.9,205.9,205.9,205.9,205.9,205.9,205.9,205.9,205.9,205.9,205.9,205.9,205.9,205.9,205.9,205.9,205.9,205.9,205.9,205.9,205.9,205.9,205.9,212.1,212.1,212.1,212.1,212.1,212.1,212.1,212.1,212.1,212.1,212.1,212.1,212.1,212.1,212.1,212.1,212.1,212.1,212.1,212.1,212.1,212.1,212.1,212.1,212.1,212.1,212.1,212.1,212.1,212.1,212.1,212.1,212.1,212.1,212.1,212.146,212.146,212.146,212.146,212.146,212.146,230.169,230.169,230.169,230.169,230.169,230.169,230.169,230.169,230.169,230.169,230.169,230.169,230.169,230.169,230.169,230.169,230.169,230.169,230.169,230.169,230.169,230.169,230.169,230.169,230.169,230.169,230.169,230.169,230.169,230.169,230.169,230.169,230.169,230.169,230.169,230.169,230.169,230.169,230.169,230.169,235.711,235.711,235.711,235.711,235.711,235.711,235.711,235.711,235.711,235.711,235.711,235.711,235.711,235.711,235.711,235.711,235.711,235.711,235.711,235.711
1987-10-01,,,,,,,,,,,,,,,,,,,,,,,,,,,,,,,,,,,,,,,,,,,,,,,,,,,,,,,,,,,,,,,,,,,,,,,,,,,,,,,,,,,,,,,,,,,,,,,,,,,,,,,,,,,,,,,,,,,,,,,,,,,,,,,,,,,,,,,144.2,145.6,145.6,145.6,145.7,145.7,145.7,145.7,145.7,145.7,145.7,145.7,145.7,148.9,148.9,148.9,148.9,148.9,148.9,148.9,148.9,157.6,157.6,157.6,157.6,157.6,157.6,157.6,157.6,157.6,157.6,157.6,176.0,176.0,176.0,176.0,176.0,176.0,176.0,176.0,176.0,176.0,176.0,176.0,176.0,176.0,176.0,176.0,176.0,176.0,176.0,176.0,176.0,176.0,176.0,176.0,176.0,176.0,176.0,176.0,176.0,176.0,176.0,176.0,176.0,180.6,180.6,180.6,180.6,180.6,180.6,180.6,180.6,180.6,180.6,180.6,180.6,180.6,180.6,180.6,180.6,180.6,180.6,180.6,180.6,180.6,180.6,180.6,180.6,180.6,180.6,180.6,180.6,180.6,180.6,180.6,202.6,202.6,202.6,202.6,202.6,202.6,202.6,202.6,202.6,202.6,202.6,202.6,202.6,202.6,202.6,202.6,202.6,202.6,202.6,202.6,202.6,202.6,202.6,202.6,202.6,202.6,202.6,202.6,202.6,202.6,202.6,202.6,202.6,202.6,204.0,204.0,204.0,204.0,204.0,204.0,204.0,204.0,204.0,204.0,204.0,204.0,204.0,204.0,204.0,204.0,204.0,204.0,204.0,204.0,204.0,204.0,204.0,204.0,204.0,204.0,204.0,204.0,204.0,204.0,204.0,204.0,204.0,204.0,204.0,204.0,204.0,204.0,204.0,204.0,204.0,204.0,204.0,204.0,204.0,,217.8,217.8,217.8,217.8,217.8,217.8,217.8,217.8,217.8,217.8,217.8,217.8,217.8,217.8,217.8,217.8,217.8,217.8,217.8,217.8,217.8,217.8,217.8,217.8,217.8,217.8,217.8,217.8,217.8,217.8,217.8,217.8,220.9,220.9,220.9,220.9,220.9,220.9,220.9,220.9,220.9,220.9,220.9,220.9,220.9,220.9,220.9,220.9,220.9,220.9,220.9,220.9,220.9,220.9,220.9,220.9,220.9,220.9,220.9,220.9,220.9,220.9,220.9,220.9,220.9,220.9,220.9,220.921,220.921,220.921,220.921,220.921,220.921,239.018,239.018,239.018,239.018,239.018,239.018,239.018,239.018,239.018,239.018,239.018,239.018,239.018,239.018,239.018,239.018,239.018,239.018,239.018,239.018,239.018,239.018,239.018,239.018,239.018,239.018,239.018,239.018,239.018,239.018,239.018,239.018,239.018,239.018,239.018,239.018,239.018,239.018,239.018,239.018,243.661,243.661,243.661,243.661,243.661,243.661,243.661,243.661,243.661,243.661,243.661,243.661,243.661,243.661,243.661,243.661,243.661,243.661,243.661,243.661
1988-01-01,,,,,,,,,,,,,,,,,,,,,,,,,,,,,,,,,,,,,,,,,,,,,,,,,,,,,,,,,,,,,,,,,,,,,,,,,,,,,,,,,,,,,,,,,,,,,,,,,,,,,,,,,,,,,,,,,,,,,,,,,,,,,,,,,,,,,,,,,146.4,144.2,149.4,149.4,149.4,149.4,149.4,149.4,149.4,149.4,149.4,159.9,159.9,159.9,159.9,159.9,159.9,159.9,159.9,171.6,171.6,171.6,171.6,171.6,171.6,171.6,171.6,171.6,171.6,171.6,195.5,195.5,195.5,195.5,195.5,195.5,195.5,195.5,195.5,195.5,195.5,195.5,195.5,195.5,195.5,195.5,195.5,195.5,195.5,195.5,195.5,195.5,195.5,195.5,195.5,195.5,195.5,195.5,195.5,195.5,195.5,195.5,195.5,201.0,201.0,201.0,201.0,201.0,201.0,201.0,201.0,201.0,201.0,201.0,201.0,201.0,201.0,201.0,201.0,201.0,201.0,201.0,201.0,201.0,201.0,201.0,201.0,201.0,201.0,201.0,201.0,201.0,201.0,201.0,225.4,225.4,225.4,225.4,225.4,225.4,225.4,225.4,225.4,225.4,225.4,225.4,225.4,225.4,225.4,225.4,225.4,225.4,225.4,225.4,225.4,225.4,225.4,225.4,225.4,225.4,225.4,225.4,225.4,225.4,225.4,225.4,225.4,225.4,225.3,225.3,225.3,225.3,225.3,225.3,225.3,225.3,225.3,225.3,225.3,225.3,225.3,225.3,225.3,225.3,225.3,225.3,225.3,225.3,225.3,225.3,225.3,225.3,225.3,225.3,225.3,225.3,225.3,225.3,225.3,225.3,225.3,225.3,225.3,225.3,225.3,225.3,225.3,225.3,225.3,225.3,225.3,225.3,225.3,,232.9,232.9,232.9,232.9,232.9,232.9,232.9,232.9,232.9,232.9,232.9,232.9,232.9,232.9,232.9,232.9,232.9,232.9,232.9,232.9,232.9,232.9,232.9,232.9,232.9,232.9,232.9,232.9,232.9,232.9,232.9,232.9,232.9,232.9,232.9,232.9,232.9,232.9,232.9,232.9,232.9,232.9,232.9,232.9,232.9,232.9,232.9,232.9,232.9,232.9,232.9,232.9,232.9,232.9,232.9,232.9,232.9,232.9,232.9,232.9,232.9,232.9,232.9,232.9,232.9,232.9,232.9,232.899,232.899,232.899,232.899,232.899,232.899,249.639,249.639,249.639,249.639,249.639,249.639,249.639,249.639,249.639,249.639,249.639,249.639,249.639,249.639,249.639,249.639,249.639,249.639,249.639,249.639,249.639,249.639,249.639,249.639,249.639,249.639,249.639,249.639,249.639,249.639,249.639,249.639,249.639,249.639,249.639,249.639,249.639,249.639,249.639,249.639,252.224,252.224,252.224,252.224,252.224,252.224,252.224,252.224,252.224,252.224,252.224,252.224,252.224,252.224,252.224,252.224,252.224,252.224,252.224,252.224
1988-04-01,,,,,,,,,,,,,,,,,,,,,,,,,,,,,,,,,,,,,,,,,,,,,,,,,,,,,,,,,,,,,,,,,,,,,,,,,,,,,,,,,,,,,,,,,,,,,,,,,,,,,,,,,,,,,,,,,,,,,,,,,,,,,,,,,,,,,,,,,,,,166.6,162.7,162.7,162.7,162.7,162.7,162.7,162.7,166.9,166.9,166.9,166.9,166.9,166.9,166.9,166.9,178.9,178.9,178.9,178.9,178.9,178.9,178.9,178.9,178.9,178.9,178.9,207.2,207.2,207.2,207.2,207.2,207.2,207.2,207.2,207.2,207.2,207.2,207.2,207.2,207.2,207.2,207.2,207.2,207.2,207.2,207.2,207.2,207.2,207.2,207.2,207.2,207.2,207.2,207.2,207.2,207.2,207.2,207.2,207.2,217.1,217.1,217.1,217.1,217.1,217.1,217.1,217.1,217.1,217.1,217.1,217.1,217.1,217.1,217.1,217.1,217.1,217.1,217.1,217.1,217.1,217.1,217.1,217.1,217.1,217.1,217.1,217.1,217.1,217.1,217.1,244.1,244.1,244.1,244.1,244.1,244.1,244.1,244.1,244.1,244.1,244.1,244.1,244.1,244.1,244.1,244.1,244.1,244.1,244.1,244.1,244.1,244.1,244.1,244.1,244.1,244.1,244.1,244.1,244.1,244.1,244.1,244.1,244.1,244.1,243.4,243.4,243.4,243.4,243.4,243.4,243.4,243.4,243.4,243.4,243.4,243.4,243.4,243.4,243.4,243.4,243.4,243.4,243.4,243.4,243.4,243.4,243.4,243.4,243.4,243.4,243.4,243.4,243.4,243.4,243.4,243.4,243.4,243.4,243.4,243.4,243.4,243.4,243.4,243.4,243.4,243.4,243.4,243.4,243.4,,250.4,250.4,250.4,250.4,250.4,250.4,250.4,250.4,250.4,250.4,250.4,250.4,250.4,250.4,250.4,250.4,250.4,250.4,250.4,250.4,250.4,250.4,250.4,250.4,250.4,250.4,250.4,250.4,250.4,250.4,250.4,250.4,248.6,248.6,248.6,248.6,248.6,248.6,248.6,248.6,248.6,248.6,248.6,248.6,248.6,248.6,248.6,248.6,248.6,248.6,248.6,248.6,248.6,248.6,248.6,248.6,248.6,248.6,248.6,248.6,248.6,248.6,248.6,248.6,248.6,248.6,248.6,248.551,248.551,248.551,248.551,248.551,248.551,265.179,265.179,265.179,265.179,265.179,265.179,265.179,265.179,265.179,265.179,265.179,265.179,265.179,265.179,265.179,265.179,265.179,265.179,265.179,265.179,265.179,265.179,265.179,265.179,265.179,265.179,265.179,265.179,265.179,265.179,265.179,265.179,265.179,265.179,265.179,265.179,265.179,265.179,265.179,265.179,266.622,266.622,266.622,266.622,266.622,266.622,266.622,266.622,266.622,266.622,266.622,266.622,266.622,266.622,266.622,266.622,266.622,266.622,266.622,266.622
1988-07-01,,,,,,,,,,,,,,,,,,,,,,,,,,,,,,,,,,,,,,,,,,,,,,,,,,,,,,,,,,,,,,,,,,,,,,,,,,,,,,,,,,,,,,,,,,,,,,,,,,,,,,,,,,,,,,,,,,,,,,,,,,,,,,,,,,,,,,,,,,,,,,163.1,169.1,169.1,169.1,169.1,169.1,173.2,173.2,173.2,173.2,173.2,173.2,173.2,173.2,182.5,182.5,182.5,182.5,182.5,182.5,182.5,182.5,182.5,182.5,182.5,213.4,213.4,213.4,213.4,213.4,213.4,213.4,213.4,213.4,213.4,213.4,213.4,213.4,213.4,213.4,213.4,213.4,213.4,213.4,213.4,213.4,213.4,213.4,213.4,213.4,213.4,213.4,213.4,213.4,213.4,213.4,213.4,213.4,220.3,220.3,220.3,220.3,220.3,220.3,220.3,220.3,220.3,220.3,220.3,220.3,220.3,220.3,220.3,220.3,220.3,220.3,220.3,220.3,220.3,220.3,220.3,220.3,220.3,220.3,220.3,220.3,220.3,220.3,220.3,249.1,249.1,249.1,249.1,249.1,249.1,249.1,249.1,249.1,249.1,249.1,249.1,249.1,249.1,249.1,249.1,249.1,249.1,249.1,249.1,249.1,249.1,249.1,249.1,249.1,249.1,249.1,249.1,249.1,249.1,249.1,249.1,249.1,249.1,248.9,248.9,248.9,248.9,248.9,248.9,248.9,248.9,248.9,248.9,248.9,248.9,248.9,248.9,248.9,248.9,248.9,248.9,248.9,248.9,248.9,248.9,248.9,248.9,248.9,248.9,248.9,248.9,248.9,248.9,248.9,248.9,248.9,248.9,248.9,248.9,248.9,248.9,248.9,248.9,248.9,248.9,248.9,248.9,248.9,,249.6,249.6,249.6,249.6,249.6,249.6,249.6,249.6,249.6,249.6,249.6,249.6,249.6,249.6,249.6,249.6,249.6,249.6,249.6,249.6,249.6,249.6,249.6,249.6,249.6,249.6,249.6,249.6,249.6,249.6,249.6,249.6,247.1,247.1,247.1,247.1,247.1,247.1,247.1,247.1,247.1,247.1,247.1,247.1,247.1,247.1,247.1,247.1,247.1,247.1,247.1,247.1,247.1,247.1,247.1,247.1,247.1,247.1,247.1,247.1,247.1,247.1,247.1,247.1,247.1,247.1,247.1,247.13,247.13,247.13,247.13,247.13,247.13,264.662,264.662,264.662,264.662,264.662,264.662,264.662,264.662,264.662,264.662,264.662,264.662,264.662,264.662,264.662,264.662,264.662,264.662,264.662,264.662,264.662,264.662,264.662,264.662,264.662,264.662,264.662,264.662,264.662,264.662,264.662,264.662,264.662,264.662,264.662,264.662,264.662,264.662,264.662,264.662,265.879,265.879,265.879,265.879,265.879,265.879,265.879,265.879,265.879,265.879,265.879,265.879,265.879,265.879,265.879,265.879,265.879,265.879,265.879,265.879
1988-10-01,,,,,,,,,,,,,,,,,,,,,,,,,,,,,,,,,,,,,,,,,,,,,,,,,,,,,,,,,,,,,,,,,,,,,,,,,,,,,,,,,,,,,,,,,,,,,,,,,,,,,,,,,,,,,,,,,,,,,,,,,,,,,,,,,,,,,,,,,,,,,,,,173.9,174.5,174.5,174.5,175.6,175.6,175.6,175.6,175.6,175.6,175.6,175.6,189.1,189.1,189.1,189.1,189.1,189.1,189.1,189.1,189.1,189.1,189.1,226.0,226.0,226.0,226.0,226.0,226.0,226.0,226.0,226.0,226.0,226.0,226.0,226.0,226.0,226.0,226.0,226.0,226.0,226.0,226.0,226.0,226.0,226.0,226.0,226.0,226.0,226.0,226.0,226.0,226.0,226.0,226.0,226.0,231.0,231.0,231.0,231.0,231.0,231.0,231.0,231.0,231.0,231.0,231.0,231.0,231.0,231.0,231.0,231.0,231.0,231.0,231.0,231.0,231.0,231.0,231.0,231.0,231.0,231.0,231.0,231.0,231.0,231.0,231.0,260.5,260.5,260.5,260.5,260.5,260.5,260.5,260.5,260.5,260.5,260.5,260.5,260.5,260.5,260.5,260.5,260.5,260.5,260.5,260.5,260.5,260.5,260.5,260.5,260.5,260.5,260.5,260.5,260.5,260.5,260.5,260.5,260.5,260.5,260.2,260.2,260.2,260.2,260.2,260.2,260.2,260.2,260.2,260.2,260.2,260.2,260.2,260.2,260.2,260.2,260.2,260.2,260.2,260.2,260.2,260.2,260.2,260.2,260.2,260.2,260.2,260.2,260.2,260.2,260.2,260.2,260.2,260.2,260.2,260.2,260.2,260.2,260.2,260.2,260.2,260.2,260.2,260.2,260.2,,260.2,260.2,260.2,260.2,260.2,260.2,260.2,260.2,260.2,260.2,260.2,260.2,260.2,260.2,260.2,260.2,260.2,260.2,260.2,260.2,260.2,260.2,260.2,260.2,260.2,260.2,260.2,260.2,260.2,260.2,260.2,260.2,258.3,258.3,258.3,258.3,258.3,258.3,258.3,258.3,258.3,258.3,258.3,258.3,258.3,258.3,258.3,258.3,258.3,258.3,258.3,258.3,258.3,258.3,258.3,258.3,258.3,258.3,258.3,258.3,258.3,258.3,258.3,258.3,258.3,258.3,258.3,258.325,258.325,258.325,258.325,258.325,258.325,276.88,276.88,276.88,276.88,276.88,276.88,276.88,276.88,276.88,276.88,276.88,276.88,276.88,276.88,276.88,276.88,276.88,276.88,276.88,276.88,276.88,276.88,276.88,276.88,276.88,276.88,276.88,276.88,276.88,276.88,276.88,276.88,276.88,276.88,276.88,276.88,276.88,276.88,276.88,276.88,278.787,278.787,278.787,278.787,278.787,278.787,278.787,278.787,278.787,278.787,278.787,278.787,278.787,278.787,278.787,278.787,278.787,278.787,278.787,278.787
1989-01-01,,,,,,,,,,,,,,,,,,,,,,,,,,,,,,,,,,,,,,,,,,,,,,,,,,,,,,,,,,,,,,,,,,,,,,,,,,,,,,,,,,,,,,,,,,,,,,,,,,,,,,,,,,,,,,,,,,,,,,,,,,,,,,,,,,,,,,,,,,,,,,,,,,171.6,172.6,173.6,173.6,173.6,173.6,173.6,173.6,173.6,173.6,186.7,186.7,186.7,186.7,186.7,186.7,186.7,186.7,186.7,186.7,186.7,221.3,221.3,221.3,221.3,221.3,221.3,214.1,214.1,214.1,214.1,214.1,214.1,214.1,214.1,214.1,214.1,214.1,214.1,214.1,214.1,214.1,214.1,214.1,214.1,214.1,214.1,214.1,214.1,214.1,214.1,214.1,214.1,214.1,219.3,219.3,219.3,219.3,219.3,219.3,219.3,219.3,219.3,219.3,219.3,219.3,219.3,219.3,219.3,219.3,219.3,219.3,219.3,219.3,219.3,219.3,219.3,219.3,219.3,219.3,219.3,219.3,219.3,219.3,219.3,249.3,249.3,249.3,249.3,249.3,249.3,249.3,249.3,249.3,249.3,249.3,249.3,249.3,249.3,249.3,249.3,249.3,249.3,249.3,249.3,249.3,249.3,249.3,249.3,249.3,249.3,249.3,249.3,249.3,249.3,249.3,249.3,249.3,249.3,251.4,251.4,251.4,251.4,251.4,251.4,251.4,251.4,251.4,251.4,251.4,251.4,251.4,251.4,251.4,251.4,251.4,251.4,251.4,251.4,251.4,251.4,251.4,251.4,251.4,251.4,251.4,251.4,251.4,251.4,251.4,251.4,251.4,251.4,251.4,251.4,251.4,251.4,251.4,251.4,251.4,251.4,251.4,251.4,251.4,,253.9,253.9,253.9,253.9,253.9,253.9,253.9,253.9,253.9,253.9,253.9,253.9,253.9,253.9,253.9,253.9,253.9,253.9,253.9,253.9,253.9,253.9,253.9,253.9,253.9,253.9,253.9,253.9,253.9,253.9,253.9,253.9,253.9,253.9,253.9,253.9,253.9,253.9,253.9,253.9,253.9,253.9,253.9,253.9,253.9,253.9,253.9,253.9,253.9,253.9,253.9,253.9,253.9,253.9,253.9,253.9,253.9,253.9,253.9,253.9,253.9,253.9,253.9,253.9,253.9,253.9,253.9,253.915,253.915,253.915,253.915,253.915,253.915,275.1,275.1,275.1,275.1,275.1,275.1,275.1,275.1,275.1,275.1,275.1,275.1,275.1,275.1,275.1,275.1,275.1,275.1,275.1,275.1,275.1,275.1,275.1,275.1,275.1,275.1,275.1,275.1,275.1,275.1,275.1,275.1,275.1,275.1,275.1,275.1,275.1,275.1,275.1,275.1,278.613,278.613,278.613,278.613,278.613,278.613,278.613,278.613,278.613,278.613,278.613,278.613,278.613,278.613,278.613,278.613,278.613,278.613,278.613,278.613
1989-04-01,,,,,,,,,,,,,,,,,,,,,,,,,,,,,,,,,,,,,,,,,,,,,,,,,,,,,,,,,,,,,,,,,,,,,,,,,,,,,,,,,,,,,,,,,,,,,,,,,,,,,,,,,,,,,,,,,,,,,,,,,,,,,,,,,,,,,,,,,,,,,,,,,,,,,164.3,161.1,161.1,161.1,161.1,161.1,161.1,173.8,173.8,173.8,173.8,173.8,173.8,173.8,173.8,173.8,173.8,173.8,206.2,206.2,206.2,206.2,206.2,206.2,202.0,202.0,202.0,202.0,202.0,202.0,202.0,202.0,202.0,202.0,202.0,202.0,202.0,202.0,202.0,202.0,202.0,202.0,202.0,202.0,202.0,202.0,202.0,202.0,202.0,202.0,202.0,206.7,206.7,206.7,206.7,206.7,206.7,206.7,206.7,206.7,206.7,206.7,206.7,206.7,206.7,206.7,206.7,206.7,206.7,206.7,206.7,206.7,206.7,206.7,206.7,206.7,206.7,206.7,206.7,206.7,206.7,206.7,235.5,235.5,235.5,235.5,235.5,235.5,235.5,235.5,235.5,235.5,235.5,235.5,235.5,235.5,235.5,235.5,235.5,235.5,235.5,235.5,235.5,235.5,235.5,235.5,235.5,235.5,235.5,235.5,235.5,235.5,235.5,235.5,235.5,235.5,238.0,238.0,238.0,238.0,238.0,238.0,238.0,238.0,238.0,238.0,238.0,238.0,238.0,238.0,238.0,238.0,238.0,238.0,238.0,238.0,238.0,238.0,238.0,238.0,238.0,238.0,238.0,238.0,238.0,238.0,238.0,238.0,238.0,238.0,238.0,238.0,238.0,238.0,238.0,238.0,238.0,238.0,238.0,238.0,238.0,,246.2,246.2,246.2,246.2,246.2,246.2,246.2,246.2,246.2,246.2,246.2,246.2,246.2,246.2,246.2,246.2,246.2,246.2,246.2,246.2,246.2,246.2,246.2,246.2,246.2,246.2,246.2,246.2,246.2,246.2,246.2,246.2,246.6,246.6,246.6,246.6,246.6,246.6,246.6,246.6,246.6,246.6,246.6,246.6,246.6,246.6,246.6,246.6,246.6,246.6,246.6,246.6,246.6,246.6,246.6,246.6,246.6,246.6,246.6,246.6,246.6,246.6,246.6,246.6,246.6,246.6,246.6,246.582,246.582,246.582,246.582,246.582,246.582,268.646,268.646,268.646,268.646,268.646,268.646,268.646,268.646,268.646,268.646,268.646,268.646,268.646,268.646,268.646,268.646,268.646,268.646,268.646,268.646,268.646,268.646,268.646,268.646,268.646,268.646,268.646,268.646,268.646,268.646,268.646,268.646,268.646,268.646,268.646,268.646,268.646,268.646,268.646,268.646,273.165,273.165,273.165,273.165,273.165,273.165,273.165,273.165,273.165,273.165,273.165,273.165,273.165,273.165,273.165,273.165,273.165,273.165,273.165,273.165
1989-07-01,,,,,,,,,,,,,,,,,,,,,,,,,,,,,,,,,,,,,,,,,,,,,,,,,,,,,,,,,,,,,,,,,,,,,,,,,,,,,,,,,,,,,,,,,,,,,,,,,,,,,,,,,,,,,,,,,,,,,,,,,,,,,,,,,,,,,,,,,,,,,,,,,,,,,,,149.5,152.4,152.4,152.4,152.4,163.6,163.6,163.6,163.6,163.6,163.6,163.6,163.6,163.6,163.6,163.6,195.7,195.7,195.7,195.7,195.7,195.7,190.5,190.5,190.5,190.5,190.5,190.5,190.5,190.5,190.5,190.5,190.5,190.5,190.5,190.5,190.5,190.5,190.5,190.5,190.5,190.5,190.5,190.5,190.5,190.5,190.5,190.5,190.5,196.9,196.9,196.9,196.9,196.9,196.9,196.9,196.9,196.9,196.9,196.9,196.9,196.9,196.9,196.9,196.9,196.9,196.9,196.9,196.9,196.9,196.9,196.9,196.9,196.9,196.9,196.9,196.9,196.9,196.9,196.9,223.4,223.4,223.4,223.4,223.4,223.4,223.4,223.4,223.4,223.4,223.4,223.4,223.4,223.4,223.4,223.4,223.4,223.4,223.4,223.4,223.4,223.4,223.4,223.4,223.4,223.4,223.4,223.4,223.4,223.4,223.4,223.4,223.4,223.4,225.8,225.8,225.8,225.8,225.8,225.8,225.8,225.8,225.8,225.8,225.8,225.8,225.8,225.8,225.8,225.8,225.8,225.8,225.8,225.8,225.8,225.8,225.8,225.8,225.8,225.8,225.8,225.8,225.8,225.8,225.8,225.8,225.8,225.8,225.8,225.8,225.8,225.8,225.8,225.8,225.8,225.8,225.8,225.8,225.8,,237.3,237.3,237.3,237.3,237.3,237.3,237.3,237.3,237.3,237.3,237.3,237.3,237.3,237.3,237.3,237.3,237.3,237.3,237.3,237.3,237.3,237.3,237.3,237.3,237.3,237.3,237.3,237.3,237.3,237.3,237.3,237.3,236.4,236.4,236.4,236.4,236.4,236.4,236.4,236.4,236.4,236.4,236.4,236.4,236.4,236.4,236.4,236.4,236.4,236.4,236.4,236.4,236.4,236.4,236.4,236.4,236.4,236.4,236.4,236.4,236.4,236.4,236.4,236.4,236.4,236.4,236.4,236.422,236.422,236.422,236.422,236.422,236.422,257.909,257.909,257.909,257.909,257.909,257.909,257.909,257.909,257.909,257.909,257.909,257.909,257.909,257.909,257.909,257.909,257.909,257.909,257.909,257.909,257.909,257.909,257.909,257.909,257.909,257.909,257.909,257.909,257.909,257.909,257.909,257.909,257.909,257.909,257.909,257.909,257.909,257.909,257.909,257.909,262.833,262.833,262.833,262.833,262.833,262.833,262.833,262.833,262.833,262.833,262.833,262.833,262.833,262.833,262.833,262.833,262.833,262.833,262.833,262.833
1989-10-01,,,,,,,,,,,,,,,,,,,,,,,,,,,,,,,,,,,,,,,,,,,,,,,,,,,,,,,,,,,,,,,,,,,,,,,,,,,,,,,,,,,,,,,,,,,,,,,,,,,,,,,,,,,,,,,,,,,,,,,,,,,,,,,,,,,,,,,,,,,,,,,,,,,,,,,,,156.7,156.7,156.7,166.3,166.3,166.3,166.3,166.3,166.3,166.3,166.3,166.3,166.3,166.3,203.0,203.0,203.0,203.0,203.0,203.0,200.0,200.0,200.0,200.0,200.0,200.0,200.0,200.0,200.0,200.0,200.0,200.0,200.0,200.0,200.0,200.0,200.0,200.0,200.0,200.0,200.0,200.0,200.0,200.0,200.0,200.0,200.0,204.4,204.4,204.4,204.4,204.4,204.4,204.4,204.4,204.4,204.4,204.4,204.4,204.4,204.4,204.4,204.4,204.4,204.4,204.4,204.4,204.4,204.4,204.4,204.4,204.4,204.4,204.4,204.4,204.4,204.4,204.4,232.8,232.8,232.8,232.8,232.8,232.8,232.8,232.8,232.8,232.8,232.8,232.8,232.8,232.8,232.8,232.8,232.8,232.8,232.8,232.8,232.8,232.8,232.8,232.8,232.8,232.8,232.8,232.8,232.8,232.8,232.8,232.8,232.8,232.8,235.6,235.6,235.6,235.6,235.6,235.6,235.6,235.6,235.6,235.6,235.6,235.6,235.6,235.6,235.6,235.6,235.6,235.6,235.6,235.6,235.6,235.6,235.6,235.6,235.6,235.6,235.6,235.6,235.6,235.6,235.6,235.6,235.6,235.6,235.6,235.6,235.6,235.6,235.6,235.6,235.6,235.6,235.6,235.6,235.6,,240.1,240.1,240.1,240.1,240.1,240.1,240.1,240.1,240.1,240.1,240.1,240.1,240.1,240.1,240.1,240.1,240.1,240.1,240.1,240.1,240.1,240.1,240.1,240.1,240.1,240.1,240.1,240.1,240.1,240.1,240.1,240.1,236.4,236.4,236.4,236.4,236.4,236.4,236.4,236.4,236.4,236.4,236.4,236.4,236.4,236.4,236.4,236.4,236.4,236.4,236.4,236.4,236.4,236.4,236.4,236.4,236.4,236.4,236.4,236.4,236.4,236.4,236.4,236.4,236.4,236.4,236.4,236.425,236.425,236.425,236.425,236.425,236.425,258.272,258.272,258.272,258.272,258.272,258.272,258.272,258.272,258.272,258.272,258.272,258.272,258.272,258.272,258.272,258.272,258.272,258.272,258.272,258.272,258.272,258.272,258.272,258.272,258.272,258.272,258.272,258.272,258.272,258.272,258.272,258.272,258.272,258.272,258.272,258.272,258.272,258.272,258.272,258.272,263.0,263.0,263.0,263.0,263.0,263.0,263.0,263.0,263.0,263.0,263.0,263.0,263.0,263.0,263.0,263.0,263.0,263.0,263.0,263.0
1990-01-01,,,,,,,,,,,,,,,,,,,,,,,,,,,,,,,,,,,,,,,,,,,,,,,,,,,,,,,,,,,,,,,,,,,,,,,,,,,,,,,,,,,,,,,,,,,,,,,,,,,,,,,,,,,,,,,,,,,,,,,,,,,,,,,,,,,,,,,,,,,,,,,,,,,,,,,,,,157.0,158.5,167.1,167.1,167.1,167.1,167.1,167.1,167.1,167.1,167.1,167.1,167.1,199.1,199.1,199.1,199.1,199.1,199.1,211.6,211.6,211.6,211.6,211.6,211.6,211.6,211.6,211.6,216.8,216.8,216.8,216.8,216.8,216.8,216.8,216.8,216.8,216.8,216.8,216.8,216.8,216.8,216.8,216.8,216.8,216.8,221.7,221.7,221.7,221.7,221.7,221.7,221.7,221.7,221.7,221.7,221.7,221.7,221.7,221.7,221.7,221.7,221.7,221.7,221.7,221.7,221.7,221.7,221.7,221.7,221.7,221.7,221.7,221.7,221.7,221.7,221.7,250.7,250.7,250.7,250.7,250.7,250.7,250.7,250.7,250.7,250.7,250.7,250.7,250.7,250.7,250.7,250.7,250.7,250.7,250.7,250.7,250.7,250.7,250.7,250.7,250.7,250.7,250.7,250.7,250.7,250.7,250.7,250.7,250.7,250.7,253.8,253.8,253.8,253.8,253.8,253.8,253.8,253.8,253.8,253.8,253.8,253.8,253.8,253.8,253.8,253.8,253.8,253.8,253.8,253.8,253.8,253.8,253.8,253.8,253.8,253.8,253.8,253.8,253.8,253.8,253.8,253.8,253.8,253.8,253.8,253.8,253.8,253.8,253.8,253.8,253.8,253.8,253.8,253.8,253.8,,254.4,254.4,254.4,254.4,254.4,254.4,254.4,254.4,254.4,254.4,254.4,254.4,254.4,254.4,254.4,254.4,254.4,254.4,254.4,254.4,254.4,254.4,254.4,254.4,254.4,254.4,254.4,254.4,254.4,254.4,254.4,254.4,246.3,246.3,246.3,246.3,246.3,246.3,246.3,246.3,246.3,246.3,246.3,246.3,246.3,246.3,246.3,246.3,246.3,246.3,246.3,246.3,246.3,246.3,246.3,246.3,246.3,246.3,246.3,246.3,246.3,246.3,246.3,246.3,246.3,246.3,246.3,246.297,246.297,246.297,246.297,246.297,246.297,268.869,268.869,268.869,268.869,268.869,268.869,268.869,268.869,268.869,268.869,268.869,268.869,268.869,268.869,268.869,268.869,268.869,268.869,268.869,268.869,268.869,268.869,268.869,268.869,268.869,268.869,268.869,268.869,268.869,268.869,268.869,268.869,268.869,268.869,268.869,268.869,268.869,268.869,268.869,268.869,272.8,272.8,272.8,272.8,272.8,272.8,272.8,272.8,272.8,272.8,272.8,272.8,272.8,272.8,272.8,272.8,272.8,272.8,272.8,272.8
1990-04-01,,,,,,,,,,,,,,,,,,,,,,,,,,,,,,,,,,,,,,,,,,,,,,,,,,,,,,,,,,,,,,,,,,,,,,,,,,,,,,,,,,,,,,,,,,,,,,,,,,,,,,,,,,,,,,,,,,,,,,,,,,,,,,,,,,,,,,,,,,,,,,,,,,,,,,,,,,,,,166.7,166.1,166.1,166.1,166.1,166.1,166.1,166.1,166.1,166.1,193.7,193.7,193.7,193.7,193.7,193.7,218.2,218.2,218.2,218.2,218.2,218.2,218.2,218.2,218.2,229.2,229.2,229.2,229.2,229.2,229.2,229.2,229.2,229.2,229.2,229.2,229.2,229.2,229.2,229.2,229.2,229.2,229.2,232.2,232.2,232.2,232.2,232.2,232.2,232.2,232.2,232.2,232.2,232.2,232.2,232.2,232.2,232.2,232.2,232.2,232.2,232.2,232.2,232.2,232.2,232.2,232.2,232.2,232.2,232.2,232.2,232.2,232.2,232.2,261.8,261.8,261.8,261.8,261.8,261.8,261.8,261.8,261.8,261.8,261.8,261.8,261.8,261.8,261.8,261.8,261.8,261.8,261.8,261.8,261.8,261.8,261.8,261.8,261.8,261.8,261.8,261.8,261.8,261.8,261.8,261.8,261.8,261.8,265.2,265.2,265.2,265.2,265.2,265.2,265.2,265.2,265.2,265.2,265.2,265.2,265.2,265.2,265.2,265.2,265.2,265.2,265.2,265.2,265.2,265.2,265.2,265.2,265.2,265.2,265.2,265.2,265.2,265.2,265.2,265.2,265.2,265.2,265.2,265.2,265.2,265.2,265.2,265.2,265.2,265.2,265.2,265.2,265.2,,268.8,268.8,268.8,268.8,268.8,268.8,268.8,268.8,268.8,268.8,268.8,268.8,268.8,268.8,268.8,268.8,268.8,268.8,268.8,268.8,268.8,268.8,268.8,268.8,268.8,268.8,268.8,268.8,268.8,268.8,268.8,268.8,259.1,259.1,259.1,259.1,259.1,259.1,259.1,259.1,259.1,259.1,259.1,259.1,259.1,259.1,259.1,259.1,259.1,259.1,259.1,259.1,259.1,259.1,259.1,259.1,259.1,259.1,259.1,259.1,259.1,259.1,259.1,259.1,259.1,259.1,259.1,259.134,259.134,259.134,259.134,259.134,259.134,282.342,282.342,282.342,282.342,282.342,282.342,282.342,282.342,282.342,282.342,282.342,282.342,282.342,282.342,282.342,282.342,282.342,282.342,282.342,282.342,282.342,282.342,282.342,282.342,282.342,282.342,282.342,282.342,282.342,282.342,282.342,282.342,282.342,282.342,282.342,282.342,282.342,282.342,282.342,282.342,285.023,285.023,285.023,285.023,285.023,285.023,285.023,285.023,285.023,285.023,285.023,285.023,285.023,285.023,285.023,285.023,285.023,285.023,285.023,285.023
1990-07-01,,,,,,,,,,,,,,,,,,,,,,,,,,,,,,,,,,,,,,,,,,,,,,,,,,,,,,,,,,,,,,,,,,,,,,,,,,,,,,,,,,,,,,,,,,,,,,,,,,,,,,,,,,,,,,,,,,,,,,,,,,,,,,,,,,,,,,,,,,,,,,,,,,,,,,,,,,,,,,,177.2,179.4,179.4,179.4,179.4,179.4,179.4,179.4,196.3,196.3,196.3,196.3,196.3,196.3,224.0,224.0,224.0,224.0,224.0,224.0,224.0,224.0,224.0,230.5,230.5,230.5,230.5,230.5,230.5,230.5,230.5,230.5,230.5,230.5,230.5,230.5,230.5,230.5,230.5,230.5,230.5,233.9,233.9,233.9,233.9,233.9,233.9,233.9,233.9,233.9,233.9,233.9,233.9,233.9,233.9,233.9,233.9,233.9,233.9,233.9,233.9,233.9,233.9,233.9,233.9,233.9,233.9,233.9,233.9,233.9,233.9,233.9,264.7,264.7,264.7,264.7,264.7,264.7,264.7,264.7,264.7,264.7,264.7,264.7,264.7,264.7,264.7,264.7,264.7,264.7,264.7,264.7,264.7,264.7,264.7,264.7,264.7,264.7,264.7,264.7,264.7,264.7,264.7,264.7,264.7,264.7,267.4,267.4,267.4,267.4,267.4,267.4,267.4,267.4,267.4,267.4,267.4,267.4,267.4,267.4,267.4,267.4,267.4,267.4,267.4,267.4,267.4,267.4,267.4,267.4,267.4,267.4,267.4,267.4,267.4,267.4,267.4,267.4,267.4,267.4,267.4,267.4,267.4,267.4,267.4,267.4,267.4,267.4,267.4,267.4,267.4,,271.9,271.9,271.9,271.9,271.9,271.9,271.9,271.9,271.9,271.9,271.9,271.9,271.9,271.9,271.9,271.9,271.9,271.9,271.9,271.9,271.9,271.9,271.9,271.9,271.9,271.9,271.9,271.9,271.9,271.9,271.9,271.9,263.5,263.5,263.5,263.5,263.5,263.5,263.5,263.5,263.5,263.5,263.5,263.5,263.5,263.5,263.5,263.5,263.5,263.5,263.5,263.5,263.5,263.5,263.5,263.5,263.5,263.5,263.5,263.5,263.5,263.5,263.5,263.5,263.5,263.5,263.5,263.512,263.512,263.512,263.512,263.512,263.512,288.2,288.2,288.2,288.2,288.2,288.2,288.2,288.2,288.2,288.2,288.2,288.2,288.2,288.2,288.2,288.2,288.2,288.2,288.2,288.2,288.2,288.2,288.2,288.2,288.2,288.2,288.2,288.2,288.2,288.2,288.2,288.2,288.2,288.2,288.2,288.2,288.2,288.2,288.2,288.2,289.176,289.176,289.176,289.176,289.176,289.176,289.176,289.176,289.176,289.176,289.176,289.176,289.176,289.176,289.176,289.176,289.176,289.176,289.176,289.176
1990-10-01,,,,,,,,,,,,,,,,,,,,,,,,,,,,,,,,,,,,,,,,,,,,,,,,,,,,,,,,,,,,,,,,,,,,,,,,,,,,,,,,,,,,,,,,,,,,,,,,,,,,,,,,,,,,,,,,,,,,,,,,,,,,,,,,,,,,,,,,,,,,,,,,,,,,,,,,,,,,,,,,,181.1,177.6,177.6,177.6,177.6,177.6,199.0,199.0,199.0,199.0,199.0,199.0,221.0,221.0,221.0,221.0,221.0,221.0,221.0,221.0,221.0,231.8,231.8,231.8,231.8,231.8,231.8,231.8,231.8,231.8,231.8,231.8,231.8,231.8,231.8,231.8,231.8,231.8,231.8,237.1,237.1,237.1,237.1,237.1,237.1,237.1,237.1,237.1,237.1,237.1,237.1,237.1,237.1,237.1,237.1,237.1,237.1,237.1,237.1,237.1,237.1,237.1,237.1,237.1,237.1,237.1,237.1,237.1,237.1,237.1,266.5,266.5,266.5,266.5,266.5,266.5,266.5,266.5,266.5,266.5,266.5,266.5,266.5,266.5,266.5,266.5,266.5,266.5,266.5,266.5,266.5,266.5,266.5,266.5,266.5,266.5,266.5,266.5,266.5,266.5,266.5,266.5,266.5,266.5,269.9,269.9,269.9,269.9,269.9,269.9,269.9,269.9,269.9,269.9,269.9,269.9,269.9,269.9,269.9,269.9,269.9,269.9,269.9,269.9,269.9,269.9,269.9,269.9,269.9,269.9,269.9,269.9,269.9,269.9,269.9,269.9,269.9,269.9,269.9,269.9,269.9,269.9,269.9,269.9,269.9,269.9,269.9,269.9,269.9,,269.9,269.9,269.9,269.9,269.9,269.9,269.9,269.9,269.9,269.9,269.9,269.9,269.9,269.9,269.9,269.9,269.9,269.9,269.9,269.9,269.9,269.9,269.9,269.9,269.9,269.9,269.9,269.9,269.9,269.9,269.9,269.9,265.6,265.6,265.6,265.6,265.6,265.6,265.6,265.6,265.6,265.6,265.6,265.6,265.6,265.6,265.6,265.6,265.6,265.6,265.6,265.6,265.6,265.6,265.6,265.6,265.6,265.6,265.6,265.6,265.6,265.6,265.6,265.6,265.6,265.6,265.6,265.565,265.565,265.565,265.565,265.565,265.565,289.53,289.53,289.53,289.53,289.53,289.53,289.53,289.53,289.53,289.53,289.53,289.53,289.53,289.53,289.53,289.53,289.53,289.53,289.53,289.53,289.53,289.53,289.53,289.53,289.53,289.53,289.53,289.53,289.53,289.53,289.53,289.53,289.53,289.53,289.53,289.53,289.53,289.53,289.53,289.53,288.348,288.348,288.348,288.348,288.348,288.348,288.348,288.348,288.348,288.348,288.348,288.348,288.348,288.348,288.348,288.348,288.348,288.348,288.348,288.348
1991-01-01,,,,,,,,,,,,,,,,,,,,,,,,,,,,,,,,,,,,,,,,,,,,,,,,,,,,,,,,,,,,,,,,,,,,,,,,,,,,,,,,,,,,,,,,,,,,,,,,,,,,,,,,,,,,,,,,,,,,,,,,,,,,,,,,,,,,,,,,,,,,,,,,,,,,,,,,,,,,,,,,,,,167.6,166.4,166.4,166.4,189.7,189.7,189.7,189.7,189.7,189.7,216.3,216.3,216.3,216.3,216.3,216.3,216.3,216.3,216.3,231.1,231.1,231.1,231.1,231.1,231.1,231.1,231.1,234.1,234.1,234.1,234.1,234.1,234.1,234.1,234.1,234.1,234.1,240.7,240.7,240.7,240.7,240.7,240.7,240.7,240.7,240.7,240.7,240.7,240.7,240.7,240.7,240.7,240.7,240.7,240.7,240.7,240.7,240.7,240.7,240.7,240.7,240.7,240.7,240.7,240.7,240.7,240.7,240.7,281.1,281.1,281.1,281.1,281.1,281.1,281.1,281.1,281.1,281.1,281.1,281.1,281.1,281.1,281.1,281.1,281.1,281.1,281.1,281.1,281.1,281.1,281.1,281.1,281.1,281.1,281.1,281.1,281.1,281.1,281.1,281.1,281.1,281.1,283.8,283.8,283.8,283.8,283.8,283.8,283.8,283.8,283.8,283.8,283.8,283.8,283.8,283.8,283.8,283.8,283.8,283.8,283.8,283.8,283.8,283.8,283.8,283.8,283.8,283.8,283.8,283.8,283.8,283.8,283.8,283.8,283.8,283.8,283.8,283.8,283.8,283.8,283.8,283.8,283.8,283.8,283.8,283.8,283.8,,279.3,279.3,279.3,279.3,279.3,279.3,279.3,279.3,279.3,279.3,279.3,279.3,279.3,279.3,279.3,279.3,279.3,279.3,279.3,279.3,279.3,279.3,279.3,279.3,279.3,279.3,279.3,279.3,279.3,279.3,279.3,279.3,281.8,281.8,281.8,281.8,281.8,281.8,281.8,281.8,281.8,281.8,281.8,281.8,281.8,281.8,281.8,281.8,281.8,281.8,281.8,281.8,281.8,281.8,281.8,281.8,281.8,281.8,281.8,281.8,281.8,281.8,281.8,281.8,281.8,281.8,281.8,281.813,281.813,281.813,281.813,281.813,281.813,303.293,303.293,303.293,303.293,303.293,303.293,303.293,303.293,303.293,303.293,303.293,303.293,303.293,303.293,303.293,303.293,303.293,303.293,303.293,303.293,303.293,303.293,303.293,303.293,303.293,303.293,303.293,303.293,303.293,303.293,303.293,303.293,303.293,303.293,303.293,303.293,303.293,303.293,303.293,303.293,299.498,299.498,299.498,299.498,299.498,299.498,299.498,299.498,299.498,299.498,299.498,299.498,299.498,299.498,299.498,299.498,299.498,299.498,299.498,299.498
1991-04-01,,,,,,,,,,,,,,,,,,,,,,,,,,,,,,,,,,,,,,,,,,,,,,,,,,,,,,,,,,,,,,,,,,,,,,,,,,,,,,,,,,,,,,,,,,,,,,,,,,,,,,,,,,,,,,,,,,,,,,,,,,,,,,,,,,,,,,,,,,,,,,,,,,,,,,,,,,,,,,,,,,,,,163.7,160.6,182.7,182.7,182.7,182.7,182.7,182.7,209.4,209.4,209.4,209.4,209.4,209.4,209.4,209.4,209.4,229.4,229.4,229.4,229.4,229.4,229.4,229.4,229.4,230.5,230.5,230.5,230.5,230.5,230.5,230.5,230.5,230.5,230.5,236.4,236.4,236.4,236.4,236.4,236.4,236.4,236.4,236.4,236.4,236.4,236.4,236.4,236.4,236.4,236.4,236.4,236.4,236.4,236.4,236.4,236.4,236.4,236.4,236.4,236.4,236.4,236.4,236.4,236.4,236.4,277.9,277.9,277.9,277.9,277.9,277.9,277.9,277.9,277.9,277.9,277.9,277.9,277.9,277.9,277.9,277.9,277.9,277.9,277.9,277.9,277.9,277.9,277.9,277.9,277.9,277.9,277.9,277.9,277.9,277.9,277.9,277.9,277.9,277.9,280.0,280.0,280.0,280.0,280.0,280.0,280.0,280.0,280.0,280.0,280.0,280.0,280.0,280.0,280.0,280.0,280.0,280.0,280.0,280.0,280.0,280.0,280.0,280.0,280.0,280.0,280.0,280.0,280.0,280.0,280.0,280.0,280.0,280.0,280.0,280.0,280.0,280.0,280.0,280.0,280.0,280.0,280.0,280.0,280.0,,282.9,282.9,282.9,282.9,282.9,282.9,282.9,282.9,282.9,282.9,282.9,282.9,282.9,282.9,282.9,282.9,282.9,282.9,282.9,282.9,282.9,282.9,282.9,282.9,282.9,282.9,282.9,282.9,282.9,282.9,282.9,282.9,288.7,288.7,288.7,288.7,288.7,288.7,288.7,288.7,288.7,288.7,288.7,288.7,288.7,288.7,288.7,288.7,288.7,288.7,288.7,288.7,288.7,288.7,288.7,288.7,288.7,288.7,288.7,288.7,288.7,288.7,288.7,288.7,288.7,288.7,288.7,288.67,288.67,288.67,288.67,288.67,288.67,309.454,309.454,309.454,309.454,309.454,309.454,309.454,309.454,309.454,309.454,309.454,309.454,309.454,309.454,309.454,309.454,309.454,309.454,309.454,309.454,309.454,309.454,309.454,309.454,309.454,309.454,309.454,309.454,309.454,309.454,309.454,309.454,309.454,309.454,309.454,309.454,309.454,309.454,309.454,309.454,304.593,304.593,304.593,304.593,304.593,304.593,304.593,304.593,304.593,304.593,304.593,304.593,304.593,304.593,304.593,304.593,304.593,304.593,304.593,304.593
1991-07-01,,,,,,,,,,,,,,,,,,,,,,,,,,,,,,,,,,,,,,,,,,,,,,,,,,,,,,,,,,,,,,,,,,,,,,,,,,,,,,,,,,,,,,,,,,,,,,,,,,,,,,,,,,,,,,,,,,,,,,,,,,,,,,,,,,,,,,,,,,,,,,,,,,,,,,,,,,,,,,,,,,,,,,,189.9,189.6,189.6,189.6,189.6,189.6,209.6,209.6,209.6,209.6,209.6,209.6,209.6,209.6,209.6,229.5,229.5,229.5,229.5,229.5,229.5,229.5,229.5,231.6,231.6,231.6,231.6,231.6,231.6,231.6,231.6,231.6,231.6,238.6,238.6,238.6,238.6,238.6,238.6,238.6,238.6,238.6,238.6,238.6,238.6,238.6,238.6,238.6,238.6,238.6,238.6,238.6,238.6,238.6,238.6,238.6,238.6,238.6,238.6,238.6,238.6,238.6,238.6,238.6,280.9,280.9,280.9,280.9,280.9,280.9,280.9,280.9,280.9,280.9,280.9,280.9,280.9,280.9,280.9,280.9,280.9,280.9,280.9,280.9,280.9,280.9,280.9,280.9,280.9,280.9,280.9,280.9,280.9,280.9,280.9,280.9,280.9,280.9,283.3,283.3,283.3,283.3,283.3,283.3,283.3,283.3,283.3,283.3,283.3,283.3,283.3,283.3,283.3,283.3,283.3,283.3,283.3,283.3,283.3,283.3,283.3,283.3,283.3,283.3,283.3,283.3,283.3,283.3,283.3,283.3,283.3,283.3,283.3,283.3,283.3,283.3,283.3,283.3,283.3,283.3,283.3,283.3,283.3,,288.7,288.7,288.7,288.7,288.7,288.7,288.7,288.7,288.7,288.7,288.7,288.7,288.7,288.7,288.7,288.7,288.7,288.7,288.7,288.7,288.7,288.7,288.7,288.7,288.7,288.7,288.7,288.7,288.7,288.7,288.7,288.7,294.3,294.3,294.3,294.3,294.3,294.3,294.3,294.3,294.3,294.3,294.3,294.3,294.3,294.3,294.3,294.3,294.3,294.3,294.3,294.3,294.3,294.3,294.3,294.3,294.3,294.3,294.3,294.3,294.3,294.3,294.3,294.3,294.3,294.3,294.3,294.296,294.296,294.296,294.296,294.296,294.296,314.815,314.815,314.815,314.815,314.815,314.815,314.815,314.815,314.815,314.815,314.815,314.815,314.815,314.815,314.815,314.815,314.815,314.815,314.815,314.815,314.815,314.815,314.815,314.815,314.815,314.815,314.815,314.815,314.815,314.815,314.815,314.815,314.815,314.815,314.815,314.815,314.815,314.815,314.815,314.815,310.435,310.435,310.435,310.435,310.435,310.435,310.435,310.435,310.435,310.435,310.435,310.435,310.435,310.435,310.435,310.435,310.435,310.435,310.435,310.435
1991-10-01,,,,,,,,,,,,,,,,,,,,,,,,,,,,,,,,,,,,,,,,,,,,,,,,,,,,,,,,,,,,,,,,,,,,,,,,,,,,,,,,,,,,,,,,,,,,,,,,,,,,,,,,,,,,,,,,,,,,,,,,,,,,,,,,,,,,,,,,,,,,,,,,,,,,,,,,,,,,,,,,,,,,,,,,,190.3,189.7,189.7,189.7,207.4,207.4,207.4,207.4,207.4,207.4,207.4,207.4,207.4,240.1,240.1,240.1,240.1,240.1,240.1,240.1,240.1,240.0,240.0,240.0,240.0,240.0,240.0,240.0,240.0,240.0,240.0,247.6,247.6,247.6,247.6,247.6,247.6,247.6,247.6,247.6,247.6,247.6,247.6,247.6,247.6,247.6,247.6,247.6,247.6,247.6,247.6,247.6,247.6,247.6,247.6,247.6,247.6,247.6,247.6,247.6,247.6,247.6,290.3,290.3,290.3,290.3,290.3,290.3,290.3,290.3,290.3,290.3,290.3,290.3,290.3,290.3,290.3,290.3,290.3,290.3,290.3,290.3,290.3,290.3,290.3,290.3,290.3,290.3,290.3,290.3,290.3,290.3,290.3,290.3,290.3,290.3,290.5,290.5,290.5,290.5,290.5,290.5,290.5,290.5,290.5,290.5,290.5,290.5,290.5,290.5,290.5,290.5,290.5,290.5,290.5,290.5,290.5,290.5,290.5,290.5,290.5,290.5,290.5,290.5,290.5,290.5,290.5,290.5,290.5,290.5,290.5,290.5,290.5,290.5,290.5,290.5,290.5,290.5,290.5,290.5,290.5,,296.3,296.3,296.3,296.3,296.3,296.3,296.3,296.3,296.3,296.3,296.3,296.3,296.3,296.3,296.3,296.3,296.3,296.3,296.3,296.3,296.3,296.3,296.3,296.3,296.3,296.3,296.3,296.3,296.3,296.3,296.3,296.3,298.1,298.1,298.1,298.1,298.1,298.1,298.1,298.1,298.1,298.1,298.1,298.1,298.1,298.1,298.1,298.1,298.1,298.1,298.1,298.1,298.1,298.1,298.1,298.1,298.1,298.1,298.1,298.1,298.1,298.1,298.1,298.1,298.1,298.1,298.1,298.127,298.127,298.127,298.127,298.127,298.127,318.455,318.455,318.455,318.455,318.455,318.455,318.455,318.455,318.455,318.455,318.455,318.455,318.455,318.455,318.455,318.455,318.455,318.455,318.455,318.455,318.455,318.455,318.455,318.455,318.455,318.455,318.455,318.455,318.455,318.455,318.455,318.455,318.455,318.455,318.455,318.455,318.455,318.455,318.455,318.455,316.101,316.101,316.101,316.101,316.101,316.101,316.101,316.101,316.101,316.101,316.101,316.101,316.101,316.101,316.101,316.101,316.101,316.101,316.101,316.101
1992-01-01,,,,,,,,,,,,,,,,,,,,,,,,,,,,,,,,,,,,,,,,,,,,,,,,,,,,,,,,,,,,,,,,,,,,,,,,,,,,,,,,,,,,,,,,,,,,,,,,,,,,,,,,,,,,,,,,,,,,,,,,,,,,,,,,,,,,,,,,,,,,,,,,,,,,,,,,,,,,,,,,,,,,,,,,,,,204.9,211.2,229.7,229.7,229.7,229.7,229.7,229.7,229.7,229.7,229.7,257.3,257.3,257.3,257.3,257.3,257.3,257.3,257.3,257.4,257.4,257.4,257.4,257.4,257.4,257.4,257.4,257.4,257.4,267.2,267.2,267.2,267.2,267.2,267.2,267.2,267.2,267.2,267.2,267.2,267.2,267.2,267.2,267.2,267.2,267.2,267.2,267.2,267.2,267.2,267.2,267.2,267.2,267.2,267.2,267.2,267.2,267.2,267.2,267.2,314.2,314.2,314.2,314.2,314.2,314.2,314.2,314.2,314.2,314.2,314.2,314.2,314.2,314.2,314.2,314.2,314.2,314.2,314.2,314.2,314.2,314.2,314.2,314.2,314.2,314.2,314.2,314.2,314.2,314.2,314.2,314.2,314.2,314.2,317.4,317.4,317.4,317.4,317.4,317.4,317.4,317.4,317.4,317.4,317.4,317.4,317.4,317.4,317.4,317.4,317.4,317.4,317.4,317.4,317.4,317.4,317.4,317.4,317.4,317.4,317.4,317.4,317.4,317.4,317.4,317.4,317.4,317.4,317.4,317.4,317.4,317.4,317.4,317.4,317.4,317.4,317.4,317.4,317.4,,316.2,316.2,316.2,316.2,316.2,316.2,316.2,316.2,316.2,316.2,316.2,316.2,316.2,316.2,316.2,316.2,316.2,316.2,316.2,316.2,316.2,316.2,316.2,316.2,316.2,316.2,316.2,316.2,316.2,316.2,316.2,316.2,310.8,310.8,310.8,310.8,310.8,310.8,310.8,310.8,310.8,310.8,310.8,310.8,310.8,310.8,310.8,310.8,310.8,310.8,310.8,310.8,310.8,310.8,310.8,310.8,310.8,310.8,310.8,310.8,310.8,310.8,310.8,310.8,310.8,310.8,310.8,310.814,310.814,310.814,310.814,310.814,310.814,328.586,328.586,328.586,328.586,328.586,328.586,328.586,328.586,328.586,328.586,328.586,328.586,328.586,328.586,328.586,328.586,328.586,328.586,328.586,328.586,328.586,328.586,328.586,328.586,328.586,328.586,328.586,328.586,328.586,328.586,328.586,328.586,328.586,328.586,328.586,328.586,328.586,328.586,328.586,328.586,329.803,329.803,329.803,329.803,329.803,329.803,329.803,329.803,329.803,329.803,329.803,329.803,329.803,329.803,329.803,329.803,329.803,329.803,329.803,329.803
1992-04-01,,,,,,,,,,,,,,,,,,,,,,,,,,,,,,,,,,,,,,,,,,,,,,,,,,,,,,,,,,,,,,,,,,,,,,,,,,,,,,,,,,,,,,,,,,,,,,,,,,,,,,,,,,,,,,,,,,,,,,,,,,,,,,,,,,,,,,,,,,,,,,,,,,,,,,,,,,,,,,,,,,,,,,,,,,,,,,234.6,232.7,232.7,232.7,232.7,232.7,232.7,232.7,256.5,256.5,256.5,256.5,256.5,256.5,256.5,256.5,267.5,267.5,267.5,267.5,267.5,267.5,267.5,267.5,267.5,267.5,275.2,275.2,275.2,275.2,275.2,275.2,275.2,275.2,275.2,275.2,275.2,275.2,275.2,275.2,275.2,275.2,275.2,275.2,275.2,275.2,275.2,275.2,275.2,275.2,275.2,275.2,275.2,275.2,275.2,275.2,275.2,320.9,320.9,320.9,320.9,320.9,320.9,320.9,320.9,320.9,320.9,320.9,320.9,320.9,320.9,320.9,320.9,320.9,320.9,320.9,320.9,320.9,320.9,320.9,320.9,320.9,320.9,320.9,320.9,320.9,320.9,320.9,320.9,320.9,320.9,325.7,325.7,325.7,325.7,325.7,325.7,325.7,325.7,325.7,325.7,325.7,325.7,325.7,325.7,325.7,325.7,325.7,325.7,325.7,325.7,325.7,325.7,325.7,325.7,325.7,325.7,325.7,325.7,325.7,325.7,325.7,325.7,325.7,325.7,325.7,325.7,325.7,325.7,325.7,325.7,325.7,325.7,325.7,325.7,325.7,,334.2,334.2,334.2,334.2,334.2,334.2,334.2,334.2,334.2,334.2,334.2,334.2,334.2,334.2,334.2,334.2,334.2,334.2,334.2,334.2,334.2,334.2,334.2,334.2,334.2,334.2,334.2,334.2,334.2,334.2,334.2,334.2,323.4,323.4,323.4,323.4,323.4,323.4,323.4,323.4,323.4,323.4,323.4,323.4,323.4,323.4,323.4,323.4,323.4,323.4,323.4,323.4,323.4,323.4,323.4,323.4,323.4,323.4,323.4,323.4,323.4,323.4,323.4,323.4,323.4,323.4,323.4,323.369,323.369,323.369,323.369,323.369,323.369,340.749,340.749,340.749,340.749,340.749,340.749,340.749,340.749,340.749,340.749,340.749,340.749,340.749,340.749,340.749,340.749,340.749,340.749,340.749,340.749,340.749,340.749,340.749,340.749,340.749,340.749,340.749,340.749,340.749,340.749,340.749,340.749,340.749,340.749,340.749,340.749,340.749,340.749,340.749,340.749,344.556,344.556,344.556,344.556,344.556,344.556,344.556,344.556,344.556,344.556,344.556,344.556,344.556,344.556,344.556,344.556,344.556,344.556,344.556,344.556
1992-07-01,,,,,,,,,,,,,,,,,,,,,,,,,,,,,,,,,,,,,,,,,,,,,,,,,,,,,,,,,,,,,,,,,,,,,,,,,,,,,,,,,,,,,,,,,,,,,,,,,,,,,,,,,,,,,,,,,,,,,,,,,,,,,,,,,,,,,,,,,,,,,,,,,,,,,,,,,,,,,,,,,,,,,,,,,,,,,,,,218.8,222.2,222.2,222.2,222.2,222.2,227.8,227.8,227.8,227.8,227.8,227.8,227.8,227.8,234.9,234.9,234.9,234.9,234.9,234.9,234.9,234.9,234.9,234.9,240.4,240.4,240.4,240.4,240.4,240.4,240.4,240.4,240.4,240.4,240.4,240.4,240.4,240.4,240.4,240.4,240.4,240.4,240.4,240.4,240.4,240.4,240.4,240.4,240.4,240.4,240.4,240.4,240.4,240.4,240.4,281.9,281.9,281.9,281.9,281.9,281.9,281.9,281.9,281.9,281.9,281.9,281.9,281.9,281.9,281.9,281.9,281.9,281.9,281.9,281.9,281.9,281.9,281.9,281.9,281.9,281.9,281.9,281.9,281.9,281.9,281.9,281.9,281.9,281.9,285.6,285.6,285.6,285.6,285.6,285.6,285.6,285.6,285.6,285.6,285.6,285.6,285.6,285.6,285.6,285.6,285.6,285.6,285.6,285.6,285.6,285.6,285.6,285.6,285.6,285.6,285.6,285.6,285.6,285.6,285.6,285.6,285.6,285.6,285.6,285.6,285.6,285.6,285.6,285.6,285.6,285.6,285.6,285.6,285.6,,321.6,321.6,321.6,321.6,321.6,321.6,321.6,321.6,321.6,321.6,321.6,321.6,321.6,321.6,321.6,321.6,321.6,321.6,321.6,321.6,321.6,321.6,321.6,321.6,321.6,321.6,321.6,321.6,321.6,321.6,321.6,321.6,307.0,307.0,307.0,307.0,307.0,307.0,307.0,307.0,307.0,307.0,307.0,307.0,307.0,307.0,307.0,307.0,307.0,307.0,307.0,307.0,307.0,307.0,307.0,307.0,307.0,307.0,307.0,307.0,307.0,307.0,307.0,307.0,307.0,307.0,307.0,307.005,307.005,307.005,307.005,307.005,307.005,323.237,323.237,323.237,323.237,323.237,323.237,323.237,323.237,323.237,323.237,323.237,323.237,323.237,323.237,323.237,323.237,323.237,323.237,323.237,323.237,323.237,323.237,323.237,323.237,323.237,323.237,323.237,323.237,323.237,323.237,323.237,323.237,323.237,323.237,323.237,323.237,323.237,323.237,323.237,323.237,328.651,328.651,328.651,328.651,328.651,328.651,328.651,328.651,328.651,328.651,328.651,328.651,328.651,328.651,328.651,328.651,328.651,328.651,328.651,328.651
1992-10-01,,,,,,,,,,,,,,,,,,,,,,,,,,,,,,,,,,,,,,,,,,,,,,,,,,,,,,,,,,,,,,,,,,,,,,,,,,,,,,,,,,,,,,,,,,,,,,,,,,,,,,,,,,,,,,,,,,,,,,,,,,,,,,,,,,,,,,,,,,,,,,,,,,,,,,,,,,,,,,,,,,,,,,,,,,,,,,,,,,242.6,241.0,241.0,241.0,254.9,254.9,254.9,254.9,254.9,254.9,254.9,254.9,264.8,264.8,264.8,264.8,264.8,264.8,264.8,264.8,264.8,264.8,270.6,270.6,270.6,270.6,270.6,270.6,270.6,270.6,270.6,270.6,270.6,270.6,270.6,270.6,270.6,270.6,270.6,270.6,270.6,270.6,270.6,270.6,270.6,270.6,270.6,270.6,270.6,270.6,270.6,270.6,270.6,316.8,316.8,316.8,316.8,316.8,316.8,316.8,316.8,316.8,316.8,316.8,316.8,316.8,316.8,316.8,316.8,316.8,316.8,316.8,316.8,316.8,316.8,316.8,316.8,316.8,316.8,316.8,316.8,316.8,316.8,316.8,316.8,316.8,316.8,320.8,320.8,320.8,320.8,320.8,320.8,320.8,320.8,320.8,320.8,320.8,320.8,320.8,320.8,320.8,320.8,320.8,320.8,320.8,320.8,320.8,320.8,320.8,320.8,320.8,320.8,320.8,320.8,320.8,320.8,320.8,320.8,320.8,320.8,320.8,320.8,320.8,320.8,320.8,320.8,320.8,320.8,320.8,320.8,320.8,,330.9,330.9,330.9,330.9,330.9,330.9,330.9,330.9,330.9,330.9,330.9,330.9,330.9,330.9,330.9,330.9,330.9,330.9,330.9,330.9,330.9,330.9,330.9,330.9,330.9,330.9,330.9,330.9,330.9,330.9,330.9,330.9,314.3,314.3,314.3,314.3,314.3,314.3,314.3,314.3,314.3,314.3,314.3,314.3,314.3,314.3,314.3,314.3,314.3,314.3,314.3,314.3,314.3,314.3,314.3,314.3,314.3,314.3,314.3,314.3,314.3,314.3,314.3,314.3,314.3,314.3,314.3,314.304,314.304,314.304,314.304,314.304,314.304,330.015,330.015,330.015,330.015,330.015,330.015,330.015,330.015,330.015,330.015,330.015,330.015,330.015,330.015,330.015,330.015,330.015,330.015,330.015,330.015,330.015,330.015,330.015,330.015,330.015,330.015,330.015,330.015,330.015,330.015,330.015,330.015,330.015,330.015,330.015,330.015,330.015,330.015,330.015,330.015,336.054,336.054,336.054,336.054,336.054,336.054,336.054,336.054,336.054,336.054,336.054,336.054,336.054,336.054,336.054,336.054,336.054,336.054,336.054,336.054
1993-01-01,,,,,,,,,,,,,,,,,,,,,,,,,,,,,,,,,,,,,,,,,,,,,,,,,,,,,,,,,,,,,,,,,,,,,,,,,,,,,,,,,,,,,,,,,,,,,,,,,,,,,,,,,,,,,,,,,,,,,,,,,,,,,,,,,,,,,,,,,,,,,,,,,,,,,,,,,,,,,,,,,,,,,,,,,,,,,,,,,,,,253.8,245.7,258.9,258.9,258.9,258.9,258.9,258.9,258.9,258.9,273.0,273.0,273.0,273.0,273.0,273.0,273.0,273.0,273.0,273.0,284.6,284.6,284.6,284.6,285.6,285.6,285.6,285.6,285.6,285.6,285.6,285.6,285.6,282.5,282.5,282.5,282.5,282.5,282.5,282.5,282.5,282.5,282.5,282.5,282.5,282.5,282.5,282.5,282.5,282.5,282.5,325.6,325.6,325.6,325.6,325.6,325.6,325.6,325.6,325.6,325.6,325.6,325.6,325.6,325.6,325.6,325.6,325.6,325.6,325.6,325.6,325.6,325.6,325.6,325.6,325.6,325.6,325.6,325.6,325.6,325.6,325.6,325.6,325.6,325.6,328.8,328.8,328.8,328.8,328.8,328.8,328.8,328.8,328.8,328.8,328.8,328.8,328.8,328.8,328.8,328.8,328.8,328.8,328.8,328.8,328.8,328.8,328.8,328.8,328.8,328.8,328.8,328.8,328.8,328.8,328.8,328.8,328.8,328.8,328.8,328.8,328.8,328.8,328.8,328.8,328.8,328.8,328.8,328.8,328.8,,329.3,329.3,329.3,329.3,329.3,329.3,329.3,329.3,329.3,329.3,329.3,329.3,329.3,329.3,329.3,329.3,329.3,329.3,329.3,329.3,329.3,329.3,329.3,329.3,329.3,329.3,329.3,329.3,329.3,329.3,329.3,329.3,312.5,312.5,312.5,312.5,312.5,312.5,312.5,312.5,312.5,312.5,312.5,312.5,312.5,312.5,312.5,312.5,312.5,312.5,312.5,312.5,312.5,312.5,312.5,312.5,312.5,312.5,312.5,312.5,312.5,312.5,312.5,312.5,312.5,312.5,312.5,312.544,312.544,312.544,312.544,312.544,312.544,328.957,328.957,328.957,328.957,328.957,328.957,328.957,328.957,328.957,328.957,328.957,328.957,328.957,328.957,328.957,328.957,328.957,328.957,328.957,328.957,328.957,328.957,328.957,328.957,328.957,328.957,328.957,328.957,328.957,328.957,328.957,328.957,328.957,328.957,328.957,328.957,328.957,328.957,328.957,328.957,334.638,334.638,334.638,334.638,334.638,334.638,334.638,334.638,334.638,334.638,334.638,334.638,334.638,334.638,334.638,334.638,334.638,334.638,334.638,334.638
1993-04-01,,,,,,,,,,,,,,,,,,,,,,,,,,,,,,,,,,,,,,,,,,,,,,,,,,,,,,,,,,,,,,,,,,,,,,,,,,,,,,,,,,,,,,,,,,,,,,,,,,,,,,,,,,,,,,,,,,,,,,,,,,,,,,,,,,,,,,,,,,,,,,,,,,,,,,,,,,,,,,,,,,,,,,,,,,,,,,,,,,,,,,264.3,272.3,272.3,272.3,272.3,272.3,272.3,272.3,284.8,284.8,284.8,284.8,284.8,284.8,284.8,284.8,284.8,284.8,296.2,296.2,296.2,296.2,295.0,295.0,295.0,295.0,295.0,295.0,295.0,295.0,295.0,296.1,296.1,296.1,296.1,296.1,296.1,296.1,296.1,296.1,296.1,296.1,296.1,296.1,296.1,296.1,296.1,296.1,296.1,340.8,340.8,340.8,340.8,340.8,340.8,340.8,340.8,340.8,340.8,340.8,340.8,340.8,340.8,340.8,340.8,340.8,340.8,340.8,340.8,340.8,340.8,340.8,340.8,340.8,340.8,340.8,340.8,340.8,340.8,340.8,340.8,340.8,340.8,342.9,342.9,342.9,342.9,342.9,342.9,342.9,342.9,342.9,342.9,342.9,342.9,342.9,342.9,342.9,342.9,342.9,342.9,342.9,342.9,342.9,342.9,342.9,342.9,342.9,342.9,342.9,342.9,342.9,342.9,342.9,342.9,342.9,342.9,342.9,342.9,342.9,342.9,342.9,342.9,342.9,342.9,342.9,342.9,342.9,,342.7,342.7,342.7,342.7,342.7,342.7,342.7,342.7,342.7,342.7,342.7,342.7,342.7,342.7,342.7,342.7,342.7,342.7,342.7,342.7,342.7,342.7,342.7,342.7,342.7,342.7,342.7,342.7,342.7,342.7,342.7,342.7,327.3,327.3,327.3,327.3,327.3,327.3,327.3,327.3,327.3,327.3,327.3,327.3,327.3,327.3,327.3,327.3,327.3,327.3,327.3,327.3,327.3,327.3,327.3,327.3,327.3,327.3,327.3,327.3,327.3,327.3,327.3,327.3,327.3,327.3,327.3,327.311,327.311,327.311,327.311,327.311,327.311,343.279,343.279,343.279,343.279,343.279,343.279,343.279,343.279,343.279,343.279,343.279,343.279,343.279,343.279,343.279,343.279,343.279,343.279,343.279,343.279,343.279,343.279,343.279,343.279,343.279,343.279,343.279,343.279,343.279,343.279,343.279,343.279,343.279,343.279,343.279,343.279,343.279,343.279,343.279,343.279,349.005,349.005,349.005,349.005,349.005,349.005,349.005,349.005,349.005,349.005,349.005,349.005,349.005,349.005,349.005,349.005,349.005,349.005,349.005,349.005
1993-07-01,,,,,,,,,,,,,,,,,,,,,,,,,,,,,,,,,,,,,,,,,,,,,,,,,,,,,,,,,,,,,,,,,,,,,,,,,,,,,,,,,,,,,,,,,,,,,,,,,,,,,,,,,,,,,,,,,,,,,,,,,,,,,,,,,,,,,,,,,,,,,,,,,,,,,,,,,,,,,,,,,,,,,,,,,,,,,,,,,,,,,,,,274.4,274.3,274.3,274.3,274.3,274.3,288.9,288.9,288.9,288.9,288.9,288.9,288.9,288.9,288.9,288.9,298.6,298.6,298.6,298.6,298.6,298.6,298.6,298.6,298.6,298.6,298.6,298.6,298.6,298.4,298.4,298.4,298.4,298.4,298.4,298.4,298.4,298.4,298.4,298.4,298.4,298.4,298.4,298.4,298.4,298.4,298.4,343.5,343.5,343.5,343.5,343.5,343.5,343.5,343.5,343.5,343.5,343.5,343.5,343.5,343.5,343.5,343.5,343.5,343.5,343.5,343.5,343.5,343.5,343.5,343.5,343.5,343.5,343.5,343.5,343.5,343.5,343.5,343.5,343.5,343.5,343.5,343.5,343.5,343.5,343.5,343.5,343.5,343.5,343.5,343.5,343.5,343.5,343.5,343.5,343.5,343.5,343.5,343.5,343.5,343.5,343.5,343.5,343.5,343.5,343.5,343.5,343.5,343.5,343.5,343.5,343.5,343.5,343.5,343.5,343.5,343.5,343.5,343.5,343.5,343.5,343.5,343.5,343.5,343.5,343.5,,352.6,352.6,352.6,352.6,352.6,352.6,352.6,352.6,352.6,352.6,352.6,352.6,352.6,352.6,352.6,352.6,352.6,352.6,352.6,352.6,352.6,352.6,352.6,352.6,352.6,352.6,352.6,352.6,352.6,352.6,352.6,352.6,340.2,340.2,340.2,340.2,340.2,340.2,340.2,340.2,340.2,340.2,340.2,340.2,340.2,340.2,340.2,340.2,340.2,340.2,340.2,340.2,340.2,340.2,340.2,340.2,340.2,340.2,340.2,340.2,340.2,340.2,340.2,340.2,340.2,340.2,340.2,340.193,340.193,340.193,340.193,340.193,340.193,355.933,355.933,355.933,355.933,355.933,355.933,355.933,355.933,355.933,355.933,355.933,355.933,355.933,355.933,355.933,355.933,355.933,355.933,355.933,355.933,355.933,355.933,355.933,355.933,355.933,355.933,355.933,355.933,355.933,355.933,355.933,355.933,355.933,355.933,355.933,355.933,355.933,355.933,355.933,355.933,362.106,362.106,362.106,362.106,362.106,362.106,362.106,362.106,362.106,362.106,362.106,362.106,362.106,362.106,362.106,362.106,362.106,362.106,362.106,362.106
1993-10-01,,,,,,,,,,,,,,,,,,,,,,,,,,,,,,,,,,,,,,,,,,,,,,,,,,,,,,,,,,,,,,,,,,,,,,,,,,,,,,,,,,,,,,,,,,,,,,,,,,,,,,,,,,,,,,,,,,,,,,,,,,,,,,,,,,,,,,,,,,,,,,,,,,,,,,,,,,,,,,,,,,,,,,,,,,,,,,,,,,,,,,,,,,297.4,295.9,295.9,295.9,310.2,310.2,310.2,310.2,310.2,310.2,310.2,310.2,310.2,310.2,322.7,322.7,322.7,322.7,322.8,322.8,322.8,322.8,322.8,322.8,322.8,322.8,322.8,324.0,324.0,324.0,324.0,324.0,324.0,324.0,324.0,324.0,324.0,324.0,324.0,324.0,324.0,324.0,324.0,324.0,324.0,370.1,370.1,370.1,370.1,370.1,370.1,370.1,370.1,370.1,370.1,370.1,370.1,370.1,370.1,370.1,370.1,370.1,370.1,370.1,370.1,370.1,370.1,370.1,370.1,370.1,370.1,370.1,370.1,370.1,370.1,370.1,370.1,370.1,370.1,369.0,369.0,369.0,369.0,369.0,369.0,369.0,369.0,369.0,369.0,369.0,369.0,369.0,369.0,369.0,369.0,369.0,369.0,369.0,369.0,369.0,369.0,369.0,369.0,369.0,369.0,369.0,369.0,369.0,369.0,369.0,369.0,369.0,369.0,369.0,369.0,369.0,369.0,369.0,369.0,369.0,369.0,369.0,369.0,369.0,,367.4,367.4,367.4,367.4,367.4,367.4,367.4,367.4,367.4,367.4,367.4,367.4,367.4,367.4,367.4,367.4,367.4,367.4,367.4,367.4,367.4,367.4,367.4,367.4,367.4,367.4,367.4,367.4,367.4,367.4,367.4,367.4,359.6,359.6,359.6,359.6,359.6,359.6,359.6,359.6,359.6,359.6,359.6,359.6,359.6,359.6,359.6,359.6,359.6,359.6,359.6,359.6,359.6,359.6,359.6,359.6,359.6,359.6,359.6,359.6,359.6,359.6,359.6,359.6,359.6,359.6,359.6,359.593,359.593,359.593,359.593,359.593,359.593,375.422,375.422,375.422,375.422,375.422,375.422,375.422,375.422,375.422,375.422,375.422,375.422,375.422,375.422,375.422,375.422,375.422,375.422,375.422,375.422,375.422,375.422,375.422,375.422,375.422,375.422,375.422,375.422,375.422,375.422,375.422,375.422,375.422,375.422,375.422,375.422,375.422,375.422,375.422,375.422,382.444,382.444,382.444,382.444,382.444,382.444,382.444,382.444,382.444,382.444,382.444,382.444,382.444,382.444,382.444,382.444,382.444,382.444,382.444,382.444
1994-01-01,,,,,,,,,,,,,,,,,,,,,,,,,,,,,,,,,,,,,,,,,,,,,,,,,,,,,,,,,,,,,,,,,,,,,,,,,,,,,,,,,,,,,,,,,,,,,,,,,,,,,,,,,,,,,,,,,,,,,,,,,,,,,,,,,,,,,,,,,,,,,,,,,,,,,,,,,,,,,,,,,,,,,,,,,,,,,,,,,,,,,,,,,,,,284.9,287.5,299.4,299.4,299.4,299.4,299.4,299.4,299.4,299.4,299.4,299.4,300.3,300.3,300.3,300.3,304.1,304.1,304.1,304.1,304.1,304.1,304.1,304.1,304.1,312.1,312.1,312.1,312.1,312.1,312.1,312.1,312.1,312.1,312.1,312.1,312.1,312.1,312.1,312.1,312.1,312.1,312.1,349.4,349.4,349.4,349.4,349.4,349.4,349.4,349.4,349.4,349.4,349.4,349.4,349.4,349.4,349.4,349.4,349.4,349.4,349.4,349.4,349.4,349.4,349.4,349.4,349.4,349.4,349.4,349.4,349.4,349.4,349.4,349.4,349.4,349.4,346.2,346.2,346.2,346.2,346.2,346.2,346.2,346.2,346.2,346.2,346.2,346.2,346.2,346.2,346.2,346.2,346.2,346.2,346.2,346.2,346.2,346.2,346.2,346.2,346.2,346.2,346.2,346.2,346.2,346.2,346.2,346.2,346.2,346.2,346.2,346.2,346.2,346.2,346.2,346.2,346.2,346.2,346.2,346.2,346.2,,387.9,387.9,387.9,387.9,387.9,387.9,387.9,387.9,387.9,387.9,387.9,387.9,387.9,387.9,387.9,387.9,387.9,387.9,387.9,387.9,387.9,387.9,387.9,387.9,387.9,387.9,387.9,387.9,387.9,387.9,387.9,387.9,386.4,386.4,386.4,386.4,386.4,386.4,386.4,386.4,386.4,386.4,386.4,386.4,386.4,386.4,386.4,386.4,386.4,386.4,386.4,386.4,386.4,386.4,386.4,386.4,386.4,386.4,386.4,386.4,386.4,386.4,386.4,386.4,386.4,386.4,386.4,386.378,386.378,386.378,386.378,386.378,386.378,404.995,404.995,404.995,404.995,404.995,404.995,404.995,404.995,404.995,404.995,404.995,404.995,404.995,404.995,404.995,404.995,404.995,404.995,404.995,404.995,404.995,404.995,404.995,404.995,404.995,404.995,404.995,404.995,404.995,404.995,404.995,404.995,404.995,404.995,404.995,404.995,404.995,404.995,404.995,404.995,413.269,413.269,413.269,413.269,413.269,413.269,413.269,413.269,413.269,413.269,413.269,413.269,413.269,413.269,413.269,413.269,413.269,413.269,413.269,413.269
1994-04-01,,,,,,,,,,,,,,,,,,,,,,,,,,,,,,,,,,,,,,,,,,,,,,,,,,,,,,,,,,,,,,,,,,,,,,,,,,,,,,,,,,,,,,,,,,,,,,,,,,,,,,,,,,,,,,,,,,,,,,,,,,,,,,,,,,,,,,,,,,,,,,,,,,,,,,,,,,,,,,,,,,,,,,,,,,,,,,,,,,,,,,,,,,,,,,,321.6,321.4,321.4,321.4,321.4,321.4,321.4,321.4,321.4,330.4,330.4,330.4,330.4,333.3,333.3,333.3,333.3,333.3,333.3,333.3,333.3,333.3,342.5,342.5,342.5,342.5,342.5,342.5,342.5,342.5,342.5,342.5,342.5,342.5,342.5,342.5,342.5,342.5,342.5,342.5,379.8,379.8,379.8,379.8,379.8,379.8,379.8,379.8,379.8,379.8,379.8,379.8,379.8,379.8,379.8,379.8,379.8,379.8,379.8,379.8,379.8,379.8,379.8,379.8,379.8,379.8,379.8,379.8,379.8,379.8,379.8,379.8,379.8,379.8,376.9,376.9,376.9,376.9,376.9,376.9,376.9,376.9,376.9,376.9,376.9,376.9,376.9,376.9,376.9,376.9,376.9,376.9,376.9,376.9,376.9,376.9,376.9,376.9,376.9,376.9,376.9,376.9,376.9,376.9,376.9,376.9,376.9,376.9,376.9,376.9,376.9,376.9,376.9,376.9,376.9,376.9,376.9,376.9,376.9,,396.2,396.2,396.2,396.2,396.2,396.2,396.2,396.2,396.2,396.2,396.2,396.2,396.2,396.2,396.2,396.2,396.2,396.2,396.2,396.2,396.2,396.2,396.2,396.2,396.2,396.2,396.2,396.2,396.2,396.2,396.2,396.2,398.8,398.8,398.8,398.8,398.8,398.8,398.8,398.8,398.8,398.8,398.8,398.8,398.8,398.8,398.8,398.8,398.8,398.8,398.8,398.8,398.8,398.8,398.8,398.8,398.8,398.8,398.8,398.8,398.8,398.8,398.8,398.8,398.8,398.8,398.8,398.84,398.84,398.84,398.84,398.84,398.84,418.333,418.333,418.333,418.333,418.333,418.333,418.333,418.333,418.333,418.333,418.333,418.333,418.333,418.333,418.333,418.333,418.333,418.333,418.333,418.333,418.333,418.333,418.333,418.333,418.333,418.333,418.333,418.333,418.333,418.333,418.333,418.333,418.333,418.333,418.333,418.333,418.333,418.333,418.333,418.333,427.525,427.525,427.525,427.525,427.525,427.525,427.525,427.525,427.525,427.525,427.525,427.525,427.525,427.525,427.525,427.525,427.525,427.525,427.525,427.525
1994-07-01,,,,,,,,,,,,,,,,,,,,,,,,,,,,,,,,,,,,,,,,,,,,,,,,,,,,,,,,,,,,,,,,,,,,,,,,,,,,,,,,,,,,,,,,,,,,,,,,,,,,,,,,,,,,,,,,,,,,,,,,,,,,,,,,,,,,,,,,,,,,,,,,,,,,,,,,,,,,,,,,,,,,,,,,,,,,,,,,,,,,,,,,,,,,,,,,,330.5,329.5,329.5,329.5,329.5,329.5,329.5,344.1,344.1,344.1,344.1,347.4,347.4,347.4,347.4,347.4,347.4,347.4,347.4,347.4,361.6,361.6,361.6,361.6,361.6,361.6,361.6,361.6,361.6,361.6,361.6,361.6,361.6,361.6,361.6,361.6,361.6,361.6,401.0,401.0,401.0,401.0,401.0,401.0,401.0,401.0,401.0,401.0,401.0,401.0,401.0,401.0,401.0,401.0,401.0,401.0,401.0,401.0,401.0,401.0,401.0,401.0,401.0,401.0,401.0,401.0,401.0,401.0,401.0,401.0,401.0,401.0,397.5,397.5,397.5,397.5,397.5,397.5,397.5,397.5,397.5,397.5,397.5,397.5,397.5,397.5,397.5,397.5,397.5,397.5,397.5,397.5,397.5,397.5,397.5,397.5,397.5,397.5,397.5,397.5,397.5,397.5,397.5,397.5,397.5,397.5,397.5,397.5,397.5,397.5,397.5,397.5,397.5,397.5,397.5,397.5,397.5,,414.0,414.0,414.0,414.0,414.0,414.0,414.0,414.0,414.0,414.0,414.0,414.0,414.0,414.0,414.0,414.0,414.0,414.0,414.0,414.0,414.0,414.0,414.0,414.0,414.0,414.0,414.0,414.0,414.0,414.0,414.0,414.0,418.8,418.8,418.8,418.8,418.8,418.8,418.8,418.8,418.8,418.8,418.8,418.8,418.8,418.8,418.8,418.8,418.8,418.8,418.8,418.8,418.8,418.8,418.8,418.8,418.8,418.8,418.8,418.8,418.8,418.8,418.8,418.8,418.8,418.8,418.8,418.796,418.796,418.796,418.796,418.796,418.796,439.704,439.704,439.704,439.704,439.704,439.704,439.704,439.704,439.704,439.704,439.704,439.704,439.704,439.704,439.704,439.704,439.704,439.704,439.704,439.704,439.704,439.704,439.704,439.704,439.704,439.704,439.704,439.704,439.704,439.704,439.704,439.704,439.704,439.704,439.704,439.704,439.704,439.704,439.704,439.704,449.48,449.48,449.48,449.48,449.48,449.48,449.48,449.48,449.48,449.48,449.48,449.48,449.48,449.48,449.48,449.48,449.48,449.48,449.48,449.48
1994-10-01,,,,,,,,,,,,,,,,,,,,,,,,,,,,,,,,,,,,,,,,,,,,,,,,,,,,,,,,,,,,,,,,,,,,,,,,,,,,,,,,,,,,,,,,,,,,,,,,,,,,,,,,,,,,,,,,,,,,,,,,,,,,,,,,,,,,,,,,,,,,,,,,,,,,,,,,,,,,,,,,,,,,,,,,,,,,,,,,,,,,,,,,,,,,,,,,,,,337.9,337.9,337.9,337.9,337.9,356.8,356.8,356.8,356.8,358.8,358.8,358.8,358.8,358.8,358.8,358.8,358.8,358.8,377.7,377.7,377.7,377.7,377.7,377.7,377.7,377.7,377.7,377.7,377.7,377.7,377.7,377.7,377.7,377.7,377.7,377.7,416.6,416.6,416.6,416.6,416.6,416.6,416.6,416.6,416.6,416.6,416.6,416.6,416.6,416.6,416.6,416.6,416.6,416.6,416.6,416.6,416.6,416.6,416.6,416.6,416.6,416.6,416.6,416.6,416.6,416.6,416.6,416.6,416.6,416.6,412.6,412.6,412.6,412.6,412.6,412.6,412.6,412.6,412.6,412.6,412.6,412.6,412.6,412.6,412.6,412.6,412.6,412.6,412.6,412.6,412.6,412.6,412.6,412.6,412.6,412.6,412.6,412.6,412.6,412.6,412.6,412.6,412.6,412.6,412.6,412.6,412.6,412.6,412.6,412.6,412.6,412.6,412.6,412.6,412.6,,425.4,425.4,425.4,425.4,425.4,425.4,425.4,425.4,425.4,425.4,425.4,425.4,425.4,425.4,425.4,425.4,425.4,425.4,425.4,425.4,425.4,425.4,425.4,425.4,425.4,425.4,425.4,425.4,425.4,425.4,425.4,425.4,430.2,430.2,430.2,430.2,430.2,430.2,430.2,430.2,430.2,430.2,430.2,430.2,430.2,430.2,430.2,430.2,430.2,430.2,430.2,430.2,430.2,430.2,430.2,430.2,430.2,430.2,430.2,430.2,430.2,430.2,430.2,430.2,430.2,430.2,430.2,430.238,430.238,430.238,430.238,430.238,430.238,453.102,453.102,453.102,453.102,453.102,453.102,453.102,453.102,453.102,453.102,453.102,453.102,453.102,453.102,453.102,453.102,453.102,453.102,453.102,453.102,453.102,453.102,453.102,453.102,453.102,453.102,453.102,453.102,453.102,453.102,453.102,453.102,453.102,453.102,453.102,453.102,453.102,453.102,453.102,453.102,463.129,463.129,463.129,463.129,463.129,463.129,463.129,463.129,463.129,463.129,463.129,463.129,463.129,463.129,463.129,463.129,463.129,463.129,463.129,463.129
1995-01-01,,,,,,,,,,,,,,,,,,,,,,,,,,,,,,,,,,,,,,,,,,,,,,,,,,,,,,,,,,,,,,,,,,,,,,,,,,,,,,,,,,,,,,,,,,,,,,,,,,,,,,,,,,,,,,,,,,,,,,,,,,,,,,,,,,,,,,,,,,,,,,,,,,,,,,,,,,,,,,,,,,,,,,,,,,,,,,,,,,,,,,,,,,,,,,,,,,,,349.4,350.7,350.7,350.7,376.8,376.8,376.8,376.8,377.2,377.2,377.2,377.2,377.2,377.2,377.2,377.2,377.2,401.0,401.0,401.0,401.0,401.0,401.0,401.0,401.0,407.6,407.6,407.6,407.6,407.6,407.6,407.6,407.6,407.6,407.6,440.1,440.1,440.1,440.1,440.1,440.1,440.1,440.1,440.1,440.1,440.1,440.1,440.1,440.1,440.1,440.1,440.1,440.1,440.1,440.1,440.1,440.1,440.1,440.1,440.1,440.1,440.1,440.1,440.1,440.1,440.1,440.1,440.1,440.1,437.7,437.7,437.7,437.7,437.7,437.7,437.7,437.7,437.7,437.7,437.7,437.7,437.7,437.7,437.7,437.7,437.7,437.7,437.7,437.7,437.7,437.7,437.7,437.7,437.7,437.7,437.7,437.7,437.7,437.7,437.7,437.7,437.7,437.7,437.7,437.7,437.7,437.7,437.7,437.7,437.7,437.7,437.7,437.7,437.7,442.0,442.0,442.0,442.0,442.0,442.0,442.0,442.0,442.0,442.0,442.0,442.0,442.0,442.0,442.0,442.0,442.0,442.0,442.0,442.0,442.0,442.0,442.0,442.0,442.0,442.0,442.0,442.0,442.0,442.0,442.0,442.0,442.0,444.8,444.8,444.8,444.8,444.8,444.8,444.8,444.8,444.8,444.8,444.8,444.8,444.8,444.8,444.8,444.8,444.8,444.8,444.8,444.8,444.8,444.8,444.8,444.8,444.8,444.8,444.8,444.8,444.8,444.8,444.8,444.8,444.8,444.8,444.8,444.779,444.779,444.779,444.779,444.779,444.779,467.603,467.603,467.603,467.603,467.603,467.603,467.603,467.603,467.603,467.603,467.603,467.603,467.603,467.603,467.603,467.603,467.603,467.603,467.603,467.603,467.603,467.603,467.603,467.603,467.603,467.603,467.603,467.603,467.603,467.603,467.603,467.603,467.603,467.603,467.603,467.603,467.603,467.603,467.603,467.603,477.546,477.546,477.546,477.546,477.546,477.546,477.546,477.546,477.546,477.546,477.546,477.546,477.546,477.546,477.546,477.546,477.546,477.546,477.546,477.546
1995-04-01,,,,,,,,,,,,,,,,,,,,,,,,,,,,,,,,,,,,,,,,,,,,,,,,,,,,,,,,,,,,,,,,,,,,,,,,,,,,,,,,,,,,,,,,,,,,,,,,,,,,,,,,,,,,,,,,,,,,,,,,,,,,,,,,,,,,,,,,,,,,,,,,,,,,,,,,,,,,,,,,,,,,,,,,,,,,,,,,,,,,,,,,,,,,,,,,,,,,,,355.8,353.6,374.1,374.1,374.1,374.1,375.3,375.3,375.3,375.3,375.3,375.3,375.3,375.3,375.3,405.9,405.9,405.9,405.9,405.9,405.9,405.9,405.9,421.9,421.9,421.9,421.9,421.9,421.9,421.9,421.9,421.9,421.9,456.6,456.6,456.6,456.6,456.6,456.6,456.6,456.6,456.6,456.6,456.6,456.6,456.6,456.6,456.6,456.6,456.6,456.6,456.6,456.6,456.6,456.6,456.6,456.6,456.6,456.6,456.6,456.6,456.6,456.6,456.6,456.6,456.6,456.6,455.4,455.4,455.4,455.4,455.4,455.4,455.4,455.4,455.4,455.4,455.4,455.4,455.4,455.4,455.4,455.4,455.4,455.4,455.4,455.4,455.4,455.4,455.4,455.4,455.4,455.4,455.4,455.4,455.4,455.4,455.4,455.4,455.4,455.4,455.4,455.4,455.4,455.4,455.4,455.4,455.4,455.4,455.4,455.4,455.4,466.2,466.2,466.2,466.2,466.2,466.2,466.2,466.2,466.2,466.2,466.2,466.2,466.2,466.2,466.2,466.2,466.2,466.2,466.2,466.2,466.2,466.2,466.2,466.2,466.2,466.2,466.2,466.2,466.2,466.2,466.2,466.2,466.2,467.4,467.4,467.4,467.4,467.4,467.4,467.4,467.4,467.4,467.4,467.4,467.4,467.4,467.4,467.4,467.4,467.4,467.4,467.4,467.4,467.4,467.4,467.4,467.4,467.4,467.4,467.4,467.4,467.4,467.4,467.4,467.4,467.4,467.4,467.4,467.438,467.438,467.438,467.438,467.438,467.438,491.19,491.19,491.19,491.19,491.19,491.19,491.19,491.19,491.19,491.19,491.19,491.19,491.19,491.19,491.19,491.19,491.19,491.19,491.19,491.19,491.19,491.19,491.19,491.19,491.19,491.19,491.19,491.19,491.19,491.19,491.19,491.19,491.19,491.19,491.19,491.19,491.19,491.19,491.19,491.19,501.314,501.314,501.314,501.314,501.314,501.314,501.314,501.314,501.314,501.314,501.314,501.314,501.314,501.314,501.314,501.314,501.314,501.314,501.314,501.314
1995-07-01,,,,,,,,,,,,,,,,,,,,,,,,,,,,,,,,,,,,,,,,,,,,,,,,,,,,,,,,,,,,,,,,,,,,,,,,,,,,,,,,,,,,,,,,,,,,,,,,,,,,,,,,,,,,,,,,,,,,,,,,,,,,,,,,,,,,,,,,,,,,,,,,,,,,,,,,,,,,,,,,,,,,,,,,,,,,,,,,,,,,,,,,,,,,,,,,,,,,,,,,385.1,385.1,385.1,385.1,382.8,382.8,382.8,382.8,382.8,382.8,382.8,382.8,382.8,411.8,411.8,411.8,411.8,411.8,411.8,411.8,411.8,431.6,431.6,431.6,431.6,431.6,431.6,431.6,431.6,431.6,431.6,464.8,464.8,464.8,464.8,464.8,464.8,464.8,464.8,464.8,464.8,464.8,464.8,464.8,464.8,464.8,464.8,464.8,464.8,464.8,464.8,464.8,464.8,464.8,464.8,464.8,464.8,464.8,464.8,464.8,464.8,464.8,464.8,464.8,464.8,462.8,462.8,462.8,462.8,462.8,462.8,462.8,462.8,462.8,462.8,462.8,462.8,462.8,462.8,462.8,462.8,462.8,462.8,462.8,462.8,462.8,462.8,462.8,462.8,462.8,462.8,462.8,462.8,462.8,462.8,462.8,462.8,462.8,462.8,462.8,462.8,462.8,462.8,462.8,462.8,462.8,462.8,462.8,462.8,462.8,474.9,474.9,474.9,474.9,474.9,474.9,474.9,474.9,474.9,474.9,474.9,474.9,474.9,474.9,474.9,474.9,474.9,474.9,474.9,474.9,474.9,474.9,474.9,474.9,474.9,474.9,474.9,474.9,474.9,474.9,474.9,474.9,474.9,475.1,475.1,475.1,475.1,475.1,475.1,475.1,475.1,475.1,475.1,475.1,475.1,475.1,475.1,475.1,475.1,475.1,475.1,475.1,475.1,475.1,475.1,475.1,475.1,475.1,475.1,475.1,475.1,475.1,475.1,475.1,475.1,475.1,475.1,475.1,475.099,475.099,475.099,475.099,475.099,475.099,498.739,498.739,498.739,498.739,498.739,498.739,498.739,498.739,498.739,498.739,498.739,498.739,498.739,498.739,498.739,498.739,498.739,498.739,498.739,498.739,498.739,498.739,498.739,498.739,498.739,498.739,498.739,498.739,498.739,498.739,498.739,498.739,498.739,498.739,498.739,498.739,498.739,498.739,498.739,498.739,509.306,509.306,509.306,509.306,509.306,509.306,509.306,509.306,509.306,509.306,509.306,509.306,509.306,509.306,509.306,509.306,509.306,509.306,509.306,509.306
1995-10-01,,,,,,,,,,,,,,,,,,,,,,,,,,,,,,,,,,,,,,,,,,,,,,,,,,,,,,,,,,,,,,,,,,,,,,,,,,,,,,,,,,,,,,,,,,,,,,,,,,,,,,,,,,,,,,,,,,,,,,,,,,,,,,,,,,,,,,,,,,,,,,,,,,,,,,,,,,,,,,,,,,,,,,,,,,,,,,,,,,,,,,,,,,,,,,,,,,,,,,,,,392.3,392.3,392.3,385.5,385.5,385.5,385.5,385.5,385.5,385.5,385.5,385.5,418.8,418.8,418.8,418.8,418.8,418.8,418.8,418.8,437.5,437.5,437.5,437.5,437.5,437.5,437.5,437.5,437.5,437.5,468.5,468.5,468.5,468.5,468.5,468.5,468.5,468.5,468.5,468.5,468.5,468.5,468.5,468.5,468.5,468.5,468.5,468.5,468.5,468.5,468.5,468.5,468.5,468.5,468.5,468.5,468.5,468.5,468.5,468.5,468.5,468.5,468.5,468.5,466.5,466.5,466.5,466.5,466.5,466.5,466.5,466.5,466.5,466.5,466.5,466.5,466.5,466.5,466.5,466.5,466.5,466.5,466.5,466.5,466.5,466.5,466.5,466.5,466.5,466.5,466.5,466.5,466.5,466.5,466.5,466.5,466.5,466.5,466.5,466.5,466.5,466.5,466.5,466.5,466.5,466.5,466.5,466.5,466.5,482.7,482.7,482.7,482.7,482.7,482.7,482.7,482.7,482.7,482.7,482.7,482.7,482.7,482.7,482.7,482.7,482.7,482.7,482.7,482.7,482.7,482.7,482.7,482.7,482.7,482.7,482.7,482.7,482.7,482.7,482.7,482.7,482.7,482.3,482.3,482.3,482.3,482.3,482.3,482.3,482.3,482.3,482.3,482.3,482.3,482.3,482.3,482.3,482.3,482.3,482.3,482.3,482.3,482.3,482.3,482.3,482.3,482.3,482.3,482.3,482.3,482.3,482.3,482.3,482.3,482.3,482.3,482.3,482.337,482.337,482.337,482.337,482.337,482.337,505.677,505.677,505.677,505.677,505.677,505.677,505.677,505.677,505.677,505.677,505.677,505.677,505.677,505.677,505.677,505.677,505.677,505.677,505.677,505.677,505.677,505.677,505.677,505.677,505.677,505.677,505.677,505.677,505.677,505.677,505.677,505.677,505.677,505.677,505.677,505.677,505.677,505.677,505.677,505.677,516.952,516.952,516.952,516.952,516.952,516.952,516.952,516.952,516.952,516.952,516.952,516.952,516.952,516.952,516.952,516.952,516.952,516.952,516.952,516.952
1996-01-01,,,,,,,,,,,,,,,,,,,,,,,,,,,,,,,,,,,,,,,,,,,,,,,,,,,,,,,,,,,,,,,,,,,,,,,,,,,,,,,,,,,,,,,,,,,,,,,,,,,,,,,,,,,,,,,,,,,,,,,,,,,,,,,,,,,,,,,,,,,,,,,,,,,,,,,,,,,,,,,,,,,,,,,,,,,,,,,,,,,,,,,,,,,,,,,,,,,,,,,,,,405.8,415.6,408.8,408.8,408.8,408.8,408.8,408.8,408.8,408.8,408.8,438.7,438.7,438.7,438.7,438.7,438.7,438.7,438.7,446.0,446.0,446.0,446.0,446.0,446.0,446.0,446.0,446.0,446.0,493.5,493.5,493.5,493.5,493.5,493.5,493.5,493.5,493.5,493.5,493.5,493.5,493.5,493.5,493.5,493.5,493.5,493.5,493.5,493.5,493.5,493.5,493.5,493.5,493.5,493.5,493.5,493.5,493.5,493.5,493.5,493.5,493.5,493.5,492.8,492.8,492.8,492.8,492.8,492.8,492.8,492.8,492.8,492.8,492.8,492.8,492.8,492.8,492.8,492.8,492.8,492.8,492.8,492.8,492.8,492.8,492.8,492.8,492.8,492.8,492.8,492.8,492.8,492.8,492.8,492.8,492.8,492.8,492.8,492.8,492.8,492.8,492.8,492.8,492.8,492.8,492.8,492.8,492.8,505.5,505.5,505.5,505.5,505.5,505.5,505.5,505.5,505.5,505.5,505.5,505.5,505.5,505.5,505.5,505.5,505.5,505.5,505.5,505.5,505.5,505.5,505.5,505.5,505.5,505.5,505.5,505.5,505.5,505.5,505.5,505.5,505.5,505.0,505.0,505.0,505.0,505.0,505.0,505.0,505.0,505.0,505.0,505.0,505.0,505.0,505.0,505.0,505.0,505.0,505.0,505.0,505.0,505.0,505.0,505.0,505.0,505.0,505.0,505.0,505.0,505.0,505.0,505.0,505.0,505.0,505.0,505.0,505.031,505.031,505.031,505.031,505.031,505.031,524.958,524.958,524.958,524.958,524.958,524.958,524.958,524.958,524.958,524.958,524.958,524.958,524.958,524.958,524.958,524.958,524.958,524.958,524.958,524.958,524.958,524.958,524.958,524.958,524.958,524.958,524.958,524.958,524.958,524.958,524.958,524.958,524.958,524.958,524.958,524.958,524.958,524.958,524.958,524.958,537.204,537.204,537.204,537.204,537.204,537.204,537.204,537.204,537.204,537.204,537.204,537.204,537.204,537.204,537.204,537.204,537.204,537.204,537.204,537.204
1996-04-01,,,,,,,,,,,,,,,,,,,,,,,,,,,,,,,,,,,,,,,,,,,,,,,,,,,,,,,,,,,,,,,,,,,,,,,,,,,,,,,,,,,,,,,,,,,,,,,,,,,,,,,,,,,,,,,,,,,,,,,,,,,,,,,,,,,,,,,,,,,,,,,,,,,,,,,,,,,,,,,,,,,,,,,,,,,,,,,,,,,,,,,,,,,,,,,,,,,,,,,,,,,,,407.4,408.1,408.1,408.1,408.1,408.1,408.1,408.1,450.0,450.0,450.0,450.0,450.0,450.0,450.0,450.0,454.8,454.8,454.8,454.8,454.8,454.8,454.8,454.8,454.8,454.8,501.0,501.0,501.0,501.0,501.0,501.0,501.0,501.0,501.0,501.0,501.0,501.0,501.0,501.0,501.0,501.0,501.0,501.0,501.0,501.0,501.0,501.0,501.0,501.0,501.0,501.0,501.0,501.0,501.0,501.0,501.0,501.0,501.0,501.0,499.9,499.9,499.9,499.9,499.9,499.9,499.9,499.9,499.9,499.9,499.9,499.9,499.9,499.9,499.9,499.9,499.9,499.9,499.9,499.9,499.9,499.9,499.9,499.9,499.9,499.9,499.9,499.9,499.9,499.9,499.9,499.9,499.9,499.9,499.9,499.9,499.9,499.9,499.9,499.9,499.9,499.9,499.9,499.9,499.9,508.0,508.0,508.0,508.0,508.0,508.0,508.0,508.0,508.0,508.0,508.0,508.0,508.0,508.0,508.0,508.0,508.0,508.0,508.0,508.0,508.0,508.0,508.0,508.0,508.0,508.0,508.0,508.0,508.0,508.0,508.0,508.0,508.0,506.9,506.9,506.9,506.9,506.9,506.9,506.9,506.9,506.9,506.9,506.9,506.9,506.9,506.9,506.9,506.9,506.9,506.9,506.9,506.9,506.9,506.9,506.9,506.9,506.9,506.9,506.9,506.9,506.9,506.9,506.9,506.9,506.9,506.9,506.9,506.933,506.933,506.933,506.933,506.933,506.933,526.924,526.924,526.924,526.924,526.924,526.924,526.924,526.924,526.924,526.924,526.924,526.924,526.924,526.924,526.924,526.924,526.924,526.924,526.924,526.924,526.924,526.924,526.924,526.924,526.924,526.924,526.924,526.924,526.924,526.924,526.924,526.924,526.924,526.924,526.924,526.924,526.924,526.924,526.924,526.924,540.29,540.29,540.29,540.29,540.29,540.29,540.29,540.29,540.29,540.29,540.29,540.29,540.29,540.29,540.29,540.29,540.29,540.29,540.29,540.29
1996-07-01,,,,,,,,,,,,,,,,,,,,,,,,,,,,,,,,,,,,,,,,,,,,,,,,,,,,,,,,,,,,,,,,,,,,,,,,,,,,,,,,,,,,,,,,,,,,,,,,,,,,,,,,,,,,,,,,,,,,,,,,,,,,,,,,,,,,,,,,,,,,,,,,,,,,,,,,,,,,,,,,,,,,,,,,,,,,,,,,,,,,,,,,,,,,,,,,,,,,,,,,,,,,,,,397.5,402.2,402.2,402.2,402.2,402.2,447.5,447.5,447.5,447.5,447.5,447.5,447.5,447.5,454.2,454.2,454.2,454.2,454.2,454.2,454.2,454.2,454.2,454.2,500.9,500.9,500.9,500.9,500.9,500.9,500.9,500.9,500.9,500.9,500.9,500.9,500.9,500.9,500.9,500.9,500.9,500.9,500.9,500.9,500.9,500.9,500.9,500.9,500.9,500.9,500.9,500.9,500.9,500.9,500.9,500.9,500.9,500.9,498.9,498.9,498.9,498.9,498.9,498.9,498.9,498.9,498.9,498.9,498.9,498.9,498.9,498.9,498.9,498.9,498.9,498.9,498.9,498.9,498.9,498.9,498.9,498.9,498.9,498.9,498.9,498.9,498.9,498.9,498.9,498.9,498.9,498.9,498.9,498.9,498.9,498.9,498.9,498.9,498.9,498.9,498.9,498.9,498.9,504.9,504.9,504.9,504.9,504.9,504.9,504.9,504.9,504.9,504.9,504.9,504.9,504.9,504.9,504.9,504.9,504.9,504.9,504.9,504.9,504.9,504.9,504.9,504.9,504.9,504.9,504.9,504.9,504.9,504.9,504.9,504.9,504.9,502.6,502.6,502.6,502.6,502.6,502.6,502.6,502.6,502.6,502.6,502.6,502.6,502.6,502.6,502.6,502.6,502.6,502.6,502.6,502.6,502.6,502.6,502.6,502.6,502.6,502.6,502.6,502.6,502.6,502.6,502.6,502.6,502.6,502.6,502.6,502.58,502.58,502.58,502.58,502.58,502.58,522.644,522.644,522.644,522.644,522.644,522.644,522.644,522.644,522.644,522.644,522.644,522.644,522.644,522.644,522.644,522.644,522.644,522.644,522.644,522.644,522.644,522.644,522.644,522.644,522.644,522.644,522.644,522.644,522.644,522.644,522.644,522.644,522.644,522.644,522.644,522.644,522.644,522.644,522.644,522.644,537.278,537.278,537.278,537.278,537.278,537.278,537.278,537.278,537.278,537.278,537.278,537.278,537.278,537.278,537.278,537.278,537.278,537.278,537.278,537.278
1996-10-01,,,,,,,,,,,,,,,,,,,,,,,,,,,,,,,,,,,,,,,,,,,,,,,,,,,,,,,,,,,,,,,,,,,,,,,,,,,,,,,,,,,,,,,,,,,,,,,,,,,,,,,,,,,,,,,,,,,,,,,,,,,,,,,,,,,,,,,,,,,,,,,,,,,,,,,,,,,,,,,,,,,,,,,,,,,,,,,,,,,,,,,,,,,,,,,,,,,,,,,,,,,,,,,,,408.2,408.2,408.2,408.2,454.0,454.0,454.0,454.0,454.0,454.0,454.0,454.0,461.5,461.5,461.5,461.5,461.5,461.5,461.5,461.5,461.5,461.5,515.4,515.4,515.4,515.4,515.4,515.4,515.4,515.4,515.4,515.4,515.4,515.4,515.4,515.4,515.4,515.4,515.4,515.4,515.4,515.4,515.4,515.4,515.4,515.4,515.4,515.4,515.4,515.4,515.4,515.4,515.4,515.4,515.4,515.4,513.8,513.8,513.8,513.8,513.8,513.8,513.8,513.8,513.8,513.8,513.8,513.8,513.8,513.8,513.8,513.8,513.8,513.8,513.8,513.8,513.8,513.8,513.8,513.8,513.8,513.8,513.8,513.8,513.8,513.8,513.8,513.8,513.8,513.8,513.8,513.8,513.8,513.8,513.8,513.8,513.8,513.8,513.8,513.8,513.8,518.7,518.7,518.7,518.7,518.7,518.7,518.7,518.7,518.7,518.7,518.7,518.7,518.7,518.7,518.7,518.7,518.7,518.7,518.7,518.7,518.7,518.7,518.7,518.7,518.7,518.7,518.7,518.7,518.7,518.7,518.7,518.7,518.7,514.5,514.5,514.5,514.5,514.5,514.5,514.5,514.5,514.5,514.5,514.5,514.5,514.5,514.5,514.5,514.5,514.5,514.5,514.5,514.5,514.5,514.5,514.5,514.5,514.5,514.5,514.5,514.5,514.5,514.5,514.5,514.5,514.5,514.5,514.5,514.542,514.542,514.542,514.542,514.542,514.542,534.89,534.89,534.89,534.89,534.89,534.89,534.89,534.89,534.89,534.89,534.89,534.89,534.89,534.89,534.89,534.89,534.89,534.89,534.89,534.89,534.89,534.89,534.89,534.89,534.89,534.89,534.89,534.89,534.89,534.89,534.89,534.89,534.89,534.89,534.89,534.89,534.89,534.89,534.89,534.89,550.942,550.942,550.942,550.942,550.942,550.942,550.942,550.942,550.942,550.942,550.942,550.942,550.942,550.942,550.942,550.942,550.942,550.942,550.942,550.942
1997-01-01,,,,,,,,,,,,,,,,,,,,,,,,,,,,,,,,,,,,,,,,,,,,,,,,,,,,,,,,,,,,,,,,,,,,,,,,,,,,,,,,,,,,,,,,,,,,,,,,,,,,,,,,,,,,,,,,,,,,,,,,,,,,,,,,,,,,,,,,,,,,,,,,,,,,,,,,,,,,,,,,,,,,,,,,,,,,,,,,,,,,,,,,,,,,,,,,,,,,,,,,,,,,,,,,,,,426.5,422.3,467.2,467.2,467.2,467.2,467.2,467.2,467.2,467.2,473.6,473.6,473.6,473.6,473.6,473.6,473.6,473.6,473.6,473.6,534.4,534.4,534.4,534.4,534.4,534.4,534.4,530.7,530.7,530.7,530.7,530.7,530.7,530.7,530.7,530.7,530.7,530.7,530.7,530.7,530.7,530.7,530.7,530.7,530.7,530.7,530.7,530.7,530.7,530.7,530.7,530.7,530.7,530.7,529.4,529.4,529.4,529.4,529.4,529.4,529.4,529.4,529.4,529.4,529.4,529.4,529.4,529.4,529.4,529.4,529.4,529.4,529.4,529.4,529.4,529.4,529.4,529.4,529.4,529.4,529.4,529.4,529.4,529.4,529.4,529.4,529.4,529.4,529.4,529.4,529.4,529.4,529.4,529.4,529.4,529.4,529.4,529.4,529.4,533.3,533.3,533.3,533.3,533.3,533.3,533.3,533.3,533.3,533.3,533.3,533.3,533.3,533.3,533.3,533.3,533.3,533.3,533.3,533.3,533.3,533.3,533.3,533.3,533.3,533.3,533.3,533.3,533.3,533.3,533.3,533.3,533.3,526.7,526.7,526.7,526.7,526.7,526.7,526.7,526.7,526.7,526.7,526.7,526.7,526.7,526.7,526.7,526.7,526.7,526.7,526.7,526.7,526.7,526.7,526.7,526.7,526.7,526.7,526.7,526.7,526.7,526.7,526.7,526.7,526.7,526.7,526.7,526.749,526.749,526.749,526.749,526.749,526.749,546.764,546.764,546.764,546.764,546.764,546.764,546.764,546.764,546.764,546.764,546.764,546.764,546.764,546.764,546.764,546.764,546.764,546.764,546.764,546.764,546.764,546.764,546.764,546.764,546.764,546.764,546.764,546.764,546.764,546.764,546.764,546.764,546.764,546.764,546.764,546.764,546.764,546.764,546.764,546.764,564.382,564.382,564.382,564.382,564.382,564.382,564.382,564.382,564.382,564.382,564.382,564.382,564.382,564.382,564.382,564.382,564.382,564.382,564.382,564.382
1997-04-01,,,,,,,,,,,,,,,,,,,,,,,,,,,,,,,,,,,,,,,,,,,,,,,,,,,,,,,,,,,,,,,,,,,,,,,,,,,,,,,,,,,,,,,,,,,,,,,,,,,,,,,,,,,,,,,,,,,,,,,,,,,,,,,,,,,,,,,,,,,,,,,,,,,,,,,,,,,,,,,,,,,,,,,,,,,,,,,,,,,,,,,,,,,,,,,,,,,,,,,,,,,,,,,,,,,,,,473.0,475.3,475.3,475.3,475.3,475.3,475.3,487.8,487.8,487.8,487.8,487.8,487.8,487.8,487.8,487.8,487.8,553.3,553.3,553.3,553.3,553.3,553.3,553.3,549.4,549.4,549.4,549.4,549.4,549.4,549.4,549.4,549.4,549.4,549.4,549.4,549.4,549.4,549.4,549.4,549.4,549.4,549.4,549.4,549.4,549.4,549.4,549.4,549.4,549.4,549.4,548.2,548.2,548.2,548.2,548.2,548.2,548.2,548.2,548.2,548.2,548.2,548.2,548.2,548.2,548.2,548.2,548.2,548.2,548.2,548.2,548.2,548.2,548.2,548.2,548.2,548.2,548.2,548.2,548.2,548.2,548.2,548.2,548.2,548.2,548.2,548.2,548.2,548.2,548.2,548.2,548.2,548.2,548.2,548.2,548.2,551.6,551.6,551.6,551.6,551.6,551.6,551.6,551.6,551.6,551.6,551.6,551.6,551.6,551.6,551.6,551.6,551.6,551.6,551.6,551.6,551.6,551.6,551.6,551.6,551.6,551.6,551.6,551.6,551.6,551.6,551.6,551.6,551.6,544.8,544.8,544.8,544.8,544.8,544.8,544.8,544.8,544.8,544.8,544.8,544.8,544.8,544.8,544.8,544.8,544.8,544.8,544.8,544.8,544.8,544.8,544.8,544.8,544.8,544.8,544.8,544.8,544.8,544.8,544.8,544.8,544.8,544.8,544.8,544.801,544.801,544.801,544.801,544.801,544.801,565.264,565.264,565.264,565.264,565.264,565.264,565.264,565.264,565.264,565.264,565.264,565.264,565.264,565.264,565.264,565.264,565.264,565.264,565.264,565.264,565.264,565.264,565.264,565.264,565.264,565.264,565.264,565.264,565.264,565.264,565.264,565.264,565.264,565.264,565.264,565.264,565.264,565.264,565.264,565.264,584.518,584.518,584.518,584.518,584.518,584.518,584.518,584.518,584.518,584.518,584.518,584.518,584.518,584.518,584.518,584.518,584.518,584.518,584.518,584.518
1997-07-01,,,,,,,,,,,,,,,,,,,,,,,,,,,,,,,,,,,,,,,,,,,,,,,,,,,,,,,,,,,,,,,,,,,,,,,,,,,,,,,,,,,,,,,,,,,,,,,,,,,,,,,,,,,,,,,,,,,,,,,,,,,,,,,,,,,,,,,,,,,,,,,,,,,,,,,,,,,,,,,,,,,,,,,,,,,,,,,,,,,,,,,,,,,,,,,,,,,,,,,,,,,,,,,,,,,,,,,,483.4,495.2,495.2,495.2,495.2,504.7,504.7,504.7,504.7,504.7,504.7,504.7,504.7,504.7,504.7,575.3,575.3,575.3,575.3,575.3,575.3,575.3,573.8,573.8,573.8,573.8,573.8,573.8,573.8,573.8,573.8,573.8,573.8,573.8,573.8,573.8,573.8,573.8,573.8,573.8,573.8,573.8,573.8,573.8,573.8,573.8,573.8,573.8,573.8,570.4,570.4,570.4,570.4,570.4,570.4,570.4,570.4,570.4,570.4,570.4,570.4,570.4,570.4,570.4,570.4,570.4,570.4,570.4,570.4,570.4,570.4,570.4,570.4,570.4,570.4,570.4,570.4,570.4,570.4,570.4,570.4,570.4,570.4,570.4,570.4,570.4,570.4,570.4,570.4,570.4,570.4,570.4,570.4,570.4,571.4,571.4,571.4,571.4,571.4,571.4,571.4,571.4,571.4,571.4,571.4,571.4,571.4,571.4,571.4,571.4,571.4,571.4,571.4,571.4,571.4,571.4,571.4,571.4,571.4,571.4,571.4,571.4,571.4,571.4,571.4,571.4,571.4,566.4,566.4,566.4,566.4,566.4,566.4,566.4,566.4,566.4,566.4,566.4,566.4,566.4,566.4,566.4,566.4,566.4,566.4,566.4,566.4,566.4,566.4,566.4,566.4,566.4,566.4,566.4,566.4,566.4,566.4,566.4,566.4,566.4,566.4,566.4,566.394,566.394,566.394,566.394,566.394,566.394,587.262,587.262,587.262,587.262,587.262,587.262,587.262,587.262,587.262,587.262,587.262,587.262,587.262,587.262,587.262,587.262,587.262,587.262,587.262,587.262,587.262,587.262,587.262,587.262,587.262,587.262,587.262,587.262,587.262,587.262,587.262,587.262,587.262,587.262,587.262,587.262,587.262,587.262,587.262,587.262,608.221,608.221,608.221,608.221,608.221,608.221,608.221,608.221,608.221,608.221,608.221,608.221,608.221,608.221,608.221,608.221,608.221,608.221,608.221,608.221
1997-10-01,,,,,,,,,,,,,,,,,,,,,,,,,,,,,,,,,,,,,,,,,,,,,,,,,,,,,,,,,,,,,,,,,,,,,,,,,,,,,,,,,,,,,,,,,,,,,,,,,,,,,,,,,,,,,,,,,,,,,,,,,,,,,,,,,,,,,,,,,,,,,,,,,,,,,,,,,,,,,,,,,,,,,,,,,,,,,,,,,,,,,,,,,,,,,,,,,,,,,,,,,,,,,,,,,,,,,,,,,,483.7,483.7,483.7,487.1,487.1,487.1,487.1,487.1,487.1,487.1,487.1,487.1,487.1,567.4,567.4,567.4,567.4,567.4,567.4,567.4,566.9,566.9,566.9,566.9,566.9,566.9,566.9,566.9,566.9,566.9,566.9,566.9,566.9,566.9,566.9,566.9,566.9,566.9,566.9,566.9,566.9,566.9,566.9,566.9,566.9,566.9,566.9,560.4,560.4,560.4,560.4,560.4,560.4,560.4,560.4,560.4,560.4,560.4,560.4,560.4,560.4,560.4,560.4,560.4,560.4,560.4,560.4,560.4,560.4,560.4,560.4,560.4,560.4,560.4,560.4,560.4,560.4,560.4,560.4,560.4,560.4,560.4,560.4,560.4,560.4,560.4,560.4,560.4,560.4,560.4,560.4,560.4,569.0,569.0,569.0,569.0,569.0,569.0,569.0,569.0,569.0,569.0,569.0,569.0,569.0,569.0,569.0,569.0,569.0,569.0,569.0,569.0,569.0,569.0,569.0,569.0,569.0,569.0,569.0,569.0,569.0,569.0,569.0,569.0,569.0,567.9,567.9,567.9,567.9,567.9,567.9,567.9,567.9,567.9,567.9,567.9,567.9,567.9,567.9,567.9,567.9,567.9,567.9,567.9,567.9,567.9,567.9,567.9,567.9,567.9,567.9,567.9,567.9,567.9,567.9,567.9,567.9,567.9,567.9,567.9,567.92,567.92,567.92,567.92,567.92,567.92,589.208,589.208,589.208,589.208,589.208,589.208,589.208,589.208,589.208,589.208,589.208,589.208,589.208,589.208,589.208,589.208,589.208,589.208,589.208,589.208,589.208,589.208,589.208,589.208,589.208,589.208,589.208,589.208,589.208,589.208,589.208,589.208,589.208,589.208,589.208,589.208,589.208,589.208,589.208,589.208,611.944,611.944,611.944,611.944,611.944,611.944,611.944,611.944,611.944,611.944,611.944,611.944,611.944,611.944,611.944,611.944,611.944,611.944,611.944,611.944
1998-01-01,,,,,,,,,,,,,,,,,,,,,,,,,,,,,,,,,,,,,,,,,,,,,,,,,,,,,,,,,,,,,,,,,,,,,,,,,,,,,,,,,,,,,,,,,,,,,,,,,,,,,,,,,,,,,,,,,,,,,,,,,,,,,,,,,,,,,,,,,,,,,,,,,,,,,,,,,,,,,,,,,,,,,,,,,,,,,,,,,,,,,,,,,,,,,,,,,,,,,,,,,,,,,,,,,,,,,,,,,,,473.0,477.9,479.2,479.2,479.2,479.2,479.2,479.2,479.2,479.2,479.2,479.2,548.9,548.9,548.9,548.9,548.9,548.9,548.9,519.4,519.4,519.4,519.4,519.4,519.4,519.4,519.4,491.8,491.8,491.8,491.8,491.8,491.8,491.8,491.8,491.8,491.8,491.8,491.8,491.8,491.8,491.8,491.8,491.8,491.8,491.8,478.9,478.9,478.9,478.9,478.9,478.9,478.9,478.9,478.9,478.9,478.9,478.9,478.9,478.9,478.9,478.9,478.9,478.9,478.9,478.9,478.9,478.9,478.9,478.9,478.9,478.9,478.9,478.9,478.9,478.9,478.9,478.9,478.9,478.9,478.9,478.9,478.9,478.9,478.9,478.9,478.9,478.9,478.9,478.9,478.9,483.2,483.2,483.2,483.2,483.2,483.2,483.2,483.2,483.2,483.2,483.2,483.2,483.2,483.2,483.2,483.2,483.2,483.2,483.2,483.2,483.2,483.2,483.2,483.2,483.2,483.2,483.2,483.2,483.2,483.2,483.2,483.2,483.2,488.2,488.2,488.2,488.2,488.2,488.2,488.2,488.2,488.2,488.2,488.2,488.2,488.2,488.2,488.2,488.2,488.2,488.2,488.2,488.2,488.2,488.2,488.2,488.2,488.2,488.2,488.2,488.2,488.2,488.2,488.2,488.2,488.2,488.2,488.2,488.241,488.241,488.241,488.241,488.241,488.241,514.609,514.609,514.609,514.609,514.609,514.609,514.609,514.609,514.609,514.609,514.609,514.609,514.609,514.609,514.609,514.609,514.609,514.609,514.609,514.609,514.609,514.609,514.609,514.609,514.609,514.609,514.609,514.609,514.609,514.609,514.609,514.609,514.609,514.609,514.609,514.609,514.609,514.609,514.609,514.609,539.192,539.192,539.192,539.192,539.192,539.192,539.192,539.192,539.192,539.192,539.192,539.192,539.192,539.192,539.192,539.192,539.192,539.192,539.192,539.192
1998-04-01,,,,,,,,,,,,,,,,,,,,,,,,,,,,,,,,,,,,,,,,,,,,,,,,,,,,,,,,,,,,,,,,,,,,,,,,,,,,,,,,,,,,,,,,,,,,,,,,,,,,,,,,,,,,,,,,,,,,,,,,,,,,,,,,,,,,,,,,,,,,,,,,,,,,,,,,,,,,,,,,,,,,,,,,,,,,,,,,,,,,,,,,,,,,,,,,,,,,,,,,,,,,,,,,,,,,,,,,,,,,,,480.5,481.8,481.8,481.8,481.8,481.8,481.8,481.8,481.8,550.9,550.9,550.9,550.9,550.9,550.9,550.9,520.9,520.9,520.9,520.9,520.9,520.9,520.9,520.9,485.0,485.0,485.0,485.0,485.0,485.0,485.0,485.0,485.0,485.0,485.0,485.0,485.0,485.0,485.0,485.0,485.0,485.0,485.0,471.0,471.0,471.0,471.0,471.0,471.0,471.0,471.0,471.0,471.0,471.0,471.0,471.0,471.0,471.0,471.0,471.0,471.0,471.0,471.0,471.0,471.0,471.0,471.0,471.0,471.0,471.0,471.0,471.0,471.0,471.0,471.0,471.0,471.0,471.0,471.0,471.0,471.0,471.0,471.0,471.0,471.0,471.0,471.0,471.0,478.2,478.2,478.2,478.2,478.2,478.2,478.2,478.2,478.2,478.2,478.2,478.2,478.2,478.2,478.2,478.2,478.2,478.2,478.2,478.2,478.2,478.2,478.2,478.2,478.2,478.2,478.2,478.2,478.2,478.2,478.2,478.2,478.2,485.7,485.7,485.7,485.7,485.7,485.7,485.7,485.7,485.7,485.7,485.7,485.7,485.7,485.7,485.7,485.7,485.7,485.7,485.7,485.7,485.7,485.7,485.7,485.7,485.7,485.7,485.7,485.7,485.7,485.7,485.7,485.7,485.7,485.7,485.7,485.681,485.681,485.681,485.681,485.681,485.681,512.233,512.233,512.233,512.233,512.233,512.233,512.233,512.233,512.233,512.233,512.233,512.233,512.233,512.233,512.233,512.233,512.233,512.233,512.233,512.233,512.233,512.233,512.233,512.233,512.233,512.233,512.233,512.233,512.233,512.233,512.233,512.233,512.233,512.233,512.233,512.233,512.233,512.233,512.233,512.233,538.408,538.408,538.408,538.408,538.408,538.408,538.408,538.408,538.408,538.408,538.408,538.408,538.408,538.408,538.408,538.408,538.408,538.408,538.408,538.408
1998-07-01,,,,,,,,,,,,,,,,,,,,,,,,,,,,,,,,,,,,,,,,,,,,,,,,,,,,,,,,,,,,,,,,,,,,,,,,,,,,,,,,,,,,,,,,,,,,,,,,,,,,,,,,,,,,,,,,,,,,,,,,,,,,,,,,,,,,,,,,,,,,,,,,,,,,,,,,,,,,,,,,,,,,,,,,,,,,,,,,,,,,,,,,,,,,,,,,,,,,,,,,,,,,,,,,,,,,,,,,,,,,,,,,473.2,477.3,477.3,477.3,477.3,477.3,477.3,535.8,535.8,535.8,535.8,535.8,535.8,535.8,511.1,511.1,511.1,511.1,511.1,511.1,511.1,511.1,480.1,480.1,480.1,480.1,480.1,480.1,480.1,480.1,480.1,480.1,480.1,480.1,480.1,480.1,480.1,480.1,480.1,480.1,480.1,469.2,469.2,469.2,469.2,469.2,469.2,469.2,469.2,469.2,469.2,469.2,469.2,469.2,469.2,469.2,469.2,469.2,469.2,469.2,469.2,469.2,469.2,469.2,469.2,469.2,469.2,469.2,469.2,469.2,469.2,469.2,469.2,469.2,469.2,469.2,469.2,469.2,469.2,469.2,469.2,469.2,469.2,469.2,469.2,469.2,474.6,474.6,474.6,474.6,474.6,474.6,474.6,474.6,474.6,474.6,474.6,474.6,474.6,474.6,474.6,474.6,474.6,474.6,474.6,474.6,474.6,474.6,474.6,474.6,474.6,474.6,474.6,474.6,474.6,474.6,474.6,474.6,474.6,481.0,481.0,481.0,481.0,481.0,481.0,481.0,481.0,481.0,481.0,481.0,481.0,481.0,481.0,481.0,481.0,481.0,481.0,481.0,481.0,481.0,481.0,481.0,481.0,481.0,481.0,481.0,481.0,481.0,481.0,481.0,481.0,481.0,481.0,481.0,481.001,481.001,481.001,481.001,481.001,481.001,507.761,507.761,507.761,507.761,507.761,507.761,507.761,507.761,507.761,507.761,507.761,507.761,507.761,507.761,507.761,507.761,507.761,507.761,507.761,507.761,507.761,507.761,507.761,507.761,507.761,507.761,507.761,507.761,507.761,507.761,507.761,507.761,507.761,507.761,507.761,507.761,507.761,507.761,507.761,507.761,535.273,535.273,535.273,535.273,535.273,535.273,535.273,535.273,535.273,535.273,535.273,535.273,535.273,535.273,535.273,535.273,535.273,535.273,535.273,535.273
1998-10-01,,,,,,,,,,,,,,,,,,,,,,,,,,,,,,,,,,,,,,,,,,,,,,,,,,,,,,,,,,,,,,,,,,,,,,,,,,,,,,,,,,,,,,,,,,,,,,,,,,,,,,,,,,,,,,,,,,,,,,,,,,,,,,,,,,,,,,,,,,,,,,,,,,,,,,,,,,,,,,,,,,,,,,,,,,,,,,,,,,,,,,,,,,,,,,,,,,,,,,,,,,,,,,,,,,,,,,,,,,,,,,,,,,472.5,472.5,472.5,472.5,472.5,531.0,531.0,531.0,531.0,531.0,531.0,531.0,502.9,502.9,502.9,502.9,502.9,502.9,502.9,502.9,472.2,472.2,472.2,472.2,472.2,472.2,472.2,472.2,472.2,472.2,472.2,472.2,472.2,472.2,472.2,472.2,472.2,472.2,472.2,460.8,460.8,460.8,460.8,460.8,460.8,460.8,460.8,460.8,460.8,460.8,460.8,460.8,460.8,460.8,460.8,460.8,460.8,460.8,460.8,460.8,460.8,460.8,460.8,460.8,460.8,460.8,460.8,460.8,460.8,460.8,460.8,460.8,460.8,460.8,460.8,460.8,460.8,460.8,460.8,460.8,460.8,460.8,460.8,460.8,462.1,462.1,462.1,462.1,462.1,462.1,462.1,462.1,462.1,462.1,462.1,462.1,462.1,462.1,462.1,462.1,462.1,462.1,462.1,462.1,462.1,462.1,462.1,462.1,462.1,462.1,462.1,462.1,462.1,462.1,462.1,462.1,462.1,463.9,463.9,463.9,463.9,463.9,463.9,463.9,463.9,463.9,463.9,463.9,463.9,463.9,463.9,463.9,463.9,463.9,463.9,463.9,463.9,463.9,463.9,463.9,463.9,463.9,463.9,463.9,463.9,463.9,463.9,463.9,463.9,463.9,463.9,463.9,463.922,463.922,463.922,463.922,463.922,463.922,490.487,490.487,490.487,490.487,490.487,490.487,490.487,490.487,490.487,490.487,490.487,490.487,490.487,490.487,490.487,490.487,490.487,490.487,490.487,490.487,490.487,490.487,490.487,490.487,490.487,490.487,490.487,490.487,490.487,490.487,490.487,490.487,490.487,490.487,490.487,490.487,490.487,490.487,490.487,490.487,519.082,519.082,519.082,519.082,519.082,519.082,519.082,519.082,519.082,519.082,519.082,519.082,519.082,519.082,519.082,519.082,519.082,519.082,519.082,519.082
1999-01-01,,,,,,,,,,,,,,,,,,,,,,,,,,,,,,,,,,,,,,,,,,,,,,,,,,,,,,,,,,,,,,,,,,,,,,,,,,,,,,,,,,,,,,,,,,,,,,,,,,,,,,,,,,,,,,,,,,,,,,,,,,,,,,,,,,,,,,,,,,,,,,,,,,,,,,,,,,,,,,,,,,,,,,,,,,,,,,,,,,,,,,,,,,,,,,,,,,,,,,,,,,,,,,,,,,,,,,,,,,,,,,,,,,,492.6,501.9,501.9,501.9,570.1,570.1,570.1,570.1,570.1,570.1,570.1,549.9,549.9,549.9,549.9,549.9,549.9,549.9,549.9,509.2,509.2,509.2,509.2,509.2,509.2,509.2,509.2,501.3,501.3,501.3,501.3,501.3,501.3,501.3,501.3,501.3,501.3,501.3,499.3,499.3,499.3,499.3,499.3,499.3,499.3,499.3,499.3,499.3,499.3,499.3,499.3,499.3,499.3,499.3,499.3,499.3,499.3,499.3,499.3,499.3,499.3,499.3,499.3,499.3,499.3,499.3,499.3,499.3,499.3,499.3,499.3,499.3,499.3,499.3,499.3,499.3,499.3,499.3,499.3,499.3,499.3,499.3,499.3,499.0,499.0,499.0,499.0,499.0,499.0,499.0,499.0,499.0,499.0,499.0,499.0,499.0,499.0,499.0,499.0,499.0,499.0,499.0,499.0,499.0,499.0,499.0,499.0,499.0,499.0,499.0,499.0,499.0,499.0,499.0,499.0,499.0,493.1,493.1,493.1,493.1,493.1,493.1,493.1,493.1,493.1,493.1,493.1,493.1,493.1,493.1,493.1,493.1,493.1,493.1,493.1,493.1,493.1,493.1,493.1,493.1,493.1,493.1,493.1,493.1,493.1,493.1,493.1,493.1,493.1,493.1,493.1,493.066,493.066,493.066,493.066,493.066,493.066,523.072,523.072,523.072,523.072,523.072,523.072,523.072,523.072,523.072,523.072,523.072,523.072,523.072,523.072,523.072,523.072,523.039,523.039,523.039,523.039,523.039,523.039,523.039,523.039,523.039,523.039,523.039,523.039,523.039,523.039,523.039,523.039,523.039,523.039,523.039,523.039,523.039,523.039,523.039,523.039,552.462,552.462,552.462,552.462,552.462,552.462,552.462,552.462,552.462,552.462,552.462,552.462,552.462,552.462,552.462,552.462,552.462,552.462,552.462,552.462
1999-04-01,,,,,,,,,,,,,,,,,,,,,,,,,,,,,,,,,,,,,,,,,,,,,,,,,,,,,,,,,,,,,,,,,,,,,,,,,,,,,,,,,,,,,,,,,,,,,,,,,,,,,,,,,,,,,,,,,,,,,,,,,,,,,,,,,,,,,,,,,,,,,,,,,,,,,,,,,,,,,,,,,,,,,,,,,,,,,,,,,,,,,,,,,,,,,,,,,,,,,,,,,,,,,,,,,,,,,,,,,,,,,,,,,,,,,510.7,511.0,581.4,581.4,581.4,581.4,581.4,581.4,581.4,553.7,553.7,553.7,553.7,553.7,553.7,553.7,553.7,511.2,511.2,511.2,511.2,511.2,511.2,511.2,511.2,506.9,506.9,506.9,506.9,506.9,506.9,506.9,506.9,506.9,506.9,506.9,510.0,510.0,510.0,510.0,510.0,510.0,510.0,510.0,510.0,510.0,510.0,510.0,510.0,510.0,510.0,510.0,510.0,510.0,510.0,510.0,510.0,510.0,510.0,510.0,510.0,510.0,510.0,510.0,510.0,510.0,510.0,510.0,510.0,510.0,510.0,510.0,510.0,510.0,510.0,510.0,510.0,510.0,510.0,510.0,510.0,520.1,520.1,520.1,520.1,520.1,520.1,520.1,520.1,520.1,520.1,520.1,520.1,520.1,520.1,520.1,520.1,520.1,520.1,520.1,520.1,520.1,520.1,520.1,520.1,520.1,520.1,520.1,520.1,520.1,520.1,520.1,520.1,520.1,507.6,507.6,507.6,507.6,507.6,507.6,507.6,507.6,507.6,507.6,507.6,507.6,507.6,507.6,507.6,507.6,507.6,507.6,507.6,507.6,507.6,507.6,507.6,507.6,507.6,507.6,507.6,507.6,507.6,507.6,507.6,507.6,507.6,507.6,507.6,507.569,507.569,507.569,507.569,507.569,507.569,537.874,537.874,537.874,537.874,537.874,537.874,537.874,537.874,537.874,537.874,537.874,537.874,537.874,537.874,537.874,537.874,537.853,537.853,537.853,537.853,537.853,537.853,537.853,537.853,537.853,537.853,537.853,537.853,537.853,537.853,537.853,537.853,537.853,537.853,537.853,537.853,537.853,537.853,537.853,537.853,568.577,568.577,568.577,568.577,568.577,568.577,568.577,568.577,568.577,568.577,568.577,568.577,568.577,568.577,568.577,568.577,568.577,568.577,568.577,568.577
1999-07-01,,,,,,,,,,,,,,,,,,,,,,,,,,,,,,,,,,,,,,,,,,,,,,,,,,,,,,,,,,,,,,,,,,,,,,,,,,,,,,,,,,,,,,,,,,,,,,,,,,,,,,,,,,,,,,,,,,,,,,,,,,,,,,,,,,,,,,,,,,,,,,,,,,,,,,,,,,,,,,,,,,,,,,,,,,,,,,,,,,,,,,,,,,,,,,,,,,,,,,,,,,,,,,,,,,,,,,,,,,,,,,,,,,,,,,,,598.6,594.3,594.3,594.3,594.3,594.3,564.8,564.8,564.8,564.8,564.8,564.8,564.8,564.8,515.1,515.1,515.1,515.1,515.1,515.1,515.1,515.1,507.1,507.1,507.1,507.1,507.1,507.1,507.1,507.1,507.1,507.1,507.1,515.1,515.1,515.1,515.1,515.1,515.1,515.1,515.1,515.1,515.1,515.1,515.1,515.1,515.1,515.1,515.1,515.1,515.1,515.1,515.1,515.1,515.1,515.1,515.1,515.1,515.1,515.1,515.1,515.1,515.1,515.1,515.1,515.1,515.1,515.1,515.1,515.1,515.1,515.1,515.1,515.1,515.1,515.1,515.1,515.1,523.4,523.4,523.4,523.4,523.4,523.4,523.4,523.4,523.4,523.4,523.4,523.4,523.4,523.4,523.4,523.4,523.4,523.4,523.4,523.4,523.4,523.4,523.4,523.4,523.4,523.4,523.4,523.4,523.4,523.4,523.4,523.4,523.4,505.7,505.7,505.7,505.7,505.7,505.7,505.7,505.7,505.7,505.7,505.7,505.7,505.7,505.7,505.7,505.7,505.7,505.7,505.7,505.7,505.7,505.7,505.7,505.7,505.7,505.7,505.7,505.7,505.7,505.7,505.7,505.7,505.7,505.7,505.7,505.729,505.729,505.729,505.729,505.729,505.729,536.794,536.794,536.794,536.794,536.794,536.794,536.794,536.794,536.794,536.794,536.794,536.794,536.794,536.794,536.794,536.794,536.775,536.775,536.775,536.775,536.775,536.775,536.775,536.775,536.775,536.775,536.775,536.775,536.775,536.775,536.775,536.775,536.775,536.775,536.775,536.775,536.775,536.775,536.775,536.775,569.275,569.275,569.275,569.275,569.275,569.275,569.275,569.275,569.275,569.275,569.275,569.275,569.275,569.275,569.275,569.275,569.275,569.275,569.275,569.275
1999-10-01,,,,,,,,,,,,,,,,,,,,,,,,,,,,,,,,,,,,,,,,,,,,,,,,,,,,,,,,,,,,,,,,,,,,,,,,,,,,,,,,,,,,,,,,,,,,,,,,,,,,,,,,,,,,,,,,,,,,,,,,,,,,,,,,,,,,,,,,,,,,,,,,,,,,,,,,,,,,,,,,,,,,,,,,,,,,,,,,,,,,,,,,,,,,,,,,,,,,,,,,,,,,,,,,,,,,,,,,,,,,,,,,,,,,,,,,,,610.6,610.6,610.6,610.6,599.9,599.9,599.9,599.9,599.9,599.9,599.9,599.9,557.7,557.7,557.7,557.7,557.7,557.7,557.7,557.7,542.0,542.0,542.0,542.0,542.0,542.0,542.0,542.0,542.0,542.0,542.0,544.5,544.5,544.5,544.5,544.5,544.5,544.5,544.5,544.5,544.5,544.5,544.5,544.5,544.5,544.5,544.5,544.5,544.5,544.5,544.5,544.5,544.5,544.5,544.5,544.5,544.5,544.5,544.5,544.5,544.5,544.5,544.5,544.5,544.5,544.5,544.5,544.5,544.5,544.5,544.5,544.5,544.5,544.5,544.5,544.5,544.4,544.4,544.4,544.4,544.4,544.4,544.4,544.4,544.4,544.4,544.4,544.4,544.4,544.4,544.4,544.4,544.4,544.4,544.4,544.4,544.4,544.4,544.4,544.4,544.4,544.4,544.4,544.4,544.4,544.4,544.4,544.4,544.4,523.1,523.1,523.1,523.1,523.1,523.1,523.1,523.1,523.1,523.1,523.1,523.1,523.1,523.1,523.1,523.1,523.1,523.1,523.1,523.1,523.1,523.1,523.1,523.1,523.1,523.1,523.1,523.1,523.1,523.1,523.1,523.1,523.1,523.1,523.1,523.087,523.087,523.087,523.087,523.087,523.087,556.263,556.263,556.263,556.263,556.263,556.263,556.263,556.263,556.263,556.263,556.263,556.263,556.263,556.263,556.263,556.263,556.245,556.245,556.245,556.245,556.245,556.245,556.245,556.245,556.245,556.245,556.245,556.245,556.245,556.245,556.245,556.245,556.245,556.245,556.245,556.245,556.245,556.245,556.245,556.245,590.992,590.992,590.992,590.992,590.992,590.992,590.992,590.992,590.992,590.992,590.992,590.992,590.992,590.992,590.992,590.992,590.992,590.992,590.992,590.992
2000-01-01,,,,,,,,,,,,,,,,,,,,,,,,,,,,,,,,,,,,,,,,,,,,,,,,,,,,,,,,,,,,,,,,,,,,,,,,,,,,,,,,,,,,,,,,,,,,,,,,,,,,,,,,,,,,,,,,,,,,,,,,,,,,,,,,,,,,,,,,,,,,,,,,,,,,,,,,,,,,,,,,,,,,,,,,,,,,,,,,,,,,,,,,,,,,,,,,,,,,,,,,,,,,,,,,,,,,,,,,,,,,,,,,,,,,,,,,,,,,635.0,645.8,634.4,634.4,634.4,634.4,634.4,634.4,634.4,634.4,567.8,567.8,567.8,567.8,567.8,567.8,567.8,567.8,526.1,526.1,526.1,526.1,526.1,526.1,526.1,526.1,526.1,526.1,526.1,514.6,514.6,514.6,514.6,514.6,514.6,514.6,514.6,514.6,514.6,514.6,514.6,514.6,514.6,514.6,514.6,514.6,514.6,514.6,514.6,514.6,514.6,514.6,514.6,514.6,514.6,514.6,514.6,514.6,514.6,514.6,514.6,514.6,514.6,514.6,514.6,514.6,514.6,514.6,514.6,514.6,514.6,514.6,514.6,514.6,520.6,520.6,520.6,520.6,520.6,520.6,520.6,520.6,520.6,520.6,520.6,520.6,520.6,520.6,520.6,520.6,520.6,520.6,520.6,520.6,520.6,520.6,520.6,520.6,520.6,520.6,520.6,520.6,520.6,520.6,520.6,520.6,520.6,497.0,497.0,497.0,497.0,497.0,497.0,497.0,497.0,497.0,497.0,497.0,497.0,497.0,497.0,497.0,497.0,497.0,497.0,497.0,497.0,497.0,497.0,497.0,497.0,497.0,497.0,497.0,497.0,497.0,497.0,497.0,497.0,497.0,497.0,497.0,496.983,496.983,496.983,496.983,496.983,496.983,527.619,527.619,527.619,527.619,527.619,527.619,527.619,527.619,527.619,527.619,527.619,527.619,527.619,527.619,527.619,527.619,527.574,527.574,527.574,527.574,527.574,527.574,527.574,527.574,527.574,527.574,527.574,527.574,527.574,527.574,527.574,527.574,527.574,527.574,527.574,527.574,527.574,527.574,527.574,527.574,565.043,565.043,565.043,565.043,565.043,565.043,565.043,565.043,565.043,565.043,565.043,565.043,565.043,565.043,565.043,565.043,565.043,565.043,565.043,565.043
2000-04-01,,,,,,,,,,,,,,,,,,,,,,,,,,,,,,,,,,,,,,,,,,,,,,,,,,,,,,,,,,,,,,,,,,,,,,,,,,,,,,,,,,,,,,,,,,,,,,,,,,,,,,,,,,,,,,,,,,,,,,,,,,,,,,,,,,,,,,,,,,,,,,,,,,,,,,,,,,,,,,,,,,,,,,,,,,,,,,,,,,,,,,,,,,,,,,,,,,,,,,,,,,,,,,,,,,,,,,,,,,,,,,,,,,,,,,,,,,,,,,,649.3,650.4,650.4,650.4,650.4,650.4,650.4,581.6,581.6,581.6,581.6,581.6,581.6,581.6,581.6,533.3,533.3,533.3,533.3,533.3,533.3,533.3,533.3,533.3,533.3,533.3,512.2,512.2,512.2,512.2,512.2,512.2,512.2,512.2,512.2,512.2,512.2,512.2,512.2,512.2,512.2,512.2,512.2,512.2,512.2,512.2,512.2,512.2,512.2,512.2,512.2,512.2,512.2,512.2,512.2,512.2,512.2,512.2,512.2,512.2,512.2,512.2,512.2,512.2,512.2,512.2,512.2,512.2,512.2,512.2,512.2,514.0,514.0,514.0,514.0,514.0,514.0,514.0,514.0,514.0,514.0,514.0,514.0,514.0,514.0,514.0,514.0,514.0,514.0,514.0,514.0,514.0,514.0,514.0,514.0,514.0,514.0,514.0,514.0,514.0,514.0,514.0,514.0,514.0,488.9,488.9,488.9,488.9,488.9,488.9,488.9,488.9,488.9,488.9,488.9,488.9,488.9,488.9,488.9,488.9,488.9,488.9,488.9,488.9,488.9,488.9,488.9,488.9,488.9,488.9,488.9,488.9,488.9,488.9,488.9,488.9,488.9,488.9,488.9,488.861,488.861,488.861,488.861,488.861,488.861,519.852,519.852,519.852,519.852,519.852,519.852,519.852,519.852,519.852,519.852,519.852,519.852,519.852,519.852,519.852,519.852,519.811,519.811,519.811,519.811,519.811,519.811,519.811,519.811,519.811,519.811,519.811,519.811,519.811,519.811,519.811,519.811,519.811,519.811,519.811,519.811,519.811,519.811,519.811,519.811,559.322,559.322,559.322,559.322,559.322,559.322,559.322,559.322,559.322,559.322,559.322,559.322,559.322,559.322,559.322,559.322,559.322,559.322,559.322,559.322
2000-07-01,,,,,,,,,,,,,,,,,,,,,,,,,,,,,,,,,,,,,,,,,,,,,,,,,,,,,,,,,,,,,,,,,,,,,,,,,,,,,,,,,,,,,,,,,,,,,,,,,,,,,,,,,,,,,,,,,,,,,,,,,,,,,,,,,,,,,,,,,,,,,,,,,,,,,,,,,,,,,,,,,,,,,,,,,,,,,,,,,,,,,,,,,,,,,,,,,,,,,,,,,,,,,,,,,,,,,,,,,,,,,,,,,,,,,,,,,,,,,,,,,654.1,654.4,654.4,654.4,654.4,583.4,583.4,583.4,583.4,583.4,583.4,583.4,583.4,523.2,523.2,523.2,523.2,523.2,523.2,523.2,523.2,523.2,523.2,523.2,502.3,502.3,502.3,502.3,502.3,502.3,502.3,502.3,502.3,502.3,502.3,502.3,502.3,502.3,502.3,502.3,502.3,502.3,502.3,502.3,502.3,502.3,502.3,502.3,502.3,502.3,502.3,502.3,502.3,502.3,502.3,502.3,502.3,502.3,502.3,502.3,502.3,502.3,502.3,502.3,502.3,502.3,502.3,502.3,502.3,508.1,508.1,508.1,508.1,508.1,508.1,508.1,508.1,508.1,508.1,508.1,508.1,508.1,508.1,508.1,508.1,508.1,508.1,508.1,508.1,508.1,508.1,508.1,508.1,508.1,508.1,508.1,508.1,508.1,508.1,508.1,508.1,508.1,481.9,481.9,481.9,481.9,481.9,481.9,481.9,481.9,481.9,481.9,481.9,481.9,481.9,481.9,481.9,481.9,481.9,481.9,481.9,481.9,481.9,481.9,481.9,481.9,481.9,481.9,481.9,481.9,481.9,481.9,481.9,481.9,481.9,481.9,481.9,481.941,481.941,481.941,481.941,481.941,481.941,513.338,513.338,513.338,513.338,513.338,513.338,513.338,513.338,513.338,513.338,513.338,513.338,513.338,513.338,513.338,513.338,513.298,513.298,513.298,513.298,513.298,513.298,513.298,513.298,513.298,513.298,513.298,513.298,513.298,513.298,513.298,513.298,513.298,513.298,513.298,513.298,513.298,513.298,513.298,513.298,554.17,554.17,554.17,554.17,554.17,554.17,554.17,554.17,554.17,554.17,554.17,554.17,554.17,554.17,554.17,554.17,554.17,554.17,554.17,554.17
2000-10-01,,,,,,,,,,,,,,,,,,,,,,,,,,,,,,,,,,,,,,,,,,,,,,,,,,,,,,,,,,,,,,,,,,,,,,,,,,,,,,,,,,,,,,,,,,,,,,,,,,,,,,,,,,,,,,,,,,,,,,,,,,,,,,,,,,,,,,,,,,,,,,,,,,,,,,,,,,,,,,,,,,,,,,,,,,,,,,,,,,,,,,,,,,,,,,,,,,,,,,,,,,,,,,,,,,,,,,,,,,,,,,,,,,,,,,,,,,,,,,,,,,,626.4,626.4,626.4,563.0,563.0,563.0,563.0,563.0,563.0,563.0,563.0,509.2,509.2,509.2,509.2,509.2,509.2,509.2,509.2,509.2,509.2,509.2,503.7,503.7,503.7,503.7,503.7,503.7,503.7,503.7,503.7,503.7,503.7,503.7,503.7,503.7,503.7,503.7,503.7,503.7,503.7,503.7,503.7,503.7,503.7,503.7,503.7,503.7,503.7,503.7,503.7,503.7,503.7,503.7,503.7,503.7,503.7,503.7,503.7,503.7,503.7,503.7,503.7,503.7,503.7,503.7,503.7,486.8,486.8,486.8,486.8,486.8,486.8,486.8,486.8,486.8,486.8,486.8,486.8,486.8,486.8,486.8,486.8,486.8,486.8,486.8,486.8,486.8,486.8,486.8,486.8,486.8,486.8,486.8,486.8,486.8,486.8,486.8,486.8,486.8,460.2,460.2,460.2,460.2,460.2,460.2,460.2,460.2,460.2,460.2,460.2,460.2,460.2,460.2,460.2,460.2,460.2,460.2,460.2,460.2,460.2,460.2,460.2,460.2,460.2,460.2,460.2,460.2,460.2,460.2,460.2,460.2,460.2,460.2,460.2,460.193,460.193,460.193,460.193,460.193,460.193,491.848,491.848,491.848,491.848,491.848,491.848,491.848,491.848,491.848,491.848,491.848,491.848,491.848,491.848,491.848,491.848,491.81,491.81,491.81,491.81,491.81,491.81,491.81,491.81,491.81,491.81,491.81,491.81,491.81,491.81,491.81,491.81,491.81,491.81,491.81,491.81,491.81,491.81,491.81,491.81,533.362,533.362,533.362,533.362,533.362,533.362,533.362,533.362,533.362,533.362,533.362,533.362,533.362,533.362,533.362,533.362,533.362,533.362,533.362,533.362
2001-01-01,,,,,,,,,,,,,,,,,,,,,,,,,,,,,,,,,,,,,,,,,,,,,,,,,,,,,,,,,,,,,,,,,,,,,,,,,,,,,,,,,,,,,,,,,,,,,,,,,,,,,,,,,,,,,,,,,,,,,,,,,,,,,,,,,,,,,,,,,,,,,,,,,,,,,,,,,,,,,,,,,,,,,,,,,,,,,,,,,,,,,,,,,,,,,,,,,,,,,,,,,,,,,,,,,,,,,,,,,,,,,,,,,,,,,,,,,,,,,,,,,,,,607.2,587.4,518.9,518.9,518.9,518.9,518.9,518.9,518.9,518.9,489.7,489.7,489.7,489.7,489.7,489.7,489.7,489.7,489.7,489.7,489.7,516.4,516.4,516.4,516.4,516.4,532.1,532.1,532.1,532.1,532.1,532.1,532.1,532.1,532.1,532.1,532.1,532.1,532.1,532.1,532.1,532.1,532.1,532.1,532.1,532.1,532.1,532.1,532.1,532.1,532.1,532.1,532.1,532.1,532.1,532.1,532.1,532.1,532.1,532.1,532.1,532.1,532.1,532.1,532.1,532.1,524.0,524.0,524.0,524.0,524.0,524.0,524.0,524.0,524.0,524.0,524.0,524.0,524.0,524.0,524.0,524.0,524.0,524.0,524.0,524.0,524.0,524.0,524.0,524.0,524.0,524.0,524.0,524.0,524.0,524.0,524.0,524.0,524.0,494.9,494.9,494.9,494.9,494.9,494.9,494.9,494.9,494.9,494.9,494.9,494.9,494.9,494.9,494.9,494.9,494.9,494.9,494.9,494.9,494.9,494.9,494.9,494.9,494.9,494.9,494.9,494.9,494.9,494.9,494.9,494.9,494.9,494.9,494.9,494.893,494.893,494.893,494.893,494.893,494.893,528.87,528.87,528.87,528.87,528.87,528.87,528.87,528.87,528.87,528.87,528.87,528.87,528.87,528.87,528.87,528.87,528.836,528.836,528.836,528.836,528.836,528.836,528.836,528.836,528.836,528.836,528.836,528.836,528.836,528.836,528.836,528.836,528.836,528.836,528.836,528.836,528.836,528.836,528.836,528.836,562.885,562.885,562.885,562.885,562.885,562.885,562.885,562.885,562.885,562.885,562.885,562.885,562.885,562.885,562.885,562.885,562.885,562.885,562.885,562.885
2001-04-01,,,,,,,,,,,,,,,,,,,,,,,,,,,,,,,,,,,,,,,,,,,,,,,,,,,,,,,,,,,,,,,,,,,,,,,,,,,,,,,,,,,,,,,,,,,,,,,,,,,,,,,,,,,,,,,,,,,,,,,,,,,,,,,,,,,,,,,,,,,,,,,,,,,,,,,,,,,,,,,,,,,,,,,,,,,,,,,,,,,,,,,,,,,,,,,,,,,,,,,,,,,,,,,,,,,,,,,,,,,,,,,,,,,,,,,,,,,,,,,,,,,,,,,508.4,510.3,510.3,510.3,510.3,510.3,510.3,507.1,507.1,507.1,507.1,507.1,507.1,507.1,507.1,507.1,507.1,507.1,515.8,515.8,515.8,515.8,515.8,537.1,537.1,537.1,537.1,537.1,537.1,537.1,537.1,537.1,537.1,537.1,537.1,537.1,537.1,537.1,537.1,537.1,537.1,537.1,537.1,537.1,537.1,537.1,537.1,537.1,537.1,537.1,537.1,537.1,537.1,537.1,537.1,537.1,537.1,537.1,537.1,537.1,537.1,537.1,537.1,547.1,547.1,547.1,547.1,547.1,547.1,547.1,547.1,547.1,547.1,547.1,547.1,547.1,547.1,547.1,547.1,547.1,547.1,547.1,547.1,547.1,547.1,547.1,547.1,547.1,547.1,547.1,547.1,547.1,547.1,547.1,547.1,547.1,520.2,520.2,520.2,520.2,520.2,520.2,520.2,520.2,520.2,520.2,520.2,520.2,520.2,520.2,520.2,520.2,520.2,520.2,520.2,520.2,520.2,520.2,520.2,520.2,520.2,520.2,520.2,520.2,520.2,520.2,520.2,520.2,520.2,520.2,520.2,520.233,520.233,520.233,520.233,520.233,520.233,551.725,551.725,551.725,551.725,551.725,551.725,551.725,551.725,551.725,551.725,551.725,551.725,551.725,551.725,551.725,551.725,551.684,551.684,551.684,551.684,551.684,551.684,551.684,551.684,551.684,551.684,551.684,551.684,551.684,551.684,551.684,551.684,551.684,551.684,551.684,551.684,551.684,551.684,551.684,551.684,581.778,581.778,581.778,581.778,581.778,581.778,581.778,581.778,581.778,581.778,581.778,581.778,581.778,581.778,581.778,581.778,581.778,581.778,581.778,581.778
2001-07-01,,,,,,,,,,,,,,,,,,,,,,,,,,,,,,,,,,,,,,,,,,,,,,,,,,,,,,,,,,,,,,,,,,,,,,,,,,,,,,,,,,,,,,,,,,,,,,,,,,,,,,,,,,,,,,,,,,,,,,,,,,,,,,,,,,,,,,,,,,,,,,,,,,,,,,,,,,,,,,,,,,,,,,,,,,,,,,,,,,,,,,,,,,,,,,,,,,,,,,,,,,,,,,,,,,,,,,,,,,,,,,,,,,,,,,,,,,,,,,,,,,,,,,,,,474.1,475.6,475.6,475.6,475.6,458.1,458.1,458.1,458.1,458.1,458.1,458.1,458.1,458.1,458.1,458.1,473.3,473.3,473.3,473.3,473.3,473.6,473.6,473.6,473.6,473.6,473.6,473.6,473.6,473.6,473.6,473.6,473.6,473.6,473.6,473.6,473.6,473.6,473.6,473.6,473.6,473.6,473.6,473.6,473.6,473.6,473.6,473.6,473.6,473.6,473.6,473.6,473.6,473.6,473.6,473.6,473.6,473.6,473.6,473.6,473.6,496.2,496.2,496.2,496.2,496.2,496.2,496.2,496.2,496.2,496.2,496.2,496.2,496.2,496.2,496.2,496.2,496.2,496.2,496.2,496.2,496.2,496.2,496.2,496.2,496.2,496.2,496.2,496.2,496.2,496.2,496.2,496.2,496.2,475.3,475.3,475.3,475.3,475.3,475.3,475.3,475.3,475.3,475.3,475.3,475.3,475.3,475.3,475.3,475.3,475.3,475.3,475.3,475.3,475.3,475.3,475.3,475.3,475.3,475.3,475.3,475.3,475.3,475.3,475.3,475.3,475.3,475.3,475.3,475.296,475.296,475.296,475.296,475.296,475.296,505.659,505.659,505.659,505.659,505.659,505.659,505.659,505.659,505.659,505.659,505.659,505.659,505.659,505.659,505.659,505.659,505.61,505.61,505.61,505.61,505.61,505.61,505.61,505.61,505.61,505.61,505.61,505.61,505.61,505.61,505.61,505.61,505.61,505.61,505.61,505.61,505.61,505.61,505.61,505.61,532.108,532.108,532.108,532.108,532.108,532.108,532.108,532.108,532.108,532.108,532.108,532.108,532.108,532.108,532.108,532.108,532.108,532.108,532.108,532.108
2001-10-01,,,,,,,,,,,,,,,,,,,,,,,,,,,,,,,,,,,,,,,,,,,,,,,,,,,,,,,,,,,,,,,,,,,,,,,,,,,,,,,,,,,,,,,,,,,,,,,,,,,,,,,,,,,,,,,,,,,,,,,,,,,,,,,,,,,,,,,,,,,,,,,,,,,,,,,,,,,,,,,,,,,,,,,,,,,,,,,,,,,,,,,,,,,,,,,,,,,,,,,,,,,,,,,,,,,,,,,,,,,,,,,,,,,,,,,,,,,,,,,,,,,,,,,,,,,425.2,425.2,425.2,428.5,428.5,428.5,428.5,428.5,428.5,428.5,428.5,428.5,428.5,428.5,477.0,477.0,477.0,477.0,477.0,472.4,472.4,472.4,472.4,472.4,472.4,472.4,472.4,472.4,472.4,472.4,472.4,472.4,472.4,472.4,472.4,472.4,472.4,472.4,472.4,472.4,472.4,472.4,472.4,472.4,472.4,472.4,472.4,472.4,472.4,472.4,472.4,472.4,472.4,472.4,472.4,472.4,472.4,472.4,472.4,470.4,470.4,470.4,470.4,470.4,470.4,470.4,470.4,470.4,470.4,470.4,470.4,470.4,470.4,470.4,470.4,470.4,470.4,470.4,470.4,470.4,470.4,470.4,470.4,470.4,470.4,470.4,470.4,470.4,470.4,470.4,470.4,470.4,458.9,458.9,458.9,458.9,458.9,458.9,458.9,458.9,458.9,458.9,458.9,458.9,458.9,458.9,458.9,458.9,458.9,458.9,458.9,458.9,458.9,458.9,458.9,458.9,458.9,458.9,458.9,458.9,458.9,458.9,458.9,458.9,458.9,458.9,458.9,458.938,458.938,458.938,458.938,458.938,458.938,489.502,489.502,489.502,489.502,489.502,489.502,489.502,489.502,489.502,489.502,489.502,489.502,489.502,489.502,489.502,489.502,489.453,489.453,489.453,489.453,489.453,489.453,489.453,489.453,489.453,489.453,489.453,489.453,489.453,489.453,489.453,489.453,489.453,489.453,489.453,489.453,489.453,489.453,489.453,489.453,512.713,512.713,512.713,512.713,512.713,512.713,512.713,512.713,512.713,512.713,512.713,512.713,512.713,512.713,512.713,512.713,512.713,512.713,512.713,512.713
2002-01-01,,,,,,,,,,,,,,,,,,,,,,,,,,,,,,,,,,,,,,,,,,,,,,,,,,,,,,,,,,,,,,,,,,,,,,,,,,,,,,,,,,,,,,,,,,,,,,,,,,,,,,,,,,,,,,,,,,,,,,,,,,,,,,,,,,,,,,,,,,,,,,,,,,,,,,,,,,,,,,,,,,,,,,,,,,,,,,,,,,,,,,,,,,,,,,,,,,,,,,,,,,,,,,,,,,,,,,,,,,,,,,,,,,,,,,,,,,,,,,,,,,,,,,,,,,,,428.9,431.1,437.0,437.0,437.0,437.0,437.0,437.0,437.0,437.0,437.0,437.0,437.0,509.0,509.0,509.0,509.0,509.0,526.9,526.9,526.9,526.9,526.9,526.9,526.9,526.9,518.9,518.9,518.9,518.9,518.9,518.9,518.9,518.9,518.9,518.9,518.9,518.9,518.9,518.9,518.9,518.9,518.9,518.9,518.9,518.9,518.9,518.9,518.9,518.9,518.9,518.9,518.9,518.9,518.9,518.9,518.9,518.9,505.0,505.0,505.0,505.0,505.0,505.0,505.0,505.0,505.0,505.0,505.0,505.0,505.0,505.0,505.0,505.0,505.0,505.0,505.0,505.0,505.0,505.0,505.0,505.0,505.0,505.0,505.0,505.0,505.0,505.0,505.0,505.0,505.0,506.8,506.8,506.8,506.8,506.8,506.8,506.8,506.8,506.8,506.8,506.8,506.8,506.8,506.8,506.8,506.8,506.8,506.8,506.8,506.8,506.8,506.8,506.8,506.8,506.8,506.8,506.8,506.8,506.8,506.8,506.8,506.8,506.8,506.8,506.8,506.787,506.787,506.787,506.787,506.787,506.787,538.116,538.116,538.116,538.116,538.116,538.116,538.116,538.116,538.116,538.116,538.116,538.116,538.116,538.116,538.116,538.116,538.088,538.088,538.088,538.088,538.088,538.088,538.088,538.088,538.088,538.088,538.088,538.088,538.088,538.088,538.088,538.088,538.088,538.088,538.088,538.088,538.088,538.088,538.088,538.088,558.468,558.468,558.468,558.468,558.468,558.468,558.468,558.468,558.468,558.468,558.468,558.468,558.468,558.468,558.468,558.468,558.468,558.468,558.468,558.468
2002-04-01,,,,,,,,,,,,,,,,,,,,,,,,,,,,,,,,,,,,,,,,,,,,,,,,,,,,,,,,,,,,,,,,,,,,,,,,,,,,,,,,,,,,,,,,,,,,,,,,,,,,,,,,,,,,,,,,,,,,,,,,,,,,,,,,,,,,,,,,,,,,,,,,,,,,,,,,,,,,,,,,,,,,,,,,,,,,,,,,,,,,,,,,,,,,,,,,,,,,,,,,,,,,,,,,,,,,,,,,,,,,,,,,,,,,,,,,,,,,,,,,,,,,,,,,,,,,,,,444.2,444.3,444.3,444.3,444.3,444.3,444.3,444.3,444.3,444.3,540.9,540.9,540.9,540.9,540.9,562.4,562.4,562.4,562.4,562.4,562.4,562.4,562.4,553.6,553.6,553.6,553.6,553.6,553.6,553.6,553.6,553.6,553.6,553.6,553.6,553.6,553.6,553.6,553.6,553.6,553.6,553.6,553.6,553.6,553.6,553.6,553.6,553.6,553.6,553.6,553.6,553.6,553.6,553.6,553.6,548.4,548.4,548.4,548.4,548.4,548.4,548.4,548.4,548.4,548.4,548.4,548.4,548.4,548.4,548.4,548.4,548.4,548.4,548.4,548.4,548.4,548.4,548.4,548.4,548.4,548.4,548.4,548.4,548.4,548.4,548.4,548.4,548.4,564.1,564.1,564.1,564.1,564.1,564.1,564.1,564.1,564.1,564.1,564.1,564.1,564.1,564.1,564.1,564.1,564.1,564.1,564.1,564.1,564.1,564.1,564.1,564.1,564.1,564.1,564.1,564.1,564.1,564.1,564.1,564.1,564.1,564.1,564.1,564.128,564.128,564.128,564.128,564.128,564.128,596.188,596.188,596.188,596.188,596.188,596.188,596.188,596.188,596.188,596.188,596.188,596.188,596.188,596.188,596.188,596.188,596.152,596.152,596.152,596.152,596.152,596.152,596.152,596.152,596.152,596.152,596.152,596.152,596.152,596.152,596.152,596.152,596.152,596.152,596.152,596.152,596.152,596.152,596.152,596.152,614.559,614.559,614.559,614.559,614.559,614.559,614.559,614.559,614.559,614.559,614.559,614.559,614.559,614.559,614.559,614.559,614.559,614.559,614.559,614.559
2002-07-01,,,,,,,,,,,,,,,,,,,,,,,,,,,,,,,,,,,,,,,,,,,,,,,,,,,,,,,,,,,,,,,,,,,,,,,,,,,,,,,,,,,,,,,,,,,,,,,,,,,,,,,,,,,,,,,,,,,,,,,,,,,,,,,,,,,,,,,,,,,,,,,,,,,,,,,,,,,,,,,,,,,,,,,,,,,,,,,,,,,,,,,,,,,,,,,,,,,,,,,,,,,,,,,,,,,,,,,,,,,,,,,,,,,,,,,,,,,,,,,,,,,,,,,,,,,,,,,,,453.7,453.8,453.8,453.8,453.8,453.8,453.8,453.8,557.7,557.7,557.7,557.7,557.7,584.8,584.8,584.8,584.8,584.8,584.8,584.8,584.8,589.5,589.5,589.5,589.5,589.5,589.5,589.5,589.5,589.5,589.5,589.5,589.5,589.5,589.5,589.5,589.5,589.5,589.5,589.5,589.5,589.5,589.5,589.5,589.5,589.5,589.5,589.5,589.5,589.5,589.5,589.5,589.5,589.8,589.8,589.8,589.8,589.8,589.8,589.8,589.8,589.8,589.8,589.8,589.8,589.8,589.8,589.8,589.8,589.8,589.8,589.8,589.8,589.8,589.8,589.8,589.8,589.8,589.8,589.8,589.8,589.8,589.8,589.8,589.8,589.8,620.4,620.4,620.4,620.4,620.4,620.4,620.4,620.4,620.4,620.4,620.4,620.4,620.4,620.4,620.4,620.4,620.4,620.4,620.4,620.4,620.4,620.4,620.4,620.4,620.4,620.4,620.4,620.4,620.4,620.4,620.4,620.4,620.4,620.4,620.4,620.409,620.409,620.409,620.409,620.409,620.409,652.183,652.183,652.183,652.183,652.183,652.183,652.183,652.183,652.183,652.183,652.183,652.183,652.183,652.183,652.183,652.183,652.139,652.139,652.139,652.139,652.139,652.139,652.139,652.139,652.139,652.139,652.139,652.139,652.139,652.139,652.139,652.139,652.139,652.139,652.139,652.139,652.139,652.139,652.139,652.139,669.481,669.481,669.481,669.481,669.481,669.481,669.481,669.481,669.481,669.481,669.481,669.481,669.481,669.481,669.481,669.481,669.481,669.481,669.481,669.481
2002-10-01,,,,,,,,,,,,,,,,,,,,,,,,,,,,,,,,,,,,,,,,,,,,,,,,,,,,,,,,,,,,,,,,,,,,,,,,,,,,,,,,,,,,,,,,,,,,,,,,,,,,,,,,,,,,,,,,,,,,,,,,,,,,,,,,,,,,,,,,,,,,,,,,,,,,,,,,,,,,,,,,,,,,,,,,,,,,,,,,,,,,,,,,,,,,,,,,,,,,,,,,,,,,,,,,,,,,,,,,,,,,,,,,,,,,,,,,,,,,,,,,,,,,,,,,,,,,,,,,,,,472.5,472.5,472.5,472.5,472.5,472.5,592.1,592.1,592.1,592.1,592.1,622.7,622.7,622.7,622.7,622.7,622.7,622.7,622.7,641.3,641.3,641.3,641.3,641.3,641.3,641.3,641.3,641.3,641.3,641.3,641.3,641.3,641.3,641.3,641.3,641.3,641.3,641.3,641.3,641.3,641.3,641.3,641.3,641.3,641.3,641.3,641.3,641.3,641.3,641.3,641.3,648.8,648.8,648.8,648.8,648.8,648.8,648.8,648.8,648.8,648.8,648.8,648.8,648.8,648.8,648.8,648.8,648.8,648.8,648.8,648.8,648.8,648.8,648.8,648.8,648.8,648.8,648.8,648.8,648.8,648.8,648.8,648.8,648.8,695.1,695.1,695.1,695.1,695.1,695.1,695.1,695.1,695.1,695.1,695.1,695.1,695.1,695.1,695.1,695.1,695.1,695.1,695.1,695.1,695.1,695.1,695.1,695.1,695.1,695.1,695.1,695.1,695.1,695.1,695.1,695.1,695.1,695.1,695.1,695.087,695.087,695.087,695.087,695.087,695.087,725.156,725.156,725.156,725.156,725.156,725.156,725.156,725.156,725.156,725.156,725.156,725.156,725.156,725.156,725.156,725.156,725.113,725.113,725.113,725.113,725.113,725.113,725.113,725.113,725.113,725.113,725.113,725.113,725.113,725.113,725.113,725.113,725.113,725.113,725.113,725.113,725.113,725.113,725.113,725.113,742.298,742.298,742.298,742.298,742.298,742.298,742.298,742.298,742.298,742.298,742.298,742.298,742.298,742.298,742.298,742.298,742.298,742.298,742.298,742.298
2003-01-01,,,,,,,,,,,,,,,,,,,,,,,,,,,,,,,,,,,,,,,,,,,,,,,,,,,,,,,,,,,,,,,,,,,,,,,,,,,,,,,,,,,,,,,,,,,,,,,,,,,,,,,,,,,,,,,,,,,,,,,,,,,,,,,,,,,,,,,,,,,,,,,,,,,,,,,,,,,,,,,,,,,,,,,,,,,,,,,,,,,,,,,,,,,,,,,,,,,,,,,,,,,,,,,,,,,,,,,,,,,,,,,,,,,,,,,,,,,,,,,,,,,,,,,,,,,,,,,,,,,,484.4,490.2,490.2,490.2,490.2,595.0,595.0,595.0,595.0,595.0,602.1,602.1,602.1,602.1,602.1,602.1,602.1,602.1,659.1,659.1,659.1,659.1,659.1,659.1,659.1,659.1,625.3,625.3,625.3,625.3,625.3,625.3,625.3,625.3,625.3,625.3,625.3,625.3,625.3,625.3,625.3,625.3,625.3,625.3,625.3,625.3,625.3,625.3,625.3,625.3,627.1,627.1,627.1,627.1,627.1,627.1,627.1,627.1,627.1,627.1,627.1,627.1,627.1,627.1,627.1,627.1,627.1,627.1,627.1,627.1,627.1,627.1,627.1,627.1,627.1,627.1,627.1,627.1,627.1,627.1,627.1,627.1,627.1,689.9,689.9,689.9,689.9,689.9,689.9,689.9,689.9,689.9,689.9,689.9,689.9,689.9,689.9,689.9,689.9,689.9,689.9,689.9,689.9,689.9,689.9,689.9,689.9,689.9,689.9,689.9,689.9,689.9,689.9,689.9,689.9,689.9,689.9,689.9,689.949,689.949,689.949,689.949,689.949,689.949,721.551,721.551,721.551,721.551,721.551,721.551,721.551,721.551,721.551,721.551,721.551,721.551,721.551,721.551,721.551,721.551,721.524,721.524,721.524,721.524,721.524,721.524,721.524,721.524,721.524,721.524,721.524,721.524,721.524,721.524,721.524,721.524,721.524,721.524,721.524,721.524,721.524,721.524,721.524,721.524,739.46,739.46,739.46,739.46,739.46,739.46,739.46,739.46,739.46,739.46,739.46,739.46,739.46,739.46,739.46,739.46,739.46,739.46,739.46,739.46
2003-04-01,,,,,,,,,,,,,,,,,,,,,,,,,,,,,,,,,,,,,,,,,,,,,,,,,,,,,,,,,,,,,,,,,,,,,,,,,,,,,,,,,,,,,,,,,,,,,,,,,,,,,,,,,,,,,,,,,,,,,,,,,,,,,,,,,,,,,,,,,,,,,,,,,,,,,,,,,,,,,,,,,,,,,,,,,,,,,,,,,,,,,,,,,,,,,,,,,,,,,,,,,,,,,,,,,,,,,,,,,,,,,,,,,,,,,,,,,,,,,,,,,,,,,,,,,,,,,,,,,,,,,,473.4,465.9,465.9,581.0,581.0,581.0,581.0,581.0,600.0,600.0,600.0,600.0,600.0,600.0,600.0,600.0,671.4,671.4,671.4,671.4,671.4,671.4,671.4,671.4,622.2,622.2,622.2,622.2,622.2,622.2,622.2,622.2,622.2,622.2,622.2,622.2,622.2,622.2,622.2,622.2,622.2,622.2,622.2,622.2,622.2,622.2,622.2,622.2,621.2,621.2,621.2,621.2,621.2,621.2,621.2,621.2,621.2,621.2,621.2,621.2,621.2,621.2,621.2,621.2,621.2,621.2,621.2,621.2,621.2,621.2,621.2,621.2,621.2,621.2,621.2,621.2,621.2,621.2,621.2,621.2,621.2,692.0,692.0,692.0,692.0,692.0,692.0,692.0,692.0,692.0,692.0,692.0,692.0,692.0,692.0,692.0,692.0,692.0,692.0,692.0,692.0,692.0,692.0,692.0,692.0,692.0,692.0,692.0,692.0,692.0,692.0,692.0,692.0,692.0,692.0,692.0,692.004,692.004,692.004,692.004,692.004,692.004,723.397,723.397,723.397,723.397,723.397,723.397,723.397,723.397,723.397,723.397,723.397,723.397,723.397,723.397,723.397,723.397,723.377,723.377,723.377,723.377,723.377,723.377,723.377,723.377,723.377,723.377,723.377,723.377,723.377,723.377,723.377,723.377,723.377,723.377,723.377,723.377,723.377,723.377,723.377,723.377,742.624,742.624,742.624,742.624,742.624,742.624,742.624,742.624,742.624,742.624,742.624,742.624,742.624,742.624,742.624,742.624,742.624,742.624,742.624,742.624
2003-07-01,,,,,,,,,,,,,,,,,,,,,,,,,,,,,,,,,,,,,,,,,,,,,,,,,,,,,,,,,,,,,,,,,,,,,,,,,,,,,,,,,,,,,,,,,,,,,,,,,,,,,,,,,,,,,,,,,,,,,,,,,,,,,,,,,,,,,,,,,,,,,,,,,,,,,,,,,,,,,,,,,,,,,,,,,,,,,,,,,,,,,,,,,,,,,,,,,,,,,,,,,,,,,,,,,,,,,,,,,,,,,,,,,,,,,,,,,,,,,,,,,,,,,,,,,,,,,,,,,,,,,,,,515.4,,635.4,635.4,635.4,635.4,642.3,642.3,642.3,642.3,642.3,642.3,642.3,642.3,713.8,713.8,713.8,713.8,713.8,713.8,713.8,713.8,672.7,672.7,672.7,672.7,672.7,672.7,672.7,672.7,672.7,672.7,672.7,672.7,672.7,672.7,672.7,672.7,672.7,672.7,672.7,672.7,672.7,672.7,672.7,672.7,663.2,663.2,663.2,663.2,663.2,663.2,663.2,663.2,663.2,663.2,663.2,663.2,663.2,663.2,663.2,663.2,663.2,663.2,663.2,663.2,663.2,663.2,663.2,663.2,663.2,663.2,663.2,663.2,663.2,663.2,663.2,663.2,663.2,733.4,733.4,733.4,733.4,733.4,733.4,733.4,733.4,733.4,733.4,733.4,733.4,733.4,733.4,733.4,733.4,733.4,733.4,733.4,733.4,733.4,733.4,733.4,733.4,733.4,733.4,733.4,733.4,733.4,733.4,733.4,733.4,733.4,733.4,733.4,733.418,733.418,733.418,733.418,733.418,733.418,763.941,763.941,763.941,763.941,763.941,763.941,763.941,763.941,763.941,763.941,763.941,763.941,763.941,763.941,763.941,763.941,763.915,763.915,763.915,763.915,763.915,763.915,763.915,763.915,763.915,763.915,763.915,763.915,763.915,763.915,763.915,763.915,763.915,763.915,763.915,763.915,763.915,763.915,763.915,763.915,785.034,785.034,785.034,785.034,785.034,785.034,785.034,785.034,785.034,785.034,785.034,785.034,785.034,785.034,785.034,785.034,785.034,785.034,785.034,785.034
2003-10-01,,,,,,,,,,,,,,,,,,,,,,,,,,,,,,,,,,,,,,,,,,,,,,,,,,,,,,,,,,,,,,,,,,,,,,,,,,,,,,,,,,,,,,,,,,,,,,,,,,,,,,,,,,,,,,,,,,,,,,,,,,,,,,,,,,,,,,,,,,,,,,,,,,,,,,,,,,,,,,,,,,,,,,,,,,,,,,,,,,,,,,,,,,,,,,,,,,,,,,,,,,,,,,,,,,,,,,,,,,,,,,,,,,,,,,,,,,,,,,,,,,,,,,,,,,,,,,,,,,,,,,,,,,,714.5,714.5,714.5,713.9,713.9,713.9,713.9,713.9,713.9,713.9,713.9,775.9,775.9,775.9,775.9,775.9,775.9,775.9,775.9,738.9,738.9,738.9,738.9,738.9,738.9,738.9,738.9,738.9,738.9,738.9,738.9,738.9,738.9,738.9,738.9,738.9,738.9,738.9,738.9,738.9,738.9,738.9,738.9,727.4,727.4,727.4,727.4,727.4,727.4,727.4,727.4,727.4,727.4,727.4,727.4,727.4,727.4,727.4,727.4,727.4,727.4,727.4,727.4,727.4,727.4,727.4,727.4,727.4,727.4,727.4,727.4,727.4,727.4,727.4,727.4,727.4,787.4,787.4,787.4,787.4,787.4,787.4,787.4,787.4,787.4,787.4,787.4,787.4,787.4,787.4,787.4,787.4,787.4,787.4,787.4,787.4,787.4,787.4,787.4,787.4,787.4,787.4,787.4,787.4,787.4,787.4,787.4,787.4,787.4,787.4,787.4,787.367,787.367,787.367,787.367,787.367,787.367,816.624,816.624,816.624,816.624,816.624,816.624,816.624,816.624,816.624,816.624,816.624,816.624,816.624,816.624,816.624,816.624,816.612,816.612,816.612,816.612,816.612,816.612,816.612,816.612,816.612,816.612,816.612,816.612,816.612,816.612,816.612,816.612,816.612,816.612,816.612,816.612,816.612,816.612,816.612,816.612,840.165,840.165,840.165,840.165,840.165,840.165,840.165,840.165,840.165,840.165,840.165,840.165,840.165,840.165,840.165,840.165,840.165,840.165,840.165,840.165
2004-01-01,,,,,,,,,,,,,,,,,,,,,,,,,,,,,,,,,,,,,,,,,,,,,,,,,,,,,,,,,,,,,,,,,,,,,,,,,,,,,,,,,,,,,,,,,,,,,,,,,,,,,,,,,,,,,,,,,,,,,,,,,,,,,,,,,,,,,,,,,,,,,,,,,,,,,,,,,,,,,,,,,,,,,,,,,,,,,,,,,,,,,,,,,,,,,,,,,,,,,,,,,,,,,,,,,,,,,,,,,,,,,,,,,,,,,,,,,,,,,,,,,,,,,,,,,,,,,,,,,,,,,,,,,,,,680.3,688.5,705.9,705.9,705.9,705.9,705.9,705.9,705.9,705.9,772.3,772.3,772.3,772.3,772.3,772.3,772.3,772.3,810.3,810.3,810.3,810.3,810.3,810.3,810.3,810.3,845.8,845.8,845.8,845.8,845.8,845.8,845.8,845.8,845.8,845.8,845.8,845.8,845.8,845.8,845.8,845.8,859.7,859.7,859.7,859.7,859.7,859.7,859.7,859.7,859.7,859.7,859.7,859.7,859.7,859.7,859.7,859.7,859.7,859.7,859.7,859.7,859.7,859.7,859.7,859.7,859.7,859.7,859.7,859.7,859.7,859.7,859.7,859.7,859.7,901.9,901.9,901.9,901.9,901.9,901.9,901.9,901.9,901.9,901.9,901.9,901.9,901.9,901.9,901.9,901.9,901.9,901.9,901.9,901.9,901.9,901.9,901.9,901.9,901.9,901.9,901.9,901.9,901.9,901.9,901.9,901.9,901.9,901.9,901.9,901.867,901.867,901.867,901.867,901.867,901.867,928.207,928.207,928.207,928.207,928.207,928.207,928.207,928.207,928.207,928.207,928.207,928.207,928.207,928.207,928.207,928.207,928.229,928.229,928.229,928.229,928.229,928.229,928.229,928.229,928.229,928.229,928.229,928.229,928.229,928.229,928.229,928.229,928.229,928.229,928.229,928.229,928.229,928.229,928.229,928.229,954.777,954.777,954.777,954.777,954.777,954.777,954.777,954.777,954.777,954.777,954.777,954.777,954.777,954.777,954.777,954.777,954.777,954.777,954.777,954.777
2004-04-01,,,,,,,,,,,,,,,,,,,,,,,,,,,,,,,,,,,,,,,,,,,,,,,,,,,,,,,,,,,,,,,,,,,,,,,,,,,,,,,,,,,,,,,,,,,,,,,,,,,,,,,,,,,,,,,,,,,,,,,,,,,,,,,,,,,,,,,,,,,,,,,,,,,,,,,,,,,,,,,,,,,,,,,,,,,,,,,,,,,,,,,,,,,,,,,,,,,,,,,,,,,,,,,,,,,,,,,,,,,,,,,,,,,,,,,,,,,,,,,,,,,,,,,,,,,,,,,,,,,,,,,,,,,,,,,711.0,717.1,717.1,717.1,717.1,717.1,717.1,790.2,790.2,790.2,790.2,790.2,790.2,790.2,790.2,841.7,841.7,841.7,841.7,841.7,841.7,841.7,841.7,892.5,892.5,892.5,892.5,892.5,892.5,892.5,892.5,892.5,892.5,892.5,892.5,892.5,892.5,892.5,892.5,911.5,911.5,911.5,911.5,911.5,911.5,911.5,911.5,911.5,911.5,911.5,911.5,911.5,911.5,911.5,911.5,911.5,911.5,911.5,911.5,911.5,911.5,911.5,911.5,911.5,911.5,911.5,911.5,911.5,911.5,911.5,911.5,911.5,939.7,939.7,939.7,939.7,939.7,939.7,939.7,939.7,939.7,939.7,939.7,939.7,939.7,939.7,939.7,939.7,939.7,939.7,939.7,939.7,939.7,939.7,939.7,939.7,939.7,939.7,939.7,939.7,939.7,939.7,939.7,939.7,939.7,939.7,939.7,939.71,939.71,939.71,939.71,939.71,939.71,967.683,967.683,967.683,967.683,967.683,967.683,967.683,967.683,967.683,967.683,967.683,967.683,967.683,967.683,967.683,967.683,967.703,967.703,967.703,967.703,967.703,967.703,967.703,967.703,967.703,967.703,967.703,967.703,967.703,967.703,967.703,967.703,967.703,967.703,967.703,967.703,967.703,967.703,967.703,967.703,997.169,997.169,997.169,997.169,997.169,997.169,997.169,997.169,997.169,997.169,997.169,997.169,997.169,997.169,997.169,997.169,997.169,997.169,997.169,997.169
2004-07-01,,,,,,,,,,,,,,,,,,,,,,,,,,,,,,,,,,,,,,,,,,,,,,,,,,,,,,,,,,,,,,,,,,,,,,,,,,,,,,,,,,,,,,,,,,,,,,,,,,,,,,,,,,,,,,,,,,,,,,,,,,,,,,,,,,,,,,,,,,,,,,,,,,,,,,,,,,,,,,,,,,,,,,,,,,,,,,,,,,,,,,,,,,,,,,,,,,,,,,,,,,,,,,,,,,,,,,,,,,,,,,,,,,,,,,,,,,,,,,,,,,,,,,,,,,,,,,,,,,,,,,,,,,,,,,,,,703.0,679.5,679.5,679.5,679.5,759.2,759.2,759.2,759.2,759.2,759.2,759.2,759.2,827.7,827.7,827.7,827.7,827.7,827.7,827.7,827.7,896.7,896.7,896.7,896.7,896.7,896.7,896.7,896.7,896.7,896.7,896.7,896.7,896.7,896.7,896.7,896.7,960.5,960.5,960.5,960.5,960.5,960.5,960.5,960.5,960.5,960.5,960.5,960.5,960.5,960.5,960.5,960.5,960.5,960.5,960.5,960.5,960.5,960.5,960.5,960.5,960.5,960.5,960.5,960.5,960.5,960.5,960.5,960.5,960.5,978.8,978.8,978.8,978.8,978.8,978.8,978.8,978.8,978.8,978.8,978.8,978.8,978.8,978.8,978.8,978.8,978.8,978.8,978.8,978.8,978.8,978.8,978.8,978.8,978.8,978.8,978.8,978.8,978.8,978.8,978.8,978.8,978.8,978.8,978.8,978.788,978.788,978.788,978.788,978.788,978.788,1010.189,1010.189,1010.189,1010.189,1010.189,1010.189,1010.189,1010.189,1010.189,1010.189,1010.189,1010.189,1010.189,1010.189,1010.189,1010.189,1010.194,1010.194,1010.194,1010.194,1010.194,1010.194,1010.194,1010.194,1010.194,1010.194,1010.194,1010.194,1010.194,1010.194,1010.194,1010.194,1010.194,1010.194,1010.194,1010.194,1010.194,1010.194,1010.194,1010.194,1042.501,1042.501,1042.501,1042.501,1042.501,1042.501,1042.501,1042.501,1042.501,1042.501,1042.501,1042.501,1042.501,1042.501,1042.501,1042.501,1042.501,1042.501,1042.501,1042.501
2004-10-01,,,,,,,,,,,,,,,,,,,,,,,,,,,,,,,,,,,,,,,,,,,,,,,,,,,,,,,,,,,,,,,,,,,,,,,,,,,,,,,,,,,,,,,,,,,,,,,,,,,,,,,,,,,,,,,,,,,,,,,,,,,,,,,,,,,,,,,,,,,,,,,,,,,,,,,,,,,,,,,,,,,,,,,,,,,,,,,,,,,,,,,,,,,,,,,,,,,,,,,,,,,,,,,,,,,,,,,,,,,,,,,,,,,,,,,,,,,,,,,,,,,,,,,,,,,,,,,,,,,,,,,,,,,,,,,,,,,762.1,762.1,762.1,831.1,831.1,831.1,831.1,831.1,831.1,831.1,831.1,897.1,897.1,897.1,897.1,897.1,897.1,897.1,897.1,954.2,954.2,954.2,954.2,954.2,954.2,954.2,954.2,954.2,954.2,954.2,954.2,954.2,954.2,954.2,954.2,961.5,961.5,961.5,961.5,961.5,961.5,961.5,961.5,961.5,961.5,961.5,961.5,961.5,961.5,961.5,961.5,961.5,961.5,961.5,961.5,961.5,961.5,961.5,961.5,961.5,961.5,961.5,961.5,961.5,961.5,961.5,961.5,961.5,973.7,973.7,973.7,973.7,973.7,973.7,973.7,973.7,973.7,973.7,973.7,973.7,973.7,973.7,973.7,973.7,973.7,973.7,973.7,973.7,973.7,973.7,973.7,973.7,973.7,973.7,973.7,973.7,973.7,973.7,973.7,973.7,973.7,973.7,973.7,973.699,973.699,973.699,973.699,973.699,973.699,1010.596,1010.596,1010.596,1010.596,1010.596,1010.596,1010.596,1010.596,1010.596,1010.596,1010.596,1010.596,1010.596,1010.596,1010.596,1010.596,1010.647,1010.647,1010.647,1010.647,1010.647,1010.647,1010.647,1010.647,1010.647,1010.647,1010.647,1010.647,1010.647,1010.647,1010.647,1010.647,1010.647,1010.647,1010.647,1010.647,1010.647,1010.647,1010.647,1010.647,1045.719,1045.719,1045.719,1045.719,1045.719,1045.719,1045.719,1045.719,1045.719,1045.719,1045.719,1045.719,1045.719,1045.719,1045.719,1045.719,1045.719,1045.719,1045.719,1045.719
2005-01-01,,,,,,,,,,,,,,,,,,,,,,,,,,,,,,,,,,,,,,,,,,,,,,,,,,,,,,,,,,,,,,,,,,,,,,,,,,,,,,,,,,,,,,,,,,,,,,,,,,,,,,,,,,,,,,,,,,,,,,,,,,,,,,,,,,,,,,,,,,,,,,,,,,,,,,,,,,,,,,,,,,,,,,,,,,,,,,,,,,,,,,,,,,,,,,,,,,,,,,,,,,,,,,,,,,,,,,,,,,,,,,,,,,,,,,,,,,,,,,,,,,,,,,,,,,,,,,,,,,,,,,,,,,,,,,,,,,,,964.6,964.0,1015.7,1015.7,1015.7,1015.7,1015.7,1015.7,1015.7,1015.7,1091.3,1091.3,1091.3,1091.3,1091.3,1091.3,1091.3,1091.3,1169.4,1169.4,1169.4,1169.4,1169.4,1169.4,1169.4,1169.4,1193.5,1193.5,1193.5,1193.5,1193.5,1193.5,1193.5,1193.5,1176.0,1176.0,1176.0,1176.0,1176.0,1176.0,1176.0,1176.0,1176.0,1176.0,1176.0,1176.0,1176.0,1176.0,1176.0,1176.0,1176.0,1176.0,1176.0,1176.0,1176.0,1176.0,1176.0,1176.0,1176.0,1176.0,1176.0,1176.0,1176.0,1176.0,1176.0,1176.0,1176.0,1185.8,1185.8,1185.8,1185.8,1185.8,1185.8,1185.8,1185.8,1185.8,1185.8,1185.8,1185.8,1185.8,1185.8,1185.8,1185.8,1185.8,1185.8,1185.8,1185.8,1185.8,1185.8,1185.8,1185.8,1185.8,1185.8,1185.8,1185.8,1185.8,1185.8,1185.8,1185.8,1185.8,1185.8,1185.8,1185.827,1185.827,1185.827,1185.827,1185.827,1185.827,1228.593,1228.593,1228.593,1228.593,1228.593,1228.593,1228.593,1228.593,1228.593,1228.593,1228.593,1228.593,1228.593,1228.593,1228.593,1228.593,1228.657,1228.657,1228.657,1228.657,1228.657,1228.657,1228.657,1228.657,1228.657,1228.657,1228.657,1228.657,1228.657,1228.657,1228.657,1228.657,1228.657,1228.657,1228.657,1228.657,1228.657,1228.657,1228.657,1228.657,1266.416,1266.416,1266.416,1266.416,1266.416,1266.416,1266.416,1266.416,1266.416,1266.416,1266.416,1266.416,1266.416,1266.416,1266.416,1266.416,1266.416,1266.416,1266.416,1266.416
2005-04-01,,,,,,,,,,,,,,,,,,,,,,,,,,,,,,,,,,,,,,,,,,,,,,,,,,,,,,,,,,,,,,,,,,,,,,,,,,,,,,,,,,,,,,,,,,,,,,,,,,,,,,,,,,,,,,,,,,,,,,,,,,,,,,,,,,,,,,,,,,,,,,,,,,,,,,,,,,,,,,,,,,,,,,,,,,,,,,,,,,,,,,,,,,,,,,,,,,,,,,,,,,,,,,,,,,,,,,,,,,,,,,,,,,,,,,,,,,,,,,,,,,,,,,,,,,,,,,,,,,,,,,,,,,,,,,,,,,,,,,,1052.5,1039.7,1039.7,1039.7,1039.7,1039.7,1039.7,1115.5,1115.5,1115.5,1115.5,1115.5,1115.5,1115.5,1115.5,1184.9,1184.9,1184.9,1184.9,1184.9,1184.9,1184.9,1184.9,1200.1,1200.1,1200.1,1200.1,1200.1,1200.1,1200.1,1200.1,1196.0,1196.0,1196.0,1196.0,1196.0,1196.0,1196.0,1196.0,1196.0,1196.0,1196.0,1196.0,1196.0,1196.0,1196.0,1196.0,1196.0,1196.0,1196.0,1196.0,1196.0,1196.0,1196.0,1196.0,1196.0,1196.0,1196.0,1196.0,1196.0,1196.0,1196.0,1196.0,1196.0,1206.2,1206.2,1206.2,1206.2,1206.2,1206.2,1206.2,1206.2,1206.2,1206.2,1206.2,1206.2,1206.2,1206.2,1206.2,1206.2,1206.2,1206.2,1206.2,1206.2,1206.2,1206.2,1206.2,1206.2,1206.2,1206.2,1206.2,1206.2,1206.2,1206.2,1206.2,1206.2,1206.2,1206.2,1206.2,1206.249,1206.249,1206.249,1206.249,1206.249,1206.249,1252.509,1252.509,1252.509,1252.509,1252.509,1252.509,1252.509,1252.509,1252.509,1252.509,1252.509,1252.509,1252.509,1252.509,1252.509,1252.509,1252.584,1252.584,1252.584,1252.584,1252.584,1252.584,1252.584,1252.584,1252.584,1252.584,1252.584,1252.584,1252.584,1252.584,1252.584,1252.584,1252.584,1252.584,1252.584,1252.584,1252.584,1252.584,1252.584,1252.584,1292.727,1292.727,1292.727,1292.727,1292.727,1292.727,1292.727,1292.727,1292.727,1292.727,1292.727,1292.727,1292.727,1292.727,1292.727,1292.727,1292.727,1292.727,1292.727,1292.727
2005-07-01,,,,,,,,,,,,,,,,,,,,,,,,,,,,,,,,,,,,,,,,,,,,,,,,,,,,,,,,,,,,,,,,,,,,,,,,,,,,,,,,,,,,,,,,,,,,,,,,,,,,,,,,,,,,,,,,,,,,,,,,,,,,,,,,,,,,,,,,,,,,,,,,,,,,,,,,,,,,,,,,,,,,,,,,,,,,,,,,,,,,,,,,,,,,,,,,,,,,,,,,,,,,,,,,,,,,,,,,,,,,,,,,,,,,,,,,,,,,,,,,,,,,,,,,,,,,,,,,,,,,,,,,,,,,,,,,,,,,,,,,,1032.4,1032.3,1032.3,1032.3,1032.3,1096.9,1096.9,1096.9,1096.9,1096.9,1096.9,1096.9,1096.9,1155.2,1155.2,1155.2,1155.2,1155.2,1155.2,1155.2,1155.2,1149.9,1149.9,1149.9,1149.9,1149.9,1149.9,1149.9,1149.9,1238.3,1238.3,1238.3,1238.3,1238.3,1238.3,1238.3,1238.3,1238.3,1238.3,1238.3,1238.3,1238.3,1238.3,1238.3,1238.3,1238.3,1238.3,1238.3,1238.3,1238.3,1238.3,1238.3,1238.3,1238.3,1238.3,1238.3,1238.3,1238.3,1238.3,1238.3,1238.3,1238.3,1251.7,1251.7,1251.7,1251.7,1251.7,1251.7,1251.7,1251.7,1251.7,1251.7,1251.7,1251.7,1251.7,1251.7,1251.7,1251.7,1251.7,1251.7,1251.7,1251.7,1251.7,1251.7,1251.7,1251.7,1251.7,1251.7,1251.7,1251.7,1251.7,1251.7,1251.7,1251.7,1251.7,1251.7,1251.7,1251.723,1251.723,1251.723,1251.723,1251.723,1251.723,1296.928,1296.928,1296.928,1296.928,1296.928,1296.928,1296.928,1296.928,1296.928,1296.928,1296.928,1296.928,1296.928,1296.928,1296.928,1296.928,1296.981,1296.981,1296.981,1296.981,1296.981,1296.981,1296.981,1296.981,1296.981,1296.981,1296.981,1296.981,1296.981,1296.981,1296.981,1296.981,1296.981,1296.981,1296.981,1296.981,1296.981,1296.981,1296.981,1296.981,1339.203,1339.203,1339.203,1339.203,1339.203,1339.203,1339.203,1339.203,1339.203,1339.203,1339.203,1339.203,1339.203,1339.203,1339.203,1339.203,1339.203,1339.203,1339.203,1339.203
2005-10-01,,,,,,,,,,,,,,,,,,,,,,,,,,,,,,,,,,,,,,,,,,,,,,,,,,,,,,,,,,,,,,,,,,,,,,,,,,,,,,,,,,,,,,,,,,,,,,,,,,,,,,,,,,,,,,,,,,,,,,,,,,,,,,,,,,,,,,,,,,,,,,,,,,,,,,,,,,,,,,,,,,,,,,,,,,,,,,,,,,,,,,,,,,,,,,,,,,,,,,,,,,,,,,,,,,,,,,,,,,,,,,,,,,,,,,,,,,,,,,,,,,,,,,,,,,,,,,,,,,,,,,,,,,,,,,,,,,,,,,,,,,,1153.0,1153.0,1153.0,1173.7,1173.7,1173.7,1173.7,1173.7,1173.7,1173.7,1173.7,1237.3,1237.3,1237.3,1237.3,1237.3,1237.3,1237.3,1237.3,1284.1,1284.1,1284.1,1284.1,1284.1,1284.1,1284.1,1284.1,1300.8,1300.8,1300.8,1300.8,1300.8,1300.8,1300.8,1300.8,1300.8,1300.8,1300.8,1300.8,1300.8,1300.8,1300.8,1300.8,1300.8,1300.8,1300.8,1300.8,1300.8,1300.8,1300.8,1300.8,1300.8,1300.8,1300.8,1300.8,1300.8,1300.8,1300.8,1300.8,1300.8,1320.0,1320.0,1320.0,1320.0,1320.0,1320.0,1320.0,1320.0,1320.0,1320.0,1320.0,1320.0,1320.0,1320.0,1320.0,1320.0,1320.0,1320.0,1320.0,1320.0,1320.0,1320.0,1320.0,1320.0,1320.0,1320.0,1320.0,1320.0,1320.0,1320.0,1320.0,1320.0,1320.0,1320.0,1320.0,1319.957,1319.957,1319.957,1319.957,1319.957,1319.957,1363.449,1363.449,1363.449,1363.449,1363.449,1363.449,1363.449,1363.449,1363.449,1363.449,1363.449,1363.449,1363.449,1363.449,1363.449,1363.449,1363.54,1363.54,1363.54,1363.54,1363.54,1363.54,1363.54,1363.54,1363.54,1363.54,1363.54,1363.54,1363.54,1363.54,1363.54,1363.54,1363.54,1363.54,1363.54,1363.54,1363.54,1363.54,1363.54,1363.54,1407.538,1407.538,1407.538,1407.538,1407.538,1407.538,1407.538,1407.538,1407.538,1407.538,1407.538,1407.538,1407.538,1407.538,1407.538,1407.538,1407.538,1407.538,1407.538,1407.538
2006-01-01,,,,,,,,,,,,,,,,,,,,,,,,,,,,,,,,,,,,,,,,,,,,,,,,,,,,,,,,,,,,,,,,,,,,,,,,,,,,,,,,,,,,,,,,,,,,,,,,,,,,,,,,,,,,,,,,,,,,,,,,,,,,,,,,,,,,,,,,,,,,,,,,,,,,,,,,,,,,,,,,,,,,,,,,,,,,,,,,,,,,,,,,,,,,,,,,,,,,,,,,,,,,,,,,,,,,,,,,,,,,,,,,,,,,,,,,,,,,,,,,,,,,,,,,,,,,,,,,,,,,,,,,,,,,,,,,,,,,,,,,,,,,1219.7,1260.1,1283.7,1283.7,1283.7,1283.7,1283.7,1283.7,1283.7,1283.7,1307.3,1307.3,1307.3,1307.3,1307.3,1307.3,1307.3,1307.3,1359.9,1359.9,1359.9,1359.9,1359.9,1359.9,1359.9,1359.9,1354.6,1354.6,1354.6,1354.6,1354.6,1354.6,1354.6,1354.6,1354.6,1354.6,1354.6,1354.6,1354.6,1354.6,1354.6,1354.6,1354.6,1354.6,1354.6,1354.6,1354.6,1354.6,1354.6,1354.6,1354.6,1354.6,1354.6,1354.6,1354.6,1354.6,1354.6,1354.6,1354.6,1352.9,1352.9,1352.9,1352.9,1352.9,1352.9,1352.9,1352.9,1352.9,1352.9,1352.9,1352.9,1352.9,1352.9,1352.9,1352.9,1352.9,1352.9,1352.9,1352.9,1352.9,1352.9,1352.9,1352.9,1352.9,1352.9,1352.9,1352.9,1352.9,1352.9,1352.9,1352.9,1352.9,1352.9,1352.9,1352.85,1352.85,1352.85,1352.85,1352.85,1352.85,1387.629,1387.629,1387.629,1387.629,1387.629,1387.629,1387.629,1387.629,1387.629,1387.629,1387.629,1387.629,1387.629,1387.629,1387.629,1387.629,1387.911,1387.911,1387.911,1387.911,1387.911,1387.911,1387.911,1387.911,1387.911,1387.911,1387.911,1387.911,1387.911,1387.911,1387.911,1387.911,1387.911,1387.911,1387.911,1387.911,1387.911,1387.911,1387.911,1387.911,1433.381,1433.381,1433.381,1433.381,1433.381,1433.381,1433.381,1433.381,1433.381,1433.381,1433.381,1433.381,1433.381,1433.381,1433.381,1433.381,1433.381,1433.381,1433.381,1433.381
2006-04-01,,,,,,,,,,,,,,,,,,,,,,,,,,,,,,,,,,,,,,,,,,,,,,,,,,,,,,,,,,,,,,,,,,,,,,,,,,,,,,,,,,,,,,,,,,,,,,,,,,,,,,,,,,,,,,,,,,,,,,,,,,,,,,,,,,,,,,,,,,,,,,,,,,,,,,,,,,,,,,,,,,,,,,,,,,,,,,,,,,,,,,,,,,,,,,,,,,,,,,,,,,,,,,,,,,,,,,,,,,,,,,,,,,,,,,,,,,,,,,,,,,,,,,,,,,,,,,,,,,,,,,,,,,,,,,,,,,,,,,,,,,,,,,,1349.0,1335.4,1335.4,1335.4,1335.4,1335.4,1335.4,1382.4,1382.4,1382.4,1382.4,1382.4,1382.4,1382.4,1382.4,1425.2,1425.2,1425.2,1425.2,1425.2,1425.2,1425.2,1425.2,1344.7,1344.7,1344.7,1344.7,1344.7,1344.7,1344.7,1344.7,1344.7,1344.7,1344.7,1344.7,1344.7,1344.7,1344.7,1344.7,1344.7,1344.7,1344.7,1344.7,1344.7,1344.7,1344.7,1344.7,1344.7,1344.7,1344.7,1344.7,1344.7,1344.7,1344.7,1344.7,1344.7,1391.7,1391.7,1391.7,1391.7,1391.7,1391.7,1391.7,1391.7,1391.7,1391.7,1391.7,1391.7,1391.7,1391.7,1391.7,1391.7,1391.7,1391.7,1391.7,1391.7,1391.7,1391.7,1391.7,1391.7,1391.7,1391.7,1391.7,1391.7,1391.7,1391.7,1391.7,1391.7,1391.7,1391.7,1391.7,1391.705,1391.705,1391.705,1391.705,1391.705,1391.705,1424.859,1424.859,1424.859,1424.859,1424.859,1424.859,1424.859,1424.859,1424.859,1424.859,1424.859,1424.859,1424.859,1424.859,1424.859,1424.859,1425.152,1425.152,1425.152,1425.152,1425.152,1425.152,1425.152,1425.152,1425.152,1425.152,1425.152,1425.152,1425.152,1425.152,1425.152,1425.152,1425.152,1425.152,1425.152,1425.152,1425.152,1425.152,1425.152,1425.152,1472.804,1472.804,1472.804,1472.804,1472.804,1472.804,1472.804,1472.804,1472.804,1472.804,1472.804,1472.804,1472.804,1472.804,1472.804,1472.804,1472.804,1472.804,1472.804,1472.804
2006-07-01,,,,,,,,,,,,,,,,,,,,,,,,,,,,,,,,,,,,,,,,,,,,,,,,,,,,,,,,,,,,,,,,,,,,,,,,,,,,,,,,,,,,,,,,,,,,,,,,,,,,,,,,,,,,,,,,,,,,,,,,,,,,,,,,,,,,,,,,,,,,,,,,,,,,,,,,,,,,,,,,,,,,,,,,,,,,,,,,,,,,,,,,,,,,,,,,,,,,,,,,,,,,,,,,,,,,,,,,,,,,,,,,,,,,,,,,,,,,,,,,,,,,,,,,,,,,,,,,,,,,,,,,,,,,,,,,,,,,,,,,,,,,,,,,,1366.6,1363.4,1363.4,1363.4,1363.4,1381.0,1381.0,1381.0,1381.0,1381.0,1381.0,1381.0,1381.0,1442.6,1442.6,1442.6,1442.6,1442.6,1442.6,1442.6,1442.6,1368.5,1368.5,1368.5,1368.5,1368.5,1368.5,1368.5,1368.5,1368.5,1368.5,1368.5,1368.5,1368.5,1368.5,1368.5,1368.5,1368.5,1368.5,1368.5,1368.5,1368.5,1368.5,1368.5,1368.5,1368.5,1368.5,1368.5,1368.5,1368.5,1368.5,1368.5,1368.5,1368.5,1409.0,1409.0,1409.0,1409.0,1409.0,1409.0,1409.0,1409.0,1409.0,1409.0,1409.0,1409.0,1409.0,1409.0,1409.0,1409.0,1409.0,1409.0,1409.0,1409.0,1409.0,1409.0,1409.0,1409.0,1409.0,1409.0,1409.0,1409.0,1409.0,1409.0,1409.0,1409.0,1409.0,1409.0,1409.0,1409.044,1409.044,1409.044,1409.044,1409.044,1409.044,1444.533,1444.533,1444.533,1444.533,1444.533,1444.533,1444.533,1444.533,1444.533,1444.533,1444.533,1444.533,1444.533,1444.533,1444.533,1444.533,1444.791,1444.791,1444.791,1444.791,1444.791,1444.791,1444.791,1444.791,1444.791,1444.791,1444.791,1444.791,1444.791,1444.791,1444.791,1444.791,1444.791,1444.791,1444.791,1444.791,1444.791,1444.791,1444.791,1444.791,1495.335,1495.335,1495.335,1495.335,1495.335,1495.335,1495.335,1495.335,1495.335,1495.335,1495.335,1495.335,1495.335,1495.335,1495.335,1495.335,1495.335,1495.335,1495.335,1495.335
2006-10-01,,,,,,,,,,,,,,,,,,,,,,,,,,,,,,,,,,,,,,,,,,,,,,,,,,,,,,,,,,,,,,,,,,,,,,,,,,,,,,,,,,,,,,,,,,,,,,,,,,,,,,,,,,,,,,,,,,,,,,,,,,,,,,,,,,,,,,,,,,,,,,,,,,,,,,,,,,,,,,,,,,,,,,,,,,,,,,,,,,,,,,,,,,,,,,,,,,,,,,,,,,,,,,,,,,,,,,,,,,,,,,,,,,,,,,,,,,,,,,,,,,,,,,,,,,,,,,,,,,,,,,,,,,,,,,,,,,,,,,,,,,,,,,,,,,,1361.5,1361.5,1361.5,1336.8,1336.8,1336.8,1336.8,1336.8,1336.8,1336.8,1336.8,1391.4,1391.4,1391.4,1391.4,1391.4,1391.4,1391.4,1391.4,1330.0,1330.0,1330.0,1330.0,1330.0,1330.0,1330.0,1330.0,1330.0,1330.0,1330.0,1330.0,1330.0,1330.0,1330.0,1330.0,1330.0,1330.0,1330.0,1330.0,1330.0,1330.0,1330.0,1330.0,1330.0,1330.0,1330.0,1330.0,1330.0,1330.0,1330.0,1330.0,1330.0,1358.7,1358.7,1358.7,1358.7,1358.7,1358.7,1358.7,1358.7,1358.7,1358.7,1358.7,1358.7,1358.7,1358.7,1358.7,1358.7,1358.7,1358.7,1358.7,1358.7,1358.7,1358.7,1358.7,1358.7,1358.7,1358.7,1358.7,1358.7,1358.7,1358.7,1358.7,1358.7,1358.7,1358.7,1358.7,1358.655,1358.655,1358.655,1358.655,1358.655,1358.655,1397.901,1397.901,1397.901,1397.901,1397.901,1397.901,1397.901,1397.901,1397.901,1397.901,1397.901,1397.901,1397.901,1397.901,1397.901,1397.901,1398.202,1398.202,1398.202,1398.202,1398.202,1398.202,1398.202,1398.202,1398.202,1398.202,1398.202,1398.202,1398.202,1398.202,1398.202,1398.202,1398.202,1398.202,1398.202,1398.202,1398.202,1398.202,1398.202,1398.202,1452.347,1452.347,1452.347,1452.347,1452.347,1452.347,1452.347,1452.347,1452.347,1452.347,1452.347,1452.347,1452.347,1452.347,1452.347,1452.347,1452.347,1452.347,1452.347,1452.347
2007-01-01,,,,,,,,,,,,,,,,,,,,,,,,,,,,,,,,,,,,,,,,,,,,,,,,,,,,,,,,,,,,,,,,,,,,,,,,,,,,,,,,,,,,,,,,,,,,,,,,,,,,,,,,,,,,,,,,,,,,,,,,,,,,,,,,,,,,,,,,,,,,,,,,,,,,,,,,,,,,,,,,,,,,,,,,,,,,,,,,,,,,,,,,,,,,,,,,,,,,,,,,,,,,,,,,,,,,,,,,,,,,,,,,,,,,,,,,,,,,,,,,,,,,,,,,,,,,,,,,,,,,,,,,,,,,,,,,,,,,,,,,,,,,,,,,,,,,1373.5,1382.0,1363.3,1363.3,1363.3,1363.3,1363.3,1363.3,1363.3,1363.3,1390.4,1390.4,1390.4,1390.4,1390.4,1390.4,1390.4,1390.4,1278.1,1278.1,1278.1,1278.1,1278.1,1278.1,1278.1,1278.1,1278.1,1264.4,1264.4,1264.4,1264.4,1264.4,1264.4,1264.4,1264.4,1264.4,1264.4,1264.4,1264.4,1264.4,1264.4,1264.4,1264.4,1264.4,1264.4,1264.4,1264.4,1264.4,1264.4,1264.4,1264.4,1270.8,1270.8,1270.8,1270.8,1270.8,1270.8,1270.8,1270.8,1270.8,1270.8,1270.8,1270.8,1270.8,1270.8,1270.8,1270.8,1270.8,1270.8,1270.8,1270.8,1270.8,1270.8,1270.8,1270.8,1270.8,1270.8,1270.8,1270.8,1270.8,1270.8,1270.8,1270.8,1270.8,1270.8,1270.8,1270.812,1270.812,1270.812,1270.812,1270.812,1270.812,1325.638,1325.638,1325.638,1325.638,1325.638,1325.638,1325.638,1325.638,1325.638,1325.638,1325.638,1325.638,1325.638,1325.638,1325.638,1325.638,1325.943,1325.943,1325.943,1325.943,1325.943,1325.943,1325.943,1325.943,1325.943,1325.943,1325.943,1325.943,1325.943,1325.943,1325.943,1325.943,1325.943,1325.943,1325.943,1325.943,1325.943,1325.943,1325.943,1325.943,1384.4,1384.4,1384.4,1384.4,1384.4,1384.4,1384.4,1384.4,1384.4,1384.4,1384.4,1384.4,1384.4,1384.4,1384.4,1384.4,1384.4,1384.4,1384.4,1384.4
2007-04-01,,,,,,,,,,,,,,,,,,,,,,,,,,,,,,,,,,,,,,,,,,,,,,,,,,,,,,,,,,,,,,,,,,,,,,,,,,,,,,,,,,,,,,,,,,,,,,,,,,,,,,,,,,,,,,,,,,,,,,,,,,,,,,,,,,,,,,,,,,,,,,,,,,,,,,,,,,,,,,,,,,,,,,,,,,,,,,,,,,,,,,,,,,,,,,,,,,,,,,,,,,,,,,,,,,,,,,,,,,,,,,,,,,,,,,,,,,,,,,,,,,,,,,,,,,,,,,,,,,,,,,,,,,,,,,,,,,,,,,,,,,,,,,,,,,,,,,,1443.9,1441.4,1441.4,1441.4,1441.4,1441.4,1441.4,1446.3,1446.3,1446.3,1446.3,1446.3,1446.3,1446.3,1446.3,1342.1,1342.1,1342.1,1342.1,1342.1,1342.1,1342.1,1342.1,1342.1,1315.6,1315.6,1315.6,1315.6,1315.6,1315.6,1315.6,1315.6,1315.6,1315.6,1315.6,1315.6,1315.6,1315.6,1315.6,1315.6,1315.6,1315.6,1315.6,1315.6,1315.6,1315.6,1315.6,1315.6,1341.7,1341.7,1341.7,1341.7,1341.7,1341.7,1341.7,1341.7,1341.7,1341.7,1341.7,1341.7,1341.7,1341.7,1341.7,1341.7,1341.7,1341.7,1341.7,1341.7,1341.7,1341.7,1341.7,1341.7,1341.7,1341.7,1341.7,1341.7,1341.7,1341.7,1341.7,1341.7,1341.7,1341.7,1341.7,1341.698,1341.698,1341.698,1341.698,1341.698,1341.698,1400.499,1400.499,1400.499,1400.499,1400.499,1400.499,1400.499,1400.499,1400.499,1400.499,1400.499,1400.499,1400.499,1400.499,1400.499,1400.499,1400.804,1400.804,1400.804,1400.804,1400.804,1400.804,1400.804,1400.804,1400.804,1400.804,1400.804,1400.804,1400.804,1400.804,1400.804,1400.804,1400.804,1400.804,1400.804,1400.804,1400.804,1400.804,1400.804,1400.804,1462.488,1462.488,1462.488,1462.488,1462.488,1462.488,1462.488,1462.488,1462.488,1462.488,1462.488,1462.488,1462.488,1462.488,1462.488,1462.488,1462.488,1462.488,1462.488,1462.488
2007-07-01,,,,,,,,,,,,,,,,,,,,,,,,,,,,,,,,,,,,,,,,,,,,,,,,,,,,,,,,,,,,,,,,,,,,,,,,,,,,,,,,,,,,,,,,,,,,,,,,,,,,,,,,,,,,,,,,,,,,,,,,,,,,,,,,,,,,,,,,,,,,,,,,,,,,,,,,,,,,,,,,,,,,,,,,,,,,,,,,,,,,,,,,,,,,,,,,,,,,,,,,,,,,,,,,,,,,,,,,,,,,,,,,,,,,,,,,,,,,,,,,,,,,,,,,,,,,,,,,,,,,,,,,,,,,,,,,,,,,,,,,,,,,,,,,,,,,,,,,,1408.6,1410.2,1410.2,1410.2,1410.2,1446.1,1446.1,1446.1,1446.1,1446.1,1446.1,1446.1,1446.1,1318.2,1318.2,1318.2,1318.2,1318.2,1318.2,1318.2,1318.2,1318.2,1284.1,1284.1,1284.1,1284.1,1284.1,1284.1,1284.1,1284.1,1284.1,1284.1,1284.1,1284.1,1284.1,1284.1,1284.1,1284.1,1284.1,1284.1,1284.1,1284.1,1284.1,1284.1,1284.1,1284.1,1285.3,1285.3,1285.3,1285.3,1285.3,1285.3,1285.3,1285.3,1285.3,1285.3,1285.3,1285.3,1285.3,1285.3,1285.3,1285.3,1285.3,1285.3,1285.3,1285.3,1285.3,1285.3,1285.3,1285.3,1285.3,1285.3,1285.3,1285.3,1285.3,1285.3,1285.3,1285.3,1285.3,1285.3,1285.3,1285.345,1285.345,1285.345,1285.345,1285.345,1285.345,1345.516,1345.516,1345.516,1345.516,1345.516,1345.516,1345.516,1345.516,1345.516,1345.516,1345.516,1345.516,1345.516,1345.516,1345.516,1345.516,1345.84,1345.84,1345.84,1345.84,1345.84,1345.84,1345.84,1345.84,1345.84,1345.84,1345.84,1345.84,1345.84,1345.84,1345.84,1345.84,1345.84,1345.84,1345.84,1345.84,1345.84,1345.84,1345.84,1345.84,1409.668,1409.668,1409.668,1409.668,1409.668,1409.668,1409.668,1409.668,1409.668,1409.668,1409.668,1409.668,1409.668,1409.668,1409.668,1409.668,1409.668,1409.668,1409.668,1409.668
2007-10-01,,,,,,,,,,,,,,,,,,,,,,,,,,,,,,,,,,,,,,,,,,,,,,,,,,,,,,,,,,,,,,,,,,,,,,,,,,,,,,,,,,,,,,,,,,,,,,,,,,,,,,,,,,,,,,,,,,,,,,,,,,,,,,,,,,,,,,,,,,,,,,,,,,,,,,,,,,,,,,,,,,,,,,,,,,,,,,,,,,,,,,,,,,,,,,,,,,,,,,,,,,,,,,,,,,,,,,,,,,,,,,,,,,,,,,,,,,,,,,,,,,,,,,,,,,,,,,,,,,,,,,,,,,,,,,,,,,,,,,,,,,,,,,,,,,,,,,,,,,,1425.5,1425.5,1425.5,1460.9,1460.9,1460.9,1460.9,1460.9,1460.9,1460.9,1460.9,1353.0,1353.0,1353.0,1353.0,1353.0,1353.0,1353.0,1353.0,1353.0,1307.5,1307.5,1307.5,1307.5,1307.5,1307.5,1307.5,1307.5,1307.5,1307.5,1307.5,1307.5,1307.5,1307.5,1307.5,1307.5,1307.5,1307.5,1307.5,1307.5,1307.5,1307.5,1307.5,1307.5,1313.7,1313.7,1313.7,1313.7,1313.7,1313.7,1313.7,1313.7,1313.7,1313.7,1313.7,1313.7,1313.7,1313.7,1313.7,1313.7,1313.7,1313.7,1313.7,1313.7,1313.7,1313.7,1313.7,1313.7,1313.7,1313.7,1313.7,1313.7,1313.7,1313.7,1313.7,1313.7,1313.7,1313.7,1313.7,1313.691,1313.691,1313.691,1313.691,1313.691,1313.691,1367.781,1367.781,1367.781,1367.781,1367.781,1367.781,1367.781,1367.781,1367.781,1367.781,1367.781,1367.781,1367.781,1367.781,1367.781,1367.781,1368.063,1368.063,1368.063,1368.063,1368.063,1368.063,1368.063,1368.063,1368.063,1368.063,1368.063,1368.063,1368.063,1368.063,1368.063,1368.063,1368.063,1368.063,1368.063,1368.063,1368.063,1368.063,1368.063,1368.063,1432.95,1432.95,1432.95,1432.95,1432.95,1432.95,1432.95,1432.95,1432.95,1432.95,1432.95,1432.95,1432.95,1432.95,1432.95,1432.95,1432.95,1432.95,1432.95,1432.95
2008-01-01,,,,,,,,,,,,,,,,,,,,,,,,,,,,,,,,,,,,,,,,,,,,,,,,,,,,,,,,,,,,,,,,,,,,,,,,,,,,,,,,,,,,,,,,,,,,,,,,,,,,,,,,,,,,,,,,,,,,,,,,,,,,,,,,,,,,,,,,,,,,,,,,,,,,,,,,,,,,,,,,,,,,,,,,,,,,,,,,,,,,,,,,,,,,,,,,,,,,,,,,,,,,,,,,,,,,,,,,,,,,,,,,,,,,,,,,,,,,,,,,,,,,,,,,,,,,,,,,,,,,,,,,,,,,,,,,,,,,,,,,,,,,,,,,,,,,,,,,,,,,1329.1,1313.8,1348.0,1348.0,1348.0,1348.0,1348.0,1348.0,1348.0,1348.0,1297.6,1297.6,1297.6,1297.6,1297.6,1297.6,1297.6,1297.6,1297.6,1178.1,1178.1,1178.1,1178.1,1178.1,1178.1,1178.1,1178.1,1188.3,1188.3,1188.3,1188.3,1188.3,1188.3,1188.3,1188.3,1188.3,1188.3,1188.3,1188.3,1188.3,1188.3,1188.3,1188.3,1203.5,1203.5,1203.5,1203.5,1203.5,1203.5,1203.5,1203.5,1203.5,1203.5,1203.5,1203.5,1203.5,1203.5,1203.5,1203.5,1203.5,1203.5,1203.5,1203.5,1203.5,1203.5,1203.5,1203.5,1203.5,1203.5,1203.5,1203.5,1203.5,1203.5,1203.5,1203.5,1203.5,1203.5,1203.5,1203.491,1203.491,1203.491,1203.491,1203.491,1203.491,1260.516,1260.516,1260.516,1260.516,1260.516,1260.516,1260.516,1260.516,1260.516,1260.516,1260.516,1260.516,1260.516,1260.516,1260.516,1260.516,1260.771,1260.771,1260.771,1260.771,1260.771,1260.771,1260.771,1260.771,1260.771,1260.771,1260.771,1260.771,1260.771,1260.771,1260.771,1260.771,1260.771,1260.771,1260.771,1260.771,1260.771,1260.771,1260.771,1260.771,1325.635,1325.635,1325.635,1325.635,1325.635,1325.635,1325.635,1325.635,1325.635,1325.635,1325.635,1325.635,1325.635,1325.635,1325.635,1325.635,1325.635,1325.635,1325.635,1325.635
2008-04-01,,,,,,,,,,,,,,,,,,,,,,,,,,,,,,,,,,,,,,,,,,,,,,,,,,,,,,,,,,,,,,,,,,,,,,,,,,,,,,,,,,,,,,,,,,,,,,,,,,,,,,,,,,,,,,,,,,,,,,,,,,,,,,,,,,,,,,,,,,,,,,,,,,,,,,,,,,,,,,,,,,,,,,,,,,,,,,,,,,,,,,,,,,,,,,,,,,,,,,,,,,,,,,,,,,,,,,,,,,,,,,,,,,,,,,,,,,,,,,,,,,,,,,,,,,,,,,,,,,,,,,,,,,,,,,,,,,,,,,,,,,,,,,,,,,,,,,,,,,,,,,,1361.0,1343.2,1343.2,1343.2,1343.2,1343.2,1343.2,1276.0,1276.0,1276.0,1276.0,1276.0,1276.0,1276.0,1276.0,1276.0,1150.4,1150.4,1150.4,1150.4,1150.4,1150.4,1150.4,1150.4,1208.3,1208.3,1208.3,1208.3,1208.3,1208.3,1208.3,1208.3,1208.3,1208.3,1208.3,1208.3,1208.3,1208.3,1208.3,1208.3,1229.6,1229.6,1229.6,1229.6,1229.6,1229.6,1229.6,1229.6,1229.6,1229.6,1229.6,1229.6,1229.6,1229.6,1229.6,1229.6,1229.6,1229.6,1229.6,1229.6,1229.6,1229.6,1229.6,1229.6,1229.6,1229.6,1229.6,1229.6,1229.6,1229.6,1229.6,1229.6,1229.6,1229.6,1229.6,1229.619,1229.619,1229.619,1229.619,1229.619,1229.619,1285.098,1285.098,1285.098,1285.098,1285.098,1285.098,1285.098,1285.098,1285.098,1285.098,1285.098,1285.098,1285.098,1285.098,1285.098,1285.098,1285.329,1285.329,1285.329,1285.329,1285.329,1285.329,1285.329,1285.329,1285.329,1285.329,1285.329,1285.329,1285.329,1285.329,1285.329,1285.329,1285.329,1285.329,1285.329,1285.329,1285.329,1285.329,1285.329,1285.329,1348.013,1348.013,1348.013,1348.013,1348.013,1348.013,1348.013,1348.013,1348.013,1348.013,1348.013,1348.013,1348.013,1348.013,1348.013,1348.013,1348.013,1348.013,1348.013,1348.013
2008-07-01,,,,,,,,,,,,,,,,,,,,,,,,,,,,,,,,,,,,,,,,,,,,,,,,,,,,,,,,,,,,,,,,,,,,,,,,,,,,,,,,,,,,,,,,,,,,,,,,,,,,,,,,,,,,,,,,,,,,,,,,,,,,,,,,,,,,,,,,,,,,,,,,,,,,,,,,,,,,,,,,,,,,,,,,,,,,,,,,,,,,,,,,,,,,,,,,,,,,,,,,,,,,,,,,,,,,,,,,,,,,,,,,,,,,,,,,,,,,,,,,,,,,,,,,,,,,,,,,,,,,,,,,,,,,,,,,,,,,,,,,,,,,,,,,,,,,,,,,,,,,,,,,,1302.4,1300.1,1300.1,1300.1,1300.1,1271.9,1271.9,1271.9,1271.9,1271.9,1271.9,1271.9,1271.9,1271.9,1129.4,1129.4,1129.4,1129.4,1129.4,1129.4,1129.4,1129.4,1163.3,1163.3,1163.3,1163.3,1163.3,1163.3,1163.3,1163.3,1163.3,1163.3,1163.3,1163.3,1163.3,1163.3,1163.3,1163.3,1188.8,1188.8,1188.8,1188.8,1188.8,1188.8,1188.8,1188.8,1188.8,1188.8,1188.8,1188.8,1188.8,1188.8,1188.8,1188.8,1188.8,1188.8,1188.8,1188.8,1188.8,1188.8,1188.8,1188.8,1188.8,1188.8,1188.8,1188.8,1188.8,1188.8,1188.8,1188.8,1188.8,1188.8,1188.8,1188.823,1188.823,1188.823,1188.823,1188.823,1188.823,1225.81,1225.81,1225.81,1225.81,1225.81,1225.81,1225.81,1225.81,1225.81,1225.81,1225.81,1225.81,1225.81,1225.81,1225.81,1225.81,1226.043,1226.043,1226.043,1226.043,1226.043,1226.043,1226.043,1226.043,1226.043,1226.043,1226.043,1226.043,1226.043,1226.043,1226.043,1226.043,1226.043,1226.043,1226.043,1226.043,1226.043,1226.043,1226.043,1226.043,1284.391,1284.391,1284.391,1284.391,1284.391,1284.391,1284.391,1284.391,1284.391,1284.391,1284.391,1284.391,1284.391,1284.391,1284.391,1284.391,1284.391,1284.391,1284.391,1284.391
2008-10-01,,,,,,,,,,,,,,,,,,,,,,,,,,,,,,,,,,,,,,,,,,,,,,,,,,,,,,,,,,,,,,,,,,,,,,,,,,,,,,,,,,,,,,,,,,,,,,,,,,,,,,,,,,,,,,,,,,,,,,,,,,,,,,,,,,,,,,,,,,,,,,,,,,,,,,,,,,,,,,,,,,,,,,,,,,,,,,,,,,,,,,,,,,,,,,,,,,,,,,,,,,,,,,,,,,,,,,,,,,,,,,,,,,,,,,,,,,,,,,,,,,,,,,,,,,,,,,,,,,,,,,,,,,,,,,,,,,,,,,,,,,,,,,,,,,,,,,,,,,,,,,,,,,,931.2,931.2,931.2,836.8,836.8,836.8,836.8,836.8,836.8,836.8,836.8,836.8,641.5,641.5,641.5,641.5,641.5,641.5,641.5,641.5,643.7,643.7,643.7,643.7,643.7,643.7,643.7,643.7,643.7,643.7,643.7,643.7,643.7,643.7,643.7,643.7,671.4,671.4,671.4,671.4,671.4,671.4,671.4,671.4,671.4,671.4,671.4,671.4,671.4,671.4,671.4,671.4,671.4,671.4,671.4,671.4,671.4,671.4,671.4,671.4,671.4,671.4,671.4,671.4,671.4,671.4,671.4,671.4,671.4,671.4,671.4,671.444,671.444,671.444,671.444,671.444,671.444,721.253,721.253,721.253,721.253,721.253,721.253,721.253,721.253,721.253,721.253,721.253,721.253,721.253,721.253,721.253,721.253,721.414,721.414,721.414,721.414,721.414,721.414,721.414,721.414,721.414,721.414,721.414,721.414,721.414,721.414,721.414,721.414,721.414,721.414,721.414,721.414,721.414,721.414,721.414,721.414,773.27,773.27,773.27,773.27,773.27,773.27,773.27,773.27,773.27,773.27,773.27,773.27,773.27,773.27,773.27,773.27,773.27,773.27,773.27,773.27
2009-01-01,,,,,,,,,,,,,,,,,,,,,,,,,,,,,,,,,,,,,,,,,,,,,,,,,,,,,,,,,,,,,,,,,,,,,,,,,,,,,,,,,,,,,,,,,,,,,,,,,,,,,,,,,,,,,,,,,,,,,,,,,,,,,,,,,,,,,,,,,,,,,,,,,,,,,,,,,,,,,,,,,,,,,,,,,,,,,,,,,,,,,,,,,,,,,,,,,,,,,,,,,,,,,,,,,,,,,,,,,,,,,,,,,,,,,,,,,,,,,,,,,,,,,,,,,,,,,,,,,,,,,,,,,,,,,,,,,,,,,,,,,,,,,,,,,,,,,,,,,,,,,,,,,,,,1051.8,1054.2,976.1,976.1,976.1,976.1,976.1,976.1,976.1,976.1,976.1,908.0,908.0,908.0,908.0,908.0,908.0,908.0,908.0,1000.4,1000.4,1000.4,1000.4,1000.4,1000.4,1000.4,1000.4,1010.3,1010.3,1010.3,1010.3,1010.3,1010.3,1010.3,1010.3,1038.0,1038.0,1038.0,1038.0,1038.0,1038.0,1038.0,1038.0,1044.3,1044.3,1044.3,1044.3,1044.3,1044.3,1044.3,1044.3,1044.3,1044.3,1044.3,1044.3,1044.3,1044.3,1044.3,1044.3,1044.3,1044.3,1044.3,1044.3,1044.3,1044.3,1044.3,1044.3,1044.3,1044.3,1044.3,1044.256,1044.256,1044.256,1044.256,1044.256,1044.256,1082.466,1082.466,1082.466,1082.466,1082.466,1082.466,1082.466,1082.466,1082.466,1082.466,1082.466,1082.466,1082.466,1082.466,1082.466,1082.466,1082.708,1082.708,1082.708,1082.708,1082.708,1082.708,1082.708,1082.708,1082.708,1082.708,1082.708,1082.708,1082.708,1082.708,1082.708,1082.708,1082.708,1082.708,1082.708,1082.708,1082.708,1082.708,1082.708,1082.708,1125.916,1125.916,1125.916,1125.916,1125.916,1125.916,1125.916,1125.916,1125.916,1125.916,1125.916,1125.916,1125.916,1125.916,1125.916,1125.916,1125.916,1125.916,1125.916,1125.916
2009-04-01,,,,,,,,,,,,,,,,,,,,,,,,,,,,,,,,,,,,,,,,,,,,,,,,,,,,,,,,,,,,,,,,,,,,,,,,,,,,,,,,,,,,,,,,,,,,,,,,,,,,,,,,,,,,,,,,,,,,,,,,,,,,,,,,,,,,,,,,,,,,,,,,,,,,,,,,,,,,,,,,,,,,,,,,,,,,,,,,,,,,,,,,,,,,,,,,,,,,,,,,,,,,,,,,,,,,,,,,,,,,,,,,,,,,,,,,,,,,,,,,,,,,,,,,,,,,,,,,,,,,,,,,,,,,,,,,,,,,,,,,,,,,,,,,,,,,,,,,,,,,,,,,,,,,,,,,1049.8,1031.1,1031.1,1031.1,1031.1,1031.1,1031.1,996.5,996.5,996.5,996.5,996.5,996.5,996.5,996.5,1099.0,1099.0,1099.0,1099.0,1099.0,1099.0,1099.0,1099.0,1087.4,1087.4,1087.4,1087.4,1087.4,1087.4,1087.4,1087.4,1115.1,1115.1,1115.1,1115.1,1115.1,1115.1,1115.1,1115.1,1120.6,1120.6,1120.6,1120.6,1120.6,1120.6,1120.6,1120.6,1120.6,1120.6,1120.6,1120.6,1120.6,1120.6,1120.6,1120.6,1120.6,1120.6,1120.6,1120.6,1120.6,1120.6,1120.6,1120.6,1120.6,1120.6,1120.6,1120.618,1120.618,1120.618,1120.618,1120.618,1120.618,1161.393,1161.393,1161.393,1161.393,1161.393,1161.393,1161.393,1161.393,1161.393,1161.393,1161.393,1161.393,1161.393,1161.393,1161.393,1161.393,1161.627,1161.627,1161.627,1161.627,1161.627,1161.627,1161.627,1161.627,1161.627,1161.627,1161.627,1161.627,1161.627,1161.627,1161.627,1161.627,1161.627,1161.627,1161.627,1161.627,1161.627,1161.627,1161.627,1161.627,1199.363,1199.363,1199.363,1199.363,1199.363,1199.363,1199.363,1199.363,1199.363,1199.363,1199.363,1199.363,1199.363,1199.363,1199.363,1199.363,1199.363,1199.363,1199.363,1199.363
2009-07-01,,,,,,,,,,,,,,,,,,,,,,,,,,,,,,,,,,,,,,,,,,,,,,,,,,,,,,,,,,,,,,,,,,,,,,,,,,,,,,,,,,,,,,,,,,,,,,,,,,,,,,,,,,,,,,,,,,,,,,,,,,,,,,,,,,,,,,,,,,,,,,,,,,,,,,,,,,,,,,,,,,,,,,,,,,,,,,,,,,,,,,,,,,,,,,,,,,,,,,,,,,,,,,,,,,,,,,,,,,,,,,,,,,,,,,,,,,,,,,,,,,,,,,,,,,,,,,,,,,,,,,,,,,,,,,,,,,,,,,,,,,,,,,,,,,,,,,,,,,,,,,,,,,,,,,,,,,1180.7,1173.9,1173.9,1173.9,1173.9,1113.5,1113.5,1113.5,1113.5,1113.5,1113.5,1113.5,1113.5,1244.2,1244.2,1244.2,1244.2,1244.2,1244.2,1244.2,1244.2,1231.9,1231.9,1231.9,1231.9,1231.9,1231.9,1231.9,1231.9,1259.6,1259.6,1259.6,1259.6,1259.6,1259.6,1259.6,1259.6,1273.2,1273.2,1273.2,1273.2,1273.2,1273.2,1273.2,1273.2,1273.2,1273.2,1273.2,1273.2,1273.2,1273.2,1273.2,1273.2,1273.2,1273.2,1273.2,1273.2,1273.2,1273.2,1273.2,1273.2,1273.2,1273.2,1273.2,1273.189,1273.189,1273.189,1273.189,1273.189,1273.189,1346.756,1346.756,1346.756,1346.756,1346.756,1346.756,1346.756,1346.756,1346.756,1346.756,1346.756,1346.756,1346.756,1346.756,1346.756,1346.756,1346.957,1346.957,1346.957,1346.957,1346.957,1346.957,1346.957,1346.957,1346.957,1346.957,1346.957,1346.957,1346.957,1346.957,1346.957,1346.957,1346.957,1346.957,1346.957,1346.957,1346.957,1346.957,1346.957,1346.957,1382.393,1382.393,1382.393,1382.393,1382.393,1382.393,1382.393,1382.393,1382.393,1382.393,1382.393,1382.393,1382.393,1382.393,1382.393,1382.393,1382.393,1382.393,1382.393,1382.393
2009-10-01,,,,,,,,,,,,,,,,,,,,,,,,,,,,,,,,,,,,,,,,,,,,,,,,,,,,,,,,,,,,,,,,,,,,,,,,,,,,,,,,,,,,,,,,,,,,,,,,,,,,,,,,,,,,,,,,,,,,,,,,,,,,,,,,,,,,,,,,,,,,,,,,,,,,,,,,,,,,,,,,,,,,,,,,,,,,,,,,,,,,,,,,,,,,,,,,,,,,,,,,,,,,,,,,,,,,,,,,,,,,,,,,,,,,,,,,,,,,,,,,,,,,,,,,,,,,,,,,,,,,,,,,,,,,,,,,,,,,,,,,,,,,,,,,,,,,,,,,,,,,,,,,,,,,,,,,,,,,1270.1,1270.1,1270.1,1229.3,1229.3,1229.3,1229.3,1229.3,1229.3,1229.3,1229.3,1389.5,1389.5,1389.5,1389.5,1389.5,1389.5,1389.5,1389.5,1354.9,1354.9,1354.9,1354.9,1354.9,1354.9,1354.9,1354.9,1382.2,1382.2,1382.2,1382.2,1382.2,1382.2,1382.2,1382.2,1374.4,1374.4,1374.4,1374.4,1374.4,1374.4,1374.4,1374.4,1374.4,1374.4,1374.4,1374.4,1374.4,1374.4,1374.4,1374.4,1374.4,1374.4,1374.4,1374.4,1374.4,1374.4,1374.4,1374.4,1374.4,1374.4,1374.4,1374.367,1374.367,1374.367,1374.367,1374.367,1374.367,1462.687,1462.687,1462.687,1462.687,1462.687,1462.687,1462.687,1462.687,1462.687,1462.687,1462.687,1462.687,1462.687,1462.687,1462.687,1462.687,1462.942,1462.942,1462.942,1462.942,1462.942,1462.942,1462.942,1462.942,1462.942,1462.942,1462.942,1462.942,1462.942,1462.942,1462.942,1462.942,1462.942,1462.942,1462.942,1462.942,1462.942,1462.942,1462.942,1462.942,1499.252,1499.252,1499.252,1499.252,1499.252,1499.252,1499.252,1499.252,1499.252,1499.252,1499.252,1499.252,1499.252,1499.252,1499.252,1499.252,1499.252,1499.252,1499.252,1499.252
2010-01-01,,,,,,,,,,,,,,,,,,,,,,,,,,,,,,,,,,,,,,,,,,,,,,,,,,,,,,,,,,,,,,,,,,,,,,,,,,,,,,,,,,,,,,,,,,,,,,,,,,,,,,,,,,,,,,,,,,,,,,,,,,,,,,,,,,,,,,,,,,,,,,,,,,,,,,,,,,,,,,,,,,,,,,,,,,,,,,,,,,,,,,,,,,,,,,,,,,,,,,,,,,,,,,,,,,,,,,,,,,,,,,,,,,,,,,,,,,,,,,,,,,,,,,,,,,,,,,,,,,,,,,,,,,,,,,,,,,,,,,,,,,,,,,,,,,,,,,,,,,,,,,,,,,,,,,,,,,,,,1393.3,1423.9,1369.7,1369.7,1369.7,1369.7,1369.7,1369.7,1369.7,1369.7,1415.6,1415.6,1415.6,1415.6,1415.6,1415.6,1415.6,1415.6,1434.1,1434.1,1434.1,1434.1,1434.1,1434.1,1434.1,1434.1,1446.9,1446.9,1446.9,1446.9,1446.9,1446.9,1446.9,1446.9,1450.2,1450.2,1450.2,1450.2,1450.2,1450.2,1450.2,1450.2,1450.2,1450.2,1450.2,1450.2,1450.2,1450.2,1450.2,1450.2,1450.2,1450.2,1450.2,1450.2,1450.2,1450.2,1450.2,1450.2,1450.2,1450.2,1450.2,1450.187,1450.187,1450.187,1450.187,1450.187,1450.187,1530.36,1530.36,1530.36,1530.36,1530.36,1530.36,1530.36,1530.36,1530.36,1530.36,1530.36,1530.36,1530.36,1530.36,1530.36,1530.36,1530.604,1530.604,1530.604,1530.604,1530.604,1530.604,1530.604,1530.604,1530.604,1530.604,1530.604,1530.604,1530.604,1530.604,1530.604,1530.604,1530.604,1530.604,1530.604,1530.604,1530.604,1530.604,1530.604,1530.604,1570.962,1570.962,1570.962,1570.962,1570.962,1570.962,1570.962,1570.962,1570.962,1570.962,1570.962,1570.962,1570.962,1570.962,1570.962,1570.962,1570.962,1570.962,1570.962,1570.962
2010-04-01,,,,,,,,,,,,,,,,,,,,,,,,,,,,,,,,,,,,,,,,,,,,,,,,,,,,,,,,,,,,,,,,,,,,,,,,,,,,,,,,,,,,,,,,,,,,,,,,,,,,,,,,,,,,,,,,,,,,,,,,,,,,,,,,,,,,,,,,,,,,,,,,,,,,,,,,,,,,,,,,,,,,,,,,,,,,,,,,,,,,,,,,,,,,,,,,,,,,,,,,,,,,,,,,,,,,,,,,,,,,,,,,,,,,,,,,,,,,,,,,,,,,,,,,,,,,,,,,,,,,,,,,,,,,,,,,,,,,,,,,,,,,,,,,,,,,,,,,,,,,,,,,,,,,,,,,,,,,,,,,1371.7,1382.6,1382.6,1382.6,1382.6,1382.6,1382.6,1465.9,1465.9,1465.9,1465.9,1465.9,1465.9,1465.9,1465.9,1405.1,1405.1,1405.1,1405.1,1405.1,1405.1,1405.1,1405.1,1431.2,1431.2,1431.2,1431.2,1431.2,1431.2,1431.2,1431.2,1436.8,1436.8,1436.8,1436.8,1436.8,1436.8,1436.8,1436.8,1436.8,1436.8,1436.8,1436.8,1436.8,1436.8,1436.8,1436.8,1436.8,1436.8,1436.8,1436.8,1436.8,1436.8,1436.8,1436.8,1436.8,1436.8,1436.8,1436.755,1436.755,1436.755,1436.755,1436.755,1436.755,1516.85,1516.85,1516.85,1516.85,1516.85,1516.85,1516.85,1516.85,1516.85,1516.85,1516.85,1516.85,1516.85,1516.85,1516.85,1516.85,1517.068,1517.068,1517.068,1517.068,1517.068,1517.068,1517.068,1517.068,1517.068,1517.068,1517.068,1517.068,1517.068,1517.068,1517.068,1517.068,1517.068,1517.068,1517.068,1517.068,1517.068,1517.068,1517.068,1517.068,1560.78,1560.78,1560.78,1560.78,1560.78,1560.78,1560.78,1560.78,1560.78,1560.78,1560.78,1560.78,1560.78,1560.78,1560.78,1560.78,1560.78,1560.78,1560.78,1560.78
2010-07-01,,,,,,,,,,,,,,,,,,,,,,,,,,,,,,,,,,,,,,,,,,,,,,,,,,,,,,,,,,,,,,,,,,,,,,,,,,,,,,,,,,,,,,,,,,,,,,,,,,,,,,,,,,,,,,,,,,,,,,,,,,,,,,,,,,,,,,,,,,,,,,,,,,,,,,,,,,,,,,,,,,,,,,,,,,,,,,,,,,,,,,,,,,,,,,,,,,,,,,,,,,,,,,,,,,,,,,,,,,,,,,,,,,,,,,,,,,,,,,,,,,,,,,,,,,,,,,,,,,,,,,,,,,,,,,,,,,,,,,,,,,,,,,,,,,,,,,,,,,,,,,,,,,,,,,,,,,,,,,,,,,1427.1,1416.3,1416.3,1416.3,1416.3,1414.2,1414.2,1414.2,1414.2,1414.2,1414.2,1414.2,1414.2,1465.1,1465.1,1465.1,1465.1,1465.1,1465.1,1465.1,1465.1,1492.1,1492.1,1492.1,1492.1,1492.1,1492.1,1492.1,1492.1,1499.1,1499.1,1499.1,1499.1,1499.1,1499.1,1499.1,1499.1,1499.1,1499.1,1499.1,1499.1,1499.1,1499.1,1499.1,1499.1,1499.1,1499.1,1499.1,1499.1,1499.1,1499.1,1499.1,1499.1,1499.1,1499.1,1499.1,1499.071,1499.071,1499.071,1499.071,1499.071,1499.071,1599.896,1599.896,1599.896,1599.896,1599.896,1599.896,1599.896,1599.896,1599.896,1599.896,1599.896,1599.896,1599.896,1599.896,1599.896,1599.896,1600.154,1600.154,1600.154,1600.154,1600.154,1600.154,1600.154,1600.154,1600.154,1600.154,1600.154,1600.154,1600.154,1600.154,1600.154,1600.154,1600.154,1600.154,1600.154,1600.154,1600.154,1600.154,1600.154,1600.154,1646.527,1646.527,1646.527,1646.527,1646.527,1646.527,1646.527,1646.527,1646.527,1646.527,1646.527,1646.527,1646.527,1646.527,1646.527,1646.527,1646.527,1646.527,1646.527,1646.527
2010-10-01,,,,,,,,,,,,,,,,,,,,,,,,,,,,,,,,,,,,,,,,,,,,,,,,,,,,,,,,,,,,,,,,,,,,,,,,,,,,,,,,,,,,,,,,,,,,,,,,,,,,,,,,,,,,,,,,,,,,,,,,,,,,,,,,,,,,,,,,,,,,,,,,,,,,,,,,,,,,,,,,,,,,,,,,,,,,,,,,,,,,,,,,,,,,,,,,,,,,,,,,,,,,,,,,,,,,,,,,,,,,,,,,,,,,,,,,,,,,,,,,,,,,,,,,,,,,,,,,,,,,,,,,,,,,,,,,,,,,,,,,,,,,,,,,,,,,,,,,,,,,,,,,,,,,,,,,,,,,,,,,,,,,1369.3,1369.3,1369.3,1337.8,1337.8,1337.8,1337.8,1337.8,1337.8,1337.8,1337.8,1467.6,1467.6,1467.6,1467.6,1467.6,1467.6,1467.6,1467.6,1486.9,1486.9,1486.9,1486.9,1486.9,1486.9,1486.9,1486.9,1494.5,1494.5,1494.5,1494.5,1494.5,1494.5,1494.5,1494.5,1494.5,1494.5,1494.5,1494.5,1494.5,1494.5,1494.5,1494.5,1494.5,1494.5,1494.5,1494.5,1494.5,1494.5,1494.5,1494.5,1494.5,1494.5,1494.5,1494.46,1494.46,1494.46,1494.46,1494.46,1494.46,1598.826,1598.826,1598.826,1598.826,1598.826,1598.826,1598.826,1598.826,1598.826,1598.826,1598.826,1598.826,1598.826,1598.826,1598.826,1598.826,1599.159,1599.159,1599.159,1599.159,1599.159,1599.159,1599.159,1599.159,1599.159,1599.159,1599.159,1599.159,1599.159,1599.159,1599.159,1599.159,1599.159,1599.159,1599.159,1599.159,1599.159,1599.159,1599.159,1599.159,1647.5,1647.5,1647.5,1647.5,1647.5,1647.5,1647.5,1647.5,1647.5,1647.5,1647.5,1647.5,1647.5,1647.5,1647.5,1647.5,1647.5,1647.5,1647.5,1647.5
2011-01-01,,,,,,,,,,,,,,,,,,,,,,,,,,,,,,,,,,,,,,,,,,,,,,,,,,,,,,,,,,,,,,,,,,,,,,,,,,,,,,,,,,,,,,,,,,,,,,,,,,,,,,,,,,,,,,,,,,,,,,,,,,,,,,,,,,,,,,,,,,,,,,,,,,,,,,,,,,,,,,,,,,,,,,,,,,,,,,,,,,,,,,,,,,,,,,,,,,,,,,,,,,,,,,,,,,,,,,,,,,,,,,,,,,,,,,,,,,,,,,,,,,,,,,,,,,,,,,,,,,,,,,,,,,,,,,,,,,,,,,,,,,,,,,,,,,,,,,,,,,,,,,,,,,,,,,,,,,,,,,,,,,,,,1449.5,1476.4,1454.8,1454.8,1454.8,1454.8,1454.8,1454.8,1454.8,1454.8,1402.5,1402.5,1402.5,1402.5,1402.5,1402.5,1402.5,1402.5,1399.2,1399.2,1399.2,1399.2,1399.2,1399.2,1399.2,1399.2,1350.2,1350.2,1350.2,1350.2,1350.2,1350.2,1350.2,1350.2,1350.2,1350.2,1350.2,1350.2,1350.2,1350.2,1350.2,1350.2,1350.2,1350.2,1350.2,1350.2,1350.2,1350.2,1350.2,1350.2,1350.2,1350.2,1350.2,1350.245,1350.245,1350.245,1350.245,1350.245,1350.245,1463.902,1463.902,1463.902,1463.902,1463.902,1463.902,1463.902,1463.902,1463.902,1463.902,1463.902,1463.902,1463.902,1463.902,1463.902,1463.902,1464.223,1464.223,1464.223,1464.223,1464.223,1464.223,1464.223,1464.223,1464.223,1464.223,1464.223,1464.223,1464.223,1464.223,1464.223,1464.223,1464.223,1464.223,1464.223,1464.223,1464.223,1464.223,1464.223,1464.223,1513.837,1513.837,1513.837,1513.837,1513.837,1513.837,1513.837,1513.837,1513.837,1513.837,1513.837,1513.837,1513.837,1513.837,1513.837,1513.837,1513.837,1513.837,1513.837,1513.837
2011-04-01,,,,,,,,,,,,,,,,,,,,,,,,,,,,,,,,,,,,,,,,,,,,,,,,,,,,,,,,,,,,,,,,,,,,,,,,,,,,,,,,,,,,,,,,,,,,,,,,,,,,,,,,,,,,,,,,,,,,,,,,,,,,,,,,,,,,,,,,,,,,,,,,,,,,,,,,,,,,,,,,,,,,,,,,,,,,,,,,,,,,,,,,,,,,,,,,,,,,,,,,,,,,,,,,,,,,,,,,,,,,,,,,,,,,,,,,,,,,,,,,,,,,,,,,,,,,,,,,,,,,,,,,,,,,,,,,,,,,,,,,,,,,,,,,,,,,,,,,,,,,,,,,,,,,,,,,,,,,,,,,,,,,,,,,1466.5,1470.1,1470.1,1470.1,1470.1,1470.1,1470.1,1454.5,1454.5,1454.5,1454.5,1454.5,1454.5,1454.5,1454.5,1466.1,1466.1,1466.1,1466.1,1466.1,1466.1,1466.1,1466.1,1423.1,1423.1,1423.1,1423.1,1423.1,1423.1,1423.1,1423.1,1423.1,1423.1,1423.1,1423.1,1423.1,1423.1,1423.1,1423.1,1423.1,1423.1,1423.1,1423.1,1423.1,1423.1,1423.1,1423.1,1423.1,1423.1,1423.1,1423.145,1423.145,1423.145,1423.145,1423.145,1423.145,1528.825,1528.825,1528.825,1528.825,1528.825,1528.825,1528.825,1528.825,1528.825,1528.825,1528.825,1528.825,1528.825,1528.825,1528.825,1528.825,1529.084,1529.084,1529.084,1529.084,1529.084,1529.084,1529.084,1529.084,1529.084,1529.084,1529.084,1529.084,1529.084,1529.084,1529.084,1529.084,1529.084,1529.084,1529.084,1529.084,1529.084,1529.084,1529.084,1529.084,1580.148,1580.148,1580.148,1580.148,1580.148,1580.148,1580.148,1580.148,1580.148,1580.148,1580.148,1580.148,1580.148,1580.148,1580.148,1580.148,1580.148,1580.148,1580.148,1580.148
2011-07-01,,,,,,,,,,,,,,,,,,,,,,,,,,,,,,,,,,,,,,,,,,,,,,,,,,,,,,,,,,,,,,,,,,,,,,,,,,,,,,,,,,,,,,,,,,,,,,,,,,,,,,,,,,,,,,,,,,,,,,,,,,,,,,,,,,,,,,,,,,,,,,,,,,,,,,,,,,,,,,,,,,,,,,,,,,,,,,,,,,,,,,,,,,,,,,,,,,,,,,,,,,,,,,,,,,,,,,,,,,,,,,,,,,,,,,,,,,,,,,,,,,,,,,,,,,,,,,,,,,,,,,,,,,,,,,,,,,,,,,,,,,,,,,,,,,,,,,,,,,,,,,,,,,,,,,,,,,,,,,,,,,,,,,,,,,1506.6,1501.5,1501.5,1501.5,1501.5,1477.3,1477.3,1477.3,1477.3,1477.3,1477.3,1477.3,1477.3,1482.1,1482.1,1482.1,1482.1,1482.1,1482.1,1482.1,1482.1,1430.4,1430.4,1430.4,1430.4,1430.4,1430.4,1430.4,1430.4,1430.4,1430.4,1430.4,1430.4,1430.4,1430.4,1430.4,1430.4,1430.4,1430.4,1430.4,1430.4,1430.4,1430.4,1430.4,1430.4,1430.4,1430.4,1430.4,1430.386,1430.386,1430.386,1430.386,1430.386,1430.386,1539.108,1539.108,1539.108,1539.108,1539.108,1539.108,1539.108,1539.108,1539.108,1539.108,1539.108,1539.108,1539.108,1539.108,1539.108,1539.108,1539.465,1539.465,1539.465,1539.465,1539.465,1539.465,1539.465,1539.465,1539.465,1539.465,1539.465,1539.465,1539.465,1539.465,1539.465,1539.465,1539.465,1539.465,1539.465,1539.465,1539.465,1539.465,1539.465,1539.465,1592.155,1592.155,1592.155,1592.155,1592.155,1592.155,1592.155,1592.155,1592.155,1592.155,1592.155,1592.155,1592.155,1592.155,1592.155,1592.155,1592.155,1592.155,1592.155,1592.155
2011-10-01,,,,,,,,,,,,,,,,,,,,,,,,,,,,,,,,,,,,,,,,,,,,,,,,,,,,,,,,,,,,,,,,,,,,,,,,,,,,,,,,,,,,,,,,,,,,,,,,,,,,,,,,,,,,,,,,,,,,,,,,,,,,,,,,,,,,,,,,,,,,,,,,,,,,,,,,,,,,,,,,,,,,,,,,,,,,,,,,,,,,,,,,,,,,,,,,,,,,,,,,,,,,,,,,,,,,,,,,,,,,,,,,,,,,,,,,,,,,,,,,,,,,,,,,,,,,,,,,,,,,,,,,,,,,,,,,,,,,,,,,,,,,,,,,,,,,,,,,,,,,,,,,,,,,,,,,,,,,,,,,,,,,,,,,,,,,1493.9,1493.9,1493.9,1566.1,1566.1,1566.1,1566.1,1566.1,1566.1,1566.1,1566.1,1545.1,1545.1,1545.1,1545.1,1545.1,1545.1,1545.1,1545.1,1507.1,1507.1,1507.1,1507.1,1507.1,1507.1,1507.1,1507.1,1507.1,1507.1,1507.1,1507.1,1507.1,1507.1,1507.1,1507.1,1507.1,1507.1,1507.1,1507.1,1507.1,1507.1,1507.1,1507.1,1507.1,1507.1,1507.1,1507.073,1507.073,1507.073,1507.073,1507.073,1507.073,1616.771,1616.771,1616.771,1616.771,1616.771,1616.771,1616.771,1616.771,1616.771,1616.771,1616.771,1616.771,1616.771,1616.771,1616.771,1616.771,1617.095,1617.095,1617.095,1617.095,1617.095,1617.095,1617.095,1617.095,1617.095,1617.095,1617.095,1617.095,1617.095,1617.095,1617.095,1617.095,1617.095,1617.095,1617.095,1617.095,1617.095,1617.095,1617.095,1617.095,1671.585,1671.585,1671.585,1671.585,1671.585,1671.585,1671.585,1671.585,1671.585,1671.585,1671.585,1671.585,1671.585,1671.585,1671.585,1671.585,1671.585,1671.585,1671.585,1671.585
2012-01-01,,,,,,,,,,,,,,,,,,,,,,,,,,,,,,,,,,,,,,,,,,,,,,,,,,,,,,,,,,,,,,,,,,,,,,,,,,,,,,,,,,,,,,,,,,,,,,,,,,,,,,,,,,,,,,,,,,,,,,,,,,,,,,,,,,,,,,,,,,,,,,,,,,,,,,,,,,,,,,,,,,,,,,,,,,,,,,,,,,,,,,,,,,,,,,,,,,,,,,,,,,,,,,,,,,,,,,,,,,,,,,,,,,,,,,,,,,,,,,,,,,,,,,,,,,,,,,,,,,,,,,,,,,,,,,,,,,,,,,,,,,,,,,,,,,,,,,,,,,,,,,,,,,,,,,,,,,,,,,,,,,,,,,,,,,,,,1669.3,1644.9,1670.9,1670.9,1670.9,1670.9,1670.9,1670.9,1670.9,1670.9,1724.9,1724.9,1724.9,1724.9,1724.9,1724.9,1724.9,1724.9,1669.7,1669.7,1669.7,1669.7,1669.7,1669.7,1669.7,1669.7,1727.4,1727.4,1727.4,1727.4,1727.4,1727.4,1727.4,1727.4,1727.4,1727.4,1727.4,1727.4,1727.4,1727.4,1727.4,1727.4,1727.4,1727.4,1727.4,1727.387,1727.387,1727.387,1727.387,1727.387,1727.387,1879.805,1879.805,1879.805,1879.805,1879.805,1879.805,1879.805,1879.805,1879.805,1879.805,1879.805,1879.805,1879.805,1879.805,1879.805,1879.805,1880.022,1880.022,1880.022,1880.022,1880.022,1880.022,1880.022,1880.022,1880.022,1880.022,1880.022,1880.022,1880.022,1880.022,1880.022,1880.022,1880.022,1880.022,1880.022,1880.022,1880.022,1880.022,1880.022,1880.022,1936.487,1936.487,1936.487,1936.487,1936.487,1936.487,1936.487,1936.487,1936.487,1936.487,1936.487,1936.487,1936.487,1936.487,1936.487,1936.487,1936.487,1936.487,1936.487,1936.487
2012-04-01,,,,,,,,,,,,,,,,,,,,,,,,,,,,,,,,,,,,,,,,,,,,,,,,,,,,,,,,,,,,,,,,,,,,,,,,,,,,,,,,,,,,,,,,,,,,,,,,,,,,,,,,,,,,,,,,,,,,,,,,,,,,,,,,,,,,,,,,,,,,,,,,,,,,,,,,,,,,,,,,,,,,,,,,,,,,,,,,,,,,,,,,,,,,,,,,,,,,,,,,,,,,,,,,,,,,,,,,,,,,,,,,,,,,,,,,,,,,,,,,,,,,,,,,,,,,,,,,,,,,,,,,,,,,,,,,,,,,,,,,,,,,,,,,,,,,,,,,,,,,,,,,,,,,,,,,,,,,,,,,,,,,,,,,,,,,,,,,1648.3,1664.9,1664.9,1664.9,1664.9,1664.9,1664.9,1730.3,1730.3,1730.3,1730.3,1730.3,1730.3,1730.3,1730.3,1645.9,1645.9,1645.9,1645.9,1645.9,1645.9,1645.9,1645.9,1654.8,1654.8,1654.8,1654.8,1654.8,1654.8,1654.8,1654.8,1654.8,1654.8,1654.8,1654.8,1654.8,1654.8,1654.8,1654.8,1654.8,1654.8,1654.8,1654.792,1654.792,1654.792,1654.792,1654.792,1654.792,1801.443,1801.443,1801.443,1801.443,1801.443,1801.443,1801.443,1801.443,1801.443,1801.443,1801.443,1801.443,1801.443,1801.443,1801.443,1801.443,1801.743,1801.743,1801.743,1801.743,1801.743,1801.743,1801.743,1801.743,1801.743,1801.743,1801.743,1801.743,1801.743,1801.743,1801.743,1801.743,1801.743,1801.743,1801.743,1801.743,1801.743,1801.743,1801.743,1801.743,1860.118,1860.118,1860.118,1860.118,1860.118,1860.118,1860.118,1860.118,1860.118,1860.118,1860.118,1860.118,1860.118,1860.118,1860.118,1860.118,1860.118,1860.118,1860.118,1860.118
2012-07-01,,,,,,,,,,,,,,,,,,,,,,,,,,,,,,,,,,,,,,,,,,,,,,,,,,,,,,,,,,,,,,,,,,,,,,,,,,,,,,,,,,,,,,,,,,,,,,,,,,,,,,,,,,,,,,,,,,,,,,,,,,,,,,,,,,,,,,,,,,,,,,,,,,,,,,,,,,,,,,,,,,,,,,,,,,,,,,,,,,,,,,,,,,,,,,,,,,,,,,,,,,,,,,,,,,,,,,,,,,,,,,,,,,,,,,,,,,,,,,,,,,,,,,,,,,,,,,,,,,,,,,,,,,,,,,,,,,,,,,,,,,,,,,,,,,,,,,,,,,,,,,,,,,,,,,,,,,,,,,,,,,,,,,,,,,,,,,,,,,1752.2,1742.0,1742.0,1742.0,1742.0,1769.4,1769.4,1769.4,1769.4,1769.4,1769.4,1769.4,1769.4,1715.1,1715.1,1715.1,1715.1,1715.1,1715.1,1715.1,1715.1,1686.6,1686.6,1686.6,1686.6,1686.6,1686.6,1686.6,1686.6,1686.6,1686.6,1686.6,1686.6,1686.6,1686.6,1686.6,1686.6,1686.6,1686.6,1686.6,1686.634,1686.634,1686.634,1686.634,1686.634,1686.634,1818.046,1818.046,1818.046,1818.046,1818.046,1818.046,1818.046,1818.046,1818.046,1818.046,1818.046,1818.046,1818.046,1818.046,1818.046,1818.046,1818.331,1818.331,1818.331,1818.331,1818.331,1818.331,1818.331,1818.331,1818.331,1818.331,1818.331,1818.331,1818.331,1818.331,1818.331,1818.331,1818.331,1818.331,1818.331,1818.331,1818.331,1818.331,1818.331,1818.331,1878.552,1878.552,1878.552,1878.552,1878.552,1878.552,1878.552,1878.552,1878.552,1878.552,1878.552,1878.552,1878.552,1878.552,1878.552,1878.552,1878.552,1878.552,1878.552,1878.552
2012-10-01,,,,,,,,,,,,,,,,,,,,,,,,,,,,,,,,,,,,,,,,,,,,,,,,,,,,,,,,,,,,,,,,,,,,,,,,,,,,,,,,,,,,,,,,,,,,,,,,,,,,,,,,,,,,,,,,,,,,,,,,,,,,,,,,,,,,,,,,,,,,,,,,,,,,,,,,,,,,,,,,,,,,,,,,,,,,,,,,,,,,,,,,,,,,,,,,,,,,,,,,,,,,,,,,,,,,,,,,,,,,,,,,,,,,,,,,,,,,,,,,,,,,,,,,,,,,,,,,,,,,,,,,,,,,,,,,,,,,,,,,,,,,,,,,,,,,,,,,,,,,,,,,,,,,,,,,,,,,,,,,,,,,,,,,,,,,,,,,,,,,1773.7,1773.7,1773.7,1796.4,1796.4,1796.4,1796.4,1796.4,1796.4,1796.4,1796.4,1694.6,1694.6,1694.6,1694.6,1694.6,1694.6,1694.6,1694.6,1663.9,1663.9,1663.9,1663.9,1663.9,1663.9,1663.9,1663.9,1663.9,1663.9,1663.9,1663.9,1663.9,1663.9,1663.9,1663.9,1663.9,1663.9,1663.9,1663.949,1663.949,1663.949,1663.949,1663.949,1663.949,1785.647,1785.647,1785.647,1785.647,1785.647,1785.647,1785.647,1785.647,1785.647,1785.647,1785.647,1785.647,1785.647,1785.647,1785.647,1785.647,1785.961,1785.961,1785.961,1785.961,1785.961,1785.961,1785.961,1785.961,1785.961,1785.961,1785.961,1785.961,1785.961,1785.961,1785.961,1785.961,1785.961,1785.961,1785.961,1785.961,1785.961,1785.961,1785.961,1785.961,1847.96,1847.96,1847.96,1847.96,1847.96,1847.96,1847.96,1847.96,1847.96,1847.96,1847.96,1847.96,1847.96,1847.96,1847.96,1847.96,1847.96,1847.96,1847.96,1847.96
2013-01-01,,,,,,,,,,,,,,,,,,,,,,,,,,,,,,,,,,,,,,,,,,,,,,,,,,,,,,,,,,,,,,,,,,,,,,,,,,,,,,,,,,,,,,,,,,,,,,,,,,,,,,,,,,,,,,,,,,,,,,,,,,,,,,,,,,,,,,,,,,,,,,,,,,,,,,,,,,,,,,,,,,,,,,,,,,,,,,,,,,,,,,,,,,,,,,,,,,,,,,,,,,,,,,,,,,,,,,,,,,,,,,,,,,,,,,,,,,,,,,,,,,,,,,,,,,,,,,,,,,,,,,,,,,,,,,,,,,,,,,,,,,,,,,,,,,,,,,,,,,,,,,,,,,,,,,,,,,,,,,,,,,,,,,,,,,,,,,,,,,,,,1737.6,1749.5,1784.8,1784.8,1784.8,1784.8,1784.8,1784.8,1784.8,1784.8,1694.1,1694.1,1694.1,1694.1,1694.1,1694.1,1694.1,1694.1,1681.7,1681.7,1681.7,1681.7,1681.7,1681.7,1681.7,1681.7,1679.5,1679.5,1679.5,1679.5,1679.5,1679.5,1679.5,1679.5,1679.5,1679.5,1679.5,1679.486,1679.486,1679.486,1679.486,1679.486,1679.486,1766.297,1766.297,1766.297,1766.297,1766.297,1766.297,1766.297,1766.297,1766.297,1766.297,1766.297,1766.297,1766.297,1766.297,1766.297,1766.297,1766.372,1766.372,1766.372,1766.372,1766.372,1766.372,1766.372,1766.372,1766.372,1766.372,1766.372,1766.372,1766.372,1766.372,1766.372,1766.372,1766.372,1766.372,1766.372,1766.372,1766.372,1766.372,1766.372,1766.372,1831.269,1831.269,1831.269,1831.269,1831.269,1831.269,1831.269,1831.269,1831.269,1831.269,1831.269,1831.269,1831.269,1831.269,1831.269,1831.269,1831.269,1831.269,1831.269,1831.269
2013-04-01,,,,,,,,,,,,,,,,,,,,,,,,,,,,,,,,,,,,,,,,,,,,,,,,,,,,,,,,,,,,,,,,,,,,,,,,,,,,,,,,,,,,,,,,,,,,,,,,,,,,,,,,,,,,,,,,,,,,,,,,,,,,,,,,,,,,,,,,,,,,,,,,,,,,,,,,,,,,,,,,,,,,,,,,,,,,,,,,,,,,,,,,,,,,,,,,,,,,,,,,,,,,,,,,,,,,,,,,,,,,,,,,,,,,,,,,,,,,,,,,,,,,,,,,,,,,,,,,,,,,,,,,,,,,,,,,,,,,,,,,,,,,,,,,,,,,,,,,,,,,,,,,,,,,,,,,,,,,,,,,,,,,,,,,,,,,,,,,,,,,,,,,1830.4,1821.4,1821.4,1821.4,1821.4,1821.4,1821.4,1760.7,1760.7,1760.7,1760.7,1760.7,1760.7,1760.7,1760.7,1688.2,1688.2,1688.2,1688.2,1688.2,1688.2,1688.2,1688.2,1658.1,1658.1,1658.1,1658.1,1658.1,1658.1,1658.1,1658.1,1658.1,1658.1,1658.1,1658.148,1658.148,1658.148,1658.148,1658.148,1658.148,1757.428,1757.428,1757.428,1757.428,1757.428,1757.428,1757.428,1757.428,1757.428,1757.428,1757.428,1757.428,1757.428,1757.428,1757.428,1757.428,1757.557,1757.557,1757.557,1757.557,1757.557,1757.557,1757.557,1757.557,1757.557,1757.557,1757.557,1757.557,1757.557,1757.557,1757.557,1757.557,1757.557,1757.557,1757.557,1757.557,1757.557,1757.557,1757.557,1757.557,1823.848,1823.848,1823.848,1823.848,1823.848,1823.848,1823.848,1823.848,1823.848,1823.848,1823.848,1823.848,1823.848,1823.848,1823.848,1823.848,1823.848,1823.848,1823.848,1823.848
2013-07-01,,,,,,,,,,,,,,,,,,,,,,,,,,,,,,,,,,,,,,,,,,,,,,,,,,,,,,,,,,,,,,,,,,,,,,,,,,,,,,,,,,,,,,,,,,,,,,,,,,,,,,,,,,,,,,,,,,,,,,,,,,,,,,,,,,,,,,,,,,,,,,,,,,,,,,,,,,,,,,,,,,,,,,,,,,,,,,,,,,,,,,,,,,,,,,,,,,,,,,,,,,,,,,,,,,,,,,,,,,,,,,,,,,,,,,,,,,,,,,,,,,,,,,,,,,,,,,,,,,,,,,,,,,,,,,,,,,,,,,,,,,,,,,,,,,,,,,,,,,,,,,,,,,,,,,,,,,,,,,,,,,,,,,,,,,,,,,,,,,,,,,,,,,1871.7,1868.7,1868.7,1868.7,1868.7,1803.4,1803.4,1803.4,1803.4,1803.4,1803.4,1803.4,1803.4,1687.9,1687.9,1687.9,1687.9,1687.9,1687.9,1687.9,1687.9,1685.6,1685.6,1685.6,1685.6,1685.6,1685.6,1685.6,1685.6,1685.6,1685.6,1685.6,1685.601,1685.601,1685.601,1685.601,1685.601,1685.601,1792.607,1792.607,1792.607,1792.607,1792.607,1792.607,1792.607,1792.607,1792.607,1792.607,1792.607,1792.607,1792.607,1792.607,1792.607,1792.607,1792.757,1792.757,1792.757,1792.757,1792.757,1792.757,1792.757,1792.757,1792.757,1792.757,1792.757,1792.757,1792.757,1792.757,1792.757,1792.757,1792.757,1792.757,1792.757,1792.757,1792.757,1792.757,1792.757,1792.757,1862.618,1862.618,1862.618,1862.618,1862.618,1862.618,1862.618,1862.618,1862.618,1862.618,1862.618,1862.618,1862.618,1862.618,1862.618,1862.618,1862.618,1862.618,1862.618,1862.618
2013-10-01,,,,,,,,,,,,,,,,,,,,,,,,,,,,,,,,,,,,,,,,,,,,,,,,,,,,,,,,,,,,,,,,,,,,,,,,,,,,,,,,,,,,,,,,,,,,,,,,,,,,,,,,,,,,,,,,,,,,,,,,,,,,,,,,,,,,,,,,,,,,,,,,,,,,,,,,,,,,,,,,,,,,,,,,,,,,,,,,,,,,,,,,,,,,,,,,,,,,,,,,,,,,,,,,,,,,,,,,,,,,,,,,,,,,,,,,,,,,,,,,,,,,,,,,,,,,,,,,,,,,,,,,,,,,,,,,,,,,,,,,,,,,,,,,,,,,,,,,,,,,,,,,,,,,,,,,,,,,,,,,,,,,,,,,,,,,,,,,,,,,,,,,,,,,1904.5,1904.5,1904.5,1786.1,1786.1,1786.1,1786.1,1786.1,1786.1,1786.1,1786.1,1713.2,1713.2,1713.2,1713.2,1713.2,1713.2,1713.2,1713.2,1730.3,1730.3,1730.3,1730.3,1730.3,1730.3,1730.3,1730.3,1730.3,1730.3,1730.3,1730.336,1730.336,1730.336,1730.336,1730.336,1730.336,1838.624,1838.624,1838.624,1838.624,1838.624,1838.624,1838.624,1838.624,1838.624,1838.624,1838.624,1838.624,1838.624,1838.624,1838.624,1838.624,1838.838,1838.838,1838.838,1838.838,1838.838,1838.838,1838.838,1838.838,1838.838,1838.838,1838.838,1838.838,1838.838,1838.838,1838.838,1838.838,1838.838,1838.838,1838.838,1838.838,1838.838,1838.838,1838.838,1838.838,1913.254,1913.254,1913.254,1913.254,1913.254,1913.254,1913.254,1913.254,1913.254,1913.254,1913.254,1913.254,1913.254,1913.254,1913.254,1913.254,1913.254,1913.254,1913.254,1913.254
2014-01-01,,,,,,,,,,,,,,,,,,,,,,,,,,,,,,,,,,,,,,,,,,,,,,,,,,,,,,,,,,,,,,,,,,,,,,,,,,,,,,,,,,,,,,,,,,,,,,,,,,,,,,,,,,,,,,,,,,,,,,,,,,,,,,,,,,,,,,,,,,,,,,,,,,,,,,,,,,,,,,,,,,,,,,,,,,,,,,,,,,,,,,,,,,,,,,,,,,,,,,,,,,,,,,,,,,,,,,,,,,,,,,,,,,,,,,,,,,,,,,,,,,,,,,,,,,,,,,,,,,,,,,,,,,,,,,,,,,,,,,,,,,,,,,,,,,,,,,,,,,,,,,,,,,,,,,,,,,,,,,,,,,,,,,,,,,,,,,,,,,,,,,,,,,,,,1879.7,1906.8,1734.9,1734.9,1734.9,1734.9,1734.9,1734.9,1734.9,1734.9,1613.9,1613.9,1613.9,1613.9,1613.9,1613.9,1613.9,1613.9,1657.8,1657.8,1657.8,1657.8,1657.8,1657.8,1657.8,1657.8,1650.5,1650.5,1650.5,1650.459,1650.459,1650.459,1650.459,1650.459,1650.459,1766.951,1766.951,1766.951,1766.951,1766.951,1766.951,1766.951,1766.951,1767.652,1767.652,1767.652,1767.652,1767.652,1767.652,1767.652,1767.652,1767.596,1767.596,1767.596,1767.596,1767.596,1767.596,1767.596,1767.596,1767.596,1767.596,1767.596,1767.596,1767.596,1767.596,1767.596,1767.596,1767.596,1767.596,1767.596,1767.596,1767.596,1767.596,1767.596,1767.596,1848.159,1848.159,1848.159,1848.159,1848.159,1848.159,1848.159,1848.159,1848.159,1848.159,1848.159,1848.159,1848.159,1848.159,1848.159,1848.159,1848.159,1848.159,1848.159,1848.159
2014-04-01,,,,,,,,,,,,,,,,,,,,,,,,,,,,,,,,,,,,,,,,,,,,,,,,,,,,,,,,,,,,,,,,,,,,,,,,,,,,,,,,,,,,,,,,,,,,,,,,,,,,,,,,,,,,,,,,,,,,,,,,,,,,,,,,,,,,,,,,,,,,,,,,,,,,,,,,,,,,,,,,,,,,,,,,,,,,,,,,,,,,,,,,,,,,,,,,,,,,,,,,,,,,,,,,,,,,,,,,,,,,,,,,,,,,,,,,,,,,,,,,,,,,,,,,,,,,,,,,,,,,,,,,,,,,,,,,,,,,,,,,,,,,,,,,,,,,,,,,,,,,,,,,,,,,,,,,,,,,,,,,,,,,,,,,,,,,,,,,,,,,,,,,,,,,,,,,1839.8,1842.2,1842.2,1842.2,1842.2,1842.2,1842.2,1700.2,1700.2,1700.2,1700.2,1700.2,1700.2,1700.2,1700.2,1733.3,1733.3,1733.3,1733.3,1733.3,1733.3,1733.3,1733.3,1736.5,1736.5,1736.5,1736.517,1736.517,1736.517,1736.517,1736.517,1736.517,1864.286,1864.286,1864.286,1864.286,1864.286,1864.286,1864.286,1864.286,1865.113,1865.113,1865.113,1865.113,1865.113,1865.113,1865.113,1865.113,1865.14,1865.14,1865.14,1865.14,1865.14,1865.14,1865.14,1865.14,1865.14,1865.14,1865.14,1865.14,1865.14,1865.14,1865.14,1865.14,1865.14,1865.14,1865.14,1865.14,1865.14,1865.14,1865.14,1865.14,1952.58,1952.58,1952.58,1952.58,1952.58,1952.58,1952.58,1952.58,1952.58,1952.58,1952.58,1952.58,1952.58,1952.58,1952.58,1952.58,1952.58,1952.58,1952.58,1952.58
2014-07-01,,,,,,,,,,,,,,,,,,,,,,,,,,,,,,,,,,,,,,,,,,,,,,,,,,,,,,,,,,,,,,,,,,,,,,,,,,,,,,,,,,,,,,,,,,,,,,,,,,,,,,,,,,,,,,,,,,,,,,,,,,,,,,,,,,,,,,,,,,,,,,,,,,,,,,,,,,,,,,,,,,,,,,,,,,,,,,,,,,,,,,,,,,,,,,,,,,,,,,,,,,,,,,,,,,,,,,,,,,,,,,,,,,,,,,,,,,,,,,,,,,,,,,,,,,,,,,,,,,,,,,,,,,,,,,,,,,,,,,,,,,,,,,,,,,,,,,,,,,,,,,,,,,,,,,,,,,,,,,,,,,,,,,,,,,,,,,,,,,,,,,,,,,,,,,,,,,1872.7,1894.6,1894.6,1894.6,1894.6,1761.1,1761.1,1761.1,1761.1,1761.1,1761.1,1761.1,1761.1,1758.0,1758.0,1758.0,1758.0,1758.0,1758.0,1758.0,1758.0,1786.2,1786.2,1786.2,1786.215,1786.215,1786.215,1786.215,1786.215,1786.215,1919.785,1919.785,1919.785,1919.785,1919.785,1919.785,1919.785,1919.785,1917.382,1917.382,1917.382,1917.382,1917.382,1917.382,1917.382,1917.382,1917.769,1917.769,1917.769,1917.769,1917.769,1917.769,1917.769,1917.769,1917.769,1917.769,1917.769,1917.769,1917.769,1917.769,1917.769,1917.769,1917.769,1917.769,1917.769,1917.769,1917.769,1917.769,1917.769,1917.769,2011.03,2011.03,2011.03,2011.03,2011.03,2011.03,2011.03,2011.03,2011.03,2011.03,2011.03,2011.03,2011.03,2011.03,2011.03,2011.03,2011.03,2011.03,2011.03,2011.03
2014-10-01,,,,,,,,,,,,,,,,,,,,,,,,,,,,,,,,,,,,,,,,,,,,,,,,,,,,,,,,,,,,,,,,,,,,,,,,,,,,,,,,,,,,,,,,,,,,,,,,,,,,,,,,,,,,,,,,,,,,,,,,,,,,,,,,,,,,,,,,,,,,,,,,,,,,,,,,,,,,,,,,,,,,,,,,,,,,,,,,,,,,,,,,,,,,,,,,,,,,,,,,,,,,,,,,,,,,,,,,,,,,,,,,,,,,,,,,,,,,,,,,,,,,,,,,,,,,,,,,,,,,,,,,,,,,,,,,,,,,,,,,,,,,,,,,,,,,,,,,,,,,,,,,,,,,,,,,,,,,,,,,,,,,,,,,,,,,,,,,,,,,,,,,,,,,,,,,,,,,1837.5,1837.5,1837.5,1700.5,1700.5,1700.5,1700.5,1700.5,1700.5,1700.5,1700.5,1771.5,1771.5,1771.5,1771.5,1771.5,1771.5,1771.5,1771.5,1801.8,1801.8,1801.8,1801.848,1801.848,1801.848,1801.848,1801.848,1801.848,1869.669,1869.669,1869.669,1869.669,1869.669,1869.669,1869.669,1869.669,1878.508,1878.508,1878.508,1878.508,1878.508,1878.508,1878.508,1878.508,1879.109,1879.109,1879.109,1879.109,1879.109,1879.109,1879.109,1879.109,1879.109,1879.109,1879.109,1879.109,1879.109,1879.109,1879.109,1879.109,1879.109,1879.109,1879.109,1879.109,1879.109,1879.109,1879.109,1879.109,1977.683,1977.683,1977.683,1977.683,1977.683,1977.683,1977.683,1977.683,1977.683,1977.683,1977.683,1977.683,1977.683,1977.683,1977.683,1977.683,1977.683,1977.683,1977.683,1977.683
2015-01-01,,,,,,,,,,,,,,,,,,,,,,,,,,,,,,,,,,,,,,,,,,,,,,,,,,,,,,,,,,,,,,,,,,,,,,,,,,,,,,,,,,,,,,,,,,,,,,,,,,,,,,,,,,,,,,,,,,,,,,,,,,,,,,,,,,,,,,,,,,,,,,,,,,,,,,,,,,,,,,,,,,,,,,,,,,,,,,,,,,,,,,,,,,,,,,,,,,,,,,,,,,,,,,,,,,,,,,,,,,,,,,,,,,,,,,,,,,,,,,,,,,,,,,,,,,,,,,,,,,,,,,,,,,,,,,,,,,,,,,,,,,,,,,,,,,,,,,,,,,,,,,,,,,,,,,,,,,,,,,,,,,,,,,,,,,,,,,,,,,,,,,,,,,,,,,,,,,,,,1893.8,1891.2,1734.5,1734.5,1734.5,1734.5,1734.5,1734.5,1734.5,1734.5,1636.7,1636.7,1636.7,1636.7,1636.7,1636.7,1636.7,1636.7,1679.4,1679.4,1679.4,1679.364,1679.364,1679.364,1679.364,1679.364,1679.364,1776.529,1776.529,1776.529,1776.529,1776.529,1776.529,1776.529,1776.529,1777.9,1777.9,1777.9,1777.9,1777.9,1777.9,1777.9,1777.9,1770.989,1770.989,1770.989,1770.989,1770.989,1770.989,1770.989,1770.989,1770.989,1770.989,1770.989,1770.989,1770.989,1770.989,1770.989,1770.989,1770.989,1770.989,1770.989,1770.989,1770.989,1770.989,1770.989,1770.989,1877.034,1877.034,1877.034,1877.034,1877.034,1877.034,1877.034,1877.034,1877.034,1877.034,1877.034,1877.034,1877.034,1877.034,1877.034,1877.034,1877.034,1877.034,1877.034,1877.034
2015-04-01,,,,,,,,,,,,,,,,,,,,,,,,,,,,,,,,,,,,,,,,,,,,,,,,,,,,,,,,,,,,,,,,,,,,,,,,,,,,,,,,,,,,,,,,,,,,,,,,,,,,,,,,,,,,,,,,,,,,,,,,,,,,,,,,,,,,,,,,,,,,,,,,,,,,,,,,,,,,,,,,,,,,,,,,,,,,,,,,,,,,,,,,,,,,,,,,,,,,,,,,,,,,,,,,,,,,,,,,,,,,,,,,,,,,,,,,,,,,,,,,,,,,,,,,,,,,,,,,,,,,,,,,,,,,,,,,,,,,,,,,,,,,,,,,,,,,,,,,,,,,,,,,,,,,,,,,,,,,,,,,,,,,,,,,,,,,,,,,,,,,,,,,,,,,,,,,,,,,,,,,1823.7,1844.6,1844.6,1844.6,1844.6,1844.6,1844.6,1664.3,1664.3,1664.3,1664.3,1664.3,1664.3,1664.3,1664.3,1744.2,1744.2,1744.2,1744.157,1744.157,1744.157,1744.157,1744.157,1744.157,1800.917,1800.917,1800.917,1800.917,1800.917,1800.917,1800.917,1800.917,1798.923,1798.923,1798.923,1798.923,1798.923,1798.923,1798.923,1798.923,1789.321,1789.321,1789.321,1789.321,1789.321,1789.321,1789.321,1789.321,1789.321,1789.321,1789.321,1789.321,1789.321,1789.321,1789.321,1789.321,1789.321,1789.321,1789.321,1789.321,1789.321,1789.321,1789.321,1789.321,1898.93,1898.93,1898.93,1898.93,1898.93,1898.93,1898.93,1898.93,1898.93,1898.93,1898.93,1898.93,1898.93,1898.93,1898.93,1898.93,1898.93,1898.93,1898.93,1898.93
2015-07-01,,,,,,,,,,,,,,,,,,,,,,,,,,,,,,,,,,,,,,,,,,,,,,,,,,,,,,,,,,,,,,,,,,,,,,,,,,,,,,,,,,,,,,,,,,,,,,,,,,,,,,,,,,,,,,,,,,,,,,,,,,,,,,,,,,,,,,,,,,,,,,,,,,,,,,,,,,,,,,,,,,,,,,,,,,,,,,,,,,,,,,,,,,,,,,,,,,,,,,,,,,,,,,,,,,,,,,,,,,,,,,,,,,,,,,,,,,,,,,,,,,,,,,,,,,,,,,,,,,,,,,,,,,,,,,,,,,,,,,,,,,,,,,,,,,,,,,,,,,,,,,,,,,,,,,,,,,,,,,,,,,,,,,,,,,,,,,,,,,,,,,,,,,,,,,,,,,,,,,,,,,1785.8,1783.8,1783.8,1783.8,1783.8,1610.8,1610.8,1610.8,1610.8,1610.8,1610.8,1610.8,1610.8,1686.1,1686.1,1686.1,1686.102,1686.102,1686.102,1686.102,1686.102,1686.102,1738.165,1738.165,1738.165,1738.165,1738.165,1738.165,1738.165,1738.165,1742.649,1742.649,1742.649,1742.649,1742.649,1742.649,1742.649,1742.649,1732.347,1732.347,1732.347,1732.347,1732.347,1732.347,1732.347,1732.347,1732.347,1732.347,1732.347,1732.347,1732.347,1732.347,1732.347,1732.347,1732.347,1732.347,1732.347,1732.347,1732.347,1732.347,1732.347,1732.347,1842.986,1842.986,1842.986,1842.986,1842.986,1842.986,1842.986,1842.986,1842.986,1842.986,1842.986,1842.986,1842.986,1842.986,1842.986,1842.986,1842.986,1842.986,1842.986,1842.986
2015-10-01,,,,,,,,,,,,,,,,,,,,,,,,,,,,,,,,,,,,,,,,,,,,,,,,,,,,,,,,,,,,,,,,,,,,,,,,,,,,,,,,,,,,,,,,,,,,,,,,,,,,,,,,,,,,,,,,,,,,,,,,,,,,,,,,,,,,,,,,,,,,,,,,,,,,,,,,,,,,,,,,,,,,,,,,,,,,,,,,,,,,,,,,,,,,,,,,,,,,,,,,,,,,,,,,,,,,,,,,,,,,,,,,,,,,,,,,,,,,,,,,,,,,,,,,,,,,,,,,,,,,,,,,,,,,,,,,,,,,,,,,,,,,,,,,,,,,,,,,,,,,,,,,,,,,,,,,,,,,,,,,,,,,,,,,,,,,,,,,,,,,,,,,,,,,,,,,,,,,,,,,,,,,1639.6,1639.6,1639.6,1423.4,1423.4,1423.4,1423.4,1423.4,1423.4,1423.4,1423.4,1494.9,1494.9,1494.9,1494.904,1494.904,1494.904,1494.904,1494.904,1494.904,1632.306,1632.306,1632.306,1632.306,1632.306,1632.306,1632.306,1632.306,1641.922,1641.922,1641.922,1641.922,1641.922,1641.922,1641.922,1641.922,1635.297,1635.297,1635.297,1635.297,1635.297,1635.297,1635.297,1635.297,1635.297,1635.297,1635.297,1635.297,1635.297,1635.297,1635.297,1635.297,1635.297,1635.297,1635.297,1635.297,1635.297,1635.297,1635.297,1635.297,1746.728,1746.728,1746.728,1746.728,1746.728,1746.728,1746.728,1746.728,1746.728,1746.728,1746.728,1746.728,1746.728,1746.728,1746.728,1746.728,1746.728,1746.728,1746.728,1746.728
2016-01-01,,,,,,,,,,,,,,,,,,,,,,,,,,,,,,,,,,,,,,,,,,,,,,,,,,,,,,,,,,,,,,,,,,,,,,,,,,,,,,,,,,,,,,,,,,,,,,,,,,,,,,,,,,,,,,,,,,,,,,,,,,,,,,,,,,,,,,,,,,,,,,,,,,,,,,,,,,,,,,,,,,,,,,,,,,,,,,,,,,,,,,,,,,,,,,,,,,,,,,,,,,,,,,,,,,,,,,,,,,,,,,,,,,,,,,,,,,,,,,,,,,,,,,,,,,,,,,,,,,,,,,,,,,,,,,,,,,,,,,,,,,,,,,,,,,,,,,,,,,,,,,,,,,,,,,,,,,,,,,,,,,,,,,,,,,,,,,,,,,,,,,,,,,,,,,,,,,,,,,,,,,,,,1671.4,1694.5,1550.5,1550.5,1550.5,1550.5,1550.5,1550.5,1550.5,1550.5,1619.6,1619.6,1619.6,1619.64,1619.64,1619.64,1619.64,1619.64,1619.64,1653.371,1653.371,1653.371,1653.371,1653.371,1653.371,1653.371,1653.371,1687.673,1687.673,1687.673,1687.673,1687.673,1687.673,1687.673,1687.673,1693.864,1693.864,1693.864,1693.864,1693.864,1693.864,1693.864,1693.864,1696.75,1696.75,1696.75,1696.75,1696.75,1696.75,1696.75,1696.75,1696.75,1696.75,1696.75,1696.75,1696.75,1696.75,1696.75,1696.75,1805.898,1805.898,1805.898,1805.898,1805.898,1805.898,1805.898,1805.898,1805.898,1805.898,1805.898,1805.898,1805.898,1805.898,1805.898,1805.898,1805.898,1805.898,1805.898,1805.898
2016-04-01,,,,,,,,,,,,,,,,,,,,,,,,,,,,,,,,,,,,,,,,,,,,,,,,,,,,,,,,,,,,,,,,,,,,,,,,,,,,,,,,,,,,,,,,,,,,,,,,,,,,,,,,,,,,,,,,,,,,,,,,,,,,,,,,,,,,,,,,,,,,,,,,,,,,,,,,,,,,,,,,,,,,,,,,,,,,,,,,,,,,,,,,,,,,,,,,,,,,,,,,,,,,,,,,,,,,,,,,,,,,,,,,,,,,,,,,,,,,,,,,,,,,,,,,,,,,,,,,,,,,,,,,,,,,,,,,,,,,,,,,,,,,,,,,,,,,,,,,,,,,,,,,,,,,,,,,,,,,,,,,,,,,,,,,,,,,,,,,,,,,,,,,,,,,,,,,,,,,,,,,,,,,,,,,1626.9,1636.7,1636.7,1636.7,1636.7,1636.7,1636.7,1652.1,1652.1,1652.1,1652.132,1652.132,1652.132,1652.132,1652.132,1652.132,1761.241,1761.241,1761.241,1761.241,1761.241,1761.241,1761.241,1761.241,1759.371,1759.371,1759.371,1759.371,1759.371,1759.371,1759.371,1759.371,1752.403,1752.403,1752.403,1752.403,1752.403,1752.403,1752.403,1752.403,1758.389,1758.389,1758.389,1758.389,1758.389,1758.389,1758.389,1758.389,1758.389,1758.389,1758.389,1758.389,1758.389,1758.389,1758.389,1758.389,1865.417,1865.417,1865.417,1865.417,1865.417,1865.417,1865.417,1865.417,1865.417,1865.417,1865.417,1865.417,1865.417,1865.417,1865.417,1865.417,1865.417,1865.417,1865.417,1865.417
2016-07-01,,,,,,,,,,,,,,,,,,,,,,,,,,,,,,,,,,,,,,,,,,,,,,,,,,,,,,,,,,,,,,,,,,,,,,,,,,,,,,,,,,,,,,,,,,,,,,,,,,,,,,,,,,,,,,,,,,,,,,,,,,,,,,,,,,,,,,,,,,,,,,,,,,,,,,,,,,,,,,,,,,,,,,,,,,,,,,,,,,,,,,,,,,,,,,,,,,,,,,,,,,,,,,,,,,,,,,,,,,,,,,,,,,,,,,,,,,,,,,,,,,,,,,,,,,,,,,,,,,,,,,,,,,,,,,,,,,,,,,,,,,,,,,,,,,,,,,,,,,,,,,,,,,,,,,,,,,,,,,,,,,,,,,,,,,,,,,,,,,,,,,,,,,,,,,,,,,,,,,,,,,,,,,,,,,1693.9,1679.4,1679.4,1679.4,1679.4,1692.4,1692.4,1692.4,1692.443,1692.443,1692.443,1692.443,1692.443,1692.443,1724.557,1724.557,1724.557,1724.557,1724.557,1724.557,1724.557,1724.557,1727.576,1727.576,1727.576,1727.576,1727.576,1727.576,1727.576,1727.576,1743.196,1743.196,1743.196,1743.196,1743.196,1743.196,1743.196,1743.196,1753.676,1753.676,1753.676,1753.676,1753.676,1753.676,1753.676,1753.676,1753.676,1753.676,1753.676,1753.676,1753.676,1753.676,1753.676,1753.676,1857.546,1857.546,1857.546,1857.546,1857.546,1857.546,1857.546,1857.546,1857.546,1857.546,1857.546,1857.546,1857.546,1857.546,1857.546,1857.546,1857.546,1857.546,1857.546,1857.546
2016-10-01,,,,,,,,,,,,,,,,,,,,,,,,,,,,,,,,,,,,,,,,,,,,,,,,,,,,,,,,,,,,,,,,,,,,,,,,,,,,,,,,,,,,,,,,,,,,,,,,,,,,,,,,,,,,,,,,,,,,,,,,,,,,,,,,,,,,,,,,,,,,,,,,,,,,,,,,,,,,,,,,,,,,,,,,,,,,,,,,,,,,,,,,,,,,,,,,,,,,,,,,,,,,,,,,,,,,,,,,,,,,,,,,,,,,,,,,,,,,,,,,,,,,,,,,,,,,,,,,,,,,,,,,,,,,,,,,,,,,,,,,,,,,,,,,,,,,,,,,,,,,,,,,,,,,,,,,,,,,,,,,,,,,,,,,,,,,,,,,,,,,,,,,,,,,,,,,,,,,,,,,,,,,,,,,,,,,1741.2,1741.2,1741.2,1787.4,1787.4,1787.4,1787.386,1787.386,1787.386,1787.386,1787.386,1787.386,1808.246,1808.246,1808.246,1808.246,1808.246,1808.246,1808.246,1808.246,1784.732,1784.732,1784.732,1784.732,1784.732,1784.732,1784.732,1784.732,1805.959,1805.959,1805.959,1805.959,1805.959,1805.959,1805.959,1805.959,1823.484,1823.484,1823.484,1823.484,1823.484,1823.484,1823.484,1823.484,1823.484,1823.484,1823.484,1823.484,1823.484,1823.484,1823.484,1823.484,1926.839,1926.839,1926.839,1926.839,1926.839,1926.839,1926.839,1926.839,1926.839,1926.839,1926.839,1926.839,1926.839,1926.839,1926.839,1926.839,1926.839,1926.839,1926.839,1926.839
2017-01-01,,,,,,,,,,,,,,,,,,,,,,,,,,,,,,,,,,,,,,,,,,,,,,,,,,,,,,,,,,,,,,,,,,,,,,,,,,,,,,,,,,,,,,,,,,,,,,,,,,,,,,,,,,,,,,,,,,,,,,,,,,,,,,,,,,,,,,,,,,,,,,,,,,,,,,,,,,,,,,,,,,,,,,,,,,,,,,,,,,,,,,,,,,,,,,,,,,,,,,,,,,,,,,,,,,,,,,,,,,,,,,,,,,,,,,,,,,,,,,,,,,,,,,,,,,,,,,,,,,,,,,,,,,,,,,,,,,,,,,,,,,,,,,,,,,,,,,,,,,,,,,,,,,,,,,,,,,,,,,,,,,,,,,,,,,,,,,,,,,,,,,,,,,,,,,,,,,,,,,,,,,,,,,,,,,,,,1735.8,1729.2,1810.5,1810.5,1810.5,1810.509,1810.509,1810.509,1810.509,1810.509,1810.509,1863.767,1863.767,1863.767,1863.767,1863.767,1863.767,1863.767,1863.767,1865.085,1865.085,1865.085,1865.085,1865.085,1865.085,1865.085,1865.085,1899.067,1899.067,1899.067,1899.067,1899.067,1899.067,1899.067,1899.067,1911.243,1911.243,1911.243,1911.243,1911.243,1911.243,1911.243,1911.243,1911.243,1932.265,1932.265,1932.265,1932.265,1932.265,1932.265,1932.265,2045.666,2045.666,2045.666,2045.666,2045.666,2045.666,2045.666,2045.666,2045.666,2045.666,2045.666,2045.666,2045.666,2045.666,2045.666,2045.666,2045.666,2045.666,2045.666,2045.666
2017-04-01,,,,,,,,,,,,,,,,,,,,,,,,,,,,,,,,,,,,,,,,,,,,,,,,,,,,,,,,,,,,,,,,,,,,,,,,,,,,,,,,,,,,,,,,,,,,,,,,,,,,,,,,,,,,,,,,,,,,,,,,,,,,,,,,,,,,,,,,,,,,,,,,,,,,,,,,,,,,,,,,,,,,,,,,,,,,,,,,,,,,,,,,,,,,,,,,,,,,,,,,,,,,,,,,,,,,,,,,,,,,,,,,,,,,,,,,,,,,,,,,,,,,,,,,,,,,,,,,,,,,,,,,,,,,,,,,,,,,,,,,,,,,,,,,,,,,,,,,,,,,,,,,,,,,,,,,,,,,,,,,,,,,,,,,,,,,,,,,,,,,,,,,,,,,,,,,,,,,,,,,,,,,,,,,,,,,,,,,1785.9,1774.7,1774.729,1774.729,1774.729,1774.729,1774.729,1774.729,1844.588,1844.588,1844.588,1844.588,1844.588,1844.588,1844.588,1844.588,1854.761,1854.761,1854.761,1854.761,1854.761,1854.761,1854.761,1854.761,1885.436,1885.436,1885.436,1885.436,1885.436,1885.436,1885.436,1885.436,1895.574,1895.574,1895.574,1895.574,1895.574,1895.574,1895.574,1895.574,1895.574,1912.702,1912.702,1912.702,1912.702,1912.702,1912.702,1912.702,2019.85,2019.85,2019.85,2019.85,2019.85,2019.85,2019.85,2019.85,2019.85,2019.85,2019.85,2019.85,2019.85,2019.85,2019.85,2019.85,2019.85,2019.85,2019.85,2019.85
2017-07-01,,,,,,,,,,,,,,,,,,,,,,,,,,,,,,,,,,,,,,,,,,,,,,,,,,,,,,,,,,,,,,,,,,,,,,,,,,,,,,,,,,,,,,,,,,,,,,,,,,,,,,,,,,,,,,,,,,,,,,,,,,,,,,,,,,,,,,,,,,,,,,,,,,,,,,,,,,,,,,,,,,,,,,,,,,,,,,,,,,,,,,,,,,,,,,,,,,,,,,,,,,,,,,,,,,,,,,,,,,,,,,,,,,,,,,,,,,,,,,,,,,,,,,,,,,,,,,,,,,,,,,,,,,,,,,,,,,,,,,,,,,,,,,,,,,,,,,,,,,,,,,,,,,,,,,,,,,,,,,,,,,,,,,,,,,,,,,,,,,,,,,,,,,,,,,,,,,,,,,,,,,,,,,,,,,,,,,,,,,,1861.357,1858.388,1858.388,1858.388,1858.388,1865.493,1865.493,1865.493,1865.493,1865.493,1865.493,1865.493,1865.493,1869.34,1869.34,1869.34,1869.34,1869.34,1869.34,1869.34,1869.34,1934.366,1934.366,1934.366,1934.366,1934.366,1934.366,1934.366,1934.366,1948.142,1948.142,1948.142,1948.142,1948.142,1948.142,1948.142,1948.142,1948.142,1964.901,1964.901,1964.901,1964.901,1964.901,1964.901,1964.901,2061.502,2061.502,2061.502,2061.502,2061.502,2061.502,2061.502,2061.502,2061.502,2061.502,2061.502,2061.502,2061.502,2061.502,2061.502,2061.502,2061.502,2061.502,2061.502,2061.502
2017-10-01,,,,,,,,,,,,,,,,,,,,,,,,,,,,,,,,,,,,,,,,,,,,,,,,,,,,,,,,,,,,,,,,,,,,,,,,,,,,,,,,,,,,,,,,,,,,,,,,,,,,,,,,,,,,,,,,,,,,,,,,,,,,,,,,,,,,,,,,,,,,,,,,,,,,,,,,,,,,,,,,,,,,,,,,,,,,,,,,,,,,,,,,,,,,,,,,,,,,,,,,,,,,,,,,,,,,,,,,,,,,,,,,,,,,,,,,,,,,,,,,,,,,,,,,,,,,,,,,,,,,,,,,,,,,,,,,,,,,,,,,,,,,,,,,,,,,,,,,,,,,,,,,,,,,,,,,,,,,,,,,,,,,,,,,,,,,,,,,,,,,,,,,,,,,,,,,,,,,,,,,,,,,,,,,,,,,,,,,,,,,,1680.25,1680.25,1680.25,1750.84,1750.84,1750.84,1750.84,1750.84,1750.84,1750.84,1750.84,1665.023,1665.023,1665.023,1665.023,1665.023,1665.023,1665.023,1665.023,1768.632,1768.632,1768.632,1768.632,1768.632,1768.632,1768.632,1768.632,1774.88,1774.88,1774.88,1774.88,1774.88,1774.88,1774.88,1774.88,1774.88,1779.136,1779.136,1779.136,1779.136,1779.136,1779.136,1779.136,1864.83,1864.83,1864.83,1864.83,1864.83,1864.83,1864.83,1864.83,1864.83,1864.83,1864.83,1864.83,1864.83,1864.83,1864.83,1864.83,1864.83,1864.83,1864.83,1864.83
2018-01-01,,,,,,,,,,,,,,,,,,,,,,,,,,,,,,,,,,,,,,,,,,,,,,,,,,,,,,,,,,,,,,,,,,,,,,,,,,,,,,,,,,,,,,,,,,,,,,,,,,,,,,,,,,,,,,,,,,,,,,,,,,,,,,,,,,,,,,,,,,,,,,,,,,,,,,,,,,,,,,,,,,,,,,,,,,,,,,,,,,,,,,,,,,,,,,,,,,,,,,,,,,,,,,,,,,,,,,,,,,,,,,,,,,,,,,,,,,,,,,,,,,,,,,,,,,,,,,,,,,,,,,,,,,,,,,,,,,,,,,,,,,,,,,,,,,,,,,,,,,,,,,,,,,,,,,,,,,,,,,,,,,,,,,,,,,,,,,,,,,,,,,,,,,,,,,,,,,,,,,,,,,,,,,,,,,,,,,,,,,,,,,1811.844,1858.939,1898.979,1898.979,1898.979,1898.979,1898.979,1898.979,1898.979,1898.979,1836.282,1836.282,1836.282,1836.282,1836.282,1836.282,1836.282,1836.282,1900.187,1900.187,1900.187,1900.187,1900.187,1900.187,1900.187,1900.187,1946.553,1946.553,1946.553,1946.553,1946.553,1946.553,1946.553,1946.553,1946.553,1927.686,1927.686,1927.686,1927.686,1927.686,1927.686,1927.686,1986.985,1986.985,1986.985,1986.985,1986.985,1986.985,1986.985,1986.985,1986.985,1986.985,1986.985,1986.985,1986.985,1986.985,1986.985,1986.985,1986.985,1986.985,1986.985,1986.985
2018-04-01,,,,,,,,,,,,,,,,,,,,,,,,,,,,,,,,,,,,,,,,,,,,,,,,,,,,,,,,,,,,,,,,,,,,,,,,,,,,,,,,,,,,,,,,,,,,,,,,,,,,,,,,,,,,,,,,,,,,,,,,,,,,,,,,,,,,,,,,,,,,,,,,,,,,,,,,,,,,,,,,,,,,,,,,,,,,,,,,,,,,,,,,,,,,,,,,,,,,,,,,,,,,,,,,,,,,,,,,,,,,,,,,,,,,,,,,,,,,,,,,,,,,,,,,,,,,,,,,,,,,,,,,,,,,,,,,,,,,,,,,,,,,,,,,,,,,,,,,,,,,,,,,,,,,,,,,,,,,,,,,,,,,,,,,,,,,,,,,,,,,,,,,,,,,,,,,,,,,,,,,,,,,,,,,,,,,,,,,,,,,,,,,,1968.509,1962.345,1962.345,1962.345,1962.345,1962.345,1962.345,1853.741,1853.741,1853.741,1853.741,1853.741,1853.741,1853.741,1853.741,1907.847,1907.847,1907.847,1907.847,1907.847,1907.847,1907.847,1907.847,1972.005,1972.005,1972.005,1972.005,1972.005,1972.005,1972.005,1972.005,1972.005,1958.009,1958.009,1958.009,1958.009,1958.009,1958.009,1958.009,2063.283,2063.283,2063.283,2063.283,2063.283,2063.283,2063.283,2063.283,2063.283,2063.283,2063.283,2063.283,2063.283,2063.283,2063.283,2063.283,2063.283,2063.283,2063.283,2063.283
2018-07-01,,,,,,,,,,,,,,,,,,,,,,,,,,,,,,,,,,,,,,,,,,,,,,,,,,,,,,,,,,,,,,,,,,,,,,,,,,,,,,,,,,,,,,,,,,,,,,,,,,,,,,,,,,,,,,,,,,,,,,,,,,,,,,,,,,,,,,,,,,,,,,,,,,,,,,,,,,,,,,,,,,,,,,,,,,,,,,,,,,,,,,,,,,,,,,,,,,,,,,,,,,,,,,,,,,,,,,,,,,,,,,,,,,,,,,,,,,,,,,,,,,,,,,,,,,,,,,,,,,,,,,,,,,,,,,,,,,,,,,,,,,,,,,,,,,,,,,,,,,,,,,,,,,,,,,,,,,,,,,,,,,,,,,,,,,,,,,,,,,,,,,,,,,,,,,,,,,,,,,,,,,,,,,,,,,,,,,,,,,,,,,,,,,,1975.665,1980.217,1980.217,1980.217,1980.217,1856.771,1856.771,1856.771,1856.771,1856.771,1856.771,1856.771,1856.771,1907.514,1907.514,1907.514,1907.514,1907.514,1907.514,1907.514,1907.514,1986.036,1986.036,1986.036,1986.036,1986.036,1986.036,1986.036,1986.036,1986.036,1972.299,1972.299,1972.299,1972.299,1972.299,1972.299,1972.299,2014.346,2014.346,2014.346,2014.346,2014.346,2014.346,2014.346,2014.346,2014.346,2014.346,2014.346,2014.346,2014.346,2014.346,2014.346,2014.346,2014.346,2014.346,2014.346,2014.346
2018-10-01,,,,,,,,,,,,,,,,,,,,,,,,,,,,,,,,,,,,,,,,,,,,,,,,,,,,,,,,,,,,,,,,,,,,,,,,,,,,,,,,,,,,,,,,,,,,,,,,,,,,,,,,,,,,,,,,,,,,,,,,,,,,,,,,,,,,,,,,,,,,,,,,,,,,,,,,,,,,,,,,,,,,,,,,,,,,,,,,,,,,,,,,,,,,,,,,,,,,,,,,,,,,,,,,,,,,,,,,,,,,,,,,,,,,,,,,,,,,,,,,,,,,,,,,,,,,,,,,,,,,,,,,,,,,,,,,,,,,,,,,,,,,,,,,,,,,,,,,,,,,,,,,,,,,,,,,,,,,,,,,,,,,,,,,,,,,,,,,,,,,,,,,,,,,,,,,,,,,,,,,,,,,,,,,,,,,,,,,,,,,,,,,,,,,,1946.013,1946.013,1946.013,1828.058,1828.058,1828.058,1828.058,1828.058,1828.058,1828.058,1828.058,1899.589,1899.589,1899.589,1899.589,1899.589,1899.589,1899.589,1899.589,2005.318,2005.318,2005.318,2005.318,2005.318,2005.318,2005.318,2005.318,2005.318,1982.179,1982.179,1982.179,1982.179,1982.179,1982.179,1982.179,2015.959,2015.959,2015.959,2015.959,2015.959,2015.959,2015.959,2015.959,2015.959,2015.959,2015.959,2015.959,2015.959,2015.959,2015.959,2015.959,2015.959,2015.959,2015.959,2015.959
2019-01-01,,,,,,,,,,,,,,,,,,,,,,,,,,,,,,,,,,,,,,,,,,,,,,,,,,,,,,,,,,,,,,,,,,,,,,,,,,,,,,,,,,,,,,,,,,,,,,,,,,,,,,,,,,,,,,,,,,,,,,,,,,,,,,,,,,,,,,,,,,,,,,,,,,,,,,,,,,,,,,,,,,,,,,,,,,,,,,,,,,,,,,,,,,,,,,,,,,,,,,,,,,,,,,,,,,,,,,,,,,,,,,,,,,,,,,,,,,,,,,,,,,,,,,,,,,,,,,,,,,,,,,,,,,,,,,,,,,,,,,,,,,,,,,,,,,,,,,,,,,,,,,,,,,,,,,,,,,,,,,,,,,,,,,,,,,,,,,,,,,,,,,,,,,,,,,,,,,,,,,,,,,,,,,,,,,,,,,,,,,,,,,,,,,,,,,1930.063,1941.96,1800.048,1800.048,1800.048,1800.048,1800.048,1800.048,1800.048,1800.048,1894.367,1894.367,1894.367,1894.367,1894.367,1894.367,1894.367,1894.367,1937.217,1937.217,1937.217,1937.217,1937.217,1937.217,1937.217,1937.217,1937.217,1964.614,1964.614,1964.614,1964.614,1964.614,1964.614,1964.614,2038.76,2038.76,2038.76,2038.76,2038.76,2038.76,2038.76,2045.14,2045.14,2045.14,2045.14,2045.14,2045.14,2045.14,2045.14,2045.14,2045.14,2045.14,2045.14,2045.14
2019-04-01,,,,,,,,,,,,,,,,,,,,,,,,,,,,,,,,,,,,,,,,,,,,,,,,,,,,,,,,,,,,,,,,,,,,,,,,,,,,,,,,,,,,,,,,,,,,,,,,,,,,,,,,,,,,,,,,,,,,,,,,,,,,,,,,,,,,,,,,,,,,,,,,,,,,,,,,,,,,,,,,,,,,,,,,,,,,,,,,,,,,,,,,,,,,,,,,,,,,,,,,,,,,,,,,,,,,,,,,,,,,,,,,,,,,,,,,,,,,,,,,,,,,,,,,,,,,,,,,,,,,,,,,,,,,,,,,,,,,,,,,,,,,,,,,,,,,,,,,,,,,,,,,,,,,,,,,,,,,,,,,,,,,,,,,,,,,,,,,,,,,,,,,,,,,,,,,,,,,,,,,,,,,,,,,,,,,,,,,,,,,,,,,,,,,,,,,,1886.0,1859.741,1859.741,1859.741,1859.741,1859.741,1859.741,1938.893,1938.893,1938.893,1938.893,1938.893,1938.893,1938.893,1938.893,1985.5,1985.5,1985.5,1985.5,1985.5,1985.5,1985.5,1985.5,1985.5,2007.327,2007.327,2007.327,2007.327,2007.327,2007.327,2007.327,2052.053,2052.053,2052.053,2052.053,2052.053,2052.053,2052.053,2059.292,2059.292,2059.292,2059.292,2059.292,2059.292,2059.292,2059.292,2059.292,2059.292,2059.292,2059.292,2059.292
2019-07-01,,,,,,,,,,,,,,,,,,,,,,,,,,,,,,,,,,,,,,,,,,,,,,,,,,,,,,,,,,,,,,,,,,,,,,,,,,,,,,,,,,,,,,,,,,,,,,,,,,,,,,,,,,,,,,,,,,,,,,,,,,,,,,,,,,,,,,,,,,,,,,,,,,,,,,,,,,,,,,,,,,,,,,,,,,,,,,,,,,,,,,,,,,,,,,,,,,,,,,,,,,,,,,,,,,,,,,,,,,,,,,,,,,,,,,,,,,,,,,,,,,,,,,,,,,,,,,,,,,,,,,,,,,,,,,,,,,,,,,,,,,,,,,,,,,,,,,,,,,,,,,,,,,,,,,,,,,,,,,,,,,,,,,,,,,,,,,,,,,,,,,,,,,,,,,,,,,,,,,,,,,,,,,,,,,,,,,,,,,,,,,,,,,,,,,,,,,,1848.449,1836.638,1836.638,1836.638,1836.638,1920.338,1920.338,1920.338,1920.338,1920.338,1920.338,1920.338,1920.338,1923.429,1923.429,1923.429,1923.429,1923.429,1923.429,1923.429,1923.429,1923.429,1985.362,1985.362,1985.362,1985.362,1985.362,1985.362,1985.362,2099.481,2099.481,2099.481,2099.481,2099.481,2099.481,2099.481,2087.795,2087.795,2087.795,2087.795,2087.795,2087.795,2087.795,2087.795,2087.795,2087.795,2087.795,2087.795,2087.795
2019-10-01,,,,,,,,,,,,,,,,,,,,,,,,,,,,,,,,,,,,,,,,,,,,,,,,,,,,,,,,,,,,,,,,,,,,,,,,,,,,,,,,,,,,,,,,,,,,,,,,,,,,,,,,,,,,,,,,,,,,,,,,,,,,,,,,,,,,,,,,,,,,,,,,,,,,,,,,,,,,,,,,,,,,,,,,,,,,,,,,,,,,,,,,,,,,,,,,,,,,,,,,,,,,,,,,,,,,,,,,,,,,,,,,,,,,,,,,,,,,,,,,,,,,,,,,,,,,,,,,,,,,,,,,,,,,,,,,,,,,,,,,,,,,,,,,,,,,,,,,,,,,,,,,,,,,,,,,,,,,,,,,,,,,,,,,,,,,,,,,,,,,,,,,,,,,,,,,,,,,,,,,,,,,,,,,,,,,,,,,,,,,,,,,,,,,,,,,,,,,,1903.753,1903.753,1903.753,2000.736,2000.736,2000.736,2000.736,2000.736,2000.736,2000.736,2000.736,1963.58,1963.58,1963.58,1963.58,1963.58,1963.58,1963.58,1963.58,1963.58,2072.258,2072.258,2072.258,2072.258,2072.258,2072.258,2072.258,2120.145,2120.145,2120.145,2120.145,2120.145,2120.145,2120.145,2120.925,2120.925,2120.925,2120.925,2120.925,2120.925,2120.925,2120.925,2120.925,2120.925,2120.925,2120.925,2120.925
2020-01-01,,,,,,,,,,,,,,,,,,,,,,,,,,,,,,,,,,,,,,,,,,,,,,,,,,,,,,,,,,,,,,,,,,,,,,,,,,,,,,,,,,,,,,,,,,,,,,,,,,,,,,,,,,,,,,,,,,,,,,,,,,,,,,,,,,,,,,,,,,,,,,,,,,,,,,,,,,,,,,,,,,,,,,,,,,,,,,,,,,,,,,,,,,,,,,,,,,,,,,,,,,,,,,,,,,,,,,,,,,,,,,,,,,,,,,,,,,,,,,,,,,,,,,,,,,,,,,,,,,,,,,,,,,,,,,,,,,,,,,,,,,,,,,,,,,,,,,,,,,,,,,,,,,,,,,,,,,,,,,,,,,,,,,,,,,,,,,,,,,,,,,,,,,,,,,,,,,,,,,,,,,,,,,,,,,,,,,,,,,,,,,,,,,,,,,,,,,,,,,1600.139,1635.589,1739.103,1739.103,1739.103,1739.103,1739.103,1739.103,1739.103,1739.103,1743.383,1743.383,1743.383,1743.383,1743.383,1743.383,1743.383,1743.383,1743.383,1938.608,1938.608,1938.608,1938.608,1938.608,1938.608,1938.608,2009.635,2009.635,2009.635,2009.635,2009.635,2009.635,2009.635,2023.162,2023.162,2023.162,2023.162,2023.162,2023.162,2023.162,2003.544,2003.544,2003.544,2003.544,2003.544,2003.544
2020-04-01,,,,,,,,,,,,,,,,,,,,,,,,,,,,,,,,,,,,,,,,,,,,,,,,,,,,,,,,,,,,,,,,,,,,,,,,,,,,,,,,,,,,,,,,,,,,,,,,,,,,,,,,,,,,,,,,,,,,,,,,,,,,,,,,,,,,,,,,,,,,,,,,,,,,,,,,,,,,,,,,,,,,,,,,,,,,,,,,,,,,,,,,,,,,,,,,,,,,,,,,,,,,,,,,,,,,,,,,,,,,,,,,,,,,,,,,,,,,,,,,,,,,,,,,,,,,,,,,,,,,,,,,,,,,,,,,,,,,,,,,,,,,,,,,,,,,,,,,,,,,,,,,,,,,,,,,,,,,,,,,,,,,,,,,,,,,,,,,,,,,,,,,,,,,,,,,,,,,,,,,,,,,,,,,,,,,,,,,,,,,,,,,,,,,,,,,,,,,,,,,,1535.309,1557.064,1557.064,1557.064,1557.064,1557.064,1557.064,1577.736,1577.736,1577.736,1577.736,1577.736,1577.736,1577.736,1577.736,1577.736,1822.599,1822.599,1822.599,1822.599,1822.599,1822.599,1822.599,1837.522,1837.522,1837.522,1837.522,1837.522,1837.522,1837.522,1871.838,1871.838,1871.838,1871.838,1871.838,1871.838,1871.838,1858.309,1858.309,1858.309,1858.309,1858.309,1858.309
2020-07-01,,,,,,,,,,,,,,,,,,,,,,,,,,,,,,,,,,,,,,,,,,,,,,,,,,,,,,,,,,,,,,,,,,,,,,,,,,,,,,,,,,,,,,,,,,,,,,,,,,,,,,,,,,,,,,,,,,,,,,,,,,,,,,,,,,,,,,,,,,,,,,,,,,,,,,,,,,,,,,,,,,,,,,,,,,,,,,,,,,,,,,,,,,,,,,,,,,,,,,,,,,,,,,,,,,,,,,,,,,,,,,,,,,,,,,,,,,,,,,,,,,,,,,,,,,,,,,,,,,,,,,,,,,,,,,,,,,,,,,,,,,,,,,,,,,,,,,,,,,,,,,,,,,,,,,,,,,,,,,,,,,,,,,,,,,,,,,,,,,,,,,,,,,,,,,,,,,,,,,,,,,,,,,,,,,,,,,,,,,,,,,,,,,,,,,,,,,,,,,,,,,,2126.656,2118.856,2118.856,2118.856,2118.856,2148.157,2148.157,2148.157,2148.157,2148.157,2148.157,2148.157,2148.157,2148.157,2390.745,2390.745,2390.745,2390.745,2390.745,2390.745,2390.745,2534.949,2534.949,2534.949,2534.949,2534.949,2534.949,2534.949,2553.784,2553.784,2553.784,2553.784,2553.784,2553.784,2553.784,2556.227,2556.227,2556.227,2556.227,2556.227,2556.227
2020-10-01,,,,,,,,,,,,,,,,,,,,,,,,,,,,,,,,,,,,,,,,,,,,,,,,,,,,,,,,,,,,,,,,,,,,,,,,,,,,,,,,,,,,,,,,,,,,,,,,,,,,,,,,,,,,,,,,,,,,,,,,,,,,,,,,,,,,,,,,,,,,,,,,,,,,,,,,,,,,,,,,,,,,,,,,,,,,,,,,,,,,,,,,,,,,,,,,,,,,,,,,,,,,,,,,,,,,,,,,,,,,,,,,,,,,,,,,,,,,,,,,,,,,,,,,,,,,,,,,,,,,,,,,,,,,,,,,,,,,,,,,,,,,,,,,,,,,,,,,,,,,,,,,,,,,,,,,,,,,,,,,,,,,,,,,,,,,,,,,,,,,,,,,,,,,,,,,,,,,,,,,,,,,,,,,,,,,,,,,,,,,,,,,,,,,,,,,,,,,,,,,,,,,,2082.47,2082.47,2082.47,2164.457,2164.457,2164.457,2164.457,2164.457,2164.457,2164.457,2164.457,2164.457,2291.749,2291.749,2291.749,2291.749,2291.749,2291.749,2291.749,2367.466,2367.466,2367.466,2367.466,2367.466,2367.466,2367.466,2398.03,2398.03,2398.03,2398.03,2398.03,2398.03,2398.03,2429.379,2429.379,2429.379,2429.379,2429.379,2429.379
2021-01-01,,,,,,,,,,,,,,,,,,,,,,,,,,,,,,,,,,,,,,,,,,,,,,,,,,,,,,,,,,,,,,,,,,,,,,,,,,,,,,,,,,,,,,,,,,,,,,,,,,,,,,,,,,,,,,,,,,,,,,,,,,,,,,,,,,,,,,,,,,,,,,,,,,,,,,,,,,,,,,,,,,,,,,,,,,,,,,,,,,,,,,,,,,,,,,,,,,,,,,,,,,,,,,,,,,,,,,,,,,,,,,,,,,,,,,,,,,,,,,,,,,,,,,,,,,,,,,,,,,,,,,,,,,,,,,,,,,,,,,,,,,,,,,,,,,,,,,,,,,,,,,,,,,,,,,,,,,,,,,,,,,,,,,,,,,,,,,,,,,,,,,,,,,,,,,,,,,,,,,,,,,,,,,,,,,,,,,,,,,,,,,,,,,,,,,,,,,,,,,,,,,,,,,2177.942,2227.745,2367.593,2367.593,2367.593,2367.593,2367.593,2367.593,2367.593,2367.593,2367.593,2587.196,2587.196,2587.196,2587.196,2587.196,2587.196,2587.196,2671.867,2671.867,2671.867,2671.867,2671.867,2671.867,2671.867,2716.546,2716.546,2716.546,2716.546,2716.546,2716.546,2716.546,2683.406,2683.406,2683.406,2683.406,2683.406,2683.406
2021-04-01,,,,,,,,,,,,,,,,,,,,,,,,,,,,,,,,,,,,,,,,,,,,,,,,,,,,,,,,,,,,,,,,,,,,,,,,,,,,,,,,,,,,,,,,,,,,,,,,,,,,,,,,,,,,,,,,,,,,,,,,,,,,,,,,,,,,,,,,,,,,,,,,,,,,,,,,,,,,,,,,,,,,,,,,,,,,,,,,,,,,,,,,,,,,,,,,,,,,,,,,,,,,,,,,,,,,,,,,,,,,,,,,,,,,,,,,,,,,,,,,,,,,,,,,,,,,,,,,,,,,,,,,,,,,,,,,,,,,,,,,,,,,,,,,,,,,,,,,,,,,,,,,,,,,,,,,,,,,,,,,,,,,,,,,,,,,,,,,,,,,,,,,,,,,,,,,,,,,,,,,,,,,,,,,,,,,,,,,,,,,,,,,,,,,,,,,,,,,,,,,,,,,,,,,,2671.246,2690.388,2690.388,2690.388,2690.388,2690.388,2690.388,2690.388,2824.269,2824.269,2824.269,2824.269,2824.269,2824.269,2824.269,2950.781,2950.781,2950.781,2950.781,2950.781,2950.781,2950.781,2996.334,2996.334,2996.334,2996.334,2996.334,2996.334,2996.334,2984.5,2984.5,2984.5,2984.5,2984.5,2984.5
2021-07-01,,,,,,,,,,,,,,,,,,,,,,,,,,,,,,,,,,,,,,,,,,,,,,,,,,,,,,,,,,,,,,,,,,,,,,,,,,,,,,,,,,,,,,,,,,,,,,,,,,,,,,,,,,,,,,,,,,,,,,,,,,,,,,,,,,,,,,,,,,,,,,,,,,,,,,,,,,,,,,,,,,,,,,,,,,,,,,,,,,,,,,,,,,,,,,,,,,,,,,,,,,,,,,,,,,,,,,,,,,,,,,,,,,,,,,,,,,,,,,,,,,,,,,,,,,,,,,,,,,,,,,,,,,,,,,,,,,,,,,,,,,,,,,,,,,,,,,,,,,,,,,,,,,,,,,,,,,,,,,,,,,,,,,,,,,,,,,,,,,,,,,,,,,,,,,,,,,,,,,,,,,,,,,,,,,,,,,,,,,,,,,,,,,,,,,,,,,,,,,,,,,,,,,,,,,,2742.138,2721.601,2721.601,2721.601,2721.601,2721.601,2827.118,2827.118,2827.118,2827.118,2827.118,2827.118,2827.118,2907.583,2907.583,2907.583,2907.583,2907.583,2907.583,2907.583,2952.754,2952.754,2952.754,2952.754,2952.754,2952.754,2952.754,2972.607,2972.607,2972.607,2972.607,2972.607,2972.607
2021-10-01,,,,,,,,,,,,,,,,,,,,,,,,,,,,,,,,,,,,,,,,,,,,,,,,,,,,,,,,,,,,,,,,,,,,,,,,,,,,,,,,,,,,,,,,,,,,,,,,,,,,,,,,,,,,,,,,,,,,,,,,,,,,,,,,,,,,,,,,,,,,,,,,,,,,,,,,,,,,,,,,,,,,,,,,,,,,,,,,,,,,,,,,,,,,,,,,,,,,,,,,,,,,,,,,,,,,,,,,,,,,,,,,,,,,,,,,,,,,,,,,,,,,,,,,,,,,,,,,,,,,,,,,,,,,,,,,,,,,,,,,,,,,,,,,,,,,,,,,,,,,,,,,,,,,,,,,,,,,,,,,,,,,,,,,,,,,,,,,,,,,,,,,,,,,,,,,,,,,,,,,,,,,,,,,,,,,,,,,,,,,,,,,,,,,,,,,,,,,,,,,,,,,,,,,,,,,,2700.326,2700.326,2700.326,2700.326,2760.777,2760.777,2760.777,2760.777,2760.777,2760.777,2760.777,2847.819,2847.819,2847.819,2847.819,2847.819,2847.819,2847.819,2886.711,2886.711,2886.711,2886.711,2886.711,2886.711,2886.711,2951.199,2951.199,2951.199,2951.199,2951.199,2951.199
2022-01-01,,,,,,,,,,,,,,,,,,,,,,,,,,,,,,,,,,,,,,,,,,,,,,,,,,,,,,,,,,,,,,,,,,,,,,,,,,,,,,,,,,,,,,,,,,,,,,,,,,,,,,,,,,,,,,,,,,,,,,,,,,,,,,,,,,,,,,,,,,,,,,,,,,,,,,,,,,,,,,,,,,,,,,,,,,,,,,,,,,,,,,,,,,,,,,,,,,,,,,,,,,,,,,,,,,,,,,,,,,,,,,,,,,,,,,,,,,,,,,,,,,,,,,,,,,,,,,,,,,,,,,,,,,,,,,,,,,,,,,,,,,,,,,,,,,,,,,,,,,,,,,,,,,,,,,,,,,,,,,,,,,,,,,,,,,,,,,,,,,,,,,,,,,,,,,,,,,,,,,,,,,,,,,,,,,,,,,,,,,,,,,,,,,,,,,,,,,,,,,,,,,,,,,,,,,,,,,2740.104,2726.711,2726.711,2833.431,2833.431,2833.431,2833.431,2833.431,2833.431,2833.431,2909.892,2909.892,2909.892,2909.892,2909.892,2909.892,2909.892,2898.216,2898.216,2898.216,2898.216,2898.216,2898.216,2898.216,2926.606,2926.606,2926.606,2926.606,2926.606,2926.606
2022-04-01,,,,,,,,,,,,,,,,,,,,,,,,,,,,,,,,,,,,,,,,,,,,,,,,,,,,,,,,,,,,,,,,,,,,,,,,,,,,,,,,,,,,,,,,,,,,,,,,,,,,,,,,,,,,,,,,,,,,,,,,,,,,,,,,,,,,,,,,,,,,,,,,,,,,,,,,,,,,,,,,,,,,,,,,,,,,,,,,,,,,,,,,,,,,,,,,,,,,,,,,,,,,,,,,,,,,,,,,,,,,,,,,,,,,,,,,,,,,,,,,,,,,,,,,,,,,,,,,,,,,,,,,,,,,,,,,,,,,,,,,,,,,,,,,,,,,,,,,,,,,,,,,,,,,,,,,,,,,,,,,,,,,,,,,,,,,,,,,,,,,,,,,,,,,,,,,,,,,,,,,,,,,,,,,,,,,,,,,,,,,,,,,,,,,,,,,,,,,,,,,,,,,,,,,,,,,,,,,3011.633,3043.114,3043.114,3043.114,3043.114,3043.114,3043.114,3043.114,3148.734,3148.734,3148.734,3148.734,3148.734,3148.734,3148.734,3084.126,3084.126,3084.126,3084.126,3084.126,3084.126,3084.126,3156.677,3156.677,3156.677,3156.677,3156.677,3156.677
2022-07-01,,,,,,,,,,,,,,,,,,,,,,,,,,,,,,,,,,,,,,,,,,,,,,,,,,,,,,,,,,,,,,,,,,,,,,,,,,,,,,,,,,,,,,,,,,,,,,,,,,,,,,,,,,,,,,,,,,,,,,,,,,,,,,,,,,,,,,,,,,,,,,,,,,,,,,,,,,,,,,,,,,,,,,,,,,,,,,,,,,,,,,,,,,,,,,,,,,,,,,,,,,,,,,,,,,,,,,,,,,,,,,,,,,,,,,,,,,,,,,,,,,,,,,,,,,,,,,,,,,,,,,,,,,,,,,,,,,,,,,,,,,,,,,,,,,,,,,,,,,,,,,,,,,,,,,,,,,,,,,,,,,,,,,,,,,,,,,,,,,,,,,,,,,,,,,,,,,,,,,,,,,,,,,,,,,,,,,,,,,,,,,,,,,,,,,,,,,,,,,,,,,,,,,,,,,,,,,,,,,2864.042,2890.812,2890.812,2890.812,2890.812,2890.812,3013.486,3013.486,3013.486,3013.486,3013.486,3013.486,3013.486,2985.393,2985.393,2985.393,2985.393,2985.393,2985.393,2985.393,3051.963,3051.963,3051.963,3051.963,3051.963,3051.963
2022-10-01,,,,,,,,,,,,,,,,,,,,,,,,,,,,,,,,,,,,,,,,,,,,,,,,,,,,,,,,,,,,,,,,,,,,,,,,,,,,,,,,,,,,,,,,,,,,,,,,,,,,,,,,,,,,,,,,,,,,,,,,,,,,,,,,,,,,,,,,,,,,,,,,,,,,,,,,,,,,,,,,,,,,,,,,,,,,,,,,,,,,,,,,,,,,,,,,,,,,,,,,,,,,,,,,,,,,,,,,,,,,,,,,,,,,,,,,,,,,,,,,,,,,,,,,,,,,,,,,,,,,,,,,,,,,,,,,,,,,,,,,,,,,,,,,,,,,,,,,,,,,,,,,,,,,,,,,,,,,,,,,,,,,,,,,,,,,,,,,,,,,,,,,,,,,,,,,,,,,,,,,,,,,,,,,,,,,,,,,,,,,,,,,,,,,,,,,,,,,,,,,,,,,,,,,,,,,,,,,,,,,2721.294,2721.294,2721.294,2721.294,2850.085,2850.085,2850.085,2850.085,2850.085,2850.085,2850.085,2834.572,2834.572,2834.572,2834.572,2834.572,2834.572,2834.572,2891.819,2891.819,2891.819,2891.819,2891.819,2891.819
2023-01-01,,,,,,,,,,,,,,,,,,,,,,,,,,,,,,,,,,,,,,,,,,,,,,,,,,,,,,,,,,,,,,,,,,,,,,,,,,,,,,,,,,,,,,,,,,,,,,,,,,,,,,,,,,,,,,,,,,,,,,,,,,,,,,,,,,,,,,,,,,,,,,,,,,,,,,,,,,,,,,,,,,,,,,,,,,,,,,,,,,,,,,,,,,,,,,,,,,,,,,,,,,,,,,,,,,,,,,,,,,,,,,,,,,,,,,,,,,,,,,,,,,,,,,,,,,,,,,,,,,,,,,,,,,,,,,,,,,,,,,,,,,,,,,,,,,,,,,,,,,,,,,,,,,,,,,,,,,,,,,,,,,,,,,,,,,,,,,,,,,,,,,,,,,,,,,,,,,,,,,,,,,,,,,,,,,,,,,,,,,,,,,,,,,,,,,,,,,,,,,,,,,,,,,,,,,,,,,,,,,,,,2663.671,2688.024,2688.024,2881.042,2881.042,2881.042,2881.042,2881.042,2881.042,2881.042,2931.223,2931.223,2931.223,2931.223,2931.223,2931.223,2931.223,3147.593,3147.593,3147.593,3147.593,3147.593,3147.593
2023-04-01,,,,,,,,,,,,,,,,,,,,,,,,,,,,,,,,,,,,,,,,,,,,,,,,,,,,,,,,,,,,,,,,,,,,,,,,,,,,,,,,,,,,,,,,,,,,,,,,,,,,,,,,,,,,,,,,,,,,,,,,,,,,,,,,,,,,,,,,,,,,,,,,,,,,,,,,,,,,,,,,,,,,,,,,,,,,,,,,,,,,,,,,,,,,,,,,,,,,,,,,,,,,,,,,,,,,,,,,,,,,,,,,,,,,,,,,,,,,,,,,,,,,,,,,,,,,,,,,,,,,,,,,,,,,,,,,,,,,,,,,,,,,,,,,,,,,,,,,,,,,,,,,,,,,,,,,,,,,,,,,,,,,,,,,,,,,,,,,,,,,,,,,,,,,,,,,,,,,,,,,,,,,,,,,,,,,,,,,,,,,,,,,,,,,,,,,,,,,,,,,,,,,,,,,,,,,,,,,,,,,,,,2755.552,2902.86,2902.86,2902.86,2902.86,2902.86,2902.86,2902.86,2989.192,2989.192,2989.192,2989.192,2989.192,2989.192,2989.192,3175.76,3175.76,3175.76,3175.76,3175.76,3175.76
2023-07-01,,,,,,,,,,,,,,,,,,,,,,,,,,,,,,,,,,,,,,,,,,,,,,,,,,,,,,,,,,,,,,,,,,,,,,,,,,,,,,,,,,,,,,,,,,,,,,,,,,,,,,,,,,,,,,,,,,,,,,,,,,,,,,,,,,,,,,,,,,,,,,,,,,,,,,,,,,,,,,,,,,,,,,,,,,,,,,,,,,,,,,,,,,,,,,,,,,,,,,,,,,,,,,,,,,,,,,,,,,,,,,,,,,,,,,,,,,,,,,,,,,,,,,,,,,,,,,,,,,,,,,,,,,,,,,,,,,,,,,,,,,,,,,,,,,,,,,,,,,,,,,,,,,,,,,,,,,,,,,,,,,,,,,,,,,,,,,,,,,,,,,,,,,,,,,,,,,,,,,,,,,,,,,,,,,,,,,,,,,,,,,,,,,,,,,,,,,,,,,,,,,,,,,,,,,,,,,,,,,,,,,,,,3029.065,3017.805,3017.805,3017.805,3017.805,3017.805,3114.986,3114.986,3114.986,3114.986,3114.986,3114.986,3114.986,3291.11,3291.11,3291.11,3291.11,3291.11,3291.11
2023-10-01,,,,,,,,,,,,,,,,,,,,,,,,,,,,,,,,,,,,,,,,,,,,,,,,,,,,,,,,,,,,,,,,,,,,,,,,,,,,,,,,,,,,,,,,,,,,,,,,,,,,,,,,,,,,,,,,,,,,,,,,,,,,,,,,,,,,,,,,,,,,,,,,,,,,,,,,,,,,,,,,,,,,,,,,,,,,,,,,,,,,,,,,,,,,,,,,,,,,,,,,,,,,,,,,,,,,,,,,,,,,,,,,,,,,,,,,,,,,,,,,,,,,,,,,,,,,,,,,,,,,,,,,,,,,,,,,,,,,,,,,,,,,,,,,,,,,,,,,,,,,,,,,,,,,,,,,,,,,,,,,,,,,,,,,,,,,,,,,,,,,,,,,,,,,,,,,,,,,,,,,,,,,,,,,,,,,,,,,,,,,,,,,,,,,,,,,,,,,,,,,,,,,,,,,,,,,,,,,,,,,,,,,,,,3096.319,3096.319,3096.319,3096.319,3239.649,3239.649,3239.649,3239.649,3239.649,3239.649,3239.649,3354.444,3354.444,3354.444,3354.444,3354.444,3354.444
2024-01-01,,,,,,,,,,,,,,,,,,,,,,,,,,,,,,,,,,,,,,,,,,,,,,,,,,,,,,,,,,,,,,,,,,,,,,,,,,,,,,,,,,,,,,,,,,,,,,,,,,,,,,,,,,,,,,,,,,,,,,,,,,,,,,,,,,,,,,,,,,,,,,,,,,,,,,,,,,,,,,,,,,,,,,,,,,,,,,,,,,,,,,,,,,,,,,,,,,,,,,,,,,,,,,,,,,,,,,,,,,,,,,,,,,,,,,,,,,,,,,,,,,,,,,,,,,,,,,,,,,,,,,,,,,,,,,,,,,,,,,,,,,,,,,,,,,,,,,,,,,,,,,,,,,,,,,,,,,,,,,,,,,,,,,,,,,,,,,,,,,,,,,,,,,,,,,,,,,,,,,,,,,,,,,,,,,,,,,,,,,,,,,,,,,,,,,,,,,,,,,,,,,,,,,,,,,,,,,,,,,,,,,,,,,,,3194.58,3168.191,3168.191,3314.945,3314.945,3314.945,3314.945,3314.945,3314.945,3314.945,3393.103,3393.103,3393.103,3393.103,3393.103,3393.103
2024-04-01,,,,,,,,,,,,,,,,,,,,,,,,,,,,,,,,,,,,,,,,,,,,,,,,,,,,,,,,,,,,,,,,,,,,,,,,,,,,,,,,,,,,,,,,,,,,,,,,,,,,,,,,,,,,,,,,,,,,,,,,,,,,,,,,,,,,,,,,,,,,,,,,,,,,,,,,,,,,,,,,,,,,,,,,,,,,,,,,,,,,,,,,,,,,,,,,,,,,,,,,,,,,,,,,,,,,,,,,,,,,,,,,,,,,,,,,,,,,,,,,,,,,,,,,,,,,,,,,,,,,,,,,,,,,,,,,,,,,,,,,,,,,,,,,,,,,,,,,,,,,,,,,,,,,,,,,,,,,,,,,,,,,,,,,,,,,,,,,,,,,,,,,,,,,,,,,,,,,,,,,,,,,,,,,,,,,,,,,,,,,,,,,,,,,,,,,,,,,,,,,,,,,,,,,,,,,,,,,,,,,,,,,,,,,,,3228.841,3413.018,3413.018,3413.018,3413.018,3413.018,3413.018,3413.018,3468.719,3468.719,3468.719,3468.719,3468.719,3468.719
2024-07-01,,,,,,,,,,,,,,,,,,,,,,,,,,,,,,,,,,,,,,,,,,,,,,,,,,,,,,,,,,,,,,,,,,,,,,,,,,,,,,,,,,,,,,,,,,,,,,,,,,,,,,,,,,,,,,,,,,,,,,,,,,,,,,,,,,,,,,,,,,,,,,,,,,,,,,,,,,,,,,,,,,,,,,,,,,,,,,,,,,,,,,,,,,,,,,,,,,,,,,,,,,,,,,,,,,,,,,,,,,,,,,,,,,,,,,,,,,,,,,,,,,,,,,,,,,,,,,,,,,,,,,,,,,,,,,,,,,,,,,,,,,,,,,,,,,,,,,,,,,,,,,,,,,,,,,,,,,,,,,,,,,,,,,,,,,,,,,,,,,,,,,,,,,,,,,,,,,,,,,,,,,,,,,,,,,,,,,,,,,,,,,,,,,,,,,,,,,,,,,,,,,,,,,,,,,,,,,,,,,,,,,,,,,,,,,,,3413.235,3402.982,3402.982,3402.982,3402.982,3402.982,3443.994,3443.994,3443.994,3443.994,3443.994,3443.994
2024-10-01,,,,,,,,,,,,,,,,,,,,,,,,,,,,,,,,,,,,,,,,,,,,,,,,,,,,,,,,,,,,,,,,,,,,,,,,,,,,,,,,,,,,,,,,,,,,,,,,,,,,,,,,,,,,,,,,,,,,,,,,,,,,,,,,,,,,,,,,,,,,,,,,,,,,,,,,,,,,,,,,,,,,,,,,,,,,,,,,,,,,,,,,,,,,,,,,,,,,,,,,,,,,,,,,,,,,,,,,,,,,,,,,,,,,,,,,,,,,,,,,,,,,,,,,,,,,,,,,,,,,,,,,,,,,,,,,,,,,,,,,,,,,,,,,,,,,,,,,,,,,,,,,,,,,,,,,,,,,,,,,,,,,,,,,,,,,,,,,,,,,,,,,,,,,,,,,,,,,,,,,,,,,,,,,,,,,,,,,,,,,,,,,,,,,,,,,,,,,,,,,,,,,,,,,,,,,,,,,,,,,,,,,,,,,,,,,,,3631.383,3631.383,3631.383,3631.383,3689.46,3689.46,3689.46,3689.46,3689.46,3689.46
2025-01-01,,,,,,,,,,,,,,,,,,,,,,,,,,,,,,,,,,,,,,,,,,,,,,,,,,,,,,,,,,,,,,,,,,,,,,,,,,,,,,,,,,,,,,,,,,,,,,,,,,,,,,,,,,,,,,,,,,,,,,,,,,,,,,,,,,,,,,,,,,,,,,,,,,,,,,,,,,,,,,,,,,,,,,,,,,,,,,,,,,,,,,,,,,,,,,,,,,,,,,,,,,,,,,,,,,,,,,,,,,,,,,,,,,,,,,,,,,,,,,,,,,,,,,,,,,,,,,,,,,,,,,,,,,,,,,,,,,,,,,,,,,,,,,,,,,,,,,,,,,,,,,,,,,,,,,,,,,,,,,,,,,,,,,,,,,,,,,,,,,,,,,,,,,,,,,,,,,,,,,,,,,,,,,,,,,,,,,,,,,,,,,,,,,,,,,,,,,,,,,,,,,,,,,,,,,,,,,,,,,,,,,,,,,,,,,,,,,,3594.947,3602.551,3602.551,3335.78,3335.78,3335.78,3335.78,3335.78,3335.78
2025-04-01,,,,,,,,,,,,,,,,,,,,,,,,,,,,,,,,,,,,,,,,,,,,,,,,,,,,,,,,,,,,,,,,,,,,,,,,,,,,,,,,,,,,,,,,,,,,,,,,,,,,,,,,,,,,,,,,,,,,,,,,,,,,,,,,,,,,,,,,,,,,,,,,,,,,,,,,,,,,,,,,,,,,,,,,,,,,,,,,,,,,,,,,,,,,,,,,,,,,,,,,,,,,,,,,,,,,,,,,,,,,,,,,,,,,,,,,,,,,,,,,,,,,,,,,,,,,,,,,,,,,,,,,,,,,,,,,,,,,,,,,,,,,,,,,,,,,,,,,,,,,,,,,,,,,,,,,,,,,,,,,,,,,,,,,,,,,,,,,,,,,,,,,,,,,,,,,,,,,,,,,,,,,,,,,,,,,,,,,,,,,,,,,,,,,,,,,,,,,,,,,,,,,,,,,,,,,,,,,,,,,,,,,,,,,,,,,,,,,,3653.326,3355.897,3355.897,3355.897,3355.897,3355.897,3355.897
2025-07-01,,,,,,,,,,,,,,,,,,,,,,,,,,,,,,,,,,,,,,,,,,,,,,,,,,,,,,,,,,,,,,,,,,,,,,,,,,,,,,,,,,,,,,,,,,,,,,,,,,,,,,,,,,,,,,,,,,,,,,,,,,,,,,,,,,,,,,,,,,,,,,,,,,,,,,,,,,,,,,,,,,,,,,,,,,,,,,,,,,,,,,,,,,,,,,,,,,,,,,,,,,,,,,,,,,,,,,,,,,,,,,,,,,,,,,,,,,,,,,,,,,,,,,,,,,,,,,,,,,,,,,,,,,,,,,,,,,,,,,,,,,,,,,,,,,,,,,,,,,,,,,,,,,,,,,,,,,,,,,,,,,,,,,,,,,,,,,,,,,,,,,,,,,,,,,,,,,,,,,,,,,,,,,,,,,,,,,,,,,,,,,,,,,,,,,,,,,,,,,,,,,,,,,,,,,,,,,,,,,,,,,,,,,,,,,,,,,,,,,,3589.861,3591.344,3591.344,3591.344,3591.344
2025-10-01,,,,,,,,,,,,,,,,,,,,,,,,,,,,,,,,,,,,,,,,,,,,,,,,,,,,,,,,,,,,,,,,,,,,,,,,,,,,,,,,,,,,,,,,,,,,,,,,,,,,,,,,,,,,,,,,,,,,,,,,,,,,,,,,,,,,,,,,,,,,,,,,,,,,,,,,,,,,,,,,,,,,,,,,,,,,,,,,,,,,,,,,,,,,,,,,,,,,,,,,,,,,,,,,,,,,,,,,,,,,,,,,,,,,,,,,,,,,,,,,,,,,,,,,,,,,,,,,,,,,,,,,,,,,,,,,,,,,,,,,,,,,,,,,,,,,,,,,,,,,,,,,,,,,,,,,,,,,,,,,,,,,,,,,,,,,,,,,,,,,,,,,,,,,,,,,,,,,,,,,,,,,,,,,,,,,,,,,,,,,,,,,,,,,,,,,,,,,,,,,,,,,,,,,,,,,,,,,,,,,,,,,,,,,,,,,,,,,,,,,,3792.207,3792.207,3792.207
2026-01-01,,,,,,,,,,,,,,,,,,,,,,,,,,,,,,,,,,,,,,,,,,,,,,,,,,,,,,,,,,,,,,,,,,,,,,,,,,,,,,,,,,,,,,,,,,,,,,,,,,,,,,,,,,,,,,,,,,,,,,,,,,,,,,,,,,,,,,,,,,,,,,,,,,,,,,,,,,,,,,,,,,,,,,,,,,,,,,,,,,,,,,,,,,,,,,,,,,,,,,,,,,,,,,,,,,,,,,,,,,,,,,,,,,,,,,,,,,,,,,,,,,,,,,,,,,,,,,,,,,,,,,,,,,,,,,,,,,,,,,,,,,,,,,,,,,,,,,,,,,,,,,,,,,,,,,,,,,,,,,,,,,,,,,,,,,,,,,,,,,,,,,,,,,,,,,,,,,,,,,,,,,,,,,,,,,,,,,,,,,,,,,,,,,,,,,,,,,,,,,,,,,,,,,,,,,,,,,,,,,,,,,,,,,,,,,,,,,,,,,,,,,3917.196,3950.681
