date,CPATAX_19801223,CPATAX_19810318,CPATAX_19810420,CPATAX_19810519,CPATAX_19810618,CPATAX_19810819,CPATAX_19810918,CPATAX_19811119,CPATAX_19811218,CPATAX_19820319,CPATAX_19820421,CPATAX_19820621,CPATAX_19820721,CPATAX_19820819,CPATAX_19820921,CPATAX_19821119,CPATAX_19821221,CPATAX_19830321,CPATAX_19830420,CPATAX_19830519,CPATAX_19830621,CPATAX_19830721,CPATAX_19830819,CPATAX_19830921,CPATAX_19831122,CPATAX_19831221,CPATAX_19840320,CPATAX_19840419,CPATAX_19840518,CPATAX_19840620,CPATAX_19840723,CPATAX_19840820,CPATAX_19840920,CPATAX_19841120,CPATAX_19841219,CPATAX_19850321,CPATAX_19850418,CPATAX_19850521,CPATAX_19850620,CPATAX_19850820,CPATAX_19850920,CPATAX_19851120,CPATAX_19851220,CPATAX_19860319,CPATAX_19860417,CPATAX_19860520,CPATAX_19860618,CPATAX_19860722,CPATAX_19860819,CPATAX_19860918,CPATAX_19861119,CPATAX_19861217,CPATAX_19870318,CPATAX_19870423,CPATAX_19870522,CPATAX_19870617,CPATAX_19870724,CPATAX_19870821,CPATAX_19870918,CPATAX_19871124,CPATAX_19871217,CPATAX_19880323,CPATAX_19880426,CPATAX_19880526,CPATAX_19880623,CPATAX_19880727,CPATAX_19880825,CPATAX_19880920,CPATAX_19881026,CPATAX_19881129,CPATAX_19881220,CPATAX_19890323,CPATAX_19890426,CPATAX_19890525,CPATAX_19890622,CPATAX_19890727,CPATAX_19890829,CPATAX_19890921,CPATAX_19891129,CPATAX_19891220,CPATAX_19900328,CPATAX_19900524,CPATAX_19900621,CPATAX_19900727,CPATAX_19900824,CPATAX_19900925,CPATAX_19901128,CPATAX_19901219,CPATAX_19910327,CPATAX_19910426,CPATAX_19910529,CPATAX_19910626,CPATAX_19910828,CPATAX_19910926,CPATAX_19911204,CPATAX_19911220,CPATAX_19920326,CPATAX_19920428,CPATAX_19920529,CPATAX_19920625,CPATAX_19920730,CPATAX_19920827,CPATAX_19920924,CPATAX_19921125,CPATAX_19921222,CPATAX_19930326,CPATAX_19930429,CPATAX_19930528,CPATAX_19930623,CPATAX_19930831,CPATAX_19930929,CPATAX_19931201,CPATAX_19931222,CPATAX_19940331,CPATAX_19940428,CPATAX_19940527,CPATAX_19940629,CPATAX_19940729,CPATAX_19940826,CPATAX_19940929,CPATAX_19941130,CPATAX_19941222,CPATAX_19950331,CPATAX_19950531,CPATAX_19950630,CPATAX_19950830,CPATAX_19950929,CPATAX_19960119,CPATAX_19960223,CPATAX_19960402,CPATAX_19960530,CPATAX_19960628,CPATAX_19960801,CPATAX_19960829,CPATAX_19960927,CPATAX_19961127,CPATAX_19961220,CPATAX_19970328,CPATAX_19970430,CPATAX_19970507,CPATAX_19970530,CPATAX_19970627,CPATAX_19970731,CPATAX_19970828,CPATAX_19970926,CPATAX_19971126,CPATAX_19971223,CPATAX_19980326,CPATAX_19980528,CPATAX_19980625,CPATAX_19980731,CPATAX_19980827,CPATAX_19980924,CPATAX_19981124,CPATAX_19981223,CPATAX_19990331,CPATAX_19990527,CPATAX_19990625,CPATAX_19990826,CPATAX_19990930,CPATAX_19991028,CPATAX_19991029,CPATAX_19991124,CPATAX_19991222,CPATAX_20000330,CPATAX_20000403,CPATAX_20000427,CPATAX_20000525,CPATAX_20000629,CPATAX_20000728,CPATAX_20000825,CPATAX_20000928,CPATAX_20001129,CPATAX_20001221,CPATAX_20010329,CPATAX_20010525,CPATAX_20010629,CPATAX_20010727,CPATAX_20010829,CPATAX_20010928,CPATAX_20011130,CPATAX_20011221,CPATAX_20020328,CPATAX_20020524,CPATAX_20020627,CPATAX_20020731,CPATAX_20020829,CPATAX_20020927,CPATAX_20021126,CPATAX_20021220,CPATAX_20030327,CPATAX_20030529,CPATAX_20030626,CPATAX_20030828,CPATAX_20030926,CPATAX_20031125,CPATAX_20031210,CPATAX_20031218,CPATAX_20031223,CPATAX_20040325,CPATAX_20040527,CPATAX_20040625,CPATAX_20040730,CPATAX_20040827,CPATAX_20040929,CPATAX_20041130,CPATAX_20041222,CPATAX_20050330,CPATAX_20050526,CPATAX_20050629,CPATAX_20050729,CPATAX_20050831,CPATAX_20050929,CPATAX_20051130,CPATAX_20051221,CPATAX_20060330,CPATAX_20060525,CPATAX_20060629,CPATAX_20060728,CPATAX_20060830,CPATAX_20060928,CPATAX_20061129,CPATAX_20061221,CPATAX_20070329,CPATAX_20070531,CPATAX_20070628,CPATAX_20070727,CPATAX_20070830,CPATAX_20070927,CPATAX_20071129,CPATAX_20071220,CPATAX_20080327,CPATAX_20080529,CPATAX_20080626,CPATAX_20080731,CPATAX_20080828,CPATAX_20080926,CPATAX_20081125,CPATAX_20081223,CPATAX_20090326,CPATAX_20090529,CPATAX_20090625,CPATAX_20090731,CPATAX_20090817,CPATAX_20090827,CPATAX_20090930,CPATAX_20091124,CPATAX_20091222,CPATAX_20100326,CPATAX_20100527,CPATAX_20100625,CPATAX_20100730,CPATAX_20100827,CPATAX_20100930,CPATAX_20101123,CPATAX_20101222,CPATAX_20110325,CPATAX_20110526,CPATAX_20110624,CPATAX_20110729,CPATAX_20110826,CPATAX_20110929,CPATAX_20111122,CPATAX_20111222,CPATAX_20120329,CPATAX_20120531,CPATAX_20120628,CPATAX_20120727,CPATAX_20120829,CPATAX_20120927,CPATAX_20121129,CPATAX_20121220,CPATAX_20130328,CPATAX_20130530,CPATAX_20130626,CPATAX_20130731,CPATAX_20130829,CPATAX_20130926,CPATAX_20131205,CPATAX_20131220,CPATAX_20140327,CPATAX_20140529,CPATAX_20140625,CPATAX_20140730,CPATAX_20140828,CPATAX_20140926,CPATAX_20141125,CPATAX_20141223,CPATAX_20150327,CPATAX_20150529,CPATAX_20150624,CPATAX_20150730,CPATAX_20150827,CPATAX_20150925,CPATAX_20151124,CPATAX_20151222,CPATAX_20160325,CPATAX_20160527,CPATAX_20160628,CPATAX_20160729,CPATAX_20160826,CPATAX_20160929,CPATAX_20161129,CPATAX_20161222,CPATAX_20170330,CPATAX_20170526,CPATAX_20170629,CPATAX_20170728,CPATAX_20170830,CPATAX_20170928,CPATAX_20171027,CPATAX_20171129,CPATAX_20171221,CPATAX_20180328,CPATAX_20180530,CPATAX_20180628,CPATAX_20180727,CPATAX_20180829,CPATAX_20180927,CPATAX_20181128,CPATAX_20181221,CPATAX_20190328,CPATAX_20190530,CPATAX_20190627,CPATAX_20190726,CPATAX_20190829,CPATAX_20190926,CPATAX_20191127,CPATAX_20191220,CPATAX_20200326,CPATAX_20200528,CPATAX_20200625,CPATAX_20200730,CPATAX_20200827,CPATAX_20200930,CPATAX_20201125,CPATAX_20201222,CPATAX_20210325,CPATAX_20210527,CPATAX_20210624,CPATAX_20210729,CPATAX_20210826,CPATAX_20210930,CPATAX_20211124,CPATAX_20211222,CPATAX_20220330,CPATAX_20220526,CPATAX_20220629,CPATAX_20220825,CPATAX_20220929,CPATAX_20221130,CPATAX_20221222,CPATAX_20230330,CPATAX_20230525,CPATAX_20230629,CPATAX_20230830,CPATAX_20230928,CPATAX_20231129,CPATAX_20231221,CPATAX_20240328,CPATAX_20240530,CPATAX_20240627,CPATAX_20240829,CPATAX_20240926,CPATAX_20241127,CPATAX_20241219,CPATAX_20250327,CPATAX_20250529,CPATAX_20250626,CPATAX_20250828,CPATAX_20250925,CPATAX_20251223,CPATAX_20260122,CPATAX_20260409,CPATAX_20260528,CPATAX_20260625
1946-01-01,6.7,6.7,6.7,6.7,6.7,6.7,6.7,6.7,6.7,6.7,6.7,6.7,6.7,6.7,6.7,6.7,6.7,6.7,6.7,6.7,6.7,6.7,6.7,6.7,6.7,6.7,6.7,6.7,6.7,6.7,6.7,6.7,6.7,6.7,6.7,6.7,6.7,6.7,6.7,6.7,6.7,6.7,7.5,7.5,7.5,7.5,7.5,7.5,7.5,7.5,7.5,7.5,7.5,7.5,7.5,7.5,7.5,7.5,7.5,7.5,7.5,7.5,7.5,7.5,7.5,7.5,7.5,7.5,7.5,7.5,7.5,7.5,7.5,7.5,7.5,7.5,7.5,7.5,7.5,7.5,7.5,7.5,7.5,7.5,7.5,7.5,7.5,7.5,7.5,7.5,7.5,7.5,7.5,7.5,,,,,,,,,,,8.1,8.1,8.1,8.1,8.1,8.1,8.1,8.1,8.1,8.1,8.1,8.1,8.1,8.1,8.1,8.1,8.1,8.1,8.1,8.1,8.1,8.1,8.1,,,,,,,,,,,,,7.8,7.8,7.8,7.8,7.8,7.8,7.8,7.8,7.8,7.8,7.8,7.8,7.8,7.8,7.8,7.8,7.8,7.8,7.8,7.8,7.8,,,,,,,7.9,7.9,7.9,7.9,7.9,7.9,7.9,7.9,7.9,7.9,7.9,7.9,7.9,7.9,7.9,7.9,7.9,7.9,7.9,7.9,7.9,7.9,7.9,7.9,7.9,7.9,7.9,7.9,7.9,7.9,,,,,,,,,,,,,,,,,,,,,,,,,,,,,,,,,,,,,,,,,,,,,,,,,,,,,,,,,,,,,,,,,,,,,,,,,,,,,,,,,,,,,,,,,,,,,,,,,,,,,,,,,,,,,,,,,,,,,,,,,,,,,,,,,,,,,,,,,,,,,,,,,,,,,,,,,,,,,,,,,,,,,,,,,,,,,,,,,,,,
1946-04-01,8.3,8.3,8.3,8.3,8.3,8.3,8.3,8.3,8.3,8.3,8.3,8.3,8.3,8.3,8.3,8.3,8.3,8.3,8.3,8.3,8.3,8.3,8.3,8.3,8.3,8.3,8.3,8.3,8.3,8.3,8.3,8.3,8.3,8.3,8.3,8.3,8.3,8.3,8.3,8.3,8.3,8.3,8.8,8.8,8.8,8.8,8.8,8.8,8.8,8.8,8.8,8.8,8.8,8.8,8.8,8.8,8.8,8.8,8.8,8.8,8.8,8.8,8.8,8.8,8.8,8.8,8.8,8.8,8.8,8.8,8.8,8.8,8.8,8.8,8.8,8.8,8.8,8.8,8.8,8.8,8.8,8.8,8.8,8.8,8.8,8.8,8.8,8.8,8.8,8.8,8.8,8.8,8.8,8.8,,,,,,,,,,,8.9,8.9,8.9,8.9,8.9,8.9,8.9,8.9,8.9,8.9,8.9,8.9,8.9,8.9,8.9,8.9,8.9,8.9,8.9,8.9,8.9,8.9,8.9,,,,,,,,,,,,,8.8,8.8,8.8,8.8,8.8,8.8,8.8,8.8,8.8,8.8,8.8,8.8,8.8,8.8,8.8,8.8,8.8,8.8,8.8,8.8,8.8,,,,,,,9.0,9.0,9.0,9.0,9.0,9.0,9.0,9.0,9.0,9.0,9.0,9.0,9.0,9.0,9.0,9.0,9.0,9.0,9.0,9.0,9.0,9.0,9.0,9.0,9.0,9.0,9.0,9.0,9.0,9.0,,,,,,,,,,,,,,,,,,,,,,,,,,,,,,,,,,,,,,,,,,,,,,,,,,,,,,,,,,,,,,,,,,,,,,,,,,,,,,,,,,,,,,,,,,,,,,,,,,,,,,,,,,,,,,,,,,,,,,,,,,,,,,,,,,,,,,,,,,,,,,,,,,,,,,,,,,,,,,,,,,,,,,,,,,,,,,,,,,,,
1946-07-01,6.9,6.9,6.9,6.9,6.9,6.9,6.9,6.9,6.9,6.9,6.9,6.9,6.9,6.9,6.9,6.9,6.9,6.9,6.9,6.9,6.9,6.9,6.9,6.9,6.9,6.9,6.9,6.9,6.9,6.9,6.9,6.9,6.9,6.9,6.9,6.9,6.9,6.9,6.9,6.9,6.9,6.9,7.4,7.4,7.4,7.4,7.4,7.4,7.4,7.4,7.4,7.4,7.4,7.4,7.4,7.4,7.4,7.4,7.4,7.4,7.4,7.4,7.4,7.4,7.4,7.4,7.4,7.4,7.4,7.4,7.4,7.4,7.4,7.4,7.4,7.4,7.4,7.4,7.4,7.4,7.4,7.4,7.4,7.4,7.4,7.4,7.4,7.4,7.4,7.4,7.4,7.4,7.4,7.4,,,,,,,,,,,7.2,7.2,7.2,7.2,7.2,7.2,7.2,7.2,7.2,7.2,7.2,7.2,7.2,7.2,7.2,7.2,7.2,7.2,7.2,7.2,7.2,7.2,7.2,,,,,,,,,,,,,7.3,7.3,7.3,7.3,7.3,7.3,7.3,7.3,7.3,7.3,7.3,7.3,7.3,7.3,7.3,7.3,7.3,7.3,7.3,7.3,7.3,,,,,,,7.5,7.5,7.5,7.5,7.5,7.5,7.5,7.5,7.5,7.5,7.5,7.5,7.5,7.5,7.5,7.5,7.5,7.5,7.5,7.5,7.5,7.5,7.5,7.5,7.5,7.5,7.5,7.5,7.5,7.5,,,,,,,,,,,,,,,,,,,,,,,,,,,,,,,,,,,,,,,,,,,,,,,,,,,,,,,,,,,,,,,,,,,,,,,,,,,,,,,,,,,,,,,,,,,,,,,,,,,,,,,,,,,,,,,,,,,,,,,,,,,,,,,,,,,,,,,,,,,,,,,,,,,,,,,,,,,,,,,,,,,,,,,,,,,,,,,,,,,,
1946-10-01,8.0,8.0,8.0,8.0,8.0,8.0,8.0,8.0,8.0,8.0,8.0,8.0,8.0,8.0,8.0,8.0,8.0,8.0,8.0,8.0,8.0,8.0,8.0,8.0,8.0,8.0,8.0,8.0,8.0,8.0,8.0,8.0,8.0,8.0,8.0,8.0,8.0,8.0,8.0,8.0,8.0,8.0,8.5,8.5,8.5,8.5,8.5,8.5,8.5,8.5,8.5,8.5,8.5,8.5,8.5,8.5,8.5,8.5,8.5,8.5,8.5,8.5,8.5,8.5,8.5,8.5,8.5,8.5,8.5,8.5,8.5,8.5,8.5,8.5,8.5,8.5,8.5,8.5,8.5,8.5,8.5,8.5,8.5,8.5,8.5,8.5,8.5,8.5,8.5,8.5,8.5,8.5,8.5,8.5,,,,,,,,,,,8.3,8.3,8.3,8.3,8.3,8.3,8.3,8.3,8.3,8.3,8.3,8.3,8.3,8.3,8.3,8.3,8.3,8.3,8.3,8.3,8.3,8.3,8.3,,,,,,,,,,,,,8.5,8.5,8.5,8.5,8.5,8.5,8.5,8.5,8.5,8.5,8.5,8.5,8.5,8.5,8.5,8.5,8.5,8.5,8.5,8.5,8.5,,,,,,,8.7,8.7,8.7,8.7,8.7,8.7,8.7,8.7,8.7,8.7,8.7,8.7,8.7,8.7,8.7,8.7,8.7,8.7,8.7,8.7,8.7,8.7,8.7,8.7,8.7,8.7,8.7,8.7,8.7,8.7,,,,,,,,,,,,,,,,,,,,,,,,,,,,,,,,,,,,,,,,,,,,,,,,,,,,,,,,,,,,,,,,,,,,,,,,,,,,,,,,,,,,,,,,,,,,,,,,,,,,,,,,,,,,,,,,,,,,,,,,,,,,,,,,,,,,,,,,,,,,,,,,,,,,,,,,,,,,,,,,,,,,,,,,,,,,,,,,,,,,
1947-01-01,7.6,7.6,7.6,7.6,7.6,7.6,7.6,7.6,7.6,7.6,7.6,7.6,7.6,7.6,7.6,7.6,7.6,7.6,7.6,7.6,7.6,7.6,7.6,7.6,7.6,7.6,7.6,7.6,7.6,7.6,7.6,7.6,7.6,7.6,7.6,7.6,7.6,7.6,7.6,7.6,7.6,7.6,8.2,8.2,8.2,8.2,8.2,8.2,8.2,8.2,8.2,8.2,8.2,8.2,8.2,8.2,8.2,8.2,8.2,8.2,8.2,8.2,8.2,8.2,8.2,8.2,8.2,8.2,8.2,8.2,8.2,8.2,8.2,8.2,8.2,8.2,8.2,8.2,8.2,8.2,8.2,8.2,8.2,8.2,8.2,8.2,8.2,8.2,8.2,8.2,8.2,8.2,8.2,8.2,,,,,,,,,,,8.3,8.3,8.3,8.3,8.3,8.3,8.3,8.3,8.3,8.3,8.3,8.3,8.3,8.3,8.3,8.3,8.3,8.3,8.3,8.3,8.3,8.3,8.3,,,,,,,,,,,,,8.7,8.7,8.7,8.7,8.7,8.7,8.7,8.7,8.7,8.7,8.7,8.7,8.7,8.7,8.7,8.7,8.7,8.7,8.7,8.7,8.7,,,,,,,8.9,8.9,8.9,8.9,8.9,8.9,8.9,8.9,8.9,8.9,8.9,8.9,8.9,8.9,8.9,8.9,8.9,8.9,8.9,8.9,8.9,8.9,8.9,8.9,8.9,8.9,8.9,8.9,8.9,8.9,,9.1,9.1,9.1,9.1,9.1,9.1,9.1,9.1,9.1,9.1,9.1,9.1,9.1,9.1,9.1,9.1,9.1,9.1,9.1,9.1,9.1,9.1,9.1,9.1,9.1,9.1,9.1,9.1,9.1,9.1,9.1,9.1,9.1,9.1,9.1,9.1,9.1,9.1,9.1,9.1,9.1,9.1,9.1,9.1,9.1,,9.1,9.1,9.1,9.1,9.1,9.1,9.1,9.1,9.1,9.1,9.1,9.1,9.1,9.1,9.1,9.1,9.1,9.1,9.1,9.1,9.1,9.1,9.1,9.1,9.1,9.1,9.1,9.1,9.1,9.1,9.1,9.1,9.9,9.9,9.9,9.9,9.9,9.9,9.9,9.9,9.9,9.9,9.9,9.9,9.9,9.9,9.9,9.9,9.9,9.9,9.9,9.9,9.9,9.9,9.9,9.9,9.9,9.9,9.9,9.9,9.9,9.9,9.9,9.9,9.9,9.9,9.9,9.894,9.894,9.894,9.894,9.894,9.894,9.959,9.959,9.959,9.959,9.959,9.959,9.959,9.959,9.959,9.959,9.959,9.959,9.959,9.959,9.959,9.959,9.959,9.959,9.959,9.959,9.959,9.959,9.959,9.959,9.959,9.959,9.959,9.959,9.959,9.959,9.959,9.959,9.959,9.959,9.959,9.959,9.959,9.959,9.959,9.959,9.959,9.959,9.959,9.959,9.959,9.959,9.959,9.959,9.959,9.959,9.959,9.959,9.959,9.959,9.959,9.959,9.959,9.959,9.959,9.959
1947-04-01,11.8,11.8,11.8,11.8,11.8,11.8,11.8,11.8,11.8,11.8,11.8,11.8,11.8,11.8,11.8,11.8,11.8,11.8,11.8,11.8,11.8,11.8,11.8,11.8,11.8,11.8,11.8,11.8,11.8,11.8,11.8,11.8,11.8,11.8,11.8,11.8,11.8,11.8,11.8,11.8,11.8,11.8,12.4,12.4,12.4,12.4,12.4,12.4,12.4,12.4,12.4,12.4,12.4,12.4,12.4,12.4,12.4,12.4,12.4,12.4,12.4,12.4,12.4,12.4,12.4,12.4,12.4,12.4,12.4,12.4,12.4,12.4,12.4,12.4,12.4,12.4,12.4,12.4,12.4,12.4,12.4,12.4,12.4,12.4,12.4,12.4,12.4,12.4,12.4,12.4,12.4,12.4,12.4,12.4,,,,,,,,,,,12.6,12.6,12.6,12.6,12.6,12.6,12.6,12.6,12.6,12.6,12.6,12.6,12.6,12.6,12.6,12.6,12.6,12.6,12.6,12.6,12.6,12.6,12.6,,,,,,,,,,,,,12.8,12.8,12.8,12.8,12.8,12.8,12.8,12.8,12.8,12.8,12.8,12.8,12.8,12.8,12.8,12.8,12.8,12.8,12.8,12.8,12.8,,,,,,,13.0,13.0,13.0,13.0,13.0,13.0,13.0,13.0,13.0,13.0,13.0,13.0,13.0,13.0,13.0,13.0,13.0,13.0,13.0,13.0,13.0,13.0,13.0,13.0,13.0,13.0,13.0,13.0,13.0,13.0,,13.2,13.2,13.2,13.2,13.2,13.2,13.2,13.2,13.2,13.2,13.2,13.2,13.2,13.2,13.2,13.2,13.2,13.2,13.2,13.2,13.2,13.2,13.2,13.2,13.2,13.2,13.2,13.2,13.2,13.2,13.2,13.2,13.2,13.2,13.2,13.2,13.2,13.2,13.2,13.2,13.2,13.2,13.2,13.2,13.2,,13.0,13.0,13.0,13.0,13.0,13.0,13.0,13.0,13.0,13.0,13.0,13.0,13.0,13.0,13.0,13.0,13.0,13.0,13.0,13.0,13.0,13.0,13.0,13.0,13.0,13.0,13.0,13.0,13.0,13.0,13.0,13.0,13.5,13.5,13.5,13.5,13.5,13.5,13.5,13.5,13.5,13.5,13.5,13.5,13.5,13.5,13.5,13.5,13.5,13.5,13.5,13.5,13.5,13.5,13.5,13.5,13.5,13.5,13.5,13.5,13.5,13.5,13.5,13.5,13.5,13.5,13.5,13.546,13.546,13.546,13.546,13.546,13.546,13.603,13.603,13.603,13.603,13.603,13.603,13.603,13.603,13.603,13.603,13.603,13.603,13.603,13.603,13.603,13.603,13.603,13.603,13.603,13.603,13.603,13.603,13.603,13.603,13.603,13.603,13.603,13.603,13.603,13.603,13.603,13.603,13.603,13.603,13.603,13.603,13.603,13.603,13.603,13.603,13.603,13.603,13.603,13.603,13.603,13.603,13.603,13.603,13.603,13.603,13.603,13.603,13.603,13.603,13.603,13.603,13.603,13.603,13.603,13.603
1947-07-01,12.0,12.0,12.0,12.0,12.0,12.0,12.0,12.0,12.0,12.0,12.0,12.0,12.0,12.0,12.0,12.0,12.0,12.0,12.0,12.0,12.0,12.0,12.0,12.0,12.0,12.0,12.0,12.0,12.0,12.0,12.0,12.0,12.0,12.0,12.0,12.0,12.0,12.0,12.0,12.0,12.0,12.0,12.7,12.7,12.7,12.7,12.7,12.7,12.7,12.7,12.7,12.7,12.7,12.7,12.7,12.7,12.7,12.7,12.7,12.7,12.7,12.7,12.7,12.7,12.7,12.7,12.7,12.7,12.7,12.7,12.7,12.7,12.7,12.7,12.7,12.7,12.7,12.7,12.7,12.7,12.7,12.7,12.7,12.7,12.7,12.7,12.7,12.7,12.7,12.7,12.7,12.7,12.7,12.7,,,,,,,,,,,12.9,12.9,12.9,12.9,12.9,12.9,12.9,12.9,12.9,12.9,12.9,12.9,12.9,12.9,12.9,12.9,12.9,12.9,12.9,12.9,12.9,12.9,12.9,,,,,,,,,,,,,12.9,12.9,12.9,12.9,12.9,12.9,12.9,12.9,12.9,12.9,12.9,12.9,12.9,12.9,12.9,12.9,12.9,12.9,12.9,12.9,12.9,,,,,,,13.2,13.2,13.2,13.2,13.2,13.2,13.2,13.2,13.2,13.2,13.2,13.2,13.2,13.2,13.2,13.2,13.2,13.2,13.2,13.2,13.2,13.2,13.2,13.2,13.2,13.2,13.2,13.2,13.2,13.2,,13.4,13.4,13.4,13.4,13.4,13.4,13.4,13.4,13.4,13.4,13.4,13.4,13.4,13.4,13.4,13.4,13.4,13.4,13.4,13.4,13.4,13.4,13.4,13.4,13.4,13.4,13.4,13.4,13.4,13.4,13.4,13.4,13.4,13.4,13.4,13.4,13.4,13.4,13.4,13.4,13.4,13.4,13.4,13.4,13.4,,13.0,13.0,13.0,13.0,13.0,13.0,13.0,13.0,13.0,13.0,13.0,13.0,13.0,13.0,13.0,13.0,13.0,13.0,13.0,13.0,13.0,13.0,13.0,13.0,13.0,13.0,13.0,13.0,13.0,13.0,13.0,13.0,13.8,13.8,13.8,13.8,13.8,13.8,13.8,13.8,13.8,13.8,13.8,13.8,13.8,13.8,13.8,13.8,13.8,13.8,13.8,13.8,13.8,13.8,13.8,13.8,13.8,13.8,13.8,13.8,13.8,13.8,13.8,13.8,13.8,13.8,13.8,13.796,13.796,13.796,13.796,13.796,13.796,13.868,13.868,13.868,13.868,13.868,13.868,13.868,13.868,13.868,13.868,13.868,13.868,13.868,13.868,13.868,13.868,13.868,13.868,13.868,13.868,13.868,13.868,13.868,13.868,13.868,13.868,13.868,13.868,13.868,13.868,13.868,13.868,13.868,13.868,13.868,13.868,13.868,13.868,13.868,13.868,13.868,13.868,13.868,13.868,13.868,13.868,13.868,13.868,13.868,13.868,13.868,13.868,13.868,13.868,13.868,13.868,13.868,13.868,13.868,13.868
1947-10-01,12.5,12.5,12.5,12.5,12.5,12.5,12.5,12.5,12.5,12.5,12.5,12.5,12.5,12.5,12.5,12.5,12.5,12.5,12.5,12.5,12.5,12.5,12.5,12.5,12.5,12.5,12.5,12.5,12.5,12.5,12.5,12.5,12.5,12.5,12.5,12.5,12.5,12.5,12.5,12.5,12.5,12.5,13.3,13.3,13.3,13.3,13.3,13.3,13.3,13.3,13.3,13.3,13.3,13.3,13.3,13.3,13.3,13.3,13.3,13.3,13.3,13.3,13.3,13.3,13.3,13.3,13.3,13.3,13.3,13.3,13.3,13.3,13.3,13.3,13.3,13.3,13.3,13.3,13.3,13.3,13.3,13.3,13.3,13.3,13.3,13.3,13.3,13.3,13.3,13.3,13.3,13.3,13.3,13.3,,,,,,,,,,,13.7,13.7,13.7,13.7,13.7,13.7,13.7,13.7,13.7,13.7,13.7,13.7,13.7,13.7,13.7,13.7,13.7,13.7,13.7,13.7,13.7,13.7,13.7,,,,,,,,,,,,,13.6,13.6,13.6,13.6,13.6,13.6,13.6,13.6,13.6,13.6,13.6,13.6,13.6,13.6,13.6,13.6,13.6,13.6,13.6,13.6,13.6,,,,,,,13.8,13.8,13.8,13.8,13.8,13.8,13.8,13.8,13.8,13.8,13.8,13.8,13.8,13.8,13.8,13.8,13.8,13.8,13.8,13.8,13.8,13.8,13.8,13.8,13.8,13.8,13.8,13.8,13.8,13.8,,14.1,14.1,14.1,14.1,14.1,14.1,14.1,14.1,14.1,14.1,14.1,14.1,14.1,14.1,14.1,14.1,14.1,14.1,14.1,14.1,14.1,14.1,14.1,14.1,14.1,14.1,14.1,14.1,14.1,14.1,14.1,14.1,14.1,14.1,14.1,14.1,14.1,14.1,14.1,14.1,14.1,14.1,14.1,14.1,14.1,,13.7,13.7,13.7,13.7,13.7,13.7,13.7,13.7,13.7,13.7,13.7,13.7,13.7,13.7,13.7,13.7,13.7,13.7,13.7,13.7,13.7,13.7,13.7,13.7,13.7,13.7,13.7,13.7,13.7,13.7,13.7,13.7,14.3,14.3,14.3,14.3,14.3,14.3,14.3,14.3,14.3,14.3,14.3,14.3,14.3,14.3,14.3,14.3,14.3,14.3,14.3,14.3,14.3,14.3,14.3,14.3,14.3,14.3,14.3,14.3,14.3,14.3,14.3,14.3,14.3,14.3,14.3,14.347,14.347,14.347,14.347,14.347,14.347,14.455,14.455,14.455,14.455,14.455,14.455,14.455,14.455,14.455,14.455,14.455,14.455,14.455,14.455,14.455,14.455,14.455,14.455,14.455,14.455,14.455,14.455,14.455,14.455,14.455,14.455,14.455,14.455,14.455,14.455,14.455,14.455,14.455,14.455,14.455,14.455,14.455,14.455,14.455,14.455,14.455,14.455,14.455,14.455,14.455,14.455,14.455,14.455,14.455,14.455,14.455,14.455,14.455,14.455,14.455,14.455,14.455,14.455,14.455,14.455
1948-01-01,16.1,16.1,16.1,16.1,16.1,16.1,16.1,16.1,16.1,16.1,16.1,16.1,16.1,16.1,16.1,16.1,16.1,16.1,16.1,16.1,16.1,16.1,16.1,16.1,16.1,16.1,16.1,16.1,16.1,16.1,16.1,16.1,16.1,16.1,16.1,16.1,16.1,16.1,16.1,16.1,16.1,16.1,16.8,16.8,16.8,16.8,16.8,16.8,16.8,16.8,16.8,16.8,16.8,16.8,16.8,16.8,16.8,16.8,16.8,16.8,16.8,16.8,16.8,16.8,16.8,16.8,16.8,16.8,16.8,16.8,16.8,16.8,16.8,16.8,16.8,16.8,16.8,16.8,16.8,16.8,16.8,16.8,16.8,16.8,16.8,16.8,16.8,16.8,16.8,16.8,16.8,16.8,16.8,16.8,,,,,,,,,,,17.2,17.2,17.2,17.2,17.2,17.2,17.2,17.2,17.2,17.2,17.2,17.2,17.2,17.2,17.2,17.2,17.2,17.2,17.2,17.2,17.2,17.2,17.2,,,,,,,,,,,,,17.2,17.2,17.2,17.2,17.2,17.2,17.2,17.2,17.2,17.2,17.2,17.2,17.2,17.2,17.2,17.2,17.2,17.2,17.2,17.2,17.2,,,,,,,17.5,17.5,17.5,17.5,17.5,17.5,17.5,17.5,17.5,17.5,17.5,17.5,17.5,17.5,17.5,17.5,17.5,17.5,17.5,17.5,17.5,17.5,17.5,17.5,17.5,17.5,17.5,17.5,17.5,17.5,,17.8,17.8,17.8,17.8,17.8,17.8,17.8,17.8,17.8,17.8,17.8,17.8,17.8,17.8,17.8,17.8,17.8,17.8,17.8,17.8,17.8,17.8,17.8,17.8,17.8,17.8,17.8,17.8,17.8,17.8,17.8,17.8,17.8,17.8,17.8,17.8,17.8,17.8,17.8,17.8,17.8,17.8,17.8,17.8,17.8,,17.3,17.3,17.3,17.3,17.3,17.3,17.3,17.3,17.3,17.3,17.3,17.3,17.3,17.3,17.3,17.3,17.3,17.3,17.3,17.3,17.3,17.3,17.3,17.3,17.3,17.3,17.3,17.3,17.3,17.3,17.3,17.3,17.8,17.8,17.8,17.8,17.8,17.8,17.8,17.8,17.8,17.8,17.8,17.8,17.8,17.8,17.8,17.8,17.8,17.8,17.8,17.8,17.8,17.8,17.8,17.8,17.8,17.8,17.8,17.8,17.8,17.8,17.8,17.8,17.8,17.8,17.8,17.835,17.835,17.835,17.835,17.835,17.835,17.971,17.971,17.971,17.971,17.971,17.971,17.971,17.971,17.971,17.971,17.971,17.971,17.971,17.971,17.971,17.971,17.971,17.971,17.971,17.971,17.971,17.971,17.971,17.971,17.971,17.971,17.971,17.971,17.971,17.971,17.971,17.971,17.971,17.971,17.971,17.971,17.971,17.971,17.971,17.971,17.971,17.971,17.971,17.971,17.971,17.971,17.971,17.971,17.971,17.971,17.971,17.971,17.971,17.971,17.971,17.971,17.971,17.971,17.971,17.971
1948-04-01,17.2,17.2,17.2,17.2,17.2,17.2,17.2,17.2,17.2,17.2,17.2,17.2,17.2,17.2,17.2,17.2,17.2,17.2,17.2,17.2,17.2,17.2,17.2,17.2,17.2,17.2,17.2,17.2,17.2,17.2,17.2,17.2,17.2,17.2,17.2,17.2,17.2,17.2,17.2,17.2,17.2,17.2,17.9,17.9,17.9,17.9,17.9,17.9,17.9,17.9,17.9,17.9,17.9,17.9,17.9,17.9,17.9,17.9,17.9,17.9,17.9,17.9,17.9,17.9,17.9,17.9,17.9,17.9,17.9,17.9,17.9,17.9,17.9,17.9,17.9,17.9,17.9,17.9,17.9,17.9,17.9,17.9,17.9,17.9,17.9,17.9,17.9,17.9,17.9,17.9,17.9,17.9,17.9,17.9,,,,,,,,,,,18.2,18.2,18.2,18.2,18.2,18.2,18.2,18.2,18.2,18.2,18.2,18.2,18.2,18.2,18.2,18.2,18.2,18.2,18.2,18.2,18.2,18.2,18.2,,,,,,,,,,,,,18.2,18.2,18.2,18.2,18.2,18.2,18.2,18.2,18.2,18.2,18.2,18.2,18.2,18.2,18.2,18.2,18.2,18.2,18.2,18.2,18.2,,,,,,,18.5,18.5,18.5,18.5,18.5,18.5,18.5,18.5,18.5,18.5,18.5,18.5,18.5,18.5,18.5,18.5,18.5,18.5,18.5,18.5,18.5,18.5,18.5,18.5,18.5,18.5,18.5,18.5,18.5,18.5,,18.8,18.8,18.8,18.8,18.8,18.8,18.8,18.8,18.8,18.8,18.8,18.8,18.8,18.8,18.8,18.8,18.8,18.8,18.8,18.8,18.8,18.8,18.8,18.8,18.8,18.8,18.8,18.8,18.8,18.8,18.8,18.8,18.8,18.8,18.8,18.8,18.8,18.8,18.8,18.8,18.8,18.8,18.8,18.8,18.8,,18.4,18.4,18.4,18.4,18.4,18.4,18.4,18.4,18.4,18.4,18.4,18.4,18.4,18.4,18.4,18.4,18.4,18.4,18.4,18.4,18.4,18.4,18.4,18.4,18.4,18.4,18.4,18.4,18.4,18.4,18.4,18.4,19.0,19.0,19.0,19.0,19.0,19.0,19.0,19.0,19.0,19.0,19.0,19.0,19.0,19.0,19.0,19.0,19.0,19.0,19.0,19.0,19.0,19.0,19.0,19.0,19.0,19.0,19.0,19.0,19.0,19.0,19.0,19.0,19.0,19.0,19.0,18.961,18.961,18.961,18.961,18.961,18.961,19.109,19.109,19.109,19.109,19.109,19.109,19.109,19.109,19.109,19.109,19.109,19.109,19.109,19.109,19.109,19.109,19.109,19.109,19.109,19.109,19.109,19.109,19.109,19.109,19.109,19.109,19.109,19.109,19.109,19.109,19.109,19.109,19.109,19.109,19.109,19.109,19.109,19.109,19.109,19.109,19.109,19.109,19.109,19.109,19.109,19.109,19.109,19.109,19.109,19.109,19.109,19.109,19.109,19.109,19.109,19.109,19.109,19.109,19.109,19.109
1948-07-01,16.5,16.5,16.5,16.5,16.5,16.5,16.5,16.5,16.5,16.5,16.5,16.5,16.5,16.5,16.5,16.5,16.5,16.5,16.5,16.5,16.5,16.5,16.5,16.5,16.5,16.5,16.5,16.5,16.5,16.5,16.5,16.5,16.5,16.5,16.5,16.5,16.5,16.5,16.5,16.5,16.5,16.5,17.3,17.3,17.3,17.3,17.3,17.3,17.3,17.3,17.3,17.3,17.3,17.3,17.3,17.3,17.3,17.3,17.3,17.3,17.3,17.3,17.3,17.3,17.3,17.3,17.3,17.3,17.3,17.3,17.3,17.3,17.3,17.3,17.3,17.3,17.3,17.3,17.3,17.3,17.3,17.3,17.3,17.3,17.3,17.3,17.3,17.3,17.3,17.3,17.3,17.3,17.3,17.3,,,,,,,,,,,17.5,17.5,17.5,17.5,17.5,17.5,17.5,17.5,17.5,17.5,17.5,17.5,17.5,17.5,17.5,17.5,17.5,17.5,17.5,17.5,17.5,17.5,17.5,,,,,,,,,,,,,17.6,17.6,17.6,17.6,17.6,17.6,17.6,17.6,17.6,17.6,17.6,17.6,17.6,17.6,17.6,17.6,17.6,17.6,17.6,17.6,17.6,,,,,,,17.9,17.9,17.9,17.9,17.9,17.9,17.9,17.9,17.9,17.9,17.9,17.9,17.9,17.9,17.9,17.9,17.9,17.9,17.9,17.9,17.9,17.9,17.9,17.9,17.9,17.9,17.9,17.9,17.9,17.9,,18.3,18.3,18.3,18.3,18.3,18.3,18.3,18.3,18.3,18.3,18.3,18.3,18.3,18.3,18.3,18.3,18.3,18.3,18.3,18.3,18.3,18.3,18.3,18.3,18.3,18.3,18.3,18.3,18.3,18.3,18.3,18.3,18.3,18.3,18.3,18.3,18.3,18.3,18.3,18.3,18.3,18.3,18.3,18.3,18.3,,18.1,18.1,18.1,18.1,18.1,18.1,18.1,18.1,18.1,18.1,18.1,18.1,18.1,18.1,18.1,18.1,18.1,18.1,18.1,18.1,18.1,18.1,18.1,18.1,18.1,18.1,18.1,18.1,18.1,18.1,18.1,18.1,18.6,18.6,18.6,18.6,18.6,18.6,18.6,18.6,18.6,18.6,18.6,18.6,18.6,18.6,18.6,18.6,18.6,18.6,18.6,18.6,18.6,18.6,18.6,18.6,18.6,18.6,18.6,18.6,18.6,18.6,18.6,18.6,18.6,18.6,18.6,18.59,18.59,18.59,18.59,18.59,18.59,18.762,18.762,18.762,18.762,18.762,18.762,18.762,18.762,18.762,18.762,18.762,18.762,18.762,18.762,18.762,18.762,18.762,18.762,18.762,18.762,18.762,18.762,18.762,18.762,18.762,18.762,18.762,18.762,18.762,18.762,18.762,18.762,18.762,18.762,18.762,18.762,18.762,18.762,18.762,18.762,18.762,18.762,18.762,18.762,18.762,18.762,18.762,18.762,18.762,18.762,18.762,18.762,18.762,18.762,18.762,18.762,18.762,18.762,18.762,18.762
1948-10-01,18.3,18.3,18.3,18.3,18.3,18.3,18.3,18.3,18.3,18.3,18.3,18.3,18.3,18.3,18.3,18.3,18.3,18.3,18.3,18.3,18.3,18.3,18.3,18.3,18.3,18.3,18.3,18.3,18.3,18.3,18.3,18.3,18.3,18.3,18.3,18.3,18.3,18.3,18.3,18.3,18.3,18.3,19.3,19.3,19.3,19.3,19.3,19.3,19.3,19.3,19.3,19.3,19.3,19.3,19.3,19.3,19.3,19.3,19.3,19.3,19.3,19.3,19.3,19.3,19.3,19.3,19.3,19.3,19.3,19.3,19.3,19.3,19.3,19.3,19.3,19.3,19.3,19.3,19.3,19.3,19.3,19.3,19.3,19.3,19.3,19.3,19.3,19.3,19.3,19.3,19.3,19.3,19.3,19.3,,,,,,,,,,,19.5,19.5,19.5,19.5,19.5,19.5,19.5,19.5,19.5,19.5,19.5,19.5,19.5,19.5,19.5,19.5,19.5,19.5,19.5,19.5,19.5,19.5,19.5,,,,,,,,,,,,,19.4,19.4,19.4,19.4,19.4,19.4,19.4,19.4,19.4,19.4,19.4,19.4,19.4,19.4,19.4,19.4,19.4,19.4,19.4,19.4,19.4,,,,,,,19.7,19.7,19.7,19.7,19.7,19.7,19.7,19.7,19.7,19.7,19.7,19.7,19.7,19.7,19.7,19.7,19.7,19.7,19.7,19.7,19.7,19.7,19.7,19.7,19.7,19.7,19.7,19.7,19.7,19.7,,20.1,20.1,20.1,20.1,20.1,20.1,20.1,20.1,20.1,20.1,20.1,20.1,20.1,20.1,20.1,20.1,20.1,20.1,20.1,20.1,20.1,20.1,20.1,20.1,20.1,20.1,20.1,20.1,20.1,20.1,20.1,20.1,20.1,20.1,20.1,20.1,20.1,20.1,20.1,20.1,20.1,20.1,20.1,20.1,20.1,,20.1,20.1,20.1,20.1,20.1,20.1,20.1,20.1,20.1,20.1,20.1,20.1,20.1,20.1,20.1,20.1,20.1,20.1,20.1,20.1,20.1,20.1,20.1,20.1,20.1,20.1,20.1,20.1,20.1,20.1,20.1,20.1,20.5,20.5,20.5,20.5,20.5,20.5,20.5,20.5,20.5,20.5,20.5,20.5,20.5,20.5,20.5,20.5,20.5,20.5,20.5,20.5,20.5,20.5,20.5,20.5,20.5,20.5,20.5,20.5,20.5,20.5,20.5,20.5,20.5,20.5,20.5,20.502,20.502,20.502,20.502,20.502,20.502,20.713,20.713,20.713,20.713,20.713,20.713,20.713,20.713,20.713,20.713,20.713,20.713,20.713,20.713,20.713,20.713,20.713,20.713,20.713,20.713,20.713,20.713,20.713,20.713,20.713,20.713,20.713,20.713,20.713,20.713,20.713,20.713,20.713,20.713,20.713,20.713,20.713,20.713,20.713,20.713,20.713,20.713,20.713,20.713,20.713,20.713,20.713,20.713,20.713,20.713,20.713,20.713,20.713,20.713,20.713,20.713,20.713,20.713,20.713,20.713
1949-01-01,18.1,18.1,18.1,18.1,18.1,18.1,18.1,18.1,18.1,18.1,18.1,18.1,18.1,18.1,18.1,18.1,18.1,18.1,18.1,18.1,18.1,18.1,18.1,18.1,18.1,18.1,18.1,18.1,18.1,18.1,18.1,18.1,18.1,18.1,18.1,18.1,18.1,18.1,18.1,18.1,18.1,18.1,19.0,19.0,19.0,19.0,19.0,19.0,19.0,19.0,19.0,19.0,19.0,19.0,19.0,19.0,19.0,19.0,19.0,19.0,19.0,19.0,19.0,19.0,19.0,19.0,19.0,19.0,19.0,19.0,19.0,19.0,19.0,19.0,19.0,19.0,19.0,19.0,19.0,19.0,19.0,19.0,19.0,19.0,19.0,19.0,19.0,19.0,19.0,19.0,19.0,19.0,19.0,19.0,,,,,,,,,,,19.3,19.3,19.3,19.3,19.3,19.3,19.3,19.3,19.3,19.3,19.3,19.3,19.3,19.3,19.3,19.3,19.3,19.3,19.3,19.3,19.3,19.3,19.3,,,,,,,,,,,,,19.2,19.2,19.2,19.2,19.2,19.2,19.2,19.2,19.2,19.2,19.2,19.2,19.2,19.2,19.2,19.2,19.2,19.2,19.2,19.2,19.2,,,,,,,19.5,19.5,19.5,19.5,19.5,19.5,19.5,19.5,19.5,19.5,19.5,19.5,19.5,19.5,19.5,19.5,19.5,19.5,19.5,19.5,19.5,19.5,19.5,19.5,19.5,19.5,19.5,19.5,19.5,19.5,,19.9,19.9,19.9,19.9,19.9,19.9,19.9,19.9,19.9,19.9,19.9,19.9,19.9,19.9,19.9,19.9,19.9,19.9,19.9,19.9,19.9,19.9,19.9,19.9,19.9,19.9,19.9,19.9,19.9,19.9,19.9,19.9,19.9,19.9,19.9,19.9,19.9,19.9,19.9,19.9,19.9,19.9,19.9,19.9,19.9,,19.7,19.7,19.7,19.7,19.7,19.7,19.7,19.7,19.7,19.7,19.7,19.7,19.7,19.7,19.7,19.7,19.7,19.7,19.7,19.7,19.7,19.7,19.7,19.7,19.7,19.7,19.7,19.7,19.7,19.7,19.7,19.7,20.0,20.0,20.0,20.0,20.0,20.0,20.0,20.0,20.0,20.0,20.0,20.0,20.0,20.0,20.0,20.0,20.0,20.0,20.0,20.0,20.0,20.0,20.0,20.0,20.0,20.0,20.0,20.0,20.0,20.0,20.0,20.0,20.0,20.0,20.0,19.96,19.96,19.96,19.96,19.96,19.96,20.168,20.168,20.168,20.168,20.168,20.168,20.168,20.168,20.168,20.168,20.168,20.168,20.168,20.168,20.168,20.168,20.168,20.168,20.168,20.168,20.168,20.168,20.168,20.168,20.168,20.168,20.168,20.168,20.168,20.168,20.168,20.168,20.168,20.168,20.168,20.168,20.168,20.168,20.168,20.168,20.168,20.168,20.168,20.168,20.168,20.168,20.168,20.168,20.168,20.168,20.168,20.168,20.168,20.168,20.168,20.168,20.168,20.168,20.168,20.168
1949-04-01,17.0,17.0,17.0,17.0,17.0,17.0,17.0,17.0,17.0,17.0,17.0,17.0,17.0,17.0,17.0,17.0,17.0,17.0,17.0,17.0,17.0,17.0,17.0,17.0,17.0,17.0,17.0,17.0,17.0,17.0,17.0,17.0,17.0,17.0,17.0,17.0,17.0,17.0,17.0,17.0,17.0,17.0,17.9,17.9,17.9,17.9,17.9,17.9,17.9,17.9,17.9,17.9,17.9,17.9,17.9,17.9,17.9,17.9,17.9,17.9,17.9,17.9,17.9,17.9,17.9,17.9,17.9,17.9,17.9,17.9,17.9,17.9,17.9,17.9,17.9,17.9,17.9,17.9,17.9,17.9,17.9,17.9,17.9,17.9,17.9,17.9,17.9,17.9,17.9,17.9,17.9,17.9,17.9,17.9,,,,,,,,,,,18.2,18.2,18.2,18.2,18.2,18.2,18.2,18.2,18.2,18.2,18.2,18.2,18.2,18.2,18.2,18.2,18.2,18.2,18.2,18.2,18.2,18.2,18.2,,,,,,,,,,,,,18.2,18.2,18.2,18.2,18.2,18.2,18.2,18.2,18.2,18.2,18.2,18.2,18.2,18.2,18.2,18.2,18.2,18.2,18.2,18.2,18.2,,,,,,,18.5,18.5,18.5,18.5,18.5,18.5,18.5,18.5,18.5,18.5,18.5,18.5,18.5,18.5,18.5,18.5,18.5,18.5,18.5,18.5,18.5,18.5,18.5,18.5,18.5,18.5,18.5,18.5,18.5,18.5,,18.9,18.9,18.9,18.9,18.9,18.9,18.9,18.9,18.9,18.9,18.9,18.9,18.9,18.9,18.9,18.9,18.9,18.9,18.9,18.9,18.9,18.9,18.9,18.9,18.9,18.9,18.9,18.9,18.9,18.9,18.9,18.9,18.9,18.9,18.9,18.9,18.9,18.9,18.9,18.9,18.9,18.9,18.9,18.9,18.9,,18.6,18.6,18.6,18.6,18.6,18.6,18.6,18.6,18.6,18.6,18.6,18.6,18.6,18.6,18.6,18.6,18.6,18.6,18.6,18.6,18.6,18.6,18.6,18.6,18.6,18.6,18.6,18.6,18.6,18.6,18.6,18.6,18.9,18.9,18.9,18.9,18.9,18.9,18.9,18.9,18.9,18.9,18.9,18.9,18.9,18.9,18.9,18.9,18.9,18.9,18.9,18.9,18.9,18.9,18.9,18.9,18.9,18.9,18.9,18.9,18.9,18.9,18.9,18.9,18.9,18.9,18.9,18.948,18.948,18.948,18.948,18.948,18.948,19.144,19.144,19.144,19.144,19.144,19.144,19.144,19.144,19.144,19.144,19.144,19.144,19.144,19.144,19.144,19.144,19.144,19.144,19.144,19.144,19.144,19.144,19.144,19.144,19.144,19.144,19.144,19.144,19.144,19.144,19.144,19.144,19.144,19.144,19.144,19.144,19.144,19.144,19.144,19.144,19.144,19.144,19.144,19.144,19.144,19.144,19.144,19.144,19.144,19.144,19.144,19.144,19.144,19.144,19.144,19.144,19.144,19.144,19.144,19.144
1949-07-01,17.9,17.9,17.9,17.9,17.9,17.9,17.9,17.9,17.9,17.9,17.9,17.9,17.9,17.9,17.9,17.9,17.9,17.9,17.9,17.9,17.9,17.9,17.9,17.9,17.9,17.9,17.9,17.9,17.9,17.9,17.9,17.9,17.9,17.9,17.9,17.9,17.9,17.9,17.9,17.9,17.9,17.9,18.7,18.7,18.7,18.7,18.7,18.7,18.7,18.7,18.7,18.7,18.7,18.7,18.7,18.7,18.7,18.7,18.7,18.7,18.7,18.7,18.7,18.7,18.7,18.7,18.7,18.7,18.7,18.7,18.7,18.7,18.7,18.7,18.7,18.7,18.7,18.7,18.7,18.7,18.7,18.7,18.7,18.7,18.7,18.7,18.7,18.7,18.7,18.7,18.7,18.7,18.7,18.7,,,,,,,,,,,19.2,19.2,19.2,19.2,19.2,19.2,19.2,19.2,19.2,19.2,19.2,19.2,19.2,19.2,19.2,19.2,19.2,19.2,19.2,19.2,19.2,19.2,19.2,,,,,,,,,,,,,19.0,19.0,19.0,19.0,19.0,19.0,19.0,19.0,19.0,19.0,19.0,19.0,19.0,19.0,19.0,19.0,19.0,19.0,19.0,19.0,19.0,,,,,,,19.3,19.3,19.3,19.3,19.3,19.3,19.3,19.3,19.3,19.3,19.3,19.3,19.3,19.3,19.3,19.3,19.3,19.3,19.3,19.3,19.3,19.3,19.3,19.3,19.3,19.3,19.3,19.3,19.3,19.3,,19.8,19.8,19.8,19.8,19.8,19.8,19.8,19.8,19.8,19.8,19.8,19.8,19.8,19.8,19.8,19.8,19.8,19.8,19.8,19.8,19.8,19.8,19.8,19.8,19.8,19.8,19.8,19.8,19.8,19.8,19.8,19.8,19.8,19.8,19.8,19.8,19.8,19.8,19.8,19.8,19.8,19.8,19.8,19.8,19.8,,19.4,19.4,19.4,19.4,19.4,19.4,19.4,19.4,19.4,19.4,19.4,19.4,19.4,19.4,19.4,19.4,19.4,19.4,19.4,19.4,19.4,19.4,19.4,19.4,19.4,19.4,19.4,19.4,19.4,19.4,19.4,19.4,19.8,19.8,19.8,19.8,19.8,19.8,19.8,19.8,19.8,19.8,19.8,19.8,19.8,19.8,19.8,19.8,19.8,19.8,19.8,19.8,19.8,19.8,19.8,19.8,19.8,19.8,19.8,19.8,19.8,19.8,19.8,19.8,19.8,19.8,19.8,19.804,19.804,19.804,19.804,19.804,19.804,19.987,19.987,19.987,19.987,19.987,19.987,19.987,19.987,19.987,19.987,19.987,19.987,19.987,19.987,19.987,19.987,19.987,19.987,19.987,19.987,19.987,19.987,19.987,19.987,19.987,19.987,19.987,19.987,19.987,19.987,19.987,19.987,19.987,19.987,19.987,19.987,19.987,19.987,19.987,19.987,19.987,19.987,19.987,19.987,19.987,19.987,19.987,19.987,19.987,19.987,19.987,19.987,19.987,19.987,19.987,19.987,19.987,19.987,19.987,19.987
1949-10-01,14.8,14.8,14.8,14.8,14.8,14.8,14.8,14.8,14.8,14.8,14.8,14.8,14.8,14.8,14.8,14.8,14.8,14.8,14.8,14.8,14.8,14.8,14.8,14.8,14.8,14.8,14.8,14.8,14.8,14.8,14.8,14.8,14.8,14.8,14.8,14.8,14.8,14.8,14.8,14.8,14.8,14.8,15.7,15.7,15.7,15.7,15.7,15.7,15.7,15.7,15.7,15.7,15.7,15.7,15.7,15.7,15.7,15.7,15.7,15.7,15.7,15.7,15.7,15.7,15.7,15.7,15.7,15.7,15.7,15.7,15.7,15.7,15.7,15.7,15.7,15.7,15.7,15.7,15.7,15.7,15.7,15.7,15.7,15.7,15.7,15.7,15.7,15.7,15.7,15.7,15.7,15.7,15.7,15.7,,,,,,,,,,,16.1,16.1,16.1,16.1,16.1,16.1,16.1,16.1,16.1,16.1,16.1,16.1,16.1,16.1,16.1,16.1,16.1,16.1,16.1,16.1,16.1,16.1,16.1,,,,,,,,,,,,,15.9,15.9,15.9,15.9,15.9,15.9,15.9,15.9,15.9,15.9,15.9,15.9,15.9,15.9,15.9,15.9,15.9,15.9,15.9,15.9,15.9,,,,,,,16.2,16.2,16.2,16.2,16.2,16.2,16.2,16.2,16.2,16.2,16.2,16.2,16.2,16.2,16.2,16.2,16.2,16.2,16.2,16.2,16.2,16.2,16.2,16.2,16.2,16.2,16.2,16.2,16.2,16.2,,16.8,16.8,16.8,16.8,16.8,16.8,16.8,16.8,16.8,16.8,16.8,16.8,16.8,16.8,16.8,16.8,16.8,16.8,16.8,16.8,16.8,16.8,16.8,16.8,16.8,16.8,16.8,16.8,16.8,16.8,16.8,16.8,16.8,16.8,16.8,16.8,16.8,16.8,16.8,16.8,16.8,16.8,16.8,16.8,16.8,,16.3,16.3,16.3,16.3,16.3,16.3,16.3,16.3,16.3,16.3,16.3,16.3,16.3,16.3,16.3,16.3,16.3,16.3,16.3,16.3,16.3,16.3,16.3,16.3,16.3,16.3,16.3,16.3,16.3,16.3,16.3,16.3,16.7,16.7,16.7,16.7,16.7,16.7,16.7,16.7,16.7,16.7,16.7,16.7,16.7,16.7,16.7,16.7,16.7,16.7,16.7,16.7,16.7,16.7,16.7,16.7,16.7,16.7,16.7,16.7,16.7,16.7,16.7,16.7,16.7,16.7,16.7,16.708,16.708,16.708,16.708,16.708,16.708,16.892,16.892,16.892,16.892,16.892,16.892,16.892,16.892,16.892,16.892,16.892,16.892,16.892,16.892,16.892,16.892,16.892,16.892,16.892,16.892,16.892,16.892,16.892,16.892,16.892,16.892,16.892,16.892,16.892,16.892,16.892,16.892,16.892,16.892,16.892,16.892,16.892,16.892,16.892,16.892,16.892,16.892,16.892,16.892,16.892,16.892,16.892,16.892,16.892,16.892,16.892,16.892,16.892,16.892,16.892,16.892,16.892,16.892,16.892,16.892
1950-01-01,14.7,14.7,14.7,14.7,14.7,14.7,14.7,14.7,14.7,14.7,14.7,14.7,14.7,14.7,14.7,14.7,14.7,14.7,14.7,14.7,14.7,14.7,14.7,14.7,14.7,14.7,14.7,14.7,14.7,14.7,14.7,14.7,14.7,14.7,14.7,14.7,14.7,14.7,14.7,14.7,14.7,14.7,15.5,15.5,15.5,15.5,15.5,15.5,15.5,15.5,15.5,15.5,15.5,15.5,15.5,15.5,15.5,15.5,15.5,15.5,15.5,15.5,15.5,15.5,15.5,15.5,15.5,15.5,15.5,15.5,15.5,15.5,15.5,15.5,15.5,15.5,15.5,15.5,15.5,15.5,15.5,15.5,15.5,15.5,15.5,15.5,15.5,15.5,15.5,15.5,15.5,15.5,15.5,15.5,,,,,,,,,,,15.9,15.9,15.9,15.9,15.9,15.9,15.9,15.9,15.9,15.9,15.9,15.9,15.9,15.9,15.9,15.9,15.9,15.9,15.9,15.9,15.9,15.9,15.9,,,,,,,,,,,,,15.7,15.7,15.7,15.7,15.7,15.7,15.7,15.7,15.7,15.7,15.7,15.7,15.7,15.7,15.7,15.7,15.7,15.7,15.7,15.7,15.7,,,,,,,16.0,16.0,16.0,16.0,16.0,16.0,16.0,16.0,16.0,16.0,16.0,16.0,16.0,16.0,16.0,16.0,16.0,16.0,16.0,16.0,16.0,16.0,16.0,16.0,16.0,16.0,16.0,16.0,16.0,16.0,,16.6,16.6,16.6,16.6,16.6,16.6,16.6,16.6,16.6,16.6,16.6,16.6,16.6,16.6,16.6,16.6,16.6,16.6,16.6,16.6,16.6,16.6,16.6,16.6,16.6,16.6,16.6,16.6,16.6,16.6,16.6,16.6,16.6,16.6,16.6,16.6,16.6,16.6,16.6,16.6,16.6,16.6,16.6,16.6,16.6,,16.1,16.1,16.1,16.1,16.1,16.1,16.1,16.1,16.1,16.1,16.1,16.1,16.1,16.1,16.1,16.1,16.1,16.1,16.1,16.1,16.1,16.1,16.1,16.1,16.1,16.1,16.1,16.1,16.1,16.1,16.1,16.1,16.4,16.4,16.4,16.4,16.4,16.4,16.4,16.4,16.4,16.4,16.4,16.4,16.4,16.4,16.4,16.4,16.4,16.4,16.4,16.4,16.4,16.4,16.4,16.4,16.4,16.4,16.4,16.4,16.4,16.4,16.4,16.4,16.4,16.4,16.4,16.428,16.428,16.428,16.428,16.428,16.428,16.616,16.616,16.616,16.616,16.616,16.616,16.616,16.616,16.616,16.616,16.616,16.616,16.616,16.616,16.616,16.616,16.616,16.616,16.616,16.616,16.616,16.616,16.616,16.616,16.616,16.616,16.616,16.616,16.616,16.616,16.616,16.616,16.616,16.616,16.616,16.616,16.616,16.616,16.616,16.616,16.616,16.616,16.616,16.616,16.616,16.616,16.616,16.616,16.616,16.616,16.616,16.616,16.616,16.616,16.616,16.616,16.616,16.616,16.616,16.616
1950-04-01,15.6,15.6,15.6,15.6,15.6,15.6,15.6,15.6,15.6,15.6,15.6,15.6,15.6,15.6,15.6,15.6,15.6,15.6,15.6,15.6,15.6,15.6,15.6,15.6,15.6,15.6,15.6,15.6,15.6,15.6,15.6,15.6,15.6,15.6,15.6,15.6,15.6,15.6,15.6,15.6,15.6,15.6,16.4,16.4,16.4,16.4,16.4,16.4,16.4,16.4,16.4,16.4,16.4,16.4,16.4,16.4,16.4,16.4,16.4,16.4,16.4,16.4,16.4,16.4,16.4,16.4,16.4,16.4,16.4,16.4,16.4,16.4,16.4,16.4,16.4,16.4,16.4,16.4,16.4,16.4,16.4,16.4,16.4,16.4,16.4,16.4,16.4,16.4,16.4,16.4,16.4,16.4,16.4,16.4,,,,,,,,,,,16.8,16.8,16.8,16.8,16.8,16.8,16.8,16.8,16.8,16.8,16.8,16.8,16.8,16.8,16.8,16.8,16.8,16.8,16.8,16.8,16.8,16.8,16.8,,,,,,,,,,,,,16.6,16.6,16.6,16.6,16.6,16.6,16.6,16.6,16.6,16.6,16.6,16.6,16.6,16.6,16.6,16.6,16.6,16.6,16.6,16.6,16.6,,,,,,,16.9,16.9,16.9,16.9,16.9,16.9,16.9,16.9,16.9,16.9,16.9,16.9,16.9,16.9,16.9,16.9,16.9,16.9,16.9,16.9,16.9,16.9,16.9,16.9,16.9,16.9,16.9,16.9,16.9,16.9,,17.5,17.5,17.5,17.5,17.5,17.5,17.5,17.5,17.5,17.5,17.5,17.5,17.5,17.5,17.5,17.5,17.5,17.5,17.5,17.5,17.5,17.5,17.5,17.5,17.5,17.5,17.5,17.5,17.5,17.5,17.5,17.5,17.5,17.5,17.5,17.5,17.5,17.5,17.5,17.5,17.5,17.5,17.5,17.5,17.5,,17.1,17.1,17.1,17.1,17.1,17.1,17.1,17.1,17.1,17.1,17.1,17.1,17.1,17.1,17.1,17.1,17.1,17.1,17.1,17.1,17.1,17.1,17.1,17.1,17.1,17.1,17.1,17.1,17.1,17.1,17.1,17.1,17.6,17.6,17.6,17.6,17.6,17.6,17.6,17.6,17.6,17.6,17.6,17.6,17.6,17.6,17.6,17.6,17.6,17.6,17.6,17.6,17.6,17.6,17.6,17.6,17.6,17.6,17.6,17.6,17.6,17.6,17.6,17.6,17.6,17.6,17.6,17.581,17.581,17.581,17.581,17.581,17.581,17.781,17.781,17.781,17.781,17.781,17.781,17.781,17.781,17.781,17.781,17.781,17.781,17.781,17.781,17.781,17.781,17.781,17.781,17.781,17.781,17.781,17.781,17.781,17.781,17.781,17.781,17.781,17.781,17.781,17.781,17.781,17.781,17.781,17.781,17.781,17.781,17.781,17.781,17.781,17.781,17.781,17.781,17.781,17.781,17.781,17.781,17.781,17.781,17.781,17.781,17.781,17.781,17.781,17.781,17.781,17.781,17.781,17.781,17.781,17.781
1950-07-01,16.4,16.4,16.4,16.4,16.4,16.4,16.4,16.4,16.4,16.4,16.4,16.4,16.4,16.4,16.4,16.4,16.4,16.4,16.4,16.4,16.4,16.4,16.4,16.4,16.4,16.4,16.4,16.4,16.4,16.4,16.4,16.4,16.4,16.4,16.4,16.4,16.4,16.4,16.4,16.4,16.4,16.4,17.4,17.4,17.4,17.4,17.4,17.4,17.4,17.4,17.4,17.4,17.4,17.4,17.4,17.4,17.4,17.4,17.4,17.4,17.4,17.4,17.4,17.4,17.4,17.4,17.4,17.4,17.4,17.4,17.4,17.4,17.4,17.4,17.4,17.4,17.4,17.4,17.4,17.4,17.4,17.4,17.4,17.4,17.4,17.4,17.4,17.4,17.4,17.4,17.4,17.4,17.4,17.4,,,,,,,,,,,17.7,17.7,17.7,17.7,17.7,17.7,17.7,17.7,17.7,17.7,17.7,17.7,17.7,17.7,17.7,17.7,17.7,17.7,17.7,17.7,17.7,17.7,17.7,,,,,,,,,,,,,17.5,17.5,17.5,17.5,17.5,17.5,17.5,17.5,17.5,17.5,17.5,17.5,17.5,17.5,17.5,17.5,17.5,17.5,17.5,17.5,17.5,,,,,,,17.9,17.9,17.9,17.9,17.9,17.9,17.9,17.9,17.9,17.9,17.9,17.9,17.9,17.9,17.9,17.9,17.9,17.9,17.9,17.9,17.9,17.9,17.9,17.9,17.9,17.9,17.9,17.9,17.9,17.9,,18.5,18.5,18.5,18.5,18.5,18.5,18.5,18.5,18.5,18.5,18.5,18.5,18.5,18.5,18.5,18.5,18.5,18.5,18.5,18.5,18.5,18.5,18.5,18.5,18.5,18.5,18.5,18.5,18.5,18.5,18.5,18.5,18.5,18.5,18.5,18.5,18.5,18.5,18.5,18.5,18.5,18.5,18.5,18.5,18.5,,18.2,18.2,18.2,18.2,18.2,18.2,18.2,18.2,18.2,18.2,18.2,18.2,18.2,18.2,18.2,18.2,18.2,18.2,18.2,18.2,18.2,18.2,18.2,18.2,18.2,18.2,18.2,18.2,18.2,18.2,18.2,18.2,18.5,18.5,18.5,18.5,18.5,18.5,18.5,18.5,18.5,18.5,18.5,18.5,18.5,18.5,18.5,18.5,18.5,18.5,18.5,18.5,18.5,18.5,18.5,18.5,18.5,18.5,18.5,18.5,18.5,18.5,18.5,18.5,18.5,18.5,18.5,18.517,18.517,18.517,18.517,18.517,18.517,18.717,18.717,18.717,18.717,18.717,18.717,18.717,18.717,18.717,18.717,18.717,18.717,18.717,18.717,18.717,18.717,18.717,18.717,18.717,18.717,18.717,18.717,18.717,18.717,18.717,18.717,18.717,18.717,18.717,18.717,18.717,18.717,18.717,18.717,18.717,18.717,18.717,18.717,18.717,18.717,18.717,18.717,18.717,18.717,18.717,18.717,18.717,18.717,18.717,18.717,18.717,18.717,18.717,18.717,18.717,18.717,18.717,18.717,18.717,18.717
1950-10-01,17.4,17.4,17.4,17.4,17.4,17.4,17.4,17.4,17.4,17.4,17.4,17.4,17.4,17.4,17.4,17.4,17.4,17.4,17.4,17.4,17.4,17.4,17.4,17.4,17.4,17.4,17.4,17.4,17.4,17.4,17.4,17.4,17.4,17.4,17.4,17.4,17.4,17.4,17.4,17.4,17.4,17.4,18.5,18.5,18.5,18.5,18.5,18.5,18.5,18.5,18.5,18.5,18.5,18.5,18.5,18.5,18.5,18.5,18.5,18.5,18.5,18.5,18.5,18.5,18.5,18.5,18.5,18.5,18.5,18.5,18.5,18.5,18.5,18.5,18.5,18.5,18.5,18.5,18.5,18.5,18.5,18.5,18.5,18.5,18.5,18.5,18.5,18.5,18.5,18.5,18.5,18.5,18.5,18.5,,,,,,,,,,,18.8,18.8,18.8,18.8,18.8,18.8,18.8,18.8,18.8,18.8,18.8,18.8,18.8,18.8,18.8,18.8,18.8,18.8,18.8,18.8,18.8,18.8,18.8,,,,,,,,,,,,,18.7,18.7,18.7,18.7,18.7,18.7,18.7,18.7,18.7,18.7,18.7,18.7,18.7,18.7,18.7,18.7,18.7,18.7,18.7,18.7,18.7,,,,,,,19.0,19.0,19.0,19.0,19.0,19.0,19.0,19.0,19.0,19.0,19.0,19.0,19.0,19.0,19.0,19.0,19.0,19.0,19.0,19.0,19.0,19.0,19.0,19.0,19.0,19.0,19.0,19.0,19.0,19.0,,19.7,19.7,19.7,19.7,19.7,19.7,19.7,19.7,19.7,19.7,19.7,19.7,19.7,19.7,19.7,19.7,19.7,19.7,19.7,19.7,19.7,19.7,19.7,19.7,19.7,19.7,19.7,19.7,19.7,19.7,19.7,19.7,19.7,19.7,19.7,19.7,19.7,19.7,19.7,19.7,19.7,19.7,19.7,19.7,19.7,,19.4,19.4,19.4,19.4,19.4,19.4,19.4,19.4,19.4,19.4,19.4,19.4,19.4,19.4,19.4,19.4,19.4,19.4,19.4,19.4,19.4,19.4,19.4,19.4,19.4,19.4,19.4,19.4,19.4,19.4,19.4,19.4,20.0,20.0,20.0,20.0,20.0,20.0,20.0,20.0,20.0,20.0,20.0,20.0,20.0,20.0,20.0,20.0,20.0,20.0,20.0,20.0,20.0,20.0,20.0,20.0,20.0,20.0,20.0,20.0,20.0,20.0,20.0,20.0,20.0,20.0,20.0,20.007,20.007,20.007,20.007,20.007,20.007,20.208,20.208,20.208,20.208,20.208,20.208,20.208,20.208,20.208,20.208,20.208,20.208,20.208,20.208,20.208,20.208,20.208,20.208,20.208,20.208,20.208,20.208,20.208,20.208,20.208,20.208,20.208,20.208,20.208,20.208,20.208,20.208,20.208,20.208,20.208,20.208,20.208,20.208,20.208,20.208,20.208,20.208,20.208,20.208,20.208,20.208,20.208,20.208,20.208,20.208,20.208,20.208,20.208,20.208,20.208,20.208,20.208,20.208,20.208,20.208
1951-01-01,11.9,11.9,11.9,11.9,11.9,11.9,11.9,11.9,11.9,11.9,11.9,11.9,11.9,11.9,11.9,11.9,11.9,11.9,11.9,11.9,11.9,11.9,11.9,11.9,11.9,11.9,11.9,11.9,11.9,11.9,11.9,11.9,11.9,11.9,11.9,11.9,11.9,11.9,11.9,11.9,11.9,11.9,12.9,12.9,12.9,12.9,12.9,12.9,12.9,12.9,12.9,12.9,12.9,12.9,12.9,12.9,12.9,12.9,12.9,12.9,12.9,12.9,12.9,12.9,12.9,12.9,12.9,12.9,12.9,12.9,12.9,12.9,12.9,12.9,12.9,12.9,12.9,12.9,12.9,12.9,12.9,12.9,12.9,12.9,12.9,12.9,12.9,12.9,12.9,12.9,12.9,12.9,12.9,12.9,,,,,,,,,,,13.2,13.2,13.2,13.2,13.2,13.2,13.2,13.2,13.2,13.2,13.2,13.2,13.2,13.2,13.2,13.2,13.2,13.2,13.2,13.2,13.2,13.2,13.2,,,,,,,,,,,,,13.0,13.0,13.0,13.0,13.0,13.0,13.0,13.0,13.0,13.0,13.0,13.0,13.0,13.0,13.0,13.0,13.0,13.0,13.0,13.0,13.0,,,,,,,13.4,13.4,13.4,13.4,13.4,13.4,13.4,13.4,13.4,13.4,13.4,13.4,13.4,13.4,13.4,13.4,13.4,13.4,13.4,13.4,13.4,13.4,13.4,13.4,13.4,13.4,13.4,13.4,13.4,13.4,,14.2,14.2,14.2,14.2,14.2,14.2,14.2,14.2,14.2,14.2,14.2,14.2,14.2,14.2,14.2,14.2,14.2,14.2,14.2,14.2,14.2,14.2,14.2,14.2,14.2,14.2,14.2,14.2,14.2,14.2,14.2,14.2,14.2,14.2,14.2,14.2,14.2,14.2,14.2,14.2,14.2,14.2,14.2,14.2,14.2,,13.9,13.9,13.9,13.9,13.9,13.9,13.9,13.9,13.9,13.9,13.9,13.9,13.9,13.9,13.9,13.9,13.9,13.9,13.9,13.9,13.9,13.9,13.9,13.9,13.9,13.9,13.9,13.9,13.9,13.9,13.9,13.9,14.4,14.4,14.4,14.4,14.4,14.4,14.4,14.4,14.4,14.4,14.4,14.4,14.4,14.4,14.4,14.4,14.4,14.4,14.4,14.4,14.4,14.4,14.4,14.4,14.4,14.4,14.4,14.4,14.4,14.4,14.4,14.4,14.4,14.4,14.4,14.437,14.437,14.437,14.437,14.437,14.437,14.668,14.668,14.668,14.668,14.668,14.668,14.668,14.668,14.668,14.668,14.668,14.668,14.668,14.668,14.668,14.668,14.668,14.668,14.668,14.668,14.668,14.668,14.668,14.668,14.668,14.668,14.668,14.668,14.668,14.668,14.668,14.668,14.668,14.668,14.668,14.668,14.668,14.668,14.668,14.668,14.668,14.668,14.668,14.668,14.668,14.668,14.668,14.668,14.668,14.668,14.668,14.668,14.668,14.668,14.668,14.668,14.668,14.668,14.668,14.668
1951-04-01,16.0,16.0,16.0,16.0,16.0,16.0,16.0,16.0,16.0,16.0,16.0,16.0,16.0,16.0,16.0,16.0,16.0,16.0,16.0,16.0,16.0,16.0,16.0,16.0,16.0,16.0,16.0,16.0,16.0,16.0,16.0,16.0,16.0,16.0,16.0,16.0,16.0,16.0,16.0,16.0,16.0,16.0,17.2,17.2,17.2,17.2,17.2,17.2,17.2,17.2,17.2,17.2,17.2,17.2,17.2,17.2,17.2,17.2,17.2,17.2,17.2,17.2,17.2,17.2,17.2,17.2,17.2,17.2,17.2,17.2,17.2,17.2,17.2,17.2,17.2,17.2,17.2,17.2,17.2,17.2,17.2,17.2,17.2,17.2,17.2,17.2,17.2,17.2,17.2,17.2,17.2,17.2,17.2,17.2,,,,,,,,,,,17.3,17.3,17.3,17.3,17.3,17.3,17.3,17.3,17.3,17.3,17.3,17.3,17.3,17.3,17.3,17.3,17.3,17.3,17.3,17.3,17.3,17.3,17.3,,,,,,,,,,,,,17.1,17.1,17.1,17.1,17.1,17.1,17.1,17.1,17.1,17.1,17.1,17.1,17.1,17.1,17.1,17.1,17.1,17.1,17.1,17.1,17.1,,,,,,,17.5,17.5,17.5,17.5,17.5,17.5,17.5,17.5,17.5,17.5,17.5,17.5,17.5,17.5,17.5,17.5,17.5,17.5,17.5,17.5,17.5,17.5,17.5,17.5,17.5,17.5,17.5,17.5,17.5,17.5,,18.3,18.3,18.3,18.3,18.3,18.3,18.3,18.3,18.3,18.3,18.3,18.3,18.3,18.3,18.3,18.3,18.3,18.3,18.3,18.3,18.3,18.3,18.3,18.3,18.3,18.3,18.3,18.3,18.3,18.3,18.3,18.3,18.3,18.3,18.3,18.3,18.3,18.3,18.3,18.3,18.3,18.3,18.3,18.3,18.3,,17.9,17.9,17.9,17.9,17.9,17.9,17.9,17.9,17.9,17.9,17.9,17.9,17.9,17.9,17.9,17.9,17.9,17.9,17.9,17.9,17.9,17.9,17.9,17.9,17.9,17.9,17.9,17.9,17.9,17.9,17.9,17.9,18.3,18.3,18.3,18.3,18.3,18.3,18.3,18.3,18.3,18.3,18.3,18.3,18.3,18.3,18.3,18.3,18.3,18.3,18.3,18.3,18.3,18.3,18.3,18.3,18.3,18.3,18.3,18.3,18.3,18.3,18.3,18.3,18.3,18.3,18.3,18.305,18.305,18.305,18.305,18.305,18.305,18.564,18.564,18.564,18.564,18.564,18.564,18.564,18.564,18.564,18.564,18.564,18.564,18.564,18.564,18.564,18.564,18.564,18.564,18.564,18.564,18.564,18.564,18.564,18.564,18.564,18.564,18.564,18.564,18.564,18.564,18.564,18.564,18.564,18.564,18.564,18.564,18.564,18.564,18.564,18.564,18.564,18.564,18.564,18.564,18.564,18.564,18.564,18.564,18.564,18.564,18.564,18.564,18.564,18.564,18.564,18.564,18.564,18.564,18.564,18.564
1951-07-01,18.6,18.6,18.6,18.6,18.6,18.6,18.6,18.6,18.6,18.6,18.6,18.6,18.6,18.6,18.6,18.6,18.6,18.6,18.6,18.6,18.6,18.6,18.6,18.6,18.6,18.6,18.6,18.6,18.6,18.6,18.6,18.6,18.6,18.6,18.6,18.6,18.6,18.6,18.6,18.6,18.6,18.6,19.8,19.8,19.8,19.8,19.8,19.8,19.8,19.8,19.8,19.8,19.8,19.8,19.8,19.8,19.8,19.8,19.8,19.8,19.8,19.8,19.8,19.8,19.8,19.8,19.8,19.8,19.8,19.8,19.8,19.8,19.8,19.8,19.8,19.8,19.8,19.8,19.8,19.8,19.8,19.8,19.8,19.8,19.8,19.8,19.8,19.8,19.8,19.8,19.8,19.8,19.8,19.8,,,,,,,,,,,20.1,20.1,20.1,20.1,20.1,20.1,20.1,20.1,20.1,20.1,20.1,20.1,20.1,20.1,20.1,20.1,20.1,20.1,20.1,20.1,20.1,20.1,20.1,,,,,,,,,,,,,19.9,19.9,19.9,19.9,19.9,19.9,19.9,19.9,19.9,19.9,19.9,19.9,19.9,19.9,19.9,19.9,19.9,19.9,19.9,19.9,19.9,,,,,,,20.3,20.3,20.3,20.3,20.3,20.3,20.3,20.3,20.3,20.3,20.3,20.3,20.3,20.3,20.3,20.3,20.3,20.3,20.3,20.3,20.3,20.3,20.3,20.3,20.3,20.3,20.3,20.3,20.3,20.3,,21.1,21.1,21.1,21.1,21.1,21.1,21.1,21.1,21.1,21.1,21.1,21.1,21.1,21.1,21.1,21.1,21.1,21.1,21.1,21.1,21.1,21.1,21.1,21.1,21.1,21.1,21.1,21.1,21.1,21.1,21.1,21.1,21.1,21.1,21.1,21.1,21.1,21.1,21.1,21.1,21.1,21.1,21.1,21.1,21.1,,20.6,20.6,20.6,20.6,20.6,20.6,20.6,20.6,20.6,20.6,20.6,20.6,20.6,20.6,20.6,20.6,20.6,20.6,20.6,20.6,20.6,20.6,20.6,20.6,20.6,20.6,20.6,20.6,20.6,20.6,20.6,20.6,21.0,21.0,21.0,21.0,21.0,21.0,21.0,21.0,21.0,21.0,21.0,21.0,21.0,21.0,21.0,21.0,21.0,21.0,21.0,21.0,21.0,21.0,21.0,21.0,21.0,21.0,21.0,21.0,21.0,21.0,21.0,21.0,21.0,21.0,21.0,20.974,20.974,20.974,20.974,20.974,20.974,21.229,21.229,21.229,21.229,21.229,21.229,21.229,21.229,21.229,21.229,21.229,21.229,21.229,21.229,21.229,21.229,21.229,21.229,21.229,21.229,21.229,21.229,21.229,21.229,21.229,21.229,21.229,21.229,21.229,21.229,21.229,21.229,21.229,21.229,21.229,21.229,21.229,21.229,21.229,21.229,21.229,21.229,21.229,21.229,21.229,21.229,21.229,21.229,21.229,21.229,21.229,21.229,21.229,21.229,21.229,21.229,21.229,21.229,21.229,21.229
1951-10-01,18.0,18.0,18.0,18.0,18.0,18.0,18.0,18.0,18.0,18.0,18.0,18.0,18.0,18.0,18.0,18.0,18.0,18.0,18.0,18.0,18.0,18.0,18.0,18.0,18.0,18.0,18.0,18.0,18.0,18.0,18.0,18.0,18.0,18.0,18.0,18.0,18.0,18.0,18.0,18.0,18.0,18.0,19.4,19.4,19.4,19.4,19.4,19.4,19.4,19.4,19.4,19.4,19.4,19.4,19.4,19.4,19.4,19.4,19.4,19.4,19.4,19.4,19.4,19.4,19.4,19.4,19.4,19.4,19.4,19.4,19.4,19.4,19.4,19.4,19.4,19.4,19.4,19.4,19.4,19.4,19.4,19.4,19.4,19.4,19.4,19.4,19.4,19.4,19.4,19.4,19.4,19.4,19.4,19.4,,,,,,,,,,,19.9,19.9,19.9,19.9,19.9,19.9,19.9,19.9,19.9,19.9,19.9,19.9,19.9,19.9,19.9,19.9,19.9,19.9,19.9,19.9,19.9,19.9,19.9,,,,,,,,,,,,,19.8,19.8,19.8,19.8,19.8,19.8,19.8,19.8,19.8,19.8,19.8,19.8,19.8,19.8,19.8,19.8,19.8,19.8,19.8,19.8,19.8,,,,,,,20.1,20.1,20.1,20.1,20.1,20.1,20.1,20.1,20.1,20.1,20.1,20.1,20.1,20.1,20.1,20.1,20.1,20.1,20.1,20.1,20.1,20.1,20.1,20.1,20.1,20.1,20.1,20.1,20.1,20.1,,21,21,21,21,21,21,21,21,21,21,21,21,21,21,21,21,21,21,21,21,21,21,21,21,21,21,21,21,21,21,21,21,21,21,21,21,21,21,21,21,21,21,21,21,21,,20.5,20.5,20.5,20.5,20.5,20.5,20.5,20.5,20.5,20.5,20.5,20.5,20.5,20.5,20.5,20.5,20.5,20.5,20.5,20.5,20.5,20.5,20.5,20.5,20.5,20.5,20.5,20.5,20.5,20.5,20.5,20.5,20.8,20.8,20.8,20.8,20.8,20.8,20.8,20.8,20.8,20.8,20.8,20.8,20.8,20.8,20.8,20.8,20.8,20.8,20.8,20.8,20.8,20.8,20.8,20.8,20.8,20.8,20.8,20.8,20.8,20.8,20.8,20.8,20.8,20.8,20.8,20.842,20.842,20.842,20.842,20.842,20.842,21.114,21.114,21.114,21.114,21.114,21.114,21.114,21.114,21.114,21.114,21.114,21.114,21.114,21.114,21.114,21.114,21.114,21.114,21.114,21.114,21.114,21.114,21.114,21.114,21.114,21.114,21.114,21.114,21.114,21.114,21.114,21.114,21.114,21.114,21.114,21.114,21.114,21.114,21.114,21.114,21.114,21.114,21.114,21.114,21.114,21.114,21.114,21.114,21.114,21.114,21.114,21.114,21.114,21.114,21.114,21.114,21.114,21.114,21.114,21.114
1952-01-01,17.4,17.4,17.4,17.4,17.4,17.4,17.4,17.4,17.4,17.4,17.4,17.4,17.4,17.4,17.4,17.4,17.4,17.4,17.4,17.4,17.4,17.4,17.4,17.4,17.4,17.4,17.4,17.4,17.4,17.4,17.4,17.4,17.4,17.4,17.4,17.4,17.4,17.4,17.4,17.4,17.4,17.4,18.7,18.7,18.7,18.7,18.7,18.7,18.7,18.7,18.7,18.7,18.7,18.7,18.7,18.7,18.7,18.7,18.7,18.7,18.7,18.7,18.7,18.7,18.7,18.7,18.7,18.7,18.7,18.7,18.7,18.7,18.7,18.7,18.7,18.7,18.7,18.7,18.7,18.7,18.7,18.7,18.7,18.7,18.7,18.7,18.7,18.7,18.7,18.7,18.7,18.7,18.7,18.7,,,,,,,,,,,19.0,19.0,19.0,19.0,19.0,19.0,19.0,19.0,19.0,19.0,19.0,19.0,19.0,19.0,19.0,19.0,19.0,19.0,19.0,19.0,19.0,19.0,19.0,,,,,,,,,,,,,18.8,18.8,18.8,18.8,18.8,18.8,18.8,18.8,18.8,18.8,18.8,18.8,18.8,18.8,18.8,18.8,18.8,18.8,18.8,18.8,18.8,,,,,,,19.2,19.2,19.2,19.2,19.2,19.2,19.2,19.2,19.2,19.2,19.2,19.2,19.2,19.2,19.2,19.2,19.2,19.2,19.2,19.2,19.2,19.2,19.2,19.2,19.2,19.2,19.2,19.2,19.2,19.2,,20,20,20,20,20,20,20,20,20,20,20,20,20,20,20,20,20,20,20,20,20,20,20,20,20,20,20,20,20,20,20,20,20,20,20,20,20,20,20,20,20,20,20,20,20,,19.7,19.7,19.7,19.7,19.7,19.7,19.7,19.7,19.7,19.7,19.7,19.7,19.7,19.7,19.7,19.7,19.7,19.7,19.7,19.7,19.7,19.7,19.7,19.7,19.7,19.7,19.7,19.7,19.7,19.7,19.7,19.7,20.2,20.2,20.2,20.2,20.2,20.2,20.2,20.2,20.2,20.2,20.2,20.2,20.2,20.2,20.2,20.2,20.2,20.2,20.2,20.2,20.2,20.2,20.2,20.2,20.2,20.2,20.2,20.2,20.2,20.2,20.2,20.2,20.2,20.2,20.2,20.223,20.223,20.223,20.223,20.223,20.223,20.498,20.498,20.498,20.498,20.498,20.498,20.498,20.498,20.498,20.498,20.498,20.498,20.498,20.498,20.498,20.498,20.498,20.498,20.498,20.498,20.498,20.498,20.498,20.498,20.498,20.498,20.498,20.498,20.498,20.498,20.498,20.498,20.498,20.498,20.498,20.498,20.498,20.498,20.498,20.498,20.498,20.498,20.498,20.498,20.498,20.498,20.498,20.498,20.498,20.498,20.498,20.498,20.498,20.498,20.498,20.498,20.498,20.498,20.498,20.498
1952-04-01,16.1,16.1,16.1,16.1,16.1,16.1,16.1,16.1,16.1,16.1,16.1,16.1,16.1,16.1,16.1,16.1,16.1,16.1,16.1,16.1,16.1,16.1,16.1,16.1,16.1,16.1,16.1,16.1,16.1,16.1,16.1,16.1,16.1,16.1,16.1,16.1,16.1,16.1,16.1,16.1,16.1,16.1,17.4,17.4,17.4,17.4,17.4,17.4,17.4,17.4,17.4,17.4,17.4,17.4,17.4,17.4,17.4,17.4,17.4,17.4,17.4,17.4,17.4,17.4,17.4,17.4,17.4,17.4,17.4,17.4,17.4,17.4,17.4,17.4,17.4,17.4,17.4,17.4,17.4,17.4,17.4,17.4,17.4,17.4,17.4,17.4,17.4,17.4,17.4,17.4,17.4,17.4,17.4,17.4,,,,,,,,,,,17.9,17.9,17.9,17.9,17.9,17.9,17.9,17.9,17.9,17.9,17.9,17.9,17.9,17.9,17.9,17.9,17.9,17.9,17.9,17.9,17.9,17.9,17.9,,,,,,,,,,,,,17.8,17.8,17.8,17.8,17.8,17.8,17.8,17.8,17.8,17.8,17.8,17.8,17.8,17.8,17.8,17.8,17.8,17.8,17.8,17.8,17.8,,,,,,,18.2,18.2,18.2,18.2,18.2,18.2,18.2,18.2,18.2,18.2,18.2,18.2,18.2,18.2,18.2,18.2,18.2,18.2,18.2,18.2,18.2,18.2,18.2,18.2,18.2,18.2,18.2,18.2,18.2,18.2,,19.1,19.1,19.1,19.1,19.1,19.1,19.1,19.1,19.1,19.1,19.1,19.1,19.1,19.1,19.1,19.1,19.1,19.1,19.1,19.1,19.1,19.1,19.1,19.1,19.1,19.1,19.1,19.1,19.1,19.1,19.1,19.1,19.1,19.1,19.1,19.1,19.1,19.1,19.1,19.1,19.1,19.1,19.1,19.1,19.1,,18.8,18.8,18.8,18.8,18.8,18.8,18.8,18.8,18.8,18.8,18.8,18.8,18.8,18.8,18.8,18.8,18.8,18.8,18.8,18.8,18.8,18.8,18.8,18.8,18.8,18.8,18.8,18.8,18.8,18.8,18.8,18.8,19.5,19.5,19.5,19.5,19.5,19.5,19.5,19.5,19.5,19.5,19.5,19.5,19.5,19.5,19.5,19.5,19.5,19.5,19.5,19.5,19.5,19.5,19.5,19.5,19.5,19.5,19.5,19.5,19.5,19.5,19.5,19.5,19.5,19.5,19.5,19.477,19.477,19.477,19.477,19.477,19.477,19.757,19.757,19.757,19.757,19.757,19.757,19.757,19.757,19.757,19.757,19.757,19.757,19.757,19.757,19.757,19.757,19.757,19.757,19.757,19.757,19.757,19.757,19.757,19.757,19.757,19.757,19.757,19.757,19.757,19.757,19.757,19.757,19.757,19.757,19.757,19.757,19.757,19.757,19.757,19.757,19.757,19.757,19.757,19.757,19.757,19.757,19.757,19.757,19.757,19.757,19.757,19.757,19.757,19.757,19.757,19.757,19.757,19.757,19.757,19.757
1952-07-01,15.7,15.7,15.7,15.7,15.7,15.7,15.7,15.7,15.7,15.7,15.7,15.7,15.7,15.7,15.7,15.7,15.7,15.7,15.7,15.7,15.7,15.7,15.7,15.7,15.7,15.7,15.7,15.7,15.7,15.7,15.7,15.7,15.7,15.7,15.7,15.7,15.7,15.7,15.7,15.7,15.7,15.7,17.1,17.1,17.1,17.1,17.1,17.1,17.1,17.1,17.1,17.1,17.1,17.1,17.1,17.1,17.1,17.1,17.1,17.1,17.1,17.1,17.1,17.1,17.1,17.1,17.1,17.1,17.1,17.1,17.1,17.1,17.1,17.1,17.1,17.1,17.1,17.1,17.1,17.1,17.1,17.1,17.1,17.1,17.1,17.1,17.1,17.1,17.1,17.1,17.1,17.1,17.1,17.1,,,,,,,,,,,17.7,17.7,17.7,17.7,17.7,17.7,17.7,17.7,17.7,17.7,17.7,17.7,17.7,17.7,17.7,17.7,17.7,17.7,17.7,17.7,17.7,17.7,17.7,,,,,,,,,,,,,17.7,17.7,17.7,17.7,17.7,17.7,17.7,17.7,17.7,17.7,17.7,17.7,17.7,17.7,17.7,17.7,17.7,17.7,17.7,17.7,17.7,,,,,,,18.1,18.1,18.1,18.1,18.1,18.1,18.1,18.1,18.1,18.1,18.1,18.1,18.1,18.1,18.1,18.1,18.1,18.1,18.1,18.1,18.1,18.1,18.1,18.1,18.1,18.1,18.1,18.1,18.1,18.1,,19,19,19,19,19,19,19,19,19,19,19,19,19,19,19,19,19,19,19,19,19,19,19,19,19,19,19,19,19,19,19,19,19,19,19,19,19,19,19,19,19,19,19,19,19,,18.5,18.5,18.5,18.5,18.5,18.5,18.5,18.5,18.5,18.5,18.5,18.5,18.5,18.5,18.5,18.5,18.5,18.5,18.5,18.5,18.5,18.5,18.5,18.5,18.5,18.5,18.5,18.5,18.5,18.5,18.5,18.5,19.5,19.5,19.5,19.5,19.5,19.5,19.5,19.5,19.5,19.5,19.5,19.5,19.5,19.5,19.5,19.5,19.5,19.5,19.5,19.5,19.5,19.5,19.5,19.5,19.5,19.5,19.5,19.5,19.5,19.5,19.5,19.5,19.5,19.5,19.5,19.463,19.463,19.463,19.463,19.463,19.463,19.764,19.764,19.764,19.764,19.764,19.764,19.764,19.764,19.764,19.764,19.764,19.764,19.764,19.764,19.764,19.764,19.764,19.764,19.764,19.764,19.764,19.764,19.764,19.764,19.764,19.764,19.764,19.764,19.764,19.764,19.764,19.764,19.764,19.764,19.764,19.764,19.764,19.764,19.764,19.764,19.764,19.764,19.764,19.764,19.764,19.764,19.764,19.764,19.764,19.764,19.764,19.764,19.764,19.764,19.764,19.764,19.764,19.764,19.764,19.764
1952-10-01,17.7,17.7,17.7,17.7,17.7,17.7,17.7,17.7,17.7,17.7,17.7,17.7,17.7,17.7,17.7,17.7,17.7,17.7,17.7,17.7,17.7,17.7,17.7,17.7,17.7,17.7,17.7,17.7,17.7,17.7,17.7,17.7,17.7,17.7,17.7,17.7,17.7,17.7,17.7,17.7,17.7,17.7,19.1,19.1,19.1,19.1,19.1,19.1,19.1,19.1,19.1,19.1,19.1,19.1,19.1,19.1,19.1,19.1,19.1,19.1,19.1,19.1,19.1,19.1,19.1,19.1,19.1,19.1,19.1,19.1,19.1,19.1,19.1,19.1,19.1,19.1,19.1,19.1,19.1,19.1,19.1,19.1,19.1,19.1,19.1,19.1,19.1,19.1,19.1,19.1,19.1,19.1,19.1,19.1,,,,,,,,,,,19.8,19.8,19.8,19.8,19.8,19.8,19.8,19.8,19.8,19.8,19.8,19.8,19.8,19.8,19.8,19.8,19.8,19.8,19.8,19.8,19.8,19.8,19.8,,,,,,,,,,,,,20.0,20.0,20.0,20.0,20.0,20.0,20.0,20.0,20.0,20.0,20.0,20.0,20.0,20.0,20.0,20.0,20.0,20.0,20.0,20.0,20.0,,,,,,,20.4,20.4,20.4,20.4,20.4,20.4,20.4,20.4,20.4,20.4,20.4,20.4,20.4,20.4,20.4,20.4,20.4,20.4,20.4,20.4,20.4,20.4,20.4,20.4,20.4,20.4,20.4,20.4,20.4,20.4,,21.3,21.3,21.3,21.3,21.3,21.3,21.3,21.3,21.3,21.3,21.3,21.3,21.3,21.3,21.3,21.3,21.3,21.3,21.3,21.3,21.3,21.3,21.3,21.3,21.3,21.3,21.3,21.3,21.3,21.3,21.3,21.3,21.3,21.3,21.3,21.3,21.3,21.3,21.3,21.3,21.3,21.3,21.3,21.3,21.3,,20.8,20.8,20.8,20.8,20.8,20.8,20.8,20.8,20.8,20.8,20.8,20.8,20.8,20.8,20.8,20.8,20.8,20.8,20.8,20.8,20.8,20.8,20.8,20.8,20.8,20.8,20.8,20.8,20.8,20.8,20.8,20.8,21.9,21.9,21.9,21.9,21.9,21.9,21.9,21.9,21.9,21.9,21.9,21.9,21.9,21.9,21.9,21.9,21.9,21.9,21.9,21.9,21.9,21.9,21.9,21.9,21.9,21.9,21.9,21.9,21.9,21.9,21.9,21.9,21.9,21.9,21.9,21.9,21.9,21.9,21.9,21.9,21.9,22.212,22.212,22.212,22.212,22.212,22.212,22.212,22.212,22.212,22.212,22.212,22.212,22.212,22.212,22.212,22.212,22.212,22.212,22.212,22.212,22.212,22.212,22.212,22.212,22.212,22.212,22.212,22.212,22.212,22.212,22.212,22.212,22.212,22.212,22.212,22.212,22.212,22.212,22.212,22.212,22.212,22.212,22.212,22.212,22.212,22.212,22.212,22.212,22.212,22.212,22.212,22.212,22.212,22.212,22.212,22.212,22.212,22.212,22.212,22.212
1953-01-01,17.7,17.7,17.7,17.7,17.7,17.7,17.7,17.7,17.7,17.7,17.7,17.7,17.7,17.7,17.7,17.7,17.7,17.7,17.7,17.7,17.7,17.7,17.7,17.7,17.7,17.7,17.7,17.7,17.7,17.7,17.7,17.7,17.7,17.7,17.7,17.7,17.7,17.7,17.7,17.7,17.7,17.7,19.0,19.0,19.0,19.0,19.0,19.0,19.0,19.0,19.0,19.0,19.0,19.0,19.0,19.0,19.0,19.0,19.0,19.0,19.0,19.0,19.0,19.0,19.0,19.0,19.0,19.0,19.0,19.0,19.0,19.0,19.0,19.0,19.0,19.0,19.0,19.0,19.0,19.0,19.0,19.0,19.0,19.0,19.0,19.0,19.0,19.0,19.0,19.0,19.0,19.0,19.0,19.0,,,,,,,,,,,19.5,19.5,19.5,19.5,19.5,19.5,19.5,19.5,19.5,19.5,19.5,19.5,19.5,19.5,19.5,19.5,19.5,19.5,19.5,19.5,19.5,19.5,19.5,,,,,,,,,,,,,19.5,19.5,19.5,19.5,19.5,19.5,19.5,19.5,19.5,19.5,19.5,19.5,19.5,19.5,19.5,19.5,19.5,19.5,19.5,19.5,19.5,,,,,,,20.0,20.0,20.0,20.0,20.0,20.0,20.0,20.0,20.0,20.0,20.0,20.0,20.0,20.0,20.0,20.0,20.0,20.0,20.0,20.0,20.0,20.0,20.0,20.0,20.0,20.0,20.0,20.0,20.0,20.0,,21,21,21,21,21,21,21,21,21,21,21,21,21,21,21,21,21,21,21,21,21,21,21,21,21,21,21,21,21,21,21,21,21,21,21,21,21,21,21,21,21,21,21,21,21,,20.4,20.4,20.4,20.4,20.4,20.4,20.4,20.4,20.4,20.4,20.4,20.4,20.4,20.4,20.4,20.4,20.4,20.4,20.4,20.4,20.4,20.4,20.4,20.4,20.4,20.4,20.4,20.4,20.4,20.4,20.4,20.4,21.7,21.7,21.7,21.7,21.7,21.7,21.7,21.7,21.7,21.7,21.7,21.7,21.7,21.7,21.7,21.7,21.7,21.7,21.7,21.7,21.7,21.7,21.7,21.7,21.7,21.7,21.7,21.7,21.7,21.7,21.7,21.7,21.7,21.7,21.7,21.724,21.724,21.724,21.724,21.724,21.724,22.056,22.056,22.056,22.056,22.056,22.056,22.056,22.056,22.056,22.056,22.056,22.056,22.056,22.056,22.056,22.056,22.056,22.056,22.056,22.056,22.056,22.056,22.056,22.056,22.056,22.056,22.056,22.056,22.056,22.056,22.056,22.056,22.056,22.056,22.056,22.056,22.056,22.056,22.056,22.056,22.056,22.056,22.056,22.056,22.056,22.056,22.056,22.056,22.056,22.056,22.056,22.056,22.056,22.056,22.056,22.056,22.056,22.056,22.056,22.056
1953-04-01,16.8,16.8,16.8,16.8,16.8,16.8,16.8,16.8,16.8,16.8,16.8,16.8,16.8,16.8,16.8,16.8,16.8,16.8,16.8,16.8,16.8,16.8,16.8,16.8,16.8,16.8,16.8,16.8,16.8,16.8,16.8,16.8,16.8,16.8,16.8,16.8,16.8,16.8,16.8,16.8,16.8,16.8,18.1,18.1,18.1,18.1,18.1,18.1,18.1,18.1,18.1,18.1,18.1,18.1,18.1,18.1,18.1,18.1,18.1,18.1,18.1,18.1,18.1,18.1,18.1,18.1,18.1,18.1,18.1,18.1,18.1,18.1,18.1,18.1,18.1,18.1,18.1,18.1,18.1,18.1,18.1,18.1,18.1,18.1,18.1,18.1,18.1,18.1,18.1,18.1,18.1,18.1,18.1,18.1,,,,,,,,,,,18.5,18.5,18.5,18.5,18.5,18.5,18.5,18.5,18.5,18.5,18.5,18.5,18.5,18.5,18.5,18.5,18.5,18.5,18.5,18.5,18.5,18.5,18.5,,,,,,,,,,,,,18.6,18.6,18.6,18.6,18.6,18.6,18.6,18.6,18.6,18.6,18.6,18.6,18.6,18.6,18.6,18.6,18.6,18.6,18.6,18.6,18.6,,,,,,,19.0,19.0,19.0,19.0,19.0,19.0,19.0,19.0,19.0,19.0,19.0,19.0,19.0,19.0,19.0,19.0,19.0,19.0,19.0,19.0,19.0,19.0,19.0,19.0,19.0,19.0,19.0,19.0,19.0,19.0,,20.1,20.1,20.1,20.1,20.1,20.1,20.1,20.1,20.1,20.1,20.1,20.1,20.1,20.1,20.1,20.1,20.1,20.1,20.1,20.1,20.1,20.1,20.1,20.1,20.1,20.1,20.1,20.1,20.1,20.1,20.1,20.1,20.1,20.1,20.1,20.1,20.1,20.1,20.1,20.1,20.1,20.1,20.1,20.1,20.1,,19.5,19.5,19.5,19.5,19.5,19.5,19.5,19.5,19.5,19.5,19.5,19.5,19.5,19.5,19.5,19.5,19.5,19.5,19.5,19.5,19.5,19.5,19.5,19.5,19.5,19.5,19.5,19.5,19.5,19.5,19.5,19.5,20.8,20.8,20.8,20.8,20.8,20.8,20.8,20.8,20.8,20.8,20.8,20.8,20.8,20.8,20.8,20.8,20.8,20.8,20.8,20.8,20.8,20.8,20.8,20.8,20.8,20.8,20.8,20.8,20.8,20.8,20.8,20.8,20.8,20.8,20.8,20.785,20.785,20.785,20.785,20.785,20.785,21.133,21.133,21.133,21.133,21.133,21.133,21.133,21.133,21.133,21.133,21.133,21.133,21.133,21.133,21.133,21.133,21.133,21.133,21.133,21.133,21.133,21.133,21.133,21.133,21.133,21.133,21.133,21.133,21.133,21.133,21.133,21.133,21.133,21.133,21.133,21.133,21.133,21.133,21.133,21.133,21.133,21.133,21.133,21.133,21.133,21.133,21.133,21.133,21.133,21.133,21.133,21.133,21.133,21.133,21.133,21.133,21.133,21.133,21.133,21.133
1953-07-01,16.0,16.0,16.0,16.0,16.0,16.0,16.0,16.0,16.0,16.0,16.0,16.0,16.0,16.0,16.0,16.0,16.0,16.0,16.0,16.0,16.0,16.0,16.0,16.0,16.0,16.0,16.0,16.0,16.0,16.0,16.0,16.0,16.0,16.0,16.0,16.0,16.0,16.0,16.0,16.0,16.0,16.0,17.4,17.4,17.4,17.4,17.4,17.4,17.4,17.4,17.4,17.4,17.4,17.4,17.4,17.4,17.4,17.4,17.4,17.4,17.4,17.4,17.4,17.4,17.4,17.4,17.4,17.4,17.4,17.4,17.4,17.4,17.4,17.4,17.4,17.4,17.4,17.4,17.4,17.4,17.4,17.4,17.4,17.4,17.4,17.4,17.4,17.4,17.4,17.4,17.4,17.4,17.4,17.4,,,,,,,,,,,17.8,17.8,17.8,17.8,17.8,17.8,17.8,17.8,17.8,17.8,17.8,17.8,17.8,17.8,17.8,17.8,17.8,17.8,17.8,17.8,17.8,17.8,17.8,,,,,,,,,,,,,17.9,17.9,17.9,17.9,17.9,17.9,17.9,17.9,17.9,17.9,17.9,17.9,17.9,17.9,17.9,17.9,17.9,17.9,17.9,17.9,17.9,,,,,,,18.3,18.3,18.3,18.3,18.3,18.3,18.3,18.3,18.3,18.3,18.3,18.3,18.3,18.3,18.3,18.3,18.3,18.3,18.3,18.3,18.3,18.3,18.3,18.3,18.3,18.3,18.3,18.3,18.3,18.3,,19.4,19.4,19.4,19.4,19.4,19.4,19.4,19.4,19.4,19.4,19.4,19.4,19.4,19.4,19.4,19.4,19.4,19.4,19.4,19.4,19.4,19.4,19.4,19.4,19.4,19.4,19.4,19.4,19.4,19.4,19.4,19.4,19.4,19.4,19.4,19.4,19.4,19.4,19.4,19.4,19.4,19.4,19.4,19.4,19.4,,18.9,18.9,18.9,18.9,18.9,18.9,18.9,18.9,18.9,18.9,18.9,18.9,18.9,18.9,18.9,18.9,18.9,18.9,18.9,18.9,18.9,18.9,18.9,18.9,18.9,18.9,18.9,18.9,18.9,18.9,18.9,18.9,20.1,20.1,20.1,20.1,20.1,20.1,20.1,20.1,20.1,20.1,20.1,20.1,20.1,20.1,20.1,20.1,20.1,20.1,20.1,20.1,20.1,20.1,20.1,20.1,20.1,20.1,20.1,20.1,20.1,20.1,20.1,20.1,20.1,20.1,20.1,20.078,20.078,20.078,20.078,20.078,20.078,20.434,20.434,20.434,20.434,20.434,20.434,20.434,20.434,20.434,20.434,20.434,20.434,20.434,20.434,20.434,20.434,20.434,20.434,20.434,20.434,20.434,20.434,20.434,20.434,20.434,20.434,20.434,20.434,20.434,20.434,20.434,20.434,20.434,20.434,20.434,20.434,20.434,20.434,20.434,20.434,20.434,20.434,20.434,20.434,20.434,20.434,20.434,20.434,20.434,20.434,20.434,20.434,20.434,20.434,20.434,20.434,20.434,20.434,20.434,20.434
1953-10-01,13.7,13.7,13.7,13.7,13.7,13.7,13.7,13.7,13.7,13.7,13.7,13.7,13.7,13.7,13.7,13.7,13.7,13.7,13.7,13.7,13.7,13.7,13.7,13.7,13.7,13.7,13.7,13.7,13.7,13.7,13.7,13.7,13.7,13.7,13.7,13.7,13.7,13.7,13.7,13.7,13.7,13.7,15.3,15.3,15.3,15.3,15.3,15.3,15.3,15.3,15.3,15.3,15.3,15.3,15.3,15.3,15.3,15.3,15.3,15.3,15.3,15.3,15.3,15.3,15.3,15.3,15.3,15.3,15.3,15.3,15.3,15.3,15.3,15.3,15.3,15.3,15.3,15.3,15.3,15.3,15.3,15.3,15.3,15.3,15.3,15.3,15.3,15.3,15.3,15.3,15.3,15.3,15.3,15.3,,,,,,,,,,,15.6,15.6,15.6,15.6,15.6,15.6,15.6,15.6,15.6,15.6,15.6,15.6,15.6,15.6,15.6,15.6,15.6,15.6,15.6,15.6,15.6,15.6,15.6,,,,,,,,,,,,,15.7,15.7,15.7,15.7,15.7,15.7,15.7,15.7,15.7,15.7,15.7,15.7,15.7,15.7,15.7,15.7,15.7,15.7,15.7,15.7,15.7,,,,,,,16.1,16.1,16.1,16.1,16.1,16.1,16.1,16.1,16.1,16.1,16.1,16.1,16.1,16.1,16.1,16.1,16.1,16.1,16.1,16.1,16.1,16.1,16.1,16.1,16.1,16.1,16.1,16.1,16.1,16.1,,17.2,17.2,17.2,17.2,17.2,17.2,17.2,17.2,17.2,17.2,17.2,17.2,17.2,17.2,17.2,17.2,17.2,17.2,17.2,17.2,17.2,17.2,17.2,17.2,17.2,17.2,17.2,17.2,17.2,17.2,17.2,17.2,17.2,17.2,17.2,17.2,17.2,17.2,17.2,17.2,17.2,17.2,17.2,17.2,17.2,,16.6,16.6,16.6,16.6,16.6,16.6,16.6,16.6,16.6,16.6,16.6,16.6,16.6,16.6,16.6,16.6,16.6,16.6,16.6,16.6,16.6,16.6,16.6,16.6,16.6,16.6,16.6,16.6,16.6,16.6,16.6,16.6,17.4,17.4,17.4,17.4,17.4,17.4,17.4,17.4,17.4,17.4,17.4,17.4,17.4,17.4,17.4,17.4,17.4,17.4,17.4,17.4,17.4,17.4,17.4,17.4,17.4,17.4,17.4,17.4,17.4,17.4,17.4,17.4,17.4,17.4,17.4,17.44,17.44,17.44,17.44,17.44,17.44,17.777,17.777,17.777,17.777,17.777,17.777,17.777,17.777,17.777,17.777,17.777,17.777,17.777,17.777,17.777,17.777,17.777,17.777,17.777,17.777,17.777,17.777,17.777,17.777,17.777,17.777,17.777,17.777,17.777,17.777,17.777,17.777,17.777,17.777,17.777,17.777,17.777,17.777,17.777,17.777,17.777,17.777,17.777,17.777,17.777,17.777,17.777,17.777,17.777,17.777,17.777,17.777,17.777,17.777,17.777,17.777,17.777,17.777,17.777,17.777
1954-01-01,16.2,16.2,16.2,16.2,16.2,16.2,16.2,16.2,16.2,16.2,16.2,16.2,16.2,16.2,16.2,16.2,16.2,16.2,16.2,16.2,16.2,16.2,16.2,16.2,16.2,16.2,16.2,16.2,16.2,16.2,16.2,16.2,16.2,16.2,16.2,16.2,16.2,16.2,16.2,16.2,16.2,16.2,17.6,17.6,17.6,17.6,17.6,17.6,17.6,17.6,17.6,17.6,17.6,17.6,17.6,17.6,17.6,17.6,17.6,17.6,17.6,17.6,17.6,17.6,17.6,17.6,17.6,17.6,17.6,17.6,17.6,17.6,17.6,17.6,17.6,17.6,17.6,17.6,17.6,17.6,17.6,17.6,17.6,17.6,17.6,17.6,17.6,17.6,17.6,17.6,17.6,17.6,17.6,17.6,,,,,,,,,,,18.0,18.0,18.0,18.0,18.0,18.0,18.0,18.0,18.0,18.0,18.0,18.0,18.0,18.0,18.0,18.0,18.0,18.0,18.0,18.0,18.0,18.0,18.0,,,,,,,,,,,,,18.2,18.2,18.2,18.2,18.2,18.2,18.2,18.2,18.2,18.2,18.2,18.2,18.2,18.2,18.2,18.2,18.2,18.2,18.2,18.2,18.2,,,,,,,18.7,18.7,18.7,18.7,18.7,18.7,18.7,18.7,18.7,18.7,18.7,18.7,18.7,18.7,18.7,18.7,18.7,18.7,18.7,18.7,18.7,18.7,18.7,18.7,18.7,18.7,18.7,18.7,18.7,18.7,,19.7,19.7,19.7,19.7,19.7,19.7,19.7,19.7,19.7,19.7,19.7,19.7,19.7,19.7,19.7,19.7,19.7,19.7,19.7,19.7,19.7,19.7,19.7,19.7,19.7,19.7,19.7,19.7,19.7,19.7,19.7,19.7,19.7,19.7,19.7,19.7,19.7,19.7,19.7,19.7,19.7,19.7,19.7,19.7,19.7,,19.0,19.0,19.0,19.0,19.0,19.0,19.0,19.0,19.0,19.0,19.0,19.0,19.0,19.0,19.0,19.0,19.0,19.0,19.0,19.0,19.0,19.0,19.0,19.0,19.0,19.0,19.0,19.0,19.0,19.0,19.0,19.0,20.1,20.1,20.1,20.1,20.1,20.1,20.1,20.1,20.1,20.1,20.1,20.1,20.1,20.1,20.1,20.1,20.1,20.1,20.1,20.1,20.1,20.1,20.1,20.1,20.1,20.1,20.1,20.1,20.1,20.1,20.1,20.1,20.1,20.1,20.1,20.104,20.104,20.104,20.104,20.104,20.104,20.412,20.412,20.412,20.412,20.412,20.412,20.412,20.412,20.412,20.412,20.412,20.412,20.412,20.412,20.412,20.412,20.412,20.412,20.412,20.412,20.412,20.412,20.412,20.412,20.412,20.412,20.412,20.412,20.412,20.412,20.412,20.412,20.412,20.412,20.412,20.412,20.412,20.412,20.412,20.412,20.412,20.412,20.412,20.412,20.412,20.412,20.412,20.412,20.412,20.412,20.412,20.412,20.412,20.412,20.412,20.412,20.412,20.412,20.412,20.412
1954-04-01,16.9,16.9,16.9,16.9,16.9,16.9,16.9,16.9,16.9,16.9,16.9,16.9,16.9,16.9,16.9,16.9,16.9,16.9,16.9,16.9,16.9,16.9,16.9,16.9,16.9,16.9,16.9,16.9,16.9,16.9,16.9,16.9,16.9,16.9,16.9,16.9,16.9,16.9,16.9,16.9,16.9,16.9,18.3,18.3,18.3,18.3,18.3,18.3,18.3,18.3,18.3,18.3,18.3,18.3,18.3,18.3,18.3,18.3,18.3,18.3,18.3,18.3,18.3,18.3,18.3,18.3,18.3,18.3,18.3,18.3,18.3,18.3,18.3,18.3,18.3,18.3,18.3,18.3,18.3,18.3,18.3,18.3,18.3,18.3,18.3,18.3,18.3,18.3,18.3,18.3,18.3,18.3,18.3,18.3,,,,,,,,,,,18.7,18.7,18.7,18.7,18.7,18.7,18.7,18.7,18.7,18.7,18.7,18.7,18.7,18.7,18.7,18.7,18.7,18.7,18.7,18.7,18.7,18.7,18.7,,,,,,,,,,,,,18.9,18.9,18.9,18.9,18.9,18.9,18.9,18.9,18.9,18.9,18.9,18.9,18.9,18.9,18.9,18.9,18.9,18.9,18.9,18.9,18.9,,,,,,,19.4,19.4,19.4,19.4,19.4,19.4,19.4,19.4,19.4,19.4,19.4,19.4,19.4,19.4,19.4,19.4,19.4,19.4,19.4,19.4,19.4,19.4,19.4,19.4,19.4,19.4,19.4,19.4,19.4,19.4,,20.4,20.4,20.4,20.4,20.4,20.4,20.4,20.4,20.4,20.4,20.4,20.4,20.4,20.4,20.4,20.4,20.4,20.4,20.4,20.4,20.4,20.4,20.4,20.4,20.4,20.4,20.4,20.4,20.4,20.4,20.4,20.4,20.4,20.4,20.4,20.4,20.4,20.4,20.4,20.4,20.4,20.4,20.4,20.4,20.4,,19.9,19.9,19.9,19.9,19.9,19.9,19.9,19.9,19.9,19.9,19.9,19.9,19.9,19.9,19.9,19.9,19.9,19.9,19.9,19.9,19.9,19.9,19.9,19.9,19.9,19.9,19.9,19.9,19.9,19.9,19.9,19.9,20.9,20.9,20.9,20.9,20.9,20.9,20.9,20.9,20.9,20.9,20.9,20.9,20.9,20.9,20.9,20.9,20.9,20.9,20.9,20.9,20.9,20.9,20.9,20.9,20.9,20.9,20.9,20.9,20.9,20.9,20.9,20.9,20.9,20.9,20.9,20.943,20.943,20.943,20.943,20.943,20.943,21.235,21.235,21.235,21.235,21.235,21.235,21.235,21.235,21.235,21.235,21.235,21.235,21.235,21.235,21.235,21.235,21.235,21.235,21.235,21.235,21.235,21.235,21.235,21.235,21.235,21.235,21.235,21.235,21.235,21.235,21.235,21.235,21.235,21.235,21.235,21.235,21.235,21.235,21.235,21.235,21.235,21.235,21.235,21.235,21.235,21.235,21.235,21.235,21.235,21.235,21.235,21.235,21.235,21.235,21.235,21.235,21.235,21.235,21.235,21.235
1954-07-01,17.5,17.5,17.5,17.5,17.5,17.5,17.5,17.5,17.5,17.5,17.5,17.5,17.5,17.5,17.5,17.5,17.5,17.5,17.5,17.5,17.5,17.5,17.5,17.5,17.5,17.5,17.5,17.5,17.5,17.5,17.5,17.5,17.5,17.5,17.5,17.5,17.5,17.5,17.5,17.5,17.5,17.5,19.0,19.0,19.0,19.0,19.0,19.0,19.0,19.0,19.0,19.0,19.0,19.0,19.0,19.0,19.0,19.0,19.0,19.0,19.0,19.0,19.0,19.0,19.0,19.0,19.0,19.0,19.0,19.0,19.0,19.0,19.0,19.0,19.0,19.0,19.0,19.0,19.0,19.0,19.0,19.0,19.0,19.0,19.0,19.0,19.0,19.0,19.0,19.0,19.0,19.0,19.0,19.0,,,,,,,,,,,19.6,19.6,19.6,19.6,19.6,19.6,19.6,19.6,19.6,19.6,19.6,19.6,19.6,19.6,19.6,19.6,19.6,19.6,19.6,19.6,19.6,19.6,19.6,,,,,,,,,,,,,19.8,19.8,19.8,19.8,19.8,19.8,19.8,19.8,19.8,19.8,19.8,19.8,19.8,19.8,19.8,19.8,19.8,19.8,19.8,19.8,19.8,,,,,,,20.3,20.3,20.3,20.3,20.3,20.3,20.3,20.3,20.3,20.3,20.3,20.3,20.3,20.3,20.3,20.3,20.3,20.3,20.3,20.3,20.3,20.3,20.3,20.3,20.3,20.3,20.3,20.3,20.3,20.3,,21.3,21.3,21.3,21.3,21.3,21.3,21.3,21.3,21.3,21.3,21.3,21.3,21.3,21.3,21.3,21.3,21.3,21.3,21.3,21.3,21.3,21.3,21.3,21.3,21.3,21.3,21.3,21.3,21.3,21.3,21.3,21.3,21.3,21.3,21.3,21.3,21.3,21.3,21.3,21.3,21.3,21.3,21.3,21.3,21.3,,20.8,20.8,20.8,20.8,20.8,20.8,20.8,20.8,20.8,20.8,20.8,20.8,20.8,20.8,20.8,20.8,20.8,20.8,20.8,20.8,20.8,20.8,20.8,20.8,20.8,20.8,20.8,20.8,20.8,20.8,20.8,20.8,22.0,22.0,22.0,22.0,22.0,22.0,22.0,22.0,22.0,22.0,22.0,22.0,22.0,22.0,22.0,22.0,22.0,22.0,22.0,22.0,22.0,22.0,22.0,22.0,22.0,22.0,22.0,22.0,22.0,22.0,22.0,22.0,22.0,22.0,22.0,21.975,21.975,21.975,21.975,21.975,21.975,22.235,22.235,22.235,22.235,22.235,22.235,22.235,22.235,22.235,22.235,22.235,22.235,22.235,22.235,22.235,22.235,22.235,22.235,22.235,22.235,22.235,22.235,22.235,22.235,22.235,22.235,22.235,22.235,22.235,22.235,22.235,22.235,22.235,22.235,22.235,22.235,22.235,22.235,22.235,22.235,22.235,22.235,22.235,22.235,22.235,22.235,22.235,22.235,22.235,22.235,22.235,22.235,22.235,22.235,22.235,22.235,22.235,22.235,22.235,22.235
1954-10-01,19.5,19.5,19.5,19.5,19.5,19.5,19.5,19.5,19.5,19.5,19.5,19.5,19.5,19.5,19.5,19.5,19.5,19.5,19.5,19.5,19.5,19.5,19.5,19.5,19.5,19.5,19.5,19.5,19.5,19.5,19.5,19.5,19.5,19.5,19.5,19.5,19.5,19.5,19.5,19.5,19.5,19.5,21.1,21.1,21.1,21.1,21.1,21.1,21.1,21.1,21.1,21.1,21.1,21.1,21.1,21.1,21.1,21.1,21.1,21.1,21.1,21.1,21.1,21.1,21.1,21.1,21.1,21.1,21.1,21.1,21.1,21.1,21.1,21.1,21.1,21.1,21.1,21.1,21.1,21.1,21.1,21.1,21.1,21.1,21.1,21.1,21.1,21.1,21.1,21.1,21.1,21.1,21.1,21.1,,,,,,,,,,,21.8,21.8,21.8,21.8,21.8,21.8,21.8,21.8,21.8,21.8,21.8,21.8,21.8,21.8,21.8,21.8,21.8,21.8,21.8,21.8,21.8,21.8,21.8,,,,,,,,,,,,,22.1,22.1,22.1,22.1,22.1,22.1,22.1,22.1,22.1,22.1,22.1,22.1,22.1,22.1,22.1,22.1,22.1,22.1,22.1,22.1,22.1,,,,,,,22.6,22.6,22.6,22.6,22.6,22.6,22.6,22.6,22.6,22.6,22.6,22.6,22.6,22.6,22.6,22.6,22.6,22.6,22.6,22.6,22.6,22.6,22.6,22.6,22.6,22.6,22.6,22.6,22.6,22.6,,23.6,23.6,23.6,23.6,23.6,23.6,23.6,23.6,23.6,23.6,23.6,23.6,23.6,23.6,23.6,23.6,23.6,23.6,23.6,23.6,23.6,23.6,23.6,23.6,23.6,23.6,23.6,23.6,23.6,23.6,23.6,23.6,23.6,23.6,23.6,23.6,23.6,23.6,23.6,23.6,23.6,23.6,23.6,23.6,23.6,,23.1,23.1,23.1,23.1,23.1,23.1,23.1,23.1,23.1,23.1,23.1,23.1,23.1,23.1,23.1,23.1,23.1,23.1,23.1,23.1,23.1,23.1,23.1,23.1,23.1,23.1,23.1,23.1,23.1,23.1,23.1,23.1,24.3,24.3,24.3,24.3,24.3,24.3,24.3,24.3,24.3,24.3,24.3,24.3,24.3,24.3,24.3,24.3,24.3,24.3,24.3,24.3,24.3,24.3,24.3,24.3,24.3,24.3,24.3,24.3,24.3,24.3,24.3,24.3,24.3,24.3,24.3,24.322,24.322,24.322,24.322,24.322,24.322,24.565,24.565,24.565,24.565,24.565,24.565,24.565,24.565,24.565,24.565,24.565,24.565,24.565,24.565,24.565,24.565,24.565,24.565,24.565,24.565,24.565,24.565,24.565,24.565,24.565,24.565,24.565,24.565,24.565,24.565,24.565,24.565,24.565,24.565,24.565,24.565,24.565,24.565,24.565,24.565,24.565,24.565,24.565,24.565,24.565,24.565,24.565,24.565,24.565,24.565,24.565,24.565,24.565,24.565,24.565,24.565,24.565,24.565,24.565,24.565
1955-01-01,22.9,22.9,22.9,22.9,22.9,22.9,22.9,22.9,22.9,22.9,22.9,22.9,22.9,22.9,22.9,22.9,22.9,22.9,22.9,22.9,22.9,22.9,22.9,22.9,22.9,22.9,22.9,22.9,22.9,22.9,22.9,22.9,22.9,22.9,22.9,22.9,22.9,22.9,22.9,22.9,22.9,22.9,24.3,24.3,24.3,24.3,24.3,24.3,24.3,24.3,24.3,24.3,24.3,24.3,24.3,24.3,24.3,24.3,24.3,24.3,24.3,24.3,24.3,24.3,24.3,24.3,24.3,24.3,24.3,24.3,24.3,24.3,24.3,24.3,24.3,24.3,24.3,24.3,24.3,24.3,24.3,24.3,24.3,24.3,24.3,24.3,24.3,24.3,24.3,24.3,24.3,24.3,24.3,24.3,,,,,,,,,,,24.9,24.9,24.9,24.9,24.9,24.9,24.9,24.9,24.9,24.9,24.9,24.9,24.9,24.9,24.9,24.9,24.9,24.9,24.9,24.9,24.9,24.9,24.9,,,,,,,,,,,,,25.1,25.1,25.1,25.1,25.1,25.1,25.1,25.1,25.1,25.1,25.1,25.1,25.1,25.1,25.1,25.1,25.1,25.1,25.1,25.1,25.1,,,,,,,25.7,25.7,25.7,25.7,25.7,25.7,25.7,25.7,25.7,25.7,25.7,25.7,25.7,25.7,25.7,25.7,25.7,25.7,25.7,25.7,25.7,25.7,25.7,25.7,25.7,25.7,25.7,25.7,25.7,25.7,,26.7,26.7,26.7,26.7,26.7,26.7,26.7,26.7,26.7,26.7,26.7,26.7,26.7,26.7,26.7,26.7,26.7,26.7,26.7,26.7,26.7,26.7,26.7,26.7,26.7,26.7,26.7,26.7,26.7,26.7,26.7,26.7,26.7,26.7,26.7,26.7,26.7,26.7,26.7,26.7,26.7,26.7,26.7,26.7,26.7,,26.2,26.2,26.2,26.2,26.2,26.2,26.2,26.2,26.2,26.2,26.2,26.2,26.2,26.2,26.2,26.2,26.2,26.2,26.2,26.2,26.2,26.2,26.2,26.2,26.2,26.2,26.2,26.2,26.2,26.2,26.2,26.2,27.5,27.5,27.5,27.5,27.5,27.5,27.5,27.5,27.5,27.5,27.5,27.5,27.5,27.5,27.5,27.5,27.5,27.5,27.5,27.5,27.5,27.5,27.5,27.5,27.5,27.5,27.5,27.5,27.5,27.5,27.5,27.5,27.5,27.5,27.5,27.461,27.461,27.461,27.461,27.461,27.461,27.672,27.672,27.672,27.672,27.672,27.672,27.672,27.672,27.672,27.672,27.672,27.672,27.672,27.672,27.672,27.672,27.672,27.672,27.672,27.672,27.672,27.672,27.672,27.672,27.672,27.672,27.672,27.672,27.672,27.672,27.672,27.672,27.672,27.672,27.672,27.672,27.672,27.672,27.672,27.672,27.672,27.672,27.672,27.672,27.672,27.672,27.672,27.672,27.672,27.672,27.672,27.672,27.672,27.672,27.672,27.672,27.672,27.672,27.672,27.672
1955-04-01,23.9,23.9,23.9,23.9,23.9,23.9,23.9,23.9,23.9,23.9,23.9,23.9,23.9,23.9,23.9,23.9,23.9,23.9,23.9,23.9,23.9,23.9,23.9,23.9,23.9,23.9,23.9,23.9,23.9,23.9,23.9,23.9,23.9,23.9,23.9,23.9,23.9,23.9,23.9,23.9,23.9,23.9,25.2,25.2,25.2,25.2,25.2,25.2,25.2,25.2,25.2,25.2,25.2,25.2,25.2,25.2,25.2,25.2,25.2,25.2,25.2,25.2,25.2,25.2,25.2,25.2,25.2,25.2,25.2,25.2,25.2,25.2,25.2,25.2,25.2,25.2,25.2,25.2,25.2,25.2,25.2,25.2,25.2,25.2,25.2,25.2,25.2,25.2,25.2,25.2,25.2,25.2,25.2,25.2,,,,,,,,,,,25.8,25.8,25.8,25.8,25.8,25.8,25.8,25.8,25.8,25.8,25.8,25.8,25.8,25.8,25.8,25.8,25.8,25.8,25.8,25.8,25.8,25.8,25.8,,,,,,,,,,,,,26.1,26.1,26.1,26.1,26.1,26.1,26.1,26.1,26.1,26.1,26.1,26.1,26.1,26.1,26.1,26.1,26.1,26.1,26.1,26.1,26.1,,,,,,,26.6,26.6,26.6,26.6,26.6,26.6,26.6,26.6,26.6,26.6,26.6,26.6,26.6,26.6,26.6,26.6,26.6,26.6,26.6,26.6,26.6,26.6,26.6,26.6,26.6,26.6,26.6,26.6,26.6,26.6,,27.7,27.7,27.7,27.7,27.7,27.7,27.7,27.7,27.7,27.7,27.7,27.7,27.7,27.7,27.7,27.7,27.7,27.7,27.7,27.7,27.7,27.7,27.7,27.7,27.7,27.7,27.7,27.7,27.7,27.7,27.7,27.7,27.7,27.7,27.7,27.7,27.7,27.7,27.7,27.7,27.7,27.7,27.7,27.7,27.7,,27.1,27.1,27.1,27.1,27.1,27.1,27.1,27.1,27.1,27.1,27.1,27.1,27.1,27.1,27.1,27.1,27.1,27.1,27.1,27.1,27.1,27.1,27.1,27.1,27.1,27.1,27.1,27.1,27.1,27.1,27.1,27.1,28.5,28.5,28.5,28.5,28.5,28.5,28.5,28.5,28.5,28.5,28.5,28.5,28.5,28.5,28.5,28.5,28.5,28.5,28.5,28.5,28.5,28.5,28.5,28.5,28.5,28.5,28.5,28.5,28.5,28.5,28.5,28.5,28.5,28.5,28.5,28.498,28.498,28.498,28.498,28.498,28.498,28.727,28.727,28.727,28.727,28.727,28.727,28.727,28.727,28.727,28.727,28.727,28.727,28.727,28.727,28.727,28.727,28.727,28.727,28.727,28.727,28.727,28.727,28.727,28.727,28.727,28.727,28.727,28.727,28.727,28.727,28.727,28.727,28.727,28.727,28.727,28.727,28.727,28.727,28.727,28.727,28.727,28.727,28.727,28.727,28.727,28.727,28.727,28.727,28.727,28.727,28.727,28.727,28.727,28.727,28.727,28.727,28.727,28.727,28.727,28.727
1955-07-01,23.8,23.8,23.8,23.8,23.8,23.8,23.8,23.8,23.8,23.8,23.8,23.8,23.8,23.8,23.8,23.8,23.8,23.8,23.8,23.8,23.8,23.8,23.8,23.8,23.8,23.8,23.8,23.8,23.8,23.8,23.8,23.8,23.8,23.8,23.8,23.8,23.8,23.8,23.8,23.8,23.8,23.8,25.3,25.3,25.3,25.3,25.3,25.3,25.3,25.3,25.3,25.3,25.3,25.3,25.3,25.3,25.3,25.3,25.3,25.3,25.3,25.3,25.3,25.3,25.3,25.3,25.3,25.3,25.3,25.3,25.3,25.3,25.3,25.3,25.3,25.3,25.3,25.3,25.3,25.3,25.3,25.3,25.3,25.3,25.3,25.3,25.3,25.3,25.3,25.3,25.3,25.3,25.3,25.3,,,,,,,,,,,25.8,25.8,25.8,25.8,25.8,25.8,25.8,25.8,25.8,25.8,25.8,25.8,25.8,25.8,25.8,25.8,25.8,25.8,25.8,25.8,25.8,25.8,25.8,,,,,,,,,,,,,26.0,26.0,26.0,26.0,26.0,26.0,26.0,26.0,26.0,26.0,26.0,26.0,26.0,26.0,26.0,26.0,26.0,26.0,26.0,26.0,26.0,,,,,,,26.6,26.6,26.6,26.6,26.6,26.6,26.6,26.6,26.6,26.6,26.6,26.6,26.6,26.6,26.6,26.6,26.6,26.6,26.6,26.6,26.6,26.6,26.6,26.6,26.6,26.6,26.6,26.6,26.6,26.6,,27.7,27.7,27.7,27.7,27.7,27.7,27.7,27.7,27.7,27.7,27.7,27.7,27.7,27.7,27.7,27.7,27.7,27.7,27.7,27.7,27.7,27.7,27.7,27.7,27.7,27.7,27.7,27.7,27.7,27.7,27.7,27.7,27.7,27.7,27.7,27.7,27.7,27.7,27.7,27.7,27.7,27.7,27.7,27.7,27.7,,27.2,27.2,27.2,27.2,27.2,27.2,27.2,27.2,27.2,27.2,27.2,27.2,27.2,27.2,27.2,27.2,27.2,27.2,27.2,27.2,27.2,27.2,27.2,27.2,27.2,27.2,27.2,27.2,27.2,27.2,27.2,27.2,28.0,28.0,28.0,28.0,28.0,28.0,28.0,28.0,28.0,28.0,28.0,28.0,28.0,28.0,28.0,28.0,28.0,28.0,28.0,28.0,28.0,28.0,28.0,28.0,28.0,28.0,28.0,28.0,28.0,28.0,28.0,28.0,28.0,28.0,28.0,28.02,28.02,28.02,28.02,28.02,28.02,28.289,28.289,28.289,28.289,28.289,28.289,28.289,28.289,28.289,28.289,28.289,28.289,28.289,28.289,28.289,28.289,28.289,28.289,28.289,28.289,28.289,28.289,28.289,28.289,28.289,28.289,28.289,28.289,28.289,28.289,28.289,28.289,28.289,28.289,28.289,28.289,28.289,28.289,28.289,28.289,28.289,28.289,28.289,28.289,28.289,28.289,28.289,28.289,28.289,28.289,28.289,28.289,28.289,28.289,28.289,28.289,28.289,28.289,28.289,28.289
1955-10-01,23.7,23.7,23.7,23.7,23.7,23.7,23.7,23.7,23.7,23.7,23.7,23.7,23.7,23.7,23.7,23.7,23.7,23.7,23.7,23.7,23.7,23.7,23.7,23.7,23.7,23.7,23.7,23.7,23.7,23.7,23.7,23.7,23.7,23.7,23.7,23.7,23.7,23.7,23.7,23.7,23.7,23.7,25.5,25.5,25.5,25.5,25.5,25.5,25.5,25.5,25.5,25.5,25.5,25.5,25.5,25.5,25.5,25.5,25.5,25.5,25.5,25.5,25.5,25.5,25.5,25.5,25.5,25.5,25.5,25.5,25.5,25.5,25.5,25.5,25.5,25.5,25.5,25.5,25.5,25.5,25.5,25.5,25.5,25.5,25.5,25.5,25.5,25.5,25.5,25.5,25.5,25.5,25.5,25.5,,,,,,,,,,,25.9,25.9,25.9,25.9,25.9,25.9,25.9,25.9,25.9,25.9,25.9,25.9,25.9,25.9,25.9,25.9,25.9,25.9,25.9,25.9,25.9,25.9,25.9,,,,,,,,,,,,,26.2,26.2,26.2,26.2,26.2,26.2,26.2,26.2,26.2,26.2,26.2,26.2,26.2,26.2,26.2,26.2,26.2,26.2,26.2,26.2,26.2,,,,,,,26.8,26.8,26.8,26.8,26.8,26.8,26.8,26.8,26.8,26.8,26.8,26.8,26.8,26.8,26.8,26.8,26.8,26.8,26.8,26.8,26.8,26.8,26.8,26.8,26.8,26.8,26.8,26.8,26.8,26.8,,27.9,27.9,27.9,27.9,27.9,27.9,27.9,27.9,27.9,27.9,27.9,27.9,27.9,27.9,27.9,27.9,27.9,27.9,27.9,27.9,27.9,27.9,27.9,27.9,27.9,27.9,27.9,27.9,27.9,27.9,27.9,27.9,27.9,27.9,27.9,27.9,27.9,27.9,27.9,27.9,27.9,27.9,27.9,27.9,27.9,,27.4,27.4,27.4,27.4,27.4,27.4,27.4,27.4,27.4,27.4,27.4,27.4,27.4,27.4,27.4,27.4,27.4,27.4,27.4,27.4,27.4,27.4,27.4,27.4,27.4,27.4,27.4,27.4,27.4,27.4,27.4,27.4,28.5,28.5,28.5,28.5,28.5,28.5,28.5,28.5,28.5,28.5,28.5,28.5,28.5,28.5,28.5,28.5,28.5,28.5,28.5,28.5,28.5,28.5,28.5,28.5,28.5,28.5,28.5,28.5,28.5,28.5,28.5,28.5,28.5,28.5,28.5,28.526,28.526,28.526,28.526,28.526,28.526,28.826,28.826,28.826,28.826,28.826,28.826,28.826,28.826,28.826,28.826,28.826,28.826,28.826,28.826,28.826,28.826,28.826,28.826,28.826,28.826,28.826,28.826,28.826,28.826,28.826,28.826,28.826,28.826,28.826,28.826,28.826,28.826,28.826,28.826,28.826,28.826,28.826,28.826,28.826,28.826,28.826,28.826,28.826,28.826,28.826,28.826,28.826,28.826,28.826,28.826,28.826,28.826,28.826,28.826,28.826,28.826,28.826,28.826,28.826,28.826
1956-01-01,22.3,22.3,22.3,22.3,22.3,22.3,22.3,22.3,22.3,22.3,22.3,22.3,22.3,22.3,22.3,22.3,22.3,22.3,22.3,22.3,22.3,22.3,22.3,22.3,22.3,22.3,22.3,22.3,22.3,22.3,22.3,22.3,22.3,22.3,22.3,22.3,22.3,22.3,22.3,22.3,22.3,22.3,24.3,24.3,24.3,24.3,24.3,24.3,24.3,24.3,24.3,24.3,24.3,24.3,24.3,24.3,24.3,24.3,24.3,24.3,24.3,24.3,24.3,24.3,24.3,24.3,24.3,24.3,24.3,24.3,24.3,24.3,24.3,24.3,24.3,24.3,24.3,24.3,24.3,24.3,24.3,24.3,24.3,24.3,24.3,24.3,24.3,24.3,24.3,24.3,24.3,24.3,24.3,24.3,,,,,,,,,,,24.7,24.7,24.7,24.7,24.7,24.7,24.7,24.7,24.7,24.7,24.7,24.7,24.7,24.7,24.7,24.7,24.7,24.7,24.7,24.7,24.7,24.7,24.7,,,,,,,,,,,,,25.1,25.1,25.1,25.1,25.1,25.1,25.1,25.1,25.1,25.1,25.1,25.1,25.1,25.1,25.1,25.1,25.1,25.1,25.1,25.1,25.1,,,,,,,25.7,25.7,25.7,25.7,25.7,25.7,25.7,25.7,25.7,25.7,25.7,25.7,25.7,25.7,25.7,25.7,25.7,25.7,25.7,25.7,25.7,25.7,25.7,25.7,25.7,25.7,25.7,25.7,25.7,25.7,,26.8,26.8,26.8,26.8,26.8,26.8,26.8,26.8,26.8,26.8,26.8,26.8,26.8,26.8,26.8,26.8,26.8,26.8,26.8,26.8,26.8,26.8,26.8,26.8,26.8,26.8,26.8,26.8,26.8,26.8,26.8,26.8,26.8,26.8,26.8,26.8,26.8,26.8,26.8,26.8,26.8,26.8,26.8,26.8,26.8,,26.3,26.3,26.3,26.3,26.3,26.3,26.3,26.3,26.3,26.3,26.3,26.3,26.3,26.3,26.3,26.3,26.3,26.3,26.3,26.3,26.3,26.3,26.3,26.3,26.3,26.3,26.3,26.3,26.3,26.3,26.3,26.3,27.4,27.4,27.4,27.4,27.4,27.4,27.4,27.4,27.4,27.4,27.4,27.4,27.4,27.4,27.4,27.4,27.4,27.4,27.4,27.4,27.4,27.4,27.4,27.4,27.4,27.4,27.4,27.4,27.4,27.4,27.4,27.4,27.4,27.4,27.4,27.38,27.38,27.38,27.38,27.38,27.38,27.736,27.736,27.736,27.736,27.736,27.736,27.736,27.736,27.736,27.736,27.736,27.736,27.736,27.736,27.736,27.736,27.736,27.736,27.736,27.736,27.736,27.736,27.736,27.736,27.736,27.736,27.736,27.736,27.736,27.736,27.736,27.736,27.736,27.736,27.736,27.736,27.736,27.736,27.736,27.736,27.736,27.736,27.736,27.736,27.736,27.736,27.736,27.736,27.736,27.736,27.736,27.736,27.736,27.736,27.736,27.736,27.736,27.736,27.736,27.736
1956-04-01,21.7,21.7,21.7,21.7,21.7,21.7,21.7,21.7,21.7,21.7,21.7,21.7,21.7,21.7,21.7,21.7,21.7,21.7,21.7,21.7,21.7,21.7,21.7,21.7,21.7,21.7,21.7,21.7,21.7,21.7,21.7,21.7,21.7,21.7,21.7,21.7,21.7,21.7,21.7,21.7,21.7,21.7,23.6,23.6,23.6,23.6,23.6,23.6,23.6,23.6,23.6,23.6,23.6,23.6,23.6,23.6,23.6,23.6,23.6,23.6,23.6,23.6,23.6,23.6,23.6,23.6,23.6,23.6,23.6,23.6,23.6,23.6,23.6,23.6,23.6,23.6,23.6,23.6,23.6,23.6,23.6,23.6,23.6,23.6,23.6,23.6,23.6,23.6,23.6,23.6,23.6,23.6,23.6,23.6,,,,,,,,,,,24.2,24.2,24.2,24.2,24.2,24.2,24.2,24.2,24.2,24.2,24.2,24.2,24.2,24.2,24.2,24.2,24.2,24.2,24.2,24.2,24.2,24.2,24.2,,,,,,,,,,,,,24.5,24.5,24.5,24.5,24.5,24.5,24.5,24.5,24.5,24.5,24.5,24.5,24.5,24.5,24.5,24.5,24.5,24.5,24.5,24.5,24.5,,,,,,,25.1,25.1,25.1,25.1,25.1,25.1,25.1,25.1,25.1,25.1,25.1,25.1,25.1,25.1,25.1,25.1,25.1,25.1,25.1,25.1,25.1,25.1,25.1,25.1,25.1,25.1,25.1,25.1,25.1,25.1,,26.3,26.3,26.3,26.3,26.3,26.3,26.3,26.3,26.3,26.3,26.3,26.3,26.3,26.3,26.3,26.3,26.3,26.3,26.3,26.3,26.3,26.3,26.3,26.3,26.3,26.3,26.3,26.3,26.3,26.3,26.3,26.3,26.3,26.3,26.3,26.3,26.3,26.3,26.3,26.3,26.3,26.3,26.3,26.3,26.3,,25.7,25.7,25.7,25.7,25.7,25.7,25.7,25.7,25.7,25.7,25.7,25.7,25.7,25.7,25.7,25.7,25.7,25.7,25.7,25.7,25.7,25.7,25.7,25.7,25.7,25.7,25.7,25.7,25.7,25.7,25.7,25.7,27.2,27.2,27.2,27.2,27.2,27.2,27.2,27.2,27.2,27.2,27.2,27.2,27.2,27.2,27.2,27.2,27.2,27.2,27.2,27.2,27.2,27.2,27.2,27.2,27.2,27.2,27.2,27.2,27.2,27.2,27.2,27.2,27.2,27.2,27.2,27.154,27.154,27.154,27.154,27.154,27.154,27.546,27.546,27.546,27.546,27.546,27.546,27.546,27.546,27.546,27.546,27.546,27.546,27.546,27.546,27.546,27.546,27.546,27.546,27.546,27.546,27.546,27.546,27.546,27.546,27.546,27.546,27.546,27.546,27.546,27.546,27.546,27.546,27.546,27.546,27.546,27.546,27.546,27.546,27.546,27.546,27.546,27.546,27.546,27.546,27.546,27.546,27.546,27.546,27.546,27.546,27.546,27.546,27.546,27.546,27.546,27.546,27.546,27.546,27.546,27.546
1956-07-01,21.8,21.8,21.8,21.8,21.8,21.8,21.8,21.8,21.8,21.8,21.8,21.8,21.8,21.8,21.8,21.8,21.8,21.8,21.8,21.8,21.8,21.8,21.8,21.8,21.8,21.8,21.8,21.8,21.8,21.8,21.8,21.8,21.8,21.8,21.8,21.8,21.8,21.8,21.8,21.8,21.8,21.8,23.8,23.8,23.8,23.8,23.8,23.8,23.8,23.8,23.8,23.8,23.8,23.8,23.8,23.8,23.8,23.8,23.8,23.8,23.8,23.8,23.8,23.8,23.8,23.8,23.8,23.8,23.8,23.8,23.8,23.8,23.8,23.8,23.8,23.8,23.8,23.8,23.8,23.8,23.8,23.8,23.8,23.8,23.8,23.8,23.8,23.8,23.8,23.8,23.8,23.8,23.8,23.8,,,,,,,,,,,24.6,24.6,24.6,24.6,24.6,24.6,24.6,24.6,24.6,24.6,24.6,24.6,24.6,24.6,24.6,24.6,24.6,24.6,24.6,24.6,24.6,24.6,24.6,,,,,,,,,,,,,25.0,25.0,25.0,25.0,25.0,25.0,25.0,25.0,25.0,25.0,25.0,25.0,25.0,25.0,25.0,25.0,25.0,25.0,25.0,25.0,25.0,,,,,,,25.6,25.6,25.6,25.6,25.6,25.6,25.6,25.6,25.6,25.6,25.6,25.6,25.6,25.6,25.6,25.6,25.6,25.6,25.6,25.6,25.6,25.6,25.6,25.6,25.6,25.6,25.6,25.6,25.6,25.6,,26.8,26.8,26.8,26.8,26.8,26.8,26.8,26.8,26.8,26.8,26.8,26.8,26.8,26.8,26.8,26.8,26.8,26.8,26.8,26.8,26.8,26.8,26.8,26.8,26.8,26.8,26.8,26.8,26.8,26.8,26.8,26.8,26.8,26.8,26.8,26.8,26.8,26.8,26.8,26.8,26.8,26.8,26.8,26.8,26.8,,26.2,26.2,26.2,26.2,26.2,26.2,26.2,26.2,26.2,26.2,26.2,26.2,26.2,26.2,26.2,26.2,26.2,26.2,26.2,26.2,26.2,26.2,26.2,26.2,26.2,26.2,26.2,26.2,26.2,26.2,26.2,26.2,28.2,28.2,28.2,28.2,28.2,28.2,28.2,28.2,28.2,28.2,28.2,28.2,28.2,28.2,28.2,28.2,28.2,28.2,28.2,28.2,28.2,28.2,28.2,28.2,28.2,28.2,28.2,28.2,28.2,28.2,28.2,28.2,28.2,28.2,28.2,28.165,28.165,28.165,28.165,28.165,28.165,28.581,28.581,28.581,28.581,28.581,28.581,28.581,28.581,28.581,28.581,28.581,28.581,28.581,28.581,28.581,28.581,28.581,28.581,28.581,28.581,28.581,28.581,28.581,28.581,28.581,28.581,28.581,28.581,28.581,28.581,28.581,28.581,28.581,28.581,28.581,28.581,28.581,28.581,28.581,28.581,28.581,28.581,28.581,28.581,28.581,28.581,28.581,28.581,28.581,28.581,28.581,28.581,28.581,28.581,28.581,28.581,28.581,28.581,28.581,28.581
1956-10-01,21.0,21.0,21.0,21.0,21.0,21.0,21.0,21.0,21.0,21.0,21.0,21.0,21.0,21.0,21.0,21.0,21.0,21.0,21.0,21.0,21.0,21.0,21.0,21.0,21.0,21.0,21.0,21.0,21.0,21.0,21.0,21.0,21.0,21.0,21.0,21.0,21.0,21.0,21.0,21.0,21.0,21.0,23.3,23.3,23.3,23.3,23.3,23.3,23.3,23.3,23.3,23.3,23.3,23.3,23.3,23.3,23.3,23.3,23.3,23.3,23.3,23.3,23.3,23.3,23.3,23.3,23.3,23.3,23.3,23.3,23.3,23.3,23.3,23.3,23.3,23.3,23.3,23.3,23.3,23.3,23.3,23.3,23.3,23.3,23.3,23.3,23.3,23.3,23.3,23.3,23.3,23.3,23.3,23.3,,,,,,,,,,,24.2,24.2,24.2,24.2,24.2,24.2,24.2,24.2,24.2,24.2,24.2,24.2,24.2,24.2,24.2,24.2,24.2,24.2,24.2,24.2,24.2,24.2,24.2,,,,,,,,,,,,,24.4,24.4,24.4,24.4,24.4,24.4,24.4,24.4,24.4,24.4,24.4,24.4,24.4,24.4,24.4,24.4,24.4,24.4,24.4,24.4,24.4,,,,,,,25.1,25.1,25.1,25.1,25.1,25.1,25.1,25.1,25.1,25.1,25.1,25.1,25.1,25.1,25.1,25.1,25.1,25.1,25.1,25.1,25.1,25.1,25.1,25.1,25.1,25.1,25.1,25.1,25.1,25.1,,26.3,26.3,26.3,26.3,26.3,26.3,26.3,26.3,26.3,26.3,26.3,26.3,26.3,26.3,26.3,26.3,26.3,26.3,26.3,26.3,26.3,26.3,26.3,26.3,26.3,26.3,26.3,26.3,26.3,26.3,26.3,26.3,26.3,26.3,26.3,26.3,26.3,26.3,26.3,26.3,26.3,26.3,26.3,26.3,26.3,,25.8,25.8,25.8,25.8,25.8,25.8,25.8,25.8,25.8,25.8,25.8,25.8,25.8,25.8,25.8,25.8,25.8,25.8,25.8,25.8,25.8,25.8,25.8,25.8,25.8,25.8,25.8,25.8,25.8,25.8,25.8,25.8,27.9,27.9,27.9,27.9,27.9,27.9,27.9,27.9,27.9,27.9,27.9,27.9,27.9,27.9,27.9,27.9,27.9,27.9,27.9,27.9,27.9,27.9,27.9,27.9,27.9,27.9,27.9,27.9,27.9,27.9,27.9,27.9,27.9,27.9,27.9,27.914,27.914,27.914,27.914,27.914,27.914,28.358,28.358,28.358,28.358,28.358,28.358,28.358,28.358,28.358,28.358,28.358,28.358,28.358,28.358,28.358,28.358,28.358,28.358,28.358,28.358,28.358,28.358,28.358,28.358,28.358,28.358,28.358,28.358,28.358,28.358,28.358,28.358,28.358,28.358,28.358,28.358,28.358,28.358,28.358,28.358,28.358,28.358,28.358,28.358,28.358,28.358,28.358,28.358,28.358,28.358,28.358,28.358,28.358,28.358,28.358,28.358,28.358,28.358,28.358,28.358
1957-01-01,22.1,22.1,22.1,22.1,22.1,22.1,22.1,22.1,22.1,22.1,22.1,22.1,22.1,22.1,22.1,22.1,22.1,22.1,22.1,22.1,22.1,22.1,22.1,22.1,22.1,22.1,22.1,22.1,22.1,22.1,22.1,22.1,22.1,22.1,22.1,22.1,22.1,22.1,22.1,22.1,22.1,22.1,24.1,24.1,24.1,24.1,24.1,24.1,24.1,24.1,24.1,24.1,24.1,24.1,24.1,24.1,24.1,24.1,24.1,24.1,24.1,24.1,24.1,24.1,24.1,24.1,24.1,24.1,24.1,24.1,24.1,24.1,24.1,24.1,24.1,24.1,24.1,24.1,24.1,24.1,24.1,24.1,24.1,24.1,24.1,24.1,24.1,24.1,24.1,24.1,24.1,24.1,24.1,24.1,,,,,,,,,,,25.1,25.1,25.1,25.1,25.1,25.1,25.1,25.1,25.1,25.1,25.1,25.1,25.1,25.1,25.1,25.1,25.1,25.1,25.1,25.1,25.1,25.1,25.1,,,,,,,,,,,,,25.6,25.6,25.6,25.6,25.6,25.6,25.6,25.6,25.6,25.6,25.6,25.6,25.6,25.6,25.6,25.6,25.6,25.6,25.6,25.6,25.6,,,,,,,26.3,26.3,26.3,26.3,26.3,26.3,26.3,26.3,26.3,26.3,26.3,26.3,26.3,26.3,26.3,26.3,26.3,26.3,26.3,26.3,26.3,26.3,26.3,26.3,26.3,26.3,26.3,26.3,26.3,26.3,,27.6,27.6,27.6,27.6,27.6,27.6,27.6,27.6,27.6,27.6,27.6,27.6,27.6,27.6,27.6,27.6,27.6,27.6,27.6,27.6,27.6,27.6,27.6,27.6,27.6,27.6,27.6,27.6,27.6,27.6,27.6,27.6,27.6,27.6,27.6,27.6,27.6,27.6,27.6,27.6,27.6,27.6,27.6,27.6,27.6,,26.8,26.8,26.8,26.8,26.8,26.8,26.8,26.8,26.8,26.8,26.8,26.8,26.8,26.8,26.8,26.8,26.8,26.8,26.8,26.8,26.8,26.8,26.8,26.8,26.8,26.8,26.8,26.8,26.8,26.8,26.8,26.8,28.8,28.8,28.8,28.8,28.8,28.8,28.8,28.8,28.8,28.8,28.8,28.8,28.8,28.8,28.8,28.8,28.8,28.8,28.8,28.8,28.8,28.8,28.8,28.8,28.8,28.8,28.8,28.8,28.8,28.8,28.8,28.8,28.8,28.8,28.8,28.834,28.834,28.834,28.834,28.834,28.834,29.315,29.315,29.315,29.315,29.315,29.315,29.315,29.315,29.315,29.315,29.315,29.315,29.315,29.315,29.315,29.315,29.315,29.315,29.315,29.315,29.315,29.315,29.315,29.315,29.315,29.315,29.315,29.315,29.315,29.315,29.315,29.315,29.315,29.315,29.315,29.315,29.315,29.315,29.315,29.315,29.315,29.315,29.315,29.315,29.315,29.315,29.315,29.315,29.315,29.315,29.315,29.315,29.315,29.315,29.315,29.315,29.315,29.315,29.315,29.315
1957-04-01,22.3,22.3,22.3,22.3,22.3,22.3,22.3,22.3,22.3,22.3,22.3,22.3,22.3,22.3,22.3,22.3,22.3,22.3,22.3,22.3,22.3,22.3,22.3,22.3,22.3,22.3,22.3,22.3,22.3,22.3,22.3,22.3,22.3,22.3,22.3,22.3,22.3,22.3,22.3,22.3,22.3,22.3,24.3,24.3,24.3,24.3,24.3,24.3,24.3,24.3,24.3,24.3,24.3,24.3,24.3,24.3,24.3,24.3,24.3,24.3,24.3,24.3,24.3,24.3,24.3,24.3,24.3,24.3,24.3,24.3,24.3,24.3,24.3,24.3,24.3,24.3,24.3,24.3,24.3,24.3,24.3,24.3,24.3,24.3,24.3,24.3,24.3,24.3,24.3,24.3,24.3,24.3,24.3,24.3,,,,,,,,,,,25.1,25.1,25.1,25.1,25.1,25.1,25.1,25.1,25.1,25.1,25.1,25.1,25.1,25.1,25.1,25.1,25.1,25.1,25.1,25.1,25.1,25.1,25.1,,,,,,,,,,,,,25.5,25.5,25.5,25.5,25.5,25.5,25.5,25.5,25.5,25.5,25.5,25.5,25.5,25.5,25.5,25.5,25.5,25.5,25.5,25.5,25.5,,,,,,,26.1,26.1,26.1,26.1,26.1,26.1,26.1,26.1,26.1,26.1,26.1,26.1,26.1,26.1,26.1,26.1,26.1,26.1,26.1,26.1,26.1,26.1,26.1,26.1,26.1,26.1,26.1,26.1,26.1,26.1,,27.5,27.5,27.5,27.5,27.5,27.5,27.5,27.5,27.5,27.5,27.5,27.5,27.5,27.5,27.5,27.5,27.5,27.5,27.5,27.5,27.5,27.5,27.5,27.5,27.5,27.5,27.5,27.5,27.5,27.5,27.5,27.5,27.5,27.5,27.5,27.5,27.5,27.5,27.5,27.5,27.5,27.5,27.5,27.5,27.5,,26.7,26.7,26.7,26.7,26.7,26.7,26.7,26.7,26.7,26.7,26.7,26.7,26.7,26.7,26.7,26.7,26.7,26.7,26.7,26.7,26.7,26.7,26.7,26.7,26.7,26.7,26.7,26.7,26.7,26.7,26.7,26.7,28.4,28.4,28.4,28.4,28.4,28.4,28.4,28.4,28.4,28.4,28.4,28.4,28.4,28.4,28.4,28.4,28.4,28.4,28.4,28.4,28.4,28.4,28.4,28.4,28.4,28.4,28.4,28.4,28.4,28.4,28.4,28.4,28.4,28.4,28.4,28.416,28.416,28.416,28.416,28.416,28.416,28.933,28.933,28.933,28.933,28.933,28.933,28.933,28.933,28.933,28.933,28.933,28.933,28.933,28.933,28.933,28.933,28.933,28.933,28.933,28.933,28.933,28.933,28.933,28.933,28.933,28.933,28.933,28.933,28.933,28.933,28.933,28.933,28.933,28.933,28.933,28.933,28.933,28.933,28.933,28.933,28.933,28.933,28.933,28.933,28.933,28.933,28.933,28.933,28.933,28.933,28.933,28.933,28.933,28.933,28.933,28.933,28.933,28.933,28.933,28.933
1957-07-01,22.3,22.3,22.3,22.3,22.3,22.3,22.3,22.3,22.3,22.3,22.3,22.3,22.3,22.3,22.3,22.3,22.3,22.3,22.3,22.3,22.3,22.3,22.3,22.3,22.3,22.3,22.3,22.3,22.3,22.3,22.3,22.3,22.3,22.3,22.3,22.3,22.3,22.3,22.3,22.3,22.3,22.3,24.4,24.4,24.4,24.4,24.4,24.4,24.4,24.4,24.4,24.4,24.4,24.4,24.4,24.4,24.4,24.4,24.4,24.4,24.4,24.4,24.4,24.4,24.4,24.4,24.4,24.4,24.4,24.4,24.4,24.4,24.4,24.4,24.4,24.4,24.4,24.4,24.4,24.4,24.4,24.4,24.4,24.4,24.4,24.4,24.4,24.4,24.4,24.4,24.4,24.4,24.4,24.4,,,,,,,,,,,25.1,25.1,25.1,25.1,25.1,25.1,25.1,25.1,25.1,25.1,25.1,25.1,25.1,25.1,25.1,25.1,25.1,25.1,25.1,25.1,25.1,25.1,25.1,,,,,,,,,,,,,25.3,25.3,25.3,25.3,25.3,25.3,25.3,25.3,25.3,25.3,25.3,25.3,25.3,25.3,25.3,25.3,25.3,25.3,25.3,25.3,25.3,,,,,,,26.0,26.0,26.0,26.0,26.0,26.0,26.0,26.0,26.0,26.0,26.0,26.0,26.0,26.0,26.0,26.0,26.0,26.0,26.0,26.0,26.0,26.0,26.0,26.0,26.0,26.0,26.0,26.0,26.0,26.0,,27.4,27.4,27.4,27.4,27.4,27.4,27.4,27.4,27.4,27.4,27.4,27.4,27.4,27.4,27.4,27.4,27.4,27.4,27.4,27.4,27.4,27.4,27.4,27.4,27.4,27.4,27.4,27.4,27.4,27.4,27.4,27.4,27.4,27.4,27.4,27.4,27.4,27.4,27.4,27.4,27.4,27.4,27.4,27.4,27.4,,26.6,26.6,26.6,26.6,26.6,26.6,26.6,26.6,26.6,26.6,26.6,26.6,26.6,26.6,26.6,26.6,26.6,26.6,26.6,26.6,26.6,26.6,26.6,26.6,26.6,26.6,26.6,26.6,26.6,26.6,26.6,26.6,27.9,27.9,27.9,27.9,27.9,27.9,27.9,27.9,27.9,27.9,27.9,27.9,27.9,27.9,27.9,27.9,27.9,27.9,27.9,27.9,27.9,27.9,27.9,27.9,27.9,27.9,27.9,27.9,27.9,27.9,27.9,27.9,27.9,27.9,27.9,27.912,27.912,27.912,27.912,27.912,27.912,28.476,28.476,28.476,28.476,28.476,28.476,28.476,28.476,28.476,28.476,28.476,28.476,28.476,28.476,28.476,28.476,28.476,28.476,28.476,28.476,28.476,28.476,28.476,28.476,28.476,28.476,28.476,28.476,28.476,28.476,28.476,28.476,28.476,28.476,28.476,28.476,28.476,28.476,28.476,28.476,28.476,28.476,28.476,28.476,28.476,28.476,28.476,28.476,28.476,28.476,28.476,28.476,28.476,28.476,28.476,28.476,28.476,28.476,28.476,28.476
1957-10-01,20.4,20.4,20.4,20.4,20.4,20.4,20.4,20.4,20.4,20.4,20.4,20.4,20.4,20.4,20.4,20.4,20.4,20.4,20.4,20.4,20.4,20.4,20.4,20.4,20.4,20.4,20.4,20.4,20.4,20.4,20.4,20.4,20.4,20.4,20.4,20.4,20.4,20.4,20.4,20.4,20.4,20.4,22.5,22.5,22.5,22.5,22.5,22.5,22.5,22.5,22.5,22.5,22.5,22.5,22.5,22.5,22.5,22.5,22.5,22.5,22.5,22.5,22.5,22.5,22.5,22.5,22.5,22.5,22.5,22.5,22.5,22.5,22.5,22.5,22.5,22.5,22.5,22.5,22.5,22.5,22.5,22.5,22.5,22.5,22.5,22.5,22.5,22.5,22.5,22.5,22.5,22.5,22.5,22.5,,,,,,,,,,,23.2,23.2,23.2,23.2,23.2,23.2,23.2,23.2,23.2,23.2,23.2,23.2,23.2,23.2,23.2,23.2,23.2,23.2,23.2,23.2,23.2,23.2,23.2,,,,,,,,,,,,,23.2,23.2,23.2,23.2,23.2,23.2,23.2,23.2,23.2,23.2,23.2,23.2,23.2,23.2,23.2,23.2,23.2,23.2,23.2,23.2,23.2,,,,,,,23.9,23.9,23.9,23.9,23.9,23.9,23.9,23.9,23.9,23.9,23.9,23.9,23.9,23.9,23.9,23.9,23.9,23.9,23.9,23.9,23.9,23.9,23.9,23.9,23.9,23.9,23.9,23.9,23.9,23.9,,25.3,25.3,25.3,25.3,25.3,25.3,25.3,25.3,25.3,25.3,25.3,25.3,25.3,25.3,25.3,25.3,25.3,25.3,25.3,25.3,25.3,25.3,25.3,25.3,25.3,25.3,25.3,25.3,25.3,25.3,25.3,25.3,25.3,25.3,25.3,25.3,25.3,25.3,25.3,25.3,25.3,25.3,25.3,25.3,25.3,,24.7,24.7,24.7,24.7,24.7,24.7,24.7,24.7,24.7,24.7,24.7,24.7,24.7,24.7,24.7,24.7,24.7,24.7,24.7,24.7,24.7,24.7,24.7,24.7,24.7,24.7,24.7,24.7,24.7,24.7,24.7,24.7,25.7,25.7,25.7,25.7,25.7,25.7,25.7,25.7,25.7,25.7,25.7,25.7,25.7,25.7,25.7,25.7,25.7,25.7,25.7,25.7,25.7,25.7,25.7,25.7,25.7,25.7,25.7,25.7,25.7,25.7,25.7,25.7,25.7,25.7,25.7,25.703,25.703,25.703,25.703,25.703,25.703,26.315,26.315,26.315,26.315,26.315,26.315,26.315,26.315,26.315,26.315,26.315,26.315,26.315,26.315,26.315,26.315,26.315,26.315,26.315,26.315,26.315,26.315,26.315,26.315,26.315,26.315,26.315,26.315,26.315,26.315,26.315,26.315,26.315,26.315,26.315,26.315,26.315,26.315,26.315,26.315,26.315,26.315,26.315,26.315,26.315,26.315,26.315,26.315,26.315,26.315,26.315,26.315,26.315,26.315,26.315,26.315,26.315,26.315,26.315,26.315
1958-01-01,17.6,17.6,17.6,17.6,17.6,17.6,17.6,17.6,17.6,17.6,17.6,17.6,17.6,17.6,17.6,17.6,17.6,17.6,17.6,17.6,17.6,17.6,17.6,17.6,17.6,17.6,17.6,17.6,17.6,17.6,17.6,17.6,17.6,17.6,17.6,17.6,17.6,17.6,17.6,17.6,17.6,17.6,19.6,19.6,19.6,19.6,19.6,19.6,19.6,19.6,19.6,19.6,19.6,19.6,19.6,19.6,19.6,19.6,19.6,19.6,19.6,19.6,19.6,19.6,19.6,19.6,19.6,19.6,19.6,19.6,19.6,19.6,19.6,19.6,19.6,19.6,19.6,19.6,19.6,19.6,19.6,19.6,19.6,19.6,19.6,19.6,19.6,19.6,19.6,19.6,19.6,19.6,19.6,19.6,,,,,,,,,,,20.4,20.4,20.4,20.4,20.4,20.4,20.4,20.4,20.4,20.4,20.4,20.4,20.4,20.4,20.4,20.4,20.4,20.4,20.4,20.4,20.4,20.4,20.4,,,,,,,,,,,,,20.7,20.7,20.7,20.7,20.7,20.7,20.7,20.7,20.7,20.7,20.7,20.7,20.7,20.7,20.7,20.7,20.7,20.7,20.7,20.7,20.7,,,,,,,21.5,21.5,21.5,21.5,21.5,21.5,21.5,21.5,21.5,21.5,21.5,21.5,21.5,21.5,21.5,21.5,21.5,21.5,21.5,21.5,21.5,21.5,21.5,21.5,21.5,21.5,21.5,21.5,21.5,21.5,,22.6,22.6,22.6,22.6,22.6,22.6,22.6,22.6,22.6,22.6,22.6,22.6,22.6,22.6,22.6,22.6,22.6,22.6,22.6,22.6,22.6,22.6,22.6,22.6,22.6,22.6,22.6,22.6,22.6,22.6,22.6,22.6,22.6,22.6,22.6,22.6,22.6,22.6,22.6,22.6,22.6,22.6,22.6,22.6,22.6,,21.5,21.5,21.5,21.5,21.5,21.5,21.5,21.5,21.5,21.5,21.5,21.5,21.5,21.5,21.5,21.5,21.5,21.5,21.5,21.5,21.5,21.5,21.5,21.5,21.5,21.5,21.5,21.5,21.5,21.5,21.5,21.5,22.5,22.5,22.5,22.5,22.5,22.5,22.5,22.5,22.5,22.5,22.5,22.5,22.5,22.5,22.5,22.5,22.5,22.5,22.5,22.5,22.5,22.5,22.5,22.5,22.5,22.5,22.5,22.5,22.5,22.5,22.5,22.5,22.5,22.5,22.5,22.546,22.546,22.546,22.546,22.546,22.546,23.138,23.138,23.138,23.138,23.138,23.138,23.138,23.138,23.138,23.138,23.138,23.138,23.138,23.138,23.138,23.138,23.138,23.138,23.138,23.138,23.138,23.138,23.138,23.138,23.138,23.138,23.138,23.138,23.138,23.138,23.138,23.138,23.138,23.138,23.138,23.138,23.138,23.138,23.138,23.138,23.138,23.138,23.138,23.138,23.138,23.138,23.138,23.138,23.138,23.138,23.138,23.138,23.138,23.138,23.138,23.138,23.138,23.138,23.138,23.138
1958-04-01,18.0,18.0,18.0,18.0,18.0,18.0,18.0,18.0,18.0,18.0,18.0,18.0,18.0,18.0,18.0,18.0,18.0,18.0,18.0,18.0,18.0,18.0,18.0,18.0,18.0,18.0,18.0,18.0,18.0,18.0,18.0,18.0,18.0,18.0,18.0,18.0,18.0,18.0,18.0,18.0,18.0,18.0,19.8,19.8,19.8,19.8,19.8,19.8,19.8,19.8,19.8,19.8,19.8,19.8,19.8,19.8,19.8,19.8,19.8,19.8,19.8,19.8,19.8,19.8,19.8,19.8,19.8,19.8,19.8,19.8,19.8,19.8,19.8,19.8,19.8,19.8,19.8,19.8,19.8,19.8,19.8,19.8,19.8,19.8,19.8,19.8,19.8,19.8,19.8,19.8,19.8,19.8,19.8,19.8,,,,,,,,,,,20.7,20.7,20.7,20.7,20.7,20.7,20.7,20.7,20.7,20.7,20.7,20.7,20.7,20.7,20.7,20.7,20.7,20.7,20.7,20.7,20.7,20.7,20.7,,,,,,,,,,,,,20.9,20.9,20.9,20.9,20.9,20.9,20.9,20.9,20.9,20.9,20.9,20.9,20.9,20.9,20.9,20.9,20.9,20.9,20.9,20.9,20.9,,,,,,,21.7,21.7,21.7,21.7,21.7,21.7,21.7,21.7,21.7,21.7,21.7,21.7,21.7,21.7,21.7,21.7,21.7,21.7,21.7,21.7,21.7,21.7,21.7,21.7,21.7,21.7,21.7,21.7,21.7,21.7,,22.7,22.7,22.7,22.7,22.7,22.7,22.7,22.7,22.7,22.7,22.7,22.7,22.7,22.7,22.7,22.7,22.7,22.7,22.7,22.7,22.7,22.7,22.7,22.7,22.7,22.7,22.7,22.7,22.7,22.7,22.7,22.7,22.7,22.7,22.7,22.7,22.7,22.7,22.7,22.7,22.7,22.7,22.7,22.7,22.7,,21.9,21.9,21.9,21.9,21.9,21.9,21.9,21.9,21.9,21.9,21.9,21.9,21.9,21.9,21.9,21.9,21.9,21.9,21.9,21.9,21.9,21.9,21.9,21.9,21.9,21.9,21.9,21.9,21.9,21.9,21.9,21.9,23.4,23.4,23.4,23.4,23.4,23.4,23.4,23.4,23.4,23.4,23.4,23.4,23.4,23.4,23.4,23.4,23.4,23.4,23.4,23.4,23.4,23.4,23.4,23.4,23.4,23.4,23.4,23.4,23.4,23.4,23.4,23.4,23.4,23.4,23.4,23.361,23.361,23.361,23.361,23.361,23.361,23.932,23.932,23.932,23.932,23.932,23.932,23.932,23.932,23.932,23.932,23.932,23.932,23.932,23.932,23.932,23.932,23.932,23.932,23.932,23.932,23.932,23.932,23.932,23.932,23.932,23.932,23.932,23.932,23.932,23.932,23.932,23.932,23.932,23.932,23.932,23.932,23.932,23.932,23.932,23.932,23.932,23.932,23.932,23.932,23.932,23.932,23.932,23.932,23.932,23.932,23.932,23.932,23.932,23.932,23.932,23.932,23.932,23.932,23.932,23.932
1958-07-01,19.8,19.8,19.8,19.8,19.8,19.8,19.8,19.8,19.8,19.8,19.8,19.8,19.8,19.8,19.8,19.8,19.8,19.8,19.8,19.8,19.8,19.8,19.8,19.8,19.8,19.8,19.8,19.8,19.8,19.8,19.8,19.8,19.8,19.8,19.8,19.8,19.8,19.8,19.8,19.8,19.8,19.8,21.7,21.7,21.7,21.7,21.7,21.7,21.7,21.7,21.7,21.7,21.7,21.7,21.7,21.7,21.7,21.7,21.7,21.7,21.7,21.7,21.7,21.7,21.7,21.7,21.7,21.7,21.7,21.7,21.7,21.7,21.7,21.7,21.7,21.7,21.7,21.7,21.7,21.7,21.7,21.7,21.7,21.7,21.7,21.7,21.7,21.7,21.7,21.7,21.7,21.7,21.7,21.7,,,,,,,,,,,22.6,22.6,22.6,22.6,22.6,22.6,22.6,22.6,22.6,22.6,22.6,22.6,22.6,22.6,22.6,22.6,22.6,22.6,22.6,22.6,22.6,22.6,22.6,,,,,,,,,,,,,22.9,22.9,22.9,22.9,22.9,22.9,22.9,22.9,22.9,22.9,22.9,22.9,22.9,22.9,22.9,22.9,22.9,22.9,22.9,22.9,22.9,,,,,,,23.7,23.7,23.7,23.7,23.7,23.7,23.7,23.7,23.7,23.7,23.7,23.7,23.7,23.7,23.7,23.7,23.7,23.7,23.7,23.7,23.7,23.7,23.7,23.7,23.7,23.7,23.7,23.7,23.7,23.7,,24.8,24.8,24.8,24.8,24.8,24.8,24.8,24.8,24.8,24.8,24.8,24.8,24.8,24.8,24.8,24.8,24.8,24.8,24.8,24.8,24.8,24.8,24.8,24.8,24.8,24.8,24.8,24.8,24.8,24.8,24.8,24.8,24.8,24.8,24.8,24.8,24.8,24.8,24.8,24.8,24.8,24.8,24.8,24.8,24.8,,23.9,23.9,23.9,23.9,23.9,23.9,23.9,23.9,23.9,23.9,23.9,23.9,23.9,23.9,23.9,23.9,23.9,23.9,23.9,23.9,23.9,23.9,23.9,23.9,23.9,23.9,23.9,23.9,23.9,23.9,23.9,23.9,25.4,25.4,25.4,25.4,25.4,25.4,25.4,25.4,25.4,25.4,25.4,25.4,25.4,25.4,25.4,25.4,25.4,25.4,25.4,25.4,25.4,25.4,25.4,25.4,25.4,25.4,25.4,25.4,25.4,25.4,25.4,25.4,25.4,25.4,25.4,25.371,25.371,25.371,25.371,25.371,25.371,25.851,25.851,25.851,25.851,25.851,25.851,25.851,25.851,25.851,25.851,25.851,25.851,25.851,25.851,25.851,25.851,25.851,25.851,25.851,25.851,25.851,25.851,25.851,25.851,25.851,25.851,25.851,25.851,25.851,25.851,25.851,25.851,25.851,25.851,25.851,25.851,25.851,25.851,25.851,25.851,25.851,25.851,25.851,25.851,25.851,25.851,25.851,25.851,25.851,25.851,25.851,25.851,25.851,25.851,25.851,25.851,25.851,25.851,25.851,25.851
1958-10-01,22.4,22.4,22.4,22.4,22.4,22.4,22.4,22.4,22.4,22.4,22.4,22.4,22.4,22.4,22.4,22.4,22.4,22.4,22.4,22.4,22.4,22.4,22.4,22.4,22.4,22.4,22.4,22.4,22.4,22.4,22.4,22.4,22.4,22.4,22.4,22.4,22.4,22.4,22.4,22.4,22.4,22.4,24.4,24.4,24.4,24.4,24.4,24.4,24.4,24.4,24.4,24.4,24.4,24.4,24.4,24.4,24.4,24.4,24.4,24.4,24.4,24.4,24.4,24.4,24.4,24.4,24.4,24.4,24.4,24.4,24.4,24.4,24.4,24.4,24.4,24.4,24.4,24.4,24.4,24.4,24.4,24.4,24.4,24.4,24.4,24.4,24.4,24.4,24.4,24.4,24.4,24.4,24.4,24.4,,,,,,,,,,,25.4,25.4,25.4,25.4,25.4,25.4,25.4,25.4,25.4,25.4,25.4,25.4,25.4,25.4,25.4,25.4,25.4,25.4,25.4,25.4,25.4,25.4,25.4,,,,,,,,,,,,,26.2,26.2,26.2,26.2,26.2,26.2,26.2,26.2,26.2,26.2,26.2,26.2,26.2,26.2,26.2,26.2,26.2,26.2,26.2,26.2,26.2,,,,,,,26.8,26.8,26.8,26.8,26.8,26.8,26.8,26.8,26.8,26.8,26.8,26.8,26.8,26.8,26.8,26.8,26.8,26.8,26.8,26.8,26.8,26.8,26.8,26.8,26.8,26.8,26.8,26.8,26.8,26.8,,28.1,28.1,28.1,28.1,28.1,28.1,28.1,28.1,28.1,28.1,28.1,28.1,28.1,28.1,28.1,28.1,28.1,28.1,28.1,28.1,28.1,28.1,28.1,28.1,28.1,28.1,28.1,28.1,28.1,28.1,28.1,28.1,28.1,28.1,28.1,28.1,28.1,28.1,28.1,28.1,28.1,28.1,28.1,28.1,28.1,,26.7,26.7,26.7,26.7,26.7,26.7,26.7,26.7,26.7,26.7,26.7,26.7,26.7,26.7,26.7,26.7,26.7,26.7,26.7,26.7,26.7,26.7,26.7,26.7,26.7,26.7,26.7,26.7,26.7,26.7,26.7,26.7,28.3,28.3,28.3,28.3,28.3,28.3,28.3,28.3,28.3,28.3,28.3,28.3,28.3,28.3,28.3,28.3,28.3,28.3,28.3,28.3,28.3,28.3,28.3,28.3,28.3,28.3,28.3,28.3,28.3,28.3,28.3,28.3,28.3,28.3,28.3,28.293,28.293,28.293,28.293,28.293,28.293,28.745,28.745,28.745,28.745,28.745,28.745,28.745,28.745,28.745,28.745,28.745,28.745,28.745,28.745,28.745,28.745,28.745,28.745,28.745,28.745,28.745,28.745,28.745,28.745,28.745,28.745,28.745,28.745,28.745,28.745,28.745,28.745,28.745,28.745,28.745,28.745,28.745,28.745,28.745,28.745,28.745,28.745,28.745,28.745,28.745,28.745,28.745,28.745,28.745,28.745,28.745,28.745,28.745,28.745,28.745,28.745,28.745,28.745,28.745,28.745
1959-01-01,25.1,25.1,25.1,25.1,25.1,25.1,25.1,25.1,25.1,25.1,25.1,25.1,25.1,25.1,25.1,25.1,25.1,25.1,25.1,25.1,25.1,25.1,25.1,25.1,25.1,25.1,25.1,25.1,25.1,25.1,25.1,25.1,25.1,25.1,25.1,25.1,25.1,25.1,25.1,25.1,25.1,25.1,27.1,27.1,27.1,27.1,27.1,27.1,27.1,27.1,27.1,27.1,27.1,27.1,27.1,27.1,27.1,27.1,27.1,27.1,27.1,27.1,27.1,27.1,27.1,27.1,27.1,27.1,27.1,27.1,27.1,27.1,27.1,27.1,27.1,27.1,27.1,27.1,27.1,27.1,27.1,27.1,27.1,27.1,27.1,27.1,27.1,27.1,27.1,27.1,27.1,27.1,27.1,27.1,27.8,27.8,27.8,27.8,27.8,27.8,27.8,27.8,27.8,27.8,27.8,27.8,27.8,27.8,27.8,27.8,27.8,27.8,27.8,27.8,27.8,27.8,27.8,27.8,27.8,27.8,27.8,27.8,27.8,27.8,27.8,27.8,27.8,25.0,25.0,25.0,25.0,25.0,25.0,25.0,25.0,25.0,25.0,25.0,25.0,27.6,27.6,27.6,27.6,27.6,27.6,27.6,27.6,27.6,27.6,27.6,27.6,27.6,27.6,27.6,27.6,27.6,27.6,27.6,27.6,27.6,,28.8,28.8,28.8,28.8,29.2,29.2,29.2,29.2,29.2,29.2,29.2,29.2,29.2,29.2,29.2,29.2,29.2,29.2,29.2,29.2,29.2,29.2,29.2,29.2,29.2,29.2,29.2,29.2,29.2,29.2,29.2,29.2,29.2,29.2,29.2,,31,31,31,31,31,31,31,31,31,31,31,31,31,31,31,31,31,31,31,31,31,31,31,31,31,31,31,31,31,31,31,31,31,31,31,31,31,31,31,31,31,31,31,31,31,,29.1,29.1,29.1,29.1,29.1,29.1,29.1,29.1,29.1,29.1,29.1,29.1,29.1,29.1,29.1,29.1,29.1,29.1,29.1,29.1,29.1,29.1,29.1,29.1,29.1,29.1,29.1,29.1,29.1,29.1,29.1,29.1,30.8,30.8,30.8,30.8,30.8,30.8,30.8,30.8,30.8,30.8,30.8,30.8,30.8,30.8,30.8,30.8,30.8,30.8,30.8,30.8,30.8,30.8,30.8,30.8,30.8,30.8,30.8,30.8,30.8,30.8,30.8,30.8,30.8,30.8,30.8,30.765,30.765,30.765,30.765,30.765,30.765,31.469,31.469,31.469,31.469,31.469,31.469,31.469,31.469,31.469,31.469,31.469,31.469,31.469,31.469,31.469,31.469,31.469,31.469,31.469,31.469,31.469,31.469,31.469,31.469,31.469,31.469,31.469,31.469,31.469,31.469,31.469,31.469,31.469,31.469,31.469,31.469,31.469,31.469,31.469,31.469,31.469,31.469,31.469,31.469,31.469,31.469,31.469,31.469,31.469,31.469,31.469,31.469,31.469,31.469,31.469,31.469,31.469,31.469,31.469,31.469
1959-04-01,27.9,27.9,27.9,27.9,27.9,27.9,27.9,27.9,27.9,27.9,27.9,27.9,27.9,27.9,27.9,27.9,27.9,27.9,27.9,27.9,27.9,27.9,27.9,27.9,27.9,27.9,27.9,27.9,27.9,27.9,27.9,27.9,27.9,27.9,27.9,27.9,27.9,27.9,27.9,27.9,27.9,27.9,29.7,29.7,29.7,29.7,29.7,29.7,29.7,29.7,29.7,29.7,29.7,29.7,29.7,29.7,29.7,29.7,29.7,29.7,29.7,29.7,29.7,29.7,29.7,29.7,29.7,29.7,29.7,29.7,29.7,29.7,29.7,29.7,29.7,29.7,29.7,29.7,29.7,29.7,29.7,29.7,29.7,29.7,29.7,29.7,29.7,29.7,29.7,29.7,29.7,29.7,29.7,29.7,30.5,30.5,30.5,30.5,30.5,30.5,30.5,30.5,30.5,30.5,30.5,30.5,30.5,30.5,30.5,30.5,30.5,30.5,30.5,30.5,30.5,30.5,30.5,30.5,30.5,30.5,30.5,30.5,30.5,30.5,30.5,30.5,30.5,28.3,28.3,28.3,28.3,28.3,28.3,28.3,28.3,28.3,28.3,28.3,28.3,31.0,31.0,31.0,31.0,31.0,31.0,31.0,31.0,31.0,31.0,31.0,31.0,31.0,31.0,31.0,31.0,31.0,31.0,31.0,31.0,31.0,,31.9,31.9,31.9,31.9,31.9,31.9,31.9,31.9,31.9,31.9,31.9,31.9,31.9,31.9,31.9,31.9,31.9,31.9,31.9,31.9,31.9,31.9,31.9,31.9,31.9,31.9,31.9,31.9,31.9,31.9,31.9,31.9,31.9,31.9,31.9,,33.9,33.9,33.9,33.9,33.9,33.9,33.9,33.9,33.9,33.9,33.9,33.9,33.9,33.9,33.9,33.9,33.9,33.9,33.9,33.9,33.9,33.9,33.9,33.9,33.9,33.9,33.9,33.9,33.9,33.9,33.9,33.9,33.9,33.9,33.9,33.9,33.9,33.9,33.9,33.9,33.9,33.9,33.9,33.9,33.9,,31.9,31.9,31.9,31.9,31.9,31.9,31.9,31.9,31.9,31.9,31.9,31.9,31.9,31.9,31.9,31.9,31.9,31.9,31.9,31.9,31.9,31.9,31.9,31.9,31.9,31.9,31.9,31.9,31.9,31.9,31.9,31.9,33.3,33.3,33.3,33.3,33.3,33.3,33.3,33.3,33.3,33.3,33.3,33.3,33.3,33.3,33.3,33.3,33.3,33.3,33.3,33.3,33.3,33.3,33.3,33.3,33.3,33.3,33.3,33.3,33.3,33.3,33.3,33.3,33.3,33.3,33.3,33.343,33.343,33.343,33.343,33.343,33.343,34.115,34.115,34.115,34.115,34.115,34.115,34.115,34.115,34.115,34.115,34.115,34.115,34.115,34.115,34.115,34.115,34.115,34.115,34.115,34.115,34.115,34.115,34.115,34.115,34.115,34.115,34.115,34.115,34.115,34.115,34.115,34.115,34.115,34.115,34.115,34.115,34.115,34.115,34.115,34.115,34.115,34.115,34.115,34.115,34.115,34.115,34.115,34.115,34.115,34.115,34.115,34.115,34.115,34.115,34.115,34.115,34.115,34.115,34.115,34.115
1959-07-01,25.0,25.0,25.0,25.0,25.0,25.0,25.0,25.0,25.0,25.0,25.0,25.0,25.0,25.0,25.0,25.0,25.0,25.0,25.0,25.0,25.0,25.0,25.0,25.0,25.0,25.0,25.0,25.0,25.0,25.0,25.0,25.0,25.0,25.0,25.0,25.0,25.0,25.0,25.0,25.0,25.0,25.0,26.8,26.8,26.8,26.8,26.8,26.8,26.8,26.8,26.8,26.8,26.8,26.8,26.8,26.8,26.8,26.8,26.8,26.8,26.8,26.8,26.8,26.8,26.8,26.8,26.8,26.8,26.8,26.8,26.8,26.8,26.8,26.8,26.8,26.8,26.8,26.8,26.8,26.8,26.8,26.8,26.8,26.8,26.8,26.8,26.8,26.8,26.8,26.8,26.8,26.8,26.8,26.8,27.7,27.7,27.7,27.7,27.7,27.7,27.7,27.7,27.7,27.7,27.7,27.7,27.7,27.7,27.7,27.7,27.7,27.7,27.7,27.7,27.7,27.7,27.7,27.7,27.7,27.7,27.7,27.7,27.7,27.7,27.7,27.7,27.7,26.1,26.1,26.1,26.1,26.1,26.1,26.1,26.1,26.1,26.1,26.1,26.1,28.6,28.6,28.6,28.6,28.6,28.6,28.6,28.6,28.6,28.6,28.6,28.6,28.6,28.6,28.6,28.6,28.6,28.6,28.6,28.6,28.6,,29.3,29.3,29.3,29.3,29.1,29.1,29.1,29.1,29.1,29.1,29.1,29.1,29.1,29.1,29.1,29.1,29.1,29.1,29.1,29.1,29.1,29.1,29.1,29.1,29.1,29.1,29.1,29.1,29.1,29.1,29.1,29.1,29.1,29.1,29.1,,31.1,31.1,31.1,31.1,31.1,31.1,31.1,31.1,31.1,31.1,31.1,31.1,31.1,31.1,31.1,31.1,31.1,31.1,31.1,31.1,31.1,31.1,31.1,31.1,31.1,31.1,31.1,31.1,31.1,31.1,31.1,31.1,31.1,31.1,31.1,31.1,31.1,31.1,31.1,31.1,31.1,31.1,31.1,31.1,31.1,,29.2,29.2,29.2,29.2,29.2,29.2,29.2,29.2,29.2,29.2,29.2,29.2,29.2,29.2,29.2,29.2,29.2,29.2,29.2,29.2,29.2,29.2,29.2,29.2,29.2,29.2,29.2,29.2,29.2,29.2,29.2,29.2,31.1,31.1,31.1,31.1,31.1,31.1,31.1,31.1,31.1,31.1,31.1,31.1,31.1,31.1,31.1,31.1,31.1,31.1,31.1,31.1,31.1,31.1,31.1,31.1,31.1,31.1,31.1,31.1,31.1,31.1,31.1,31.1,31.1,31.1,31.1,31.074,31.074,31.074,31.074,31.074,31.074,32.082,32.082,32.082,32.082,32.082,32.082,32.082,32.082,32.082,32.082,32.082,32.082,32.082,32.082,32.082,32.082,32.082,32.082,32.082,32.082,32.082,32.082,32.082,32.082,32.082,32.082,32.082,32.082,32.082,32.082,32.082,32.082,32.082,32.082,32.082,32.082,32.082,32.082,32.082,32.082,32.082,32.082,32.082,32.082,32.082,32.082,32.082,32.082,32.082,32.082,32.082,32.082,32.082,32.082,32.082,32.082,32.082,32.082,32.082,32.082
1959-10-01,25.9,25.9,25.9,25.9,25.9,25.9,25.9,25.9,25.9,25.9,25.9,25.9,25.9,25.9,25.9,25.9,25.9,25.9,25.9,25.9,25.9,25.9,25.9,25.9,25.9,25.9,25.9,25.9,25.9,25.9,25.9,25.9,25.9,25.9,25.9,25.9,25.9,25.9,25.9,25.9,25.9,25.9,27.5,27.5,27.5,27.5,27.5,27.5,27.5,27.5,27.5,27.5,27.5,27.5,27.5,27.5,27.5,27.5,27.5,27.5,27.5,27.5,27.5,27.5,27.5,27.5,27.5,27.5,27.5,27.5,27.5,27.5,27.5,27.5,27.5,27.5,27.5,27.5,27.5,27.5,27.5,27.5,27.5,27.5,27.5,27.5,27.5,27.5,27.5,27.5,27.5,27.5,27.5,27.5,28.5,28.5,28.5,28.5,28.5,28.5,28.5,28.5,28.5,28.5,28.5,28.5,28.5,28.5,28.5,28.5,28.5,28.5,28.5,28.5,28.5,28.5,28.5,28.5,28.5,28.5,28.5,28.5,28.5,28.5,28.5,28.5,28.5,27.1,27.1,27.1,27.1,27.1,27.1,27.1,27.1,27.1,27.1,27.1,27.1,29.7,29.7,29.7,29.7,29.7,29.7,29.7,29.7,29.7,29.7,29.7,29.7,29.7,29.7,29.7,29.7,29.7,29.7,29.7,29.7,29.7,,30.1,30.1,30.1,30.1,29.9,29.9,29.9,29.9,29.9,29.9,29.9,29.9,29.9,29.9,29.9,29.9,29.9,29.9,29.9,29.9,29.9,29.9,29.9,29.9,29.9,29.9,29.9,29.9,29.9,29.9,29.9,29.9,29.9,29.9,29.9,,31.8,31.8,31.8,31.8,31.8,31.8,31.8,31.8,31.8,31.8,31.8,31.8,31.8,31.8,31.8,31.8,31.8,31.8,31.8,31.8,31.8,31.8,31.8,31.8,31.8,31.8,31.8,31.8,31.8,31.8,31.8,31.8,31.8,31.8,31.8,31.8,31.8,31.8,31.8,31.8,31.8,31.8,31.8,31.8,31.8,,30.2,30.2,30.2,30.2,30.2,30.2,30.2,30.2,30.2,30.2,30.2,30.2,30.2,30.2,30.2,30.2,30.2,30.2,30.2,30.2,30.2,30.2,30.2,30.2,30.2,30.2,30.2,30.2,30.2,30.2,30.2,30.2,32.0,32.0,32.0,32.0,32.0,32.0,32.0,32.0,32.0,32.0,32.0,32.0,32.0,32.0,32.0,32.0,32.0,32.0,32.0,32.0,32.0,32.0,32.0,32.0,32.0,32.0,32.0,32.0,32.0,32.0,32.0,32.0,32.0,32.0,32.0,31.967,31.967,31.967,31.967,31.967,31.967,33.127,33.127,33.127,33.127,33.127,33.127,33.127,33.127,33.127,33.127,33.127,33.127,33.127,33.127,33.127,33.127,33.127,33.127,33.127,33.127,33.127,33.127,33.127,33.127,33.127,33.127,33.127,33.127,33.127,33.127,33.127,33.127,33.127,33.127,33.127,33.127,33.127,33.127,33.127,33.127,33.127,33.127,33.127,33.127,33.127,33.127,33.127,33.127,33.127,33.127,33.127,33.127,33.127,33.127,33.127,33.127,33.127,33.127,33.127,33.127
1960-01-01,26.6,26.6,26.6,26.6,26.6,26.6,26.6,26.6,26.6,26.6,26.6,26.6,26.6,26.6,26.6,26.6,26.6,26.6,26.6,26.6,26.6,26.6,26.6,26.6,26.6,26.6,26.6,26.6,26.6,26.6,26.6,26.6,26.6,26.6,26.6,26.6,26.6,26.6,26.6,26.6,26.6,26.6,28.4,28.4,28.4,28.4,28.4,28.4,28.4,28.4,28.4,28.4,28.4,28.4,28.4,28.4,28.4,28.4,28.4,28.4,28.4,28.4,28.4,28.4,28.4,28.4,28.4,28.4,28.4,28.4,28.4,28.4,28.4,28.4,28.4,28.4,28.4,28.4,28.4,28.4,28.4,28.4,28.4,28.4,28.4,28.4,28.4,28.4,28.4,28.4,28.4,28.4,28.4,28.4,29.8,29.8,29.8,29.8,29.8,29.8,29.8,29.8,29.8,29.8,29.8,29.8,29.8,29.8,29.8,29.8,29.8,29.8,29.8,29.8,29.8,29.8,29.8,29.8,29.8,29.8,29.8,29.8,29.8,29.8,29.8,29.8,29.8,28.2,28.2,28.2,28.2,28.2,28.2,28.2,28.2,28.2,28.2,28.2,28.2,30.6,30.6,30.6,30.6,30.6,30.6,30.6,30.6,30.6,30.6,30.6,30.6,30.6,30.6,30.6,30.6,30.6,30.6,30.6,30.6,30.6,,31.5,31.5,31.5,31.5,31.4,31.4,31.4,31.4,31.4,31.4,31.4,31.4,31.4,31.4,31.4,31.4,31.4,31.4,31.4,31.4,31.4,31.4,31.4,31.4,31.4,31.4,31.4,31.4,31.4,31.4,31.4,31.4,31.4,31.4,31.4,,32.9,32.9,32.9,32.9,32.9,32.9,32.9,32.9,32.9,32.9,32.9,32.9,32.9,32.9,32.9,32.9,32.9,32.9,32.9,32.9,32.9,32.9,32.9,32.9,32.9,32.9,32.9,32.9,32.9,32.9,32.9,32.9,32.9,32.9,32.9,32.9,32.9,32.9,32.9,32.9,32.9,32.9,32.9,32.9,32.9,,31.9,31.9,31.9,31.9,31.9,31.9,31.9,31.9,31.9,31.9,31.9,31.9,31.9,31.9,31.9,31.9,31.9,31.9,31.9,31.9,31.9,31.9,31.9,31.9,31.9,31.9,31.9,31.9,31.9,31.9,31.9,31.9,33.5,33.5,33.5,33.5,33.5,33.5,33.5,33.5,33.5,33.5,33.5,33.5,33.5,33.5,33.5,33.5,33.5,33.5,33.5,33.5,33.5,33.5,33.5,33.5,33.5,33.5,33.5,33.5,33.5,33.5,33.5,33.5,33.5,33.5,33.5,33.506,33.506,33.506,33.506,33.506,33.506,34.445,34.445,34.445,34.445,34.445,34.445,34.445,34.445,34.445,34.445,34.445,34.445,34.445,34.445,34.445,34.445,34.445,34.445,34.445,34.445,34.445,34.445,34.445,34.445,34.445,34.445,34.445,34.445,34.445,34.445,34.445,34.445,34.445,34.445,34.445,34.445,34.445,34.445,34.445,34.445,34.445,34.445,34.445,34.445,34.445,34.445,34.445,34.445,34.445,34.445,34.445,34.445,34.445,34.445,34.445,34.445,34.445,34.445,34.445,34.445
1960-04-01,24.7,24.7,24.7,24.7,24.7,24.7,24.7,24.7,24.7,24.7,24.7,24.7,24.7,24.7,24.7,24.7,24.7,24.7,24.7,24.7,24.7,24.7,24.7,24.7,24.7,24.7,24.7,24.7,24.7,24.7,24.7,24.7,24.7,24.7,24.7,24.7,24.7,24.7,24.7,24.7,24.7,24.7,26.5,26.5,26.5,26.5,26.5,26.5,26.5,26.5,26.5,26.5,26.5,26.5,26.5,26.5,26.5,26.5,26.5,26.5,26.5,26.5,26.5,26.5,26.5,26.5,26.5,26.5,26.5,26.5,26.5,26.5,26.5,26.5,26.5,26.5,26.5,26.5,26.5,26.5,26.5,26.5,26.5,26.5,26.5,26.5,26.5,26.5,26.5,26.5,26.5,26.5,26.5,26.5,27.8,27.8,27.8,27.8,27.8,27.8,27.8,27.8,27.8,27.8,27.8,27.8,27.8,27.8,27.8,27.8,27.8,27.8,27.8,27.8,27.8,27.8,27.8,27.8,27.8,27.8,27.8,27.8,27.8,27.8,27.8,27.8,27.8,26.0,26.0,26.0,26.0,26.0,26.0,26.0,26.0,26.0,26.0,26.0,26.0,28.5,28.5,28.5,28.5,28.5,28.5,28.5,28.5,28.5,28.5,28.5,28.5,28.5,28.5,28.5,28.5,28.5,28.5,28.5,28.5,28.5,,29.4,29.4,29.4,29.4,29.4,29.4,29.4,29.4,29.4,29.4,29.4,29.4,29.4,29.4,29.4,29.4,29.4,29.4,29.4,29.4,29.4,29.4,29.4,29.4,29.4,29.4,29.4,29.4,29.4,29.4,29.4,29.4,29.4,29.4,29.4,,30.8,30.8,30.8,30.8,30.8,30.8,30.8,30.8,30.8,30.8,30.8,30.8,30.8,30.8,30.8,30.8,30.8,30.8,30.8,30.8,30.8,30.8,30.8,30.8,30.8,30.8,30.8,30.8,30.8,30.8,30.8,30.8,30.8,30.8,30.8,30.8,30.8,30.8,30.8,30.8,30.8,30.8,30.8,30.8,30.8,,30.1,30.1,30.1,30.1,30.1,30.1,30.1,30.1,30.1,30.1,30.1,30.1,30.1,30.1,30.1,30.1,30.1,30.1,30.1,30.1,30.1,30.1,30.1,30.1,30.1,30.1,30.1,30.1,30.1,30.1,30.1,30.1,31.7,31.7,31.7,31.7,31.7,31.7,31.7,31.7,31.7,31.7,31.7,31.7,31.7,31.7,31.7,31.7,31.7,31.7,31.7,31.7,31.7,31.7,31.7,31.7,31.7,31.7,31.7,31.7,31.7,31.7,31.7,31.7,31.7,31.7,31.7,31.732,31.732,31.732,31.732,31.732,31.732,32.68,32.68,32.68,32.68,32.68,32.68,32.68,32.68,32.68,32.68,32.68,32.68,32.68,32.68,32.68,32.68,32.68,32.68,32.68,32.68,32.68,32.68,32.68,32.68,32.68,32.68,32.68,32.68,32.68,32.68,32.68,32.68,32.68,32.68,32.68,32.68,32.68,32.68,32.68,32.68,32.68,32.68,32.68,32.68,32.68,32.68,32.68,32.68,32.68,32.68,32.68,32.68,32.68,32.68,32.68,32.68,32.68,32.68,32.68,32.68
1960-07-01,24.9,24.9,24.9,24.9,24.9,24.9,24.9,24.9,24.9,24.9,24.9,24.9,24.9,24.9,24.9,24.9,24.9,24.9,24.9,24.9,24.9,24.9,24.9,24.9,24.9,24.9,24.9,24.9,24.9,24.9,24.9,24.9,24.9,24.9,24.9,24.9,24.9,24.9,24.9,24.9,24.9,24.9,26.8,26.8,26.8,26.8,26.8,26.8,26.8,26.8,26.8,26.8,26.8,26.8,26.8,26.8,26.8,26.8,26.8,26.8,26.8,26.8,26.8,26.8,26.8,26.8,26.8,26.8,26.8,26.8,26.8,26.8,26.8,26.8,26.8,26.8,26.8,26.8,26.8,26.8,26.8,26.8,26.8,26.8,26.8,26.8,26.8,26.8,26.8,26.8,26.8,26.8,26.8,26.8,27.8,27.8,27.8,27.8,27.8,27.8,27.8,27.8,27.8,27.8,27.8,27.8,27.8,27.8,27.8,27.8,27.8,27.8,27.8,27.8,27.8,27.8,27.8,27.8,27.8,27.8,27.8,27.8,27.8,27.8,27.8,27.8,27.8,25.6,25.6,25.6,25.6,25.6,25.6,25.6,25.6,25.6,25.6,25.6,25.6,28.5,28.5,28.5,28.5,28.5,28.5,28.5,28.5,28.5,28.5,28.5,28.5,28.5,28.5,28.5,28.5,28.5,28.5,28.5,28.5,28.5,,29.4,29.4,29.4,29.4,29.5,29.5,29.5,29.5,29.5,29.5,29.5,29.5,29.5,29.5,29.5,29.5,29.5,29.5,29.5,29.5,29.5,29.5,29.5,29.5,29.5,29.5,29.5,29.5,29.5,29.5,29.5,29.5,29.5,29.5,29.5,,30.7,30.7,30.7,30.7,30.7,30.7,30.7,30.7,30.7,30.7,30.7,30.7,30.7,30.7,30.7,30.7,30.7,30.7,30.7,30.7,30.7,30.7,30.7,30.7,30.7,30.7,30.7,30.7,30.7,30.7,30.7,30.7,30.7,30.7,30.7,30.7,30.7,30.7,30.7,30.7,30.7,30.7,30.7,30.7,30.7,,30.2,30.2,30.2,30.2,30.2,30.2,30.2,30.2,30.2,30.2,30.2,30.2,30.2,30.2,30.2,30.2,30.2,30.2,30.2,30.2,30.2,30.2,30.2,30.2,30.2,30.2,30.2,30.2,30.2,30.2,30.2,30.2,31.8,31.8,31.8,31.8,31.8,31.8,31.8,31.8,31.8,31.8,31.8,31.8,31.8,31.8,31.8,31.8,31.8,31.8,31.8,31.8,31.8,31.8,31.8,31.8,31.8,31.8,31.8,31.8,31.8,31.8,31.8,31.8,31.8,31.8,31.8,31.783,31.783,31.783,31.783,31.783,31.783,32.675,32.675,32.675,32.675,32.675,32.675,32.675,32.675,32.675,32.675,32.675,32.675,32.675,32.675,32.675,32.675,32.675,32.675,32.675,32.675,32.675,32.675,32.675,32.675,32.675,32.675,32.675,32.675,32.675,32.675,32.675,32.675,32.675,32.675,32.675,32.675,32.675,32.675,32.675,32.675,32.675,32.675,32.675,32.675,32.675,32.675,32.675,32.675,32.675,32.675,32.675,32.675,32.675,32.675,32.675,32.675,32.675,32.675,32.675,32.675
1960-10-01,23.7,23.7,23.7,23.7,23.7,23.7,23.7,23.7,23.7,23.7,23.7,23.7,23.7,23.7,23.7,23.7,23.7,23.7,23.7,23.7,23.7,23.7,23.7,23.7,23.7,23.7,23.7,23.7,23.7,23.7,23.7,23.7,23.7,23.7,23.7,23.7,23.7,23.7,23.7,23.7,23.7,23.7,25.4,25.4,25.4,25.4,25.4,25.4,25.4,25.4,25.4,25.4,25.4,25.4,25.4,25.4,25.4,25.4,25.4,25.4,25.4,25.4,25.4,25.4,25.4,25.4,25.4,25.4,25.4,25.4,25.4,25.4,25.4,25.4,25.4,25.4,25.4,25.4,25.4,25.4,25.4,25.4,25.4,25.4,25.4,25.4,25.4,25.4,25.4,25.4,25.4,25.4,25.4,25.4,26.6,26.6,26.6,26.6,26.6,26.6,26.6,26.6,26.6,26.6,26.6,26.6,26.6,26.6,26.6,26.6,26.6,26.6,26.6,26.6,26.6,26.6,26.6,26.6,26.6,26.6,26.6,26.6,26.6,26.6,26.6,26.6,26.6,24.5,24.5,24.5,24.5,24.5,24.5,24.5,24.5,24.5,24.5,24.5,24.5,27.3,27.3,27.3,27.3,27.3,27.3,27.3,27.3,27.3,27.3,27.3,27.3,27.3,27.3,27.3,27.3,27.3,27.3,27.3,27.3,27.3,,28.2,28.2,28.2,28.2,28.4,28.4,28.4,28.4,28.4,28.4,28.4,28.4,28.4,28.4,28.4,28.4,28.4,28.4,28.4,28.4,28.4,28.4,28.4,28.4,28.4,28.4,28.4,28.4,28.4,28.4,28.4,28.4,28.4,28.4,28.4,,29.5,29.5,29.5,29.5,29.5,29.5,29.5,29.5,29.5,29.5,29.5,29.5,29.5,29.5,29.5,29.5,29.5,29.5,29.5,29.5,29.5,29.5,29.5,29.5,29.5,29.5,29.5,29.5,29.5,29.5,29.5,29.5,29.5,29.5,29.5,29.5,29.5,29.5,29.5,29.5,29.5,29.5,29.5,29.5,29.5,,29.0,29.0,29.0,29.0,29.0,29.0,29.0,29.0,29.0,29.0,29.0,29.0,29.0,29.0,29.0,29.0,29.0,29.0,29.0,29.0,29.0,29.0,29.0,29.0,29.0,29.0,29.0,29.0,29.0,29.0,29.0,29.0,30.6,30.6,30.6,30.6,30.6,30.6,30.6,30.6,30.6,30.6,30.6,30.6,30.6,30.6,30.6,30.6,30.6,30.6,30.6,30.6,30.6,30.6,30.6,30.6,30.6,30.6,30.6,30.6,30.6,30.6,30.6,30.6,30.6,30.6,30.6,30.57,30.57,30.57,30.57,30.57,30.57,31.378,31.378,31.378,31.378,31.378,31.378,31.378,31.378,31.378,31.378,31.378,31.378,31.378,31.378,31.378,31.378,31.378,31.378,31.378,31.378,31.378,31.378,31.378,31.378,31.378,31.378,31.378,31.378,31.378,31.378,31.378,31.378,31.378,31.378,31.378,31.378,31.378,31.378,31.378,31.378,31.378,31.378,31.378,31.378,31.378,31.378,31.378,31.378,31.378,31.378,31.378,31.378,31.378,31.378,31.378,31.378,31.378,31.378,31.378,31.378
1961-01-01,23.2,23.2,23.2,23.2,23.2,23.2,23.2,23.2,23.2,23.2,23.2,23.2,23.2,23.2,23.2,23.2,23.2,23.2,23.2,23.2,23.2,23.2,23.2,23.2,23.2,23.2,23.2,23.2,23.2,23.2,23.2,23.2,23.2,23.2,23.2,23.2,23.2,23.2,23.2,23.2,23.2,23.2,24.8,24.8,24.8,24.8,24.8,24.8,24.8,24.8,24.8,24.8,24.8,24.8,24.8,24.8,24.8,24.8,24.8,24.8,24.8,24.8,24.8,24.8,24.8,24.8,24.8,24.8,24.8,24.8,24.8,24.8,24.8,24.8,24.8,24.8,24.8,24.8,24.8,24.8,24.8,24.8,24.8,24.8,24.8,24.8,24.8,24.8,24.8,24.8,24.8,24.8,24.8,24.8,25.8,25.8,25.8,25.8,25.8,25.8,25.8,25.8,25.8,25.8,25.8,25.8,25.8,25.8,25.8,25.8,25.8,25.8,25.8,25.8,25.8,25.8,25.8,25.8,25.8,25.8,25.8,25.8,25.8,25.8,25.8,25.8,25.8,23.9,23.9,23.9,23.9,23.9,23.9,23.9,23.9,23.9,23.9,23.9,23.9,26.7,26.7,26.7,26.7,26.7,26.7,26.7,26.7,26.7,26.7,26.7,26.7,26.7,26.7,26.7,26.7,26.7,26.7,26.7,26.7,26.7,,27.6,27.6,27.6,27.6,27.6,27.6,27.6,27.6,27.6,27.6,27.6,27.6,27.6,27.6,27.6,27.6,27.6,27.6,27.6,27.6,27.6,27.6,27.6,27.6,27.6,27.6,27.6,27.6,27.6,27.6,27.6,27.6,27.6,27.6,27.6,,28.8,28.8,28.8,28.8,28.8,28.8,28.8,28.8,28.8,28.8,28.8,28.8,28.8,28.8,28.8,28.8,28.8,28.8,28.8,28.8,28.8,28.8,28.8,28.8,28.8,28.8,28.8,28.8,28.8,28.8,28.8,28.8,28.8,28.8,28.8,28.8,28.8,28.8,28.8,28.8,28.8,28.8,28.8,28.8,28.8,,28.2,28.2,28.2,28.2,28.2,28.2,28.2,28.2,28.2,28.2,28.2,28.2,28.2,28.2,28.2,28.2,28.2,28.2,28.2,28.2,28.2,28.2,28.2,28.2,28.2,28.2,28.2,28.2,28.2,28.2,28.2,28.2,29.6,29.6,29.6,29.6,29.6,29.6,29.6,29.6,29.6,29.6,29.6,29.6,29.6,29.6,29.6,29.6,29.6,29.6,29.6,29.6,29.6,29.6,29.6,29.6,29.6,29.6,29.6,29.6,29.6,29.6,29.6,29.6,29.6,29.6,29.6,29.586,29.586,29.586,29.586,29.586,29.586,30.286,30.286,30.286,30.286,30.286,30.286,30.286,30.286,30.286,30.286,30.286,30.286,30.286,30.286,30.286,30.286,30.286,30.286,30.286,30.286,30.286,30.286,30.286,30.286,30.286,30.286,30.286,30.286,30.286,30.286,30.286,30.286,30.286,30.286,30.286,30.286,30.286,30.286,30.286,30.286,30.286,30.286,30.286,30.286,30.286,30.286,30.286,30.286,30.286,30.286,30.286,30.286,30.286,30.286,30.286,30.286,30.286,30.286,30.286,30.286
1961-04-01,25.6,25.6,25.6,25.6,25.6,25.6,25.6,25.6,25.6,25.6,25.6,25.6,25.6,25.6,25.6,25.6,25.6,25.6,25.6,25.6,25.6,25.6,25.6,25.6,25.6,25.6,25.6,25.6,25.6,25.6,25.6,25.6,25.6,25.6,25.6,25.6,25.6,25.6,25.6,25.6,25.6,25.6,27.5,27.5,27.5,27.5,27.5,27.5,27.5,27.5,27.5,27.5,27.5,27.5,27.5,27.5,27.5,27.5,27.5,27.5,27.5,27.5,27.5,27.5,27.5,27.5,27.5,27.5,27.5,27.5,27.5,27.5,27.5,27.5,27.5,27.5,27.5,27.5,27.5,27.5,27.5,27.5,27.5,27.5,27.5,27.5,27.5,27.5,27.5,27.5,27.5,27.5,27.5,27.5,28.6,28.6,28.6,28.6,28.6,28.6,28.6,28.6,28.6,28.6,28.6,28.6,28.6,28.6,28.6,28.6,28.6,28.6,28.6,28.6,28.6,28.6,28.6,28.6,28.6,28.6,28.6,28.6,28.6,28.6,28.6,28.6,28.6,26.8,26.8,26.8,26.8,26.8,26.8,26.8,26.8,26.8,26.8,26.8,26.8,29.5,29.5,29.5,29.5,29.5,29.5,29.5,29.5,29.5,29.5,29.5,29.5,29.5,29.5,29.5,29.5,29.5,29.5,29.5,29.5,29.5,,30.4,30.4,30.4,30.4,30.5,30.5,30.5,30.5,30.5,30.5,30.5,30.5,30.5,30.5,30.5,30.5,30.5,30.5,30.5,30.5,30.5,30.5,30.5,30.5,30.5,30.5,30.5,30.5,30.5,30.5,30.5,30.5,30.5,30.5,30.5,,31.7,31.7,31.7,31.7,31.7,31.7,31.7,31.7,31.7,31.7,31.7,31.7,31.7,31.7,31.7,31.7,31.7,31.7,31.7,31.7,31.7,31.7,31.7,31.7,31.7,31.7,31.7,31.7,31.7,31.7,31.7,31.7,31.7,31.7,31.7,31.7,31.7,31.7,31.7,31.7,31.7,31.7,31.7,31.7,31.7,,31.1,31.1,31.1,31.1,31.1,31.1,31.1,31.1,31.1,31.1,31.1,31.1,31.1,31.1,31.1,31.1,31.1,31.1,31.1,31.1,31.1,31.1,31.1,31.1,31.1,31.1,31.1,31.1,31.1,31.1,31.1,31.1,32.4,32.4,32.4,32.4,32.4,32.4,32.4,32.4,32.4,32.4,32.4,32.4,32.4,32.4,32.4,32.4,32.4,32.4,32.4,32.4,32.4,32.4,32.4,32.4,32.4,32.4,32.4,32.4,32.4,32.4,32.4,32.4,32.4,32.4,32.4,32.389,32.389,32.389,32.389,32.389,32.389,33.057,33.057,33.057,33.057,33.057,33.057,33.057,33.057,33.057,33.057,33.057,33.057,33.057,33.057,33.057,33.057,33.057,33.057,33.057,33.057,33.057,33.057,33.057,33.057,33.057,33.057,33.057,33.057,33.057,33.057,33.057,33.057,33.057,33.057,33.057,33.057,33.057,33.057,33.057,33.057,33.057,33.057,33.057,33.057,33.057,33.057,33.057,33.057,33.057,33.057,33.057,33.057,33.057,33.057,33.057,33.057,33.057,33.057,33.057,33.057
1961-07-01,26.4,26.4,26.4,26.4,26.4,26.4,26.4,26.4,26.4,26.4,26.4,26.4,26.4,26.4,26.4,26.4,26.4,26.4,26.4,26.4,26.4,26.4,26.4,26.4,26.4,26.4,26.4,26.4,26.4,26.4,26.4,26.4,26.4,26.4,26.4,26.4,26.4,26.4,26.4,26.4,26.4,26.4,28.2,28.2,28.2,28.2,28.2,28.2,28.2,28.2,28.2,28.2,28.2,28.2,28.2,28.2,28.2,28.2,28.2,28.2,28.2,28.2,28.2,28.2,28.2,28.2,28.2,28.2,28.2,28.2,28.2,28.2,28.2,28.2,28.2,28.2,28.2,28.2,28.2,28.2,28.2,28.2,28.2,28.2,28.2,28.2,28.2,28.2,28.2,28.2,28.2,28.2,28.2,28.2,29.5,29.5,29.5,29.5,29.5,29.5,29.5,29.5,29.5,29.5,29.5,29.5,29.5,29.5,29.5,29.5,29.5,29.5,29.5,29.5,29.5,29.5,29.5,29.5,29.5,29.5,29.5,29.5,29.5,29.5,29.5,29.5,29.5,27.8,27.8,27.8,27.8,27.8,27.8,27.8,27.8,27.8,27.8,27.8,27.8,30.4,30.4,30.4,30.4,30.4,30.4,30.4,30.4,30.4,30.4,30.4,30.4,30.4,30.4,30.4,30.4,30.4,30.4,30.4,30.4,30.4,,31.4,31.4,31.4,31.4,31.4,31.4,31.4,31.4,31.4,31.4,31.4,31.4,31.4,31.4,31.4,31.4,31.4,31.4,31.4,31.4,31.4,31.4,31.4,31.4,31.4,31.4,31.4,31.4,31.4,31.4,31.4,31.4,31.4,31.4,31.4,,32.7,32.7,32.7,32.7,32.7,32.7,32.7,32.7,32.7,32.7,32.7,32.7,32.7,32.7,32.7,32.7,32.7,32.7,32.7,32.7,32.7,32.7,32.7,32.7,32.7,32.7,32.7,32.7,32.7,32.7,32.7,32.7,32.7,32.7,32.7,32.7,32.7,32.7,32.7,32.7,32.7,32.7,32.7,32.7,32.7,,32.0,32.0,32.0,32.0,32.0,32.0,32.0,32.0,32.0,32.0,32.0,32.0,32.0,32.0,32.0,32.0,32.0,32.0,32.0,32.0,32.0,32.0,32.0,32.0,32.0,32.0,32.0,32.0,32.0,32.0,32.0,32.0,33.9,33.9,33.9,33.9,33.9,33.9,33.9,33.9,33.9,33.9,33.9,33.9,33.9,33.9,33.9,33.9,33.9,33.9,33.9,33.9,33.9,33.9,33.9,33.9,33.9,33.9,33.9,33.9,33.9,33.9,33.9,33.9,33.9,33.9,33.9,33.851,33.851,33.851,33.851,33.851,33.851,34.527,34.527,34.527,34.527,34.527,34.527,34.527,34.527,34.527,34.527,34.527,34.527,34.527,34.527,34.527,34.527,34.527,34.527,34.527,34.527,34.527,34.527,34.527,34.527,34.527,34.527,34.527,34.527,34.527,34.527,34.527,34.527,34.527,34.527,34.527,34.527,34.527,34.527,34.527,34.527,34.527,34.527,34.527,34.527,34.527,34.527,34.527,34.527,34.527,34.527,34.527,34.527,34.527,34.527,34.527,34.527,34.527,34.527,34.527,34.527
1961-10-01,28.0,28.0,28.0,28.0,28.0,28.0,28.0,28.0,28.0,28.0,28.0,28.0,28.0,28.0,28.0,28.0,28.0,28.0,28.0,28.0,28.0,28.0,28.0,28.0,28.0,28.0,28.0,28.0,28.0,28.0,28.0,28.0,28.0,28.0,28.0,28.0,28.0,28.0,28.0,28.0,28.0,28.0,29.8,29.8,29.8,29.8,29.8,29.8,29.8,29.8,29.8,29.8,29.8,29.8,29.8,29.8,29.8,29.8,29.8,29.8,29.8,29.8,29.8,29.8,29.8,29.8,29.8,29.8,29.8,29.8,29.8,29.8,29.8,29.8,29.8,29.8,29.8,29.8,29.8,29.8,29.8,29.8,29.8,29.8,29.8,29.8,29.8,29.8,29.8,29.8,29.8,29.8,29.8,29.8,31.3,31.3,31.3,31.3,31.3,31.3,31.3,31.3,31.3,31.3,31.3,31.3,31.3,31.3,31.3,31.3,31.3,31.3,31.3,31.3,31.3,31.3,31.3,31.3,31.3,31.3,31.3,31.3,31.3,31.3,31.3,31.3,31.3,29.5,29.5,29.5,29.5,29.5,29.5,29.5,29.5,29.5,29.5,29.5,29.5,32.2,32.2,32.2,32.2,32.2,32.2,32.2,32.2,32.2,32.2,32.2,32.2,32.2,32.2,32.2,32.2,32.2,32.2,32.2,32.2,32.2,,33.2,33.2,33.2,33.2,33.2,33.2,33.2,33.2,33.2,33.2,33.2,33.2,33.2,33.2,33.2,33.2,33.2,33.2,33.2,33.2,33.2,33.2,33.2,33.2,33.2,33.2,33.2,33.2,33.2,33.2,33.2,33.2,33.2,33.2,33.2,,34.6,34.6,34.6,34.6,34.6,34.6,34.6,34.6,34.6,34.6,34.6,34.6,34.6,34.6,34.6,34.6,34.6,34.6,34.6,34.6,34.6,34.6,34.6,34.6,34.6,34.6,34.6,34.6,34.6,34.6,34.6,34.6,34.6,34.6,34.6,34.6,34.6,34.6,34.6,34.6,34.6,34.6,34.6,34.6,34.6,,33.8,33.8,33.8,33.8,33.8,33.8,33.8,33.8,33.8,33.8,33.8,33.8,33.8,33.8,33.8,33.8,33.8,33.8,33.8,33.8,33.8,33.8,33.8,33.8,33.8,33.8,33.8,33.8,33.8,33.8,33.8,33.8,36.4,36.4,36.4,36.4,36.4,36.4,36.4,36.4,36.4,36.4,36.4,36.4,36.4,36.4,36.4,36.4,36.4,36.4,36.4,36.4,36.4,36.4,36.4,36.4,36.4,36.4,36.4,36.4,36.4,36.4,36.4,36.4,36.4,36.4,36.4,36.396,36.396,36.396,36.396,36.396,36.396,37.1,37.1,37.1,37.1,37.1,37.1,37.1,37.1,37.1,37.1,37.1,37.1,37.1,37.1,37.1,37.1,37.1,37.1,37.1,37.1,37.1,37.1,37.1,37.1,37.1,37.1,37.1,37.1,37.1,37.1,37.1,37.1,37.1,37.1,37.1,37.1,37.1,37.1,37.1,37.1,37.1,37.1,37.1,37.1,37.1,37.1,37.1,37.1,37.1,37.1,37.1,37.1,37.1,37.1,37.1,37.1,37.1,37.1,37.1,37.1
1962-01-01,32.1,32.1,32.1,32.1,32.1,32.1,32.1,32.1,32.1,32.1,32.1,32.1,32.1,32.1,32.1,32.1,32.1,32.1,32.1,32.1,32.1,32.1,32.1,32.1,32.1,32.1,32.1,32.1,32.1,32.1,32.1,32.1,32.1,32.1,32.1,32.1,32.1,32.1,32.1,32.1,32.1,32.1,33.9,33.9,33.9,33.9,33.9,33.9,33.9,33.9,33.9,33.9,33.9,33.9,33.9,33.9,33.9,33.9,33.9,33.9,33.9,33.9,33.9,33.9,33.9,33.9,33.9,33.9,33.9,33.9,33.9,33.9,33.9,33.9,33.9,33.9,33.9,33.9,33.9,33.9,33.9,33.9,33.9,33.9,33.9,33.9,33.9,33.9,33.9,33.9,33.9,33.9,33.9,33.9,35.2,35.2,35.2,35.2,35.2,35.2,35.2,35.2,35.2,35.2,35.2,35.2,35.2,35.2,35.2,35.2,35.2,35.2,35.2,35.2,35.2,35.2,35.2,35.2,35.2,35.2,35.2,35.2,35.2,35.2,35.2,35.2,35.2,33.5,33.5,33.5,33.5,33.5,33.5,33.5,33.5,33.5,33.5,33.5,33.5,36.1,36.1,36.1,36.1,36.1,36.1,36.1,36.1,36.1,36.1,36.1,36.1,36.1,36.1,36.1,36.1,36.1,36.1,36.1,36.1,36.1,,37.1,37.1,37.1,37.1,37.1,37.1,37.1,37.1,37.1,37.1,37.1,37.1,37.1,37.1,37.1,37.1,37.1,37.1,37.1,37.1,37.1,37.1,37.1,37.1,37.1,37.1,37.1,37.1,37.1,37.1,37.1,37.1,37.1,37.1,37.1,,38.7,38.7,38.7,38.7,38.7,38.7,38.7,38.7,38.7,38.7,38.7,38.7,38.7,38.7,38.7,38.7,38.7,38.7,38.7,38.7,38.7,38.7,38.7,38.7,38.7,38.7,38.7,38.7,38.7,38.7,38.7,38.7,38.7,38.7,38.7,38.7,38.7,38.7,38.7,38.7,38.7,38.7,38.7,38.7,38.7,,37.8,37.8,37.8,37.8,37.8,37.8,37.8,37.8,37.8,37.8,37.8,37.8,37.8,37.8,37.8,37.8,37.8,37.8,37.8,37.8,37.8,37.8,37.8,37.8,37.8,37.8,37.8,37.8,37.8,37.8,37.8,37.8,38.6,38.6,38.6,38.6,38.6,38.6,38.6,38.6,38.6,38.6,38.6,38.6,38.6,38.6,38.6,38.6,38.6,38.6,38.6,38.6,38.6,38.6,38.6,38.6,38.6,38.6,38.6,38.6,38.6,38.6,38.6,38.6,38.6,38.6,38.6,38.648,38.648,38.648,38.648,38.648,38.648,39.407,39.407,39.407,39.407,39.407,39.407,39.407,39.407,39.407,39.407,39.407,39.407,39.407,39.407,39.407,39.407,39.407,39.407,39.407,39.407,39.407,39.407,39.407,39.407,39.407,39.407,39.407,39.407,39.407,39.407,39.407,39.407,39.407,39.407,39.407,39.407,39.407,39.407,39.407,39.407,39.407,39.407,39.407,39.407,39.407,39.407,39.407,39.407,39.407,39.407,39.407,39.407,39.407,39.407,39.407,39.407,39.407,39.407,39.407,39.407
1962-04-01,31.6,31.6,31.6,31.6,31.6,31.6,31.6,31.6,31.6,31.6,31.6,31.6,31.6,31.6,31.6,31.6,31.6,31.6,31.6,31.6,31.6,31.6,31.6,31.6,31.6,31.6,31.6,31.6,31.6,31.6,31.6,31.6,31.6,31.6,31.6,31.6,31.6,31.6,31.6,31.6,31.6,31.6,33.4,33.4,33.4,33.4,33.4,33.4,33.4,33.4,33.4,33.4,33.4,33.4,33.4,33.4,33.4,33.4,33.4,33.4,33.4,33.4,33.4,33.4,33.4,33.4,33.4,33.4,33.4,33.4,33.4,33.4,33.4,33.4,33.4,33.4,33.4,33.4,33.4,33.4,33.4,33.4,33.4,33.4,33.4,33.4,33.4,33.4,33.4,33.4,33.4,33.4,33.4,33.4,34.7,34.7,34.7,34.7,34.7,34.7,34.7,34.7,34.7,34.7,34.7,34.7,34.7,34.7,34.7,34.7,34.7,34.7,34.7,34.7,34.7,34.7,34.7,34.7,34.7,34.7,34.7,34.7,34.7,34.7,34.7,34.7,34.7,32.9,32.9,32.9,32.9,32.9,32.9,32.9,32.9,32.9,32.9,32.9,32.9,35.6,35.6,35.6,35.6,35.6,35.6,35.6,35.6,35.6,35.6,35.6,35.6,35.6,35.6,35.6,35.6,35.6,35.6,35.6,35.6,35.6,,36.6,36.6,36.6,36.6,36.6,36.6,36.6,36.6,36.6,36.6,36.6,36.6,36.6,36.6,36.6,36.6,36.6,36.6,36.6,36.6,36.6,36.6,36.6,36.6,36.6,36.6,36.6,36.6,36.6,36.6,36.6,36.6,36.6,36.6,36.6,,38.2,38.2,38.2,38.2,38.2,38.2,38.2,38.2,38.2,38.2,38.2,38.2,38.2,38.2,38.2,38.2,38.2,38.2,38.2,38.2,38.2,38.2,38.2,38.2,38.2,38.2,38.2,38.2,38.2,38.2,38.2,38.2,38.2,38.2,38.2,38.2,38.2,38.2,38.2,38.2,38.2,38.2,38.2,38.2,38.2,,37.3,37.3,37.3,37.3,37.3,37.3,37.3,37.3,37.3,37.3,37.3,37.3,37.3,37.3,37.3,37.3,37.3,37.3,37.3,37.3,37.3,37.3,37.3,37.3,37.3,37.3,37.3,37.3,37.3,37.3,37.3,37.3,38.9,38.9,38.9,38.9,38.9,38.9,38.9,38.9,38.9,38.9,38.9,38.9,38.9,38.9,38.9,38.9,38.9,38.9,38.9,38.9,38.9,38.9,38.9,38.9,38.9,38.9,38.9,38.9,38.9,38.9,38.9,38.9,38.9,38.9,38.9,38.86,38.86,38.86,38.86,38.86,38.86,39.661,39.661,39.661,39.661,39.661,39.661,39.661,39.661,39.661,39.661,39.661,39.661,39.661,39.661,39.661,39.661,39.661,39.661,39.661,39.661,39.661,39.661,39.661,39.661,39.661,39.661,39.661,39.661,39.661,39.661,39.661,39.661,39.661,39.661,39.661,39.661,39.661,39.661,39.661,39.661,39.661,39.661,39.661,39.661,39.661,39.661,39.661,39.661,39.661,39.661,39.661,39.661,39.661,39.661,39.661,39.661,39.661,39.661,39.661,39.661
1962-07-01,32.2,32.2,32.2,32.2,32.2,32.2,32.2,32.2,32.2,32.2,32.2,32.2,32.2,32.2,32.2,32.2,32.2,32.2,32.2,32.2,32.2,32.2,32.2,32.2,32.2,32.2,32.2,32.2,32.2,32.2,32.2,32.2,32.2,32.2,32.2,32.2,32.2,32.2,32.2,32.2,32.2,32.2,33.8,33.8,33.8,33.8,33.8,33.8,33.8,33.8,33.8,33.8,33.8,33.8,33.8,33.8,33.8,33.8,33.8,33.8,33.8,33.8,33.8,33.8,33.8,33.8,33.8,33.8,33.8,33.8,33.8,33.8,33.8,33.8,33.8,33.8,33.8,33.8,33.8,33.8,33.8,33.8,33.8,33.8,33.8,33.8,33.8,33.8,33.8,33.8,33.8,33.8,33.8,33.8,35.2,35.2,35.2,35.2,35.2,35.2,35.2,35.2,35.2,35.2,35.2,35.2,35.2,35.2,35.2,35.2,35.2,35.2,35.2,35.2,35.2,35.2,35.2,35.2,35.2,35.2,35.2,35.2,35.2,35.2,35.2,35.2,35.2,33.3,33.3,33.3,33.3,33.3,33.3,33.3,33.3,33.3,33.3,33.3,33.3,36.1,36.1,36.1,36.1,36.1,36.1,36.1,36.1,36.1,36.1,36.1,36.1,36.1,36.1,36.1,36.1,36.1,36.1,36.1,36.1,36.1,,37.1,37.1,37.1,37.1,37.2,37.2,37.2,37.2,37.2,37.2,37.2,37.2,37.2,37.2,37.2,37.2,37.2,37.2,37.2,37.2,37.2,37.2,37.2,37.2,37.2,37.2,37.2,37.2,37.2,37.2,37.2,37.2,37.2,37.2,37.2,,38.8,38.8,38.8,38.8,38.8,38.8,38.8,38.8,38.8,38.8,38.8,38.8,38.8,38.8,38.8,38.8,38.8,38.8,38.8,38.8,38.8,38.8,38.8,38.8,38.8,38.8,38.8,38.8,38.8,38.8,38.8,38.8,38.8,38.8,38.8,38.8,38.8,38.8,38.8,38.8,38.8,38.8,38.8,38.8,38.8,,37.9,37.9,37.9,37.9,37.9,37.9,37.9,37.9,37.9,37.9,37.9,37.9,37.9,37.9,37.9,37.9,37.9,37.9,37.9,37.9,37.9,37.9,37.9,37.9,37.9,37.9,37.9,37.9,37.9,37.9,37.9,37.9,39.9,39.9,39.9,39.9,39.9,39.9,39.9,39.9,39.9,39.9,39.9,39.9,39.9,39.9,39.9,39.9,39.9,39.9,39.9,39.9,39.9,39.9,39.9,39.9,39.9,39.9,39.9,39.9,39.9,39.9,39.9,39.9,39.9,39.9,39.9,39.879,39.879,39.879,39.879,39.879,39.879,40.692,40.692,40.692,40.692,40.692,40.692,40.692,40.692,40.692,40.692,40.692,40.692,40.692,40.692,40.692,40.692,40.692,40.692,40.692,40.692,40.692,40.692,40.692,40.692,40.692,40.692,40.692,40.692,40.692,40.692,40.692,40.692,40.692,40.692,40.692,40.692,40.692,40.692,40.692,40.692,40.692,40.692,40.692,40.692,40.692,40.692,40.692,40.692,40.692,40.692,40.692,40.692,40.692,40.692,40.692,40.692,40.692,40.692,40.692,40.692
1962-10-01,34.4,34.4,34.4,34.4,34.4,34.4,34.4,34.4,34.4,34.4,34.4,34.4,34.4,34.4,34.4,34.4,34.4,34.4,34.4,34.4,34.4,34.4,34.4,34.4,34.4,34.4,34.4,34.4,34.4,34.4,34.4,34.4,34.4,34.4,34.4,34.4,34.4,34.4,34.4,34.4,34.4,34.4,36.0,36.0,36.0,36.0,36.0,36.0,36.0,36.0,36.0,36.0,36.0,36.0,36.0,36.0,36.0,36.0,36.0,36.0,36.0,36.0,36.0,36.0,36.0,36.0,36.0,36.0,36.0,36.0,36.0,36.0,36.0,36.0,36.0,36.0,36.0,36.0,36.0,36.0,36.0,36.0,36.0,36.0,36.0,36.0,36.0,36.0,36.0,36.0,36.0,36.0,36.0,36.0,37.3,37.3,37.3,37.3,37.3,37.3,37.3,37.3,37.3,37.3,37.3,37.3,37.3,37.3,37.3,37.3,37.3,37.3,37.3,37.3,37.3,37.3,37.3,37.3,37.3,37.3,37.3,37.3,37.3,37.3,37.3,37.3,37.3,35.3,35.3,35.3,35.3,35.3,35.3,35.3,35.3,35.3,35.3,35.3,35.3,38.3,38.3,38.3,38.3,38.3,38.3,38.3,38.3,38.3,38.3,38.3,38.3,38.3,38.3,38.3,38.3,38.3,38.3,38.3,38.3,38.3,,39.4,39.4,39.4,39.4,39.4,39.4,39.4,39.4,39.4,39.4,39.4,39.4,39.4,39.4,39.4,39.4,39.4,39.4,39.4,39.4,39.4,39.4,39.4,39.4,39.4,39.4,39.4,39.4,39.4,39.4,39.4,39.4,39.4,39.4,39.4,,40.9,40.9,40.9,40.9,40.9,40.9,40.9,40.9,40.9,40.9,40.9,40.9,40.9,40.9,40.9,40.9,40.9,40.9,40.9,40.9,40.9,40.9,40.9,40.9,40.9,40.9,40.9,40.9,40.9,40.9,40.9,40.9,40.9,40.9,40.9,40.9,40.9,40.9,40.9,40.9,40.9,40.9,40.9,40.9,40.9,,40.1,40.1,40.1,40.1,40.1,40.1,40.1,40.1,40.1,40.1,40.1,40.1,40.1,40.1,40.1,40.1,40.1,40.1,40.1,40.1,40.1,40.1,40.1,40.1,40.1,40.1,40.1,40.1,40.1,40.1,40.1,40.1,42.4,42.4,42.4,42.4,42.4,42.4,42.4,42.4,42.4,42.4,42.4,42.4,42.4,42.4,42.4,42.4,42.4,42.4,42.4,42.4,42.4,42.4,42.4,42.4,42.4,42.4,42.4,42.4,42.4,42.4,42.4,42.4,42.4,42.4,42.4,42.406,42.406,42.406,42.406,42.406,42.406,43.229,43.229,43.229,43.229,43.229,43.229,43.229,43.229,43.229,43.229,43.229,43.229,43.229,43.229,43.229,43.229,43.229,43.229,43.229,43.229,43.229,43.229,43.229,43.229,43.229,43.229,43.229,43.229,43.229,43.229,43.229,43.229,43.229,43.229,43.229,43.229,43.229,43.229,43.229,43.229,43.229,43.229,43.229,43.229,43.229,43.229,43.229,43.229,43.229,43.229,43.229,43.229,43.229,43.229,43.229,43.229,43.229,43.229,43.229,43.229
1963-01-01,34.4,34.4,34.4,34.4,34.4,34.4,34.4,34.4,34.4,34.4,34.4,34.4,34.4,34.4,34.4,34.4,34.4,34.4,34.4,34.4,34.4,34.4,34.4,34.4,34.4,34.4,34.4,34.4,34.4,34.4,34.4,34.4,34.4,34.4,34.4,34.4,34.4,34.4,34.4,34.4,34.4,34.4,35.9,35.9,35.9,35.9,35.9,35.9,35.9,35.9,35.9,35.9,35.9,35.9,35.9,35.9,35.9,35.9,35.9,35.9,35.9,35.9,35.9,35.9,35.9,35.9,35.9,35.9,35.9,35.9,35.9,35.9,35.9,35.9,35.9,35.9,35.9,35.9,35.9,35.9,35.9,35.9,35.9,35.9,35.9,35.9,35.9,35.9,35.9,35.9,35.9,35.9,35.9,35.9,37.2,37.2,37.2,37.2,37.2,37.2,37.2,37.2,37.2,37.2,37.2,37.2,37.2,37.2,37.2,37.2,37.2,37.2,37.2,37.2,37.2,37.2,37.2,37.2,37.2,37.2,37.2,37.2,37.2,37.2,37.2,37.2,37.2,35.4,35.4,35.4,35.4,35.4,35.4,35.4,35.4,35.4,35.4,35.4,35.4,38.3,38.3,38.3,38.3,38.3,38.3,38.3,38.3,38.3,38.3,38.3,38.3,38.3,38.3,38.3,38.3,38.3,38.3,38.3,38.3,38.3,,39.5,39.5,39.5,39.5,39.5,39.5,39.5,39.5,39.5,39.5,39.5,39.5,39.5,39.5,39.5,39.5,39.5,39.5,39.5,39.5,39.5,39.5,39.5,39.5,39.5,39.5,39.5,39.5,39.5,39.5,39.5,39.5,39.5,39.5,39.5,,40.8,40.8,40.8,40.8,40.8,40.8,40.8,40.8,40.8,40.8,40.8,40.8,40.8,40.8,40.8,40.8,40.8,40.8,40.8,40.8,40.8,40.8,40.8,40.8,40.8,40.8,40.8,40.8,40.8,40.8,40.8,40.8,40.8,40.8,40.8,40.8,40.8,40.8,40.8,40.8,40.8,40.8,40.8,40.8,40.8,,40.2,40.2,40.2,40.2,40.2,40.2,40.2,40.2,40.2,40.2,40.2,40.2,40.2,40.2,40.2,40.2,40.2,40.2,40.2,40.2,40.2,40.2,40.2,40.2,40.2,40.2,40.2,40.2,40.2,40.2,40.2,40.2,42.6,42.6,42.6,42.6,42.6,42.6,42.6,42.6,42.6,42.6,42.6,42.6,42.6,42.6,42.6,42.6,42.6,42.6,42.6,42.6,42.6,42.6,42.6,42.6,42.6,42.6,42.6,42.6,42.6,42.6,42.6,42.6,42.6,42.6,42.6,42.64,42.64,42.64,42.64,42.64,42.64,43.477,43.477,43.477,43.477,43.477,43.477,43.477,43.477,43.477,43.477,43.477,43.477,43.477,43.477,43.477,43.477,43.477,43.477,43.477,43.477,43.477,43.477,43.477,43.477,43.477,43.477,43.477,43.477,43.477,43.477,43.477,43.477,43.477,43.477,43.477,43.477,43.477,43.477,43.477,43.477,43.477,43.477,43.477,43.477,43.477,43.477,43.477,43.477,43.477,43.477,43.477,43.477,43.477,43.477,43.477,43.477,43.477,43.477,43.477,43.477
1963-04-01,36.0,36.0,36.0,36.0,36.0,36.0,36.0,36.0,36.0,36.0,36.0,36.0,36.0,36.0,36.0,36.0,36.0,36.0,36.0,36.0,36.0,36.0,36.0,36.0,36.0,36.0,36.0,36.0,36.0,36.0,36.0,36.0,36.0,36.0,36.0,36.0,36.0,36.0,36.0,36.0,36.0,36.0,37.4,37.4,37.4,37.4,37.4,37.4,37.4,37.4,37.4,37.4,37.4,37.4,37.4,37.4,37.4,37.4,37.4,37.4,37.4,37.4,37.4,37.4,37.4,37.4,37.4,37.4,37.4,37.4,37.4,37.4,37.4,37.4,37.4,37.4,37.4,37.4,37.4,37.4,37.4,37.4,37.4,37.4,37.4,37.4,37.4,37.4,37.4,37.4,37.4,37.4,37.4,37.4,38.9,38.9,38.9,38.9,38.9,38.9,38.9,38.9,38.9,38.9,38.9,38.9,38.9,38.9,38.9,38.9,38.9,38.9,38.9,38.9,38.9,38.9,38.9,38.9,38.9,38.9,38.9,38.9,38.9,38.9,38.9,38.9,38.9,37.2,37.2,37.2,37.2,37.2,37.2,37.2,37.2,37.2,37.2,37.2,37.2,40.0,40.0,40.0,40.0,40.0,40.0,40.0,40.0,40.0,40.0,40.0,40.0,40.0,40.0,40.0,40.0,40.0,40.0,40.0,40.0,40.0,,41.2,41.2,41.2,41.2,41.3,41.3,41.3,41.3,41.3,41.3,41.3,41.3,41.3,41.3,41.3,41.3,41.3,41.3,41.3,41.3,41.3,41.3,41.3,41.3,41.3,41.3,41.3,41.3,41.3,41.3,41.3,41.3,41.3,41.3,41.3,,42.5,42.5,42.5,42.5,42.5,42.5,42.5,42.5,42.5,42.5,42.5,42.5,42.5,42.5,42.5,42.5,42.5,42.5,42.5,42.5,42.5,42.5,42.5,42.5,42.5,42.5,42.5,42.5,42.5,42.5,42.5,42.5,42.5,42.5,42.5,42.5,42.5,42.5,42.5,42.5,42.5,42.5,42.5,42.5,42.5,,41.9,41.9,41.9,41.9,41.9,41.9,41.9,41.9,41.9,41.9,41.9,41.9,41.9,41.9,41.9,41.9,41.9,41.9,41.9,41.9,41.9,41.9,41.9,41.9,41.9,41.9,41.9,41.9,41.9,41.9,41.9,41.9,44.0,44.0,44.0,44.0,44.0,44.0,44.0,44.0,44.0,44.0,44.0,44.0,44.0,44.0,44.0,44.0,44.0,44.0,44.0,44.0,44.0,44.0,44.0,44.0,44.0,44.0,44.0,44.0,44.0,44.0,44.0,44.0,44.0,44.0,44.0,43.965,43.965,43.965,43.965,43.965,43.965,44.817,44.817,44.817,44.817,44.817,44.817,44.817,44.817,44.817,44.817,44.817,44.817,44.817,44.817,44.817,44.817,44.817,44.817,44.817,44.817,44.817,44.817,44.817,44.817,44.817,44.817,44.817,44.817,44.817,44.817,44.817,44.817,44.817,44.817,44.817,44.817,44.817,44.817,44.817,44.817,44.817,44.817,44.817,44.817,44.817,44.817,44.817,44.817,44.817,44.817,44.817,44.817,44.817,44.817,44.817,44.817,44.817,44.817,44.817,44.817
1963-07-01,36.5,36.5,36.5,36.5,36.5,36.5,36.5,36.5,36.5,36.5,36.5,36.5,36.5,36.5,36.5,36.5,36.5,36.5,36.5,36.5,36.5,36.5,36.5,36.5,36.5,36.5,36.5,36.5,36.5,36.5,36.5,36.5,36.5,36.5,36.5,36.5,36.5,36.5,36.5,36.5,36.5,36.5,37.9,37.9,37.9,37.9,37.9,37.9,37.9,37.9,37.9,37.9,37.9,37.9,37.9,37.9,37.9,37.9,37.9,37.9,37.9,37.9,37.9,37.9,37.9,37.9,37.9,37.9,37.9,37.9,37.9,37.9,37.9,37.9,37.9,37.9,37.9,37.9,37.9,37.9,37.9,37.9,37.9,37.9,37.9,37.9,37.9,37.9,37.9,37.9,37.9,37.9,37.9,37.9,39.4,39.4,39.4,39.4,39.4,39.4,39.4,39.4,39.4,39.4,39.4,39.4,39.4,39.4,39.4,39.4,39.4,39.4,39.4,39.4,39.4,39.4,39.4,39.4,39.4,39.4,39.4,39.4,39.4,39.4,39.4,39.4,39.4,37.8,37.8,37.8,37.8,37.8,37.8,37.8,37.8,37.8,37.8,37.8,37.8,40.6,40.6,40.6,40.6,40.6,40.6,40.6,40.6,40.6,40.6,40.6,40.6,40.6,40.6,40.6,40.6,40.6,40.6,40.6,40.6,40.6,,41.9,41.9,41.9,41.9,41.9,41.9,41.9,41.9,41.9,41.9,41.9,41.9,41.9,41.9,41.9,41.9,41.9,41.9,41.9,41.9,41.9,41.9,41.9,41.9,41.9,41.9,41.9,41.9,41.9,41.9,41.9,41.9,41.9,41.9,41.9,,43.1,43.1,43.1,43.1,43.1,43.1,43.1,43.1,43.1,43.1,43.1,43.1,43.1,43.1,43.1,43.1,43.1,43.1,43.1,43.1,43.1,43.1,43.1,43.1,43.1,43.1,43.1,43.1,43.1,43.1,43.1,43.1,43.1,43.1,43.1,43.1,43.1,43.1,43.1,43.1,43.1,43.1,43.1,43.1,43.1,,42.5,42.5,42.5,42.5,42.5,42.5,42.5,42.5,42.5,42.5,42.5,42.5,42.5,42.5,42.5,42.5,42.5,42.5,42.5,42.5,42.5,42.5,42.5,42.5,42.5,42.5,42.5,42.5,42.5,42.5,42.5,42.5,44.7,44.7,44.7,44.7,44.7,44.7,44.7,44.7,44.7,44.7,44.7,44.7,44.7,44.7,44.7,44.7,44.7,44.7,44.7,44.7,44.7,44.7,44.7,44.7,44.7,44.7,44.7,44.7,44.7,44.7,44.7,44.7,44.7,44.7,44.7,44.653,44.653,44.653,44.653,44.653,44.653,45.541,45.541,45.541,45.541,45.541,45.541,45.541,45.541,45.541,45.541,45.541,45.541,45.541,45.541,45.541,45.541,45.541,45.541,45.541,45.541,45.541,45.541,45.541,45.541,45.541,45.541,45.541,45.541,45.541,45.541,45.541,45.541,45.541,45.541,45.541,45.541,45.541,45.541,45.541,45.541,45.541,45.541,45.541,45.541,45.541,45.541,45.541,45.541,45.541,45.541,45.541,45.541,45.541,45.541,45.541,45.541,45.541,45.541,45.541,45.541
1963-10-01,36.8,36.8,36.8,36.8,36.8,36.8,36.8,36.8,36.8,36.8,36.8,36.8,36.8,36.8,36.8,36.8,36.8,36.8,36.8,36.8,36.8,36.8,36.8,36.8,36.8,36.8,36.8,36.8,36.8,36.8,36.8,36.8,36.8,36.8,36.8,36.8,36.8,36.8,36.8,36.8,36.8,36.8,38.5,38.5,38.5,38.5,38.5,38.5,38.5,38.5,38.5,38.5,38.5,38.5,38.5,38.5,38.5,38.5,38.5,38.5,38.5,38.5,38.5,38.5,38.5,38.5,38.5,38.5,38.5,38.5,38.5,38.5,38.5,38.5,38.5,38.5,38.5,38.5,38.5,38.5,38.5,38.5,38.5,38.5,38.5,38.5,38.5,38.5,38.5,38.5,38.5,38.5,38.5,38.5,40.2,40.2,40.2,40.2,40.2,40.2,40.2,40.2,40.2,40.2,40.2,40.2,40.2,40.2,40.2,40.2,40.2,40.2,40.2,40.2,40.2,40.2,40.2,40.2,40.2,40.2,40.2,40.2,40.2,40.2,40.2,40.2,40.2,38.7,38.7,38.7,38.7,38.7,38.7,38.7,38.7,38.7,38.7,38.7,38.7,41.4,41.4,41.4,41.4,41.4,41.4,41.4,41.4,41.4,41.4,41.4,41.4,41.4,41.4,41.4,41.4,41.4,41.4,41.4,41.4,41.4,,42.8,42.8,42.8,42.8,42.9,42.9,42.9,42.9,42.9,42.9,42.9,42.9,42.9,42.9,42.9,42.9,42.9,42.9,42.9,42.9,42.9,42.9,42.9,42.9,42.9,42.9,42.9,42.9,42.9,42.9,42.9,42.9,42.9,42.9,42.9,,44,44,44,44,44,44,44,44,44,44,44,44,44,44,44,44,44,44,44,44,44,44,44,44,44,44,44,44,44,44,44,44,44,44,44,44,44,44,44,44,44,44,44,44,44,,43.3,43.3,43.3,43.3,43.3,43.3,43.3,43.3,43.3,43.3,43.3,43.3,43.3,43.3,43.3,43.3,43.3,43.3,43.3,43.3,43.3,43.3,43.3,43.3,43.3,43.3,43.3,43.3,43.3,43.3,43.3,43.3,45.3,45.3,45.3,45.3,45.3,45.3,45.3,45.3,45.3,45.3,45.3,45.3,45.3,45.3,45.3,45.3,45.3,45.3,45.3,45.3,45.3,45.3,45.3,45.3,45.3,45.3,45.3,45.3,45.3,45.3,45.3,45.3,45.3,45.3,45.3,45.29,45.29,45.29,45.29,45.29,45.29,46.235,46.235,46.235,46.235,46.235,46.235,46.235,46.235,46.235,46.235,46.235,46.235,46.235,46.235,46.235,46.235,46.235,46.235,46.235,46.235,46.235,46.235,46.235,46.235,46.235,46.235,46.235,46.235,46.235,46.235,46.235,46.235,46.235,46.235,46.235,46.235,46.235,46.235,46.235,46.235,46.235,46.235,46.235,46.235,46.235,46.235,46.235,46.235,46.235,46.235,46.235,46.235,46.235,46.235,46.235,46.235,46.235,46.235,46.235,46.235
1964-01-01,41.1,41.1,41.1,41.1,41.1,41.1,41.1,41.1,41.1,41.1,41.1,41.1,41.1,41.1,41.1,41.1,41.1,41.1,41.1,41.1,41.1,41.1,41.1,41.1,41.1,41.1,41.1,41.1,41.1,41.1,41.1,41.1,41.1,41.1,41.1,41.1,41.1,41.1,41.1,41.1,41.1,41.1,42.6,42.6,42.6,42.6,42.6,42.6,42.6,42.6,42.6,42.6,42.6,42.6,42.6,42.6,42.6,42.6,42.6,42.6,42.6,42.6,42.6,42.6,42.6,42.6,42.6,42.6,42.6,42.6,42.6,42.6,42.6,42.6,42.6,42.6,42.6,42.6,42.6,42.6,42.6,42.6,42.6,42.6,42.6,42.6,42.6,42.6,42.6,42.6,42.6,42.6,42.6,42.6,44.1,44.1,44.1,44.1,44.1,44.1,44.1,44.1,44.1,44.1,44.1,44.1,44.1,44.1,44.1,44.1,44.1,44.1,44.1,44.1,44.1,44.1,44.1,44.1,44.1,44.1,44.1,44.1,44.1,44.1,44.1,44.1,44.1,42.6,42.6,42.6,42.6,42.6,42.6,42.6,42.6,42.6,42.6,42.6,42.6,45.4,45.4,45.4,45.4,45.4,45.4,45.4,45.4,45.4,45.4,45.4,45.4,45.4,45.4,45.4,45.4,45.4,45.4,45.4,45.4,45.4,,46.8,46.8,46.8,46.8,46.8,46.8,46.8,46.8,46.8,46.8,46.8,46.8,46.8,46.8,46.8,46.8,46.8,46.8,46.8,46.8,46.8,46.8,46.8,46.8,46.8,46.8,46.8,46.8,46.8,46.8,46.8,46.8,46.8,46.8,46.8,,48.2,48.2,48.2,48.2,48.2,48.2,48.2,48.2,48.2,48.2,48.2,48.2,48.2,48.2,48.2,48.2,48.2,48.2,48.2,48.2,48.2,48.2,48.2,48.2,48.2,48.2,48.2,48.2,48.2,48.2,48.2,48.2,48.2,48.2,48.2,48.2,48.2,48.2,48.2,48.2,48.2,48.2,48.2,48.2,48.2,,47.3,47.3,47.3,47.3,47.3,47.3,47.3,47.3,47.3,47.3,47.3,47.3,47.3,47.3,47.3,47.3,47.3,47.3,47.3,47.3,47.3,47.3,47.3,47.3,47.3,47.3,47.3,47.3,47.3,47.3,47.3,47.3,49.1,49.1,49.1,49.1,49.1,49.1,49.1,49.1,49.1,49.1,49.1,49.1,49.1,49.1,49.1,49.1,49.1,49.1,49.1,49.1,49.1,49.1,49.1,49.1,49.1,49.1,49.1,49.1,49.1,49.1,49.1,49.1,49.1,49.1,49.1,49.149,49.149,49.149,49.149,49.149,49.149,50.657,50.657,50.657,50.657,50.657,50.657,50.657,50.657,50.657,50.657,50.657,50.657,50.657,50.657,50.657,50.657,50.657,50.657,50.657,50.657,50.657,50.657,50.657,50.657,50.657,50.657,50.657,50.657,50.657,50.657,50.657,50.657,50.657,50.657,50.657,50.657,50.657,50.657,50.657,50.657,50.657,50.657,50.657,50.657,50.657,50.657,50.657,50.657,50.657,50.657,50.657,50.657,50.657,50.657,50.657,50.657,50.657,50.657,50.657,50.657
1964-04-01,41.1,41.1,41.1,41.1,41.1,41.1,41.1,41.1,41.1,41.1,41.1,41.1,41.1,41.1,41.1,41.1,41.1,41.1,41.1,41.1,41.1,41.1,41.1,41.1,41.1,41.1,41.1,41.1,41.1,41.1,41.1,41.1,41.1,41.1,41.1,41.1,41.1,41.1,41.1,41.1,41.1,41.1,42.5,42.5,42.5,42.5,42.5,42.5,42.5,42.5,42.5,42.5,42.5,42.5,42.5,42.5,42.5,42.5,42.5,42.5,42.5,42.5,42.5,42.5,42.5,42.5,42.5,42.5,42.5,42.5,42.5,42.5,42.5,42.5,42.5,42.5,42.5,42.5,42.5,42.5,42.5,42.5,42.5,42.5,42.5,42.5,42.5,42.5,42.5,42.5,42.5,42.5,42.5,42.5,43.9,43.9,43.9,43.9,43.9,43.9,43.9,43.9,43.9,43.9,43.9,43.9,43.9,43.9,43.9,43.9,43.9,43.9,43.9,43.9,43.9,43.9,43.9,43.9,43.9,43.9,43.9,43.9,43.9,43.9,43.9,43.9,43.9,42.3,42.3,42.3,42.3,42.3,42.3,42.3,42.3,42.3,42.3,42.3,42.3,45.2,45.2,45.2,45.2,45.2,45.2,45.2,45.2,45.2,45.2,45.2,45.2,45.2,45.2,45.2,45.2,45.2,45.2,45.2,45.2,45.2,,46.6,46.6,46.6,46.6,46.7,46.7,46.7,46.7,46.7,46.7,46.7,46.7,46.7,46.7,46.7,46.7,46.7,46.7,46.7,46.7,46.7,46.7,46.7,46.7,46.7,46.7,46.7,46.7,46.7,46.7,46.7,46.7,46.7,46.7,46.7,,48.1,48.1,48.1,48.1,48.1,48.1,48.1,48.1,48.1,48.1,48.1,48.1,48.1,48.1,48.1,48.1,48.1,48.1,48.1,48.1,48.1,48.1,48.1,48.1,48.1,48.1,48.1,48.1,48.1,48.1,48.1,48.1,48.1,48.1,48.1,48.1,48.1,48.1,48.1,48.1,48.1,48.1,48.1,48.1,48.1,,47.2,47.2,47.2,47.2,47.2,47.2,47.2,47.2,47.2,47.2,47.2,47.2,47.2,47.2,47.2,47.2,47.2,47.2,47.2,47.2,47.2,47.2,47.2,47.2,47.2,47.2,47.2,47.2,47.2,47.2,47.2,47.2,49.4,49.4,49.4,49.4,49.4,49.4,49.4,49.4,49.4,49.4,49.4,49.4,49.4,49.4,49.4,49.4,49.4,49.4,49.4,49.4,49.4,49.4,49.4,49.4,49.4,49.4,49.4,49.4,49.4,49.4,49.4,49.4,49.4,49.4,49.4,49.356,49.356,49.356,49.356,49.356,49.356,50.92,50.92,50.92,50.92,50.92,50.92,50.92,50.92,50.92,50.92,50.92,50.92,50.92,50.92,50.92,50.92,50.92,50.92,50.92,50.92,50.92,50.92,50.92,50.92,50.92,50.92,50.92,50.92,50.92,50.92,50.92,50.92,50.92,50.92,50.92,50.92,50.92,50.92,50.92,50.92,50.92,50.92,50.92,50.92,50.92,50.92,50.92,50.92,50.92,50.92,50.92,50.92,50.92,50.92,50.92,50.92,50.92,50.92,50.92,50.92
1964-07-01,41.4,41.4,41.4,41.4,41.4,41.4,41.4,41.4,41.4,41.4,41.4,41.4,41.4,41.4,41.4,41.4,41.4,41.4,41.4,41.4,41.4,41.4,41.4,41.4,41.4,41.4,41.4,41.4,41.4,41.4,41.4,41.4,41.4,41.4,41.4,41.4,41.4,41.4,41.4,41.4,41.4,41.4,42.9,42.9,42.9,42.9,42.9,42.9,42.9,42.9,42.9,42.9,42.9,42.9,42.9,42.9,42.9,42.9,42.9,42.9,42.9,42.9,42.9,42.9,42.9,42.9,42.9,42.9,42.9,42.9,42.9,42.9,42.9,42.9,42.9,42.9,42.9,42.9,42.9,42.9,42.9,42.9,42.9,42.9,42.9,42.9,42.9,42.9,42.9,42.9,42.9,42.9,42.9,42.9,44.4,44.4,44.4,44.4,44.4,44.4,44.4,44.4,44.4,44.4,44.4,44.4,44.4,44.4,44.4,44.4,44.4,44.4,44.4,44.4,44.4,44.4,44.4,44.4,44.4,44.4,44.4,44.4,44.4,44.4,44.4,44.4,44.4,42.7,42.7,42.7,42.7,42.7,42.7,42.7,42.7,42.7,42.7,42.7,42.7,45.6,45.6,45.6,45.6,45.6,45.6,45.6,45.6,45.6,45.6,45.6,45.6,45.6,45.6,45.6,45.6,45.6,45.6,45.6,45.6,45.6,,47.1,47.1,47.1,47.1,47.2,47.2,47.2,47.2,47.2,47.2,47.2,47.2,47.2,47.2,47.2,47.2,47.2,47.2,47.2,47.2,47.2,47.2,47.2,47.2,47.2,47.2,47.2,47.2,47.2,47.2,47.2,47.2,47.2,47.2,47.2,,48.7,48.7,48.7,48.7,48.7,48.7,48.7,48.7,48.7,48.7,48.7,48.7,48.7,48.7,48.7,48.7,48.7,48.7,48.7,48.7,48.7,48.7,48.7,48.7,48.7,48.7,48.7,48.7,48.7,48.7,48.7,48.7,48.7,48.7,48.7,48.7,48.7,48.7,48.7,48.7,48.7,48.7,48.7,48.7,48.7,,47.7,47.7,47.7,47.7,47.7,47.7,47.7,47.7,47.7,47.7,47.7,47.7,47.7,47.7,47.7,47.7,47.7,47.7,47.7,47.7,47.7,47.7,47.7,47.7,47.7,47.7,47.7,47.7,47.7,47.7,47.7,47.7,49.9,49.9,49.9,49.9,49.9,49.9,49.9,49.9,49.9,49.9,49.9,49.9,49.9,49.9,49.9,49.9,49.9,49.9,49.9,49.9,49.9,49.9,49.9,49.9,49.9,49.9,49.9,49.9,49.9,49.9,49.9,49.9,49.9,49.9,49.9,49.856,49.856,49.856,49.856,49.856,49.856,51.459,51.459,51.459,51.459,51.459,51.459,51.459,51.459,51.459,51.459,51.459,51.459,51.459,51.459,51.459,51.459,51.459,51.459,51.459,51.459,51.459,51.459,51.459,51.459,51.459,51.459,51.459,51.459,51.459,51.459,51.459,51.459,51.459,51.459,51.459,51.459,51.459,51.459,51.459,51.459,51.459,51.459,51.459,51.459,51.459,51.459,51.459,51.459,51.459,51.459,51.459,51.459,51.459,51.459,51.459,51.459,51.459,51.459,51.459,51.459
1964-10-01,41.2,41.2,41.2,41.2,41.2,41.2,41.2,41.2,41.2,41.2,41.2,41.2,41.2,41.2,41.2,41.2,41.2,41.2,41.2,41.2,41.2,41.2,41.2,41.2,41.2,41.2,41.2,41.2,41.2,41.2,41.2,41.2,41.2,41.2,41.2,41.2,41.2,41.2,41.2,41.2,41.2,41.2,42.6,42.6,42.6,42.6,42.6,42.6,42.6,42.6,42.6,42.6,42.6,42.6,42.6,42.6,42.6,42.6,42.6,42.6,42.6,42.6,42.6,42.6,42.6,42.6,42.6,42.6,42.6,42.6,42.6,42.6,42.6,42.6,42.6,42.6,42.6,42.6,42.6,42.6,42.6,42.6,42.6,42.6,42.6,42.6,42.6,42.6,42.6,42.6,42.6,42.6,42.6,42.6,43.9,43.9,43.9,43.9,43.9,43.9,43.9,43.9,43.9,43.9,43.9,43.9,43.9,43.9,43.9,43.9,43.9,43.9,43.9,43.9,43.9,43.9,43.9,43.9,43.9,43.9,43.9,43.9,43.9,43.9,43.9,43.9,43.9,41.9,41.9,41.9,41.9,41.9,41.9,41.9,41.9,41.9,41.9,41.9,41.9,45.1,45.1,45.1,45.1,45.1,45.1,45.1,45.1,45.1,45.1,45.1,45.1,45.1,45.1,45.1,45.1,45.1,45.1,45.1,45.1,45.1,,46.6,46.6,46.6,46.6,46.7,46.7,46.7,46.7,46.7,46.7,46.7,46.7,46.7,46.7,46.7,46.7,46.7,46.7,46.7,46.7,46.7,46.7,46.7,46.7,46.7,46.7,46.7,46.7,46.7,46.7,46.7,46.7,46.7,46.7,46.7,,48.2,48.2,48.2,48.2,48.2,48.2,48.2,48.2,48.2,48.2,48.2,48.2,48.2,48.2,48.2,48.2,48.2,48.2,48.2,48.2,48.2,48.2,48.2,48.2,48.2,48.2,48.2,48.2,48.2,48.2,48.2,48.2,48.2,48.2,48.2,48.2,48.2,48.2,48.2,48.2,48.2,48.2,48.2,48.2,48.2,,47.3,47.3,47.3,47.3,47.3,47.3,47.3,47.3,47.3,47.3,47.3,47.3,47.3,47.3,47.3,47.3,47.3,47.3,47.3,47.3,47.3,47.3,47.3,47.3,47.3,47.3,47.3,47.3,47.3,47.3,47.3,47.3,49.9,49.9,49.9,49.9,49.9,49.9,49.9,49.9,49.9,49.9,49.9,49.9,49.9,49.9,49.9,49.9,49.9,49.9,49.9,49.9,49.9,49.9,49.9,49.9,49.9,49.9,49.9,49.9,49.9,49.9,49.9,49.9,49.9,49.9,49.9,49.851,49.851,49.851,49.851,49.851,49.851,51.503,51.503,51.503,51.503,51.503,51.503,51.503,51.503,51.503,51.503,51.503,51.503,51.503,51.503,51.503,51.503,51.503,51.503,51.503,51.503,51.503,51.503,51.503,51.503,51.503,51.503,51.503,51.503,51.503,51.503,51.503,51.503,51.503,51.503,51.503,51.503,51.503,51.503,51.503,51.503,51.503,51.503,51.503,51.503,51.503,51.503,51.503,51.503,51.503,51.503,51.503,51.503,51.503,51.503,51.503,51.503,51.503,51.503,51.503,51.503
1965-01-01,47.5,47.5,47.5,47.5,47.5,47.5,47.5,47.5,47.5,47.5,47.5,47.5,47.5,47.5,47.5,47.5,47.5,47.5,47.5,47.5,47.5,47.5,47.5,47.5,47.5,47.5,47.5,47.5,47.5,47.5,47.5,47.5,47.5,47.5,47.5,47.5,47.5,47.5,47.5,47.5,47.5,47.5,48.8,48.8,48.8,48.8,48.8,48.8,48.8,48.8,48.8,48.8,48.8,48.8,48.8,48.8,48.8,48.8,48.8,48.8,48.8,48.8,48.8,48.8,48.8,48.8,48.8,48.8,48.8,48.8,48.8,48.8,48.8,48.8,48.8,48.8,48.8,48.8,48.8,48.8,48.8,48.8,48.8,48.8,48.8,48.8,48.8,48.8,48.8,48.8,48.8,48.8,48.8,48.8,50.3,50.3,50.3,50.3,50.3,50.3,50.3,50.3,50.3,50.3,50.3,50.3,50.3,50.3,50.3,50.3,50.3,50.3,50.3,50.3,50.3,50.3,50.3,50.3,50.3,50.3,50.3,50.3,50.3,50.3,50.3,50.3,50.3,48.4,48.4,48.4,48.4,48.4,48.4,48.4,48.4,48.4,48.4,48.4,48.4,51.6,51.6,51.6,51.6,51.6,51.6,51.6,51.6,51.6,51.6,51.6,51.6,51.6,51.6,51.6,51.6,51.6,51.6,51.6,51.6,51.6,,53.2,53.2,53.2,53.2,53.3,53.3,53.3,53.3,53.3,53.3,53.3,53.3,53.3,53.3,53.3,53.3,53.3,53.3,53.3,53.3,53.3,53.3,53.3,53.3,53.3,53.3,53.3,53.3,53.3,53.3,53.3,53.3,53.3,53.3,53.3,,54.7,54.7,54.7,54.7,54.7,54.7,54.7,54.7,54.7,54.7,54.7,54.7,54.7,54.7,54.7,54.7,54.7,54.7,54.7,54.7,54.7,54.7,54.7,54.7,54.7,54.7,54.7,54.7,54.7,54.7,54.7,54.7,54.7,54.7,54.7,54.7,54.7,54.7,54.7,54.7,54.7,54.7,54.7,54.7,54.7,,53.7,53.7,53.7,53.7,53.7,53.7,53.7,53.7,53.7,53.7,53.7,53.7,53.7,53.7,53.7,53.7,53.7,53.7,53.7,53.7,53.7,53.7,53.7,53.7,53.7,53.7,53.7,53.7,53.7,53.7,53.7,53.7,56.3,56.3,56.3,56.3,56.3,56.3,56.3,56.3,56.3,56.3,56.3,56.3,56.3,56.3,56.3,56.3,56.3,56.3,56.3,56.3,56.3,56.3,56.3,56.3,56.3,56.3,56.3,56.3,56.3,56.3,56.3,56.3,56.3,56.3,56.3,56.287,56.287,56.287,56.287,56.287,56.287,57.499,57.499,57.499,57.499,57.499,57.499,57.499,57.499,57.499,57.499,57.499,57.499,57.499,57.499,57.499,57.499,57.499,57.499,57.499,57.499,57.499,57.499,57.499,57.499,57.499,57.499,57.499,57.499,57.499,57.499,57.499,57.499,57.499,57.499,57.499,57.499,57.499,57.499,57.499,57.499,57.499,57.499,57.499,57.499,57.499,57.499,57.499,57.499,57.499,57.499,57.499,57.499,57.499,57.499,57.499,57.499,57.499,57.499,57.499,57.499
1965-04-01,48.9,48.9,48.9,48.9,48.9,48.9,48.9,48.9,48.9,48.9,48.9,48.9,48.9,48.9,48.9,48.9,48.9,48.9,48.9,48.9,48.9,48.9,48.9,48.9,48.9,48.9,48.9,48.9,48.9,48.9,48.9,48.9,48.9,48.9,48.9,48.9,48.9,48.9,48.9,48.9,48.9,48.9,50.1,50.1,50.1,50.1,50.1,50.1,50.1,50.1,50.1,50.1,50.1,50.1,50.1,50.1,50.1,50.1,50.1,50.1,50.1,50.1,50.1,50.1,50.1,50.1,50.1,50.1,50.1,50.1,50.1,50.1,50.1,50.1,50.1,50.1,50.1,50.1,50.1,50.1,50.1,50.1,50.1,50.1,50.1,50.1,50.1,50.1,50.1,50.1,50.1,50.1,50.1,50.1,51.5,51.5,51.5,51.5,51.5,51.5,51.5,51.5,51.5,51.5,51.5,51.5,51.5,51.5,51.5,51.5,51.5,51.5,51.5,51.5,51.5,51.5,51.5,51.5,51.5,51.5,51.5,51.5,51.5,51.5,51.5,51.5,51.5,49.6,49.6,49.6,49.6,49.6,49.6,49.6,49.6,49.6,49.6,49.6,49.6,52.7,52.7,52.7,52.7,52.7,52.7,52.7,52.7,52.7,52.7,52.7,52.7,52.7,52.7,52.7,52.7,52.7,52.7,52.7,52.7,52.7,,54.4,54.4,54.4,54.4,54.5,54.5,54.5,54.5,54.5,54.5,54.5,54.5,54.5,54.5,54.5,54.5,54.5,54.5,54.5,54.5,54.5,54.5,54.5,54.5,54.5,54.5,54.5,54.5,54.5,54.5,54.5,54.5,54.5,54.5,54.5,,55.9,55.9,55.9,55.9,55.9,55.9,55.9,55.9,55.9,55.9,55.9,55.9,55.9,55.9,55.9,55.9,55.9,55.9,55.9,55.9,55.9,55.9,55.9,55.9,55.9,55.9,55.9,55.9,55.9,55.9,55.9,55.9,55.9,55.9,55.9,55.9,55.9,55.9,55.9,55.9,55.9,55.9,55.9,55.9,55.9,,54.9,54.9,54.9,54.9,54.9,54.9,54.9,54.9,54.9,54.9,54.9,54.9,54.9,54.9,54.9,54.9,54.9,54.9,54.9,54.9,54.9,54.9,54.9,54.9,54.9,54.9,54.9,54.9,54.9,54.9,54.9,54.9,57.5,57.5,57.5,57.5,57.5,57.5,57.5,57.5,57.5,57.5,57.5,57.5,57.5,57.5,57.5,57.5,57.5,57.5,57.5,57.5,57.5,57.5,57.5,57.5,57.5,57.5,57.5,57.5,57.5,57.5,57.5,57.5,57.5,57.5,57.5,57.541,57.541,57.541,57.541,57.541,57.541,58.813,58.813,58.813,58.813,58.813,58.813,58.813,58.813,58.813,58.813,58.813,58.813,58.813,58.813,58.813,58.813,58.813,58.813,58.813,58.813,58.813,58.813,58.813,58.813,58.813,58.813,58.813,58.813,58.813,58.813,58.813,58.813,58.813,58.813,58.813,58.813,58.813,58.813,58.813,58.813,58.813,58.813,58.813,58.813,58.813,58.813,58.813,58.813,58.813,58.813,58.813,58.813,58.813,58.813,58.813,58.813,58.813,58.813,58.813,58.813
1965-07-01,49.2,49.2,49.2,49.2,49.2,49.2,49.2,49.2,49.2,49.2,49.2,49.2,49.2,49.2,49.2,49.2,49.2,49.2,49.2,49.2,49.2,49.2,49.2,49.2,49.2,49.2,49.2,49.2,49.2,49.2,49.2,49.2,49.2,49.2,49.2,49.2,49.2,49.2,49.2,49.2,49.2,49.2,50.6,50.6,50.6,50.6,50.6,50.6,50.6,50.6,50.6,50.6,50.6,50.6,50.6,50.6,50.6,50.6,50.6,50.6,50.6,50.6,50.6,50.6,50.6,50.6,50.6,50.6,50.6,50.6,50.6,50.6,50.6,50.6,50.6,50.6,50.6,50.6,50.6,50.6,50.6,50.6,50.6,50.6,50.6,50.6,50.6,50.6,50.6,50.6,50.6,50.6,50.6,50.6,52.1,52.1,52.1,52.1,52.1,52.1,52.1,52.1,52.1,52.1,52.1,52.1,52.1,52.1,52.1,52.1,52.1,52.1,52.1,52.1,52.1,52.1,52.1,52.1,52.1,52.1,52.1,52.1,52.1,52.1,52.1,52.1,52.1,50.2,50.2,50.2,50.2,50.2,50.2,50.2,50.2,50.2,50.2,50.2,50.2,53.4,53.4,53.4,53.4,53.4,53.4,53.4,53.4,53.4,53.4,53.4,53.4,53.4,53.4,53.4,53.4,53.4,53.4,53.4,53.4,53.4,,55.1,55.1,55.1,55.1,55.2,55.2,55.2,55.2,55.2,55.2,55.2,55.2,55.2,55.2,55.2,55.2,55.2,55.2,55.2,55.2,55.2,55.2,55.2,55.2,55.2,55.2,55.2,55.2,55.2,55.2,55.2,55.2,55.2,55.2,55.2,,56.5,56.5,56.5,56.5,56.5,56.5,56.5,56.5,56.5,56.5,56.5,56.5,56.5,56.5,56.5,56.5,56.5,56.5,56.5,56.5,56.5,56.5,56.5,56.5,56.5,56.5,56.5,56.5,56.5,56.5,56.5,56.5,56.5,56.5,56.5,56.5,56.5,56.5,56.5,56.5,56.5,56.5,56.5,56.5,56.5,,55.6,55.6,55.6,55.6,55.6,55.6,55.6,55.6,55.6,55.6,55.6,55.6,55.6,55.6,55.6,55.6,55.6,55.6,55.6,55.6,55.6,55.6,55.6,55.6,55.6,55.6,55.6,55.6,55.6,55.6,55.6,55.6,58.2,58.2,58.2,58.2,58.2,58.2,58.2,58.2,58.2,58.2,58.2,58.2,58.2,58.2,58.2,58.2,58.2,58.2,58.2,58.2,58.2,58.2,58.2,58.2,58.2,58.2,58.2,58.2,58.2,58.2,58.2,58.2,58.2,58.2,58.2,58.177,58.177,58.177,58.177,58.177,58.177,59.501,59.501,59.501,59.501,59.501,59.501,59.501,59.501,59.501,59.501,59.501,59.501,59.501,59.501,59.501,59.501,59.501,59.501,59.501,59.501,59.501,59.501,59.501,59.501,59.501,59.501,59.501,59.501,59.501,59.501,59.501,59.501,59.501,59.501,59.501,59.501,59.501,59.501,59.501,59.501,59.501,59.501,59.501,59.501,59.501,59.501,59.501,59.501,59.501,59.501,59.501,59.501,59.501,59.501,59.501,59.501,59.501,59.501,59.501,59.501
1965-10-01,50.7,50.7,50.7,50.7,50.7,50.7,50.7,50.7,50.7,50.7,50.7,50.7,50.7,50.7,50.7,50.7,50.7,50.7,50.7,50.7,50.7,50.7,50.7,50.7,50.7,50.7,50.7,50.7,50.7,50.7,50.7,50.7,50.7,50.7,50.7,50.7,50.7,50.7,50.7,50.7,50.7,50.7,52.4,52.4,52.4,52.4,52.4,52.4,52.4,52.4,52.4,52.4,52.4,52.4,52.4,52.4,52.4,52.4,52.4,52.4,52.4,52.4,52.4,52.4,52.4,52.4,52.4,52.4,52.4,52.4,52.4,52.4,52.4,52.4,52.4,52.4,52.4,52.4,52.4,52.4,52.4,52.4,52.4,52.4,52.4,52.4,52.4,52.4,52.4,52.4,52.4,52.4,52.4,52.4,54.1,54.1,54.1,54.1,54.1,54.1,54.1,54.1,54.1,54.1,54.1,54.1,54.1,54.1,54.1,54.1,54.1,54.1,54.1,54.1,54.1,54.1,54.1,54.1,54.1,54.1,54.1,54.1,54.1,54.1,54.1,54.1,54.1,52.0,52.0,52.0,52.0,52.0,52.0,52.0,52.0,52.0,52.0,52.0,52.0,55.3,55.3,55.3,55.3,55.3,55.3,55.3,55.3,55.3,55.3,55.3,55.3,55.3,55.3,55.3,55.3,55.3,55.3,55.3,55.3,55.3,,57.2,57.2,57.2,57.2,57.3,57.3,57.3,57.3,57.3,57.3,57.3,57.3,57.3,57.3,57.3,57.3,57.3,57.3,57.3,57.3,57.3,57.3,57.3,57.3,57.3,57.3,57.3,57.3,57.3,57.3,57.3,57.3,57.3,57.3,57.3,,58.5,58.5,58.5,58.5,58.5,58.5,58.5,58.5,58.5,58.5,58.5,58.5,58.5,58.5,58.5,58.5,58.5,58.5,58.5,58.5,58.5,58.5,58.5,58.5,58.5,58.5,58.5,58.5,58.5,58.5,58.5,58.5,58.5,58.5,58.5,58.5,58.5,58.5,58.5,58.5,58.5,58.5,58.5,58.5,58.5,,57.6,57.6,57.6,57.6,57.6,57.6,57.6,57.6,57.6,57.6,57.6,57.6,57.6,57.6,57.6,57.6,57.6,57.6,57.6,57.6,57.6,57.6,57.6,57.6,57.6,57.6,57.6,57.6,57.6,57.6,57.6,57.6,60.9,60.9,60.9,60.9,60.9,60.9,60.9,60.9,60.9,60.9,60.9,60.9,60.9,60.9,60.9,60.9,60.9,60.9,60.9,60.9,60.9,60.9,60.9,60.9,60.9,60.9,60.9,60.9,60.9,60.9,60.9,60.9,60.9,60.9,60.9,60.89,60.89,60.89,60.89,60.89,60.89,62.269,62.269,62.269,62.269,62.269,62.269,62.269,62.269,62.269,62.269,62.269,62.269,62.269,62.269,62.269,62.269,62.269,62.269,62.269,62.269,62.269,62.269,62.269,62.269,62.269,62.269,62.269,62.269,62.269,62.269,62.269,62.269,62.269,62.269,62.269,62.269,62.269,62.269,62.269,62.269,62.269,62.269,62.269,62.269,62.269,62.269,62.269,62.269,62.269,62.269,62.269,62.269,62.269,62.269,62.269,62.269,62.269,62.269,62.269,62.269
1966-01-01,52.5,52.5,52.5,52.5,52.5,52.5,52.5,52.5,52.5,52.5,52.5,52.5,52.5,52.5,52.5,52.5,52.5,52.5,52.5,52.5,52.5,52.5,52.5,52.5,52.5,52.5,52.5,52.5,52.5,52.5,52.5,52.5,52.5,52.5,52.5,52.5,52.5,52.5,52.5,52.5,52.5,52.5,54.3,54.3,54.3,54.3,54.3,54.3,54.3,54.3,54.3,54.3,54.3,54.3,54.3,54.3,54.3,54.3,54.3,54.3,54.3,54.3,54.3,54.3,54.3,54.3,54.3,54.3,54.3,54.3,54.3,54.3,54.3,54.3,54.3,54.3,54.3,54.3,54.3,54.3,54.3,54.3,54.3,54.3,54.3,54.3,54.3,54.3,54.3,54.3,54.3,54.3,54.3,54.3,56.2,56.2,56.2,56.2,56.2,56.2,56.2,56.2,56.2,56.2,56.2,56.2,56.2,56.2,56.2,56.2,56.2,56.2,56.2,56.2,56.2,56.2,56.2,56.2,56.2,56.2,56.2,56.2,56.2,56.2,56.2,56.2,56.2,54.0,54.0,54.0,54.0,54.0,54.0,54.0,54.0,54.0,54.0,54.0,54.0,57.4,57.4,57.4,57.4,57.4,57.4,57.4,57.4,57.4,57.4,57.4,57.4,57.4,57.4,57.4,57.4,57.4,57.4,57.4,57.4,57.4,,59.4,59.4,59.4,59.4,59.5,59.5,59.5,59.5,59.5,59.5,59.5,59.5,59.5,59.5,59.5,59.5,59.5,59.5,59.5,59.5,59.5,59.5,59.5,59.5,59.5,59.5,59.5,59.5,59.5,59.5,59.5,59.5,59.5,59.5,59.5,,60.5,60.5,60.5,60.5,60.5,60.5,60.5,60.5,60.5,60.5,60.5,60.5,60.5,60.5,60.5,60.5,60.5,60.5,60.5,60.5,60.5,60.5,60.5,60.5,60.5,60.5,60.5,60.5,60.5,60.5,60.5,60.5,60.5,60.5,60.5,60.5,60.5,60.5,60.5,60.5,60.5,60.5,60.5,60.5,60.5,,59.7,59.7,59.7,59.7,59.7,59.7,59.7,59.7,59.7,59.7,59.7,59.7,59.7,59.7,59.7,59.7,59.7,59.7,59.7,59.7,59.7,59.7,59.7,59.7,59.7,59.7,59.7,59.7,59.7,59.7,59.7,59.7,63.2,63.2,63.2,63.2,63.2,63.2,63.2,63.2,63.2,63.2,63.2,63.2,63.2,63.2,63.2,63.2,63.2,63.2,63.2,63.2,63.2,63.2,63.2,63.2,63.2,63.2,63.2,63.2,63.2,63.2,63.2,63.2,63.2,63.2,63.2,63.203,63.203,63.203,63.203,63.203,63.203,64.668,64.668,64.668,64.668,64.668,64.668,64.668,64.668,64.668,64.668,64.668,64.668,64.668,64.668,64.668,64.668,64.668,64.668,64.668,64.668,64.668,64.668,64.668,64.668,64.668,64.668,64.668,64.668,64.668,64.668,64.668,64.668,64.668,64.668,64.668,64.668,64.668,64.668,64.668,64.668,64.668,64.668,64.668,64.668,64.668,64.668,64.668,64.668,64.668,64.668,64.668,64.668,64.668,64.668,64.668,64.668,64.668,64.668,64.668,64.668
1966-04-01,51.2,51.2,51.2,51.2,51.2,51.2,51.2,51.2,51.2,51.2,51.2,51.2,51.2,51.2,51.2,51.2,51.2,51.2,51.2,51.2,51.2,51.2,51.2,51.2,51.2,51.2,51.2,51.2,51.2,51.2,51.2,51.2,51.2,51.2,51.2,51.2,51.2,51.2,51.2,51.2,51.2,51.2,52.7,52.7,52.7,52.7,52.7,52.7,52.7,52.7,52.7,52.7,52.7,52.7,52.7,52.7,52.7,52.7,52.7,52.7,52.7,52.7,52.7,52.7,52.7,52.7,52.7,52.7,52.7,52.7,52.7,52.7,52.7,52.7,52.7,52.7,52.7,52.7,52.7,52.7,52.7,52.7,52.7,52.7,52.7,52.7,52.7,52.7,52.7,52.7,52.7,52.7,52.7,52.7,54.7,54.7,54.7,54.7,54.7,54.7,54.7,54.7,54.7,54.7,54.7,54.7,54.7,54.7,54.7,54.7,54.7,54.7,54.7,54.7,54.7,54.7,54.7,54.7,54.7,54.7,54.7,54.7,54.7,54.7,54.7,54.7,54.7,52.5,52.5,52.5,52.5,52.5,52.5,52.5,52.5,52.5,52.5,52.5,52.5,56.1,56.1,56.1,56.1,56.1,56.1,56.1,56.1,56.1,56.1,56.1,56.1,56.1,56.1,56.1,56.1,56.1,56.1,56.1,56.1,56.1,,58.1,58.1,58.1,58.1,58.2,58.2,58.2,58.2,58.2,58.2,58.2,58.2,58.2,58.2,58.2,58.2,58.2,58.2,58.2,58.2,58.2,58.2,58.2,58.2,58.2,58.2,58.2,58.2,58.2,58.2,58.2,58.2,58.2,58.2,58.2,,59.2,59.2,59.2,59.2,59.2,59.2,59.2,59.2,59.2,59.2,59.2,59.2,59.2,59.2,59.2,59.2,59.2,59.2,59.2,59.2,59.2,59.2,59.2,59.2,59.2,59.2,59.2,59.2,59.2,59.2,59.2,59.2,59.2,59.2,59.2,59.2,59.2,59.2,59.2,59.2,59.2,59.2,59.2,59.2,59.2,,58.6,58.6,58.6,58.6,58.6,58.6,58.6,58.6,58.6,58.6,58.6,58.6,58.6,58.6,58.6,58.6,58.6,58.6,58.6,58.6,58.6,58.6,58.6,58.6,58.6,58.6,58.6,58.6,58.6,58.6,58.6,58.6,62.2,62.2,62.2,62.2,62.2,62.2,62.2,62.2,62.2,62.2,62.2,62.2,62.2,62.2,62.2,62.2,62.2,62.2,62.2,62.2,62.2,62.2,62.2,62.2,62.2,62.2,62.2,62.2,62.2,62.2,62.2,62.2,62.2,62.2,62.2,62.159,62.159,62.159,62.159,62.159,62.159,63.743,63.743,63.743,63.743,63.743,63.743,63.743,63.743,63.743,63.743,63.743,63.743,63.743,63.743,63.743,63.743,63.743,63.743,63.743,63.743,63.743,63.743,63.743,63.743,63.743,63.743,63.743,63.743,63.743,63.743,63.743,63.743,63.743,63.743,63.743,63.743,63.743,63.743,63.743,63.743,63.743,63.743,63.743,63.743,63.743,63.743,63.743,63.743,63.743,63.743,63.743,63.743,63.743,63.743,63.743,63.743,63.743,63.743,63.743,63.743
1966-07-01,50.0,50.0,50.0,50.0,50.0,50.0,50.0,50.0,50.0,50.0,50.0,50.0,50.0,50.0,50.0,50.0,50.0,50.0,50.0,50.0,50.0,50.0,50.0,50.0,50.0,50.0,50.0,50.0,50.0,50.0,50.0,50.0,50.0,50.0,50.0,50.0,50.0,50.0,50.0,50.0,50.0,50.0,51.5,51.5,51.5,51.5,51.5,51.5,51.5,51.5,51.5,51.5,51.5,51.5,51.5,51.5,51.5,51.5,51.5,51.5,51.5,51.5,51.5,51.5,51.5,51.5,51.5,51.5,51.5,51.5,51.5,51.5,51.5,51.5,51.5,51.5,51.5,51.5,51.5,51.5,51.5,51.5,51.5,51.5,51.5,51.5,51.5,51.5,51.5,51.5,51.5,51.5,51.5,51.5,53.5,53.5,53.5,53.5,53.5,53.5,53.5,53.5,53.5,53.5,53.5,53.5,53.5,53.5,53.5,53.5,53.5,53.5,53.5,53.5,53.5,53.5,53.5,53.5,53.5,53.5,53.5,53.5,53.5,53.5,53.5,53.5,53.5,51.1,51.1,51.1,51.1,51.1,51.1,51.1,51.1,51.1,51.1,51.1,51.1,54.7,54.7,54.7,54.7,54.7,54.7,54.7,54.7,54.7,54.7,54.7,54.7,54.7,54.7,54.7,54.7,54.7,54.7,54.7,54.7,54.7,,56.7,56.7,56.7,56.7,56.9,56.9,56.9,56.9,56.9,56.9,56.9,56.9,56.9,56.9,56.9,56.9,56.9,56.9,56.9,56.9,56.9,56.9,56.9,56.9,56.9,56.9,56.9,56.9,56.9,56.9,56.9,56.9,56.9,56.9,56.9,,57.8,57.8,57.8,57.8,57.8,57.8,57.8,57.8,57.8,57.8,57.8,57.8,57.8,57.8,57.8,57.8,57.8,57.8,57.8,57.8,57.8,57.8,57.8,57.8,57.8,57.8,57.8,57.8,57.8,57.8,57.8,57.8,57.8,57.8,57.8,57.8,57.8,57.8,57.8,57.8,57.8,57.8,57.8,57.8,57.8,,57.2,57.2,57.2,57.2,57.2,57.2,57.2,57.2,57.2,57.2,57.2,57.2,57.2,57.2,57.2,57.2,57.2,57.2,57.2,57.2,57.2,57.2,57.2,57.2,57.2,57.2,57.2,57.2,57.2,57.2,57.2,57.2,61.0,61.0,61.0,61.0,61.0,61.0,61.0,61.0,61.0,61.0,61.0,61.0,61.0,61.0,61.0,61.0,61.0,61.0,61.0,61.0,61.0,61.0,61.0,61.0,61.0,61.0,61.0,61.0,61.0,61.0,61.0,61.0,61.0,61.0,61.0,60.956,60.956,60.956,60.956,60.956,60.956,62.672,62.672,62.672,62.672,62.672,62.672,62.672,62.672,62.672,62.672,62.672,62.672,62.672,62.672,62.672,62.672,62.672,62.672,62.672,62.672,62.672,62.672,62.672,62.672,62.672,62.672,62.672,62.672,62.672,62.672,62.672,62.672,62.672,62.672,62.672,62.672,62.672,62.672,62.672,62.672,62.672,62.672,62.672,62.672,62.672,62.672,62.672,62.672,62.672,62.672,62.672,62.672,62.672,62.672,62.672,62.672,62.672,62.672,62.672,62.672
1966-10-01,52.1,52.1,52.1,52.1,52.1,52.1,52.1,52.1,52.1,52.1,52.1,52.1,52.1,52.1,52.1,52.1,52.1,52.1,52.1,52.1,52.1,52.1,52.1,52.1,52.1,52.1,52.1,52.1,52.1,52.1,52.1,52.1,52.1,52.1,52.1,52.1,52.1,52.1,52.1,52.1,52.1,52.1,53.3,53.3,53.3,53.3,53.3,53.3,53.3,53.3,53.3,53.3,53.3,53.3,53.3,53.3,53.3,53.3,53.3,53.3,53.3,53.3,53.3,53.3,53.3,53.3,53.3,53.3,53.3,53.3,53.3,53.3,53.3,53.3,53.3,53.3,53.3,53.3,53.3,53.3,53.3,53.3,53.3,53.3,53.3,53.3,53.3,53.3,53.3,53.3,53.3,53.3,53.3,53.3,55.3,55.3,55.3,55.3,55.3,55.3,55.3,55.3,55.3,55.3,55.3,55.3,55.3,55.3,55.3,55.3,55.3,55.3,55.3,55.3,55.3,55.3,55.3,55.3,55.3,55.3,55.3,55.3,55.3,55.3,55.3,55.3,55.3,52.9,52.9,52.9,52.9,52.9,52.9,52.9,52.9,52.9,52.9,52.9,52.9,56.5,56.5,56.5,56.5,56.5,56.5,56.5,56.5,56.5,56.5,56.5,56.5,56.5,56.5,56.5,56.5,56.5,56.5,56.5,56.5,56.5,,58.5,58.5,58.5,58.5,58.7,58.7,58.7,58.7,58.7,58.7,58.7,58.7,58.7,58.7,58.7,58.7,58.7,58.7,58.7,58.7,58.7,58.7,58.7,58.7,58.7,58.7,58.7,58.7,58.7,58.7,58.7,58.7,58.7,58.7,58.7,,59.7,59.7,59.7,59.7,59.7,59.7,59.7,59.7,59.7,59.7,59.7,59.7,59.7,59.7,59.7,59.7,59.7,59.7,59.7,59.7,59.7,59.7,59.7,59.7,59.7,59.7,59.7,59.7,59.7,59.7,59.7,59.7,59.7,59.7,59.7,59.7,59.7,59.7,59.7,59.7,59.7,59.7,59.7,59.7,59.7,,59.1,59.1,59.1,59.1,59.1,59.1,59.1,59.1,59.1,59.1,59.1,59.1,59.1,59.1,59.1,59.1,59.1,59.1,59.1,59.1,59.1,59.1,59.1,59.1,59.1,59.1,59.1,59.1,59.1,59.1,59.1,59.1,62.6,62.6,62.6,62.6,62.6,62.6,62.6,62.6,62.6,62.6,62.6,62.6,62.6,62.6,62.6,62.6,62.6,62.6,62.6,62.6,62.6,62.6,62.6,62.6,62.6,62.6,62.6,62.6,62.6,62.6,62.6,62.6,62.6,62.6,62.6,62.645,62.645,62.645,62.645,62.645,62.645,64.476,64.476,64.476,64.476,64.476,64.476,64.476,64.476,64.476,64.476,64.476,64.476,64.476,64.476,64.476,64.476,64.476,64.476,64.476,64.476,64.476,64.476,64.476,64.476,64.476,64.476,64.476,64.476,64.476,64.476,64.476,64.476,64.476,64.476,64.476,64.476,64.476,64.476,64.476,64.476,64.476,64.476,64.476,64.476,64.476,64.476,64.476,64.476,64.476,64.476,64.476,64.476,64.476,64.476,64.476,64.476,64.476,64.476,64.476,64.476
1967-01-01,49.6,49.6,49.6,49.6,49.6,49.6,49.6,49.6,49.6,49.6,49.6,49.6,49.6,49.6,49.6,49.6,49.6,49.6,49.6,49.6,49.6,49.6,49.6,49.6,49.6,49.6,49.6,49.6,49.6,49.6,49.6,49.6,49.6,49.6,49.6,49.6,49.6,49.6,49.6,49.6,49.6,49.6,51.2,51.2,51.2,51.2,51.2,51.2,51.2,51.2,51.2,51.2,51.2,51.2,51.2,51.2,51.2,51.2,51.2,51.2,51.2,51.2,51.2,51.2,51.2,51.2,51.2,51.2,51.2,51.2,51.2,51.2,51.2,51.2,51.2,51.2,51.2,51.2,51.2,51.2,51.2,51.2,51.2,51.2,51.2,51.2,51.2,51.2,51.2,51.2,51.2,51.2,51.2,51.2,53.2,53.2,53.2,53.2,53.2,53.2,53.2,53.2,53.2,53.2,53.2,53.2,53.2,53.2,53.2,53.2,53.2,53.2,53.2,53.2,53.2,53.2,53.2,53.2,53.2,53.2,53.2,53.2,53.2,53.2,53.2,53.2,53.2,50.8,50.8,50.8,50.8,50.8,50.8,50.8,50.8,50.8,50.8,50.8,50.8,54.5,54.5,54.5,54.5,54.5,54.5,54.5,54.5,54.5,54.5,54.5,54.5,54.5,54.5,54.5,54.5,54.5,54.5,54.5,54.5,54.5,,56.6,56.6,56.6,56.6,56.8,56.8,56.8,56.8,56.8,56.8,56.8,56.8,56.8,56.8,56.8,56.8,56.8,56.8,56.8,56.8,56.8,56.8,56.8,56.8,56.8,56.8,56.8,56.8,56.8,56.8,56.8,56.8,56.8,56.8,56.8,,58,58,58,58,58,58,58,58,58,58,58,58,58,58,58,58,58,58,58,58,58,58,58,58,58,58,58,58,58,58,58,58,58,58,58,58,58,58,58,58,58,58,58,58,58,,57.1,57.1,57.1,57.1,57.1,57.1,57.1,57.1,57.1,57.1,57.1,57.1,57.1,57.1,57.1,57.1,57.1,57.1,57.1,57.1,57.1,57.1,57.1,57.1,57.1,57.1,57.1,57.1,57.1,57.1,57.1,57.1,60.8,60.8,60.8,60.8,60.8,60.8,60.8,60.8,60.8,60.8,60.8,60.8,60.8,60.8,60.8,60.8,60.8,60.8,60.8,60.8,60.8,60.8,60.8,60.8,60.8,60.8,60.8,60.8,60.8,60.8,60.8,60.8,60.8,60.8,60.8,60.845,60.845,60.845,60.845,60.845,60.845,62.694,62.694,62.694,62.694,62.694,62.694,62.694,62.694,62.694,62.694,62.694,62.694,62.694,62.694,62.694,62.694,62.694,62.694,62.694,62.694,62.694,62.694,62.694,62.694,62.694,62.694,62.694,62.694,62.694,62.694,62.694,62.694,62.694,62.694,62.694,62.694,62.694,62.694,62.694,62.694,62.694,62.694,62.694,62.694,62.694,62.694,62.694,62.694,62.694,62.694,62.694,62.694,62.694,62.694,62.694,62.694,62.694,62.694,62.694,62.694
1967-04-01,49.0,49.0,49.0,49.0,49.0,49.0,49.0,49.0,49.0,49.0,49.0,49.0,49.0,49.0,49.0,49.0,49.0,49.0,49.0,49.0,49.0,49.0,49.0,49.0,49.0,49.0,49.0,49.0,49.0,49.0,49.0,49.0,49.0,49.0,49.0,49.0,49.0,49.0,49.0,49.0,49.0,49.0,50.5,50.5,50.5,50.5,50.5,50.5,50.5,50.5,50.5,50.5,50.5,50.5,50.5,50.5,50.5,50.5,50.5,50.5,50.5,50.5,50.5,50.5,50.5,50.5,50.5,50.5,50.5,50.5,50.5,50.5,50.5,50.5,50.5,50.5,50.5,50.5,50.5,50.5,50.5,50.5,50.5,50.5,50.5,50.5,50.5,50.5,50.5,50.5,50.5,50.5,50.5,50.5,52.3,52.3,52.3,52.3,52.3,52.3,52.3,52.3,52.3,52.3,52.3,52.3,52.3,52.3,52.3,52.3,52.3,52.3,52.3,52.3,52.3,52.3,52.3,52.3,52.3,52.3,52.3,52.3,52.3,52.3,52.3,52.3,52.3,50.1,50.1,50.1,50.1,50.1,50.1,50.1,50.1,50.1,50.1,50.1,50.1,53.7,53.7,53.7,53.7,53.7,53.7,53.7,53.7,53.7,53.7,53.7,53.7,53.7,53.7,53.7,53.7,53.7,53.7,53.7,53.7,53.7,,55.8,55.8,55.8,55.8,55.9,55.9,55.9,55.9,55.9,55.9,55.9,55.9,55.9,55.9,55.9,55.9,55.9,55.9,55.9,55.9,55.9,55.9,55.9,55.9,55.9,55.9,55.9,55.9,55.9,55.9,55.9,55.9,55.9,55.9,55.9,,57.3,57.3,57.3,57.3,57.3,57.3,57.3,57.3,57.3,57.3,57.3,57.3,57.3,57.3,57.3,57.3,57.3,57.3,57.3,57.3,57.3,57.3,57.3,57.3,57.3,57.3,57.3,57.3,57.3,57.3,57.3,57.3,57.3,57.3,57.3,57.3,57.3,57.3,57.3,57.3,57.3,57.3,57.3,57.3,57.3,,56.2,56.2,56.2,56.2,56.2,56.2,56.2,56.2,56.2,56.2,56.2,56.2,56.2,56.2,56.2,56.2,56.2,56.2,56.2,56.2,56.2,56.2,56.2,56.2,56.2,56.2,56.2,56.2,56.2,56.2,56.2,56.2,60.0,60.0,60.0,60.0,60.0,60.0,60.0,60.0,60.0,60.0,60.0,60.0,60.0,60.0,60.0,60.0,60.0,60.0,60.0,60.0,60.0,60.0,60.0,60.0,60.0,60.0,60.0,60.0,60.0,60.0,60.0,60.0,60.0,60.0,60.0,59.965,59.965,59.965,59.965,59.965,59.965,61.809,61.809,61.809,61.809,61.809,61.809,61.809,61.809,61.809,61.809,61.809,61.809,61.809,61.809,61.809,61.809,61.809,61.809,61.809,61.809,61.809,61.809,61.809,61.809,61.809,61.809,61.809,61.809,61.809,61.809,61.809,61.809,61.809,61.809,61.809,61.809,61.809,61.809,61.809,61.809,61.809,61.809,61.809,61.809,61.809,61.809,61.809,61.809,61.809,61.809,61.809,61.809,61.809,61.809,61.809,61.809,61.809,61.809,61.809,61.809
1967-07-01,49.7,49.7,49.7,49.7,49.7,49.7,49.7,49.7,49.7,49.7,49.7,49.7,49.7,49.7,49.7,49.7,49.7,49.7,49.7,49.7,49.7,49.7,49.7,49.7,49.7,49.7,49.7,49.7,49.7,49.7,49.7,49.7,49.7,49.7,49.7,49.7,49.7,49.7,49.7,49.7,49.7,49.7,51.5,51.5,51.5,51.5,51.5,51.5,51.5,51.5,51.5,51.5,51.5,51.5,51.5,51.5,51.5,51.5,51.5,51.5,51.5,51.5,51.5,51.5,51.5,51.5,51.5,51.5,51.5,51.5,51.5,51.5,51.5,51.5,51.5,51.5,51.5,51.5,51.5,51.5,51.5,51.5,51.5,51.5,51.5,51.5,51.5,51.5,51.5,51.5,51.5,51.5,51.5,51.5,53.3,53.3,53.3,53.3,53.3,53.3,53.3,53.3,53.3,53.3,53.3,53.3,53.3,53.3,53.3,53.3,53.3,53.3,53.3,53.3,53.3,53.3,53.3,53.3,53.3,53.3,53.3,53.3,53.3,53.3,53.3,53.3,53.3,51.0,51.0,51.0,51.0,51.0,51.0,51.0,51.0,51.0,51.0,51.0,51.0,54.8,54.8,54.8,54.8,54.8,54.8,54.8,54.8,54.8,54.8,54.8,54.8,54.8,54.8,54.8,54.8,54.8,54.8,54.8,54.8,54.8,,56.7,56.7,56.7,56.7,56.9,56.9,56.9,56.9,56.9,56.9,56.9,56.9,56.9,56.9,56.9,56.9,56.9,56.9,56.9,56.9,56.9,56.9,56.9,56.9,56.9,56.9,56.9,56.9,56.9,56.9,56.9,56.9,56.9,56.9,56.9,,58.5,58.5,58.5,58.5,58.5,58.5,58.5,58.5,58.5,58.5,58.5,58.5,58.5,58.5,58.5,58.5,58.5,58.5,58.5,58.5,58.5,58.5,58.5,58.5,58.5,58.5,58.5,58.5,58.5,58.5,58.5,58.5,58.5,58.5,58.5,58.5,58.5,58.5,58.5,58.5,58.5,58.5,58.5,58.5,58.5,,57.2,57.2,57.2,57.2,57.2,57.2,57.2,57.2,57.2,57.2,57.2,57.2,57.2,57.2,57.2,57.2,57.2,57.2,57.2,57.2,57.2,57.2,57.2,57.2,57.2,57.2,57.2,57.2,57.2,57.2,57.2,57.2,60.7,60.7,60.7,60.7,60.7,60.7,60.7,60.7,60.7,60.7,60.7,60.7,60.7,60.7,60.7,60.7,60.7,60.7,60.7,60.7,60.7,60.7,60.7,60.7,60.7,60.7,60.7,60.7,60.7,60.7,60.7,60.7,60.7,60.7,60.7,60.73,60.73,60.73,60.73,60.73,60.73,62.608,62.608,62.608,62.608,62.608,62.608,62.608,62.608,62.608,62.608,62.608,62.608,62.608,62.608,62.608,62.608,62.608,62.608,62.608,62.608,62.608,62.608,62.608,62.608,62.608,62.608,62.608,62.608,62.608,62.608,62.608,62.608,62.608,62.608,62.608,62.608,62.608,62.608,62.608,62.608,62.608,62.608,62.608,62.608,62.608,62.608,62.608,62.608,62.608,62.608,62.608,62.608,62.608,62.608,62.608,62.608,62.608,62.608,62.608,62.608
1967-10-01,51.3,51.3,51.3,51.3,51.3,51.3,51.3,51.3,51.3,51.3,51.3,51.3,51.3,51.3,51.3,51.3,51.3,51.3,51.3,51.3,51.3,51.3,51.3,51.3,51.3,51.3,51.3,51.3,51.3,51.3,51.3,51.3,51.3,51.3,51.3,51.3,51.3,51.3,51.3,51.3,51.3,51.3,52.5,52.5,52.5,52.5,52.5,52.5,52.5,52.5,52.5,52.5,52.5,52.5,52.5,52.5,52.5,52.5,52.5,52.5,52.5,52.5,52.5,52.5,52.5,52.5,52.5,52.5,52.5,52.5,52.5,52.5,52.5,52.5,52.5,52.5,52.5,52.5,52.5,52.5,52.5,52.5,52.5,52.5,52.5,52.5,52.5,52.5,52.5,52.5,52.5,52.5,52.5,52.5,54.5,54.5,54.5,54.5,54.5,54.5,54.5,54.5,54.5,54.5,54.5,54.5,54.5,54.5,54.5,54.5,54.5,54.5,54.5,54.5,54.5,54.5,54.5,54.5,54.5,54.5,54.5,54.5,54.5,54.5,54.5,54.5,54.5,51.9,51.9,51.9,51.9,51.9,51.9,51.9,51.9,51.9,51.9,51.9,51.9,55.9,55.9,55.9,55.9,55.9,55.9,55.9,55.9,55.9,55.9,55.9,55.9,55.9,55.9,55.9,55.9,55.9,55.9,55.9,55.9,55.9,,58.0,58.0,58.0,58.0,58.2,58.2,58.2,58.2,58.2,58.2,58.2,58.2,58.2,58.2,58.2,58.2,58.2,58.2,58.2,58.2,58.2,58.2,58.2,58.2,58.2,58.2,58.2,58.2,58.2,58.2,58.2,58.2,58.2,58.2,58.2,,59.9,59.9,59.9,59.9,59.9,59.9,59.9,59.9,59.9,59.9,59.9,59.9,59.9,59.9,59.9,59.9,59.9,59.9,59.9,59.9,59.9,59.9,59.9,59.9,59.9,59.9,59.9,59.9,59.9,59.9,59.9,59.9,59.9,59.9,59.9,59.9,59.9,59.9,59.9,59.9,59.9,59.9,59.9,59.9,59.9,,58.5,58.5,58.5,58.5,58.5,58.5,58.5,58.5,58.5,58.5,58.5,58.5,58.5,58.5,58.5,58.5,58.5,58.5,58.5,58.5,58.5,58.5,58.5,58.5,58.5,58.5,58.5,58.5,58.5,58.5,58.5,58.5,62.3,62.3,62.3,62.3,62.3,62.3,62.3,62.3,62.3,62.3,62.3,62.3,62.3,62.3,62.3,62.3,62.3,62.3,62.3,62.3,62.3,62.3,62.3,62.3,62.3,62.3,62.3,62.3,62.3,62.3,62.3,62.3,62.3,62.3,62.3,62.326,62.326,62.326,62.326,62.326,62.326,64.384,64.384,64.384,64.384,64.384,64.384,64.384,64.384,64.384,64.384,64.384,64.384,64.384,64.384,64.384,64.384,64.384,64.384,64.384,64.384,64.384,64.384,64.384,64.384,64.384,64.384,64.384,64.384,64.384,64.384,64.384,64.384,64.384,64.384,64.384,64.384,64.384,64.384,64.384,64.384,64.384,64.384,64.384,64.384,64.384,64.384,64.384,64.384,64.384,64.384,64.384,64.384,64.384,64.384,64.384,64.384,64.384,64.384,64.384,64.384
1968-01-01,47.8,47.8,47.8,47.8,47.8,47.8,47.8,47.8,47.8,47.8,47.8,47.8,47.8,47.8,47.8,47.8,47.8,47.8,47.8,47.8,47.8,47.8,47.8,47.8,47.8,47.8,47.8,47.8,47.8,47.8,47.8,47.8,47.8,47.8,47.8,47.8,47.8,47.8,47.8,47.8,47.8,47.8,49.2,49.2,49.2,49.2,49.2,49.2,49.2,49.2,49.2,49.2,49.2,49.2,49.2,49.2,49.2,49.2,49.2,49.2,49.2,49.2,49.2,49.2,49.2,49.2,49.2,49.2,49.2,49.2,49.2,49.2,49.2,49.2,49.2,49.2,49.2,49.2,49.2,49.2,49.2,49.2,49.2,49.2,49.2,49.2,49.2,49.2,49.2,49.2,49.2,49.2,49.2,49.2,51.0,51.0,51.0,51.0,51.0,51.0,51.0,51.0,51.0,51.0,51.0,51.0,51.0,51.0,51.0,51.0,51.0,51.0,51.0,51.0,51.0,51.0,51.0,51.0,51.0,51.0,51.0,51.0,51.0,51.0,51.0,51.0,51.0,48.6,48.6,48.6,48.6,48.6,48.6,48.6,48.6,48.6,48.6,48.6,48.6,52.6,52.6,52.6,52.6,52.6,52.6,52.6,52.6,52.6,52.6,52.6,52.6,52.6,52.6,52.6,52.6,52.6,52.6,52.6,52.6,52.6,,54.7,54.7,54.7,54.7,54.9,54.9,54.9,54.9,54.9,54.9,54.9,54.9,54.9,54.9,54.9,54.9,54.9,54.9,54.9,54.9,54.9,54.9,54.9,54.9,54.9,54.9,54.9,54.9,54.9,54.9,54.9,54.9,54.9,54.9,54.9,,56.8,56.8,56.8,56.8,56.8,56.8,56.8,56.8,56.8,56.8,56.8,56.8,56.8,56.8,56.8,56.8,56.8,56.8,56.8,56.8,56.8,56.8,56.8,56.8,56.8,56.8,56.8,56.8,56.8,56.8,56.8,56.8,56.8,56.8,56.8,56.8,56.8,56.8,56.8,56.8,56.8,56.8,56.8,56.8,56.8,,55.2,55.2,55.2,55.2,55.2,55.2,55.2,55.2,55.2,55.2,55.2,55.2,55.2,55.2,55.2,55.2,55.2,55.2,55.2,55.2,55.2,55.2,55.2,55.2,55.2,55.2,55.2,55.2,55.2,55.2,55.2,55.2,59.4,59.4,59.4,59.4,59.4,59.4,59.4,59.4,59.4,59.4,59.4,59.4,59.4,59.4,59.4,59.4,59.4,59.4,59.4,59.4,59.4,59.4,59.4,59.4,59.4,59.4,59.4,59.4,59.4,59.4,59.4,59.4,59.4,59.4,59.4,59.395,59.395,59.395,59.395,59.395,59.395,61.667,61.667,61.667,61.667,61.667,61.667,61.667,61.667,61.667,61.667,61.667,61.667,61.667,61.667,61.667,61.667,61.667,61.667,61.667,61.667,61.667,61.667,61.667,61.667,61.667,61.667,61.667,61.667,61.667,61.667,61.667,61.667,61.667,61.667,61.667,61.667,61.667,61.667,61.667,61.667,61.667,61.667,61.667,61.667,61.667,61.667,61.667,61.667,61.667,61.667,61.667,61.667,61.667,61.667,61.667,61.667,61.667,61.667,61.667,61.667
1968-04-01,50.7,50.7,50.7,50.7,50.7,50.7,50.7,50.7,50.7,50.7,50.7,50.7,50.7,50.7,50.7,50.7,50.7,50.7,50.7,50.7,50.7,50.7,50.7,50.7,50.7,50.7,50.7,50.7,50.7,50.7,50.7,50.7,50.7,50.7,50.7,50.7,50.7,50.7,50.7,50.7,50.7,50.7,52.1,52.1,52.1,52.1,52.1,52.1,52.1,52.1,52.1,52.1,52.1,52.1,52.1,52.1,52.1,52.1,52.1,52.1,52.1,52.1,52.1,52.1,52.1,52.1,52.1,52.1,52.1,52.1,52.1,52.1,52.1,52.1,52.1,52.1,52.1,52.1,52.1,52.1,52.1,52.1,52.1,52.1,52.1,52.1,52.1,52.1,52.1,52.1,52.1,52.1,52.1,52.1,53.8,53.8,53.8,53.8,53.8,53.8,53.8,53.8,53.8,53.8,53.8,53.8,53.8,53.8,53.8,53.8,53.8,53.8,53.8,53.8,53.8,53.8,53.8,53.8,53.8,53.8,53.8,53.8,53.8,53.8,53.8,53.8,53.8,51.5,51.5,51.5,51.5,51.5,51.5,51.5,51.5,51.5,51.5,51.5,51.5,55.5,55.5,55.5,55.5,55.5,55.5,55.5,55.5,55.5,55.5,55.5,55.5,55.5,55.5,55.5,55.5,55.5,55.5,55.5,55.5,55.5,,57.6,57.6,57.6,57.6,57.8,57.8,57.8,57.8,57.8,57.8,57.8,57.8,57.8,57.8,57.8,57.8,57.8,57.8,57.8,57.8,57.8,57.8,57.8,57.8,57.8,57.8,57.8,57.8,57.8,57.8,57.8,57.8,57.8,57.8,57.8,,59.9,59.9,59.9,59.9,59.9,59.9,59.9,59.9,59.9,59.9,59.9,59.9,59.9,59.9,59.9,59.9,59.9,59.9,59.9,59.9,59.9,59.9,59.9,59.9,59.9,59.9,59.9,59.9,59.9,59.9,59.9,59.9,59.9,59.9,59.9,59.9,59.9,59.9,59.9,59.9,59.9,59.9,59.9,59.9,59.9,,58.2,58.2,58.2,58.2,58.2,58.2,58.2,58.2,58.2,58.2,58.2,58.2,58.2,58.2,58.2,58.2,58.2,58.2,58.2,58.2,58.2,58.2,58.2,58.2,58.2,58.2,58.2,58.2,58.2,58.2,58.2,58.2,62.6,62.6,62.6,62.6,62.6,62.6,62.6,62.6,62.6,62.6,62.6,62.6,62.6,62.6,62.6,62.6,62.6,62.6,62.6,62.6,62.6,62.6,62.6,62.6,62.6,62.6,62.6,62.6,62.6,62.6,62.6,62.6,62.6,62.6,62.6,62.617,62.617,62.617,62.617,62.617,62.617,65.05,65.05,65.05,65.05,65.05,65.05,65.05,65.05,65.05,65.05,65.05,65.05,65.05,65.05,65.05,65.05,65.05,65.05,65.05,65.05,65.05,65.05,65.05,65.05,65.05,65.05,65.05,65.05,65.05,65.05,65.05,65.05,65.05,65.05,65.05,65.05,65.05,65.05,65.05,65.05,65.05,65.05,65.05,65.05,65.05,65.05,65.05,65.05,65.05,65.05,65.05,65.05,65.05,65.05,65.05,65.05,65.05,65.05,65.05,65.05
1968-07-01,50.8,50.8,50.8,50.8,50.8,50.8,50.8,50.8,50.8,50.8,50.8,50.8,50.8,50.8,50.8,50.8,50.8,50.8,50.8,50.8,50.8,50.8,50.8,50.8,50.8,50.8,50.8,50.8,50.8,50.8,50.8,50.8,50.8,50.8,50.8,50.8,50.8,50.8,50.8,50.8,50.8,50.8,52.1,52.1,52.1,52.1,52.1,52.1,52.1,52.1,52.1,52.1,52.1,52.1,52.1,52.1,52.1,52.1,52.1,52.1,52.1,52.1,52.1,52.1,52.1,52.1,52.1,52.1,52.1,52.1,52.1,52.1,52.1,52.1,52.1,52.1,52.1,52.1,52.1,52.1,52.1,52.1,52.1,52.1,52.1,52.1,52.1,52.1,52.1,52.1,52.1,52.1,52.1,52.1,53.8,53.8,53.8,53.8,53.8,53.8,53.8,53.8,53.8,53.8,53.8,53.8,53.8,53.8,53.8,53.8,53.8,53.8,53.8,53.8,53.8,53.8,53.8,53.8,53.8,53.8,53.8,53.8,53.8,53.8,53.8,53.8,53.8,51.7,51.7,51.7,51.7,51.7,51.7,51.7,51.7,51.7,51.7,51.7,51.7,55.5,55.5,55.5,55.5,55.5,55.5,55.5,55.5,55.5,55.5,55.5,55.5,55.5,55.5,55.5,55.5,55.5,55.5,55.5,55.5,55.5,,57.6,57.6,57.6,57.6,57.8,57.8,57.8,57.8,57.8,57.8,57.8,57.8,57.8,57.8,57.8,57.8,57.8,57.8,57.8,57.8,57.8,57.8,57.8,57.8,57.8,57.8,57.8,57.8,57.8,57.8,57.8,57.8,57.8,57.8,57.8,,59.9,59.9,59.9,59.9,59.9,59.9,59.9,59.9,59.9,59.9,59.9,59.9,59.9,59.9,59.9,59.9,59.9,59.9,59.9,59.9,59.9,59.9,59.9,59.9,59.9,59.9,59.9,59.9,59.9,59.9,59.9,59.9,59.9,59.9,59.9,59.9,59.9,59.9,59.9,59.9,59.9,59.9,59.9,59.9,59.9,,58.3,58.3,58.3,58.3,58.3,58.3,58.3,58.3,58.3,58.3,58.3,58.3,58.3,58.3,58.3,58.3,58.3,58.3,58.3,58.3,58.3,58.3,58.3,58.3,58.3,58.3,58.3,58.3,58.3,58.3,58.3,58.3,63.0,63.0,63.0,63.0,63.0,63.0,63.0,63.0,63.0,63.0,63.0,63.0,63.0,63.0,63.0,63.0,63.0,63.0,63.0,63.0,63.0,63.0,63.0,63.0,63.0,63.0,63.0,63.0,63.0,63.0,63.0,63.0,63.0,63.0,63.0,62.978,62.978,62.978,62.978,62.978,62.978,65.527,65.527,65.527,65.527,65.527,65.527,65.527,65.527,65.527,65.527,65.527,65.527,65.527,65.527,65.527,65.527,65.527,65.527,65.527,65.527,65.527,65.527,65.527,65.527,65.527,65.527,65.527,65.527,65.527,65.527,65.527,65.527,65.527,65.527,65.527,65.527,65.527,65.527,65.527,65.527,65.527,65.527,65.527,65.527,65.527,65.527,65.527,65.527,65.527,65.527,65.527,65.527,65.527,65.527,65.527,65.527,65.527,65.527,65.527,65.527
1968-10-01,50.6,50.6,50.6,50.6,50.6,50.6,50.6,50.6,50.6,50.6,50.6,50.6,50.6,50.6,50.6,50.6,50.6,50.6,50.6,50.6,50.6,50.6,50.6,50.6,50.6,50.6,50.6,50.6,50.6,50.6,50.6,50.6,50.6,50.6,50.6,50.6,50.6,50.6,50.6,50.6,50.6,50.6,52.2,52.2,52.2,52.2,52.2,52.2,52.2,52.2,52.2,52.2,52.2,52.2,52.2,52.2,52.2,52.2,52.2,52.2,52.2,52.2,52.2,52.2,52.2,52.2,52.2,52.2,52.2,52.2,52.2,52.2,52.2,52.2,52.2,52.2,52.2,52.2,52.2,52.2,52.2,52.2,52.2,52.2,52.2,52.2,52.2,52.2,52.2,52.2,52.2,52.2,52.2,52.2,54.2,54.2,54.2,54.2,54.2,54.2,54.2,54.2,54.2,54.2,54.2,54.2,54.2,54.2,54.2,54.2,54.2,54.2,54.2,54.2,54.2,54.2,54.2,54.2,54.2,54.2,54.2,54.2,54.2,54.2,54.2,54.2,54.2,52.2,52.2,52.2,52.2,52.2,52.2,52.2,52.2,52.2,52.2,52.2,52.2,55.8,55.8,55.8,55.8,55.8,55.8,55.8,55.8,55.8,55.8,55.8,55.8,55.8,55.8,55.8,55.8,55.8,55.8,55.8,55.8,55.8,,57.9,57.9,57.9,57.9,58.1,58.1,58.1,58.1,58.1,58.1,58.1,58.1,58.1,58.1,58.1,58.1,58.1,58.1,58.1,58.1,58.1,58.1,58.1,58.1,58.1,58.1,58.1,58.1,58.1,58.1,58.1,58.1,58.1,58.1,58.1,,60.1,60.1,60.1,60.1,60.1,60.1,60.1,60.1,60.1,60.1,60.1,60.1,60.1,60.1,60.1,60.1,60.1,60.1,60.1,60.1,60.1,60.1,60.1,60.1,60.1,60.1,60.1,60.1,60.1,60.1,60.1,60.1,60.1,60.1,60.1,60.1,60.1,60.1,60.1,60.1,60.1,60.1,60.1,60.1,60.1,,58.8,58.8,58.8,58.8,58.8,58.8,58.8,58.8,58.8,58.8,58.8,58.8,58.8,58.8,58.8,58.8,58.8,58.8,58.8,58.8,58.8,58.8,58.8,58.8,58.8,58.8,58.8,58.8,58.8,58.8,58.8,58.8,63.5,63.5,63.5,63.5,63.5,63.5,63.5,63.5,63.5,63.5,63.5,63.5,63.5,63.5,63.5,63.5,63.5,63.5,63.5,63.5,63.5,63.5,63.5,63.5,63.5,63.5,63.5,63.5,63.5,63.5,63.5,63.5,63.5,63.5,63.5,63.486,63.486,63.486,63.486,63.486,63.486,66.09,66.09,66.09,66.09,66.09,66.09,66.09,66.09,66.09,66.09,66.09,66.09,66.09,66.09,66.09,66.09,66.09,66.09,66.09,66.09,66.09,66.09,66.09,66.09,66.09,66.09,66.09,66.09,66.09,66.09,66.09,66.09,66.09,66.09,66.09,66.09,66.09,66.09,66.09,66.09,66.09,66.09,66.09,66.09,66.09,66.09,66.09,66.09,66.09,66.09,66.09,66.09,66.09,66.09,66.09,66.09,66.09,66.09,66.09,66.09
1969-01-01,49.1,49.1,49.1,49.1,49.1,49.1,49.1,49.1,49.1,49.1,49.1,49.1,49.1,49.1,49.1,49.1,49.1,49.1,49.1,49.1,49.1,49.1,49.1,49.1,49.1,49.1,49.1,49.1,49.1,49.1,49.1,49.1,49.1,49.1,49.1,49.1,49.1,49.1,49.1,49.1,49.1,49.1,50.8,50.8,50.8,50.8,50.8,50.8,50.8,50.8,50.8,50.8,50.8,50.8,50.8,50.8,50.8,50.8,50.8,50.8,50.8,50.8,50.8,50.8,50.8,50.8,50.8,50.8,50.8,50.8,50.8,50.8,50.8,50.8,50.8,50.8,50.8,50.8,50.8,50.8,50.8,50.8,50.8,50.8,50.8,50.8,50.8,50.8,50.8,50.8,50.8,50.8,50.8,50.8,52.9,52.9,52.9,52.9,52.9,52.9,52.9,52.9,52.9,52.9,52.9,52.9,52.9,52.9,52.9,52.9,52.9,52.9,52.9,52.9,52.9,52.9,52.9,52.9,52.9,52.9,52.9,52.9,52.9,52.9,52.9,52.9,52.9,51.0,51.0,51.0,51.0,51.0,51.0,51.0,51.0,51.0,51.0,51.0,51.0,54.5,54.5,54.5,54.5,54.5,54.5,54.5,54.5,54.5,54.5,54.5,54.5,54.5,54.5,54.5,54.5,54.5,54.5,54.5,54.5,54.5,,57.0,57.0,57.0,57.0,57.2,57.2,57.2,57.2,57.2,57.2,57.2,57.2,57.2,57.2,57.2,57.2,57.2,57.2,57.2,57.2,57.2,57.2,57.2,57.2,57.2,57.2,57.2,57.2,57.2,57.2,57.2,57.2,57.2,57.2,57.2,,58.9,58.9,58.9,58.9,58.9,58.9,58.9,58.9,58.9,58.9,58.9,58.9,58.9,58.9,58.9,58.9,58.9,58.9,58.9,58.9,58.9,58.9,58.9,58.9,58.9,58.9,58.9,58.9,58.9,58.9,58.9,58.9,58.9,58.9,58.9,58.9,58.9,58.9,58.9,58.9,58.9,58.9,58.9,58.9,58.9,,57.9,57.9,57.9,57.9,57.9,57.9,57.9,57.9,57.9,57.9,57.9,57.9,57.9,57.9,57.9,57.9,57.9,57.9,57.9,57.9,57.9,57.9,57.9,57.9,57.9,57.9,57.9,57.9,57.9,57.9,57.9,57.9,62.0,62.0,62.0,62.0,62.0,62.0,62.0,62.0,62.0,62.0,62.0,62.0,62.0,62.0,62.0,62.0,62.0,62.0,62.0,62.0,62.0,62.0,62.0,62.0,62.0,62.0,62.0,62.0,62.0,62.0,62.0,62.0,62.0,62.0,62.0,62.016,62.016,62.016,62.016,62.016,62.016,64.775,64.775,64.775,64.775,64.775,64.775,64.775,64.775,64.775,64.775,64.775,64.775,64.775,64.775,64.775,64.775,64.775,64.775,64.775,64.775,64.775,64.775,64.775,64.775,64.775,64.775,64.775,64.775,64.775,64.775,64.775,64.775,64.775,64.775,64.775,64.775,64.775,64.775,64.775,64.775,64.775,64.775,64.775,64.775,64.775,64.775,64.775,64.775,64.775,64.775,64.775,64.775,64.775,64.775,64.775,64.775,64.775,64.775,64.775,64.775
1969-04-01,46.9,46.9,46.9,46.9,46.9,46.9,46.9,46.9,46.9,46.9,46.9,46.9,46.9,46.9,46.9,46.9,46.9,46.9,46.9,46.9,46.9,46.9,46.9,46.9,46.9,46.9,46.9,46.9,46.9,46.9,46.9,46.9,46.9,46.9,46.9,46.9,46.9,46.9,46.9,46.9,46.9,46.9,49.2,49.2,49.2,49.2,49.2,49.2,49.2,49.2,49.2,49.2,49.2,49.2,49.2,49.2,49.2,49.2,49.2,49.2,49.2,49.2,49.2,49.2,49.2,49.2,49.2,49.2,49.2,49.2,49.2,49.2,49.2,49.2,49.2,49.2,49.2,49.2,49.2,49.2,49.2,49.2,49.2,49.2,49.2,49.2,49.2,49.2,49.2,49.2,49.2,49.2,49.2,49.2,51.2,51.2,51.2,51.2,51.2,51.2,51.2,51.2,51.2,51.2,51.2,51.2,51.2,51.2,51.2,51.2,51.2,51.2,51.2,51.2,51.2,51.2,51.2,51.2,51.2,51.2,51.2,51.2,51.2,51.2,51.2,51.2,51.2,49.1,49.1,49.1,49.1,49.1,49.1,49.1,49.1,49.1,49.1,49.1,49.1,52.6,52.6,52.6,52.6,52.6,52.6,52.6,52.6,52.6,52.6,52.6,52.6,52.6,52.6,52.6,52.6,52.6,52.6,52.6,52.6,52.6,,55.1,55.1,55.1,55.1,55.3,55.3,55.3,55.3,55.3,55.3,55.3,55.3,55.3,55.3,55.3,55.3,55.3,55.3,55.3,55.3,55.3,55.3,55.3,55.3,55.3,55.3,55.3,55.3,55.3,55.3,55.3,55.3,55.3,55.3,55.3,,56.8,56.8,56.8,56.8,56.8,56.8,56.8,56.8,56.8,56.8,56.8,56.8,56.8,56.8,56.8,56.8,56.8,56.8,56.8,56.8,56.8,56.8,56.8,56.8,56.8,56.8,56.8,56.8,56.8,56.8,56.8,56.8,56.8,56.8,56.8,56.8,56.8,56.8,56.8,56.8,56.8,56.8,56.8,56.8,56.8,,55.9,55.9,55.9,55.9,55.9,55.9,55.9,55.9,55.9,55.9,55.9,55.9,55.9,55.9,55.9,55.9,55.9,55.9,55.9,55.9,55.9,55.9,55.9,55.9,55.9,55.9,55.9,55.9,55.9,55.9,55.9,55.9,59.9,59.9,59.9,59.9,59.9,59.9,59.9,59.9,59.9,59.9,59.9,59.9,59.9,59.9,59.9,59.9,59.9,59.9,59.9,59.9,59.9,59.9,59.9,59.9,59.9,59.9,59.9,59.9,59.9,59.9,59.9,59.9,59.9,59.9,59.9,59.904,59.904,59.904,59.904,59.904,59.904,62.864,62.864,62.864,62.864,62.864,62.864,62.864,62.864,62.864,62.864,62.864,62.864,62.864,62.864,62.864,62.864,62.864,62.864,62.864,62.864,62.864,62.864,62.864,62.864,62.864,62.864,62.864,62.864,62.864,62.864,62.864,62.864,62.864,62.864,62.864,62.864,62.864,62.864,62.864,62.864,62.864,62.864,62.864,62.864,62.864,62.864,62.864,62.864,62.864,62.864,62.864,62.864,62.864,62.864,62.864,62.864,62.864,62.864,62.864,62.864
1969-07-01,45.7,45.7,45.7,45.7,45.7,45.7,45.7,45.7,45.7,45.7,45.7,45.7,45.7,45.7,45.7,45.7,45.7,45.7,45.7,45.7,45.7,45.7,45.7,45.7,45.7,45.7,45.7,45.7,45.7,45.7,45.7,45.7,45.7,45.7,45.7,45.7,45.7,45.7,45.7,45.7,45.7,45.7,47.9,47.9,47.9,47.9,47.9,47.9,47.9,47.9,47.9,47.9,47.9,47.9,47.9,47.9,47.9,47.9,47.9,47.9,47.9,47.9,47.9,47.9,47.9,47.9,47.9,47.9,47.9,47.9,47.9,47.9,47.9,47.9,47.9,47.9,47.9,47.9,47.9,47.9,47.9,47.9,47.9,47.9,47.9,47.9,47.9,47.9,47.9,47.9,47.9,47.9,47.9,47.9,50.1,50.1,50.1,50.1,50.1,50.1,50.1,50.1,50.1,50.1,50.1,50.1,50.1,50.1,50.1,50.1,50.1,50.1,50.1,50.1,50.1,50.1,50.1,50.1,50.1,50.1,50.1,50.1,50.1,50.1,50.1,50.1,50.1,47.9,47.9,47.9,47.9,47.9,47.9,47.9,47.9,47.9,47.9,47.9,47.9,51.4,51.4,51.4,51.4,51.4,51.4,51.4,51.4,51.4,51.4,51.4,51.4,51.4,51.4,51.4,51.4,51.4,51.4,51.4,51.4,51.4,,53.8,53.8,53.8,53.8,54.1,54.1,54.1,54.1,54.1,54.1,54.1,54.1,54.1,54.1,54.1,54.1,54.1,54.1,54.1,54.1,54.1,54.1,54.1,54.1,54.1,54.1,54.1,54.1,54.1,54.1,54.1,54.1,54.1,54.1,54.1,,55.4,55.4,55.4,55.4,55.4,55.4,55.4,55.4,55.4,55.4,55.4,55.4,55.4,55.4,55.4,55.4,55.4,55.4,55.4,55.4,55.4,55.4,55.4,55.4,55.4,55.4,55.4,55.4,55.4,55.4,55.4,55.4,55.4,55.4,55.4,55.4,55.4,55.4,55.4,55.4,55.4,55.4,55.4,55.4,55.4,,54.5,54.5,54.5,54.5,54.5,54.5,54.5,54.5,54.5,54.5,54.5,54.5,54.5,54.5,54.5,54.5,54.5,54.5,54.5,54.5,54.5,54.5,54.5,54.5,54.5,54.5,54.5,54.5,54.5,54.5,54.5,54.5,58.3,58.3,58.3,58.3,58.3,58.3,58.3,58.3,58.3,58.3,58.3,58.3,58.3,58.3,58.3,58.3,58.3,58.3,58.3,58.3,58.3,58.3,58.3,58.3,58.3,58.3,58.3,58.3,58.3,58.3,58.3,58.3,58.3,58.3,58.3,58.278,58.278,58.278,58.278,58.278,58.278,61.35,61.35,61.35,61.35,61.35,61.35,61.35,61.35,61.35,61.35,61.35,61.35,61.35,61.35,61.35,61.35,61.35,61.35,61.35,61.35,61.35,61.35,61.35,61.35,61.35,61.35,61.35,61.35,61.35,61.35,61.35,61.35,61.35,61.35,61.35,61.35,61.35,61.35,61.35,61.35,61.35,61.35,61.35,61.35,61.35,61.35,61.35,61.35,61.35,61.35,61.35,61.35,61.35,61.35,61.35,61.35,61.35,61.35,61.35,61.35
1969-10-01,40.7,40.7,40.7,40.7,40.7,40.7,40.7,40.7,40.7,40.7,40.7,40.7,40.7,40.7,40.7,40.7,40.7,40.7,40.7,40.7,40.7,40.7,40.7,40.7,40.7,40.7,40.7,40.7,40.7,40.7,40.7,40.7,40.7,40.7,40.7,40.7,40.7,40.7,40.7,40.7,40.7,40.7,43.1,43.1,43.1,43.1,43.1,43.1,43.1,43.1,43.1,43.1,43.1,43.1,43.1,43.1,43.1,43.1,43.1,43.1,43.1,43.1,43.1,43.1,43.1,43.1,43.1,43.1,43.1,43.1,43.1,43.1,43.1,43.1,43.1,43.1,43.1,43.1,43.1,43.1,43.1,43.1,43.1,43.1,43.1,43.1,43.1,43.1,43.1,43.1,43.1,43.1,43.1,43.1,45.5,45.5,45.5,45.5,45.5,45.5,45.5,45.5,45.5,45.5,45.5,45.5,45.5,45.5,45.5,45.5,45.5,45.5,45.5,45.5,45.5,45.5,45.5,45.5,45.5,45.5,45.5,45.5,45.5,45.5,45.5,45.5,45.5,43.5,43.5,43.5,43.5,43.5,43.5,43.5,43.5,43.5,43.5,43.5,43.5,46.7,46.7,46.7,46.7,46.7,46.7,46.7,46.7,46.7,46.7,46.7,46.7,46.7,46.7,46.7,46.7,46.7,46.7,46.7,46.7,46.7,,49.2,49.2,49.2,49.2,49.5,49.5,49.5,49.5,49.5,49.5,49.5,49.5,49.5,49.5,49.5,49.5,49.5,49.5,49.5,49.5,49.5,49.5,49.5,49.5,49.5,49.5,49.5,49.5,49.5,49.5,49.5,49.5,49.5,49.5,49.5,,50.6,50.6,50.6,50.6,50.6,50.6,50.6,50.6,50.6,50.6,50.6,50.6,50.6,50.6,50.6,50.6,50.6,50.6,50.6,50.6,50.6,50.6,50.6,50.6,50.6,50.6,50.6,50.6,50.6,50.6,50.6,50.6,50.6,50.6,50.6,50.6,50.6,50.6,50.6,50.6,50.6,50.6,50.6,50.6,50.6,,49.7,49.7,49.7,49.7,49.7,49.7,49.7,49.7,49.7,49.7,49.7,49.7,49.7,49.7,49.7,49.7,49.7,49.7,49.7,49.7,49.7,49.7,49.7,49.7,49.7,49.7,49.7,49.7,49.7,49.7,49.7,49.7,53.6,53.6,53.6,53.6,53.6,53.6,53.6,53.6,53.6,53.6,53.6,53.6,53.6,53.6,53.6,53.6,53.6,53.6,53.6,53.6,53.6,53.6,53.6,53.6,53.6,53.6,53.6,53.6,53.6,53.6,53.6,53.6,53.6,53.6,53.6,53.56,53.56,53.56,53.56,53.56,53.56,56.844,56.844,56.844,56.844,56.844,56.844,56.844,56.844,56.844,56.844,56.844,56.844,56.844,56.844,56.844,56.844,56.844,56.844,56.844,56.844,56.844,56.844,56.844,56.844,56.844,56.844,56.844,56.844,56.844,56.844,56.844,56.844,56.844,56.844,56.844,56.844,56.844,56.844,56.844,56.844,56.844,56.844,56.844,56.844,56.844,56.844,56.844,56.844,56.844,56.844,56.844,56.844,56.844,56.844,56.844,56.844,56.844,56.844,56.844,56.844
1970-01-01,37.0,37.0,37.0,37.0,37.0,37.0,37.0,37.0,37.0,37.0,37.0,37.0,37.0,37.0,37.0,37.0,37.0,37.0,37.0,37.0,37.0,37.0,37.0,37.0,37.0,37.0,37.0,37.0,37.0,37.0,37.0,37.0,37.0,37.0,37.0,37.0,37.0,37.0,37.0,37.0,37.0,37.0,39.3,39.3,39.3,39.3,39.3,39.3,39.3,39.3,39.3,39.3,39.3,39.3,39.3,39.3,39.3,39.3,39.3,39.3,39.3,39.3,39.3,39.3,39.3,39.3,39.3,39.3,39.3,39.3,39.3,39.3,39.3,39.3,39.3,39.3,39.3,39.3,39.3,39.3,39.3,39.3,39.3,39.3,39.3,39.3,39.3,39.3,39.3,39.3,39.3,39.3,39.3,39.3,42.1,42.1,42.1,42.1,42.1,42.1,42.1,42.1,42.1,42.1,42.1,42.1,42.1,42.1,42.1,42.1,42.1,42.1,42.1,42.1,42.1,42.1,42.1,42.1,42.1,42.1,42.1,42.1,42.1,42.1,42.1,42.1,42.1,40.2,40.2,40.2,40.2,40.2,40.2,40.2,40.2,40.2,40.2,40.2,40.2,43.3,43.3,43.3,43.3,43.3,43.3,43.3,43.3,43.3,43.3,43.3,43.3,43.3,43.3,43.3,43.3,43.3,43.3,43.3,43.3,43.3,,45.9,45.9,45.9,45.9,46.2,46.2,46.2,46.2,46.2,46.2,46.2,46.2,46.2,46.2,46.2,46.2,46.2,46.2,46.2,46.2,46.2,46.2,46.2,46.2,46.2,46.2,46.2,46.2,46.2,46.2,46.2,46.2,46.2,46.2,46.2,,47.5,47.5,47.5,47.5,47.5,47.5,47.5,47.5,47.5,47.5,47.5,47.5,47.5,47.5,47.5,47.5,47.5,47.5,47.5,47.5,47.5,47.5,47.5,47.5,47.5,47.5,47.5,47.5,47.5,47.5,47.5,47.5,47.5,47.5,47.5,47.5,47.5,47.5,47.5,47.5,47.5,47.5,47.5,47.5,47.5,,46.1,46.1,46.1,46.1,46.1,46.1,46.1,46.1,46.1,46.1,46.1,46.1,46.1,46.1,46.1,46.1,46.1,46.1,46.1,46.1,46.1,46.1,46.1,46.1,46.1,46.1,46.1,46.1,46.1,46.1,46.1,46.1,50.2,50.2,50.2,50.2,50.2,50.2,50.2,50.2,50.2,50.2,50.2,50.2,50.2,50.2,50.2,50.2,50.2,50.2,50.2,50.2,50.2,50.2,50.2,50.2,50.2,50.2,50.2,50.2,50.2,50.2,50.2,50.2,50.2,50.2,50.2,50.195,50.195,50.195,50.195,50.195,50.195,53.587,53.587,53.587,53.587,53.587,53.587,53.587,53.587,53.587,53.587,53.587,53.587,53.587,53.587,53.587,53.587,53.587,53.587,53.587,53.587,53.587,53.587,53.587,53.587,53.587,53.587,53.587,53.587,53.587,53.587,53.587,53.587,53.587,53.587,53.587,53.587,53.587,53.587,53.587,53.587,53.587,53.587,53.587,53.587,53.587,53.587,53.587,53.587,53.587,53.587,53.587,53.587,53.587,53.587,53.587,53.587,53.587,53.587,53.587,53.587
1970-04-01,39.2,39.2,39.2,39.2,39.2,39.2,39.2,39.2,39.2,39.2,39.2,39.2,39.2,39.2,39.2,39.2,39.2,39.2,39.2,39.2,39.2,39.2,39.2,39.2,39.2,39.2,39.2,39.2,39.2,39.2,39.2,39.2,39.2,39.2,39.2,39.2,39.2,39.2,39.2,39.2,39.2,39.2,42.7,42.7,42.7,42.7,42.7,42.7,42.7,42.7,42.7,42.7,42.7,42.7,42.7,42.7,42.7,42.7,42.7,42.7,42.7,42.7,42.7,42.7,42.7,42.7,42.7,42.7,42.7,42.7,42.7,42.7,42.7,42.7,42.7,42.7,42.7,42.7,42.7,42.7,42.7,42.7,42.7,42.7,42.7,42.7,42.7,42.7,42.7,42.7,42.7,42.7,42.7,42.7,45.5,45.5,45.5,45.5,45.5,45.5,45.5,45.5,45.5,45.5,45.5,45.5,45.5,45.5,45.5,45.5,45.5,45.5,45.5,45.5,45.5,45.5,45.5,45.5,45.5,45.5,45.5,45.5,45.5,45.5,45.5,45.5,45.5,43.8,43.8,43.8,43.8,43.8,43.8,43.8,43.8,43.8,43.8,43.8,43.8,46.7,46.7,46.7,46.7,46.7,46.7,46.7,46.7,46.7,46.7,46.7,46.7,46.7,46.7,46.7,46.7,46.7,46.7,46.7,46.7,46.7,,49.3,49.3,49.3,49.3,49.6,49.6,49.6,49.6,49.6,49.6,49.6,49.6,49.6,49.6,49.6,49.6,49.6,49.6,49.6,49.6,49.6,49.6,49.6,49.6,49.6,49.6,49.6,49.6,49.6,49.6,49.6,49.6,49.6,49.6,49.6,,51.1,51.1,51.1,51.1,51.1,51.1,51.1,51.1,51.1,51.1,51.1,51.1,51.1,51.1,51.1,51.1,51.1,51.1,51.1,51.1,51.1,51.1,51.1,51.1,51.1,51.1,51.1,51.1,51.1,51.1,51.1,51.1,51.1,51.1,51.1,51.1,51.1,51.1,51.1,51.1,51.1,51.1,51.1,51.1,51.1,,49.8,49.8,49.8,49.8,49.8,49.8,49.8,49.8,49.8,49.8,49.8,49.8,49.8,49.8,49.8,49.8,49.8,49.8,49.8,49.8,49.8,49.8,49.8,49.8,49.8,49.8,49.8,49.8,49.8,49.8,49.8,49.8,53.8,53.8,53.8,53.8,53.8,53.8,53.8,53.8,53.8,53.8,53.8,53.8,53.8,53.8,53.8,53.8,53.8,53.8,53.8,53.8,53.8,53.8,53.8,53.8,53.8,53.8,53.8,53.8,53.8,53.8,53.8,53.8,53.8,53.8,53.8,53.818,53.818,53.818,53.818,53.818,53.818,57.314,57.314,57.314,57.314,57.314,57.314,57.314,57.314,57.314,57.314,57.314,57.314,57.314,57.314,57.314,57.314,57.314,57.314,57.314,57.314,57.314,57.314,57.314,57.314,57.314,57.314,57.314,57.314,57.314,57.314,57.314,57.314,57.314,57.314,57.314,57.314,57.314,57.314,57.314,57.314,57.314,57.314,57.314,57.314,57.314,57.314,57.314,57.314,57.314,57.314,57.314,57.314,57.314,57.314,57.314,57.314,57.314,57.314,57.314,57.314
1970-07-01,37.8,37.8,37.8,37.8,37.8,37.8,37.8,37.8,37.8,37.8,37.8,37.8,37.8,37.8,37.8,37.8,37.8,37.8,37.8,37.8,37.8,37.8,37.8,37.8,37.8,37.8,37.8,37.8,37.8,37.8,37.8,37.8,37.8,37.8,37.8,37.8,37.8,37.8,37.8,37.8,37.8,37.8,41.2,41.2,41.2,41.2,41.2,41.2,41.2,41.2,41.2,41.2,41.2,41.2,41.2,41.2,41.2,41.2,41.2,41.2,41.2,41.2,41.2,41.2,41.2,41.2,41.2,41.2,41.2,41.2,41.2,41.2,41.2,41.2,41.2,41.2,41.2,41.2,41.2,41.2,41.2,41.2,41.2,41.2,41.2,41.2,41.2,41.2,41.2,41.2,41.2,41.2,41.2,41.2,44.1,44.1,44.1,44.1,44.1,44.1,44.1,44.1,44.1,44.1,44.1,44.1,44.1,44.1,44.1,44.1,44.1,44.1,44.1,44.1,44.1,44.1,44.1,44.1,44.1,44.1,44.1,44.1,44.1,44.1,44.1,44.1,44.1,42.5,42.5,42.5,42.5,42.5,42.5,42.5,42.5,42.5,42.5,42.5,42.5,45.4,45.4,45.4,45.4,45.4,45.4,45.4,45.4,45.4,45.4,45.4,45.4,45.4,45.4,45.4,45.4,45.4,45.4,45.4,45.4,45.4,,48.1,48.1,48.1,48.1,48.4,48.4,48.4,48.4,48.4,48.4,48.4,48.4,48.4,48.4,48.4,48.4,48.4,48.4,48.4,48.4,48.4,48.4,48.4,48.4,48.4,48.4,48.4,48.4,48.4,48.4,48.4,48.4,48.4,48.4,48.4,,50.1,50.1,50.1,50.1,50.1,50.1,50.1,50.1,50.1,50.1,50.1,50.1,50.1,50.1,50.1,50.1,50.1,50.1,50.1,50.1,50.1,50.1,50.1,50.1,50.1,50.1,50.1,50.1,50.1,50.1,50.1,50.1,50.1,50.1,50.1,50.1,50.1,50.1,50.1,50.1,50.1,50.1,50.1,50.1,50.1,,48.9,48.9,48.9,48.9,48.9,48.9,48.9,48.9,48.9,48.9,48.9,48.9,48.9,48.9,48.9,48.9,48.9,48.9,48.9,48.9,48.9,48.9,48.9,48.9,48.9,48.9,48.9,48.9,48.9,48.9,48.9,48.9,52.7,52.7,52.7,52.7,52.7,52.7,52.7,52.7,52.7,52.7,52.7,52.7,52.7,52.7,52.7,52.7,52.7,52.7,52.7,52.7,52.7,52.7,52.7,52.7,52.7,52.7,52.7,52.7,52.7,52.7,52.7,52.7,52.7,52.7,52.7,52.659,52.659,52.659,52.659,52.659,52.659,56.24,56.24,56.24,56.24,56.24,56.24,56.24,56.24,56.24,56.24,56.24,56.24,56.24,56.24,56.24,56.24,56.24,56.24,56.24,56.24,56.24,56.24,56.24,56.24,56.24,56.24,56.24,56.24,56.24,56.24,56.24,56.24,56.24,56.24,56.24,56.24,56.24,56.24,56.24,56.24,56.24,56.24,56.24,56.24,56.24,56.24,56.24,56.24,56.24,56.24,56.24,56.24,56.24,56.24,56.24,56.24,56.24,56.24,56.24,56.24
1970-10-01,34.9,34.9,34.9,34.9,34.9,34.9,34.9,34.9,34.9,34.9,34.9,34.9,34.9,34.9,34.9,34.9,34.9,34.9,34.9,34.9,34.9,34.9,34.9,34.9,34.9,34.9,34.9,34.9,34.9,34.9,34.9,34.9,34.9,34.9,34.9,34.9,34.9,34.9,34.9,34.9,34.9,34.9,38.2,38.2,38.2,38.2,38.2,38.2,38.2,38.2,38.2,38.2,38.2,38.2,38.2,38.2,38.2,38.2,38.2,38.2,38.2,38.2,38.2,38.2,38.2,38.2,38.2,38.2,38.2,38.2,38.2,38.2,38.2,38.2,38.2,38.2,38.2,38.2,38.2,38.2,38.2,38.2,38.2,38.2,38.2,38.2,38.2,38.2,38.2,38.2,38.2,38.2,38.2,38.2,40.8,40.8,40.8,40.8,40.8,40.8,40.8,40.8,40.8,40.8,40.8,40.8,40.8,40.8,40.8,40.8,40.8,40.8,40.8,40.8,40.8,40.8,40.8,40.8,40.8,40.8,40.8,40.8,40.8,40.8,40.8,40.8,40.8,38.9,38.9,38.9,38.9,38.9,38.9,38.9,38.9,38.9,38.9,38.9,38.9,42.0,42.0,42.0,42.0,42.0,42.0,42.0,42.0,42.0,42.0,42.0,42.0,42.0,42.0,42.0,42.0,42.0,42.0,42.0,42.0,42.0,,44.6,44.6,44.6,44.6,44.9,44.9,44.9,44.9,44.9,44.9,44.9,44.9,44.9,44.9,44.9,44.9,44.9,44.9,44.9,44.9,44.9,44.9,44.9,44.9,44.9,44.9,44.9,44.9,44.9,44.9,44.9,44.9,44.9,44.9,44.9,,46.7,46.7,46.7,46.7,46.7,46.7,46.7,46.7,46.7,46.7,46.7,46.7,46.7,46.7,46.7,46.7,46.7,46.7,46.7,46.7,46.7,46.7,46.7,46.7,46.7,46.7,46.7,46.7,46.7,46.7,46.7,46.7,46.7,46.7,46.7,46.7,46.7,46.7,46.7,46.7,46.7,46.7,46.7,46.7,46.7,,46.2,46.2,46.2,46.2,46.2,46.2,46.2,46.2,46.2,46.2,46.2,46.2,46.2,46.2,46.2,46.2,46.2,46.2,46.2,46.2,46.2,46.2,46.2,46.2,46.2,46.2,46.2,46.2,46.2,46.2,46.2,46.2,49.3,49.3,49.3,49.3,49.3,49.3,49.3,49.3,49.3,49.3,49.3,49.3,49.3,49.3,49.3,49.3,49.3,49.3,49.3,49.3,49.3,49.3,49.3,49.3,49.3,49.3,49.3,49.3,49.3,49.3,49.3,49.3,49.3,49.3,49.3,49.274,49.274,49.274,49.274,49.274,49.274,52.782,52.782,52.782,52.782,52.782,52.782,52.782,52.782,52.782,52.782,52.782,52.782,52.782,52.782,52.782,52.782,52.782,52.782,52.782,52.782,52.782,52.782,52.782,52.782,52.782,52.782,52.782,52.782,52.782,52.782,52.782,52.782,52.782,52.782,52.782,52.782,52.782,52.782,52.782,52.782,52.782,52.782,52.782,52.782,52.782,52.782,52.782,52.782,52.782,52.782,52.782,52.782,52.782,52.782,52.782,52.782,52.782,52.782,52.782,52.782
1971-01-01,43.4,43.4,43.4,43.4,43.4,43.4,43.4,43.4,43.4,43.4,43.4,43.4,43.4,43.4,43.4,43.4,43.4,43.4,43.4,43.4,43.4,43.4,43.4,43.4,43.4,43.4,43.4,43.4,43.4,43.4,43.4,43.4,43.4,43.4,43.4,43.4,43.4,43.4,43.4,43.4,43.4,43.4,46.8,46.8,46.8,46.8,46.8,46.8,46.8,46.8,46.8,46.8,46.8,46.8,46.8,46.8,46.8,46.8,46.8,46.8,46.8,46.8,46.8,46.8,46.8,46.8,46.8,46.8,46.8,46.8,46.8,46.8,46.8,46.8,46.8,46.8,46.8,46.8,46.8,46.8,46.8,46.8,46.8,46.8,46.8,46.8,46.8,46.8,46.8,46.8,46.8,46.8,46.8,46.8,49.9,49.9,49.9,49.9,49.9,49.9,49.9,49.9,49.9,49.9,49.9,49.9,49.9,49.9,49.9,49.9,49.9,49.9,49.9,49.9,49.9,49.9,49.9,49.9,49.9,49.9,49.9,49.9,49.9,49.9,49.9,49.9,49.9,48.2,48.2,48.2,48.2,48.2,48.2,48.2,48.2,48.2,48.2,48.2,48.2,51.2,51.2,51.2,51.2,51.2,51.2,51.2,51.2,51.2,51.2,51.2,51.2,51.2,51.2,51.2,51.2,51.2,51.2,51.2,51.2,51.2,,54.0,54.0,54.0,54.0,54.4,54.4,54.4,54.4,54.4,54.4,54.4,54.4,54.4,54.4,54.4,54.4,54.4,54.4,54.4,54.4,54.4,54.4,54.4,54.4,54.4,54.4,54.4,54.4,54.4,54.4,54.4,54.4,54.4,54.4,54.4,,56.6,56.6,56.6,56.6,56.6,56.6,56.6,56.6,56.6,56.6,56.6,56.6,56.6,56.6,56.6,56.6,56.6,56.6,56.6,56.6,56.6,56.6,56.6,56.6,56.6,56.6,56.6,56.6,56.6,56.6,56.6,56.6,56.6,56.6,56.6,56.6,56.6,56.6,56.6,56.6,56.6,56.6,56.6,56.6,56.6,,54.9,54.9,54.9,54.9,54.9,54.9,54.9,54.9,54.9,54.9,54.9,54.9,54.9,54.9,54.9,54.9,54.9,54.9,54.9,54.9,54.9,54.9,54.9,54.9,54.9,54.9,54.9,54.9,54.9,54.9,54.9,54.9,58.8,58.8,58.8,58.8,58.8,58.8,58.8,58.8,58.8,58.8,58.8,58.8,58.8,58.8,58.8,58.8,58.8,58.8,58.8,58.8,58.8,58.8,58.8,58.8,58.8,58.8,58.8,58.8,58.8,58.8,58.8,58.8,58.8,58.8,58.8,58.798,58.798,58.798,58.798,58.798,58.798,62.238,62.238,62.238,62.238,62.238,62.238,62.238,62.238,62.238,62.238,62.238,62.238,62.238,62.238,62.238,62.238,62.238,62.238,62.238,62.238,62.238,62.238,62.238,62.238,62.238,62.238,62.238,62.238,62.238,62.238,62.238,62.238,62.238,62.238,62.238,62.238,62.238,62.238,62.238,62.238,62.238,62.238,62.238,62.238,62.238,62.238,62.238,62.238,62.238,62.238,62.238,62.238,62.238,62.238,62.238,62.238,62.238,62.238,62.238,62.238
1971-04-01,43.6,43.6,43.6,43.6,43.6,43.6,43.6,43.6,43.6,43.6,43.6,43.6,43.6,43.6,43.6,43.6,43.6,43.6,43.6,43.6,43.6,43.6,43.6,43.6,43.6,43.6,43.6,43.6,43.6,43.6,43.6,43.6,43.6,43.6,43.6,43.6,43.6,43.6,43.6,43.6,43.6,43.6,47.5,47.5,47.5,47.5,47.5,47.5,47.5,47.5,47.5,47.5,47.5,47.5,47.5,47.5,47.5,47.5,47.5,47.5,47.5,47.5,47.5,47.5,47.5,47.5,47.5,47.5,47.5,47.5,47.5,47.5,47.5,47.5,47.5,47.5,47.5,47.5,47.5,47.5,47.5,47.5,47.5,47.5,47.5,47.5,47.5,47.5,47.5,47.5,47.5,47.5,47.5,47.5,51.0,51.0,51.0,51.0,51.0,51.0,51.0,51.0,51.0,51.0,51.0,51.0,51.0,51.0,51.0,51.0,51.0,51.0,51.0,51.0,51.0,51.0,51.0,51.0,51.0,51.0,51.0,51.0,51.0,51.0,51.0,51.0,51.0,49.6,49.6,49.6,49.6,49.6,49.6,49.6,49.6,49.6,49.6,49.6,49.6,52.5,52.5,52.5,52.5,52.5,52.5,52.5,52.5,52.5,52.5,52.5,52.5,52.5,52.5,52.5,52.5,52.5,52.5,52.5,52.5,52.5,,55.2,55.2,55.2,55.2,55.6,55.6,55.6,55.6,55.6,55.6,55.6,55.6,55.6,55.6,55.6,55.6,55.6,55.6,55.6,55.6,55.6,55.6,55.6,55.6,55.6,55.6,55.6,55.6,55.6,55.6,55.6,55.6,55.6,55.6,55.6,,58.1,58.1,58.1,58.1,58.1,58.1,58.1,58.1,58.1,58.1,58.1,58.1,58.1,58.1,58.1,58.1,58.1,58.1,58.1,58.1,58.1,58.1,58.1,58.1,58.1,58.1,58.1,58.1,58.1,58.1,58.1,58.1,58.1,58.1,58.1,58.1,58.1,58.1,58.1,58.1,58.1,58.1,58.1,58.1,58.1,,56.0,56.0,56.0,56.0,56.0,56.0,56.0,56.0,56.0,56.0,56.0,56.0,56.0,56.0,56.0,56.0,56.0,56.0,56.0,56.0,56.0,56.0,56.0,56.0,56.0,56.0,56.0,56.0,56.0,56.0,56.0,56.0,60.2,60.2,60.2,60.2,60.2,60.2,60.2,60.2,60.2,60.2,60.2,60.2,60.2,60.2,60.2,60.2,60.2,60.2,60.2,60.2,60.2,60.2,60.2,60.2,60.2,60.2,60.2,60.2,60.2,60.2,60.2,60.2,60.2,60.2,60.2,60.17,60.17,60.17,60.17,60.17,60.17,63.423,63.423,63.423,63.423,63.423,63.423,63.423,63.423,63.423,63.423,63.423,63.423,63.423,63.423,63.423,63.423,63.423,63.423,63.423,63.423,63.423,63.423,63.423,63.423,63.423,63.423,63.423,63.423,63.423,63.423,63.423,63.423,63.423,63.423,63.423,63.423,63.423,63.423,63.423,63.423,63.423,63.423,63.423,63.423,63.423,63.423,63.423,63.423,63.423,63.423,63.423,63.423,63.423,63.423,63.423,63.423,63.423,63.423,63.423,63.423
1971-07-01,46.4,46.4,46.4,46.4,46.4,46.4,46.4,46.4,46.4,46.4,46.4,46.4,46.4,46.4,46.4,46.4,46.4,46.4,46.4,46.4,46.4,46.4,46.4,46.4,46.4,46.4,46.4,46.4,46.4,46.4,46.4,46.4,46.4,46.4,46.4,46.4,46.4,46.4,46.4,46.4,46.4,46.4,50.2,50.2,50.2,50.2,50.2,50.2,50.2,50.2,50.2,50.2,50.2,50.2,50.2,50.2,50.2,50.2,50.2,50.2,50.2,50.2,50.2,50.2,50.2,50.2,50.2,50.2,50.2,50.2,50.2,50.2,50.2,50.2,50.2,50.2,50.2,50.2,50.2,50.2,50.2,50.2,50.2,50.2,50.2,50.2,50.2,50.2,50.2,50.2,50.2,50.2,50.2,50.2,53.5,53.5,53.5,53.5,53.5,53.5,53.5,53.5,53.5,53.5,53.5,53.5,53.5,53.5,53.5,53.5,53.5,53.5,53.5,53.5,53.5,53.5,53.5,53.5,53.5,53.5,53.5,53.5,53.5,53.5,53.5,53.5,53.5,52.1,52.1,52.1,52.1,52.1,52.1,52.1,52.1,52.1,52.1,52.1,52.1,55.3,55.3,55.3,55.3,55.3,55.3,55.3,55.3,55.3,55.3,55.3,55.3,55.3,55.3,55.3,55.3,55.3,55.3,55.3,55.3,55.3,,58.0,58.0,58.0,58.0,58.4,58.4,58.4,58.4,58.4,58.4,58.4,58.4,58.4,58.4,58.4,58.4,58.4,58.4,58.4,58.4,58.4,58.4,58.4,58.4,58.4,58.4,58.4,58.4,58.4,58.4,58.4,58.4,58.4,58.4,58.4,,61,61,61,61,61,61,61,61,61,61,61,61,61,61,61,61,61,61,61,61,61,61,61,61,61,61,61,61,61,61,61,61,61,61,61,61,61,61,61,61,61,61,61,61,61,,58.8,58.8,58.8,58.8,58.8,58.8,58.8,58.8,58.8,58.8,58.8,58.8,58.8,58.8,58.8,58.8,58.8,58.8,58.8,58.8,58.8,58.8,58.8,58.8,58.8,58.8,58.8,58.8,58.8,58.8,58.8,58.8,63.5,63.5,63.5,63.5,63.5,63.5,63.5,63.5,63.5,63.5,63.5,63.5,63.5,63.5,63.5,63.5,63.5,63.5,63.5,63.5,63.5,63.5,63.5,63.5,63.5,63.5,63.5,63.5,63.5,63.5,63.5,63.5,63.5,63.5,63.5,63.52,63.52,63.52,63.52,63.52,63.52,66.884,66.884,66.884,66.884,66.884,66.884,66.884,66.884,66.884,66.884,66.884,66.884,66.884,66.884,66.884,66.884,66.884,66.884,66.884,66.884,66.884,66.884,66.884,66.884,66.884,66.884,66.884,66.884,66.884,66.884,66.884,66.884,66.884,66.884,66.884,66.884,66.884,66.884,66.884,66.884,66.884,66.884,66.884,66.884,66.884,66.884,66.884,66.884,66.884,66.884,66.884,66.884,66.884,66.884,66.884,66.884,66.884,66.884,66.884,66.884
1971-10-01,49.4,49.4,49.4,49.4,49.4,49.4,49.4,49.4,49.4,49.4,49.4,49.4,49.4,49.4,49.4,49.4,49.4,49.4,49.4,49.4,49.4,49.4,49.4,49.4,49.4,49.4,49.4,49.4,49.4,49.4,49.4,49.4,49.4,49.4,49.4,49.4,49.4,49.4,49.4,49.4,49.4,49.4,52.8,52.8,52.8,52.8,52.8,52.8,52.8,52.8,52.8,52.8,52.8,52.8,52.8,52.8,52.8,52.8,52.8,52.8,52.8,52.8,52.8,52.8,52.8,52.8,52.8,52.8,52.8,52.8,52.8,52.8,52.8,52.8,52.8,52.8,52.8,52.8,52.8,52.8,52.8,52.8,52.8,52.8,52.8,52.8,52.8,52.8,52.8,52.8,52.8,52.8,52.8,52.8,55.8,55.8,55.8,55.8,55.8,55.8,55.8,55.8,55.8,55.8,55.8,55.8,55.8,55.8,55.8,55.8,55.8,55.8,55.8,55.8,55.8,55.8,55.8,55.8,55.8,55.8,55.8,55.8,55.8,55.8,55.8,55.8,55.8,54.2,54.2,54.2,54.2,54.2,54.2,54.2,54.2,54.2,54.2,54.2,54.2,58.1,58.1,58.1,58.1,58.1,58.1,58.1,58.1,58.1,58.1,58.1,58.1,58.1,58.1,58.1,58.1,58.1,58.1,58.1,58.1,58.1,,60.8,60.8,60.8,60.8,61.2,61.2,61.2,61.2,61.2,61.2,61.2,61.2,61.2,61.2,61.2,61.2,61.2,61.2,61.2,61.2,61.2,61.2,61.2,61.2,61.2,61.2,61.2,61.2,61.2,61.2,61.2,61.2,61.2,61.2,61.2,,63.8,63.8,63.8,63.8,63.8,63.8,63.8,63.8,63.8,63.8,63.8,63.8,63.8,63.8,63.8,63.8,63.8,63.8,63.8,63.8,63.8,63.8,63.8,63.8,63.8,63.8,63.8,63.8,63.8,63.8,63.8,63.8,63.8,63.8,63.8,63.8,63.8,63.8,63.8,63.8,63.8,63.8,63.8,63.8,63.8,,61.9,61.9,61.9,61.9,61.9,61.9,61.9,61.9,61.9,61.9,61.9,61.9,61.9,61.9,61.9,61.9,61.9,61.9,61.9,61.9,61.9,61.9,61.9,61.9,61.9,61.9,61.9,61.9,61.9,61.9,61.9,61.9,67.4,67.4,67.4,67.4,67.4,67.4,67.4,67.4,67.4,67.4,67.4,67.4,67.4,67.4,67.4,67.4,67.4,67.4,67.4,67.4,67.4,67.4,67.4,67.4,67.4,67.4,67.4,67.4,67.4,67.4,67.4,67.4,67.4,67.4,67.4,67.438,67.438,67.438,67.438,67.438,67.438,70.81,70.81,70.81,70.81,70.81,70.81,70.81,70.81,70.81,70.81,70.81,70.81,70.81,70.81,70.81,70.81,70.81,70.81,70.81,70.81,70.81,70.81,70.81,70.81,70.81,70.81,70.81,70.81,70.81,70.81,70.81,70.81,70.81,70.81,70.81,70.81,70.81,70.81,70.81,70.81,70.81,70.81,70.81,70.81,70.81,70.81,70.81,70.81,70.81,70.81,70.81,70.81,70.81,70.81,70.81,70.81,70.81,70.81,70.81,70.81
1972-01-01,53.2,53.2,53.2,53.2,53.2,53.2,53.2,53.2,53.2,53.2,53.2,53.2,53.2,53.2,53.2,53.2,53.2,53.2,53.2,53.2,53.2,53.2,53.2,53.2,53.2,53.2,53.2,53.2,53.2,53.2,53.2,53.2,53.2,53.2,53.2,53.2,53.2,53.2,53.2,53.2,53.2,53.2,56.3,56.3,56.3,56.3,56.3,56.3,56.3,56.3,56.3,56.3,56.3,56.3,56.3,56.3,56.3,56.3,56.3,56.3,56.3,56.3,56.3,56.3,56.3,56.3,56.3,56.3,56.3,56.3,56.3,56.3,56.3,56.3,56.3,56.3,56.3,56.3,56.3,56.3,56.3,56.3,56.3,56.3,56.3,56.3,56.3,56.3,56.3,56.3,56.3,56.3,56.3,56.3,58.7,58.7,58.7,58.7,58.7,58.7,58.7,58.7,58.7,58.7,58.7,58.7,58.7,58.7,58.7,58.7,58.7,58.7,58.7,58.7,58.7,58.7,58.7,58.7,58.7,58.7,58.7,58.7,58.7,58.7,58.7,58.7,58.7,57.2,57.2,57.2,57.2,57.2,57.2,57.2,57.2,57.2,57.2,57.2,57.2,61.5,61.5,61.5,61.5,61.5,61.5,61.5,61.5,61.5,61.5,61.5,61.5,61.5,61.5,61.5,61.5,61.5,61.5,61.5,61.5,61.5,,64.2,64.2,64.2,64.2,64.5,64.5,64.5,64.5,64.5,64.5,64.5,64.5,64.5,64.5,64.5,64.5,64.5,64.5,64.5,64.5,64.5,64.5,64.5,64.5,64.5,64.5,64.5,64.5,64.5,64.5,64.5,64.5,64.5,64.5,64.5,,66.9,66.9,66.9,66.9,66.9,66.9,66.9,66.9,66.9,66.9,66.9,66.9,66.9,66.9,66.9,66.9,66.9,66.9,66.9,66.9,66.9,66.9,66.9,66.9,66.9,66.9,66.9,66.9,66.9,66.9,66.9,66.9,66.9,66.9,66.9,66.9,66.9,66.9,66.9,66.9,66.9,66.9,66.9,66.9,66.9,,65.9,65.9,65.9,65.9,65.9,65.9,65.9,65.9,65.9,65.9,65.9,65.9,65.9,65.9,65.9,65.9,65.9,65.9,65.9,65.9,65.9,65.9,65.9,65.9,65.9,65.9,65.9,65.9,65.9,65.9,65.9,65.9,71.2,71.2,71.2,71.2,71.2,71.2,71.2,71.2,71.2,71.2,71.2,71.2,71.2,71.2,71.2,71.2,71.2,71.2,71.2,71.2,71.2,71.2,71.2,71.2,71.2,71.2,71.2,71.2,71.2,71.2,71.2,71.2,71.2,71.2,71.2,71.15,71.15,71.15,71.15,71.15,71.15,74.377,74.377,74.377,74.377,74.377,74.377,74.377,74.377,74.377,74.377,74.377,74.377,74.377,74.377,74.377,74.377,74.377,74.377,74.377,74.377,74.377,74.377,74.377,74.377,74.377,74.377,74.377,74.377,74.377,74.377,74.377,74.377,74.377,74.377,74.377,74.377,74.377,74.377,74.377,74.377,74.377,74.377,74.377,74.377,74.377,74.377,74.377,74.377,74.377,74.377,74.377,74.377,74.377,74.377,74.377,74.377,74.377,74.377,74.377,74.377
1972-04-01,53.3,53.3,53.3,53.3,53.3,53.3,53.3,53.3,53.3,53.3,53.3,53.3,53.3,53.3,53.3,53.3,53.3,53.3,53.3,53.3,53.3,53.3,53.3,53.3,53.3,53.3,53.3,53.3,53.3,53.3,53.3,53.3,53.3,53.3,53.3,53.3,53.3,53.3,53.3,53.3,53.3,53.3,56.5,56.5,56.5,56.5,56.5,56.5,56.5,56.5,56.5,56.5,56.5,56.5,56.5,56.5,56.5,56.5,56.5,56.5,56.5,56.5,56.5,56.5,56.5,56.5,56.5,56.5,56.5,56.5,56.5,56.5,56.5,56.5,56.5,56.5,56.5,56.5,56.5,56.5,56.5,56.5,56.5,56.5,56.5,56.5,56.5,56.5,56.5,56.5,56.5,56.5,56.5,56.5,58.9,58.9,58.9,58.9,58.9,58.9,58.9,58.9,58.9,58.9,58.9,58.9,58.9,58.9,58.9,58.9,58.9,58.9,58.9,58.9,58.9,58.9,58.9,58.9,58.9,58.9,58.9,58.9,58.9,58.9,58.9,58.9,58.9,57.8,57.8,57.8,57.8,57.8,57.8,57.8,57.8,57.8,57.8,57.8,57.8,62.3,62.3,62.3,62.3,62.3,62.3,62.3,62.3,62.3,62.3,62.3,62.3,62.3,62.3,62.3,62.3,62.3,62.3,62.3,62.3,62.3,,64.9,64.9,64.9,64.9,65.3,65.3,65.3,65.3,65.3,65.3,65.3,65.3,65.3,65.3,65.3,65.3,65.3,65.3,65.3,65.3,65.3,65.3,65.3,65.3,65.3,65.3,65.3,65.3,65.3,65.3,65.3,65.3,65.3,65.3,65.3,,67.4,67.4,67.4,67.4,67.4,67.4,67.4,67.4,67.4,67.4,67.4,67.4,67.4,67.4,67.4,67.4,67.4,67.4,67.4,67.4,67.4,67.4,67.4,67.4,67.4,67.4,67.4,67.4,67.4,67.4,67.4,67.4,67.4,67.4,67.4,67.4,67.4,67.4,67.4,67.4,67.4,67.4,67.4,67.4,67.4,,67.2,67.2,67.2,67.2,67.2,67.2,67.2,67.2,67.2,67.2,67.2,67.2,67.2,67.2,67.2,67.2,67.2,67.2,67.2,67.2,67.2,67.2,67.2,67.2,67.2,67.2,67.2,67.2,67.2,67.2,67.2,67.2,72.8,72.8,72.8,72.8,72.8,72.8,72.8,72.8,72.8,72.8,72.8,72.8,72.8,72.8,72.8,72.8,72.8,72.8,72.8,72.8,72.8,72.8,72.8,72.8,72.8,72.8,72.8,72.8,72.8,72.8,72.8,72.8,72.8,72.8,72.8,72.75,72.75,72.75,72.75,72.75,72.75,75.95,75.95,75.95,75.95,75.95,75.95,75.95,75.95,75.95,75.95,75.95,75.95,75.95,75.95,75.95,75.95,75.95,75.95,75.95,75.95,75.95,75.95,75.95,75.95,75.95,75.95,75.95,75.95,75.95,75.95,75.95,75.95,75.95,75.95,75.95,75.95,75.95,75.95,75.95,75.95,75.95,75.95,75.95,75.95,75.95,75.95,75.95,75.95,75.95,75.95,75.95,75.95,75.95,75.95,75.95,75.95,75.95,75.95,75.95,75.95
1972-07-01,55.6,55.6,55.6,55.6,55.6,55.6,55.6,55.6,55.6,55.6,55.6,55.6,55.6,55.6,55.6,55.6,55.6,55.6,55.6,55.6,55.6,55.6,55.6,55.6,55.6,55.6,55.6,55.6,55.6,55.6,55.6,55.6,55.6,55.6,55.6,55.6,55.6,55.6,55.6,55.6,55.6,55.6,60.0,60.0,60.0,60.0,60.0,60.0,60.0,60.0,60.0,60.0,60.0,60.0,60.0,60.0,60.0,60.0,60.0,60.0,60.0,60.0,60.0,60.0,60.0,60.0,60.0,60.0,60.0,60.0,60.0,60.0,60.0,60.0,60.0,60.0,60.0,60.0,60.0,60.0,60.0,60.0,60.0,60.0,60.0,60.0,60.0,60.0,60.0,60.0,60.0,60.0,60.0,60.0,62.3,62.3,62.3,62.3,62.3,62.3,62.3,62.3,62.3,62.3,62.3,62.3,62.3,62.3,62.3,62.3,62.3,62.3,62.3,62.3,62.3,62.3,62.3,62.3,62.3,62.3,62.3,62.3,62.3,62.3,62.3,62.3,62.3,61.6,61.6,61.6,61.6,61.6,61.6,61.6,61.6,61.6,61.6,61.6,61.6,66.1,66.1,66.1,66.1,66.1,66.1,66.1,66.1,66.1,66.1,66.1,66.1,66.1,66.1,66.1,66.1,66.1,66.1,66.1,66.1,66.1,,68.8,68.8,68.8,68.8,69.2,69.2,69.2,69.2,69.2,69.2,69.2,69.2,69.2,69.2,69.2,69.2,69.2,69.2,69.2,69.2,69.2,69.2,69.2,69.2,69.2,69.2,69.2,69.2,69.2,69.2,69.2,69.2,69.2,69.2,69.2,,71,71,71,71,71,71,71,71,71,71,71,71,71,71,71,71,71,71,71,71,71,71,71,71,71,71,71,71,71,71,71,71,71,71,71,71,71,71,71,71,71,71,71,71,71,,70.2,70.2,70.2,70.2,70.2,70.2,70.2,70.2,70.2,70.2,70.2,70.2,70.2,70.2,70.2,70.2,70.2,70.2,70.2,70.2,70.2,70.2,70.2,70.2,70.2,70.2,70.2,70.2,70.2,70.2,70.2,70.2,76.2,76.2,76.2,76.2,76.2,76.2,76.2,76.2,76.2,76.2,76.2,76.2,76.2,76.2,76.2,76.2,76.2,76.2,76.2,76.2,76.2,76.2,76.2,76.2,76.2,76.2,76.2,76.2,76.2,76.2,76.2,76.2,76.2,76.2,76.2,76.219,76.219,76.219,76.219,76.219,76.219,79.403,79.403,79.403,79.403,79.403,79.403,79.403,79.403,79.403,79.403,79.403,79.403,79.403,79.403,79.403,79.403,79.403,79.403,79.403,79.403,79.403,79.403,79.403,79.403,79.403,79.403,79.403,79.403,79.403,79.403,79.403,79.403,79.403,79.403,79.403,79.403,79.403,79.403,79.403,79.403,79.403,79.403,79.403,79.403,79.403,79.403,79.403,79.403,79.403,79.403,79.403,79.403,79.403,79.403,79.403,79.403,79.403,79.403,79.403,79.403
1972-10-01,57.9,57.9,57.9,57.9,57.9,57.9,57.9,57.9,57.9,57.9,57.9,57.9,57.9,57.9,57.9,57.9,57.9,57.9,57.9,57.9,57.9,57.9,57.9,57.9,57.9,57.9,57.9,57.9,57.9,57.9,57.9,57.9,57.9,57.9,57.9,57.9,57.9,57.9,57.9,57.9,57.9,57.9,62.5,62.5,62.5,62.5,62.5,62.5,62.5,62.5,62.5,62.5,62.5,62.5,62.5,62.5,62.5,62.5,62.5,62.5,62.5,62.5,62.5,62.5,62.5,62.5,62.5,62.5,62.5,62.5,62.5,62.5,62.5,62.5,62.5,62.5,62.5,62.5,62.5,62.5,62.5,62.5,62.5,62.5,62.5,62.5,62.5,62.5,62.5,62.5,62.5,62.5,62.5,62.5,65.3,65.3,65.3,65.3,65.3,65.3,65.3,65.3,65.3,65.3,65.3,65.3,65.3,65.3,65.3,65.3,65.3,65.3,65.3,65.3,65.3,65.3,65.3,65.3,65.3,65.3,65.3,65.3,65.3,65.3,65.3,65.3,65.3,64.6,64.6,64.6,64.6,64.6,64.6,64.6,64.6,64.6,64.6,64.6,64.6,69.3,69.3,69.3,69.3,69.3,69.3,69.3,69.3,69.3,69.3,69.3,69.3,69.3,69.3,69.3,69.3,69.3,69.3,69.3,69.3,69.3,,72.1,72.1,72.1,72.1,72.5,72.5,72.5,72.5,72.5,72.5,72.5,72.5,72.5,72.5,72.5,72.5,72.5,72.5,72.5,72.5,72.5,72.5,72.5,72.5,72.5,72.5,72.5,72.5,72.5,72.5,72.5,72.5,72.5,72.5,72.5,,73.8,73.8,73.8,73.8,73.8,73.8,73.8,73.8,73.8,73.8,73.8,73.8,73.8,73.8,73.8,73.8,73.8,73.8,73.8,73.8,73.8,73.8,73.8,73.8,73.8,73.8,73.8,73.8,73.8,73.8,73.8,73.8,73.8,73.8,73.8,73.8,73.8,73.8,73.8,73.8,73.8,73.8,73.8,73.8,73.8,,73.1,73.1,73.1,73.1,73.1,73.1,73.1,73.1,73.1,73.1,73.1,73.1,73.1,73.1,73.1,73.1,73.1,73.1,73.1,73.1,73.1,73.1,73.1,73.1,73.1,73.1,73.1,73.1,73.1,73.1,73.1,73.1,79.4,79.4,79.4,79.4,79.4,79.4,79.4,79.4,79.4,79.4,79.4,79.4,79.4,79.4,79.4,79.4,79.4,79.4,79.4,79.4,79.4,79.4,79.4,79.4,79.4,79.4,79.4,79.4,79.4,79.4,79.4,79.4,79.4,79.4,79.4,79.365,79.365,79.365,79.365,79.365,79.365,82.677,82.677,82.677,82.677,82.677,82.677,82.677,82.677,82.677,82.677,82.677,82.677,82.677,82.677,82.677,82.677,82.677,82.677,82.677,82.677,82.677,82.677,82.677,82.677,82.677,82.677,82.677,82.677,82.677,82.677,82.677,82.677,82.677,82.677,82.677,82.677,82.677,82.677,82.677,82.677,82.677,82.677,82.677,82.677,82.677,82.677,82.677,82.677,82.677,82.677,82.677,82.677,82.677,82.677,82.677,82.677,82.677,82.677,82.677,82.677
1973-01-01,62.1,62.1,62.1,62.1,62.1,62.1,62.1,62.1,62.1,62.1,62.1,62.1,62.1,62.1,62.1,62.1,62.1,62.1,62.1,62.1,62.1,62.1,62.1,62.1,62.1,62.1,62.1,62.1,62.1,62.1,62.1,62.1,62.1,62.1,62.1,62.1,62.1,62.1,62.1,62.1,62.1,62.1,65.7,65.7,65.7,65.7,65.7,65.7,65.7,65.7,65.7,65.7,65.7,65.7,65.7,65.7,65.7,65.7,65.7,65.7,65.7,65.7,65.7,65.7,65.7,65.7,65.7,65.7,65.7,65.7,65.7,65.7,65.7,65.7,65.7,65.7,65.7,65.7,65.7,65.7,65.7,65.7,65.7,65.7,65.7,65.7,65.7,65.7,65.7,65.7,65.7,65.7,65.7,65.7,68.7,68.7,68.7,68.7,68.7,68.7,68.7,68.7,68.7,68.7,68.7,68.7,68.7,68.7,68.7,68.7,68.7,68.7,68.7,68.7,68.7,68.7,68.7,68.7,68.7,68.7,68.7,68.7,68.7,68.7,68.7,68.7,68.7,67.3,67.3,67.3,67.3,67.3,67.3,67.3,67.3,67.3,67.3,67.3,67.3,72.6,72.6,72.6,72.6,72.6,72.6,72.6,72.6,72.6,72.6,72.6,72.6,72.6,72.6,72.6,72.6,72.6,72.6,72.6,72.6,72.6,,75.9,75.9,75.9,75.9,76.3,76.3,76.3,76.3,76.3,76.3,76.3,76.3,76.3,76.3,76.3,76.3,76.3,76.3,76.3,76.3,76.3,76.3,76.3,76.3,76.3,76.3,76.3,76.3,76.3,76.3,76.3,76.3,76.3,76.3,76.3,,77.5,77.5,77.5,77.5,77.5,77.5,77.5,77.5,77.5,77.5,77.5,77.5,77.5,77.5,77.5,77.5,77.5,77.5,77.5,77.5,77.5,77.5,77.5,77.5,77.5,77.5,77.5,77.5,77.5,77.5,77.5,77.5,77.5,77.5,77.5,77.5,77.5,77.5,77.5,77.5,77.5,77.5,77.5,77.5,77.5,,76.3,76.3,76.3,76.3,76.3,76.3,76.3,76.3,76.3,76.3,76.3,76.3,76.3,76.3,76.3,76.3,76.3,76.3,76.3,76.3,76.3,76.3,76.3,76.3,76.3,76.3,76.3,76.3,76.3,76.3,76.3,76.3,83.8,83.8,83.8,83.8,83.8,83.8,83.8,83.8,83.8,83.8,83.8,83.8,83.8,83.8,83.8,83.8,83.8,83.8,83.8,83.8,83.8,83.8,83.8,83.8,83.8,83.8,83.8,83.8,83.8,83.8,83.8,83.8,83.8,83.8,83.8,83.76,83.76,83.76,83.76,83.76,83.76,87.48,87.48,87.48,87.48,87.48,87.48,87.48,87.48,87.48,87.48,87.48,87.48,87.48,87.48,87.48,87.48,87.48,87.48,87.48,87.48,87.48,87.48,87.48,87.48,87.48,87.48,87.48,87.48,87.48,87.48,87.48,87.48,87.48,87.48,87.48,87.48,87.48,87.48,87.48,87.48,87.48,87.48,87.48,87.48,87.48,87.48,87.48,87.48,87.48,87.48,87.48,87.48,87.48,87.48,87.48,87.48,87.48,87.48,87.48,87.48
1973-04-01,57.1,57.1,57.1,57.1,57.1,57.1,57.1,57.1,57.1,57.1,57.1,57.1,57.1,57.1,57.1,57.1,57.1,57.1,57.1,57.1,57.1,57.1,57.1,57.1,57.1,57.1,57.1,57.1,57.1,57.1,57.1,57.1,57.1,57.1,57.1,57.1,57.1,57.1,57.1,57.1,57.1,57.1,61.8,61.8,61.8,61.8,61.8,61.8,61.8,61.8,61.8,61.8,61.8,61.8,61.8,61.8,61.8,61.8,61.8,61.8,61.8,61.8,61.8,61.8,61.8,61.8,61.8,61.8,61.8,61.8,61.8,61.8,61.8,61.8,61.8,61.8,61.8,61.8,61.8,61.8,61.8,61.8,61.8,61.8,61.8,61.8,61.8,61.8,61.8,61.8,61.8,61.8,61.8,61.8,64.7,64.7,64.7,64.7,64.7,64.7,64.7,64.7,64.7,64.7,64.7,64.7,64.7,64.7,64.7,64.7,64.7,64.7,64.7,64.7,64.7,64.7,64.7,64.7,64.7,64.7,64.7,64.7,64.7,64.7,64.7,64.7,64.7,63.6,63.6,63.6,63.6,63.6,63.6,63.6,63.6,63.6,63.6,63.6,63.6,68.4,68.4,68.4,68.4,68.4,68.4,68.4,68.4,68.4,68.4,68.4,68.4,68.4,68.4,68.4,68.4,68.4,68.4,68.4,68.4,68.4,,72.1,72.1,72.1,72.1,72.5,72.5,72.5,72.5,72.5,72.5,72.5,72.5,72.5,72.5,72.5,72.5,72.5,72.5,72.5,72.5,72.5,72.5,72.5,72.5,72.5,72.5,72.5,72.5,72.5,72.5,72.5,72.5,72.5,72.5,72.5,,73.6,73.6,73.6,73.6,73.6,73.6,73.6,73.6,73.6,73.6,73.6,73.6,73.6,73.6,73.6,73.6,73.6,73.6,73.6,73.6,73.6,73.6,73.6,73.6,73.6,73.6,73.6,73.6,73.6,73.6,73.6,73.6,73.6,73.6,73.6,73.6,73.6,73.6,73.6,73.6,73.6,73.6,73.6,73.6,73.6,,72.6,72.6,72.6,72.6,72.6,72.6,72.6,72.6,72.6,72.6,72.6,72.6,72.6,72.6,72.6,72.6,72.6,72.6,72.6,72.6,72.6,72.6,72.6,72.6,72.6,72.6,72.6,72.6,72.6,72.6,72.6,72.6,81.0,81.0,81.0,81.0,81.0,81.0,81.0,81.0,81.0,81.0,81.0,81.0,81.0,81.0,81.0,81.0,81.0,81.0,81.0,81.0,81.0,81.0,81.0,81.0,81.0,81.0,81.0,81.0,81.0,81.0,81.0,81.0,81.0,81.0,81.0,81.042,81.042,81.042,81.042,81.042,81.042,85.213,85.213,85.213,85.213,85.213,85.213,85.213,85.213,85.213,85.213,85.213,85.213,85.213,85.213,85.213,85.213,85.213,85.213,85.213,85.213,85.213,85.213,85.213,85.213,85.213,85.213,85.213,85.213,85.213,85.213,85.213,85.213,85.213,85.213,85.213,85.213,85.213,85.213,85.213,85.213,85.213,85.213,85.213,85.213,85.213,85.213,85.213,85.213,85.213,85.213,85.213,85.213,85.213,85.213,85.213,85.213,85.213,85.213,85.213,85.213
1973-07-01,58.2,58.2,58.2,58.2,58.2,58.2,58.2,58.2,58.2,58.2,58.2,58.2,58.2,58.2,58.2,58.2,58.2,58.2,58.2,58.2,58.2,58.2,58.2,58.2,58.2,58.2,58.2,58.2,58.2,58.2,58.2,58.2,58.2,58.2,58.2,58.2,58.2,58.2,58.2,58.2,58.2,58.2,64.5,64.5,64.5,64.5,64.5,64.5,64.5,64.5,64.5,64.5,64.5,64.5,64.5,64.5,64.5,64.5,64.5,64.5,64.5,64.5,64.5,64.5,64.5,64.5,64.5,64.5,64.5,64.5,64.5,64.5,64.5,64.5,64.5,64.5,64.5,64.5,64.5,64.5,64.5,64.5,64.5,64.5,64.5,64.5,64.5,64.5,64.5,64.5,64.5,64.5,64.5,64.5,67.3,67.3,67.3,67.3,67.3,67.3,67.3,67.3,67.3,67.3,67.3,67.3,67.3,67.3,67.3,67.3,67.3,67.3,67.3,67.3,67.3,67.3,67.3,67.3,67.3,67.3,67.3,67.3,67.3,67.3,67.3,67.3,67.3,65.4,65.4,65.4,65.4,65.4,65.4,65.4,65.4,65.4,65.4,65.4,65.4,70.9,70.9,70.9,70.9,70.9,70.9,70.9,70.9,70.9,70.9,70.9,70.9,70.9,70.9,70.9,70.9,70.9,70.9,70.9,70.9,70.9,,74.2,74.2,74.2,74.2,74.6,74.6,74.6,74.6,74.6,74.6,74.6,74.6,74.6,74.6,74.6,74.6,74.6,74.6,74.6,74.6,74.6,74.6,74.6,74.6,74.6,74.6,74.6,74.6,74.6,74.6,74.6,74.6,74.6,74.6,74.6,,75.5,75.5,75.5,75.5,75.5,75.5,75.5,75.5,75.5,75.5,75.5,75.5,75.5,75.5,75.5,75.5,75.5,75.5,75.5,75.5,75.5,75.5,75.5,75.5,75.5,75.5,75.5,75.5,75.5,75.5,75.5,75.5,75.5,75.5,75.5,75.5,75.5,75.5,75.5,75.5,75.5,75.5,75.5,75.5,75.5,,74.6,74.6,74.6,74.6,74.6,74.6,74.6,74.6,74.6,74.6,74.6,74.6,74.6,74.6,74.6,74.6,74.6,74.6,74.6,74.6,74.6,74.6,74.6,74.6,74.6,74.6,74.6,74.6,74.6,74.6,74.6,74.6,84.4,84.4,84.4,84.4,84.4,84.4,84.4,84.4,84.4,84.4,84.4,84.4,84.4,84.4,84.4,84.4,84.4,84.4,84.4,84.4,84.4,84.4,84.4,84.4,84.4,84.4,84.4,84.4,84.4,84.4,84.4,84.4,84.4,84.4,84.4,84.436,84.436,84.436,84.436,84.436,84.436,89.045,89.045,89.045,89.045,89.045,89.045,89.045,89.045,89.045,89.045,89.045,89.045,89.045,89.045,89.045,89.045,89.045,89.045,89.045,89.045,89.045,89.045,89.045,89.045,89.045,89.045,89.045,89.045,89.045,89.045,89.045,89.045,89.045,89.045,89.045,89.045,89.045,89.045,89.045,89.045,89.045,89.045,89.045,89.045,89.045,89.045,89.045,89.045,89.045,89.045,89.045,89.045,89.045,89.045,89.045,89.045,89.045,89.045,89.045,89.045
1973-10-01,59.7,59.7,59.7,59.7,59.7,59.7,59.7,59.7,59.7,59.7,59.7,59.7,59.7,59.7,59.7,59.7,59.7,59.7,59.7,59.7,59.7,59.7,59.7,59.7,59.7,59.7,59.7,59.7,59.7,59.7,59.7,59.7,59.7,59.7,59.7,59.7,59.7,59.7,59.7,59.7,59.7,59.7,64.3,64.3,64.3,64.3,64.3,64.3,64.3,64.3,64.3,64.3,64.3,64.3,64.3,64.3,64.3,64.3,64.3,64.3,64.3,64.3,64.3,64.3,64.3,64.3,64.3,64.3,64.3,64.3,64.3,64.3,64.3,64.3,64.3,64.3,64.3,64.3,64.3,64.3,64.3,64.3,64.3,64.3,64.3,64.3,64.3,64.3,64.3,64.3,64.3,64.3,64.3,64.3,67.7,67.7,67.7,67.7,67.7,67.7,67.7,67.7,67.7,67.7,67.7,67.7,67.7,67.7,67.7,67.7,67.7,67.7,67.7,67.7,67.7,67.7,67.7,67.7,67.7,67.7,67.7,67.7,67.7,67.7,67.7,67.7,67.7,66.7,66.7,66.7,66.7,66.7,66.7,66.7,66.7,66.7,66.7,66.7,66.7,71.3,71.3,71.3,71.3,71.3,71.3,71.3,71.3,71.3,71.3,71.3,71.3,71.3,71.3,71.3,71.3,71.3,71.3,71.3,71.3,71.3,,74.8,74.8,74.8,74.8,75.2,75.2,75.2,75.2,75.2,75.2,75.2,75.2,75.2,75.2,75.2,75.2,75.2,75.2,75.2,75.2,75.2,75.2,75.2,75.2,75.2,75.2,75.2,75.2,75.2,75.2,75.2,75.2,75.2,75.2,75.2,,75.7,75.7,75.7,75.7,75.7,75.7,75.7,75.7,75.7,75.7,75.7,75.7,75.7,75.7,75.7,75.7,75.7,75.7,75.7,75.7,75.7,75.7,75.7,75.7,75.7,75.7,75.7,75.7,75.7,75.7,75.7,75.7,75.7,75.7,75.7,75.7,75.7,75.7,75.7,75.7,75.7,75.7,75.7,75.7,75.7,,74.6,74.6,74.6,74.6,74.6,74.6,74.6,74.6,74.6,74.6,74.6,74.6,74.6,74.6,74.6,74.6,74.6,74.6,74.6,74.6,74.6,74.6,74.6,74.6,74.6,74.6,74.6,74.6,74.6,74.6,74.6,74.6,84.4,84.4,84.4,84.4,84.4,84.4,84.4,84.4,84.4,84.4,84.4,84.4,84.4,84.4,84.4,84.4,84.4,84.4,84.4,84.4,84.4,84.4,84.4,84.4,84.4,84.4,84.4,84.4,84.4,84.4,84.4,84.4,84.4,84.4,84.4,84.428,84.428,84.428,84.428,84.428,84.428,89.292,89.292,89.292,89.292,89.292,89.292,89.292,89.292,89.292,89.292,89.292,89.292,89.292,89.292,89.292,89.292,89.292,89.292,89.292,89.292,89.292,89.292,89.292,89.292,89.292,89.292,89.292,89.292,89.292,89.292,89.292,89.292,89.292,89.292,89.292,89.292,89.292,89.292,89.292,89.292,89.292,89.292,89.292,89.292,89.292,89.292,89.292,89.292,89.292,89.292,89.292,89.292,89.292,89.292,89.292,89.292,89.292,89.292,89.292,89.292
1974-01-01,52.2,52.2,52.2,52.2,52.2,52.2,52.2,52.2,52.2,52.2,52.2,52.2,52.2,52.2,52.2,52.2,52.2,52.2,52.2,52.2,52.2,52.2,52.2,52.2,52.2,52.2,52.2,52.2,52.2,52.2,52.2,52.2,52.2,52.2,52.2,52.2,52.2,52.2,52.2,52.2,52.2,52.2,57.7,57.7,57.7,57.7,57.7,57.7,57.7,57.7,57.7,57.7,57.7,57.7,57.7,57.7,57.7,57.7,57.7,57.7,57.7,57.7,57.7,57.7,57.7,57.7,57.7,57.7,57.7,57.7,57.7,57.7,57.7,57.7,57.7,57.7,57.7,57.7,57.7,57.7,57.7,57.7,57.7,57.7,57.7,57.7,57.7,57.7,57.7,57.7,57.7,57.7,57.7,57.7,60.7,60.7,60.7,60.7,60.7,60.7,60.7,60.7,60.7,60.7,60.7,60.7,60.7,60.7,60.7,60.7,60.7,60.7,60.7,60.7,60.7,60.7,60.7,60.7,60.7,60.7,60.7,60.7,60.7,60.7,60.7,60.7,60.7,60.9,60.9,60.9,60.9,60.9,60.9,60.9,60.9,60.9,60.9,60.9,60.9,64.8,64.8,64.8,64.8,64.8,64.8,64.8,64.8,64.8,64.8,64.8,64.8,64.8,64.8,64.8,64.8,64.8,64.8,64.8,64.8,64.8,,69.4,69.4,69.4,69.4,69.8,69.8,69.8,69.8,69.8,69.8,69.8,69.8,69.8,69.8,69.8,69.8,69.8,69.8,69.8,69.8,69.8,69.8,69.8,69.8,69.8,69.8,69.8,69.8,69.8,69.8,69.8,69.8,69.8,69.8,69.8,,70.2,70.2,70.2,70.2,70.2,70.2,70.2,70.2,70.2,70.2,70.2,70.2,70.2,70.2,70.2,70.2,70.2,70.2,70.2,70.2,70.2,70.2,70.2,70.2,70.2,70.2,70.2,70.2,70.2,70.2,70.2,70.2,70.2,70.2,70.2,70.2,70.2,70.2,70.2,70.2,70.2,70.2,70.2,70.2,70.2,,69.1,69.1,69.1,69.1,69.1,69.1,69.1,69.1,69.1,69.1,69.1,69.1,69.1,69.1,69.1,69.1,69.1,69.1,69.1,69.1,69.1,69.1,69.1,69.1,69.1,69.1,69.1,69.1,69.1,69.1,69.1,69.1,80.6,80.6,80.6,80.6,80.6,80.6,80.6,80.6,80.6,80.6,80.6,80.6,80.6,80.6,80.6,80.6,80.6,80.6,80.6,80.6,80.6,80.6,80.6,80.6,80.6,80.6,80.6,80.6,80.6,80.6,80.6,80.6,80.6,80.6,80.6,80.552,80.552,80.552,80.552,80.552,80.552,85.693,85.693,85.693,85.693,85.693,85.693,85.693,85.693,85.693,85.693,85.693,85.693,85.693,85.693,85.693,85.693,85.693,85.693,85.693,85.693,85.693,85.693,85.693,85.693,85.693,85.693,85.693,85.693,85.693,85.693,85.693,85.693,85.693,85.693,85.693,85.693,85.693,85.693,85.693,85.693,85.693,85.693,85.693,85.693,85.693,85.693,85.693,85.693,85.693,85.693,85.693,85.693,85.693,85.693,85.693,85.693,85.693,85.693,85.693,85.693
1974-04-01,47.2,47.2,47.2,47.2,47.2,47.2,47.2,47.2,47.2,47.2,47.2,47.2,47.2,47.2,47.2,47.2,47.2,47.2,47.2,47.2,47.2,47.2,47.2,47.2,47.2,47.2,47.2,47.2,47.2,47.2,47.2,47.2,47.2,47.2,47.2,47.2,47.2,47.2,47.2,47.2,47.2,47.2,52.9,52.9,52.9,52.9,52.9,52.9,52.9,52.9,52.9,52.9,52.9,52.9,52.9,52.9,52.9,52.9,52.9,52.9,52.9,52.9,52.9,52.9,52.9,52.9,52.9,52.9,52.9,52.9,52.9,52.9,52.9,52.9,52.9,52.9,52.9,52.9,52.9,52.9,52.9,52.9,52.9,52.9,52.9,52.9,52.9,52.9,52.9,52.9,52.9,52.9,52.9,52.9,55.6,55.6,55.6,55.6,55.6,55.6,55.6,55.6,55.6,55.6,55.6,55.6,55.6,55.6,55.6,55.6,55.6,55.6,55.6,55.6,55.6,55.6,55.6,55.6,55.6,55.6,55.6,55.6,55.6,55.6,55.6,55.6,55.6,55.5,55.5,55.5,55.5,55.5,55.5,55.5,55.5,55.5,55.5,55.5,55.5,60.0,60.0,60.0,60.0,60.0,60.0,60.0,60.0,60.0,60.0,60.0,60.0,60.0,60.0,60.0,60.0,60.0,60.0,60.0,60.0,60.0,,65.2,65.2,65.2,65.2,65.6,65.6,65.6,65.6,65.6,65.6,65.6,65.6,65.6,65.6,65.6,65.6,65.6,65.6,65.6,65.6,65.6,65.6,65.6,65.6,65.6,65.6,65.6,65.6,65.6,65.6,65.6,65.6,65.6,65.6,65.6,,66.1,66.1,66.1,66.1,66.1,66.1,66.1,66.1,66.1,66.1,66.1,66.1,66.1,66.1,66.1,66.1,66.1,66.1,66.1,66.1,66.1,66.1,66.1,66.1,66.1,66.1,66.1,66.1,66.1,66.1,66.1,66.1,66.1,66.1,66.1,66.1,66.1,66.1,66.1,66.1,66.1,66.1,66.1,66.1,66.1,,65.2,65.2,65.2,65.2,65.2,65.2,65.2,65.2,65.2,65.2,65.2,65.2,65.2,65.2,65.2,65.2,65.2,65.2,65.2,65.2,65.2,65.2,65.2,65.2,65.2,65.2,65.2,65.2,65.2,65.2,65.2,65.2,76.8,76.8,76.8,76.8,76.8,76.8,76.8,76.8,76.8,76.8,76.8,76.8,76.8,76.8,76.8,76.8,76.8,76.8,76.8,76.8,76.8,76.8,76.8,76.8,76.8,76.8,76.8,76.8,76.8,76.8,76.8,76.8,76.8,76.8,76.8,76.769,76.769,76.769,76.769,76.769,76.769,82.261,82.261,82.261,82.261,82.261,82.261,82.261,82.261,82.261,82.261,82.261,82.261,82.261,82.261,82.261,82.261,82.261,82.261,82.261,82.261,82.261,82.261,82.261,82.261,82.261,82.261,82.261,82.261,82.261,82.261,82.261,82.261,82.261,82.261,82.261,82.261,82.261,82.261,82.261,82.261,82.261,82.261,82.261,82.261,82.261,82.261,82.261,82.261,82.261,82.261,82.261,82.261,82.261,82.261,82.261,82.261,82.261,82.261,82.261,82.261
1974-07-01,35.0,35.0,35.0,35.0,35.0,35.0,35.0,35.0,35.0,35.0,35.0,35.0,35.0,35.0,35.0,35.0,35.0,35.0,35.0,35.0,35.0,35.0,35.0,35.0,35.0,35.0,35.0,35.0,35.0,35.0,35.0,35.0,35.0,35.0,35.0,35.0,35.0,35.0,35.0,35.0,35.0,35.0,43.6,43.6,43.6,43.6,43.6,43.6,43.6,43.6,43.6,43.6,43.6,43.6,43.6,43.6,43.6,43.6,43.6,43.6,43.6,43.6,43.6,43.6,43.6,43.6,43.6,43.6,43.6,43.6,43.6,43.6,43.6,43.6,43.6,43.6,43.6,43.6,43.6,43.6,43.6,43.6,43.6,43.6,43.6,43.6,43.6,43.6,43.6,43.6,43.6,43.6,43.6,43.6,46.1,46.1,46.1,46.1,46.1,46.1,46.1,46.1,46.1,46.1,46.1,46.1,46.1,46.1,46.1,46.1,46.1,46.1,46.1,46.1,46.1,46.1,46.1,46.1,46.1,46.1,46.1,46.1,46.1,46.1,46.1,46.1,46.1,44.3,44.3,44.3,44.3,44.3,44.3,44.3,44.3,44.3,44.3,44.3,44.3,51.0,51.0,51.0,51.0,51.0,51.0,51.0,51.0,51.0,51.0,51.0,51.0,51.0,51.0,51.0,51.0,51.0,51.0,51.0,51.0,51.0,,56.2,56.2,56.2,56.2,56.6,56.6,56.6,56.6,56.6,56.6,56.6,56.6,56.6,56.6,56.6,56.6,56.6,56.6,56.6,56.6,56.6,56.6,56.6,56.6,56.6,56.6,56.6,56.6,56.6,56.6,56.6,56.6,56.6,56.6,56.6,,57.2,57.2,57.2,57.2,57.2,57.2,57.2,57.2,57.2,57.2,57.2,57.2,57.2,57.2,57.2,57.2,57.2,57.2,57.2,57.2,57.2,57.2,57.2,57.2,57.2,57.2,57.2,57.2,57.2,57.2,57.2,57.2,57.2,57.2,57.2,57.2,57.2,57.2,57.2,57.2,57.2,57.2,57.2,57.2,57.2,,56.8,56.8,56.8,56.8,56.8,56.8,56.8,56.8,56.8,56.8,56.8,56.8,56.8,56.8,56.8,56.8,56.8,56.8,56.8,56.8,56.8,56.8,56.8,56.8,56.8,56.8,56.8,56.8,56.8,56.8,56.8,56.8,67.0,67.0,67.0,67.0,67.0,67.0,67.0,67.0,67.0,67.0,67.0,67.0,67.0,67.0,67.0,67.0,67.0,67.0,67.0,67.0,67.0,67.0,67.0,67.0,67.0,67.0,67.0,67.0,67.0,67.0,67.0,67.0,67.0,67.0,67.0,66.96,66.96,66.96,66.96,66.96,66.96,72.772,72.772,72.772,72.772,72.772,72.772,72.772,72.772,72.772,72.772,72.772,72.772,72.772,72.772,72.772,72.772,72.772,72.772,72.772,72.772,72.772,72.772,72.772,72.772,72.772,72.772,72.772,72.772,72.772,72.772,72.772,72.772,72.772,72.772,72.772,72.772,72.772,72.772,72.772,72.772,72.772,72.772,72.772,72.772,72.772,72.772,72.772,72.772,72.772,72.772,72.772,72.772,72.772,72.772,72.772,72.772,72.772,72.772,72.772,72.772
1974-10-01,38.8,38.8,38.8,38.8,38.8,38.8,38.8,38.8,38.8,38.8,38.8,38.8,38.8,38.8,38.8,38.8,38.8,38.8,38.8,38.8,38.8,38.8,38.8,38.8,38.8,38.8,38.8,38.8,38.8,38.8,38.8,38.8,38.8,38.8,38.8,38.8,38.8,38.8,38.8,38.8,38.8,38.8,45.4,45.4,45.4,45.4,45.4,45.4,45.4,45.4,45.4,45.4,45.4,45.4,45.4,45.4,45.4,45.4,45.4,45.4,45.4,45.4,45.4,45.4,45.4,45.4,45.4,45.4,45.4,45.4,45.4,45.4,45.4,45.4,45.4,45.4,45.4,45.4,45.4,45.4,45.4,45.4,45.4,45.4,45.4,45.4,45.4,45.4,45.4,45.4,45.4,45.4,45.4,45.4,48.6,48.6,48.6,48.6,48.6,48.6,48.6,48.6,48.6,48.6,48.6,48.6,48.6,48.6,48.6,48.6,48.6,48.6,48.6,48.6,48.6,48.6,48.6,48.6,48.6,48.6,48.6,48.6,48.6,48.6,48.6,48.6,48.6,46.9,46.9,46.9,46.9,46.9,46.9,46.9,46.9,46.9,46.9,46.9,46.9,53.8,53.8,53.8,53.8,53.8,53.8,53.8,53.8,53.8,53.8,53.8,53.8,53.8,53.8,53.8,53.8,53.8,53.8,53.8,53.8,53.8,,58.2,58.2,58.2,58.2,58.7,58.7,58.7,58.7,58.7,58.7,58.7,58.7,58.7,58.7,58.7,58.7,58.7,58.7,58.7,58.7,58.7,58.7,58.7,58.7,58.7,58.7,58.7,58.7,58.7,58.7,58.7,58.7,58.7,58.7,58.7,,58.5,58.5,58.5,58.5,58.5,58.5,58.5,58.5,58.5,58.5,58.5,58.5,58.5,58.5,58.5,58.5,58.5,58.5,58.5,58.5,58.5,58.5,58.5,58.5,58.5,58.5,58.5,58.5,58.5,58.5,58.5,58.5,58.5,58.5,58.5,58.5,58.5,58.5,58.5,58.5,58.5,58.5,58.5,58.5,58.5,,58.4,58.4,58.4,58.4,58.4,58.4,58.4,58.4,58.4,58.4,58.4,58.4,58.4,58.4,58.4,58.4,58.4,58.4,58.4,58.4,58.4,58.4,58.4,58.4,58.4,58.4,58.4,58.4,58.4,58.4,58.4,58.4,67.4,67.4,67.4,67.4,67.4,67.4,67.4,67.4,67.4,67.4,67.4,67.4,67.4,67.4,67.4,67.4,67.4,67.4,67.4,67.4,67.4,67.4,67.4,67.4,67.4,67.4,67.4,67.4,67.4,67.4,67.4,67.4,67.4,67.4,67.4,67.398,67.398,67.398,67.398,67.398,67.398,73.153,73.153,73.153,73.153,73.153,73.153,73.153,73.153,73.153,73.153,73.153,73.153,73.153,73.153,73.153,73.153,73.153,73.153,73.153,73.153,73.153,73.153,73.153,73.153,73.153,73.153,73.153,73.153,73.153,73.153,73.153,73.153,73.153,73.153,73.153,73.153,73.153,73.153,73.153,73.153,73.153,73.153,73.153,73.153,73.153,73.153,73.153,73.153,73.153,73.153,73.153,73.153,73.153,73.153,73.153,73.153,73.153,73.153,73.153,73.153
1975-01-01,45.9,45.9,45.9,45.9,45.9,45.9,45.9,45.9,45.9,45.9,45.9,45.9,45.9,45.9,45.9,45.9,45.9,45.9,45.9,45.9,45.9,45.9,45.9,45.9,45.9,45.9,45.9,45.9,45.9,45.9,45.9,45.9,45.9,45.9,45.9,45.9,45.9,45.9,45.9,45.9,45.9,45.9,54.1,54.1,54.1,54.1,54.1,54.1,54.1,54.1,54.1,54.1,54.1,54.1,54.1,54.1,54.1,54.1,54.1,54.1,54.1,54.1,54.1,54.1,54.1,54.1,54.1,54.1,54.1,54.1,54.1,54.1,54.1,54.1,54.1,54.1,54.1,54.1,54.1,54.1,54.1,54.1,54.1,54.1,54.1,54.1,54.1,54.1,54.1,54.1,54.1,54.1,54.1,54.1,57.6,57.6,57.6,57.6,57.6,57.6,57.6,57.6,57.6,57.6,57.6,57.6,57.6,57.6,57.6,57.6,57.6,57.6,57.6,57.6,57.6,57.6,57.6,57.6,57.6,57.6,57.6,57.6,57.6,57.6,57.6,57.6,57.6,55.4,55.4,55.4,55.4,55.4,55.4,55.4,55.4,55.4,55.4,55.4,55.4,63.4,63.4,63.4,63.4,63.4,63.4,63.4,63.4,63.4,63.4,63.4,63.4,63.4,63.4,63.4,63.4,63.4,63.4,63.4,63.4,63.4,,67.5,67.5,67.5,67.5,67.9,67.9,67.9,67.9,67.9,67.9,67.9,67.9,67.9,67.9,67.9,67.9,67.9,67.9,67.9,67.9,67.9,67.9,67.9,67.9,67.9,67.9,67.9,67.9,67.9,67.9,67.9,67.9,67.9,67.9,67.9,,68.6,68.6,68.6,68.6,68.6,68.6,68.6,68.6,68.6,68.6,68.6,68.6,68.6,68.6,68.6,68.6,68.6,68.6,68.6,68.6,68.6,68.6,68.6,68.6,68.6,68.6,68.6,68.6,68.6,68.6,68.6,68.6,68.6,68.6,68.6,68.6,68.6,68.6,68.6,68.6,68.6,68.6,68.6,68.6,68.6,,68.0,68.0,68.0,68.0,68.0,68.0,68.0,68.0,68.0,68.0,68.0,68.0,68.0,68.0,68.0,68.0,68.0,68.0,68.0,68.0,68.0,68.0,68.0,68.0,68.0,68.0,68.0,68.0,68.0,68.0,68.0,68.0,74.0,74.0,74.0,74.0,74.0,74.0,74.0,74.0,74.0,74.0,74.0,74.0,74.0,74.0,74.0,74.0,74.0,74.0,74.0,74.0,74.0,74.0,74.0,74.0,74.0,74.0,74.0,74.0,74.0,74.0,74.0,74.0,74.0,74.0,74.0,73.958,73.958,73.958,73.958,73.958,73.958,79.438,79.438,79.438,79.438,79.438,79.438,79.438,79.438,79.438,79.438,79.438,79.438,79.438,79.438,79.438,79.438,79.438,79.438,79.438,79.438,79.438,79.438,79.438,79.438,79.438,79.438,79.438,79.438,79.438,79.438,79.438,79.438,79.438,79.438,79.438,79.438,79.438,79.438,79.438,79.438,79.438,79.438,79.438,79.438,79.438,79.438,79.438,79.438,79.438,79.438,79.438,79.438,79.438,79.438,79.438,79.438,79.438,79.438,79.438,79.438
1975-04-01,55.6,55.6,55.6,55.6,55.6,55.6,55.6,55.6,55.6,55.6,55.6,55.6,55.6,55.6,55.6,55.6,55.6,55.6,55.6,55.6,55.6,55.6,55.6,55.6,55.6,55.6,55.6,55.6,55.6,55.6,55.6,55.6,55.6,55.6,55.6,55.6,55.6,55.6,55.6,55.6,55.6,55.6,62.7,62.7,62.7,62.7,62.7,62.7,62.7,62.7,62.7,62.7,62.7,62.7,62.7,62.7,62.7,62.7,62.7,62.7,62.7,62.7,62.7,62.7,62.7,62.7,62.7,62.7,62.7,62.7,62.7,62.7,62.7,62.7,62.7,62.7,62.7,62.7,62.7,62.7,62.7,62.7,62.7,62.7,62.7,62.7,62.7,62.7,62.7,62.7,62.7,62.7,62.7,62.7,66.7,66.7,66.7,66.7,66.7,66.7,66.7,66.7,66.7,66.7,66.7,66.7,66.7,66.7,66.7,66.7,66.7,66.7,66.7,66.7,66.7,66.7,66.7,66.7,66.7,66.7,66.7,66.7,66.7,66.7,66.7,66.7,66.7,65.6,65.6,65.6,65.6,65.6,65.6,65.6,65.6,65.6,65.6,65.6,65.6,72.8,72.8,72.8,72.8,72.8,72.8,72.8,72.8,72.8,72.8,72.8,72.8,72.8,72.8,72.8,72.8,72.8,72.8,72.8,72.8,72.8,,77.0,77.0,77.0,77.0,77.4,77.4,77.4,77.4,77.4,77.4,77.4,77.4,77.4,77.4,77.4,77.4,77.4,77.4,77.4,77.4,77.4,77.4,77.4,77.4,77.4,77.4,77.4,77.4,77.4,77.4,77.4,77.4,77.4,77.4,77.4,,78.5,78.5,78.5,78.5,78.5,78.5,78.5,78.5,78.5,78.5,78.5,78.5,78.5,78.5,78.5,78.5,78.5,78.5,78.5,78.5,78.5,78.5,78.5,78.5,78.5,78.5,78.5,78.5,78.5,78.5,78.5,78.5,78.5,78.5,78.5,78.5,78.5,78.5,78.5,78.5,78.5,78.5,78.5,78.5,78.5,,77.7,77.7,77.7,77.7,77.7,77.7,77.7,77.7,77.7,77.7,77.7,77.7,77.7,77.7,77.7,77.7,77.7,77.7,77.7,77.7,77.7,77.7,77.7,77.7,77.7,77.7,77.7,77.7,77.7,77.7,77.7,77.7,82.2,82.2,82.2,82.2,82.2,82.2,82.2,82.2,82.2,82.2,82.2,82.2,82.2,82.2,82.2,82.2,82.2,82.2,82.2,82.2,82.2,82.2,82.2,82.2,82.2,82.2,82.2,82.2,82.2,82.2,82.2,82.2,82.2,82.2,82.2,82.152,82.152,82.152,82.152,82.152,82.152,87.52,87.52,87.52,87.52,87.52,87.52,87.52,87.52,87.52,87.52,87.52,87.52,87.52,87.52,87.52,87.52,87.52,87.52,87.52,87.52,87.52,87.52,87.52,87.52,87.52,87.52,87.52,87.52,87.52,87.52,87.52,87.52,87.52,87.52,87.52,87.52,87.52,87.52,87.52,87.52,87.52,87.52,87.52,87.52,87.52,87.52,87.52,87.52,87.52,87.52,87.52,87.52,87.52,87.52,87.52,87.52,87.52,87.52,87.52,87.52
1975-07-01,65.7,65.7,65.7,65.7,65.7,65.7,65.7,65.7,65.7,65.7,65.7,65.7,65.7,65.7,65.7,65.7,65.7,65.7,65.7,65.7,65.7,65.7,65.7,65.7,65.7,65.7,65.7,65.7,65.7,65.7,65.7,65.7,65.7,65.7,65.7,65.7,65.7,65.7,65.7,65.7,65.7,65.7,72.7,72.7,72.7,72.7,72.7,72.7,72.7,72.7,72.7,72.7,72.7,72.7,72.7,72.7,72.7,72.7,72.7,72.7,72.7,72.7,72.7,72.7,72.7,72.7,72.7,72.7,72.7,72.7,72.7,72.7,72.7,72.7,72.7,72.7,72.7,72.7,72.7,72.7,72.7,72.7,72.7,72.7,72.7,72.7,72.7,72.7,72.7,72.7,72.7,72.7,72.7,72.7,77.4,77.4,77.4,77.4,77.4,77.4,77.4,77.4,77.4,77.4,77.4,77.4,77.4,77.4,77.4,77.4,77.4,77.4,77.4,77.4,77.4,77.4,77.4,77.4,77.4,77.4,77.4,77.4,77.4,77.4,77.4,77.4,77.4,77.6,77.6,77.6,77.6,77.6,77.6,77.6,77.6,77.6,77.6,77.6,77.6,83.8,83.8,83.8,83.8,83.8,83.8,83.8,83.8,83.8,83.8,83.8,83.8,83.8,83.8,83.8,83.8,83.8,83.8,83.8,83.8,83.8,,88.3,88.3,88.3,88.3,88.8,88.8,88.8,88.8,88.8,88.8,88.8,88.8,88.8,88.8,88.8,88.8,88.8,88.8,88.8,88.8,88.8,88.8,88.8,88.8,88.8,88.8,88.8,88.8,88.8,88.8,88.8,88.8,88.8,88.8,88.8,,90.1,90.1,90.1,90.1,90.1,90.1,90.1,90.1,90.1,90.1,90.1,90.1,90.1,90.1,90.1,90.1,90.1,90.1,90.1,90.1,90.1,90.1,90.1,90.1,90.1,90.1,90.1,90.1,90.1,90.1,90.1,90.1,90.1,90.1,90.1,90.1,90.1,90.1,90.1,90.1,90.1,90.1,90.1,90.1,90.1,,87.6,87.6,87.6,87.6,87.6,87.6,87.6,87.6,87.6,87.6,87.6,87.6,87.6,87.6,87.6,87.6,87.6,87.6,87.6,87.6,87.6,87.6,87.6,87.6,87.6,87.6,87.6,87.6,87.6,87.6,87.6,87.6,92.6,92.6,92.6,92.6,92.6,92.6,92.6,92.6,92.6,92.6,92.6,92.6,92.6,92.6,92.6,92.6,92.6,92.6,92.6,92.6,92.6,92.6,92.6,92.6,92.6,92.6,92.6,92.6,92.6,92.6,92.6,92.6,92.6,92.6,92.6,92.554,92.554,92.554,92.554,92.554,92.554,97.739,97.739,97.739,97.739,97.739,97.739,97.739,97.739,97.739,97.739,97.739,97.739,97.739,97.739,97.739,97.739,97.739,97.739,97.739,97.739,97.739,97.739,97.739,97.739,97.739,97.739,97.739,97.739,97.739,97.739,97.739,97.739,97.739,97.739,97.739,97.739,97.739,97.739,97.739,97.739,97.739,97.739,97.739,97.739,97.739,97.739,97.739,97.739,97.739,97.739,97.739,97.739,97.739,97.739,97.739,97.739,97.739,97.739,97.739,97.739
1975-10-01,72.3,72.3,72.3,72.3,72.3,72.3,72.3,72.3,72.3,72.3,72.3,72.3,72.3,72.3,72.3,72.3,72.3,72.3,72.3,72.3,72.3,72.3,72.3,72.3,72.3,72.3,72.3,72.3,72.3,72.3,72.3,72.3,72.3,72.3,72.3,72.3,72.3,72.3,72.3,72.3,72.3,72.3,77.5,77.5,77.5,77.5,77.5,77.5,77.5,77.5,77.5,77.5,77.5,77.5,77.5,77.5,77.5,77.5,77.5,77.5,77.5,77.5,77.5,77.5,77.5,77.5,77.5,77.5,77.5,77.5,77.5,77.5,77.5,77.5,77.5,77.5,77.5,77.5,77.5,77.5,77.5,77.5,77.5,77.5,77.5,77.5,77.5,77.5,77.5,77.5,77.5,77.5,77.5,77.5,82.2,82.2,82.2,82.2,82.2,82.2,82.2,82.2,82.2,82.2,82.2,82.2,82.2,82.2,82.2,82.2,82.2,82.2,82.2,82.2,82.2,82.2,82.2,82.2,82.2,82.2,82.2,82.2,82.2,82.2,82.2,82.2,82.2,82.3,82.3,82.3,82.3,82.3,82.3,82.3,82.3,82.3,82.3,82.3,82.3,89.0,89.0,89.0,89.0,89.0,89.0,89.0,89.0,89.0,89.0,89.0,89.0,89.0,89.0,89.0,89.0,89.0,89.0,89.0,89.0,89.0,,93.8,93.8,93.8,93.8,94.3,94.3,94.3,94.3,94.3,94.3,94.3,94.3,94.3,94.3,94.3,94.3,94.3,94.3,94.3,94.3,94.3,94.3,94.3,94.3,94.3,94.3,94.3,94.3,94.3,94.3,94.3,94.3,94.3,94.3,94.3,,95.5,95.5,95.5,95.5,95.5,95.5,95.5,95.5,95.5,95.5,95.5,95.5,95.5,95.5,95.5,95.5,95.5,95.5,95.5,95.5,95.5,95.5,95.5,95.5,95.5,95.5,95.5,95.5,95.5,95.5,95.5,95.5,95.5,95.5,95.5,95.5,95.5,95.5,95.5,95.5,95.5,95.5,95.5,95.5,95.5,,93.4,93.4,93.4,93.4,93.4,93.4,93.4,93.4,93.4,93.4,93.4,93.4,93.4,93.4,93.4,93.4,93.4,93.4,93.4,93.4,93.4,93.4,93.4,93.4,93.4,93.4,93.4,93.4,93.4,93.4,93.4,93.4,100.2,100.2,100.2,100.2,100.2,100.2,100.2,100.2,100.2,100.2,100.2,100.2,100.2,100.2,100.2,100.2,100.2,100.2,100.2,100.2,100.2,100.2,100.2,100.2,100.2,100.2,100.2,100.2,100.2,100.2,100.2,100.2,100.2,100.2,100.2,100.186,100.186,100.186,100.186,100.186,100.186,105.682,105.682,105.682,105.682,105.682,105.682,105.682,105.682,105.682,105.682,105.682,105.682,105.682,105.682,105.682,105.682,105.682,105.682,105.682,105.682,105.682,105.682,105.682,105.682,105.682,105.682,105.682,105.682,105.682,105.682,105.682,105.682,105.682,105.682,105.682,105.682,105.682,105.682,105.682,105.682,105.682,105.682,105.682,105.682,105.682,105.682,105.682,105.682,105.682,105.682,105.682,105.682,105.682,105.682,105.682,105.682,105.682,105.682,105.682,105.682
1976-01-01,77.5,77.5,77.5,77.5,77.5,77.5,77.5,77.5,77.5,77.5,77.5,77.5,77.5,77.5,77.5,77.5,77.5,77.5,77.5,77.5,77.5,77.5,77.5,77.5,77.5,77.5,77.5,77.5,77.5,77.5,77.5,77.5,77.5,77.5,77.5,77.5,77.5,77.5,77.5,77.5,77.5,77.5,83.3,83.3,83.3,83.3,83.3,83.3,83.3,83.3,83.3,83.3,83.3,83.3,83.3,83.3,83.3,83.3,83.3,83.3,83.3,83.3,83.3,83.3,83.3,83.3,83.3,83.3,83.3,83.3,83.3,83.3,83.3,83.3,83.3,83.3,83.3,83.3,83.3,83.3,83.3,83.3,83.3,83.3,83.3,83.3,83.3,83.3,83.3,83.3,83.3,83.3,83.3,83.3,85.9,85.9,85.9,85.9,85.9,85.9,85.9,85.9,85.9,85.9,85.9,85.9,85.9,85.9,85.9,85.9,85.9,85.9,85.9,85.9,85.9,85.9,85.9,85.9,85.9,85.9,85.9,85.9,85.9,85.9,85.9,85.9,85.9,87.2,87.2,87.2,87.2,87.2,87.2,87.2,87.2,87.2,87.2,87.2,87.2,93.4,93.4,93.4,93.4,93.4,93.4,93.4,93.4,93.4,93.4,93.4,93.4,93.4,93.4,93.4,93.4,93.4,93.4,93.4,93.4,93.4,,98.6,98.6,98.6,98.6,99.1,99.1,99.1,99.1,99.1,99.1,99.1,99.1,99.1,99.1,99.1,99.1,99.1,99.1,99.1,99.1,99.1,99.1,99.1,99.1,99.1,99.1,99.1,99.1,99.1,99.1,99.1,99.1,99.1,99.1,99.1,,100.5,100.5,100.5,100.5,100.5,100.5,100.5,100.5,100.5,100.5,100.5,100.5,100.5,100.5,100.5,100.5,100.5,100.5,100.5,100.5,100.5,100.5,100.5,100.5,100.5,100.5,100.5,100.5,100.5,100.5,100.5,100.5,100.5,100.5,100.5,100.5,100.5,100.5,100.5,100.5,100.5,100.5,100.5,100.5,100.5,,98.2,98.2,98.2,98.2,98.2,98.2,98.2,98.2,98.2,98.2,98.2,98.2,98.2,98.2,98.2,98.2,98.2,98.2,98.2,98.2,98.2,98.2,98.2,98.2,98.2,98.2,98.2,98.2,98.2,98.2,98.2,98.2,108.5,108.5,108.5,108.5,108.5,108.5,108.5,108.5,108.5,108.5,108.5,108.5,108.5,108.5,108.5,108.5,108.5,108.5,108.5,108.5,108.5,108.5,108.5,108.5,108.5,108.5,108.5,108.5,108.5,108.5,108.5,108.5,108.5,108.5,108.5,108.491,108.491,108.491,108.491,108.491,108.491,114.267,114.267,114.267,114.267,114.267,114.267,114.267,114.267,114.267,114.267,114.267,114.267,114.267,114.267,114.267,114.267,114.267,114.267,114.267,114.267,114.267,114.267,114.267,114.267,114.267,114.267,114.267,114.267,114.267,114.267,114.267,114.267,114.267,114.267,114.267,114.267,114.267,114.267,114.267,114.267,114.267,114.267,114.267,114.267,114.267,114.267,114.267,114.267,114.267,114.267,114.267,114.267,114.267,114.267,114.267,114.267,114.267,114.267,114.267,114.267
1976-04-01,72.9,72.9,72.9,72.9,72.9,72.9,72.9,72.9,72.9,72.9,72.9,72.9,72.9,72.9,72.9,72.9,72.9,72.9,72.9,72.9,72.9,72.9,72.9,72.9,72.9,72.9,72.9,72.9,72.9,72.9,72.9,72.9,72.9,72.9,72.9,72.9,72.9,72.9,72.9,72.9,72.9,72.9,79.9,79.9,79.9,79.9,79.9,79.9,79.9,79.9,79.9,79.9,79.9,79.9,79.9,79.9,79.9,79.9,79.9,79.9,79.9,79.9,79.9,79.9,79.9,79.9,79.9,79.9,79.9,79.9,79.9,79.9,79.9,79.9,79.9,79.9,79.9,79.9,79.9,79.9,79.9,79.9,79.9,79.9,79.9,79.9,79.9,79.9,79.9,79.9,79.9,79.9,79.9,79.9,81.5,81.5,81.5,81.5,81.5,81.5,81.5,81.5,81.5,81.5,81.5,81.5,81.5,81.5,81.5,81.5,81.5,81.5,81.5,81.5,81.5,81.5,81.5,81.5,81.5,81.5,81.5,81.5,81.5,81.5,81.5,81.5,81.5,82.7,82.7,82.7,82.7,82.7,82.7,82.7,82.7,82.7,82.7,82.7,82.7,89.3,89.3,89.3,89.3,89.3,89.3,89.3,89.3,89.3,89.3,89.3,89.3,89.3,89.3,89.3,89.3,89.3,89.3,89.3,89.3,89.3,,94.1,94.1,94.1,94.1,94.6,94.6,94.6,94.6,94.6,94.6,94.6,94.6,94.6,94.6,94.6,94.6,94.6,94.6,94.6,94.6,94.6,94.6,94.6,94.6,94.6,94.6,94.6,94.6,94.6,94.6,94.6,94.6,94.6,94.6,94.6,,96.6,96.6,96.6,96.6,96.6,96.6,96.6,96.6,96.6,96.6,96.6,96.6,96.6,96.6,96.6,96.6,96.6,96.6,96.6,96.6,96.6,96.6,96.6,96.6,96.6,96.6,96.6,96.6,96.6,96.6,96.6,96.6,96.6,96.6,96.6,96.6,96.6,96.6,96.6,96.6,96.6,96.6,96.6,96.6,96.6,,95.2,95.2,95.2,95.2,95.2,95.2,95.2,95.2,95.2,95.2,95.2,95.2,95.2,95.2,95.2,95.2,95.2,95.2,95.2,95.2,95.2,95.2,95.2,95.2,95.2,95.2,95.2,95.2,95.2,95.2,95.2,95.2,108.0,108.0,108.0,108.0,108.0,108.0,108.0,108.0,108.0,108.0,108.0,108.0,108.0,108.0,108.0,108.0,108.0,108.0,108.0,108.0,108.0,108.0,108.0,108.0,108.0,108.0,108.0,108.0,108.0,108.0,108.0,108.0,108.0,108.0,108.0,107.971,107.971,107.971,107.971,107.971,107.971,113.771,113.771,113.771,113.771,113.771,113.771,113.771,113.771,113.771,113.771,113.771,113.771,113.771,113.771,113.771,113.771,113.771,113.771,113.771,113.771,113.771,113.771,113.771,113.771,113.771,113.771,113.771,113.771,113.771,113.771,113.771,113.771,113.771,113.771,113.771,113.771,113.771,113.771,113.771,113.771,113.771,113.771,113.771,113.771,113.771,113.771,113.771,113.771,113.771,113.771,113.771,113.771,113.771,113.771,113.771,113.771,113.771,113.771,113.771,113.771
1976-07-01,73.7,73.7,73.7,73.7,73.7,73.7,73.7,73.7,73.7,73.7,73.7,73.7,73.7,73.7,73.7,73.7,73.7,73.7,73.7,73.7,73.7,73.7,73.7,73.7,73.7,73.7,73.7,73.7,73.7,73.7,73.7,73.7,73.7,73.7,73.7,73.7,73.7,73.7,73.7,73.7,73.7,73.7,80.7,80.7,80.7,80.7,80.7,80.7,80.7,80.7,80.7,80.7,80.7,80.7,80.7,80.7,80.7,80.7,80.7,80.7,80.7,80.7,80.7,80.7,80.7,80.7,80.7,80.7,80.7,80.7,80.7,80.7,80.7,80.7,80.7,80.7,80.7,80.7,80.7,80.7,80.7,80.7,80.7,80.7,80.7,80.7,80.7,80.7,80.7,80.7,80.7,80.7,80.7,80.7,81.9,81.9,81.9,81.9,81.9,81.9,81.9,81.9,81.9,81.9,81.9,81.9,81.9,81.9,81.9,81.9,81.9,81.9,81.9,81.9,81.9,81.9,81.9,81.9,81.9,81.9,81.9,81.9,81.9,81.9,81.9,81.9,81.9,81.9,81.9,81.9,81.9,81.9,81.9,81.9,81.9,81.9,81.9,81.9,81.9,89.9,89.9,89.9,89.9,89.9,89.9,89.9,89.9,89.9,89.9,89.9,89.9,89.9,89.9,89.9,89.9,89.9,89.9,89.9,89.9,89.9,,94.9,94.9,94.9,94.9,95.4,95.4,95.4,95.4,95.4,95.4,95.4,95.4,95.4,95.4,95.4,95.4,95.4,95.4,95.4,95.4,95.4,95.4,95.4,95.4,95.4,95.4,95.4,95.4,95.4,95.4,95.4,95.4,95.4,95.4,95.4,,97.5,97.5,97.5,97.5,97.5,97.5,97.5,97.5,97.5,97.5,97.5,97.5,97.5,97.5,97.5,97.5,97.5,97.5,97.5,97.5,97.5,97.5,97.5,97.5,97.5,97.5,97.5,97.5,97.5,97.5,97.5,97.5,97.5,97.5,97.5,97.5,97.5,97.5,97.5,97.5,97.5,97.5,97.5,97.5,97.5,,96.0,96.0,96.0,96.0,96.0,96.0,96.0,96.0,96.0,96.0,96.0,96.0,96.0,96.0,96.0,96.0,96.0,96.0,96.0,96.0,96.0,96.0,96.0,96.0,96.0,96.0,96.0,96.0,96.0,96.0,96.0,96.0,109.9,109.9,109.9,109.9,109.9,109.9,109.9,109.9,109.9,109.9,109.9,109.9,109.9,109.9,109.9,109.9,109.9,109.9,109.9,109.9,109.9,109.9,109.9,109.9,109.9,109.9,109.9,109.9,109.9,109.9,109.9,109.9,109.9,109.9,109.9,109.855,109.855,109.855,109.855,109.855,109.855,115.767,115.767,115.767,115.767,115.767,115.767,115.767,115.767,115.767,115.767,115.767,115.767,115.767,115.767,115.767,115.767,115.767,115.767,115.767,115.767,115.767,115.767,115.767,115.767,115.767,115.767,115.767,115.767,115.767,115.767,115.767,115.767,115.767,115.767,115.767,115.767,115.767,115.767,115.767,115.767,115.767,115.767,115.767,115.767,115.767,115.767,115.767,115.767,115.767,115.767,115.767,115.767,115.767,115.767,115.767,115.767,115.767,115.767,115.767,115.767
1976-10-01,72.9,72.9,72.9,72.9,72.9,72.9,72.9,72.9,72.9,72.9,72.9,72.9,72.9,72.9,72.9,72.9,72.9,72.9,72.9,72.9,72.9,72.9,72.9,72.9,72.9,72.9,72.9,72.9,72.9,72.9,72.9,72.9,72.9,72.9,72.9,72.9,72.9,72.9,72.9,72.9,72.9,72.9,80.2,80.2,80.2,80.2,80.2,80.2,80.2,80.2,80.2,80.2,80.2,80.2,80.2,80.2,80.2,80.2,80.2,80.2,80.2,80.2,80.2,80.2,80.2,80.2,80.2,80.2,80.2,80.2,80.2,80.2,80.2,80.2,80.2,80.2,80.2,80.2,80.2,80.2,80.2,80.2,80.2,80.2,80.2,80.2,80.2,80.2,80.2,80.2,80.2,80.2,80.2,80.2,82.1,82.1,82.1,82.1,82.1,82.1,82.1,82.1,82.1,82.1,82.1,82.1,82.1,82.1,82.1,82.1,82.1,82.1,82.1,82.1,82.1,82.1,82.1,82.1,82.1,82.1,82.1,82.1,82.1,82.1,82.1,82.1,82.1,79.5,79.5,79.5,79.5,79.5,79.5,79.5,79.5,79.5,79.5,79.5,79.5,90.2,90.2,90.2,90.2,90.2,90.2,90.2,90.2,90.2,90.2,90.2,90.2,90.2,90.2,90.2,90.2,90.2,90.2,90.2,90.2,90.2,,95.8,95.8,95.8,95.8,96.3,96.3,96.3,96.3,96.3,96.3,96.3,96.3,96.3,96.3,96.3,96.3,96.3,96.3,96.3,96.3,96.3,96.3,96.3,96.3,96.3,96.3,96.3,96.3,96.3,96.3,96.3,96.3,96.3,96.3,96.3,,97.6,97.6,97.6,97.6,97.6,97.6,97.6,97.6,97.6,97.6,97.6,97.6,97.6,97.6,97.6,97.6,97.6,97.6,97.6,97.6,97.6,97.6,97.6,97.6,97.6,97.6,97.6,97.6,97.6,97.6,97.6,97.6,97.6,97.6,97.6,97.6,97.6,97.6,97.6,97.6,97.6,97.6,97.6,97.6,97.6,,95.9,95.9,95.9,95.9,95.9,95.9,95.9,95.9,95.9,95.9,95.9,95.9,95.9,95.9,95.9,95.9,95.9,95.9,95.9,95.9,95.9,95.9,95.9,95.9,95.9,95.9,95.9,95.9,95.9,95.9,95.9,95.9,109.9,109.9,109.9,109.9,109.9,109.9,109.9,109.9,109.9,109.9,109.9,109.9,109.9,109.9,109.9,109.9,109.9,109.9,109.9,109.9,109.9,109.9,109.9,109.9,109.9,109.9,109.9,109.9,109.9,109.9,109.9,109.9,109.9,109.9,109.9,109.883,109.883,109.883,109.883,109.883,109.883,115.875,115.875,115.875,115.875,115.875,115.875,115.875,115.875,115.875,115.875,115.875,115.875,115.875,115.875,115.875,115.875,115.875,115.875,115.875,115.875,115.875,115.875,115.875,115.875,115.875,115.875,115.875,115.875,115.875,115.875,115.875,115.875,115.875,115.875,115.875,115.875,115.875,115.875,115.875,115.875,115.875,115.875,115.875,115.875,115.875,115.875,115.875,115.875,115.875,115.875,115.875,115.875,115.875,115.875,115.875,115.875,115.875,115.875,115.875,115.875
1977-01-01,82.0,82.0,82.0,82.0,82.0,82.0,82.0,82.0,82.0,82.0,82.0,82.0,80.4,80.4,80.4,80.4,80.4,80.4,80.4,80.4,80.4,80.4,80.4,80.4,80.4,80.4,80.4,80.4,80.4,80.4,80.4,80.4,80.4,80.4,80.4,80.4,80.4,80.4,80.4,80.4,80.4,80.4,86.4,86.4,86.4,86.4,86.4,86.4,86.4,86.4,86.4,86.4,86.4,86.4,86.4,86.4,86.4,86.4,86.4,86.4,86.4,86.4,86.4,86.4,86.4,86.4,86.4,86.4,86.4,86.4,86.4,86.4,86.4,86.4,86.4,86.4,86.4,86.4,86.4,86.4,86.4,86.4,86.4,86.4,86.4,86.4,86.4,86.4,86.4,86.4,86.4,86.4,86.4,86.4,87.6,87.6,87.6,87.6,87.6,87.6,87.6,87.6,87.6,87.6,87.6,87.6,87.6,87.6,87.6,87.6,87.6,87.6,87.6,87.6,87.6,87.6,87.6,87.6,87.6,87.6,87.6,87.6,87.6,87.6,87.6,87.6,87.6,81.8,81.8,81.8,81.8,81.8,81.8,81.8,81.8,81.8,81.8,81.8,81.8,96.1,96.1,96.1,96.1,96.1,96.1,96.1,96.1,96.1,96.1,96.1,96.1,96.1,96.1,96.1,96.1,96.1,96.1,96.1,96.1,96.1,,100.7,100.7,100.7,100.7,101.2,101.2,101.2,101.2,101.2,101.2,101.2,101.2,101.2,101.2,101.2,101.2,101.2,101.2,101.2,101.2,101.2,101.2,101.2,101.2,101.2,101.2,101.2,101.2,101.2,101.2,101.2,101.2,101.2,101.2,101.2,,101.9,101.9,101.9,101.9,101.9,101.9,101.9,101.9,101.9,101.9,101.9,101.9,101.9,101.9,101.9,101.9,101.9,101.9,101.9,101.9,101.9,101.9,101.9,101.9,101.9,101.9,101.9,101.9,101.9,101.9,101.9,101.9,101.9,101.9,101.9,101.9,101.9,101.9,101.9,101.9,101.9,101.9,101.9,101.9,101.9,,101.5,101.5,101.5,101.5,101.5,101.5,101.5,101.5,101.5,101.5,101.5,101.5,101.5,101.5,101.5,101.5,101.5,101.5,101.5,101.5,101.5,101.5,101.5,101.5,101.5,101.5,101.5,101.5,101.5,101.5,101.5,101.5,115.3,115.3,115.3,115.3,115.3,115.3,115.3,115.3,115.3,115.3,115.3,115.3,115.3,115.3,115.3,115.3,115.3,115.3,115.3,115.3,115.3,115.3,115.3,115.3,115.3,115.3,115.3,115.3,115.3,115.3,115.3,115.3,115.3,115.3,115.3,115.318,115.318,115.318,115.318,115.318,115.318,121.202,121.202,121.202,121.202,121.202,121.202,121.202,121.202,121.202,121.202,121.202,121.202,121.202,121.202,121.202,121.202,121.202,121.202,121.202,121.202,121.202,121.202,121.202,121.202,121.202,121.202,121.202,121.202,121.202,121.202,121.202,121.202,121.202,121.202,121.202,121.202,121.202,121.202,121.202,121.202,121.202,121.202,121.202,121.202,121.202,121.202,121.202,121.202,121.202,121.202,121.202,121.202,121.202,121.202,121.202,121.202,121.202,121.202,121.202,121.202
1977-04-01,90.9,90.9,90.9,90.9,90.9,90.9,90.9,90.9,90.9,90.9,90.9,90.9,94.5,94.5,94.5,94.5,94.5,94.5,94.5,94.5,94.5,94.5,94.5,94.5,94.5,94.5,94.5,94.5,94.5,94.5,94.5,94.5,94.5,94.5,94.5,94.5,94.5,94.5,94.5,94.5,94.5,94.5,101.7,101.7,101.7,101.7,101.7,101.7,101.7,101.7,101.7,101.7,101.7,101.7,101.7,101.7,101.7,101.7,101.7,101.7,101.7,101.7,101.7,101.7,101.7,101.7,101.7,101.7,101.7,101.7,101.7,101.7,101.7,101.7,101.7,101.7,101.7,101.7,101.7,101.7,101.7,101.7,101.7,101.7,101.7,101.7,101.7,101.7,101.7,101.7,101.7,101.7,101.7,101.7,102.3,102.3,102.3,102.3,102.3,102.3,102.3,102.3,102.3,102.3,102.3,102.3,102.3,102.3,102.3,102.3,102.3,102.3,102.3,102.3,102.3,102.3,102.3,102.3,102.3,102.3,102.3,102.3,102.3,102.3,102.3,102.3,102.3,95.2,95.2,95.2,95.2,95.2,95.2,95.2,95.2,95.2,95.2,95.2,95.2,110.9,110.9,110.9,110.9,110.9,110.9,110.9,110.9,110.9,110.9,110.9,110.9,110.9,110.9,110.9,110.9,110.9,110.9,110.9,110.9,110.9,,116.7,116.7,116.7,116.7,117.1,117.1,117.1,117.1,117.1,117.1,117.1,117.1,117.1,117.1,117.1,117.1,117.1,117.1,117.1,117.1,117.1,117.1,117.1,117.1,117.1,117.1,117.1,117.1,117.1,117.1,117.1,117.1,117.1,117.1,117.1,,117.5,117.5,117.5,117.5,117.5,117.5,117.5,117.5,117.5,117.5,117.5,117.5,117.5,117.5,117.5,117.5,117.5,117.5,117.5,117.5,117.5,117.5,117.5,117.5,117.5,117.5,117.5,117.5,117.5,117.5,117.5,117.5,117.5,117.5,117.5,117.5,117.5,117.5,117.5,117.5,117.5,117.5,117.5,117.5,117.5,,117.1,117.1,117.1,117.1,117.1,117.1,117.1,117.1,117.1,117.1,117.1,117.1,117.1,117.1,117.1,117.1,117.1,117.1,117.1,117.1,117.1,117.1,117.1,117.1,117.1,117.1,117.1,117.1,117.1,117.1,117.1,117.1,130.5,130.5,130.5,130.5,130.5,130.5,130.5,130.5,130.5,130.5,130.5,130.5,130.5,130.5,130.5,130.5,130.5,130.5,130.5,130.5,130.5,130.5,130.5,130.5,130.5,130.5,130.5,130.5,130.5,130.5,130.5,130.5,130.5,130.5,130.5,130.526,130.526,130.526,130.526,130.526,130.526,136.491,136.491,136.491,136.491,136.491,136.491,136.491,136.491,136.491,136.491,136.491,136.491,136.491,136.491,136.491,136.491,136.491,136.491,136.491,136.491,136.491,136.491,136.491,136.491,136.491,136.491,136.491,136.491,136.491,136.491,136.491,136.491,136.491,136.491,136.491,136.491,136.491,136.491,136.491,136.491,136.491,136.491,136.491,136.491,136.491,136.491,136.491,136.491,136.491,136.491,136.491,136.491,136.491,136.491,136.491,136.491,136.491,136.491,136.491,136.491
1977-07-01,102.5,102.5,102.5,102.5,102.5,102.5,102.5,102.5,102.5,102.5,102.5,102.5,107.2,107.2,107.2,107.2,107.2,107.2,107.2,107.2,107.2,107.2,107.2,107.2,107.2,107.2,107.2,107.2,107.2,107.2,107.2,107.2,107.2,107.2,107.2,107.2,107.2,107.2,107.2,107.2,107.2,107.2,113.8,113.8,113.8,113.8,113.8,113.8,113.8,113.8,113.8,113.8,113.8,113.8,113.8,113.8,113.8,113.8,113.8,113.8,113.8,113.8,113.8,113.8,113.8,113.8,113.8,113.8,113.8,113.8,113.8,113.8,113.8,113.8,113.8,113.8,113.8,113.8,113.8,113.8,113.8,113.8,113.8,113.8,113.8,113.8,113.8,113.8,113.8,113.8,113.8,113.8,113.8,113.8,114.4,114.4,114.4,114.4,114.4,114.4,114.4,114.4,114.4,114.4,114.4,114.4,114.4,114.4,114.4,114.4,114.4,114.4,114.4,114.4,114.4,114.4,114.4,114.4,114.4,114.4,114.4,114.4,114.4,114.4,114.4,114.4,114.4,104.7,104.7,104.7,104.7,104.7,104.7,104.7,104.7,104.7,104.7,104.7,104.7,122.9,122.9,122.9,122.9,122.9,122.9,122.9,122.9,122.9,122.9,122.9,122.9,122.9,122.9,122.9,122.9,122.9,122.9,122.9,122.9,122.9,,129.8,129.8,129.8,129.8,130.2,130.2,130.2,130.2,130.2,130.2,130.2,130.2,130.2,130.2,130.2,130.2,130.2,130.2,130.2,130.2,130.2,130.2,130.2,130.2,130.2,130.2,130.2,130.2,130.2,130.2,130.2,130.2,130.2,130.2,130.2,,130.3,130.3,130.3,130.3,130.3,130.3,130.3,130.3,130.3,130.3,130.3,130.3,130.3,130.3,130.3,130.3,130.3,130.3,130.3,130.3,130.3,130.3,130.3,130.3,130.3,130.3,130.3,130.3,130.3,130.3,130.3,130.3,130.3,130.3,130.3,130.3,130.3,130.3,130.3,130.3,130.3,130.3,130.3,130.3,130.3,,129.4,129.4,129.4,129.4,129.4,129.4,129.4,129.4,129.4,129.4,129.4,129.4,129.4,129.4,129.4,129.4,129.4,129.4,129.4,129.4,129.4,129.4,129.4,129.4,129.4,129.4,129.4,129.4,129.4,129.4,129.4,129.4,142.9,142.9,142.9,142.9,142.9,142.9,142.9,142.9,142.9,142.9,142.9,142.9,142.9,142.9,142.9,142.9,142.9,142.9,142.9,142.9,142.9,142.9,142.9,142.9,142.9,142.9,142.9,142.9,142.9,142.9,142.9,142.9,142.9,142.9,142.9,142.894,142.894,142.894,142.894,142.894,142.894,148.802,148.802,148.802,148.802,148.802,148.802,148.802,148.802,148.802,148.802,148.802,148.802,148.802,148.802,148.802,148.802,148.802,148.802,148.802,148.802,148.802,148.802,148.802,148.802,148.802,148.802,148.802,148.802,148.802,148.802,148.802,148.802,148.802,148.802,148.802,148.802,148.802,148.802,148.802,148.802,148.802,148.802,148.802,148.802,148.802,148.802,148.802,148.802,148.802,148.802,148.802,148.802,148.802,148.802,148.802,148.802,148.802,148.802,148.802,148.802
1977-10-01,93.4,93.4,93.4,93.4,93.4,93.4,93.4,93.4,93.4,93.4,93.4,93.4,96.1,96.1,96.1,96.1,96.1,96.1,96.1,96.1,96.1,96.1,96.1,96.1,96.1,96.1,96.1,96.1,96.1,96.1,96.1,96.1,96.1,96.1,96.1,96.1,96.1,96.1,96.1,96.1,96.1,96.1,105.1,105.1,105.1,105.1,105.1,105.1,105.1,105.1,105.1,105.1,105.1,105.1,105.1,105.1,105.1,105.1,105.1,105.1,105.1,105.1,105.1,105.1,105.1,105.1,105.1,105.1,105.1,105.1,105.1,105.1,105.1,105.1,105.1,105.1,105.1,105.1,105.1,105.1,105.1,105.1,105.1,105.1,105.1,105.1,105.1,105.1,105.1,105.1,105.1,105.1,105.1,105.1,106.1,106.1,106.1,106.1,106.1,106.1,106.1,106.1,106.1,106.1,106.1,106.1,106.1,106.1,106.1,106.1,106.1,106.1,106.1,106.1,106.1,106.1,106.1,106.1,106.1,106.1,106.1,106.1,106.1,106.1,106.1,106.1,106.1,95.1,95.1,95.1,95.1,95.1,95.1,95.1,95.1,95.1,95.1,95.1,95.1,115.2,115.2,115.2,115.2,115.2,115.2,115.2,115.2,115.2,115.2,115.2,115.2,115.2,115.2,115.2,115.2,115.2,115.2,115.2,115.2,115.2,,122.7,122.7,122.7,122.7,123.1,123.1,123.1,123.1,123.1,123.1,123.1,123.1,123.1,123.1,123.1,123.1,123.1,123.1,123.1,123.1,123.1,123.1,123.1,123.1,123.1,123.1,123.1,123.1,123.1,123.1,123.1,123.1,123.1,123.1,123.1,,122.3,122.3,122.3,122.3,122.3,122.3,122.3,122.3,122.3,122.3,122.3,122.3,122.3,122.3,122.3,122.3,122.3,122.3,122.3,122.3,122.3,122.3,122.3,122.3,122.3,122.3,122.3,122.3,122.3,122.3,122.3,122.3,122.3,122.3,122.3,122.3,122.3,122.3,122.3,122.3,122.3,122.3,122.3,122.3,122.3,,121.6,121.6,121.6,121.6,121.6,121.6,121.6,121.6,121.6,121.6,121.6,121.6,121.6,121.6,121.6,121.6,121.6,121.6,121.6,121.6,121.6,121.6,121.6,121.6,121.6,121.6,121.6,121.6,121.6,121.6,121.6,121.6,136.6,136.6,136.6,136.6,136.6,136.6,136.6,136.6,136.6,136.6,136.6,136.6,136.6,136.6,136.6,136.6,136.6,136.6,136.6,136.6,136.6,136.6,136.6,136.6,136.6,136.6,136.6,136.6,136.6,136.6,136.6,136.6,136.6,136.6,136.6,136.63,136.63,136.63,136.63,136.63,136.63,142.623,142.623,142.623,142.623,142.623,142.623,142.623,142.623,142.623,142.623,142.623,142.623,142.623,142.623,142.623,142.623,142.623,142.623,142.623,142.623,142.623,142.623,142.623,142.623,142.623,142.623,142.623,142.623,142.623,142.623,142.623,142.623,142.623,142.623,142.623,142.623,142.623,142.623,142.623,142.623,142.623,142.623,142.623,142.623,142.623,142.623,142.623,142.623,142.623,142.623,142.623,142.623,142.623,142.623,142.623,142.623,142.623,142.623,142.623,142.623
1978-01-01,92.4,92.4,92.4,92.4,92.4,92.4,92.4,92.4,92.4,92.4,92.4,92.4,97.7,97.7,97.7,97.7,97.7,97.7,97.7,97.7,97.7,97.7,97.7,97.7,97.7,97.7,97.7,97.7,97.7,97.7,97.7,97.7,97.7,97.7,97.7,97.7,97.7,97.7,97.7,97.7,97.7,97.7,103.0,103.0,103.0,103.0,103.0,103.0,103.0,103.0,103.0,103.0,103.0,103.0,103.0,103.0,103.0,103.0,103.0,103.0,103.0,103.0,103.0,103.0,103.0,103.0,103.0,103.0,103.0,103.0,103.0,103.0,103.0,103.0,103.0,103.0,103.0,103.0,103.0,103.0,103.0,103.0,103.0,103.0,103.0,103.0,103.0,103.0,103.0,103.0,103.0,103.0,103.0,103.0,103.5,103.5,103.5,103.5,103.5,103.5,103.5,103.5,103.5,103.5,103.5,103.5,103.5,103.5,103.5,103.5,103.5,103.5,103.5,103.5,103.5,103.5,103.5,103.5,103.5,103.5,103.5,103.5,103.5,103.5,103.5,103.5,103.5,94.3,94.3,94.3,94.3,94.3,94.3,94.3,94.3,94.3,94.3,94.3,94.3,112.3,112.3,112.3,112.3,112.3,112.3,112.3,112.3,112.3,112.3,112.3,112.3,112.3,112.3,112.3,112.3,112.3,112.3,112.3,112.3,112.3,,120.4,120.4,120.4,120.4,120.8,120.8,120.8,120.8,120.8,120.8,120.8,120.8,120.8,120.8,120.8,120.8,120.8,120.8,120.8,120.8,120.8,120.8,120.8,120.8,120.8,120.8,120.8,120.8,120.8,120.8,120.8,120.8,120.8,120.8,120.8,,119.2,119.2,119.2,119.2,119.2,119.2,119.2,119.2,119.2,119.2,119.2,119.2,119.2,119.2,119.2,119.2,119.2,119.2,119.2,119.2,119.2,119.2,119.2,119.2,119.2,119.2,119.2,119.2,119.2,119.2,119.2,119.2,119.2,119.2,119.2,119.2,119.2,119.2,119.2,119.2,119.2,119.2,119.2,119.2,119.2,,120.0,120.0,120.0,120.0,120.0,120.0,120.0,120.0,120.0,120.0,120.0,120.0,120.0,120.0,120.0,120.0,120.0,120.0,120.0,120.0,120.0,120.0,120.0,120.0,120.0,120.0,120.0,120.0,120.0,120.0,120.0,120.0,137.4,137.4,137.4,137.4,137.4,137.4,137.4,137.4,137.4,137.4,137.4,137.4,137.4,137.4,137.4,137.4,137.4,137.4,137.4,137.4,137.4,137.4,137.4,137.4,137.4,137.4,137.4,137.4,137.4,137.4,137.4,137.4,137.4,137.4,137.4,137.442,137.442,137.442,137.442,137.442,137.442,143.746,143.746,143.746,143.746,143.746,143.746,143.746,143.746,143.746,143.746,143.746,143.746,143.746,143.746,143.746,143.746,143.746,143.746,143.746,143.746,143.746,143.746,143.746,143.746,143.746,143.746,143.746,143.746,143.746,143.746,143.746,143.746,143.746,143.746,143.746,143.746,143.746,143.746,143.746,143.746,143.746,143.746,143.746,143.746,143.746,143.746,143.746,143.746,143.746,143.746,143.746,143.746,143.746,143.746,143.746,143.746,143.746,143.746,143.746,143.746
1978-04-01,101.9,101.9,101.9,101.9,101.9,101.9,101.9,101.9,101.9,101.9,101.9,101.9,109.4,109.4,109.4,109.4,109.4,109.4,109.4,109.4,109.4,109.4,109.4,109.4,109.4,109.4,109.4,109.4,109.4,109.4,109.4,109.4,109.4,109.4,109.4,109.4,109.4,109.4,109.4,109.4,109.4,109.4,114.0,114.0,114.0,114.0,114.0,114.0,114.0,114.0,114.0,114.0,114.0,114.0,114.0,114.0,114.0,114.0,114.0,114.0,114.0,114.0,114.0,114.0,114.0,114.0,114.0,114.0,114.0,114.0,114.0,114.0,114.0,114.0,114.0,114.0,114.0,114.0,114.0,114.0,114.0,114.0,114.0,114.0,114.0,114.0,114.0,114.0,114.0,114.0,114.0,114.0,114.0,114.0,116.3,116.3,116.3,116.3,116.3,116.3,116.3,116.3,116.3,116.3,116.3,116.3,116.3,116.3,116.3,116.3,116.3,116.3,116.3,116.3,116.3,116.3,116.3,116.3,116.3,116.3,116.3,116.3,116.3,116.3,116.3,116.3,116.3,108.0,108.0,108.0,108.0,108.0,108.0,108.0,108.0,108.0,108.0,108.0,108.0,125.5,125.5,125.5,125.5,125.5,125.5,125.5,125.5,125.5,125.5,125.5,125.5,125.5,125.5,125.5,125.5,125.5,125.5,125.5,125.5,125.5,,133.7,133.7,133.7,133.7,134.1,134.1,134.1,134.1,134.1,134.1,134.1,134.1,134.1,134.1,134.1,134.1,134.1,134.1,134.1,134.1,134.1,134.1,134.1,134.1,134.1,134.1,134.1,134.1,134.1,134.1,134.1,134.1,134.1,134.1,134.1,,132,132,132,132,132,132,132,132,132,132,132,132,132,132,132,132,132,132,132,132,132,132,132,132,132,132,132,132,132,132,132,132,132,132,132,132,132,132,132,132,132,132,132,132,132,,133.6,133.6,133.6,133.6,133.6,133.6,133.6,133.6,133.6,133.6,133.6,133.6,133.6,133.6,133.6,133.6,133.6,133.6,133.6,133.6,133.6,133.6,133.6,133.6,133.6,133.6,133.6,133.6,133.6,133.6,133.6,133.6,153.1,153.1,153.1,153.1,153.1,153.1,153.1,153.1,153.1,153.1,153.1,153.1,153.1,153.1,153.1,153.1,153.1,153.1,153.1,153.1,153.1,153.1,153.1,153.1,153.1,153.1,153.1,153.1,153.1,153.1,153.1,153.1,153.1,153.1,153.1,153.108,153.108,153.108,153.108,153.108,153.108,159.716,159.716,159.716,159.716,159.716,159.716,159.716,159.716,159.716,159.716,159.716,159.716,159.716,159.716,159.716,159.716,159.716,159.716,159.716,159.716,159.716,159.716,159.716,159.716,159.716,159.716,159.716,159.716,159.716,159.716,159.716,159.716,159.716,159.716,159.716,159.716,159.716,159.716,159.716,159.716,159.716,159.716,159.716,159.716,159.716,159.716,159.716,159.716,159.716,159.716,159.716,159.716,159.716,159.716,159.716,159.716,159.716,159.716,159.716,159.716
1978-07-01,105.4,105.4,105.4,105.4,105.4,105.4,105.4,105.4,105.4,105.4,105.4,105.4,112.8,112.8,112.8,112.8,112.8,112.8,112.8,112.8,112.8,112.8,112.8,112.8,112.8,112.8,112.8,112.8,112.8,112.8,112.8,112.8,112.8,112.8,112.8,112.8,112.8,112.8,112.8,112.8,112.8,112.8,117.0,117.0,117.0,117.0,117.0,117.0,117.0,117.0,117.0,117.0,117.0,117.0,117.0,117.0,117.0,117.0,117.0,117.0,117.0,117.0,117.0,117.0,117.0,117.0,117.0,117.0,117.0,117.0,117.0,117.0,117.0,117.0,117.0,117.0,117.0,117.0,117.0,117.0,117.0,117.0,117.0,117.0,117.0,117.0,117.0,117.0,117.0,117.0,117.0,117.0,117.0,117.0,119.7,119.7,119.7,119.7,119.7,119.7,119.7,119.7,119.7,119.7,119.7,119.7,119.7,119.7,119.7,119.7,119.7,119.7,119.7,119.7,119.7,119.7,119.7,119.7,119.7,119.7,119.7,119.7,119.7,119.7,119.7,119.7,119.7,112.2,112.2,112.2,112.2,112.2,112.2,112.2,112.2,112.2,112.2,112.2,112.2,129.3,129.3,129.3,129.3,129.3,129.3,129.3,129.3,129.3,129.3,129.3,129.3,129.3,129.3,129.3,129.3,129.3,129.3,129.3,129.3,129.3,,136.9,136.9,136.9,136.9,137.3,137.3,137.3,137.3,137.3,137.3,137.3,137.3,137.3,137.3,137.3,137.3,137.3,137.3,137.3,137.3,137.3,137.3,137.3,137.3,137.3,137.3,137.3,137.3,137.3,137.3,137.3,137.3,137.3,137.3,137.3,,135.4,135.4,135.4,135.4,135.4,135.4,135.4,135.4,135.4,135.4,135.4,135.4,135.4,135.4,135.4,135.4,135.4,135.4,135.4,135.4,135.4,135.4,135.4,135.4,135.4,135.4,135.4,135.4,135.4,135.4,135.4,135.4,135.4,135.4,135.4,135.4,135.4,135.4,135.4,135.4,135.4,135.4,135.4,135.4,135.4,,137.7,137.7,137.7,137.7,137.7,137.7,137.7,137.7,137.7,137.7,137.7,137.7,137.7,137.7,137.7,137.7,137.7,137.7,137.7,137.7,137.7,137.7,137.7,137.7,137.7,137.7,137.7,137.7,137.7,137.7,137.7,137.7,158.8,158.8,158.8,158.8,158.8,158.8,158.8,158.8,158.8,158.8,158.8,158.8,158.8,158.8,158.8,158.8,158.8,158.8,158.8,158.8,158.8,158.8,158.8,158.8,158.8,158.8,158.8,158.8,158.8,158.8,158.8,158.8,158.8,158.8,158.8,158.796,158.796,158.796,158.796,158.796,158.796,165.997,165.997,165.997,165.997,165.997,165.997,165.997,165.997,165.997,165.997,165.997,165.997,165.997,165.997,165.997,165.997,165.997,165.997,165.997,165.997,165.997,165.997,165.997,165.997,165.997,165.997,165.997,165.997,165.997,165.997,165.997,165.997,165.997,165.997,165.997,165.997,165.997,165.997,165.997,165.997,165.997,165.997,165.997,165.997,165.997,165.997,165.997,165.997,165.997,165.997,165.997,165.997,165.997,165.997,165.997,165.997,165.997,165.997,165.997,165.997
1978-10-01,110.4,110.4,110.4,110.4,110.4,110.4,110.4,110.4,110.4,110.4,110.4,110.4,116.6,116.6,116.6,116.6,116.6,116.6,116.6,116.6,116.6,116.6,116.6,116.6,116.6,116.6,116.6,116.6,116.6,116.6,116.6,116.6,116.6,116.6,116.6,116.6,116.6,116.6,116.6,116.6,116.6,116.6,120.9,120.9,120.9,120.9,120.9,120.9,120.9,120.9,120.9,120.9,120.9,120.9,120.9,120.9,120.9,120.9,120.9,120.9,120.9,120.9,120.9,120.9,120.9,120.9,120.9,120.9,120.9,120.9,120.9,120.9,120.9,120.9,120.9,120.9,120.9,120.9,120.9,120.9,120.9,120.9,120.9,120.9,120.9,120.9,120.9,120.9,120.9,120.9,120.9,120.9,120.9,120.9,125.1,125.1,125.1,125.1,125.1,125.1,125.1,125.1,125.1,125.1,125.1,125.1,125.1,125.1,125.1,125.1,125.1,125.1,125.1,125.1,125.1,125.1,125.1,125.1,125.1,125.1,125.1,125.1,125.1,125.1,125.1,125.1,125.1,117.9,117.9,117.9,117.9,117.9,117.9,117.9,117.9,117.9,117.9,117.9,117.9,135.1,135.1,135.1,135.1,135.1,135.1,135.1,135.1,135.1,135.1,135.1,135.1,135.1,135.1,135.1,135.1,135.1,135.1,135.1,135.1,135.1,,142.2,142.2,142.2,142.2,142.7,142.7,142.7,142.7,142.7,142.7,142.7,142.7,142.7,142.7,142.7,142.7,142.7,142.7,142.7,142.7,142.7,142.7,142.7,142.7,142.7,142.7,142.7,142.7,142.7,142.7,142.7,142.7,142.7,142.7,142.7,,140.4,140.4,140.4,140.4,140.4,140.4,140.4,140.4,140.4,140.4,140.4,140.4,140.4,140.4,140.4,140.4,140.4,140.4,140.4,140.4,140.4,140.4,140.4,140.4,140.4,140.4,140.4,140.4,140.4,140.4,140.4,140.4,140.4,140.4,140.4,140.4,140.4,140.4,140.4,140.4,140.4,140.4,140.4,140.4,140.4,,143.0,143.0,143.0,143.0,143.0,143.0,143.0,143.0,143.0,143.0,143.0,143.0,143.0,143.0,143.0,143.0,143.0,143.0,143.0,143.0,143.0,143.0,143.0,143.0,143.0,143.0,143.0,143.0,143.0,143.0,143.0,143.0,165.5,165.5,165.5,165.5,165.5,165.5,165.5,165.5,165.5,165.5,165.5,165.5,165.5,165.5,165.5,165.5,165.5,165.5,165.5,165.5,165.5,165.5,165.5,165.5,165.5,165.5,165.5,165.5,165.5,165.5,165.5,165.5,165.5,165.5,165.5,165.497,165.497,165.497,165.497,165.497,165.497,173.409,173.409,173.409,173.409,173.409,173.409,173.409,173.409,173.409,173.409,173.409,173.409,173.409,173.409,173.409,173.409,173.409,173.409,173.409,173.409,173.409,173.409,173.409,173.409,173.409,173.409,173.409,173.409,173.409,173.409,173.409,173.409,173.409,173.409,173.409,173.409,173.409,173.409,173.409,173.409,173.409,173.409,173.409,173.409,173.409,173.409,173.409,173.409,173.409,173.409,173.409,173.409,173.409,173.409,173.409,173.409,173.409,173.409,173.409,173.409
1979-01-01,113.3,113.3,113.3,113.3,113.3,113.3,113.3,113.3,113.3,113.3,113.3,113.3,111.2,111.2,111.2,111.2,111.2,111.2,111.2,111.2,111.2,111.2,111.2,111.2,111.2,111.2,111.2,111.2,111.2,111.2,111.2,111.2,111.2,111.2,111.2,111.2,111.2,111.2,111.2,111.2,111.2,111.2,115.8,115.8,115.8,115.8,115.8,115.8,115.8,115.8,115.8,115.8,115.8,115.8,115.8,115.8,115.8,115.8,115.8,115.8,115.8,115.8,115.8,115.8,115.8,115.8,115.8,115.8,115.8,115.8,115.8,115.8,115.8,115.8,115.8,115.8,115.8,115.8,115.8,115.8,115.8,115.8,115.8,115.8,115.8,115.8,115.8,115.8,115.8,115.8,115.8,115.8,115.8,115.8,115.6,115.6,115.6,115.6,115.6,115.6,115.6,115.6,115.6,115.6,115.6,115.6,115.6,115.6,115.6,115.6,115.6,115.6,115.6,115.6,115.6,115.6,115.6,115.6,115.6,115.6,115.6,115.6,115.6,115.6,115.6,115.6,115.6,108.5,108.5,108.5,108.5,108.5,108.5,108.5,108.5,108.5,108.5,108.5,108.5,125.8,125.8,125.8,125.8,125.8,125.8,125.8,125.8,125.8,125.8,125.8,125.8,125.8,125.8,125.8,125.8,125.8,125.8,125.8,125.8,125.8,,135.0,135.0,135.0,135.0,135.4,135.4,135.4,135.4,135.4,135.4,135.4,135.4,135.4,135.4,135.4,135.4,135.4,135.4,135.4,135.4,135.4,135.4,135.4,135.4,135.4,135.4,135.4,135.4,135.4,135.4,135.4,135.4,135.4,135.4,135.4,,133.7,133.7,133.7,133.7,133.7,133.7,133.7,133.7,133.7,133.7,133.7,133.7,133.7,133.7,133.7,133.7,133.7,133.7,133.7,133.7,133.7,133.7,133.7,133.7,133.7,133.7,133.7,133.7,133.7,133.7,133.7,133.7,133.7,133.7,133.7,133.7,133.7,133.7,133.7,133.7,133.7,133.7,133.7,133.7,133.7,,136.0,136.0,136.0,136.0,136.0,136.0,136.0,136.0,136.0,136.0,136.0,136.0,136.0,136.0,136.0,136.0,136.0,136.0,136.0,136.0,136.0,136.0,136.0,136.0,136.0,136.0,136.0,136.0,136.0,136.0,136.0,136.0,159.6,159.6,159.6,159.6,159.6,159.6,159.6,159.6,159.6,159.6,159.6,159.6,159.6,159.6,159.6,159.6,159.6,159.6,159.6,159.6,159.6,159.6,159.6,159.6,159.6,159.6,159.6,159.6,159.6,159.6,159.6,159.6,159.6,159.6,159.6,159.584,159.584,159.584,159.584,159.584,159.584,167.768,167.768,167.768,167.768,167.768,167.768,167.768,167.768,167.768,167.768,167.768,167.768,167.768,167.768,167.768,167.768,167.768,167.768,167.768,167.768,167.768,167.768,167.768,167.768,167.768,167.768,167.768,167.768,167.768,167.768,167.768,167.768,167.768,167.768,167.768,167.768,167.768,167.768,167.768,167.768,168.104,168.104,168.104,168.104,168.104,168.104,168.104,168.104,168.104,168.104,168.104,168.104,168.104,168.104,168.104,168.104,168.104,168.104,168.104,168.104
1979-04-01,110.2,110.2,110.2,110.2,110.2,110.2,110.2,110.2,110.2,110.2,110.2,110.2,109.0,109.0,109.0,109.0,109.0,109.0,109.0,109.0,109.0,109.0,109.0,109.0,109.0,109.0,109.0,109.0,109.0,109.0,109.0,109.0,109.0,109.0,109.0,109.0,109.0,109.0,109.0,109.0,109.0,109.0,114.8,114.8,114.8,114.8,114.8,114.8,114.8,114.8,114.8,114.8,114.8,114.8,114.8,114.8,114.8,114.8,114.8,114.8,114.8,114.8,114.8,114.8,114.8,114.8,114.8,114.8,114.8,114.8,114.8,114.8,114.8,114.8,114.8,114.8,114.8,114.8,114.8,114.8,114.8,114.8,114.8,114.8,114.8,114.8,114.8,114.8,114.8,114.8,114.8,114.8,114.8,114.8,115.2,115.2,115.2,115.2,115.2,115.2,115.2,115.2,115.2,115.2,115.2,115.2,115.2,115.2,115.2,115.2,115.2,115.2,115.2,115.2,115.2,115.2,115.2,115.2,115.2,115.2,115.2,115.2,115.2,115.2,115.2,115.2,115.2,106.7,106.7,106.7,106.7,106.7,106.7,106.7,106.7,106.7,106.7,106.7,106.7,125.9,125.9,125.9,125.9,125.9,125.9,125.9,125.9,125.9,125.9,125.9,125.9,125.9,125.9,125.9,125.9,125.9,125.9,125.9,125.9,125.9,,134.7,134.7,134.7,134.7,135.2,135.2,135.2,135.2,135.2,135.2,135.2,135.2,135.2,135.2,135.2,135.2,135.2,135.2,135.2,135.2,135.2,135.2,135.2,135.2,135.2,135.2,135.2,135.2,135.2,135.2,135.2,135.2,135.2,135.2,135.2,,133.8,133.8,133.8,133.8,133.8,133.8,133.8,133.8,133.8,133.8,133.8,133.8,133.8,133.8,133.8,133.8,133.8,133.8,133.8,133.8,133.8,133.8,133.8,133.8,133.8,133.8,133.8,133.8,133.8,133.8,133.8,133.8,133.8,133.8,133.8,133.8,133.8,133.8,133.8,133.8,133.8,133.8,133.8,133.8,133.8,,137.1,137.1,137.1,137.1,137.1,137.1,137.1,137.1,137.1,137.1,137.1,137.1,137.1,137.1,137.1,137.1,137.1,137.1,137.1,137.1,137.1,137.1,137.1,137.1,137.1,137.1,137.1,137.1,137.1,137.1,137.1,137.1,161.2,161.2,161.2,161.2,161.2,161.2,161.2,161.2,161.2,161.2,161.2,161.2,161.2,161.2,161.2,161.2,161.2,161.2,161.2,161.2,161.2,161.2,161.2,161.2,161.2,161.2,161.2,161.2,161.2,161.2,161.2,161.2,161.2,161.2,161.2,161.21,161.21,161.21,161.21,161.21,161.21,170.03,170.03,170.03,170.03,170.03,170.03,170.03,170.03,170.03,170.03,170.03,170.03,170.03,170.03,170.03,170.03,170.03,170.03,170.03,170.03,170.03,170.03,170.03,170.03,170.03,170.03,170.03,170.03,170.03,170.03,170.03,170.03,170.03,170.03,170.03,170.03,170.03,170.03,170.03,170.03,170.326,170.326,170.326,170.326,170.326,170.326,170.326,170.326,170.326,170.326,170.326,170.326,170.326,170.326,170.326,170.326,170.326,170.326,170.326,170.326
1979-07-01,111.1,111.1,111.1,111.1,111.1,111.1,111.1,111.1,111.1,111.1,111.1,111.1,109.7,109.7,109.7,109.7,109.7,109.7,109.7,109.7,109.7,109.7,109.7,109.7,109.7,109.7,109.7,109.7,109.7,109.7,109.7,109.7,109.7,109.7,109.7,109.7,109.7,109.7,109.7,109.7,109.7,109.7,113.5,113.5,113.5,113.5,113.5,113.5,113.5,113.5,113.5,113.5,113.5,113.5,113.5,113.5,113.5,113.5,113.5,113.5,113.5,113.5,113.5,113.5,113.5,113.5,113.5,113.5,113.5,113.5,113.5,113.5,113.5,113.5,113.5,113.5,113.5,113.5,113.5,113.5,113.5,113.5,113.5,113.5,113.5,113.5,113.5,113.5,113.5,113.5,113.5,113.5,113.5,113.5,114.6,114.6,114.6,114.6,114.6,114.6,114.6,114.6,114.6,114.6,114.6,114.6,114.6,114.6,114.6,114.6,114.6,114.6,114.6,114.6,114.6,114.6,114.6,114.6,114.6,114.6,114.6,114.6,114.6,114.6,114.6,114.6,114.6,105.6,105.6,105.6,105.6,105.6,105.6,105.6,105.6,105.6,105.6,105.6,105.6,125.3,125.3,125.3,125.3,125.3,125.3,125.3,125.3,125.3,125.3,125.3,125.3,125.3,125.3,125.3,125.3,125.3,125.3,125.3,125.3,125.3,,133.6,133.6,133.6,133.6,134.2,134.2,134.2,134.2,134.2,134.2,134.2,134.2,134.2,134.2,134.2,134.2,134.2,134.2,134.2,134.2,134.2,134.2,134.2,134.2,134.2,134.2,134.2,134.2,134.2,134.2,134.2,134.2,134.2,134.2,134.2,,133.2,133.2,133.2,133.2,133.2,133.2,133.2,133.2,133.2,133.2,133.2,133.2,133.2,133.2,133.2,133.2,133.2,133.2,133.2,133.2,133.2,133.2,133.2,133.2,133.2,133.2,133.2,133.2,133.2,133.2,133.2,133.2,133.2,133.2,133.2,133.2,133.2,133.2,133.2,133.2,133.2,133.2,133.2,133.2,133.2,,135.6,135.6,135.6,135.6,135.6,135.6,135.6,135.6,135.6,135.6,135.6,135.6,135.6,135.6,135.6,135.6,135.6,135.6,135.6,135.6,135.6,135.6,135.6,135.6,135.6,135.6,135.6,135.6,135.6,135.6,135.6,135.6,159.5,159.5,159.5,159.5,159.5,159.5,159.5,159.5,159.5,159.5,159.5,159.5,159.5,159.5,159.5,159.5,159.5,159.5,159.5,159.5,159.5,159.5,159.5,159.5,159.5,159.5,159.5,159.5,159.5,159.5,159.5,159.5,159.5,159.5,159.5,159.488,159.488,159.488,159.488,159.488,159.488,169.036,169.036,169.036,169.036,169.036,169.036,169.036,169.036,169.036,169.036,169.036,169.036,169.036,169.036,169.036,169.036,169.036,169.036,169.036,169.036,169.036,169.036,169.036,169.036,169.036,169.036,169.036,169.036,169.036,169.036,169.036,169.036,169.036,169.036,169.036,169.036,169.036,169.036,169.036,169.036,169.252,169.252,169.252,169.252,169.252,169.252,169.252,169.252,169.252,169.252,169.252,169.252,169.252,169.252,169.252,169.252,169.252,169.252,169.252,169.252
1979-10-01,102.2,102.2,102.2,102.2,102.2,102.2,102.2,102.2,102.2,102.2,102.2,102.2,98.9,98.9,98.9,98.9,98.9,98.9,98.9,98.9,98.9,98.9,98.9,98.9,98.9,98.9,98.9,98.9,98.9,98.9,98.9,98.9,98.9,98.9,98.9,98.9,98.9,98.9,98.9,98.9,98.9,98.9,104.2,104.2,104.2,104.2,104.2,104.2,104.2,104.2,104.2,104.2,104.2,104.2,104.2,104.2,104.2,104.2,104.2,104.2,104.2,104.2,104.2,104.2,104.2,104.2,104.2,104.2,104.2,104.2,104.2,104.2,104.2,104.2,104.2,104.2,104.2,104.2,104.2,104.2,104.2,104.2,104.2,104.2,104.2,104.2,104.2,104.2,104.2,104.2,104.2,104.2,104.2,104.2,112.7,112.7,112.7,112.7,112.7,112.7,112.7,112.7,112.7,112.7,112.7,112.7,112.7,112.7,112.7,112.7,112.7,112.7,112.7,112.7,112.7,112.7,112.7,112.7,112.7,112.7,112.7,112.7,112.7,112.7,112.7,112.7,112.7,103.3,103.3,103.3,103.3,103.3,103.3,103.3,103.3,103.3,103.3,103.3,103.3,123.4,123.4,123.4,123.4,123.4,123.4,123.4,123.4,123.4,123.4,123.4,123.4,123.4,123.4,123.4,123.4,123.4,123.4,123.4,123.4,123.4,,132.4,132.4,132.4,132.4,133.3,133.3,133.3,133.3,133.3,133.3,133.3,133.3,133.3,133.3,133.3,133.3,133.3,133.3,133.3,133.3,133.3,133.3,133.3,133.3,133.3,133.3,133.3,133.3,133.3,133.3,133.3,133.3,133.3,133.3,133.3,,132.3,132.3,132.3,132.3,132.3,132.3,132.3,132.3,132.3,132.3,132.3,132.3,132.3,132.3,132.3,132.3,132.3,132.3,132.3,132.3,132.3,132.3,132.3,132.3,132.3,132.3,132.3,132.3,132.3,132.3,132.3,132.3,132.3,132.3,132.3,132.3,132.3,132.3,132.3,132.3,132.3,132.3,132.3,132.3,132.3,,132.6,132.6,132.6,132.6,132.6,132.6,132.6,132.6,132.6,132.6,132.6,132.6,132.6,132.6,132.6,132.6,132.6,132.6,132.6,132.6,132.6,132.6,132.6,132.6,132.6,132.6,132.6,132.6,132.6,132.6,132.6,132.6,155.6,155.6,155.6,155.6,155.6,155.6,155.6,155.6,155.6,155.6,155.6,155.6,155.6,155.6,155.6,155.6,155.6,155.6,155.6,155.6,155.6,155.6,155.6,155.6,155.6,155.6,155.6,155.6,155.6,155.6,155.6,155.6,155.6,155.6,155.6,155.573,155.573,155.573,155.573,155.573,155.573,166.137,166.137,166.137,166.137,166.137,166.137,166.137,166.137,166.137,166.137,166.137,166.137,166.137,166.137,166.137,166.137,166.137,166.137,166.137,166.137,166.137,166.137,166.137,166.137,166.137,166.137,166.137,166.137,166.137,166.137,166.137,166.137,166.137,166.137,166.137,166.137,166.137,166.137,166.137,166.137,166.233,166.233,166.233,166.233,166.233,166.233,166.233,166.233,166.233,166.233,166.233,166.233,166.233,166.233,166.233,166.233,166.233,166.233,166.233,166.233
1980-01-01,106.0,106.0,106.0,106.0,106.0,106.0,106.0,106.0,106.0,106.0,106.0,106.0,100.0,100.0,100.0,100.0,100.0,100.0,100.0,100.0,100.0,92.6,92.6,92.6,92.6,92.6,92.6,92.6,92.6,92.6,92.6,92.6,92.6,92.6,92.6,92.6,92.6,92.6,92.6,92.6,92.6,92.6,96.6,96.6,96.6,96.6,96.6,96.6,96.6,96.6,96.6,96.6,96.6,96.6,96.6,96.6,96.6,96.6,96.6,96.6,96.6,96.6,96.6,96.6,96.6,96.6,96.6,96.6,96.6,96.6,96.6,96.6,96.6,96.6,96.6,96.6,96.6,96.6,96.6,96.6,96.6,96.6,96.6,96.6,96.6,96.6,96.6,96.6,96.6,96.6,96.6,96.6,96.6,96.6,100.4,100.4,100.4,100.4,100.4,100.4,100.4,100.4,100.4,100.4,100.4,100.4,100.4,100.4,100.4,100.4,100.4,100.4,100.4,100.4,100.4,100.4,100.4,100.4,100.4,100.4,100.4,100.4,100.4,100.4,100.4,100.4,100.4,89.6,89.6,89.6,89.6,89.6,89.6,89.6,89.6,89.6,89.6,89.6,89.6,110.4,110.4,110.4,110.4,110.4,110.4,110.4,110.4,110.4,110.4,110.4,110.4,110.4,110.4,110.4,110.4,110.4,110.4,110.4,110.4,110.4,,119.5,119.5,119.5,119.5,120.2,120.2,120.2,120.2,120.2,120.2,120.2,120.2,120.2,120.2,120.2,120.2,120.2,120.2,120.2,120.2,120.2,120.2,120.2,120.2,120.2,120.2,120.2,120.2,120.2,120.2,120.2,120.2,120.2,120.2,120.2,,119.7,119.7,119.7,119.7,119.7,119.7,119.7,119.7,119.7,119.7,119.7,119.7,119.7,119.7,119.7,119.7,119.7,119.7,119.7,119.7,119.7,119.7,119.7,119.7,119.7,119.7,119.7,119.7,119.7,119.7,119.7,119.7,119.7,119.7,119.7,119.7,119.7,119.7,119.7,119.7,119.7,119.7,119.7,119.7,119.7,,119.5,119.5,119.5,119.5,119.5,119.5,119.5,119.5,119.5,119.5,119.5,119.5,119.5,119.5,119.5,119.5,119.5,119.5,119.5,119.5,119.5,119.5,119.5,119.5,119.5,119.5,119.5,119.5,119.5,119.5,119.5,119.5,140.5,140.5,140.5,140.5,140.5,140.5,140.5,140.5,140.5,140.5,140.5,140.5,140.5,140.5,140.5,140.5,140.5,140.5,140.5,140.5,140.5,140.5,140.5,140.5,140.5,140.5,140.5,140.5,140.5,140.5,140.5,140.5,140.5,140.5,140.5,140.45,140.45,140.45,140.45,140.45,140.45,152.078,152.078,152.078,152.078,152.078,152.078,152.078,152.078,152.078,152.078,152.078,152.078,152.078,152.078,152.078,152.078,152.078,152.078,152.078,152.078,152.078,152.078,152.078,152.078,152.078,152.078,152.078,152.078,152.078,152.078,152.078,152.078,152.078,152.078,152.078,152.078,152.078,152.078,152.078,152.078,152.013,152.013,152.013,152.013,152.013,152.013,152.013,152.013,152.013,152.013,152.013,152.013,152.013,152.013,152.013,152.013,152.013,152.013,152.013,152.013
1980-04-01,97.8,97.8,97.8,97.8,97.8,97.8,97.8,97.8,97.8,97.8,97.8,97.8,98.9,98.9,98.9,98.9,98.9,98.9,98.9,98.9,98.9,93.5,93.5,93.5,93.5,93.5,93.5,93.5,93.5,93.5,93.5,93.5,93.5,93.5,93.5,93.5,93.5,93.5,93.5,93.5,93.5,93.5,95.2,95.2,95.2,95.2,95.2,95.2,95.2,95.2,95.2,95.2,95.2,95.2,95.2,95.2,95.2,95.2,95.2,95.2,95.2,95.2,95.2,95.2,95.2,95.2,95.2,95.2,95.2,95.2,95.2,95.2,95.2,95.2,95.2,95.2,95.2,95.2,95.2,95.2,95.2,95.2,95.2,95.2,95.2,95.2,95.2,95.2,95.2,95.2,95.2,95.2,95.2,95.2,89.1,89.1,89.1,89.1,89.1,89.1,89.1,89.1,89.1,89.1,89.1,89.1,89.1,89.1,89.1,89.1,89.1,89.1,89.1,89.1,89.1,89.1,89.1,89.1,89.1,89.1,89.1,89.1,89.1,89.1,89.1,89.1,89.1,77.9,77.9,77.9,77.9,77.9,77.9,77.9,77.9,77.9,77.9,77.9,77.9,99.3,99.3,99.3,99.3,99.3,99.3,99.3,99.3,99.3,99.3,99.3,99.3,99.3,99.3,99.3,99.3,99.3,99.3,99.3,99.3,99.3,,108.1,108.1,108.1,108.1,108.8,108.8,108.8,108.8,108.8,108.8,108.8,108.8,108.8,108.8,108.8,108.8,108.8,108.8,108.8,108.8,108.8,108.8,108.8,108.8,108.8,108.8,108.8,108.8,108.8,108.8,108.8,108.8,108.8,108.8,108.8,,108.6,108.6,108.6,108.6,108.6,108.6,108.6,108.6,108.6,108.6,108.6,108.6,108.6,108.6,108.6,108.6,108.6,108.6,108.6,108.6,108.6,108.6,108.6,108.6,108.6,108.6,108.6,108.6,108.6,108.6,108.6,108.6,108.6,108.6,108.6,108.6,108.6,108.6,108.6,108.6,108.6,108.6,108.6,108.6,108.6,,109.1,109.1,109.1,109.1,109.1,109.1,109.1,109.1,109.1,109.1,109.1,109.1,109.1,109.1,109.1,109.1,109.1,109.1,109.1,109.1,109.1,109.1,109.1,109.1,109.1,109.1,109.1,109.1,109.1,109.1,109.1,109.1,129.8,129.8,129.8,129.8,129.8,129.8,129.8,129.8,129.8,129.8,129.8,129.8,129.8,129.8,129.8,129.8,129.8,129.8,129.8,129.8,129.8,129.8,129.8,129.8,129.8,129.8,129.8,129.8,129.8,129.8,129.8,129.8,129.8,129.8,129.8,129.822,129.822,129.822,129.822,129.822,129.822,142.114,142.114,142.114,142.114,142.114,142.114,142.114,142.114,142.114,142.114,142.114,142.114,142.114,142.114,142.114,142.114,142.114,142.114,142.114,142.114,142.114,142.114,142.114,142.114,142.114,142.114,142.114,142.114,142.114,142.114,142.114,142.114,142.114,142.114,142.114,142.114,142.114,142.114,142.114,142.114,141.837,141.837,141.837,141.837,141.837,141.837,141.837,141.837,141.837,141.837,141.837,141.837,141.837,141.837,141.837,141.837,141.837,141.837,141.837,141.837
1980-07-01,99.5,99.5,99.5,99.5,99.5,99.5,99.5,99.5,99.5,99.5,99.5,99.5,95.6,95.6,95.6,95.6,95.6,95.6,95.6,95.6,95.6,88.6,88.6,88.6,88.6,88.6,88.6,88.6,88.6,88.6,88.6,88.6,88.6,88.6,88.6,88.6,88.6,88.6,88.6,88.6,88.6,88.6,89.1,89.1,89.1,89.1,89.1,89.1,89.1,89.1,89.1,89.1,89.1,89.1,89.1,89.1,89.1,89.1,89.1,89.1,89.1,89.1,89.1,89.1,89.1,89.1,89.1,89.1,89.1,89.1,89.1,89.1,89.1,89.1,89.1,89.1,89.1,89.1,89.1,89.1,89.1,89.1,89.1,89.1,89.1,89.1,89.1,89.1,89.1,89.1,89.1,89.1,89.1,89.1,87.3,87.3,87.3,87.3,87.3,87.3,87.3,87.3,87.3,87.3,87.3,87.3,87.3,87.3,87.3,87.3,87.3,87.3,87.3,87.3,87.3,87.3,87.3,87.3,87.3,87.3,87.3,87.3,87.3,87.3,87.3,87.3,87.3,76.9,76.9,76.9,76.9,76.9,76.9,76.9,76.9,76.9,76.9,76.9,76.9,97.9,97.9,97.9,97.9,97.9,97.9,97.9,97.9,97.9,97.9,97.9,97.9,97.9,97.9,97.9,97.9,97.9,97.9,97.9,97.9,97.9,,107.9,107.9,107.9,107.9,108.8,108.8,108.8,108.8,108.8,108.8,108.8,108.8,108.8,108.8,108.8,108.8,108.8,108.8,108.8,108.8,108.8,108.8,108.8,108.8,108.8,108.8,108.8,108.8,108.8,108.8,108.8,108.8,108.8,108.8,108.8,,109.2,109.2,109.2,109.2,109.2,109.2,109.2,109.2,109.2,109.2,109.2,109.2,109.2,109.2,109.2,109.2,109.2,109.2,109.2,109.2,109.2,109.2,109.2,109.2,109.2,109.2,109.2,109.2,109.2,109.2,109.2,109.2,109.2,109.2,109.2,109.2,109.2,109.2,109.2,109.2,109.2,109.2,109.2,109.2,109.2,,109.5,109.5,109.5,109.5,109.5,109.5,109.5,109.5,109.5,109.5,109.5,109.5,109.5,109.5,109.5,109.5,109.5,109.5,109.5,109.5,109.5,109.5,109.5,109.5,109.5,109.5,109.5,109.5,109.5,109.5,109.5,109.5,131.5,131.5,131.5,131.5,131.5,131.5,131.5,131.5,131.5,131.5,131.5,131.5,131.5,131.5,131.5,131.5,131.5,131.5,131.5,131.5,131.5,131.5,131.5,131.5,131.5,131.5,131.5,131.5,131.5,131.5,131.5,131.5,131.5,131.5,131.5,131.454,131.454,131.454,131.454,131.454,131.454,142.47,142.47,142.47,142.47,142.47,142.47,142.47,142.47,142.47,142.47,142.47,142.47,142.47,142.47,142.47,142.47,142.47,142.47,142.47,142.47,142.47,142.47,142.47,142.47,142.47,142.47,142.47,142.47,142.47,142.47,142.47,142.47,142.47,142.47,142.47,142.47,142.47,142.47,142.47,142.47,141.93,141.93,141.93,141.93,141.93,141.93,141.93,141.93,141.93,141.93,141.93,141.93,141.93,141.93,141.93,141.93,141.93,141.93,141.93,141.93
1980-10-01,,97.9,98.1,98.1,98.1,98.1,98.1,98.1,98.1,98.1,98.1,98.1,93.3,93.3,93.3,93.3,93.3,93.3,93.3,93.3,93.3,87.9,87.9,87.9,87.9,87.9,87.9,87.9,87.9,87.9,87.9,87.9,87.9,87.9,87.9,87.9,87.9,87.9,87.9,87.9,87.9,87.9,88.8,88.8,88.8,88.8,88.8,88.8,88.8,88.8,88.8,88.8,88.8,88.8,88.8,88.8,88.8,88.8,88.8,88.8,88.8,88.8,88.8,88.8,88.8,88.8,88.8,88.8,88.8,88.8,88.8,88.8,88.8,88.8,88.8,88.8,88.8,88.8,88.8,88.8,88.8,88.8,88.8,88.8,88.8,88.8,88.8,88.8,88.8,88.8,88.8,88.8,88.8,88.8,94.8,94.8,94.8,94.8,94.8,94.8,94.8,94.8,94.8,94.8,94.8,94.8,94.8,94.8,94.8,94.8,94.8,94.8,94.8,94.8,94.8,94.8,94.8,94.8,94.8,94.8,94.8,94.8,94.8,94.8,94.8,94.8,94.8,84.9,84.9,84.9,84.9,84.9,84.9,84.9,84.9,84.9,84.9,84.9,84.9,106.3,106.3,106.3,106.3,106.3,106.3,106.3,106.3,106.3,106.3,106.3,106.3,106.3,106.3,106.3,106.3,106.3,106.3,106.3,106.3,106.3,,116.1,116.1,116.1,116.1,117.0,117.0,117.0,117.0,117.0,117.0,117.0,117.0,117.0,117.0,117.0,117.0,117.0,117.0,117.0,117.0,117.0,117.0,117.0,117.0,117.0,117.0,117.0,117.0,117.0,117.0,117.0,117.0,117.0,117.0,117.0,,118.3,118.3,118.3,118.3,118.3,118.3,118.3,118.3,118.3,118.3,118.3,118.3,118.3,118.3,118.3,118.3,118.3,118.3,118.3,118.3,118.3,118.3,118.3,118.3,118.3,118.3,118.3,118.3,118.3,118.3,118.3,118.3,118.3,118.3,118.3,118.3,118.3,118.3,118.3,118.3,118.3,118.3,118.3,118.3,118.3,,118.9,118.9,118.9,118.9,118.9,118.9,118.9,118.9,118.9,118.9,118.9,118.9,118.9,118.9,118.9,118.9,118.9,118.9,118.9,118.9,118.9,118.9,118.9,118.9,118.9,118.9,118.9,118.9,118.9,118.9,118.9,118.9,143.8,143.8,143.8,143.8,143.8,143.8,143.8,143.8,143.8,143.8,143.8,143.8,143.8,143.8,143.8,143.8,143.8,143.8,143.8,143.8,143.8,143.8,143.8,143.8,143.8,143.8,143.8,143.8,143.8,143.8,143.8,143.8,143.8,143.8,143.8,143.753,143.753,143.753,143.753,143.753,143.753,155.641,155.641,155.641,155.641,155.641,155.641,155.641,155.641,155.641,155.641,155.641,155.641,155.641,155.641,155.641,155.641,155.641,155.641,155.641,155.641,155.641,155.641,155.641,155.641,155.641,155.641,155.641,155.641,155.641,155.641,155.641,155.641,155.641,155.641,155.641,155.641,155.641,155.641,155.641,155.641,154.787,154.787,154.787,154.787,154.787,154.787,154.787,154.787,154.787,154.787,154.787,154.787,154.787,154.787,154.787,154.787,154.787,154.787,154.787,154.787
1981-01-01,,,,112.2,111.9,115.3,115.3,115.3,115.3,115.3,115.3,115.3,108.9,108.9,108.9,108.9,108.9,108.9,108.9,108.9,108.9,103.1,103.1,103.1,103.1,103.1,103.1,103.1,103.1,103.1,105.1,105.1,105.1,105.1,105.1,105.1,105.1,105.1,105.1,105.1,105.1,105.1,106.0,106.0,106.0,106.0,106.0,106.0,106.0,106.0,106.0,106.0,106.0,106.0,106.0,106.0,106.0,106.0,106.0,106.0,106.0,106.0,106.0,106.0,106.0,106.0,106.0,106.0,106.0,106.0,106.0,106.0,106.0,106.0,106.0,106.0,106.0,106.0,106.0,106.0,106.0,106.0,106.0,106.0,106.0,106.0,106.0,106.0,106.0,106.0,106.0,106.0,106.0,106.0,98.6,98.6,98.6,98.6,98.6,98.6,98.6,98.6,98.6,98.6,98.6,98.6,98.6,98.6,98.6,98.6,98.6,98.6,98.6,98.6,98.6,98.6,98.6,98.6,98.6,98.6,98.6,98.6,98.6,98.6,98.6,98.6,98.6,95.9,95.9,95.9,95.9,95.9,95.9,95.9,95.9,95.9,95.9,95.9,95.9,119.5,119.5,119.5,119.5,119.5,119.5,119.5,119.5,119.5,119.5,119.5,119.5,119.5,119.5,119.5,119.5,119.5,119.5,119.5,119.5,119.5,,129.0,129.0,129.0,129.0,129.9,129.9,129.9,129.9,129.9,129.9,129.9,129.9,129.9,129.9,129.9,129.9,129.9,129.9,129.9,129.9,129.9,129.9,129.9,129.9,129.9,129.9,129.9,129.9,129.9,129.9,129.9,129.9,129.9,129.9,129.9,,132.6,132.6,132.6,132.6,132.6,132.6,132.6,132.6,132.6,132.6,132.6,132.6,132.6,132.6,132.6,132.6,132.6,132.6,132.6,132.6,132.6,132.6,132.6,132.6,132.6,132.6,132.6,132.6,132.6,132.6,132.6,132.6,132.6,132.6,132.6,132.6,132.6,132.6,132.6,132.6,132.6,132.6,132.6,132.6,132.6,,129.9,129.9,129.9,129.9,129.9,129.9,129.9,129.9,129.9,129.9,129.9,129.9,129.9,129.9,129.9,129.9,129.9,129.9,129.9,129.9,129.9,129.9,129.9,129.9,129.9,129.9,129.9,129.9,129.9,129.9,129.9,129.9,153.2,153.2,153.2,153.2,153.2,153.2,153.2,153.2,153.2,153.2,153.2,153.2,153.2,153.2,153.2,153.2,153.2,153.2,153.2,153.2,153.2,153.2,153.2,153.2,153.2,153.2,153.2,153.2,153.2,153.2,153.2,153.2,153.2,153.2,153.2,153.236,153.236,153.236,153.236,153.236,153.236,166.212,166.212,166.212,166.212,166.212,166.212,166.212,166.212,166.212,166.212,166.212,166.212,166.212,166.212,166.212,166.212,166.212,166.212,166.212,166.212,166.212,166.212,166.212,166.212,166.212,166.212,166.212,166.212,166.212,166.212,166.212,166.212,166.212,166.212,166.212,166.212,166.212,166.212,166.212,166.212,164.992,164.992,164.992,164.992,164.992,164.992,164.992,164.992,164.992,164.992,164.992,164.992,164.992,164.992,164.992,164.992,164.992,164.992,164.992,164.992
1981-04-01,,,,,,112.2,114.0,114.0,114.0,114.0,114.0,114.0,105.9,105.9,105.9,105.9,105.9,105.9,105.9,105.9,105.9,104.6,104.6,104.6,104.6,104.6,104.6,104.6,104.6,104.6,104.9,104.9,104.9,104.9,104.9,104.9,104.9,104.9,104.9,104.9,104.9,104.9,104.2,104.2,104.2,104.2,104.2,104.2,104.2,104.2,104.2,104.2,104.2,104.2,104.2,104.2,104.2,104.2,104.2,104.2,104.2,104.2,104.2,104.2,104.2,104.2,104.2,104.2,104.2,104.2,104.2,104.2,104.2,104.2,104.2,104.2,104.2,104.2,104.2,104.2,104.2,104.2,104.2,104.2,104.2,104.2,104.2,104.2,104.2,104.2,104.2,104.2,104.2,104.2,96.8,96.8,96.8,96.8,96.8,96.8,96.8,96.8,96.8,96.8,96.8,96.8,96.8,96.8,96.8,96.8,96.8,96.8,96.8,96.8,96.8,96.8,96.8,96.8,96.8,96.8,96.8,96.8,96.8,96.8,96.8,96.8,96.8,98.5,98.5,98.5,98.5,98.5,98.5,98.5,98.5,98.5,98.5,98.5,98.5,120.7,120.7,120.7,120.7,120.7,120.7,120.7,120.7,120.7,120.7,120.7,120.7,120.7,120.7,120.7,120.7,120.7,120.7,120.7,120.7,120.7,,131.3,131.3,131.3,131.3,132.4,132.4,132.4,132.4,132.4,132.4,132.4,132.4,132.4,132.4,132.4,132.4,132.4,132.4,132.4,132.4,132.4,132.4,132.4,132.4,132.4,132.4,132.4,132.4,132.4,132.4,132.4,132.4,132.4,132.4,132.4,,136.2,136.2,136.2,136.2,136.2,136.2,136.2,136.2,136.2,136.2,136.2,136.2,136.2,136.2,136.2,136.2,136.2,136.2,136.2,136.2,136.2,136.2,136.2,136.2,136.2,136.2,136.2,136.2,136.2,136.2,136.2,136.2,136.2,136.2,136.2,136.2,136.2,136.2,136.2,136.2,136.2,136.2,136.2,136.2,136.2,,134.5,134.5,134.5,134.5,134.5,134.5,134.5,134.5,134.5,134.5,134.5,134.5,134.5,134.5,134.5,134.5,134.5,134.5,134.5,134.5,134.5,134.5,134.5,134.5,134.5,134.5,134.5,134.5,134.5,134.5,134.5,134.5,158.2,158.2,158.2,158.2,158.2,158.2,158.2,158.2,158.2,158.2,158.2,158.2,158.2,158.2,158.2,158.2,158.2,158.2,158.2,158.2,158.2,158.2,158.2,158.2,158.2,158.2,158.2,158.2,158.2,158.2,158.2,158.2,158.2,158.2,158.2,158.195,158.195,158.195,158.195,158.195,158.195,171.767,171.767,171.767,171.767,171.767,171.767,171.767,171.767,171.767,171.767,171.767,171.767,171.767,171.767,171.767,171.767,171.767,171.767,171.767,171.767,171.767,171.767,171.767,171.767,171.767,171.767,171.767,171.767,171.767,171.767,171.767,171.767,171.767,171.767,171.767,171.767,171.767,171.767,171.767,171.767,170.249,170.249,170.249,170.249,170.249,170.249,170.249,170.249,170.249,170.249,170.249,170.249,170.249,170.249,170.249,170.249,170.249,170.249,170.249,170.249
1981-07-01,,,,,,,,113.8,117.6,117.6,117.6,117.6,110.7,110.7,110.7,110.7,110.7,110.7,110.7,110.7,110.7,113.8,113.8,113.8,113.8,113.8,113.8,113.8,113.8,113.8,112.8,112.8,112.8,112.8,112.8,112.8,112.8,112.8,112.8,112.8,112.8,112.8,109.4,109.4,109.4,109.4,109.4,109.4,109.4,109.4,109.4,109.4,109.4,109.4,109.4,109.4,109.4,109.4,109.4,109.4,109.4,109.4,109.4,109.4,109.4,109.4,109.4,109.4,109.4,109.4,109.4,109.4,109.4,109.4,109.4,109.4,109.4,109.4,109.4,109.4,109.4,109.4,109.4,109.4,109.4,109.4,109.4,109.4,109.4,109.4,109.4,109.4,109.4,109.4,108.4,108.4,108.4,108.4,108.4,108.4,108.4,108.4,108.4,108.4,108.4,108.4,108.4,108.4,108.4,108.4,108.4,108.4,108.4,108.4,108.4,108.4,108.4,108.4,108.4,108.4,108.4,108.4,108.4,108.4,108.4,108.4,108.4,113.7,113.7,113.7,113.7,113.7,113.7,113.7,113.7,113.7,113.7,113.7,113.7,137.1,137.1,137.1,137.1,137.1,137.1,137.1,137.1,137.1,137.1,137.1,137.1,137.1,137.1,137.1,137.1,137.1,137.1,137.1,137.1,137.1,,147.0,147.0,147.0,147.0,148.0,148.0,148.0,148.0,148.0,148.0,148.0,148.0,148.0,148.0,148.0,148.0,148.0,148.0,148.0,148.0,148.0,148.0,148.0,148.0,148.0,148.0,148.0,148.0,148.0,148.0,148.0,148.0,148.0,148.0,148.0,,152.4,152.4,152.4,152.4,152.4,152.4,152.4,152.4,152.4,152.4,152.4,152.4,152.4,152.4,152.4,152.4,152.4,152.4,152.4,152.4,152.4,152.4,152.4,152.4,152.4,152.4,152.4,152.4,152.4,152.4,152.4,152.4,152.4,152.4,152.4,152.4,152.4,152.4,152.4,152.4,152.4,152.4,152.4,152.4,152.4,,149.2,149.2,149.2,149.2,149.2,149.2,149.2,149.2,149.2,149.2,149.2,149.2,149.2,149.2,149.2,149.2,149.2,149.2,149.2,149.2,149.2,149.2,149.2,149.2,149.2,149.2,149.2,149.2,149.2,149.2,149.2,149.2,171.7,171.7,171.7,171.7,171.7,171.7,171.7,171.7,171.7,171.7,171.7,171.7,171.7,171.7,171.7,171.7,171.7,171.7,171.7,171.7,171.7,171.7,171.7,171.7,171.7,171.7,171.7,171.7,171.7,171.7,171.7,171.7,171.7,171.7,171.7,171.69,171.69,171.69,171.69,171.69,171.69,186.194,186.194,186.194,186.194,186.194,186.194,186.194,186.194,186.194,186.194,186.194,186.194,186.194,186.194,186.194,186.194,186.194,186.194,186.194,186.194,186.194,186.194,186.194,186.194,186.194,186.194,186.194,186.194,186.194,186.194,186.194,186.194,186.194,186.194,186.194,186.194,186.194,186.194,186.194,186.194,184.446,184.446,184.446,184.446,184.446,184.446,184.446,184.446,184.446,184.446,184.446,184.446,184.446,184.446,184.446,184.446,184.446,184.446,184.446,184.446
1981-10-01,,,,,,,,,,110.1,108.9,108.9,112.3,112.3,112.3,112.3,112.3,112.3,112.3,112.3,112.3,116.5,116.5,116.5,116.5,116.5,116.5,116.5,116.5,116.5,112.3,112.3,112.3,112.3,112.3,112.3,112.3,112.3,112.3,112.3,112.3,112.3,107.7,107.7,107.7,107.7,107.7,107.7,107.7,107.7,107.7,107.7,107.7,107.7,107.7,107.7,107.7,107.7,107.7,107.7,107.7,107.7,107.7,107.7,107.7,107.7,107.7,107.7,107.7,107.7,107.7,107.7,107.7,107.7,107.7,107.7,107.7,107.7,107.7,107.7,107.7,107.7,107.7,107.7,107.7,107.7,107.7,107.7,107.7,107.7,107.7,107.7,107.7,107.7,99.7,99.7,99.7,99.7,99.7,99.7,99.7,99.7,99.7,99.7,99.7,99.7,99.7,99.7,99.7,99.7,99.7,99.7,99.7,99.7,99.7,99.7,99.7,99.7,99.7,99.7,99.7,99.7,99.7,99.7,99.7,99.7,99.7,103.0,103.0,103.0,103.0,103.0,103.0,103.0,103.0,103.0,103.0,103.0,103.0,126.4,126.4,126.4,126.4,126.4,126.4,126.4,126.4,126.4,126.4,126.4,126.4,126.4,126.4,126.4,126.4,126.4,126.4,126.4,126.4,126.4,,140.1,140.1,140.1,140.1,141.0,141.0,141.0,141.0,141.0,141.0,141.0,141.0,141.0,141.0,141.0,141.0,141.0,141.0,141.0,141.0,141.0,141.0,141.0,141.0,141.0,141.0,141.0,141.0,141.0,141.0,141.0,141.0,141.0,141.0,141.0,,145.9,145.9,145.9,145.9,145.9,145.9,145.9,145.9,145.9,145.9,145.9,145.9,145.9,145.9,145.9,145.9,145.9,145.9,145.9,145.9,145.9,145.9,145.9,145.9,145.9,145.9,145.9,145.9,145.9,145.9,145.9,145.9,145.9,145.9,145.9,145.9,145.9,145.9,145.9,145.9,145.9,145.9,145.9,145.9,145.9,,142.1,142.1,142.1,142.1,142.1,142.1,142.1,142.1,142.1,142.1,142.1,142.1,142.1,142.1,142.1,142.1,142.1,142.1,142.1,142.1,142.1,142.1,142.1,142.1,142.1,142.1,142.1,142.1,142.1,142.1,142.1,142.1,169.5,169.5,169.5,169.5,169.5,169.5,169.5,169.5,169.5,169.5,169.5,169.5,169.5,169.5,169.5,169.5,169.5,169.5,169.5,169.5,169.5,169.5,169.5,169.5,169.5,169.5,169.5,169.5,169.5,169.5,169.5,169.5,169.5,169.5,169.5,169.498,169.498,169.498,169.498,169.498,169.498,184.542,184.542,184.542,184.542,184.542,184.542,184.542,184.542,184.542,184.542,184.542,184.542,184.542,184.542,184.542,184.542,184.542,184.542,184.542,184.542,184.542,184.542,184.542,184.542,184.542,184.542,184.542,184.542,184.542,184.542,184.542,184.542,184.542,184.542,184.542,184.542,184.542,184.542,184.542,184.542,182.63,182.63,182.63,182.63,182.63,182.63,182.63,182.63,182.63,182.63,182.63,182.63,182.63,182.63,182.63,182.63,182.63,182.63,182.63,182.63
1982-01-01,,,,,,,,,,,,98.5,101.3,101.3,100.4,100.4,100.4,100.4,100.4,100.4,100.4,101.7,101.7,101.7,101.7,101.7,101.7,101.7,101.7,101.7,97.0,97.0,97.0,97.0,97.0,97.0,97.0,97.0,97.0,97.0,97.0,97.0,85.7,85.7,85.7,85.7,85.7,85.7,85.7,85.7,85.7,85.7,85.7,85.7,85.7,85.7,85.7,85.7,85.7,85.7,85.7,85.7,85.7,85.7,85.7,85.7,85.7,85.7,85.7,85.7,85.7,85.7,85.7,85.7,85.7,85.7,85.7,85.7,85.7,85.7,85.7,85.7,85.7,85.7,85.7,85.7,85.7,85.7,85.7,85.7,85.7,85.7,85.7,85.7,83.0,83.0,83.0,83.0,83.0,83.0,83.0,83.0,83.0,83.0,83.0,83.0,83.0,83.0,83.0,83.0,83.0,83.0,83.0,83.0,83.0,83.0,83.0,83.0,83.0,83.0,83.0,83.0,83.0,83.0,83.0,83.0,83.0,81.5,81.5,81.5,81.5,81.5,81.5,81.5,81.5,81.5,81.5,81.5,81.5,113.6,113.6,113.6,113.6,113.6,113.6,113.6,113.6,113.6,113.6,113.6,113.6,113.6,113.6,113.6,113.6,113.6,113.6,113.6,113.6,113.6,,128.9,128.9,128.9,128.9,130.7,130.7,130.7,130.7,130.7,130.7,130.7,130.7,130.7,130.7,130.7,130.7,130.7,130.7,130.7,130.7,130.7,130.7,130.7,130.7,130.7,130.7,130.7,130.7,130.7,130.7,130.7,130.7,130.7,130.7,130.7,,135.4,135.4,135.4,135.4,135.4,135.4,135.4,135.4,135.4,135.4,135.4,135.4,135.4,135.4,135.4,135.4,135.4,135.4,135.4,135.4,135.4,135.4,135.4,135.4,135.4,135.4,135.4,135.4,135.4,135.4,135.4,135.4,135.4,135.4,135.4,135.4,135.4,135.4,135.4,135.4,135.4,135.4,135.4,135.4,135.4,,131.5,131.5,131.5,131.5,131.5,131.5,131.5,131.5,131.5,131.5,131.5,131.5,131.5,131.5,131.5,131.5,131.5,131.5,131.5,131.5,131.5,131.5,131.5,131.5,131.5,131.5,131.5,131.5,131.5,131.5,131.5,131.5,156.1,156.1,156.1,156.1,156.1,156.1,156.1,156.1,156.1,156.1,156.1,156.1,156.1,156.1,156.1,156.1,156.1,156.1,156.1,156.1,156.1,156.1,156.1,156.1,156.1,156.1,156.1,156.1,156.1,156.1,156.1,156.1,156.1,156.1,156.1,156.111,156.111,156.111,156.111,156.111,156.111,171.235,171.235,171.235,171.235,171.235,171.235,171.235,171.235,171.235,171.235,171.235,171.235,171.235,171.235,171.235,171.235,171.235,171.235,171.235,171.235,171.235,171.235,171.235,171.235,171.235,171.235,171.235,171.235,171.235,171.235,171.235,171.235,171.235,171.235,171.235,171.235,171.235,171.235,171.235,171.235,169.227,169.227,169.227,169.227,169.227,169.227,169.227,169.227,169.227,169.227,169.227,169.227,169.227,169.227,169.227,169.227,169.227,169.227,169.227,169.227
1982-04-01,,,,,,,,,,,,,,101.2,100.0,100.0,100.0,100.0,100.0,100.0,100.0,105.3,105.3,105.3,105.3,105.3,105.3,105.3,105.3,105.3,98.8,98.8,98.8,98.8,98.8,98.8,98.8,98.8,98.8,98.8,98.8,98.8,85.6,85.6,85.6,85.6,85.6,85.6,85.6,85.6,85.6,85.6,85.6,85.6,85.6,85.6,85.6,85.6,85.6,85.6,85.6,85.6,85.6,85.6,85.6,85.6,85.6,85.6,85.6,85.6,85.6,85.6,85.6,85.6,85.6,85.6,85.6,85.6,85.6,85.6,85.6,85.6,85.6,85.6,85.6,85.6,85.6,85.6,85.6,85.6,85.6,85.6,85.6,85.6,87.5,87.5,87.5,87.5,87.5,87.5,87.5,87.5,87.5,87.5,87.5,87.5,87.5,87.5,87.5,87.5,87.5,87.5,87.5,87.5,87.5,87.5,87.5,87.5,87.5,87.5,87.5,87.5,87.5,87.5,87.5,87.5,87.5,96.9,96.9,96.9,96.9,96.9,96.9,96.9,96.9,96.9,96.9,96.9,96.9,120.6,120.6,120.6,120.6,120.6,120.6,120.6,120.6,120.6,120.6,120.6,120.6,120.6,120.6,120.6,120.6,120.6,120.6,120.6,120.6,120.6,,140.2,140.2,140.2,140.2,141.3,141.3,141.3,141.3,141.3,141.3,141.3,141.3,141.3,141.3,141.3,141.3,141.3,141.3,141.3,141.3,141.3,141.3,141.3,141.3,141.3,141.3,141.3,141.3,141.3,141.3,141.3,141.3,141.3,141.3,141.3,,145.9,145.9,145.9,145.9,145.9,145.9,145.9,145.9,145.9,145.9,145.9,145.9,145.9,145.9,145.9,145.9,145.9,145.9,145.9,145.9,145.9,145.9,145.9,145.9,145.9,145.9,145.9,145.9,145.9,145.9,145.9,145.9,145.9,145.9,145.9,145.9,145.9,145.9,145.9,145.9,145.9,145.9,145.9,145.9,145.9,,143.2,143.2,143.2,143.2,143.2,143.2,143.2,143.2,143.2,143.2,143.2,143.2,143.2,143.2,143.2,143.2,143.2,143.2,143.2,143.2,143.2,143.2,143.2,143.2,143.2,143.2,143.2,143.2,143.2,143.2,143.2,143.2,167.8,167.8,167.8,167.8,167.8,167.8,167.8,167.8,167.8,167.8,167.8,167.8,167.8,167.8,167.8,167.8,167.8,167.8,167.8,167.8,167.8,167.8,167.8,167.8,167.8,167.8,167.8,167.8,167.8,167.8,167.8,167.8,167.8,167.8,167.8,167.769,167.769,167.769,167.769,167.769,167.769,183.478,183.478,183.478,183.478,183.478,183.478,183.478,183.478,183.478,183.478,183.478,183.478,183.478,183.478,183.478,183.478,183.478,183.478,183.478,183.478,183.478,183.478,183.478,183.478,183.478,183.478,183.478,183.478,183.478,183.478,183.478,183.478,183.478,183.478,183.478,183.478,183.478,183.478,183.478,183.478,181.393,181.393,181.393,181.393,181.393,181.393,181.393,181.393,181.393,181.393,181.393,181.393,181.393,181.393,181.393,181.393,181.393,181.393,181.393,181.393
1982-07-01,,,,,,,,,,,,,,,,105.1,105.3,105.3,105.3,105.3,105.3,107.6,107.6,107.6,107.6,107.6,107.6,107.6,107.6,107.6,101.4,101.4,101.4,101.4,101.4,101.4,101.4,101.4,101.4,101.4,101.4,101.4,90.0,90.0,90.0,90.0,90.0,90.0,90.0,90.0,90.0,90.0,90.0,90.0,90.0,90.0,90.0,90.0,90.0,90.0,90.0,90.0,90.0,90.0,90.0,90.0,90.0,90.0,90.0,90.0,90.0,90.0,90.0,90.0,90.0,90.0,90.0,90.0,90.0,90.0,90.0,90.0,90.0,90.0,90.0,90.0,90.0,90.0,90.0,90.0,90.0,90.0,90.0,90.0,91.4,91.4,91.4,91.4,91.4,91.4,91.4,91.4,91.4,91.4,91.4,91.4,91.4,91.4,91.4,91.4,91.4,91.4,91.4,91.4,91.4,91.4,91.4,91.4,91.4,91.4,91.4,91.4,91.4,91.4,91.4,91.4,91.4,101.7,101.7,101.7,101.7,101.7,101.7,101.7,101.7,101.7,101.7,101.7,101.7,121.4,121.4,121.4,121.4,121.4,121.4,121.4,121.4,121.4,121.4,121.4,121.4,121.4,121.4,121.4,121.4,121.4,121.4,121.4,121.4,121.4,,140.5,140.5,140.5,140.5,141.2,141.2,141.2,141.2,141.2,141.2,141.2,141.2,141.2,141.2,141.2,141.2,141.2,141.2,141.2,141.2,141.2,141.2,141.2,141.2,141.2,141.2,141.2,141.2,141.2,141.2,141.2,141.2,141.2,141.2,141.2,,146.2,146.2,146.2,146.2,146.2,146.2,146.2,146.2,146.2,146.2,146.2,146.2,146.2,146.2,146.2,146.2,146.2,146.2,146.2,146.2,146.2,146.2,146.2,146.2,146.2,146.2,146.2,146.2,146.2,146.2,146.2,146.2,146.2,146.2,146.2,146.2,146.2,146.2,146.2,146.2,146.2,146.2,146.2,146.2,146.2,,141.5,141.5,141.5,141.5,141.5,141.5,141.5,141.5,141.5,141.5,141.5,141.5,141.5,141.5,141.5,141.5,141.5,141.5,141.5,141.5,141.5,141.5,141.5,141.5,141.5,141.5,141.5,141.5,141.5,141.5,141.5,141.5,165.1,165.1,165.1,165.1,165.1,165.1,165.1,165.1,165.1,165.1,165.1,165.1,165.1,165.1,165.1,165.1,165.1,165.1,165.1,165.1,165.1,165.1,165.1,165.1,165.1,165.1,165.1,165.1,165.1,165.1,165.1,165.1,165.1,165.1,165.1,165.071,165.071,165.071,165.071,165.071,165.071,180.462,180.462,180.462,180.462,180.462,180.462,180.462,180.462,180.462,180.462,180.462,180.462,180.462,180.462,180.462,180.462,180.462,180.462,180.462,180.462,180.462,180.462,180.462,180.462,180.462,180.462,180.462,180.462,180.462,180.462,180.462,180.462,180.462,180.462,180.462,180.462,180.462,180.462,180.462,180.462,178.323,178.323,178.323,178.323,178.323,178.323,178.323,178.323,178.323,178.323,178.323,178.323,178.323,178.323,178.323,178.323,178.323,178.323,178.323,178.323
1982-10-01,,,,,,,,,,,,,,,,,,108.1,106.6,106.6,106.6,107.9,107.9,107.9,107.9,107.9,107.9,107.9,107.9,107.9,96.6,96.6,96.6,96.6,96.6,96.6,96.6,96.6,96.6,96.6,96.6,96.6,86.3,86.3,86.3,86.3,86.3,86.3,86.3,86.3,86.3,86.3,86.3,86.3,86.3,86.3,86.3,86.3,86.3,86.3,86.3,86.3,86.3,86.3,86.3,86.3,86.3,86.3,86.3,86.3,86.3,86.3,86.3,86.3,86.3,86.3,86.3,86.3,86.3,86.3,86.3,86.3,86.3,86.3,86.3,86.3,86.3,86.3,86.3,86.3,86.3,86.3,86.3,86.3,91.7,91.7,91.7,91.7,91.7,91.7,91.7,91.7,91.7,91.7,91.7,91.7,91.7,91.7,91.7,91.7,91.7,91.7,91.7,91.7,91.7,91.7,91.7,91.7,91.7,91.7,91.7,91.7,91.7,91.7,91.7,91.7,91.7,104.4,104.4,104.4,104.4,104.4,104.4,104.4,104.4,104.4,104.4,104.4,104.4,121.3,121.3,121.3,121.3,121.3,121.3,121.3,121.3,121.3,121.3,121.3,121.3,121.3,121.3,121.3,121.3,121.3,121.3,121.3,121.3,121.3,,138.8,138.8,138.8,138.8,139.4,139.4,139.4,139.4,139.4,139.4,139.4,139.4,139.4,139.4,139.4,139.4,139.4,139.4,139.4,139.4,139.4,139.4,139.4,139.4,139.4,139.4,139.4,139.4,139.4,139.4,139.4,139.4,139.4,139.4,139.4,,145.2,145.2,145.2,145.2,145.2,145.2,145.2,145.2,145.2,145.2,145.2,145.2,145.2,145.2,145.2,145.2,145.2,145.2,145.2,145.2,145.2,145.2,145.2,145.2,145.2,145.2,145.2,145.2,145.2,145.2,145.2,145.2,145.2,145.2,145.2,145.2,145.2,145.2,145.2,145.2,145.2,145.2,145.2,145.2,145.2,,140.7,140.7,140.7,140.7,140.7,140.7,140.7,140.7,140.7,140.7,140.7,140.7,140.7,140.7,140.7,140.7,140.7,140.7,140.7,140.7,140.7,140.7,140.7,140.7,140.7,140.7,140.7,140.7,140.7,140.7,140.7,140.7,164.5,164.5,164.5,164.5,164.5,164.5,164.5,164.5,164.5,164.5,164.5,164.5,164.5,164.5,164.5,164.5,164.5,164.5,164.5,164.5,164.5,164.5,164.5,164.5,164.5,164.5,164.5,164.5,164.5,164.5,164.5,164.5,164.5,164.5,164.5,164.483,164.483,164.483,164.483,164.483,164.483,179.079,179.079,179.079,179.079,179.079,179.079,179.079,179.079,179.079,179.079,179.079,179.079,179.079,179.079,179.079,179.079,179.079,179.079,179.079,179.079,179.079,179.079,179.079,179.079,179.079,179.079,179.079,179.079,179.079,179.079,179.079,179.079,179.079,179.079,179.079,179.079,179.079,179.079,179.079,179.079,176.905,176.905,176.905,176.905,176.905,176.905,176.905,176.905,176.905,176.905,176.905,176.905,176.905,176.905,176.905,176.905,176.905,176.905,176.905,176.905
1983-01-01,,,,,,,,,,,,,,,,,,,,119.6,120.9,120.3,120.3,120.3,120.3,120.3,120.3,120.3,120.3,120.3,120.0,120.0,120.0,120.0,120.0,120.0,120.0,120.0,120.0,120.0,120.0,120.0,114.5,114.5,114.5,114.5,114.5,111.5,111.5,111.5,111.5,111.5,111.5,111.5,111.5,111.5,111.5,111.5,111.5,111.5,111.5,111.5,111.5,111.5,111.5,111.5,111.5,111.5,111.5,111.5,111.5,111.5,111.5,111.5,111.5,111.5,111.5,111.5,111.5,111.5,111.5,111.5,111.5,111.5,111.5,111.5,111.5,111.5,111.5,111.5,111.5,111.5,111.5,111.5,117.7,117.7,117.7,117.7,117.7,117.7,117.7,117.7,117.7,117.7,117.7,117.7,117.7,117.7,117.7,117.7,117.7,117.7,117.7,117.7,117.7,117.7,117.7,117.7,117.7,117.7,117.7,117.7,117.7,117.7,117.7,117.7,117.7,124.0,124.0,124.0,124.0,124.0,124.0,124.0,124.0,124.0,124.0,124.0,124.0,142.6,142.6,142.6,142.6,142.6,142.6,142.6,142.6,142.6,142.6,142.6,142.6,142.6,142.6,142.6,142.6,142.6,142.6,142.6,142.6,142.6,,158.2,158.2,158.2,158.2,159.2,159.2,159.2,159.2,159.2,159.2,159.2,159.2,159.2,159.2,159.2,159.2,159.2,159.2,159.2,159.2,159.2,159.2,159.2,159.2,159.2,159.2,159.2,159.2,159.2,159.2,159.2,159.2,159.2,159.2,159.2,,166.2,166.2,166.2,166.2,166.2,166.2,166.2,166.2,166.2,166.2,166.2,166.2,166.2,166.2,166.2,166.2,166.2,166.2,166.2,166.2,166.2,166.2,166.2,166.2,166.2,166.2,166.2,166.2,166.2,166.2,166.2,166.2,166.2,166.2,166.2,166.2,166.2,166.2,166.2,166.2,166.2,166.2,166.2,166.2,166.2,,161.0,161.0,161.0,161.0,161.0,161.0,161.0,161.0,161.0,161.0,161.0,161.0,161.0,161.0,161.0,161.0,161.0,161.0,161.0,161.0,161.0,161.0,161.0,161.0,161.0,161.0,161.0,161.0,161.0,161.0,161.0,161.0,180.4,180.4,180.4,180.4,180.4,180.4,180.4,180.4,180.4,180.4,180.4,180.4,180.4,180.4,180.4,180.4,180.4,180.4,180.4,180.4,180.4,180.4,180.4,180.4,180.4,180.4,180.4,180.4,180.4,180.4,180.4,180.4,180.4,180.4,180.4,180.413,180.413,180.413,180.413,180.413,180.413,194.341,194.341,194.341,194.341,194.341,194.341,194.341,194.341,194.341,194.341,194.341,194.341,194.341,194.341,194.341,194.341,194.341,194.341,194.341,194.341,194.341,194.341,194.341,194.341,194.341,194.341,194.341,194.341,194.341,194.341,194.341,194.341,194.341,194.341,194.341,194.341,194.341,194.341,194.341,194.341,192.153,192.153,192.153,192.153,192.153,192.153,192.153,192.153,192.153,192.153,192.153,192.153,192.153,192.153,192.153,192.153,192.153,192.153,192.153,192.153
1983-04-01,,,,,,,,,,,,,,,,,,,,,,,139.7,142.2,142.2,142.2,142.2,142.2,142.2,142.2,141.9,141.9,141.9,141.9,141.9,141.9,141.9,141.9,141.9,141.9,141.9,141.9,132.1,132.1,132.1,132.1,132.1,131.8,131.8,131.8,131.8,131.8,131.8,131.8,131.8,131.8,131.8,131.8,131.8,131.8,131.8,131.8,131.8,131.8,131.8,131.8,131.8,131.8,131.8,131.8,131.8,131.8,131.8,131.8,131.8,131.8,131.8,131.8,131.8,131.8,131.8,131.8,131.8,131.8,131.8,131.8,131.8,131.8,131.8,131.8,131.8,131.8,131.8,131.8,135.7,135.7,135.7,135.7,135.7,135.7,135.7,135.7,135.7,135.7,135.7,135.7,135.7,135.7,135.7,135.7,135.7,135.7,135.7,135.7,135.7,135.7,135.7,135.7,135.7,135.7,135.7,135.7,135.7,135.7,135.7,135.7,135.7,135.0,135.0,135.0,135.0,135.0,135.0,135.0,135.0,135.0,135.0,135.0,135.0,159.3,159.3,159.3,159.3,159.3,159.3,159.3,159.3,159.3,159.3,159.3,159.3,159.3,159.3,159.3,159.3,159.3,159.3,159.3,159.3,159.3,,173.6,173.6,173.6,173.6,174.7,174.7,174.7,174.7,174.7,174.7,174.7,174.7,174.7,174.7,174.7,174.7,174.7,174.7,174.7,174.7,174.7,174.7,174.7,174.7,174.7,174.7,174.7,174.7,174.7,174.7,174.7,174.7,174.7,174.7,174.7,,181.7,181.7,181.7,181.7,181.7,181.7,181.7,181.7,181.7,181.7,181.7,181.7,181.7,181.7,181.7,181.7,181.7,181.7,181.7,181.7,181.7,181.7,181.7,181.7,181.7,181.7,181.7,181.7,181.7,181.7,181.7,181.7,181.7,181.7,181.7,181.7,181.7,181.7,181.7,181.7,181.7,181.7,181.7,181.7,181.7,,176.9,176.9,176.9,176.9,176.9,176.9,176.9,176.9,176.9,176.9,176.9,176.9,176.9,176.9,176.9,176.9,176.9,176.9,176.9,176.9,176.9,176.9,176.9,176.9,176.9,176.9,176.9,176.9,176.9,176.9,176.9,176.9,195.5,195.5,195.5,195.5,195.5,195.5,195.5,195.5,195.5,195.5,195.5,195.5,195.5,195.5,195.5,195.5,195.5,195.5,195.5,195.5,195.5,195.5,195.5,195.5,195.5,195.5,195.5,195.5,195.5,195.5,195.5,195.5,195.5,195.5,195.5,195.453,195.453,195.453,195.453,195.453,195.453,209.357,209.357,209.357,209.357,209.357,209.357,209.357,209.357,209.357,209.357,209.357,209.357,209.357,209.357,209.357,209.357,209.357,209.357,209.357,209.357,209.357,209.357,209.357,209.357,209.357,209.357,209.357,209.357,209.357,209.357,209.357,209.357,209.357,209.357,209.357,209.357,209.357,209.357,209.357,209.357,207.293,207.293,207.293,207.293,207.293,207.293,207.293,207.293,207.293,207.293,207.293,207.293,207.293,207.293,207.293,207.293,207.293,207.293,207.293,207.293
1983-07-01,,,,,,,,,,,,,,,,,,,,,,,,,160.9,163.4,163.4,163.4,163.4,163.4,160.2,160.2,160.2,160.2,160.2,160.2,160.2,160.2,160.2,160.2,160.2,160.2,144.3,144.3,144.3,144.3,144.3,142.4,142.4,142.4,142.4,142.4,142.4,142.4,142.4,142.4,142.4,142.4,142.4,142.4,142.4,142.4,142.4,142.4,142.4,142.4,142.4,142.4,142.4,142.4,142.4,142.4,142.4,142.4,142.4,142.4,142.4,142.4,142.4,142.4,142.4,142.4,142.4,142.4,142.4,142.4,142.4,142.4,142.4,142.4,142.4,142.4,142.4,142.4,141.5,141.5,141.5,141.5,141.5,141.5,141.5,141.5,141.5,141.5,141.5,141.5,141.5,141.5,141.5,141.5,141.5,141.5,141.5,141.5,141.5,141.5,141.5,141.5,141.5,141.5,141.5,141.5,141.5,141.5,141.5,141.5,141.5,139.5,139.5,139.5,139.5,139.5,139.5,139.5,139.5,139.5,139.5,139.5,139.5,164.4,164.4,164.4,164.4,164.4,164.4,164.4,164.4,164.4,164.4,164.4,164.4,164.4,164.4,164.4,164.4,164.4,164.4,164.4,164.4,164.4,,181.2,181.2,181.2,181.2,182.3,182.3,182.3,182.3,182.3,182.3,182.3,182.3,182.3,182.3,182.3,182.3,182.3,182.3,182.3,182.3,182.3,182.3,182.3,182.3,182.3,182.3,182.3,182.3,182.3,182.3,182.3,182.3,182.3,182.3,182.3,,189,189,189,189,189,189,189,189,189,189,189,189,189,189,189,189,189,189,189,189,189,189,189,189,189,189,189,189,189,189,189,189,189,189,189,189,189,189,189,189,189,189,189,189,189,,185.1,185.1,185.1,185.1,185.1,185.1,185.1,185.1,185.1,185.1,185.1,185.1,185.1,185.1,185.1,185.1,185.1,185.1,185.1,185.1,185.1,185.1,185.1,185.1,185.1,185.1,185.1,185.1,185.1,185.1,185.1,185.1,203.0,203.0,203.0,203.0,203.0,203.0,203.0,203.0,203.0,203.0,203.0,203.0,203.0,203.0,203.0,203.0,203.0,203.0,203.0,203.0,203.0,203.0,203.0,203.0,203.0,203.0,203.0,203.0,203.0,203.0,203.0,203.0,203.0,203.0,203.0,202.976,202.976,202.976,202.976,202.976,202.976,217.26,217.26,217.26,217.26,217.26,217.26,217.26,217.26,217.26,217.26,217.26,217.26,217.26,217.26,217.26,217.26,217.26,217.26,217.26,217.26,217.26,217.26,217.26,217.26,217.26,217.26,217.26,217.26,217.26,217.26,217.26,217.26,217.26,217.26,217.26,217.26,217.26,217.26,217.26,217.26,215.457,215.457,215.457,215.457,215.457,215.457,215.457,215.457,215.457,215.457,215.457,215.457,215.457,215.457,215.457,215.457,215.457,215.457,215.457,215.457
1983-10-01,,,,,,,,,,,,,,,,,,,,,,,,,,,182.8,182.9,182.9,182.9,175.5,175.5,175.5,175.5,175.5,175.5,175.5,175.5,175.5,175.5,175.5,175.5,163.6,163.6,163.6,163.6,163.6,160.4,160.4,160.4,160.4,160.4,160.4,160.4,160.4,160.4,160.4,160.4,160.4,160.4,160.4,160.4,160.4,160.4,160.4,160.4,160.4,160.4,160.4,160.4,160.4,160.4,160.4,160.4,160.4,160.4,160.4,160.4,160.4,160.4,160.4,160.4,160.4,160.4,160.4,160.4,160.4,160.4,160.4,160.4,160.4,160.4,160.4,160.4,146.9,146.9,146.9,146.9,146.9,146.9,146.9,146.9,146.9,146.9,146.9,146.9,146.9,146.9,146.9,146.9,146.9,146.9,146.9,146.9,146.9,146.9,146.9,146.9,146.9,146.9,146.9,146.9,146.9,146.9,146.9,146.9,146.9,141.7,141.7,141.7,141.7,141.7,141.7,141.7,141.7,141.7,141.7,141.7,141.7,165.5,165.5,165.5,165.5,165.5,165.5,165.5,165.5,165.5,165.5,165.5,165.5,165.5,165.5,165.5,165.5,165.5,165.5,165.5,165.5,165.5,,190.1,190.1,190.1,190.1,191.4,191.4,191.4,191.4,191.4,191.4,191.4,191.4,191.4,191.4,191.4,191.4,191.4,191.4,191.4,191.4,191.4,191.4,191.4,191.4,191.4,191.4,191.4,191.4,191.4,191.4,191.4,191.4,191.4,191.4,191.4,,197.4,197.4,197.4,197.4,197.4,197.4,197.4,197.4,197.4,197.4,197.4,197.4,197.4,197.4,197.4,197.4,197.4,197.4,197.4,197.4,197.4,197.4,197.4,197.4,197.4,197.4,197.4,197.4,197.4,197.4,197.4,197.4,197.4,197.4,197.4,197.4,197.4,197.4,197.4,197.4,197.4,197.4,197.4,197.4,197.4,,193.7,193.7,193.7,193.7,193.7,193.7,193.7,193.7,193.7,193.7,193.7,193.7,193.7,193.7,193.7,193.7,193.7,193.7,193.7,193.7,193.7,193.7,193.7,193.7,193.7,193.7,193.7,193.7,193.7,193.7,193.7,193.7,217.6,217.6,217.6,217.6,217.6,217.6,217.6,217.6,217.6,217.6,217.6,217.6,217.6,217.6,217.6,217.6,217.6,217.6,217.6,217.6,217.6,217.6,217.6,217.6,217.6,217.6,217.6,217.6,217.6,217.6,217.6,217.6,217.6,217.6,217.6,217.635,217.635,217.635,217.635,217.635,217.635,232.435,232.435,232.435,232.435,232.435,232.435,232.435,232.435,232.435,232.435,232.435,232.435,232.435,232.435,232.435,232.435,232.435,232.435,232.435,232.435,232.435,232.435,232.435,232.435,232.435,232.435,232.435,232.435,232.435,232.435,232.435,232.435,232.435,232.435,232.435,232.435,232.435,232.435,232.435,232.435,231.032,231.032,231.032,231.032,231.032,231.032,231.032,231.032,231.032,231.032,231.032,231.032,231.032,231.032,231.032,231.032,231.032,231.032,231.032,231.032
1984-01-01,,,,,,,,,,,,,,,,,,,,,,,,,,,,,185.4,188.9,184.7,184.7,184.7,184.7,184.7,184.7,184.7,184.7,184.7,184.7,184.7,184.7,168.9,168.9,168.9,168.9,168.9,159.6,159.6,159.6,159.6,159.6,159.6,159.6,159.6,159.6,161.5,161.5,161.5,161.5,161.5,161.5,161.5,161.5,161.5,161.5,161.5,161.5,161.5,161.5,161.5,161.5,161.5,161.5,161.5,161.5,161.5,161.5,161.5,161.5,161.5,161.5,161.5,161.5,161.5,161.5,161.5,161.5,161.5,161.5,161.5,161.5,161.5,161.5,160.7,160.7,160.7,160.7,160.7,160.7,160.7,160.7,160.7,160.7,160.7,160.7,160.7,160.7,160.7,160.7,160.7,160.7,160.7,160.7,160.7,160.7,160.7,160.7,160.7,160.7,160.7,160.7,160.7,160.7,160.7,160.7,160.7,158.5,158.5,158.5,158.5,158.5,158.5,158.5,158.5,158.5,158.5,158.5,158.5,182.1,182.1,182.1,182.1,182.1,182.1,182.1,182.1,182.1,182.1,182.1,182.1,182.1,182.1,182.1,182.1,182.1,182.1,182.1,182.1,182.1,,203.9,203.9,203.9,203.9,204.8,204.8,204.8,204.8,204.8,204.8,204.8,204.8,204.8,204.8,204.8,204.8,204.8,204.8,204.8,204.8,204.8,204.8,204.8,204.8,204.8,204.8,204.8,204.8,204.8,204.8,204.8,204.8,204.8,204.8,204.8,,210.4,210.4,210.4,210.4,210.4,210.4,210.4,210.4,210.4,210.4,210.4,210.4,210.4,210.4,210.4,210.4,210.4,210.4,210.4,210.4,210.4,210.4,210.4,210.4,210.4,210.4,210.4,210.4,210.4,210.4,210.4,210.4,210.4,210.4,210.4,210.4,210.4,210.4,210.4,210.4,210.4,210.4,210.4,210.4,210.4,,207.6,207.6,207.6,207.6,207.6,207.6,207.6,207.6,207.6,207.6,207.6,207.6,207.6,207.6,207.6,207.6,207.6,207.6,207.6,207.6,207.6,207.6,207.6,207.6,207.6,207.6,207.6,207.6,207.6,207.6,207.6,207.6,232.7,232.7,232.7,232.7,232.7,232.7,232.7,232.7,232.7,232.7,232.7,232.7,232.7,232.7,232.7,232.7,232.7,232.7,232.7,232.7,232.7,232.7,232.7,232.7,232.7,232.7,232.7,232.7,232.7,232.7,232.7,232.7,232.7,232.7,232.7,232.724,232.724,232.724,232.724,232.724,232.724,248.172,248.172,248.172,248.172,248.172,248.172,248.172,248.172,248.172,248.172,248.172,248.172,248.172,248.172,248.172,248.172,248.172,248.172,248.172,248.172,248.172,248.172,248.172,248.172,248.172,248.172,248.172,248.172,248.172,248.172,248.172,248.172,248.172,248.172,248.172,248.172,248.172,248.172,248.172,248.172,247.305,247.305,247.305,247.305,247.305,247.305,247.305,247.305,247.305,247.305,247.305,247.305,247.305,247.305,247.305,247.305,247.305,247.305,247.305,247.305
1984-04-01,,,,,,,,,,,,,,,,,,,,,,,,,,,,,,,,197.6,195.2,195.2,195.2,195.2,195.2,195.2,195.2,195.2,195.2,195.2,177.1,177.1,177.1,177.1,177.1,170.1,170.1,170.1,170.1,170.1,170.1,170.1,170.1,170.1,175.2,175.2,175.2,175.2,175.2,175.2,175.2,175.2,175.2,175.2,175.2,175.2,175.2,175.2,175.2,175.2,175.2,175.2,175.2,175.2,175.2,175.2,175.2,175.2,175.2,175.2,175.2,175.2,175.2,175.2,175.2,175.2,175.2,175.2,175.2,175.2,175.2,175.2,169.3,169.3,169.3,169.3,169.3,169.3,169.3,169.3,169.3,169.3,169.3,169.3,169.3,169.3,169.3,169.3,169.3,169.3,169.3,169.3,169.3,169.3,169.3,169.3,169.3,169.3,169.3,169.3,169.3,169.3,169.3,169.3,169.3,178.0,178.0,178.0,178.0,178.0,178.0,178.0,178.0,178.0,178.0,178.0,178.0,195.7,195.7,195.7,195.7,195.7,195.7,195.7,195.7,195.7,195.7,195.7,195.7,195.7,195.7,195.7,195.7,195.7,195.7,195.7,195.7,195.7,,214.5,214.5,214.5,214.5,215.6,215.6,215.6,215.6,215.6,215.6,215.6,215.6,215.6,215.6,215.6,215.6,215.6,215.6,215.6,215.6,215.6,215.6,215.6,215.6,215.6,215.6,215.6,215.6,215.6,215.6,215.6,215.6,215.6,215.6,215.6,,221.4,221.4,221.4,221.4,221.4,221.4,221.4,221.4,221.4,221.4,221.4,221.4,221.4,221.4,221.4,221.4,221.4,221.4,221.4,221.4,221.4,221.4,221.4,221.4,221.4,221.4,221.4,221.4,221.4,221.4,221.4,221.4,221.4,221.4,221.4,221.4,221.4,221.4,221.4,221.4,221.4,221.4,221.4,221.4,221.4,,220.3,220.3,220.3,220.3,220.3,220.3,220.3,220.3,220.3,220.3,220.3,220.3,220.3,220.3,220.3,220.3,220.3,220.3,220.3,220.3,220.3,220.3,220.3,220.3,220.3,220.3,220.3,220.3,220.3,220.3,220.3,220.3,235.3,235.3,235.3,235.3,235.3,235.3,235.3,235.3,235.3,235.3,235.3,235.3,235.3,235.3,235.3,235.3,235.3,235.3,235.3,235.3,235.3,235.3,235.3,235.3,235.3,235.3,235.3,235.3,235.3,235.3,235.3,235.3,235.3,235.3,235.3,235.339,235.339,235.339,235.339,235.339,235.339,251.083,251.083,251.083,251.083,251.083,251.083,251.083,251.083,251.083,251.083,251.083,251.083,251.083,251.083,251.083,251.083,251.083,251.083,251.083,251.083,251.083,251.083,251.083,251.083,251.083,251.083,251.083,251.083,251.083,251.083,251.083,251.083,251.083,251.083,251.083,251.083,251.083,251.083,251.083,251.083,250.532,250.532,250.532,250.532,250.532,250.532,250.532,250.532,250.532,250.532,250.532,250.532,250.532,250.532,250.532,250.532,250.532,250.532,250.532,250.532
1984-07-01,,,,,,,,,,,,,,,,,,,,,,,,,,,,,,,,,,197.1,199.8,199.8,199.8,199.8,199.8,199.8,199.8,199.8,183.8,183.8,183.8,183.8,183.8,170.5,170.5,170.5,170.5,170.5,170.5,170.5,170.5,170.5,175.4,175.4,175.4,175.4,175.4,175.4,175.4,175.4,175.4,175.4,175.4,175.4,175.4,175.4,175.4,175.4,175.4,175.4,175.4,175.4,175.4,175.4,175.4,175.4,175.4,175.4,175.4,175.4,175.4,175.4,175.4,175.4,175.4,175.4,175.4,175.4,175.4,175.4,173.1,173.1,173.1,173.1,173.1,173.1,173.1,173.1,173.1,173.1,173.1,173.1,173.1,173.1,173.1,173.1,173.1,173.1,173.1,173.1,173.1,173.1,173.1,173.1,173.1,173.1,173.1,173.1,173.1,173.1,173.1,173.1,173.1,182.2,182.2,182.2,182.2,182.2,182.2,182.2,182.2,182.2,182.2,182.2,182.2,202.5,202.5,202.5,202.5,202.5,202.5,202.5,202.5,202.5,202.5,202.5,202.5,202.5,202.5,202.5,202.5,202.5,202.5,202.5,202.5,202.5,,217.0,217.0,217.0,217.0,218.2,218.2,218.2,218.2,218.2,218.2,218.2,218.2,218.2,218.2,218.2,218.2,218.2,218.2,218.2,218.2,218.2,218.2,218.2,218.2,218.2,218.2,218.2,218.2,218.2,218.2,218.2,218.2,218.2,218.2,218.2,,223.4,223.4,223.4,223.4,223.4,223.4,223.4,223.4,223.4,223.4,223.4,223.4,223.4,223.4,223.4,223.4,223.4,223.4,223.4,223.4,223.4,223.4,223.4,223.4,223.4,223.4,223.4,223.4,223.4,223.4,223.4,223.4,223.4,223.4,223.4,223.4,223.4,223.4,223.4,223.4,223.4,223.4,223.4,223.4,223.4,,225.5,225.5,225.5,225.5,225.5,225.5,225.5,225.5,225.5,225.5,225.5,225.5,225.5,225.5,225.5,225.5,225.5,225.5,225.5,225.5,225.5,225.5,225.5,225.5,225.5,225.5,225.5,225.5,225.5,225.5,225.5,225.5,242.5,242.5,242.5,242.5,242.5,242.5,242.5,242.5,242.5,242.5,242.5,242.5,242.5,242.5,242.5,242.5,242.5,242.5,242.5,242.5,242.5,242.5,242.5,242.5,242.5,242.5,242.5,242.5,242.5,242.5,242.5,242.5,242.5,242.5,242.5,242.512,242.512,242.512,242.512,242.512,242.512,258.84,258.84,258.84,258.84,258.84,258.84,258.84,258.84,258.84,258.84,258.84,258.84,258.84,258.84,258.84,258.84,258.84,258.84,258.84,258.84,258.84,258.84,258.84,258.84,258.84,258.84,258.84,258.84,258.84,258.84,258.84,258.84,258.84,258.84,258.84,258.84,258.84,258.84,258.84,258.84,258.385,258.385,258.385,258.385,258.385,258.385,258.385,258.385,258.385,258.385,258.385,258.385,258.385,258.385,258.385,258.385,258.385,258.385,258.385,258.385
1984-10-01,,,,,,,,,,,,,,,,,,,,,,,,,,,,,,,,,,,,205.2,203.9,203.9,203.9,203.9,203.9,203.9,188.8,188.8,188.8,188.8,188.8,177.1,177.1,177.1,177.1,177.1,177.1,177.1,177.1,177.1,179.9,179.9,179.9,179.9,179.9,179.9,179.9,179.9,179.9,179.9,179.9,179.9,179.9,179.9,179.9,179.9,179.9,179.9,179.9,179.9,179.9,179.9,179.9,179.9,179.9,179.9,179.9,179.9,179.9,179.9,179.9,179.9,179.9,179.9,179.9,179.9,179.9,179.9,177.5,177.5,177.5,177.5,177.5,177.5,177.5,177.5,177.5,177.5,177.5,177.5,177.5,177.5,177.5,177.5,177.5,177.5,177.5,177.5,177.5,177.5,177.5,177.5,177.5,177.5,177.5,177.5,177.5,177.5,177.5,177.5,177.5,178.1,178.1,178.1,178.1,178.1,178.1,178.1,178.1,178.1,178.1,178.1,178.1,203.8,203.8,203.8,203.8,203.8,203.8,203.8,203.8,203.8,203.8,203.8,203.8,203.8,203.8,203.8,203.8,203.8,203.8,203.8,203.8,203.8,,223.1,223.1,223.1,223.1,224.3,224.3,224.3,224.3,224.3,224.3,224.3,224.3,224.3,224.3,224.3,224.3,224.3,224.3,224.3,224.3,224.3,224.3,224.3,224.3,224.3,224.3,224.3,224.3,224.3,224.3,224.3,224.3,224.3,224.3,224.3,,229.2,229.2,229.2,229.2,229.2,229.2,229.2,229.2,229.2,229.2,229.2,229.2,229.2,229.2,229.2,229.2,229.2,229.2,229.2,229.2,229.2,229.2,229.2,229.2,229.2,229.2,229.2,229.2,229.2,229.2,229.2,229.2,229.2,229.2,229.2,229.2,229.2,229.2,229.2,229.2,229.2,229.2,229.2,229.2,229.2,,230.8,230.8,230.8,230.8,230.8,230.8,230.8,230.8,230.8,230.8,230.8,230.8,230.8,230.8,230.8,230.8,230.8,230.8,230.8,230.8,230.8,230.8,230.8,230.8,230.8,230.8,230.8,230.8,230.8,230.8,230.8,230.8,250.8,250.8,250.8,250.8,250.8,250.8,250.8,250.8,250.8,250.8,250.8,250.8,250.8,250.8,250.8,250.8,250.8,250.8,250.8,250.8,250.8,250.8,250.8,250.8,250.8,250.8,250.8,250.8,250.8,250.8,250.8,250.8,250.8,250.8,250.8,250.827,250.827,250.827,250.827,250.827,250.827,267.523,267.523,267.523,267.523,267.523,267.523,267.523,267.523,267.523,267.523,267.523,267.523,267.523,267.523,267.523,267.523,267.523,267.523,267.523,267.523,267.523,267.523,267.523,267.523,267.523,267.523,267.523,267.523,267.523,267.523,267.523,267.523,267.523,267.523,267.523,267.523,267.523,267.523,267.523,267.523,266.942,266.942,266.942,266.942,266.942,266.942,266.942,266.942,266.942,266.942,266.942,266.942,266.942,266.942,266.942,266.942,266.942,266.942,266.942,266.942
1985-01-01,,,,,,,,,,,,,,,,,,,,,,,,,,,,,,,,,,,,,,209.8,207.0,207.0,207.0,207.0,198.3,198.3,198.3,198.3,198.3,178.7,178.7,178.7,178.7,178.7,178.7,178.7,178.7,178.7,171.6,171.6,171.6,171.6,171.6,171.6,171.6,171.6,171.6,172.6,172.6,172.6,172.6,172.6,172.6,172.6,172.6,172.6,172.6,172.6,172.6,172.6,172.6,172.6,172.6,172.6,172.6,172.6,172.6,172.6,172.6,172.6,172.6,172.6,172.6,172.6,172.6,172.6,171.2,171.2,171.2,171.2,171.2,171.2,171.2,171.2,171.2,171.2,171.2,171.2,171.2,171.2,171.2,171.2,171.2,171.2,171.2,171.2,171.2,171.2,171.2,171.2,171.2,171.2,171.2,171.2,171.2,171.2,171.2,171.2,171.2,184.1,184.1,184.1,184.1,184.1,184.1,184.1,184.1,184.1,184.1,184.1,184.1,205.7,205.7,205.7,205.7,205.7,205.7,205.7,205.7,205.7,205.7,205.7,205.7,205.7,205.7,205.7,205.7,205.7,205.7,205.7,205.7,205.7,,218.6,218.6,218.6,218.6,219.9,219.9,219.9,219.9,219.9,219.9,219.9,219.9,219.9,219.9,219.9,219.9,219.9,219.9,219.9,219.9,219.9,219.9,219.9,219.9,219.9,219.9,219.9,219.9,219.9,219.9,219.9,219.9,219.9,219.9,219.9,,224,224,224,224,224,224,224,224,224,224,224,224,224,224,224,224,224,224,224,224,224,224,224,224,224,224,224,224,224,224,224,224,224,224,224,224,224,224,224,224,224,224,224,224,224,,226.9,226.9,226.9,226.9,226.9,226.9,226.9,226.9,226.9,226.9,226.9,226.9,226.9,226.9,226.9,226.9,226.9,226.9,226.9,226.9,226.9,226.9,226.9,226.9,226.9,226.9,226.9,226.9,226.9,226.9,226.9,226.9,249.2,249.2,249.2,249.2,249.2,249.2,249.2,249.2,249.2,249.2,249.2,249.2,249.2,249.2,249.2,249.2,249.2,249.2,249.2,249.2,249.2,249.2,249.2,249.2,249.2,249.2,249.2,249.2,249.2,249.2,249.2,249.2,249.2,249.2,249.2,249.194,249.194,249.194,249.194,249.194,249.194,267.371,267.371,267.371,267.371,267.371,267.371,267.371,267.371,267.371,267.371,267.371,267.371,267.371,267.371,267.371,267.371,267.371,267.371,267.371,267.371,267.371,267.371,267.371,267.371,267.371,267.371,267.371,267.371,267.371,267.371,267.371,267.371,267.371,267.371,267.371,267.371,267.371,267.371,267.371,267.371,266.445,266.445,266.445,266.445,266.445,266.445,266.445,266.445,266.445,266.445,266.445,266.445,266.445,266.445,266.445,266.445,266.445,266.445,266.445,266.445
1985-04-01,,,,,,,,,,,,,,,,,,,,,,,,,,,,,,,,,,,,,,,,212.7,214.9,214.9,205.8,205.8,205.8,205.8,205.8,187.2,187.2,187.2,187.2,187.2,187.2,187.2,187.2,187.2,181.0,181.0,181.0,181.0,181.0,181.0,181.0,181.0,181.0,183.0,183.0,183.0,183.0,183.0,183.0,183.0,183.0,183.0,183.0,183.0,183.0,183.0,183.0,183.0,183.0,183.0,183.0,183.0,183.0,183.0,183.0,183.0,183.0,183.0,183.0,183.0,183.0,183.0,183.9,183.9,183.9,183.9,183.9,183.9,183.9,183.9,183.9,183.9,183.9,183.9,183.9,183.9,183.9,183.9,183.9,183.9,183.9,183.9,183.9,183.9,183.9,183.9,183.9,183.9,183.9,183.9,183.9,183.9,183.9,183.9,183.9,183.0,183.0,183.0,183.0,183.0,183.0,183.0,183.0,183.0,183.0,183.0,183.0,206.9,206.9,206.9,206.9,206.9,206.9,206.9,206.9,206.9,206.9,206.9,206.9,206.9,206.9,206.9,206.9,206.9,206.9,206.9,206.9,206.9,,224.4,224.4,224.4,224.4,225.5,225.5,225.5,225.5,225.5,225.5,225.5,225.5,225.5,225.5,225.5,225.5,225.5,225.5,225.5,225.5,225.5,225.5,225.5,225.5,225.5,225.5,225.5,225.5,225.5,225.5,225.5,225.5,225.5,225.5,225.5,,229.8,229.8,229.8,229.8,229.8,229.8,229.8,229.8,229.8,229.8,229.8,229.8,229.8,229.8,229.8,229.8,229.8,229.8,229.8,229.8,229.8,229.8,229.8,229.8,229.8,229.8,229.8,229.8,229.8,229.8,229.8,229.8,229.8,229.8,229.8,229.8,229.8,229.8,229.8,229.8,229.8,229.8,229.8,229.8,229.8,,230.4,230.4,230.4,230.4,230.4,230.4,230.4,230.4,230.4,230.4,230.4,230.4,230.4,230.4,230.4,230.4,230.4,230.4,230.4,230.4,230.4,230.4,230.4,230.4,230.4,230.4,230.4,230.4,230.4,230.4,230.4,230.4,254.6,254.6,254.6,254.6,254.6,254.6,254.6,254.6,254.6,254.6,254.6,254.6,254.6,254.6,254.6,254.6,254.6,254.6,254.6,254.6,254.6,254.6,254.6,254.6,254.6,254.6,254.6,254.6,254.6,254.6,254.6,254.6,254.6,254.6,254.6,254.559,254.559,254.559,254.559,254.559,254.559,272.719,272.719,272.719,272.719,272.719,272.719,272.719,272.719,272.719,272.719,272.719,272.719,272.719,272.719,272.719,272.719,272.719,272.719,272.719,272.719,272.719,272.719,272.719,272.719,272.719,272.719,272.719,272.719,272.719,272.719,272.719,272.719,272.719,272.719,272.719,272.719,272.719,272.719,272.719,272.719,271.461,271.461,271.461,271.461,271.461,271.461,271.461,271.461,271.461,271.461,271.461,271.461,271.461,271.461,271.461,271.461,271.461,271.461,271.461,271.461
1985-07-01,,,,,,,,,,,,,,,,,,,,,,,,,,,,,,,,,,,,,,,,,,233.2,221.7,221.7,221.7,221.7,221.7,200.5,200.5,200.5,200.5,200.5,200.5,200.5,200.5,200.5,192.3,192.3,192.3,192.3,192.3,192.3,192.3,192.3,192.3,196.5,196.5,196.5,196.5,196.5,196.5,196.5,196.5,196.5,196.5,196.5,196.5,196.5,196.5,196.5,196.5,196.5,196.5,196.5,196.5,196.5,196.5,196.5,196.5,196.5,196.5,196.5,196.5,196.5,194.6,194.6,194.6,194.6,194.6,194.6,194.6,194.6,194.6,194.6,194.6,194.6,194.6,194.6,194.6,194.6,194.6,194.6,194.6,194.6,194.6,194.6,194.6,194.6,194.6,194.6,194.6,194.6,194.6,194.6,194.6,194.6,194.6,197.4,197.4,197.4,197.4,197.4,197.4,197.4,197.4,197.4,197.4,197.4,197.4,219.3,219.3,219.3,219.3,219.3,219.3,219.3,219.3,219.3,219.3,219.3,219.3,219.3,219.3,219.3,219.3,219.3,219.3,219.3,219.3,219.3,,234.8,234.8,234.8,234.8,236.0,236.0,236.0,236.0,236.0,236.0,236.0,236.0,236.0,236.0,236.0,236.0,236.0,236.0,236.0,236.0,236.0,236.0,236.0,236.0,236.0,236.0,236.0,236.0,236.0,236.0,236.0,236.0,236.0,236.0,236.0,,241,241,241,241,241,241,241,241,241,241,241,241,241,241,241,241,241,241,241,241,241,241,241,241,241,241,241,241,241,241,241,241,241,241,241,241,241,241,241,241,241,241,241,241,241,,243.7,243.7,243.7,243.7,243.7,243.7,243.7,243.7,243.7,243.7,243.7,243.7,243.7,243.7,243.7,243.7,243.7,243.7,243.7,243.7,243.7,243.7,243.7,243.7,243.7,243.7,243.7,243.7,243.7,243.7,243.7,243.7,266.6,266.6,266.6,266.6,266.6,266.6,266.6,266.6,266.6,266.6,266.6,266.6,266.6,266.6,266.6,266.6,266.6,266.6,266.6,266.6,266.6,266.6,266.6,266.6,266.6,266.6,266.6,266.6,266.6,266.6,266.6,266.6,266.6,266.6,266.6,266.59,266.59,266.59,266.59,266.59,266.59,284.113,284.113,284.113,284.113,284.113,284.113,284.113,284.113,284.113,284.113,284.113,284.113,284.113,284.113,284.113,284.113,284.113,284.113,284.113,284.113,284.113,284.113,284.113,284.113,284.113,284.113,284.113,284.113,284.113,284.113,284.113,284.113,284.113,284.113,284.113,284.113,284.113,284.113,284.113,284.113,282.537,282.537,282.537,282.537,282.537,282.537,282.537,282.537,282.537,282.537,282.537,282.537,282.537,282.537,282.537,282.537,282.537,282.537,282.537,282.537
1985-10-01,,,,,,,,,,,,,,,,,,,,,,,,,,,,,,,,,,,,,,,,,,,,218.8,216.0,216.0,216.0,189.2,189.2,189.2,189.2,189.2,189.2,189.2,189.2,189.2,178.8,178.8,178.8,178.8,178.8,178.8,178.8,178.8,178.8,191.5,191.5,191.5,191.5,191.5,191.5,191.5,191.5,191.5,191.5,191.5,191.5,191.5,191.5,191.5,191.5,191.5,191.5,191.5,191.5,191.5,191.5,191.5,191.5,191.5,191.5,191.5,191.5,191.5,187.2,187.2,187.2,187.2,187.2,187.2,187.2,187.2,187.2,187.2,187.2,187.2,187.2,187.2,187.2,187.2,187.2,187.2,187.2,187.2,187.2,187.2,187.2,187.2,187.2,187.2,187.2,187.2,187.2,187.2,187.2,187.2,187.2,178.3,178.3,178.3,178.3,178.3,178.3,178.3,178.3,178.3,178.3,178.3,178.3,197.9,197.9,197.9,197.9,197.9,197.9,197.9,197.9,197.9,197.9,197.9,197.9,197.9,197.9,197.9,197.9,197.9,197.9,197.9,197.9,197.9,,221.2,221.2,221.2,221.2,222.3,222.3,222.3,222.3,222.3,222.3,222.3,222.3,222.3,222.3,222.3,222.3,222.3,222.3,222.3,222.3,222.3,222.3,222.3,222.3,222.3,222.3,222.3,222.3,222.3,222.3,222.3,222.3,222.3,222.3,222.3,,228.8,228.8,228.8,228.8,228.8,228.8,228.8,228.8,228.8,228.8,228.8,228.8,228.8,228.8,228.8,228.8,228.8,228.8,228.8,228.8,228.8,228.8,228.8,228.8,228.8,228.8,228.8,228.8,228.8,228.8,228.8,228.8,228.8,228.8,228.8,228.8,228.8,228.8,228.8,228.8,228.8,228.8,228.8,228.8,228.8,,231.5,231.5,231.5,231.5,231.5,231.5,231.5,231.5,231.5,231.5,231.5,231.5,231.5,231.5,231.5,231.5,231.5,231.5,231.5,231.5,231.5,231.5,231.5,231.5,231.5,231.5,231.5,231.5,231.5,231.5,231.5,231.5,250.0,250.0,250.0,250.0,250.0,250.0,250.0,250.0,250.0,250.0,250.0,250.0,250.0,250.0,250.0,250.0,250.0,250.0,250.0,250.0,250.0,250.0,250.0,250.0,250.0,250.0,250.0,250.0,250.0,250.0,250.0,250.0,250.0,250.0,250.0,249.985,249.985,249.985,249.985,249.985,249.985,267.309,267.309,267.309,267.309,267.309,267.309,267.309,267.309,267.309,267.309,267.309,267.309,267.309,267.309,267.309,267.309,267.309,267.309,267.309,267.309,267.309,267.309,267.309,267.309,267.309,267.309,267.309,267.309,267.309,267.309,267.309,267.309,267.309,267.309,267.309,267.309,267.309,267.309,267.309,267.309,265.429,265.429,265.429,265.429,265.429,265.429,265.429,265.429,265.429,265.429,265.429,265.429,265.429,265.429,265.429,265.429,265.429,265.429,265.429,265.429
1986-01-01,,,,,,,,,,,,,,,,,,,,,,,,,,,,,,,,,,,,,,,,,,,,,,235.7,234.0,207.3,207.3,207.3,207.3,200.7,200.7,200.7,200.7,200.7,189.9,189.9,189.9,189.9,189.9,189.9,189.9,189.9,189.9,204.0,204.0,204.0,204.0,204.0,204.0,204.0,204.0,204.0,204.0,189.4,189.4,189.4,189.4,189.4,189.4,189.4,189.4,189.4,189.4,189.4,189.4,189.4,189.4,189.4,189.4,189.4,189.4,189.4,187.7,187.7,187.7,187.7,187.7,187.7,187.7,187.7,187.7,187.7,187.7,187.7,187.7,187.7,187.7,187.7,187.7,187.7,187.7,187.7,187.7,187.7,187.7,187.7,187.7,187.7,187.7,187.7,187.7,187.7,187.7,187.7,187.7,188.7,188.7,188.7,188.7,188.7,188.7,188.7,188.7,188.7,188.7,188.7,188.7,213.4,213.4,213.4,213.4,213.4,213.4,213.4,213.4,213.4,213.4,213.4,213.4,213.4,213.4,213.4,213.4,213.4,213.4,213.4,213.4,213.4,,208.6,208.6,208.6,208.6,209.8,209.8,209.8,209.8,209.8,209.8,209.8,209.8,209.8,209.8,209.8,209.8,209.8,209.8,209.8,209.8,209.8,209.8,209.8,209.8,209.8,209.8,209.8,209.8,209.8,209.8,209.8,209.8,209.8,209.8,209.8,,220.5,220.5,220.5,220.5,220.5,220.5,220.5,220.5,220.5,220.5,220.5,220.5,220.5,220.5,220.5,220.5,220.5,220.5,220.5,220.5,220.5,220.5,220.5,220.5,220.5,220.5,220.5,220.5,220.5,220.5,220.5,220.5,220.5,220.5,220.5,220.5,220.5,220.5,220.5,220.5,220.5,220.5,220.5,220.5,220.5,,217.8,217.8,217.8,217.8,217.8,217.8,217.8,217.8,217.8,217.8,217.8,217.8,217.8,217.8,217.8,217.8,217.8,217.8,217.8,217.8,217.8,217.8,217.8,217.8,217.8,217.8,217.8,217.8,217.8,217.8,217.8,217.8,234.1,234.1,234.1,234.1,234.1,234.1,234.1,234.1,234.1,234.1,234.1,234.1,234.1,234.1,234.1,234.1,234.1,234.1,234.1,234.1,234.1,234.1,234.1,234.1,234.1,234.1,234.1,234.1,234.1,234.1,234.1,234.1,234.1,234.1,234.1,234.116,234.116,234.116,234.116,234.116,234.116,252.856,252.856,252.856,252.856,252.856,252.856,252.856,252.856,252.856,252.856,252.856,252.856,252.856,252.856,252.856,252.856,252.856,252.856,252.856,252.856,252.856,252.856,252.856,252.856,252.856,252.856,252.856,252.856,252.856,252.856,252.856,252.856,252.856,252.856,252.856,252.856,252.856,252.856,252.856,252.856,250.686,250.686,250.686,250.686,250.686,250.686,250.686,250.686,250.686,250.686,250.686,250.686,250.686,250.686,250.686,250.686,250.686,250.686,250.686,250.686
1986-04-01,,,,,,,,,,,,,,,,,,,,,,,,,,,,,,,,,,,,,,,,,,,,,,,,,200.1,199.9,199.9,194.2,194.2,194.2,194.2,194.2,180.2,180.2,180.2,180.2,180.2,180.2,180.2,180.2,180.2,192.2,192.2,192.2,192.2,192.2,192.2,192.2,192.2,192.2,192.2,176.9,176.9,176.9,176.9,176.9,176.9,176.9,176.9,176.9,176.9,176.9,176.9,176.9,176.9,176.9,176.9,176.9,176.9,176.9,166.1,166.1,166.1,166.1,166.1,166.1,166.1,166.1,166.1,166.1,166.1,166.1,166.1,166.1,166.1,166.1,166.1,166.1,166.1,166.1,166.1,166.1,166.1,166.1,166.1,166.1,166.1,166.1,166.1,166.1,166.1,166.1,166.1,169.3,169.3,169.3,169.3,169.3,169.3,169.3,169.3,169.3,169.3,169.3,169.3,192.2,192.2,192.2,192.2,192.2,192.2,192.2,192.2,192.2,192.2,192.2,192.2,192.2,192.2,192.2,192.2,192.2,192.2,192.2,192.2,192.2,,198.1,198.1,198.1,198.1,199.3,199.3,199.3,199.3,199.3,199.3,199.3,199.3,199.3,199.3,199.3,199.3,199.3,199.3,199.3,199.3,199.3,199.3,199.3,199.3,199.3,199.3,199.3,199.3,199.3,199.3,199.3,199.3,199.3,199.3,199.3,,214.3,214.3,214.3,214.3,214.3,214.3,214.3,214.3,214.3,214.3,214.3,214.3,214.3,214.3,214.3,214.3,214.3,214.3,214.3,214.3,214.3,214.3,214.3,214.3,214.3,214.3,214.3,214.3,214.3,214.3,214.3,214.3,214.3,214.3,214.3,214.3,214.3,214.3,214.3,214.3,214.3,214.3,214.3,214.3,214.3,,208.8,208.8,208.8,208.8,208.8,208.8,208.8,208.8,208.8,208.8,208.8,208.8,208.8,208.8,208.8,208.8,208.8,208.8,208.8,208.8,208.8,208.8,208.8,208.8,208.8,208.8,208.8,208.8,208.8,208.8,208.8,208.8,220.2,220.2,220.2,220.2,220.2,220.2,220.2,220.2,220.2,220.2,220.2,220.2,220.2,220.2,220.2,220.2,220.2,220.2,220.2,220.2,220.2,220.2,220.2,220.2,220.2,220.2,220.2,220.2,220.2,220.2,220.2,220.2,220.2,220.2,220.2,220.233,220.233,220.233,220.233,220.233,220.233,238.165,238.165,238.165,238.165,238.165,238.165,238.165,238.165,238.165,238.165,238.165,238.165,238.165,238.165,238.165,238.165,238.165,238.165,238.165,238.165,238.165,238.165,238.165,238.165,238.165,238.165,238.165,238.165,238.165,238.165,238.165,238.165,238.165,238.165,238.165,238.165,238.165,238.165,238.165,238.165,236.423,236.423,236.423,236.423,236.423,236.423,236.423,236.423,236.423,236.423,236.423,236.423,236.423,236.423,236.423,236.423,236.423,236.423,236.423,236.423
1986-07-01,,,,,,,,,,,,,,,,,,,,,,,,,,,,,,,,,,,,,,,,,,,,,,,,,,,202.3,197.6,197.6,197.6,197.6,197.6,180.3,180.3,180.3,180.3,180.3,180.3,180.3,180.3,180.3,193.3,193.3,193.3,193.3,193.3,193.3,193.3,193.3,193.3,193.3,174.7,174.7,174.7,174.7,174.7,174.7,174.7,174.7,174.7,174.7,174.7,174.7,174.7,174.7,174.7,174.7,174.7,174.7,174.7,158.6,158.6,158.6,158.6,158.6,158.6,158.6,158.6,158.6,158.6,158.6,158.6,158.6,158.6,158.6,158.6,158.6,158.6,158.6,158.6,158.6,158.6,158.6,158.6,158.6,158.6,158.6,158.6,158.6,158.6,158.6,158.6,158.6,150.4,150.4,150.4,150.4,150.4,150.4,150.4,150.4,150.4,150.4,150.4,150.4,173.0,173.0,173.0,173.0,173.0,173.0,173.0,173.0,173.0,173.0,173.0,173.0,173.0,173.0,173.0,173.0,173.0,173.0,173.0,173.0,173.0,,187.7,187.7,187.7,187.7,189.1,189.1,189.1,189.1,189.1,189.1,189.1,189.1,189.1,189.1,189.1,189.1,189.1,189.1,189.1,189.1,189.1,189.1,189.1,189.1,189.1,189.1,189.1,189.1,189.1,189.1,189.1,189.1,189.1,189.1,189.1,,206.4,206.4,206.4,206.4,206.4,206.4,206.4,206.4,206.4,206.4,206.4,206.4,206.4,206.4,206.4,206.4,206.4,206.4,206.4,206.4,206.4,206.4,206.4,206.4,206.4,206.4,206.4,206.4,206.4,206.4,206.4,206.4,206.4,206.4,206.4,206.4,206.4,206.4,206.4,206.4,206.4,206.4,206.4,206.4,206.4,,200.2,200.2,200.2,200.2,200.2,200.2,200.2,200.2,200.2,200.2,200.2,200.2,200.2,200.2,200.2,200.2,200.2,200.2,200.2,200.2,200.2,200.2,200.2,200.2,200.2,200.2,200.2,200.2,200.2,200.2,200.2,200.2,208.2,208.2,208.2,208.2,208.2,208.2,208.2,208.2,208.2,208.2,208.2,208.2,208.2,208.2,208.2,208.2,208.2,208.2,208.2,208.2,208.2,208.2,208.2,208.2,208.2,208.2,208.2,208.2,208.2,208.2,208.2,208.2,208.2,208.2,208.2,208.249,208.249,208.249,208.249,208.249,208.249,225.55,225.55,225.55,225.55,225.55,225.55,225.55,225.55,225.55,225.55,225.55,225.55,225.55,225.55,225.55,225.55,225.55,225.55,225.55,225.55,225.55,225.55,225.55,225.55,225.55,225.55,225.55,225.55,225.55,225.55,225.55,225.55,225.55,225.55,225.55,225.55,225.55,225.55,225.55,225.55,224.955,224.955,224.955,224.955,224.955,224.955,224.955,224.955,224.955,224.955,224.955,224.955,224.955,224.955,224.955,224.955,224.955,224.955,224.955,224.955
1986-10-01,,,,,,,,,,,,,,,,,,,,,,,,,,,,,,,,,,,,,,,,,,,,,,,,,,,,,195.8,196.1,196.1,196.1,167.1,167.1,167.1,167.1,167.1,167.1,167.1,167.1,167.1,179.6,179.6,179.6,179.6,179.6,179.6,179.6,179.6,179.6,179.6,162.1,162.1,162.1,162.1,162.1,162.1,162.1,162.1,162.1,162.1,162.1,162.1,162.1,162.1,162.1,162.1,162.1,162.1,162.1,148.1,148.1,148.1,148.1,148.1,148.1,148.1,148.1,148.1,148.1,148.1,148.1,148.1,148.1,148.1,148.1,148.1,148.1,148.1,148.1,148.1,148.1,148.1,148.1,148.1,148.1,148.1,148.1,148.1,148.1,148.1,148.1,148.1,149.6,149.6,149.6,149.6,149.6,149.6,149.6,149.6,149.6,149.6,149.6,149.6,170.8,170.8,170.8,170.8,170.8,170.8,170.8,170.8,170.8,170.8,170.8,170.8,170.8,170.8,170.8,170.8,170.8,170.8,170.8,170.8,170.8,,177.5,177.5,177.5,177.5,178.9,178.9,178.9,178.9,178.9,178.9,178.9,178.9,178.9,178.9,178.9,178.9,178.9,178.9,178.9,178.9,178.9,178.9,178.9,178.9,178.9,178.9,178.9,178.9,178.9,178.9,178.9,178.9,178.9,178.9,178.9,,198.1,198.1,198.1,198.1,198.1,198.1,198.1,198.1,198.1,198.1,198.1,198.1,198.1,198.1,198.1,198.1,198.1,198.1,198.1,198.1,198.1,198.1,198.1,198.1,198.1,198.1,198.1,198.1,198.1,198.1,198.1,198.1,198.1,198.1,198.1,198.1,198.1,198.1,198.1,198.1,198.1,198.1,198.1,198.1,198.1,,191.0,191.0,191.0,191.0,191.0,191.0,191.0,191.0,191.0,191.0,191.0,191.0,191.0,191.0,191.0,191.0,191.0,191.0,191.0,191.0,191.0,191.0,191.0,191.0,191.0,191.0,191.0,191.0,191.0,191.0,191.0,191.0,196.2,196.2,196.2,196.2,196.2,196.2,196.2,196.2,196.2,196.2,196.2,196.2,196.2,196.2,196.2,196.2,196.2,196.2,196.2,196.2,196.2,196.2,196.2,196.2,196.2,196.2,196.2,196.2,196.2,196.2,196.2,196.2,196.2,196.2,196.2,196.197,196.197,196.197,196.197,196.197,196.197,213.441,213.441,213.441,213.441,213.441,213.441,213.441,213.441,213.441,213.441,213.441,213.441,213.441,213.441,213.441,213.441,213.441,213.441,213.441,213.441,213.441,213.441,213.441,213.441,213.441,213.441,213.441,213.441,213.441,213.441,213.441,213.441,213.441,213.441,213.441,213.441,213.441,213.441,213.441,213.441,214.712,214.712,214.712,214.712,214.712,214.712,214.712,214.712,214.712,214.712,214.712,214.712,214.712,214.712,214.712,214.712,214.712,214.712,214.712,214.712
1987-01-01,,,,,,,,,,,,,,,,,,,,,,,,,,,,,,,,,,,,,,,,,,,,,,,,,,,,,,,203.6,206.6,165.9,165.9,165.9,165.9,165.9,165.9,165.9,165.9,165.9,172.0,172.0,172.0,172.0,172.0,172.0,172.0,172.0,172.0,172.0,164.9,164.9,164.9,164.9,164.9,164.9,164.9,164.9,167.5,167.5,167.5,167.5,167.5,167.5,167.5,167.5,167.5,167.5,167.5,171.7,171.7,171.7,171.7,171.7,171.7,171.7,171.7,171.7,171.7,171.7,171.7,171.7,171.7,171.7,171.7,171.7,171.7,171.7,171.7,171.7,171.7,171.7,171.7,171.7,171.7,171.7,171.7,171.7,171.7,171.7,171.7,171.7,161.5,161.5,161.5,161.5,161.5,161.5,161.5,161.5,161.5,161.5,161.5,161.5,184.7,184.7,184.7,184.7,184.7,184.7,184.7,184.7,184.7,184.7,184.7,184.7,184.7,184.7,184.7,184.7,184.7,184.7,184.7,184.7,184.7,,196.4,196.4,196.4,196.4,197.6,197.6,197.6,197.6,197.6,197.6,197.6,197.6,197.6,197.6,197.6,197.6,197.6,197.6,197.6,197.6,197.6,197.6,197.6,197.6,197.6,197.6,197.6,197.6,197.6,197.6,197.6,197.6,197.6,197.6,197.6,,214.2,214.2,214.2,214.2,214.2,214.2,214.2,214.2,214.2,214.2,214.2,214.2,214.2,214.2,214.2,214.2,214.2,214.2,214.2,214.2,214.2,214.2,214.2,214.2,214.2,214.2,214.2,214.2,214.2,214.2,214.2,214.2,214.2,214.2,214.2,214.2,214.2,214.2,214.2,214.2,214.2,214.2,214.2,214.2,214.2,,204.6,204.6,204.6,204.6,204.6,204.6,204.6,204.6,204.6,204.6,204.6,204.6,204.6,204.6,204.6,204.6,204.6,204.6,204.6,204.6,204.6,204.6,204.6,204.6,204.6,204.6,204.6,204.6,204.6,204.6,204.6,204.6,207.1,207.1,207.1,207.1,207.1,207.1,207.1,207.1,207.1,207.1,207.1,207.1,207.1,207.1,207.1,207.1,207.1,207.1,207.1,207.1,207.1,207.1,207.1,207.1,207.1,207.1,207.1,207.1,207.1,207.1,207.1,207.1,207.1,207.1,207.1,207.146,207.146,207.146,207.146,207.146,207.146,224.31,224.31,224.31,224.31,224.31,224.31,224.31,224.31,224.31,224.31,224.31,224.31,224.31,224.31,224.31,224.31,224.31,224.31,224.31,224.31,224.31,224.31,224.31,224.31,224.31,224.31,224.31,224.31,224.31,224.31,224.31,224.31,224.31,224.31,224.31,224.31,224.31,224.31,224.31,224.31,228.165,228.165,228.165,228.165,228.165,228.165,228.165,228.165,228.165,228.165,228.165,228.165,228.165,228.165,228.165,228.165,228.165,228.165,228.165,228.165
1987-04-01,,,,,,,,,,,,,,,,,,,,,,,,,,,,,,,,,,,,,,,,,,,,,,,,,,,,,,,,,,163.8,162.6,162.6,162.6,162.6,162.6,162.6,162.6,172.6,172.6,172.6,172.6,172.6,172.6,172.6,172.6,172.6,172.6,169.8,169.8,169.8,169.8,169.8,169.8,169.8,169.8,178.3,178.3,178.3,178.3,178.3,178.3,178.3,178.3,178.3,178.3,178.3,189.1,189.1,189.1,189.1,189.1,189.1,189.1,189.1,189.1,189.1,189.1,189.1,189.1,189.1,189.1,189.1,189.1,189.1,189.1,189.1,189.1,189.1,189.1,189.1,189.1,189.1,189.1,189.1,189.1,189.1,189.1,189.1,189.1,178.7,178.7,178.7,178.7,178.7,178.7,178.7,178.7,178.7,178.7,178.7,178.7,202.9,202.9,202.9,202.9,202.9,202.9,202.9,202.9,202.9,202.9,202.9,202.9,202.9,202.9,202.9,202.9,202.9,202.9,202.9,202.9,202.9,,215.0,215.0,215.0,215.0,216.3,216.3,216.3,216.3,216.3,216.3,216.3,216.3,216.3,216.3,216.3,216.3,216.3,216.3,216.3,216.3,216.3,216.3,216.3,216.3,216.3,216.3,216.3,216.3,216.3,216.3,216.3,216.3,216.3,216.3,216.3,,234.3,234.3,234.3,234.3,234.3,234.3,234.3,234.3,234.3,234.3,234.3,234.3,234.3,234.3,234.3,234.3,234.3,234.3,234.3,234.3,234.3,234.3,234.3,234.3,234.3,234.3,234.3,234.3,234.3,234.3,234.3,234.3,234.3,234.3,234.3,234.3,234.3,234.3,234.3,234.3,234.3,234.3,234.3,234.3,234.3,,230.3,230.3,230.3,230.3,230.3,230.3,230.3,230.3,230.3,230.3,230.3,230.3,230.3,230.3,230.3,230.3,230.3,230.3,230.3,230.3,230.3,230.3,230.3,230.3,230.3,230.3,230.3,230.3,230.3,230.3,230.3,230.3,230.1,230.1,230.1,230.1,230.1,230.1,230.1,230.1,230.1,230.1,230.1,230.1,230.1,230.1,230.1,230.1,230.1,230.1,230.1,230.1,230.1,230.1,230.1,230.1,230.1,230.1,230.1,230.1,230.1,230.1,230.1,230.1,230.1,230.1,230.1,230.094,230.094,230.094,230.094,230.094,230.094,247.767,247.767,247.767,247.767,247.767,247.767,247.767,247.767,247.767,247.767,247.767,247.767,247.767,247.767,247.767,247.767,247.767,247.767,247.767,247.767,247.767,247.767,247.767,247.767,247.767,247.767,247.767,247.767,247.767,247.767,247.767,247.767,247.767,247.767,247.767,247.767,247.767,247.767,247.767,247.767,253.045,253.045,253.045,253.045,253.045,253.045,253.045,253.045,253.045,253.045,253.045,253.045,253.045,253.045,253.045,253.045,253.045,253.045,253.045,253.045
1987-07-01,,,,,,,,,,,,,,,,,,,,,,,,,,,,,,,,,,,,,,,,,,,,,,,,,,,,,,,,,,,,173.0,172.0,172.0,172.0,172.0,172.0,182.1,182.1,182.1,182.1,182.1,182.1,182.1,182.1,182.1,182.1,180.3,180.3,180.3,180.3,180.3,180.3,180.3,180.3,188.7,188.7,188.7,188.7,188.7,188.7,188.7,188.7,188.7,188.7,188.7,202.1,202.1,202.1,202.1,202.1,202.1,202.1,202.1,202.1,202.1,202.1,202.1,202.1,202.1,202.1,202.1,202.1,202.1,202.1,202.1,202.1,202.1,202.1,202.1,202.1,202.1,202.1,202.1,202.1,202.1,202.1,202.1,202.1,193.6,193.6,193.6,193.6,193.6,193.6,193.6,193.6,193.6,193.6,193.6,193.6,218.0,218.0,218.0,218.0,218.0,218.0,218.0,218.0,218.0,218.0,218.0,218.0,218.0,218.0,218.0,218.0,218.0,218.0,218.0,218.0,218.0,,228.2,228.2,228.2,228.2,229.6,229.6,229.6,229.6,229.6,229.6,229.6,229.6,229.6,229.6,229.6,229.6,229.6,229.6,229.6,229.6,229.6,229.6,229.6,229.6,229.6,229.6,229.6,229.6,229.6,229.6,229.6,229.6,229.6,229.6,229.6,,248.8,248.8,248.8,248.8,248.8,248.8,248.8,248.8,248.8,248.8,248.8,248.8,248.8,248.8,248.8,248.8,248.8,248.8,248.8,248.8,248.8,248.8,248.8,248.8,248.8,248.8,248.8,248.8,248.8,248.8,248.8,248.8,248.8,248.8,248.8,248.8,248.8,248.8,248.8,248.8,248.8,248.8,248.8,248.8,248.8,,251.8,251.8,251.8,251.8,251.8,251.8,251.8,251.8,251.8,251.8,251.8,251.8,251.8,251.8,251.8,251.8,251.8,251.8,251.8,251.8,251.8,251.8,251.8,251.8,251.8,251.8,251.8,251.8,251.8,251.8,251.8,251.8,248.5,248.5,248.5,248.5,248.5,248.5,248.5,248.5,248.5,248.5,248.5,248.5,248.5,248.5,248.5,248.5,248.5,248.5,248.5,248.5,248.5,248.5,248.5,248.5,248.5,248.5,248.5,248.5,248.5,248.5,248.5,248.5,248.5,248.5,248.5,248.477,248.477,248.477,248.477,248.477,248.477,266.501,266.501,266.501,266.501,266.501,266.501,266.501,266.501,266.501,266.501,266.501,266.501,266.501,266.501,266.501,266.501,266.501,266.501,266.501,266.501,266.501,266.501,266.501,266.501,266.501,266.501,266.501,266.501,266.501,266.501,266.501,266.501,266.501,266.501,266.501,266.501,266.501,266.501,266.501,266.501,272.042,272.042,272.042,272.042,272.042,272.042,272.042,272.042,272.042,272.042,272.042,272.042,272.042,272.042,272.042,272.042,272.042,272.042,272.042,272.042
1987-10-01,,,,,,,,,,,,,,,,,,,,,,,,,,,,,,,,,,,,,,,,,,,,,,,,,,,,,,,,,,,,,,171.6,173.0,173.0,173.0,179.9,179.9,179.9,179.9,179.9,179.9,179.9,179.9,179.9,179.9,180.9,180.9,180.9,180.9,180.9,180.9,180.9,180.9,191.0,191.0,191.0,191.0,191.0,191.0,191.0,191.0,191.0,191.0,191.0,208.1,208.1,208.1,208.1,208.1,208.1,208.1,208.1,208.1,208.1,208.1,208.1,208.1,208.1,208.1,208.1,208.1,208.1,208.1,208.1,208.1,208.1,208.1,208.1,208.1,208.1,208.1,208.1,208.1,208.1,208.1,208.1,208.1,196.7,196.7,196.7,196.7,196.7,196.7,196.7,196.7,196.7,196.7,196.7,196.7,218.6,218.6,218.6,218.6,218.6,218.6,218.6,218.6,218.6,218.6,218.6,218.6,218.6,218.6,218.6,218.6,218.6,218.6,218.6,218.6,218.6,,233.0,233.0,233.0,233.0,234.5,234.5,234.5,234.5,234.5,234.5,234.5,234.5,234.5,234.5,234.5,234.5,234.5,234.5,234.5,234.5,234.5,234.5,234.5,234.5,234.5,234.5,234.5,234.5,234.5,234.5,234.5,234.5,234.5,234.5,234.5,,256.3,256.3,256.3,256.3,256.3,256.3,256.3,256.3,256.3,256.3,256.3,256.3,256.3,256.3,256.3,256.3,256.3,256.3,256.3,256.3,256.3,256.3,256.3,256.3,256.3,256.3,256.3,256.3,256.3,256.3,256.3,256.3,256.3,256.3,256.3,256.3,256.3,256.3,256.3,256.3,256.3,256.3,256.3,256.3,256.3,,262.9,262.9,262.9,262.9,262.9,262.9,262.9,262.9,262.9,262.9,262.9,262.9,262.9,262.9,262.9,262.9,262.9,262.9,262.9,262.9,262.9,262.9,262.9,262.9,262.9,262.9,262.9,262.9,262.9,262.9,262.9,262.9,256.4,256.4,256.4,256.4,256.4,256.4,256.4,256.4,256.4,256.4,256.4,256.4,256.4,256.4,256.4,256.4,256.4,256.4,256.4,256.4,256.4,256.4,256.4,256.4,256.4,256.4,256.4,256.4,256.4,256.4,256.4,256.4,256.4,256.4,256.4,256.448,256.448,256.448,256.448,256.448,256.448,274.545,274.545,274.545,274.545,274.545,274.545,274.545,274.545,274.545,274.545,274.545,274.545,274.545,274.545,274.545,274.545,274.545,274.545,274.545,274.545,274.545,274.545,274.545,274.545,274.545,274.545,274.545,274.545,274.545,274.545,274.545,274.545,274.545,274.545,274.545,274.545,274.545,274.545,274.545,274.545,279.188,279.188,279.188,279.188,279.188,279.188,279.188,279.188,279.188,279.188,279.188,279.188,279.188,279.188,279.188,279.188,279.188,279.188,279.188,279.188
1988-01-01,,,,,,,,,,,,,,,,,,,,,,,,,,,,,,,,,,,,,,,,,,,,,,,,,,,,,,,,,,,,,,,,175.6,173.6,179.3,179.3,179.3,179.3,179.3,179.3,179.3,179.3,179.3,179.3,189.1,189.1,189.1,189.1,189.1,189.1,189.1,189.1,202.3,202.3,202.3,202.3,202.3,202.3,202.3,202.3,202.3,202.3,202.3,225.6,225.6,225.6,225.6,225.6,225.6,225.6,225.6,225.6,225.6,225.6,225.6,225.6,225.6,225.6,225.6,225.6,225.6,225.6,225.6,225.6,225.6,225.6,225.6,225.6,225.6,225.6,225.6,225.6,225.6,225.6,225.6,225.6,206.4,206.4,206.4,206.4,206.4,206.4,206.4,206.4,206.4,206.4,206.4,206.4,230.4,230.4,230.4,230.4,230.4,230.4,230.4,230.4,230.4,230.4,230.4,230.4,230.4,230.4,230.4,230.4,230.4,230.4,230.4,230.4,230.4,,254.1,254.1,254.1,254.1,254.9,254.9,254.9,254.9,254.9,254.9,254.9,254.9,254.9,254.9,254.9,254.9,254.9,254.9,254.9,254.9,254.9,254.9,254.9,254.9,254.9,254.9,254.9,254.9,254.9,254.9,254.9,254.9,254.9,254.9,254.9,,276.9,276.9,276.9,276.9,276.9,276.9,276.9,276.9,276.9,276.9,276.9,276.9,276.9,276.9,276.9,276.9,276.9,276.9,276.9,276.9,276.9,276.9,276.9,276.9,276.9,276.9,276.9,276.9,276.9,276.9,276.9,276.9,276.9,276.9,276.9,276.9,276.9,276.9,276.9,276.9,276.9,276.9,276.9,276.9,276.9,,275.8,275.8,275.8,275.8,275.8,275.8,275.8,275.8,275.8,275.8,275.8,275.8,275.8,275.8,275.8,275.8,275.8,275.8,275.8,275.8,275.8,275.8,275.8,275.8,275.8,275.8,275.8,275.8,275.8,275.8,275.8,275.8,265.2,265.2,265.2,265.2,265.2,265.2,265.2,265.2,265.2,265.2,265.2,265.2,265.2,265.2,265.2,265.2,265.2,265.2,265.2,265.2,265.2,265.2,265.2,265.2,265.2,265.2,265.2,265.2,265.2,265.2,265.2,265.2,265.2,265.2,265.2,265.164,265.164,265.164,265.164,265.164,265.164,281.605,281.605,281.605,281.605,281.605,281.605,281.605,281.605,281.605,281.605,281.605,281.605,281.605,281.605,281.605,281.605,281.605,281.605,281.605,281.605,281.605,281.605,281.605,281.605,281.605,281.605,281.605,281.605,281.605,281.605,281.605,281.605,281.605,281.605,281.605,281.605,281.605,281.605,281.605,281.605,284.19,284.19,284.19,284.19,284.19,284.19,284.19,284.19,284.19,284.19,284.19,284.19,284.19,284.19,284.19,284.19,284.19,284.19,284.19,284.19
1988-04-01,,,,,,,,,,,,,,,,,,,,,,,,,,,,,,,,,,,,,,,,,,,,,,,,,,,,,,,,,,,,,,,,,,,187.9,188.2,183.2,183.2,183.2,183.2,183.2,183.2,183.2,187.0,187.0,187.0,187.0,187.0,187.0,187.0,187.0,199.1,199.1,199.1,199.1,199.1,199.1,199.1,199.1,199.1,199.1,199.1,228.5,228.5,228.5,228.5,228.5,228.5,228.5,228.5,228.5,228.5,228.5,228.5,228.5,228.5,228.5,228.5,228.5,228.5,228.5,228.5,228.5,228.5,228.5,228.5,228.5,228.5,228.5,228.5,228.5,228.5,228.5,228.5,228.5,212.0,212.0,212.0,212.0,212.0,212.0,212.0,212.0,212.0,212.0,212.0,212.0,237.2,237.2,237.2,237.2,237.2,237.2,237.2,237.2,237.2,237.2,237.2,237.2,237.2,237.2,237.2,237.2,237.2,237.2,237.2,237.2,237.2,,263.9,263.9,263.9,263.9,265.0,265.0,265.0,265.0,265.0,265.0,265.0,265.0,265.0,265.0,265.0,265.0,265.0,265.0,265.0,265.0,265.0,265.0,265.0,265.0,265.0,265.0,265.0,265.0,265.0,265.0,265.0,265.0,265.0,265.0,265.0,,287.5,287.5,287.5,287.5,287.5,287.5,287.5,287.5,287.5,287.5,287.5,287.5,287.5,287.5,287.5,287.5,287.5,287.5,287.5,287.5,287.5,287.5,287.5,287.5,287.5,287.5,287.5,287.5,287.5,287.5,287.5,287.5,287.5,287.5,287.5,287.5,287.5,287.5,287.5,287.5,287.5,287.5,287.5,287.5,287.5,,284.7,284.7,284.7,284.7,284.7,284.7,284.7,284.7,284.7,284.7,284.7,284.7,284.7,284.7,284.7,284.7,284.7,284.7,284.7,284.7,284.7,284.7,284.7,284.7,284.7,284.7,284.7,284.7,284.7,284.7,284.7,284.7,272.4,272.4,272.4,272.4,272.4,272.4,272.4,272.4,272.4,272.4,272.4,272.4,272.4,272.4,272.4,272.4,272.4,272.4,272.4,272.4,272.4,272.4,272.4,272.4,272.4,272.4,272.4,272.4,272.4,272.4,272.4,272.4,272.4,272.4,272.4,272.435,272.435,272.435,272.435,272.435,272.435,288.593,288.593,288.593,288.593,288.593,288.593,288.593,288.593,288.593,288.593,288.593,288.593,288.593,288.593,288.593,288.593,288.593,288.593,288.593,288.593,288.593,288.593,288.593,288.593,288.593,288.593,288.593,288.593,288.593,288.593,288.593,288.593,288.593,288.593,288.593,288.593,288.593,288.593,288.593,288.593,290.036,290.036,290.036,290.036,290.036,290.036,290.036,290.036,290.036,290.036,290.036,290.036,290.036,290.036,290.036,290.036,290.036,290.036,290.036,290.036
1988-07-01,,,,,,,,,,,,,,,,,,,,,,,,,,,,,,,,,,,,,,,,,,,,,,,,,,,,,,,,,,,,,,,,,,,,,,179.2,185.2,185.2,185.2,185.2,185.2,189.7,189.7,189.7,189.7,189.7,189.7,189.7,189.7,196.5,196.5,196.5,196.5,196.5,196.5,196.5,196.5,196.5,196.5,196.5,225.6,225.6,225.6,225.6,225.6,225.6,225.6,225.6,225.6,225.6,225.6,225.6,225.6,225.6,225.6,225.6,225.6,225.6,225.6,225.6,225.6,225.6,225.6,225.6,225.6,225.6,225.6,225.6,225.6,225.6,225.6,225.6,225.6,226.4,226.4,226.4,226.4,226.4,226.4,226.4,226.4,226.4,226.4,226.4,226.4,250.3,250.3,250.3,250.3,250.3,250.3,250.3,250.3,250.3,250.3,250.3,250.3,250.3,250.3,250.3,250.3,250.3,250.3,250.3,250.3,250.3,,266.6,266.6,266.6,266.6,268.3,268.3,268.3,268.3,268.3,268.3,268.3,268.3,268.3,268.3,268.3,268.3,268.3,268.3,268.3,268.3,268.3,268.3,268.3,268.3,268.3,268.3,268.3,268.3,268.3,268.3,268.3,268.3,268.3,268.3,268.3,,292,292,292,292,292,292,292,292,292,292,292,292,292,292,292,292,292,292,292,292,292,292,292,292,292,292,292,292,292,292,292,292,292,292,292,292,292,292,292,292,292,292,292,292,292,,281.7,281.7,281.7,281.7,281.7,281.7,281.7,281.7,281.7,281.7,281.7,281.7,281.7,281.7,281.7,281.7,281.7,281.7,281.7,281.7,281.7,281.7,281.7,281.7,281.7,281.7,281.7,281.7,281.7,281.7,281.7,281.7,269.1,269.1,269.1,269.1,269.1,269.1,269.1,269.1,269.1,269.1,269.1,269.1,269.1,269.1,269.1,269.1,269.1,269.1,269.1,269.1,269.1,269.1,269.1,269.1,269.1,269.1,269.1,269.1,269.1,269.1,269.1,269.1,269.1,269.1,269.1,269.077,269.077,269.077,269.077,269.077,269.077,286.1,286.1,286.1,286.1,286.1,286.1,286.1,286.1,286.1,286.1,286.1,286.1,286.1,286.1,286.1,286.1,286.1,286.1,286.1,286.1,286.1,286.1,286.1,286.1,286.1,286.1,286.1,286.1,286.1,286.1,286.1,286.1,286.1,286.1,286.1,286.1,286.1,286.1,286.1,286.1,287.316,287.316,287.316,287.316,287.316,287.316,287.316,287.316,287.316,287.316,287.316,287.316,287.316,287.316,287.316,287.316,287.316,287.316,287.316,287.316
1988-10-01,,,,,,,,,,,,,,,,,,,,,,,,,,,,,,,,,,,,,,,,,,,,,,,,,,,,,,,,,,,,,,,,,,,,,,,,194.3,194.8,194.8,194.8,196.9,196.9,196.9,196.9,196.9,196.9,196.9,196.9,207.5,207.5,207.5,207.5,207.5,207.5,207.5,207.5,207.5,207.5,207.5,232.2,232.2,232.2,232.2,232.2,232.2,232.2,232.2,232.2,232.2,232.2,232.2,232.2,232.2,232.2,232.2,232.2,232.2,232.2,232.2,232.2,232.2,232.2,232.2,232.2,232.2,232.2,232.2,232.2,232.2,232.2,232.2,232.2,235.9,235.9,235.9,235.9,235.9,235.9,235.9,235.9,235.9,235.9,235.9,235.9,262.4,262.4,262.4,262.4,262.4,262.4,262.4,262.4,262.4,262.4,262.4,262.4,262.4,262.4,262.4,262.4,262.4,262.4,262.4,262.4,262.4,,280.9,280.9,280.9,280.9,283.3,283.3,283.3,283.3,283.3,283.3,283.3,283.3,283.3,283.3,283.3,283.3,283.3,283.3,283.3,283.3,283.3,283.3,283.3,283.3,283.3,283.3,283.3,283.3,283.3,283.3,283.3,283.3,283.3,283.3,283.3,,307.6,307.6,307.6,307.6,307.6,307.6,307.6,307.6,307.6,307.6,307.6,307.6,307.6,307.6,307.6,307.6,307.6,307.6,307.6,307.6,307.6,307.6,307.6,307.6,307.6,307.6,307.6,307.6,307.6,307.6,307.6,307.6,307.6,307.6,307.6,307.6,307.6,307.6,307.6,307.6,307.6,307.6,307.6,307.6,307.6,,297.8,297.8,297.8,297.8,297.8,297.8,297.8,297.8,297.8,297.8,297.8,297.8,297.8,297.8,297.8,297.8,297.8,297.8,297.8,297.8,297.8,297.8,297.8,297.8,297.8,297.8,297.8,297.8,297.8,297.8,297.8,297.8,286.3,286.3,286.3,286.3,286.3,286.3,286.3,286.3,286.3,286.3,286.3,286.3,286.3,286.3,286.3,286.3,286.3,286.3,286.3,286.3,286.3,286.3,286.3,286.3,286.3,286.3,286.3,286.3,286.3,286.3,286.3,286.3,286.3,286.3,286.3,286.321,286.321,286.321,286.321,286.321,286.321,304.459,304.459,304.459,304.459,304.459,304.459,304.459,304.459,304.459,304.459,304.459,304.459,304.459,304.459,304.459,304.459,304.459,304.459,304.459,304.459,304.459,304.459,304.459,304.459,304.459,304.459,304.459,304.459,304.459,304.459,304.459,304.459,304.459,304.459,304.459,304.459,304.459,304.459,304.459,304.459,306.366,306.366,306.366,306.366,306.366,306.366,306.366,306.366,306.366,306.366,306.366,306.366,306.366,306.366,306.366,306.366,306.366,306.366,306.366,306.366
1989-01-01,,,,,,,,,,,,,,,,,,,,,,,,,,,,,,,,,,,,,,,,,,,,,,,,,,,,,,,,,,,,,,,,,,,,,,,,,,171.0,171.8,171.9,171.9,171.9,171.9,171.9,171.9,171.9,171.9,179.0,179.0,179.0,179.0,179.0,179.0,179.0,179.0,179.0,179.0,179.0,216.9,216.9,216.9,216.9,216.9,216.9,214.7,214.7,214.7,214.7,214.7,214.7,214.7,214.7,214.7,214.7,214.7,214.7,214.7,214.7,214.7,214.7,214.7,214.7,214.7,214.7,214.7,214.7,214.7,214.7,214.7,214.7,214.7,204.8,204.8,204.8,204.8,204.8,204.8,204.8,204.8,204.8,204.8,204.8,204.8,227.2,227.2,227.2,227.2,227.2,227.2,227.2,227.2,227.2,227.2,227.2,227.2,227.2,227.2,227.2,227.2,227.2,227.2,227.2,227.2,227.2,,251.0,251.0,251.0,251.0,253.4,253.4,253.4,253.4,253.4,253.4,253.4,253.4,253.4,253.4,253.4,253.4,253.4,253.4,253.4,253.4,253.4,253.4,253.4,253.4,253.4,253.4,253.4,253.4,253.4,253.4,253.4,253.4,253.4,253.4,253.4,,279.7,279.7,279.7,279.7,279.7,279.7,279.7,279.7,279.7,279.7,279.7,279.7,279.7,279.7,279.7,279.7,279.7,279.7,279.7,279.7,279.7,279.7,279.7,279.7,279.7,279.7,279.7,279.7,279.7,279.7,279.7,279.7,279.7,279.7,279.7,279.7,279.7,279.7,279.7,279.7,279.7,279.7,279.7,279.7,279.7,,273.1,273.1,273.1,273.1,273.1,273.1,273.1,273.1,273.1,273.1,273.1,273.1,273.1,273.1,273.1,273.1,273.1,273.1,273.1,273.1,273.1,273.1,273.1,273.1,273.1,273.1,273.1,273.1,273.1,273.1,273.1,273.1,265.5,265.5,265.5,265.5,265.5,265.5,265.5,265.5,265.5,265.5,265.5,265.5,265.5,265.5,265.5,265.5,265.5,265.5,265.5,265.5,265.5,265.5,265.5,265.5,265.5,265.5,265.5,265.5,265.5,265.5,265.5,265.5,265.5,265.5,265.5,265.538,265.538,265.538,265.538,265.538,265.538,286.526,286.526,286.526,286.526,286.526,286.526,286.526,286.526,286.526,286.526,286.526,286.526,286.526,286.526,286.526,286.526,286.526,286.526,286.526,286.526,286.526,286.526,286.526,286.526,286.526,286.526,286.526,286.526,286.526,286.526,286.526,286.526,286.526,286.526,286.526,286.526,286.526,286.526,286.526,286.526,290.039,290.039,290.039,290.039,290.039,290.039,290.039,290.039,290.039,290.039,290.039,290.039,290.039,290.039,290.039,290.039,290.039,290.039,290.039,290.039
1989-04-01,,,,,,,,,,,,,,,,,,,,,,,,,,,,,,,,,,,,,,,,,,,,,,,,,,,,,,,,,,,,,,,,,,,,,,,,,,,,,175.9,172.9,172.9,172.9,172.9,172.9,172.9,180.6,180.6,180.6,180.6,180.6,180.6,180.6,180.6,180.6,180.6,180.6,219.3,219.3,219.3,219.3,219.3,219.3,226.3,226.3,226.3,226.3,226.3,226.3,226.3,226.3,226.3,226.3,226.3,226.3,226.3,226.3,226.3,226.3,226.3,226.3,226.3,226.3,226.3,226.3,226.3,226.3,226.3,226.3,226.3,218.7,218.7,218.7,218.7,218.7,218.7,218.7,218.7,218.7,218.7,218.7,218.7,240.1,240.1,240.1,240.1,240.1,240.1,240.1,240.1,240.1,240.1,240.1,240.1,240.1,240.1,240.1,240.1,240.1,240.1,240.1,240.1,240.1,,251.9,251.9,251.9,251.9,253.5,253.5,253.5,253.5,253.5,253.5,253.5,253.5,253.5,253.5,253.5,253.5,253.5,253.5,253.5,253.5,253.5,253.5,253.5,253.5,253.5,253.5,253.5,253.5,253.5,253.5,253.5,253.5,253.5,253.5,253.5,,280.1,280.1,280.1,280.1,280.1,280.1,280.1,280.1,280.1,280.1,280.1,280.1,280.1,280.1,280.1,280.1,280.1,280.1,280.1,280.1,280.1,280.1,280.1,280.1,280.1,280.1,280.1,280.1,280.1,280.1,280.1,280.1,280.1,280.1,280.1,280.1,280.1,280.1,280.1,280.1,280.1,280.1,280.1,280.1,280.1,,278.8,278.8,278.8,278.8,278.8,278.8,278.8,278.8,278.8,278.8,278.8,278.8,278.8,278.8,278.8,278.8,278.8,278.8,278.8,278.8,278.8,278.8,278.8,278.8,278.8,278.8,278.8,278.8,278.8,278.8,278.8,278.8,270.8,270.8,270.8,270.8,270.8,270.8,270.8,270.8,270.8,270.8,270.8,270.8,270.8,270.8,270.8,270.8,270.8,270.8,270.8,270.8,270.8,270.8,270.8,270.8,270.8,270.8,270.8,270.8,270.8,270.8,270.8,270.8,270.8,270.8,270.8,270.823,270.823,270.823,270.823,270.823,270.823,292.879,292.879,292.879,292.879,292.879,292.879,292.879,292.879,292.879,292.879,292.879,292.879,292.879,292.879,292.879,292.879,292.879,292.879,292.879,292.879,292.879,292.879,292.879,292.879,292.879,292.879,292.879,292.879,292.879,292.879,292.879,292.879,292.879,292.879,292.879,292.879,292.879,292.879,292.879,292.879,297.398,297.398,297.398,297.398,297.398,297.398,297.398,297.398,297.398,297.398,297.398,297.398,297.398,297.398,297.398,297.398,297.398,297.398,297.398,297.398
1989-07-01,,,,,,,,,,,,,,,,,,,,,,,,,,,,,,,,,,,,,,,,,,,,,,,,,,,,,,,,,,,,,,,,,,,,,,,,,,,,,,,169.9,172.6,172.6,172.6,172.6,178.9,178.9,178.9,178.9,178.9,178.9,178.9,178.9,178.9,178.9,178.9,213.8,213.8,213.8,213.8,213.8,213.8,224.7,224.7,224.7,224.7,224.7,224.7,224.7,224.7,224.7,224.7,224.7,224.7,224.7,224.7,224.7,224.7,224.7,224.7,224.7,224.7,224.7,224.7,224.7,224.7,224.7,224.7,224.7,227.5,227.5,227.5,227.5,227.5,227.5,227.5,227.5,227.5,227.5,227.5,227.5,251.4,251.4,251.4,251.4,251.4,251.4,251.4,251.4,251.4,251.4,251.4,251.4,251.4,251.4,251.4,251.4,251.4,251.4,251.4,251.4,251.4,,255.7,255.7,255.7,255.7,257.1,257.1,257.1,257.1,257.1,257.1,257.1,257.1,257.1,257.1,257.1,257.1,257.1,257.1,257.1,257.1,257.1,257.1,257.1,257.1,257.1,257.1,257.1,257.1,257.1,257.1,257.1,257.1,257.1,257.1,257.1,,283.3,283.3,283.3,283.3,283.3,283.3,283.3,283.3,283.3,283.3,283.3,283.3,283.3,283.3,283.3,283.3,283.3,283.3,283.3,283.3,283.3,283.3,283.3,283.3,283.3,283.3,283.3,283.3,283.3,283.3,283.3,283.3,283.3,283.3,283.3,283.3,283.3,283.3,283.3,283.3,283.3,283.3,283.3,283.3,283.3,,288.1,288.1,288.1,288.1,288.1,288.1,288.1,288.1,288.1,288.1,288.1,288.1,288.1,288.1,288.1,288.1,288.1,288.1,288.1,288.1,288.1,288.1,288.1,288.1,288.1,288.1,288.1,288.1,288.1,288.1,288.1,288.1,276.1,276.1,276.1,276.1,276.1,276.1,276.1,276.1,276.1,276.1,276.1,276.1,276.1,276.1,276.1,276.1,276.1,276.1,276.1,276.1,276.1,276.1,276.1,276.1,276.1,276.1,276.1,276.1,276.1,276.1,276.1,276.1,276.1,276.1,276.1,276.06,276.06,276.06,276.06,276.06,276.06,297.698,297.698,297.698,297.698,297.698,297.698,297.698,297.698,297.698,297.698,297.698,297.698,297.698,297.698,297.698,297.698,297.698,297.698,297.698,297.698,297.698,297.698,297.698,297.698,297.698,297.698,297.698,297.698,297.698,297.698,297.698,297.698,297.698,297.698,297.698,297.698,297.698,297.698,297.698,297.698,302.622,302.622,302.622,302.622,302.622,302.622,302.622,302.622,302.622,302.622,302.622,302.622,302.622,302.622,302.622,302.622,302.622,302.622,302.622,302.622
1989-10-01,,,,,,,,,,,,,,,,,,,,,,,,,,,,,,,,,,,,,,,,,,,,,,,,,,,,,,,,,,,,,,,,,,,,,,,,,,,,,,,,,168.9,168.9,168.9,167.5,167.5,167.5,167.5,167.5,167.5,167.5,167.5,167.5,167.5,167.5,204.9,204.9,204.9,204.9,204.9,204.9,220.3,220.3,220.3,220.3,220.3,220.3,220.3,220.3,220.3,220.3,220.3,220.3,220.3,220.3,220.3,220.3,220.3,220.3,220.3,220.3,220.3,220.3,220.3,220.3,220.3,220.3,220.3,209.6,209.6,209.6,209.6,209.6,209.6,209.6,209.6,209.6,209.6,209.6,209.6,235.9,235.9,235.9,235.9,235.9,235.9,235.9,235.9,235.9,235.9,235.9,235.9,235.9,235.9,235.9,235.9,235.9,235.9,235.9,235.9,235.9,,252.5,252.5,252.5,252.5,252.9,252.9,252.9,252.9,252.9,252.9,252.9,252.9,252.9,252.9,252.9,252.9,252.9,252.9,252.9,252.9,252.9,252.9,252.9,252.9,252.9,252.9,252.9,252.9,252.9,252.9,252.9,252.9,252.9,252.9,252.9,,279,279,279,279,279,279,279,279,279,279,279,279,279,279,279,279,279,279,279,279,279,279,279,279,279,279,279,279,279,279,279,279,279,279,279,279,279,279,279,279,279,279,279,279,279,,277.9,277.9,277.9,277.9,277.9,277.9,277.9,277.9,277.9,277.9,277.9,277.9,277.9,277.9,277.9,277.9,277.9,277.9,277.9,277.9,277.9,277.9,277.9,277.9,277.9,277.9,277.9,277.9,277.9,277.9,277.9,277.9,260.3,260.3,260.3,260.3,260.3,260.3,260.3,260.3,260.3,260.3,260.3,260.3,260.3,260.3,260.3,260.3,260.3,260.3,260.3,260.3,260.3,260.3,260.3,260.3,260.3,260.3,260.3,260.3,260.3,260.3,260.3,260.3,260.3,260.3,260.3,260.272,260.272,260.272,260.272,260.272,260.272,282.397,282.397,282.397,282.397,282.397,282.397,282.397,282.397,282.397,282.397,282.397,282.397,282.397,282.397,282.397,282.397,282.397,282.397,282.397,282.397,282.397,282.397,282.397,282.397,282.397,282.397,282.397,282.397,282.397,282.397,282.397,282.397,282.397,282.397,282.397,282.397,282.397,282.397,282.397,282.397,287.124,287.124,287.124,287.124,287.124,287.124,287.124,287.124,287.124,287.124,287.124,287.124,287.124,287.124,287.124,287.124,287.124,287.124,287.124,287.124
1990-01-01,,,,,,,,,,,,,,,,,,,,,,,,,,,,,,,,,,,,,,,,,,,,,,,,,,,,,,,,,,,,,,,,,,,,,,,,,,,,,,,,,,163.2,165.0,167.0,167.0,167.0,167.0,167.0,167.0,167.0,167.0,167.0,167.0,167.0,202.7,202.7,202.7,202.7,202.7,202.7,235.2,235.2,235.2,235.2,235.2,235.2,235.2,235.2,235.2,250.6,250.6,250.6,250.6,250.6,250.6,250.6,250.6,250.6,250.6,250.6,250.6,250.6,250.6,250.6,250.6,250.6,250.6,236.3,236.3,236.3,236.3,236.3,236.3,236.3,236.3,236.3,236.3,236.3,236.3,263.5,263.5,263.5,263.5,263.5,263.5,263.5,263.5,263.5,263.5,263.5,263.5,263.5,263.5,263.5,263.5,263.5,263.5,263.5,263.5,263.5,,268.7,268.7,268.7,268.7,269.5,269.5,269.5,269.5,269.5,269.5,269.5,269.5,269.5,269.5,269.5,269.5,269.5,269.5,269.5,269.5,269.5,269.5,269.5,269.5,269.5,269.5,269.5,269.5,269.5,269.5,269.5,269.5,269.5,269.5,269.5,,295.7,295.7,295.7,295.7,295.7,295.7,295.7,295.7,295.7,295.7,295.7,295.7,295.7,295.7,295.7,295.7,295.7,295.7,295.7,295.7,295.7,295.7,295.7,295.7,295.7,295.7,295.7,295.7,295.7,295.7,295.7,295.7,295.7,295.7,295.7,295.7,295.7,295.7,295.7,295.7,295.7,295.7,295.7,295.7,295.7,,288.0,288.0,288.0,288.0,288.0,288.0,288.0,288.0,288.0,288.0,288.0,288.0,288.0,288.0,288.0,288.0,288.0,288.0,288.0,288.0,288.0,288.0,288.0,288.0,288.0,288.0,288.0,288.0,288.0,288.0,288.0,288.0,274.2,274.2,274.2,274.2,274.2,274.2,274.2,274.2,274.2,274.2,274.2,274.2,274.2,274.2,274.2,274.2,274.2,274.2,274.2,274.2,274.2,274.2,274.2,274.2,274.2,274.2,274.2,274.2,274.2,274.2,274.2,274.2,274.2,274.2,274.2,274.173,274.173,274.173,274.173,274.173,274.173,297.117,297.117,297.117,297.117,297.117,297.117,297.117,297.117,297.117,297.117,297.117,297.117,297.117,297.117,297.117,297.117,297.117,297.117,297.117,297.117,297.117,297.117,297.117,297.117,297.117,297.117,297.117,297.117,297.117,297.117,297.117,297.117,297.117,297.117,297.117,297.117,297.117,297.117,297.117,297.117,301.048,301.048,301.048,301.048,301.048,301.048,301.048,301.048,301.048,301.048,301.048,301.048,301.048,301.048,301.048,301.048,301.048,301.048,301.048,301.048
1990-04-01,,,,,,,,,,,,,,,,,,,,,,,,,,,,,,,,,,,,,,,,,,,,,,,,,,,,,,,,,,,,,,,,,,,,,,,,,,,,,,,,,,,,,175.5,173.4,173.4,173.4,173.4,173.4,173.4,173.4,173.4,173.4,201.9,201.9,201.9,201.9,201.9,201.9,246.4,246.4,246.4,246.4,246.4,246.4,246.4,246.4,246.4,269.5,269.5,269.5,269.5,269.5,269.5,269.5,269.5,269.5,269.5,269.5,269.5,269.5,269.5,269.5,269.5,269.5,269.5,251.6,251.6,251.6,251.6,251.6,251.6,251.6,251.6,251.6,251.6,251.6,251.6,280.6,280.6,280.6,280.6,280.6,280.6,280.6,280.6,280.6,280.6,280.6,280.6,280.6,280.6,280.6,280.6,280.6,280.6,280.6,280.6,280.6,,284.8,284.8,284.8,284.8,285.9,285.9,285.9,285.9,285.9,285.9,285.9,285.9,285.9,285.9,285.9,285.9,285.9,285.9,285.9,285.9,285.9,285.9,285.9,285.9,285.9,285.9,285.9,285.9,285.9,285.9,285.9,285.9,285.9,285.9,285.9,,311.5,311.5,311.5,311.5,311.5,311.5,311.5,311.5,311.5,311.5,311.5,311.5,311.5,311.5,311.5,311.5,311.5,311.5,311.5,311.5,311.5,311.5,311.5,311.5,311.5,311.5,311.5,311.5,311.5,311.5,311.5,311.5,311.5,311.5,311.5,311.5,311.5,311.5,311.5,311.5,311.5,311.5,311.5,311.5,311.5,,307.5,307.5,307.5,307.5,307.5,307.5,307.5,307.5,307.5,307.5,307.5,307.5,307.5,307.5,307.5,307.5,307.5,307.5,307.5,307.5,307.5,307.5,307.5,307.5,307.5,307.5,307.5,307.5,307.5,307.5,307.5,307.5,288.5,288.5,288.5,288.5,288.5,288.5,288.5,288.5,288.5,288.5,288.5,288.5,288.5,288.5,288.5,288.5,288.5,288.5,288.5,288.5,288.5,288.5,288.5,288.5,288.5,288.5,288.5,288.5,288.5,288.5,288.5,288.5,288.5,288.5,288.5,288.529,288.529,288.529,288.529,288.529,288.529,312.229,312.229,312.229,312.229,312.229,312.229,312.229,312.229,312.229,312.229,312.229,312.229,312.229,312.229,312.229,312.229,312.229,312.229,312.229,312.229,312.229,312.229,312.229,312.229,312.229,312.229,312.229,312.229,312.229,312.229,312.229,312.229,312.229,312.229,312.229,312.229,312.229,312.229,312.229,312.229,314.909,314.909,314.909,314.909,314.909,314.909,314.909,314.909,314.909,314.909,314.909,314.909,314.909,314.909,314.909,314.909,314.909,314.909,314.909,314.909
1990-07-01,,,,,,,,,,,,,,,,,,,,,,,,,,,,,,,,,,,,,,,,,,,,,,,,,,,,,,,,,,,,,,,,,,,,,,,,,,,,,,,,,,,,,,,156.7,161.6,161.6,161.6,161.6,161.6,161.6,161.6,161.0,161.0,161.0,161.0,161.0,161.0,208.4,208.4,208.4,208.4,208.4,208.4,208.4,208.4,208.4,221.8,221.8,221.8,221.8,221.8,221.8,221.8,221.8,221.8,221.8,221.8,221.8,221.8,221.8,221.8,221.8,221.8,221.8,202.4,202.4,202.4,202.4,202.4,202.4,202.4,202.4,202.4,202.4,202.4,202.4,231.2,231.2,231.2,231.2,231.2,231.2,231.2,231.2,231.2,231.2,231.2,231.2,231.2,231.2,231.2,231.2,231.2,231.2,231.2,231.2,231.2,,252.5,252.5,252.5,252.5,253.9,253.9,253.9,253.9,253.9,253.9,253.9,253.9,253.9,253.9,253.9,253.9,253.9,253.9,253.9,253.9,253.9,253.9,253.9,253.9,253.9,253.9,253.9,253.9,253.9,253.9,253.9,253.9,253.9,253.9,253.9,,277.4,277.4,277.4,277.4,277.4,277.4,277.4,277.4,277.4,277.4,277.4,277.4,277.4,277.4,277.4,277.4,277.4,277.4,277.4,277.4,277.4,277.4,277.4,277.4,277.4,277.4,277.4,277.4,277.4,277.4,277.4,277.4,277.4,277.4,277.4,277.4,277.4,277.4,277.4,277.4,277.4,277.4,277.4,277.4,277.4,,277.1,277.1,277.1,277.1,277.1,277.1,277.1,277.1,277.1,277.1,277.1,277.1,277.1,277.1,277.1,277.1,277.1,277.1,277.1,277.1,277.1,277.1,277.1,277.1,277.1,277.1,277.1,277.1,277.1,277.1,277.1,277.1,257.3,257.3,257.3,257.3,257.3,257.3,257.3,257.3,257.3,257.3,257.3,257.3,257.3,257.3,257.3,257.3,257.3,257.3,257.3,257.3,257.3,257.3,257.3,257.3,257.3,257.3,257.3,257.3,257.3,257.3,257.3,257.3,257.3,257.3,257.3,257.273,257.273,257.273,257.273,257.273,257.273,282.596,282.596,282.596,282.596,282.596,282.596,282.596,282.596,282.596,282.596,282.596,282.596,282.596,282.596,282.596,282.596,282.596,282.596,282.596,282.596,282.596,282.596,282.596,282.596,282.596,282.596,282.596,282.596,282.596,282.596,282.596,282.596,282.596,282.596,282.596,282.596,282.596,282.596,282.596,282.596,283.573,283.573,283.573,283.573,283.573,283.573,283.573,283.573,283.573,283.573,283.573,283.573,283.573,283.573,283.573,283.573,283.573,283.573,283.573,283.573
1990-10-01,,,,,,,,,,,,,,,,,,,,,,,,,,,,,,,,,,,,,,,,,,,,,,,,,,,,,,,,,,,,,,,,,,,,,,,,,,,,,,,,,,,,,,,,,165.9,162.4,162.4,162.4,162.4,162.4,169.0,169.0,169.0,169.0,169.0,169.0,210.2,210.2,210.2,210.2,210.2,210.2,210.2,210.2,210.2,225.8,225.8,225.8,225.8,225.8,225.8,225.8,225.8,225.8,225.8,225.8,225.8,225.8,225.8,225.8,225.8,225.8,225.8,225.9,225.9,225.9,225.9,225.9,225.9,225.9,225.9,225.9,225.9,225.9,225.9,251.2,251.2,251.2,251.2,251.2,251.2,251.2,251.2,251.2,251.2,251.2,251.2,251.2,251.2,251.2,251.2,251.2,251.2,251.2,251.2,251.2,,261.1,261.1,261.1,261.1,262.6,262.6,262.6,262.6,262.6,262.6,262.6,262.6,262.6,262.6,262.6,262.6,262.6,262.6,262.6,262.6,262.6,262.6,262.6,262.6,262.6,262.6,262.6,262.6,262.6,262.6,262.6,262.6,262.6,262.6,262.6,,284.9,284.9,284.9,284.9,284.9,284.9,284.9,284.9,284.9,284.9,284.9,284.9,284.9,284.9,284.9,284.9,284.9,284.9,284.9,284.9,284.9,284.9,284.9,284.9,284.9,284.9,284.9,284.9,284.9,284.9,284.9,284.9,284.9,284.9,284.9,284.9,284.9,284.9,284.9,284.9,284.9,284.9,284.9,284.9,284.9,,283.5,283.5,283.5,283.5,283.5,283.5,283.5,283.5,283.5,283.5,283.5,283.5,283.5,283.5,283.5,283.5,283.5,283.5,283.5,283.5,283.5,283.5,283.5,283.5,283.5,283.5,283.5,283.5,283.5,283.5,283.5,283.5,266.9,266.9,266.9,266.9,266.9,266.9,266.9,266.9,266.9,266.9,266.9,266.9,266.9,266.9,266.9,266.9,266.9,266.9,266.9,266.9,266.9,266.9,266.9,266.9,266.9,266.9,266.9,266.9,266.9,266.9,266.9,266.9,266.9,266.9,266.9,266.938,266.938,266.938,266.938,266.938,266.938,291.708,291.708,291.708,291.708,291.708,291.708,291.708,291.708,291.708,291.708,291.708,291.708,291.708,291.708,291.708,291.708,291.708,291.708,291.708,291.708,291.708,291.708,291.708,291.708,291.708,291.708,291.708,291.708,291.708,291.708,291.708,291.708,291.708,291.708,291.708,291.708,291.708,291.708,291.708,291.708,290.525,290.525,290.525,290.525,290.525,290.525,290.525,290.525,290.525,290.525,290.525,290.525,290.525,290.525,290.525,290.525,290.525,290.525,290.525,290.525
1991-01-01,,,,,,,,,,,,,,,,,,,,,,,,,,,,,,,,,,,,,,,,,,,,,,,,,,,,,,,,,,,,,,,,,,,,,,,,,,,,,,,,,,,,,,,,,,,172.9,171.1,171.1,171.1,182.7,182.7,182.7,182.7,182.7,182.7,228.3,228.3,228.3,228.3,228.3,228.3,228.3,228.3,228.3,243.9,243.9,243.9,243.9,243.9,243.9,243.9,243.9,258.1,258.1,258.1,258.1,258.1,258.1,258.1,258.1,258.1,258.1,263.6,263.6,263.6,263.6,263.6,263.6,263.6,263.6,263.6,263.6,263.6,263.6,290.8,290.8,290.8,290.8,290.8,290.8,290.8,290.8,290.8,290.8,290.8,290.8,290.8,290.8,290.8,290.8,290.8,290.8,290.8,290.8,290.8,,301.9,301.9,301.9,301.9,303.1,303.1,303.1,303.1,303.1,303.1,303.1,303.1,303.1,303.1,303.1,303.1,303.1,303.1,303.1,303.1,303.1,303.1,303.1,303.1,303.1,303.1,303.1,303.1,303.1,303.1,303.1,303.1,303.1,303.1,303.1,,321,321,321,321,321,321,321,321,321,321,321,321,321,321,321,321,321,321,321,321,321,321,321,321,321,321,321,321,321,321,321,321,321,321,321,321,321,321,321,321,321,321,321,321,321,,320.7,320.7,320.7,320.7,320.7,320.7,320.7,320.7,320.7,320.7,320.7,320.7,320.7,320.7,320.7,320.7,320.7,320.7,320.7,320.7,320.7,320.7,320.7,320.7,320.7,320.7,320.7,320.7,320.7,320.7,320.7,320.7,312.3,312.3,312.3,312.3,312.3,312.3,312.3,312.3,312.3,312.3,312.3,312.3,312.3,312.3,312.3,312.3,312.3,312.3,312.3,312.3,312.3,312.3,312.3,312.3,312.3,312.3,312.3,312.3,312.3,312.3,312.3,312.3,312.3,312.3,312.3,312.332,312.332,312.332,312.332,312.332,312.332,334.812,334.812,334.812,334.812,334.812,334.812,334.812,334.812,334.812,334.812,334.812,334.812,334.812,334.812,334.812,334.812,334.812,334.812,334.812,334.812,334.812,334.812,334.812,334.812,334.812,334.812,334.812,334.812,334.812,334.812,334.812,334.812,334.812,334.812,334.812,334.812,334.812,334.812,334.812,334.812,331.017,331.017,331.017,331.017,331.017,331.017,331.017,331.017,331.017,331.017,331.017,331.017,331.017,331.017,331.017,331.017,331.017,331.017,331.017,331.017
1991-04-01,,,,,,,,,,,,,,,,,,,,,,,,,,,,,,,,,,,,,,,,,,,,,,,,,,,,,,,,,,,,,,,,,,,,,,,,,,,,,,,,,,,,,,,,,,,,,168.1,165.8,180.0,180.0,180.0,180.0,180.0,180.0,224.4,224.4,224.4,224.4,224.4,224.4,224.4,224.4,224.4,242.8,242.8,242.8,242.8,242.8,242.8,242.8,242.8,261.5,261.5,261.5,261.5,261.5,261.5,261.5,261.5,261.5,261.5,247.7,247.7,247.7,247.7,247.7,247.7,247.7,247.7,247.7,247.7,247.7,247.7,276.5,276.5,276.5,276.5,276.5,276.5,276.5,276.5,276.5,276.5,276.5,276.5,276.5,276.5,276.5,276.5,276.5,276.5,276.5,276.5,276.5,,295.7,295.7,295.7,295.7,296.6,296.6,296.6,296.6,296.6,296.6,296.6,296.6,296.6,296.6,296.6,296.6,296.6,296.6,296.6,296.6,296.6,296.6,296.6,296.6,296.6,296.6,296.6,296.6,296.6,296.6,296.6,296.6,296.6,296.6,296.6,,312,312,312,312,312,312,312,312,312,312,312,312,312,312,312,312,312,312,312,312,312,312,312,312,312,312,312,312,312,312,312,312,312,312,312,312,312,312,312,312,312,312,312,312,312,,319.0,319.0,319.0,319.0,319.0,319.0,319.0,319.0,319.0,319.0,319.0,319.0,319.0,319.0,319.0,319.0,319.0,319.0,319.0,319.0,319.0,319.0,319.0,319.0,319.0,319.0,319.0,319.0,319.0,319.0,319.0,319.0,314.7,314.7,314.7,314.7,314.7,314.7,314.7,314.7,314.7,314.7,314.7,314.7,314.7,314.7,314.7,314.7,314.7,314.7,314.7,314.7,314.7,314.7,314.7,314.7,314.7,314.7,314.7,314.7,314.7,314.7,314.7,314.7,314.7,314.7,314.7,314.709,314.709,314.709,314.709,314.709,314.709,336.675,336.675,336.675,336.675,336.675,336.675,336.675,336.675,336.675,336.675,336.675,336.675,336.675,336.675,336.675,336.675,336.675,336.675,336.675,336.675,336.675,336.675,336.675,336.675,336.675,336.675,336.675,336.675,336.675,336.675,336.675,336.675,336.675,336.675,336.675,336.675,336.675,336.675,336.675,336.675,331.815,331.815,331.815,331.815,331.815,331.815,331.815,331.815,331.815,331.815,331.815,331.815,331.815,331.815,331.815,331.815,331.815,331.815,331.815,331.815
1991-07-01,,,,,,,,,,,,,,,,,,,,,,,,,,,,,,,,,,,,,,,,,,,,,,,,,,,,,,,,,,,,,,,,,,,,,,,,,,,,,,,,,,,,,,,,,,,,,,,176.2,177.5,177.5,177.5,177.5,177.5,214.2,214.2,214.2,214.2,214.2,214.2,214.2,214.2,214.2,226.5,226.5,226.5,226.5,226.5,226.5,226.5,226.5,255.6,255.6,255.6,255.6,255.6,255.6,255.6,255.6,255.6,255.6,240.7,240.7,240.7,240.7,240.7,240.7,240.7,240.7,240.7,240.7,240.7,240.7,271.2,271.2,271.2,271.2,271.2,271.2,271.2,271.2,271.2,271.2,271.2,271.2,271.2,271.2,271.2,271.2,271.2,271.2,271.2,271.2,271.2,,291.8,291.8,291.8,291.8,292.2,292.2,292.2,292.2,292.2,292.2,292.2,292.2,292.2,292.2,292.2,292.2,292.2,292.2,292.2,292.2,292.2,292.2,292.2,292.2,292.2,292.2,292.2,292.2,292.2,292.2,292.2,292.2,292.2,292.2,292.2,,306.7,306.7,306.7,306.7,306.7,306.7,306.7,306.7,306.7,306.7,306.7,306.7,306.7,306.7,306.7,306.7,306.7,306.7,306.7,306.7,306.7,306.7,306.7,306.7,306.7,306.7,306.7,306.7,306.7,306.7,306.7,306.7,306.7,306.7,306.7,306.7,306.7,306.7,306.7,306.7,306.7,306.7,306.7,306.7,306.7,,315.8,315.8,315.8,315.8,315.8,315.8,315.8,315.8,315.8,315.8,315.8,315.8,315.8,315.8,315.8,315.8,315.8,315.8,315.8,315.8,315.8,315.8,315.8,315.8,315.8,315.8,315.8,315.8,315.8,315.8,315.8,315.8,311.9,311.9,311.9,311.9,311.9,311.9,311.9,311.9,311.9,311.9,311.9,311.9,311.9,311.9,311.9,311.9,311.9,311.9,311.9,311.9,311.9,311.9,311.9,311.9,311.9,311.9,311.9,311.9,311.9,311.9,311.9,311.9,311.9,311.9,311.9,311.936,311.936,311.936,311.936,311.936,311.936,333.806,333.806,333.806,333.806,333.806,333.806,333.806,333.806,333.806,333.806,333.806,333.806,333.806,333.806,333.806,333.806,333.806,333.806,333.806,333.806,333.806,333.806,333.806,333.806,333.806,333.806,333.806,333.806,333.806,333.806,333.806,333.806,333.806,333.806,333.806,333.806,333.806,333.806,333.806,333.806,329.425,329.425,329.425,329.425,329.425,329.425,329.425,329.425,329.425,329.425,329.425,329.425,329.425,329.425,329.425,329.425,329.425,329.425,329.425,329.425
1991-10-01,,,,,,,,,,,,,,,,,,,,,,,,,,,,,,,,,,,,,,,,,,,,,,,,,,,,,,,,,,,,,,,,,,,,,,,,,,,,,,,,,,,,,,,,,,,,,,,,,189.7,189.1,189.1,189.1,222.2,222.2,222.2,222.2,222.2,222.2,222.2,222.2,222.2,245.4,245.4,245.4,245.4,245.4,245.4,245.4,245.4,261.6,261.6,261.6,261.6,261.6,261.6,261.6,261.6,261.6,261.6,244.4,244.4,244.4,244.4,244.4,244.4,244.4,244.4,244.4,244.4,244.4,244.4,273.2,273.2,273.2,273.2,273.2,273.2,273.2,273.2,273.2,273.2,273.2,273.2,273.2,273.2,273.2,273.2,273.2,273.2,273.2,273.2,273.2,,296.9,296.9,296.9,296.9,298.7,298.7,298.7,298.7,298.7,298.7,298.7,298.7,298.7,298.7,298.7,298.7,298.7,298.7,298.7,298.7,298.7,298.7,298.7,298.7,298.7,298.7,298.7,298.7,298.7,298.7,298.7,298.7,298.7,298.7,298.7,,310.8,310.8,310.8,310.8,310.8,310.8,310.8,310.8,310.8,310.8,310.8,310.8,310.8,310.8,310.8,310.8,310.8,310.8,310.8,310.8,310.8,310.8,310.8,310.8,310.8,310.8,310.8,310.8,310.8,310.8,310.8,310.8,310.8,310.8,310.8,310.8,310.8,310.8,310.8,310.8,310.8,310.8,310.8,310.8,310.8,,319.2,319.2,319.2,319.2,319.2,319.2,319.2,319.2,319.2,319.2,319.2,319.2,319.2,319.2,319.2,319.2,319.2,319.2,319.2,319.2,319.2,319.2,319.2,319.2,319.2,319.2,319.2,319.2,319.2,319.2,319.2,319.2,312.0,312.0,312.0,312.0,312.0,312.0,312.0,312.0,312.0,312.0,312.0,312.0,312.0,312.0,312.0,312.0,312.0,312.0,312.0,312.0,312.0,312.0,312.0,312.0,312.0,312.0,312.0,312.0,312.0,312.0,312.0,312.0,312.0,312.0,312.0,311.977,311.977,311.977,311.977,311.977,311.977,333.812,333.812,333.812,333.812,333.812,333.812,333.812,333.812,333.812,333.812,333.812,333.812,333.812,333.812,333.812,333.812,333.812,333.812,333.812,333.812,333.812,333.812,333.812,333.812,333.812,333.812,333.812,333.812,333.812,333.812,333.812,333.812,333.812,333.812,333.812,333.812,333.812,333.812,333.812,333.812,331.458,331.458,331.458,331.458,331.458,331.458,331.458,331.458,331.458,331.458,331.458,331.458,331.458,331.458,331.458,331.458,331.458,331.458,331.458,331.458
1992-01-01,,,,,,,,,,,,,,,,,,,,,,,,,,,,,,,,,,,,,,,,,,,,,,,,,,,,,,,,,,,,,,,,,,,,,,,,,,,,,,,,,,,,,,,,,,,,,,,,,,,212.1,217.8,247.6,247.6,247.6,247.6,247.6,247.6,247.6,247.6,247.6,262.9,262.9,262.9,262.9,262.9,262.9,262.9,262.9,272.4,272.4,272.4,272.4,272.4,272.4,272.4,272.4,272.4,272.4,273.4,273.4,273.4,273.4,273.4,273.4,273.4,273.4,273.4,273.4,273.4,273.4,300.3,300.3,300.3,300.3,300.3,300.3,300.3,300.3,300.3,300.3,300.3,300.3,300.3,300.3,300.3,300.3,300.3,300.3,300.3,300.3,300.3,,324.1,324.1,324.1,324.1,325.4,325.4,325.4,325.4,325.4,325.4,325.4,325.4,325.4,325.4,325.4,325.4,325.4,325.4,325.4,325.4,325.4,325.4,325.4,325.4,325.4,325.4,325.4,325.4,325.4,325.4,325.4,325.4,325.4,325.4,325.4,,342.6,342.6,342.6,342.6,342.6,342.6,342.6,342.6,342.6,342.6,342.6,342.6,342.6,342.6,342.6,342.6,342.6,342.6,342.6,342.6,342.6,342.6,342.6,342.6,342.6,342.6,342.6,342.6,342.6,342.6,342.6,342.6,342.6,342.6,342.6,342.6,342.6,342.6,342.6,342.6,342.6,342.6,342.6,342.6,342.6,,342.8,342.8,342.8,342.8,342.8,342.8,342.8,342.8,342.8,342.8,342.8,342.8,342.8,342.8,342.8,342.8,342.8,342.8,342.8,342.8,342.8,342.8,342.8,342.8,342.8,342.8,342.8,342.8,342.8,342.8,342.8,342.8,328.3,328.3,328.3,328.3,328.3,328.3,328.3,328.3,328.3,328.3,328.3,328.3,328.3,328.3,328.3,328.3,328.3,328.3,328.3,328.3,328.3,328.3,328.3,328.3,328.3,328.3,328.3,328.3,328.3,328.3,328.3,328.3,328.3,328.3,328.3,328.343,328.343,328.343,328.343,328.343,328.343,347.763,347.763,347.763,347.763,347.763,347.763,347.763,347.763,347.763,347.763,347.763,347.763,347.763,347.763,347.763,347.763,347.763,347.763,347.763,347.763,347.763,347.763,347.763,347.763,347.763,347.763,347.763,347.763,347.763,347.763,347.763,347.763,347.763,347.763,347.763,347.763,347.763,347.763,347.763,347.763,348.981,348.981,348.981,348.981,348.981,348.981,348.981,348.981,348.981,348.981,348.981,348.981,348.981,348.981,348.981,348.981,348.981,348.981,348.981,348.981
1992-04-01,,,,,,,,,,,,,,,,,,,,,,,,,,,,,,,,,,,,,,,,,,,,,,,,,,,,,,,,,,,,,,,,,,,,,,,,,,,,,,,,,,,,,,,,,,,,,,,,,,,,,,246.1,244.3,244.3,244.3,244.3,244.3,244.3,244.3,258.7,258.7,258.7,258.7,258.7,258.7,258.7,258.7,266.6,266.6,266.6,266.6,266.6,266.6,266.6,266.6,266.6,266.6,258.3,258.3,258.3,258.3,258.3,258.3,258.3,258.3,258.3,258.3,258.3,258.3,286.3,286.3,286.3,286.3,286.3,286.3,286.3,286.3,286.3,286.3,286.3,286.3,286.3,286.3,286.3,286.3,286.3,286.3,286.3,286.3,286.3,,316.7,316.7,316.7,316.7,318.4,318.4,318.4,318.4,318.4,318.4,318.4,318.4,318.4,318.4,318.4,318.4,318.4,318.4,318.4,318.4,318.4,318.4,318.4,318.4,318.4,318.4,318.4,318.4,318.4,318.4,318.4,318.4,318.4,318.4,318.4,,338.9,338.9,338.9,338.9,338.9,338.9,338.9,338.9,338.9,338.9,338.9,338.9,338.9,338.9,338.9,338.9,338.9,338.9,338.9,338.9,338.9,338.9,338.9,338.9,338.9,338.9,338.9,338.9,338.9,338.9,338.9,338.9,338.9,338.9,338.9,338.9,338.9,338.9,338.9,338.9,338.9,338.9,338.9,338.9,338.9,,348.9,348.9,348.9,348.9,348.9,348.9,348.9,348.9,348.9,348.9,348.9,348.9,348.9,348.9,348.9,348.9,348.9,348.9,348.9,348.9,348.9,348.9,348.9,348.9,348.9,348.9,348.9,348.9,348.9,348.9,348.9,348.9,328.1,328.1,328.1,328.1,328.1,328.1,328.1,328.1,328.1,328.1,328.1,328.1,328.1,328.1,328.1,328.1,328.1,328.1,328.1,328.1,328.1,328.1,328.1,328.1,328.1,328.1,328.1,328.1,328.1,328.1,328.1,328.1,328.1,328.1,328.1,328.076,328.076,328.076,328.076,328.076,328.076,347.262,347.262,347.262,347.262,347.262,347.262,347.262,347.262,347.262,347.262,347.262,347.262,347.262,347.262,347.262,347.262,347.262,347.262,347.262,347.262,347.262,347.262,347.262,347.262,347.262,347.262,347.262,347.262,347.262,347.262,347.262,347.262,347.262,347.262,347.262,347.262,347.262,347.262,347.262,347.262,351.069,351.069,351.069,351.069,351.069,351.069,351.069,351.069,351.069,351.069,351.069,351.069,351.069,351.069,351.069,351.069,351.069,351.069,351.069,351.069
1992-07-01,,,,,,,,,,,,,,,,,,,,,,,,,,,,,,,,,,,,,,,,,,,,,,,,,,,,,,,,,,,,,,,,,,,,,,,,,,,,,,,,,,,,,,,,,,,,,,,,,,,,,,,,238.8,242.3,242.3,242.3,242.3,242.3,237.4,237.4,237.4,237.4,237.4,237.4,237.4,237.4,238.6,238.6,238.6,238.6,238.6,238.6,238.6,238.6,238.6,238.6,223.8,223.8,223.8,223.8,223.8,223.8,223.8,223.8,223.8,223.8,223.8,223.8,248.5,248.5,248.5,248.5,248.5,248.5,248.5,248.5,248.5,248.5,248.5,248.5,248.5,248.5,248.5,248.5,248.5,248.5,248.5,248.5,248.5,,271.6,271.6,271.6,271.6,272.6,272.6,272.6,272.6,272.6,272.6,272.6,272.6,272.6,272.6,272.6,272.6,272.6,272.6,272.6,272.6,272.6,272.6,272.6,272.6,272.6,272.6,272.6,272.6,272.6,272.6,272.6,272.6,272.6,272.6,272.6,,293.8,293.8,293.8,293.8,293.8,293.8,293.8,293.8,293.8,293.8,293.8,293.8,293.8,293.8,293.8,293.8,293.8,293.8,293.8,293.8,293.8,293.8,293.8,293.8,293.8,293.8,293.8,293.8,293.8,293.8,293.8,293.8,293.8,293.8,293.8,293.8,293.8,293.8,293.8,293.8,293.8,293.8,293.8,293.8,293.8,,336.5,336.5,336.5,336.5,336.5,336.5,336.5,336.5,336.5,336.5,336.5,336.5,336.5,336.5,336.5,336.5,336.5,336.5,336.5,336.5,336.5,336.5,336.5,336.5,336.5,336.5,336.5,336.5,336.5,336.5,336.5,336.5,319.2,319.2,319.2,319.2,319.2,319.2,319.2,319.2,319.2,319.2,319.2,319.2,319.2,319.2,319.2,319.2,319.2,319.2,319.2,319.2,319.2,319.2,319.2,319.2,319.2,319.2,319.2,319.2,319.2,319.2,319.2,319.2,319.2,319.2,319.2,319.179,319.179,319.179,319.179,319.179,319.179,337.39,337.39,337.39,337.39,337.39,337.39,337.39,337.39,337.39,337.39,337.39,337.39,337.39,337.39,337.39,337.39,337.39,337.39,337.39,337.39,337.39,337.39,337.39,337.39,337.39,337.39,337.39,337.39,337.39,337.39,337.39,337.39,337.39,337.39,337.39,337.39,337.39,337.39,337.39,337.39,342.804,342.804,342.804,342.804,342.804,342.804,342.804,342.804,342.804,342.804,342.804,342.804,342.804,342.804,342.804,342.804,342.804,342.804,342.804,342.804
1992-10-01,,,,,,,,,,,,,,,,,,,,,,,,,,,,,,,,,,,,,,,,,,,,,,,,,,,,,,,,,,,,,,,,,,,,,,,,,,,,,,,,,,,,,,,,,,,,,,,,,,,,,,,,,,281.7,280.1,280.1,280.1,284.5,284.5,284.5,284.5,284.5,284.5,284.5,284.5,283.8,283.8,283.8,283.8,283.8,283.8,283.8,283.8,283.8,283.8,278.0,278.0,278.0,278.0,278.0,278.0,278.0,278.0,278.0,278.0,278.0,278.0,304.9,304.9,304.9,304.9,304.9,304.9,304.9,304.9,304.9,304.9,304.9,304.9,304.9,304.9,304.9,304.9,304.9,304.9,304.9,304.9,304.9,,322.6,322.6,322.6,322.6,323.3,323.3,323.3,323.3,323.3,323.3,323.3,323.3,323.3,323.3,323.3,323.3,323.3,323.3,323.3,323.3,323.3,323.3,323.3,323.3,323.3,323.3,323.3,323.3,323.3,323.3,323.3,323.3,323.3,323.3,323.3,,347.1,347.1,347.1,347.1,347.1,347.1,347.1,347.1,347.1,347.1,347.1,347.1,347.1,347.1,347.1,347.1,347.1,347.1,347.1,347.1,347.1,347.1,347.1,347.1,347.1,347.1,347.1,347.1,347.1,347.1,347.1,347.1,347.1,347.1,347.1,347.1,347.1,347.1,347.1,347.1,347.1,347.1,347.1,347.1,347.1,,361.9,361.9,361.9,361.9,361.9,361.9,361.9,361.9,361.9,361.9,361.9,361.9,361.9,361.9,361.9,361.9,361.9,361.9,361.9,361.9,361.9,361.9,361.9,361.9,361.9,361.9,361.9,361.9,361.9,361.9,361.9,361.9,330.7,330.7,330.7,330.7,330.7,330.7,330.7,330.7,330.7,330.7,330.7,330.7,330.7,330.7,330.7,330.7,330.7,330.7,330.7,330.7,330.7,330.7,330.7,330.7,330.7,330.7,330.7,330.7,330.7,330.7,330.7,330.7,330.7,330.7,330.7,330.734,330.734,330.734,330.734,330.734,330.734,348.611,348.611,348.611,348.611,348.611,348.611,348.611,348.611,348.611,348.611,348.611,348.611,348.611,348.611,348.611,348.611,348.611,348.611,348.611,348.611,348.611,348.611,348.611,348.611,348.611,348.611,348.611,348.611,348.611,348.611,348.611,348.611,348.611,348.611,348.611,348.611,348.611,348.611,348.611,348.611,354.65,354.65,354.65,354.65,354.65,354.65,354.65,354.65,354.65,354.65,354.65,354.65,354.65,354.65,354.65,354.65,354.65,354.65,354.65,354.65
1993-01-01,,,,,,,,,,,,,,,,,,,,,,,,,,,,,,,,,,,,,,,,,,,,,,,,,,,,,,,,,,,,,,,,,,,,,,,,,,,,,,,,,,,,,,,,,,,,,,,,,,,,,,,,,,,,285.4,277.0,271.2,271.2,271.2,271.2,271.2,271.2,271.2,271.2,282.8,282.8,282.8,282.8,282.8,282.8,282.8,282.8,282.8,282.8,274.9,274.9,274.9,274.9,274.9,275.9,275.9,275.9,275.9,275.9,275.9,275.9,302.6,302.6,302.6,309.9,309.9,309.9,309.9,309.9,309.9,309.9,309.9,309.9,309.9,309.9,309.9,309.9,309.9,309.9,309.9,309.9,309.9,,320.7,320.7,320.7,320.7,321.4,321.4,321.4,321.4,321.4,321.4,321.4,321.4,321.4,321.4,321.4,321.4,321.4,321.4,321.4,321.4,321.4,321.4,321.4,321.4,321.4,321.4,321.4,321.4,321.4,321.4,321.4,321.4,321.4,321.4,321.4,,347.4,347.4,347.4,347.4,347.4,347.4,347.4,347.4,347.4,347.4,347.4,347.4,347.4,347.4,347.4,347.4,347.4,347.4,347.4,347.4,347.4,347.4,347.4,347.4,347.4,347.4,347.4,347.4,347.4,347.4,347.4,347.4,347.4,347.4,347.4,347.4,347.4,347.4,347.4,347.4,347.4,347.4,347.4,347.4,347.4,,351.2,351.2,351.2,351.2,351.2,351.2,351.2,351.2,351.2,351.2,351.2,351.2,351.2,351.2,351.2,351.2,351.2,351.2,351.2,351.2,351.2,351.2,351.2,351.2,351.2,351.2,351.2,351.2,351.2,351.2,351.2,351.2,323.1,323.1,323.1,323.1,323.1,323.1,323.1,323.1,323.1,323.1,323.1,323.1,323.1,323.1,323.1,323.1,323.1,323.1,323.1,323.1,323.1,323.1,323.1,323.1,323.1,323.1,323.1,323.1,323.1,323.1,323.1,323.1,323.1,323.1,323.1,323.126,323.126,323.126,323.126,323.126,323.126,341.907,341.907,341.907,341.907,341.907,341.907,341.907,341.907,341.907,341.907,341.907,341.907,341.907,341.907,341.907,341.907,341.907,341.907,341.907,341.907,341.907,341.907,341.907,341.907,341.907,341.907,341.907,341.907,341.907,341.907,341.907,341.907,341.907,341.907,341.907,341.907,341.907,341.907,341.907,341.907,347.588,347.588,347.588,347.588,347.588,347.588,347.588,347.588,347.588,347.588,347.588,347.588,347.588,347.588,347.588,347.588,347.588,347.588,347.588,347.588
1993-04-01,,,,,,,,,,,,,,,,,,,,,,,,,,,,,,,,,,,,,,,,,,,,,,,,,,,,,,,,,,,,,,,,,,,,,,,,,,,,,,,,,,,,,,,,,,,,,,,,,,,,,,,,,,,,,,275.9,284.8,284.8,284.8,284.8,284.8,284.8,284.8,301.3,301.3,301.3,301.3,301.3,301.3,301.3,301.3,301.3,301.3,286.4,286.4,286.4,286.4,286.4,285.2,285.2,285.2,285.2,285.2,285.2,285.2,313.8,313.8,313.8,312.8,312.8,312.8,312.8,312.8,312.8,312.8,312.8,312.8,312.8,312.8,312.8,312.8,312.8,312.8,312.8,312.8,312.8,,337.4,337.4,337.4,337.4,338.1,338.1,338.1,338.1,338.1,338.1,338.1,338.1,338.1,338.1,338.1,338.1,338.1,338.1,338.1,338.1,338.1,338.1,338.1,338.1,338.1,338.1,338.1,338.1,338.1,338.1,338.1,338.1,338.1,338.1,338.1,,364.8,364.8,364.8,364.8,364.8,364.8,364.8,364.8,364.8,364.8,364.8,364.8,364.8,364.8,364.8,364.8,364.8,364.8,364.8,364.8,364.8,364.8,364.8,364.8,364.8,364.8,364.8,364.8,364.8,364.8,364.8,364.8,364.8,364.8,364.8,364.8,364.8,364.8,364.8,364.8,364.8,364.8,364.8,364.8,364.8,,363.6,363.6,363.6,363.6,363.6,363.6,363.6,363.6,363.6,363.6,363.6,363.6,363.6,363.6,363.6,363.6,363.6,363.6,363.6,363.6,363.6,363.6,363.6,363.6,363.6,363.6,363.6,363.6,363.6,363.6,363.6,363.6,339.3,339.3,339.3,339.3,339.3,339.3,339.3,339.3,339.3,339.3,339.3,339.3,339.3,339.3,339.3,339.3,339.3,339.3,339.3,339.3,339.3,339.3,339.3,339.3,339.3,339.3,339.3,339.3,339.3,339.3,339.3,339.3,339.3,339.3,339.3,339.295,339.295,339.295,339.295,339.295,339.295,357.791,357.791,357.791,357.791,357.791,357.791,357.791,357.791,357.791,357.791,357.791,357.791,357.791,357.791,357.791,357.791,357.791,357.791,357.791,357.791,357.791,357.791,357.791,357.791,357.791,357.791,357.791,357.791,357.791,357.791,357.791,357.791,357.791,357.791,357.791,357.791,357.791,357.791,357.791,357.791,363.517,363.517,363.517,363.517,363.517,363.517,363.517,363.517,363.517,363.517,363.517,363.517,363.517,363.517,363.517,363.517,363.517,363.517,363.517,363.517
1993-07-01,,,,,,,,,,,,,,,,,,,,,,,,,,,,,,,,,,,,,,,,,,,,,,,,,,,,,,,,,,,,,,,,,,,,,,,,,,,,,,,,,,,,,,,,,,,,,,,,,,,,,,,,,,,,,,,,298.0,299.1,299.1,299.1,299.1,299.1,323.6,323.6,323.6,323.6,323.6,323.6,323.6,323.6,323.6,323.6,310.3,310.3,310.3,310.3,310.3,310.3,310.3,310.3,310.3,310.3,310.3,310.3,338.6,338.6,338.6,331.5,331.5,331.5,331.5,331.5,331.5,331.5,331.5,331.5,331.5,331.5,331.5,331.5,331.5,331.5,331.5,331.5,331.5,,345.4,345.4,345.4,345.4,346.2,346.2,346.2,346.2,346.2,346.2,346.2,346.2,346.2,346.2,346.2,346.2,346.2,346.2,346.2,346.2,346.2,346.2,346.2,346.2,346.2,346.2,346.2,346.2,346.2,346.2,346.2,346.2,346.2,346.2,346.2,,371.8,371.8,371.8,371.8,371.8,371.8,371.8,371.8,371.8,371.8,371.8,371.8,371.8,371.8,371.8,371.8,371.8,371.8,371.8,371.8,371.8,371.8,371.8,371.8,371.8,371.8,371.8,371.8,371.8,371.8,371.8,371.8,371.8,371.8,371.8,371.8,371.8,371.8,371.8,371.8,371.8,371.8,371.8,371.8,371.8,,381.3,381.3,381.3,381.3,381.3,381.3,381.3,381.3,381.3,381.3,381.3,381.3,381.3,381.3,381.3,381.3,381.3,381.3,381.3,381.3,381.3,381.3,381.3,381.3,381.3,381.3,381.3,381.3,381.3,381.3,381.3,381.3,361.5,361.5,361.5,361.5,361.5,361.5,361.5,361.5,361.5,361.5,361.5,361.5,361.5,361.5,361.5,361.5,361.5,361.5,361.5,361.5,361.5,361.5,361.5,361.5,361.5,361.5,361.5,361.5,361.5,361.5,361.5,361.5,361.5,361.5,361.5,361.49,361.49,361.49,361.49,361.49,361.49,379.879,379.879,379.879,379.879,379.879,379.879,379.879,379.879,379.879,379.879,379.879,379.879,379.879,379.879,379.879,379.879,379.879,379.879,379.879,379.879,379.879,379.879,379.879,379.879,379.879,379.879,379.879,379.879,379.879,379.879,379.879,379.879,379.879,379.879,379.879,379.879,379.879,379.879,379.879,379.879,386.052,386.052,386.052,386.052,386.052,386.052,386.052,386.052,386.052,386.052,386.052,386.052,386.052,386.052,386.052,386.052,386.052,386.052,386.052,386.052
1993-10-01,,,,,,,,,,,,,,,,,,,,,,,,,,,,,,,,,,,,,,,,,,,,,,,,,,,,,,,,,,,,,,,,,,,,,,,,,,,,,,,,,,,,,,,,,,,,,,,,,,,,,,,,,,,,,,,,,,316.9,315.4,315.4,315.4,342.4,342.4,342.4,342.4,342.4,342.4,342.4,342.4,342.4,342.4,331.1,331.1,331.1,331.1,331.1,331.1,331.1,331.1,331.1,331.1,331.1,331.1,358.2,358.2,358.2,356.3,356.3,356.3,356.3,356.3,356.3,356.3,356.3,356.3,356.3,356.3,356.3,356.3,356.3,356.3,356.3,356.3,356.3,,373.8,373.8,373.8,373.8,374.8,374.8,374.8,374.8,374.8,374.8,374.8,374.8,374.8,374.8,374.8,374.8,374.8,374.8,374.8,374.8,374.8,374.8,374.8,374.8,374.8,374.8,374.8,374.8,374.8,374.8,374.8,374.8,374.8,374.8,374.8,,399.6,399.6,399.6,399.6,399.6,399.6,399.6,399.6,399.6,399.6,399.6,399.6,399.6,399.6,399.6,399.6,399.6,399.6,399.6,399.6,399.6,399.6,399.6,399.6,399.6,399.6,399.6,399.6,399.6,399.6,399.6,399.6,399.6,399.6,399.6,399.6,399.6,399.6,399.6,399.6,399.6,399.6,399.6,399.6,399.6,,394.6,394.6,394.6,394.6,394.6,394.6,394.6,394.6,394.6,394.6,394.6,394.6,394.6,394.6,394.6,394.6,394.6,394.6,394.6,394.6,394.6,394.6,394.6,394.6,394.6,394.6,394.6,394.6,394.6,394.6,394.6,394.6,379.9,379.9,379.9,379.9,379.9,379.9,379.9,379.9,379.9,379.9,379.9,379.9,379.9,379.9,379.9,379.9,379.9,379.9,379.9,379.9,379.9,379.9,379.9,379.9,379.9,379.9,379.9,379.9,379.9,379.9,379.9,379.9,379.9,379.9,379.9,379.946,379.946,379.946,379.946,379.946,379.946,398.502,398.502,398.502,398.502,398.502,398.502,398.502,398.502,398.502,398.502,398.502,398.502,398.502,398.502,398.502,398.502,398.502,398.502,398.502,398.502,398.502,398.502,398.502,398.502,398.502,398.502,398.502,398.502,398.502,398.502,398.502,398.502,398.502,398.502,398.502,398.502,398.502,398.502,398.502,398.502,405.524,405.524,405.524,405.524,405.524,405.524,405.524,405.524,405.524,405.524,405.524,405.524,405.524,405.524,405.524,405.524,405.524,405.524,405.524,405.524
1994-01-01,,,,,,,,,,,,,,,,,,,,,,,,,,,,,,,,,,,,,,,,,,,,,,,,,,,,,,,,,,,,,,,,,,,,,,,,,,,,,,,,,,,,,,,,,,,,,,,,,,,,,,,,,,,,,,,,,,,,289.1,291.4,324.1,324.1,324.1,324.1,324.1,324.1,324.1,324.1,324.1,324.1,284.5,284.5,284.5,284.5,284.5,288.3,288.3,288.3,288.3,288.3,288.3,288.3,315.8,315.8,315.8,348.9,348.9,348.9,348.9,348.9,348.9,348.9,348.9,348.9,348.9,348.9,348.9,348.9,348.9,348.9,348.9,348.9,348.9,332.1,332.1,332.1,332.1,332.1,333.4,333.4,333.4,333.4,333.4,333.4,333.4,333.4,333.4,333.4,333.4,333.4,333.4,333.4,333.4,333.4,333.4,333.4,333.4,333.4,333.4,333.4,333.4,333.4,333.4,333.4,333.4,333.4,333.4,333.4,333.4,,354.8,354.8,354.8,354.8,354.8,354.8,354.8,354.8,354.8,354.8,354.8,354.8,354.8,354.8,354.8,354.8,354.8,354.8,354.8,354.8,354.8,354.8,354.8,354.8,354.8,354.8,354.8,354.8,354.8,354.8,354.8,354.8,354.8,354.8,354.8,354.8,354.8,354.8,354.8,354.8,354.8,354.8,354.8,354.8,354.8,,415.9,415.9,415.9,415.9,415.9,415.9,415.9,415.9,415.9,415.9,415.9,415.9,415.9,415.9,415.9,415.9,415.9,415.9,415.9,415.9,415.9,415.9,415.9,415.9,415.9,415.9,415.9,415.9,415.9,415.9,415.9,415.9,407.0,407.0,407.0,407.0,407.0,407.0,407.0,407.0,407.0,407.0,407.0,407.0,407.0,407.0,407.0,407.0,407.0,407.0,407.0,407.0,407.0,407.0,407.0,407.0,407.0,407.0,407.0,407.0,407.0,407.0,407.0,407.0,407.0,407.0,407.0,407.036,407.036,407.036,407.036,407.036,407.036,428.416,428.416,428.416,428.416,428.416,428.416,428.416,428.416,428.416,428.416,428.416,428.416,428.416,428.416,428.416,428.416,428.416,428.416,428.416,428.416,428.416,428.416,428.416,428.416,428.416,428.416,428.416,428.416,428.416,428.416,428.416,428.416,428.416,428.416,428.416,428.416,428.416,428.416,428.416,428.416,436.69,436.69,436.69,436.69,436.69,436.69,436.69,436.69,436.69,436.69,436.69,436.69,436.69,436.69,436.69,436.69,436.69,436.69,436.69,436.69
1994-04-01,,,,,,,,,,,,,,,,,,,,,,,,,,,,,,,,,,,,,,,,,,,,,,,,,,,,,,,,,,,,,,,,,,,,,,,,,,,,,,,,,,,,,,,,,,,,,,,,,,,,,,,,,,,,,,,,,,,,,,,345.9,344.8,344.8,344.8,344.8,344.8,344.8,344.8,344.8,338.7,338.7,338.7,338.7,338.7,341.5,341.5,341.5,341.5,341.5,341.5,341.5,367.4,367.4,367.4,379.3,379.3,379.3,379.3,379.3,379.3,379.3,379.3,379.3,379.3,379.3,379.3,379.3,379.3,379.3,379.3,379.3,379.3,385.5,385.5,385.5,385.5,385.5,386.4,386.4,386.4,386.4,386.4,386.4,386.4,386.4,386.4,386.4,386.4,386.4,386.4,386.4,386.4,386.4,386.4,386.4,386.4,386.4,386.4,386.4,386.4,386.4,386.4,386.4,386.4,386.4,386.4,386.4,386.4,,407.4,407.4,407.4,407.4,407.4,407.4,407.4,407.4,407.4,407.4,407.4,407.4,407.4,407.4,407.4,407.4,407.4,407.4,407.4,407.4,407.4,407.4,407.4,407.4,407.4,407.4,407.4,407.4,407.4,407.4,407.4,407.4,407.4,407.4,407.4,407.4,407.4,407.4,407.4,407.4,407.4,407.4,407.4,407.4,407.4,,426.4,426.4,426.4,426.4,426.4,426.4,426.4,426.4,426.4,426.4,426.4,426.4,426.4,426.4,426.4,426.4,426.4,426.4,426.4,426.4,426.4,426.4,426.4,426.4,426.4,426.4,426.4,426.4,426.4,426.4,426.4,426.4,420.9,420.9,420.9,420.9,420.9,420.9,420.9,420.9,420.9,420.9,420.9,420.9,420.9,420.9,420.9,420.9,420.9,420.9,420.9,420.9,420.9,420.9,420.9,420.9,420.9,420.9,420.9,420.9,420.9,420.9,420.9,420.9,420.9,420.9,420.9,420.864,420.864,420.864,420.864,420.864,420.864,443.174,443.174,443.174,443.174,443.174,443.174,443.174,443.174,443.174,443.174,443.174,443.174,443.174,443.174,443.174,443.174,443.174,443.174,443.174,443.174,443.174,443.174,443.174,443.174,443.174,443.174,443.174,443.174,443.174,443.174,443.174,443.174,443.174,443.174,443.174,443.174,443.174,443.174,443.174,443.174,452.366,452.366,452.366,452.366,452.366,452.366,452.366,452.366,452.366,452.366,452.366,452.366,452.366,452.366,452.366,452.366,452.366,452.366,452.366,452.366
1994-07-01,,,,,,,,,,,,,,,,,,,,,,,,,,,,,,,,,,,,,,,,,,,,,,,,,,,,,,,,,,,,,,,,,,,,,,,,,,,,,,,,,,,,,,,,,,,,,,,,,,,,,,,,,,,,,,,,,,,,,,,,,348.4,347.4,347.4,347.4,347.4,347.4,347.4,346.4,346.4,346.4,346.4,346.4,349.7,349.7,349.7,349.7,349.7,349.7,349.7,373.8,373.8,373.8,395.5,395.5,395.5,395.5,395.5,395.5,395.5,395.5,395.5,395.5,395.5,395.5,395.5,395.5,395.5,395.5,395.5,395.5,403.6,403.6,403.6,403.6,403.6,404.1,404.1,404.1,404.1,404.1,404.1,404.1,404.1,404.1,404.1,404.1,404.1,404.1,404.1,404.1,404.1,404.1,404.1,404.1,404.1,404.1,404.1,404.1,404.1,404.1,404.1,404.1,404.1,404.1,404.1,404.1,,423.7,423.7,423.7,423.7,423.7,423.7,423.7,423.7,423.7,423.7,423.7,423.7,423.7,423.7,423.7,423.7,423.7,423.7,423.7,423.7,423.7,423.7,423.7,423.7,423.7,423.7,423.7,423.7,423.7,423.7,423.7,423.7,423.7,423.7,423.7,423.7,423.7,423.7,423.7,423.7,423.7,423.7,423.7,423.7,423.7,,442.0,442.0,442.0,442.0,442.0,442.0,442.0,442.0,442.0,442.0,442.0,442.0,442.0,442.0,442.0,442.0,442.0,442.0,442.0,442.0,442.0,442.0,442.0,442.0,442.0,442.0,442.0,442.0,442.0,442.0,442.0,442.0,437.4,437.4,437.4,437.4,437.4,437.4,437.4,437.4,437.4,437.4,437.4,437.4,437.4,437.4,437.4,437.4,437.4,437.4,437.4,437.4,437.4,437.4,437.4,437.4,437.4,437.4,437.4,437.4,437.4,437.4,437.4,437.4,437.4,437.4,437.4,437.41,437.41,437.41,437.41,437.41,437.41,461.204,461.204,461.204,461.204,461.204,461.204,461.204,461.204,461.204,461.204,461.204,461.204,461.204,461.204,461.204,461.204,461.204,461.204,461.204,461.204,461.204,461.204,461.204,461.204,461.204,461.204,461.204,461.204,461.204,461.204,461.204,461.204,461.204,461.204,461.204,461.204,461.204,461.204,461.204,461.204,470.98,470.98,470.98,470.98,470.98,470.98,470.98,470.98,470.98,470.98,470.98,470.98,470.98,470.98,470.98,470.98,470.98,470.98,470.98,470.98
1994-10-01,,,,,,,,,,,,,,,,,,,,,,,,,,,,,,,,,,,,,,,,,,,,,,,,,,,,,,,,,,,,,,,,,,,,,,,,,,,,,,,,,,,,,,,,,,,,,,,,,,,,,,,,,,,,,,,,,,,,,,,,,,,344.7,344.7,344.7,344.7,344.7,355.3,355.3,355.3,355.3,355.3,357.3,357.3,357.3,357.3,357.3,357.3,357.3,378.2,378.2,378.2,411.5,411.5,411.5,411.5,411.5,411.5,411.5,411.5,411.5,411.5,411.5,411.5,411.5,411.5,411.5,411.5,411.5,411.5,421.9,421.9,421.9,421.9,421.9,422.0,422.0,422.0,422.0,422.0,422.0,422.0,422.0,422.0,422.0,422.0,422.0,422.0,422.0,422.0,422.0,422.0,422.0,422.0,422.0,422.0,422.0,422.0,422.0,422.0,422.0,422.0,422.0,422.0,422.0,422.0,,440.4,440.4,440.4,440.4,440.4,440.4,440.4,440.4,440.4,440.4,440.4,440.4,440.4,440.4,440.4,440.4,440.4,440.4,440.4,440.4,440.4,440.4,440.4,440.4,440.4,440.4,440.4,440.4,440.4,440.4,440.4,440.4,440.4,440.4,440.4,440.4,440.4,440.4,440.4,440.4,440.4,440.4,440.4,440.4,440.4,,456.0,456.0,456.0,456.0,456.0,456.0,456.0,456.0,456.0,456.0,456.0,456.0,456.0,456.0,456.0,456.0,456.0,456.0,456.0,456.0,456.0,456.0,456.0,456.0,456.0,456.0,456.0,456.0,456.0,456.0,456.0,456.0,449.8,449.8,449.8,449.8,449.8,449.8,449.8,449.8,449.8,449.8,449.8,449.8,449.8,449.8,449.8,449.8,449.8,449.8,449.8,449.8,449.8,449.8,449.8,449.8,449.8,449.8,449.8,449.8,449.8,449.8,449.8,449.8,449.8,449.8,449.8,449.782,449.782,449.782,449.782,449.782,449.782,475.619,475.619,475.619,475.619,475.619,475.619,475.619,475.619,475.619,475.619,475.619,475.619,475.619,475.619,475.619,475.619,475.619,475.619,475.619,475.619,475.619,475.619,475.619,475.619,475.619,475.619,475.619,475.619,475.619,475.619,475.619,475.619,475.619,475.619,475.619,475.619,475.619,475.619,475.619,475.619,485.645,485.645,485.645,485.645,485.645,485.645,485.645,485.645,485.645,485.645,485.645,485.645,485.645,485.645,485.645,485.645,485.645,485.645,485.645,485.645
1995-01-01,,,,,,,,,,,,,,,,,,,,,,,,,,,,,,,,,,,,,,,,,,,,,,,,,,,,,,,,,,,,,,,,,,,,,,,,,,,,,,,,,,,,,,,,,,,,,,,,,,,,,,,,,,,,,,,,,,,,,,,,,,,,348.6,349.8,349.8,349.8,342.3,342.3,342.3,342.3,342.3,342.7,342.7,342.7,342.7,342.7,342.7,342.7,362.7,362.7,362.7,403.6,403.6,403.6,403.6,403.6,403.6,403.6,403.6,426.4,426.4,426.4,426.4,426.4,426.4,426.4,426.4,426.4,426.4,426.4,426.4,426.4,426.4,426.4,427.0,427.0,427.0,427.0,427.0,427.0,427.0,427.0,427.0,427.0,427.0,427.0,427.0,427.0,427.0,427.0,427.0,427.0,427.0,427.0,427.0,427.0,427.0,427.0,427.0,427.0,427.0,427.0,427.0,427.0,427.0,,446.4,446.4,446.4,446.4,446.4,446.4,446.4,446.4,446.4,446.4,446.4,446.4,446.4,446.4,446.4,446.4,446.4,446.4,446.4,446.4,446.4,446.4,446.4,446.4,446.4,446.4,446.4,446.4,446.4,446.4,446.4,446.4,446.4,446.4,446.4,446.4,446.4,446.4,446.4,446.4,446.4,446.4,446.4,446.4,446.4,457.3,457.3,457.3,457.3,457.3,457.3,457.3,457.3,457.3,457.3,457.3,457.3,457.3,457.3,457.3,457.3,457.3,457.3,457.3,457.3,457.3,457.3,457.3,457.3,457.3,457.3,457.3,457.3,457.3,457.3,457.3,457.3,457.3,447.1,447.1,447.1,447.1,447.1,447.1,447.1,447.1,447.1,447.1,447.1,447.1,447.1,447.1,447.1,447.1,447.1,447.1,447.1,447.1,447.1,447.1,447.1,447.1,447.1,447.1,447.1,447.1,447.1,447.1,447.1,447.1,447.1,447.1,447.1,447.116,447.116,447.116,447.116,447.116,447.116,473.014,473.014,473.014,473.014,473.014,473.014,473.014,473.014,473.014,473.014,473.014,473.014,473.014,473.014,473.014,473.014,473.014,473.014,473.014,473.014,473.014,473.014,473.014,473.014,473.014,473.014,473.014,473.014,473.014,473.014,473.014,473.014,473.014,473.014,473.014,473.014,473.014,473.014,473.014,473.014,482.958,482.958,482.958,482.958,482.958,482.958,482.958,482.958,482.958,482.958,482.958,482.958,482.958,482.958,482.958,482.958,482.958,482.958,482.958,482.958
1995-04-01,,,,,,,,,,,,,,,,,,,,,,,,,,,,,,,,,,,,,,,,,,,,,,,,,,,,,,,,,,,,,,,,,,,,,,,,,,,,,,,,,,,,,,,,,,,,,,,,,,,,,,,,,,,,,,,,,,,,,,,,,,,,,,364.7,360.6,346.8,346.8,346.8,346.8,346.8,348.1,348.1,348.1,348.1,348.1,348.1,348.1,366.6,366.6,366.6,418.9,418.9,418.9,418.9,418.9,418.9,418.9,418.9,446.3,446.3,446.3,446.3,446.3,446.3,446.3,446.3,446.3,446.3,446.1,446.1,446.1,446.1,446.1,446.7,446.7,446.7,446.7,446.7,446.7,446.7,446.7,446.7,446.7,446.7,446.7,446.7,446.7,446.7,446.7,446.7,446.7,446.7,446.7,446.7,446.7,446.7,446.7,446.7,446.7,446.7,446.7,446.7,446.7,446.7,,467.4,467.4,467.4,467.4,467.4,467.4,467.4,467.4,467.4,467.4,467.4,467.4,467.4,467.4,467.4,467.4,467.4,467.4,467.4,467.4,467.4,467.4,467.4,467.4,467.4,467.4,467.4,467.4,467.4,467.4,467.4,467.4,467.4,467.4,467.4,467.4,467.4,467.4,467.4,467.4,467.4,467.4,467.4,467.4,467.4,487.4,487.4,487.4,487.4,487.4,487.4,487.4,487.4,487.4,487.4,487.4,487.4,487.4,487.4,487.4,487.4,487.4,487.4,487.4,487.4,487.4,487.4,487.4,487.4,487.4,487.4,487.4,487.4,487.4,487.4,487.4,487.4,487.4,474.5,474.5,474.5,474.5,474.5,474.5,474.5,474.5,474.5,474.5,474.5,474.5,474.5,474.5,474.5,474.5,474.5,474.5,474.5,474.5,474.5,474.5,474.5,474.5,474.5,474.5,474.5,474.5,474.5,474.5,474.5,474.5,474.5,474.5,474.5,474.452,474.452,474.452,474.452,474.452,474.452,501.361,501.361,501.361,501.361,501.361,501.361,501.361,501.361,501.361,501.361,501.361,501.361,501.361,501.361,501.361,501.361,501.361,501.361,501.361,501.361,501.361,501.361,501.361,501.361,501.361,501.361,501.361,501.361,501.361,501.361,501.361,501.361,501.361,501.361,501.361,501.361,501.361,501.361,501.361,501.361,511.485,511.485,511.485,511.485,511.485,511.485,511.485,511.485,511.485,511.485,511.485,511.485,511.485,511.485,511.485,511.485,511.485,511.485,511.485,511.485
1995-07-01,,,,,,,,,,,,,,,,,,,,,,,,,,,,,,,,,,,,,,,,,,,,,,,,,,,,,,,,,,,,,,,,,,,,,,,,,,,,,,,,,,,,,,,,,,,,,,,,,,,,,,,,,,,,,,,,,,,,,,,,,,,,,,,,389.3,390.5,390.5,390.5,390.5,388.1,388.1,388.1,388.1,388.1,388.1,388.1,405.5,405.5,405.5,454.0,454.0,454.0,454.0,454.0,454.0,454.0,454.0,479.4,479.4,479.4,479.4,479.4,479.4,479.4,479.4,479.4,479.4,473.7,473.7,473.7,473.7,473.7,474.1,474.1,474.1,474.1,474.1,474.1,474.1,474.1,474.1,474.1,474.1,474.1,474.1,474.1,474.1,474.1,474.1,474.1,474.1,474.1,474.1,474.1,474.1,474.1,474.1,474.1,474.1,474.1,474.1,474.1,474.1,,494.2,494.2,494.2,494.2,494.2,494.2,494.2,494.2,494.2,494.2,494.2,494.2,494.2,494.2,494.2,494.2,494.2,494.2,494.2,494.2,494.2,494.2,494.2,494.2,494.2,494.2,494.2,494.2,494.2,494.2,494.2,494.2,494.2,494.2,494.2,494.2,494.2,494.2,494.2,494.2,494.2,494.2,494.2,494.2,494.2,516.1,516.1,516.1,516.1,516.1,516.1,516.1,516.1,516.1,516.1,516.1,516.1,516.1,516.1,516.1,516.1,516.1,516.1,516.1,516.1,516.1,516.1,516.1,516.1,516.1,516.1,516.1,516.1,516.1,516.1,516.1,516.1,516.1,501.5,501.5,501.5,501.5,501.5,501.5,501.5,501.5,501.5,501.5,501.5,501.5,501.5,501.5,501.5,501.5,501.5,501.5,501.5,501.5,501.5,501.5,501.5,501.5,501.5,501.5,501.5,501.5,501.5,501.5,501.5,501.5,501.5,501.5,501.5,501.49,501.49,501.49,501.49,501.49,501.49,528.356,528.356,528.356,528.356,528.356,528.356,528.356,528.356,528.356,528.356,528.356,528.356,528.356,528.356,528.356,528.356,528.356,528.356,528.356,528.356,528.356,528.356,528.356,528.356,528.356,528.356,528.356,528.356,528.356,528.356,528.356,528.356,528.356,528.356,528.356,528.356,528.356,528.356,528.356,528.356,538.924,538.924,538.924,538.924,538.924,538.924,538.924,538.924,538.924,538.924,538.924,538.924,538.924,538.924,538.924,538.924,538.924,538.924,538.924,538.924
1995-10-01,,,,,,,,,,,,,,,,,,,,,,,,,,,,,,,,,,,,,,,,,,,,,,,,,,,,,,,,,,,,,,,,,,,,,,,,,,,,,,,,,,,,,,,,,,,,,,,,,,,,,,,,,,,,,,,,,,,,,,,,,,,,,,,,,,399.9,399.9,399.9,393.1,393.1,393.1,393.1,393.1,393.1,409.6,409.6,409.6,409.6,470.4,470.4,470.4,470.4,470.4,470.4,470.4,470.4,493.5,493.5,493.5,493.5,493.5,493.5,493.5,493.5,493.5,493.5,483.1,483.1,483.1,483.1,483.1,483.4,483.4,483.4,483.4,483.4,483.4,483.4,483.4,483.4,483.4,483.4,483.4,483.4,483.4,483.4,483.4,483.4,483.4,483.4,483.4,483.4,483.4,483.4,483.4,483.4,483.4,483.4,483.4,483.4,483.4,483.4,,504.1,504.1,504.1,504.1,504.1,504.1,504.1,504.1,504.1,504.1,504.1,504.1,504.1,504.1,504.1,504.1,504.1,504.1,504.1,504.1,504.1,504.1,504.1,504.1,504.1,504.1,504.1,504.1,504.1,504.1,504.1,504.1,504.1,504.1,504.1,504.1,504.1,504.1,504.1,504.1,504.1,504.1,504.1,504.1,504.1,532.7,532.7,532.7,532.7,532.7,532.7,532.7,532.7,532.7,532.7,532.7,532.7,532.7,532.7,532.7,532.7,532.7,532.7,532.7,532.7,532.7,532.7,532.7,532.7,532.7,532.7,532.7,532.7,532.7,532.7,532.7,532.7,532.7,517.7,517.7,517.7,517.7,517.7,517.7,517.7,517.7,517.7,517.7,517.7,517.7,517.7,517.7,517.7,517.7,517.7,517.7,517.7,517.7,517.7,517.7,517.7,517.7,517.7,517.7,517.7,517.7,517.7,517.7,517.7,517.7,517.7,517.7,517.7,517.655,517.655,517.655,517.655,517.655,517.655,544.273,544.273,544.273,544.273,544.273,544.273,544.273,544.273,544.273,544.273,544.273,544.273,544.273,544.273,544.273,544.273,544.273,544.273,544.273,544.273,544.273,544.273,544.273,544.273,544.273,544.273,544.273,544.273,544.273,544.273,544.273,544.273,544.273,544.273,544.273,544.273,544.273,544.273,544.273,544.273,555.548,555.548,555.548,555.548,555.548,555.548,555.548,555.548,555.548,555.548,555.548,555.548,555.548,555.548,555.548,555.548,555.548,555.548,555.548,555.548
1996-01-01,,,,,,,,,,,,,,,,,,,,,,,,,,,,,,,,,,,,,,,,,,,,,,,,,,,,,,,,,,,,,,,,,,,,,,,,,,,,,,,,,,,,,,,,,,,,,,,,,,,,,,,,,,,,,,,,,,,,,,,,,,,,,,,,,,,409.8,418.6,411.8,411.8,411.8,411.8,411.8,411.8,427.8,427.8,427.8,427.8,491.5,491.5,491.5,491.5,491.5,491.5,491.5,491.5,512.0,512.0,512.0,512.0,512.0,512.0,512.0,512.0,512.0,512.0,517.6,517.6,517.6,517.6,517.6,517.0,517.0,517.0,517.0,517.0,517.0,517.0,517.0,517.0,517.0,517.0,517.0,517.0,517.0,517.0,517.0,517.0,517.0,517.0,517.0,517.0,517.0,517.0,517.0,517.0,517.0,517.0,517.0,517.0,517.0,517.0,,540.9,540.9,540.9,540.9,540.9,540.9,540.9,540.9,540.9,540.9,540.9,540.9,540.9,540.9,540.9,540.9,540.9,540.9,540.9,540.9,540.9,540.9,540.9,540.9,540.9,540.9,540.9,540.9,540.9,540.9,540.9,540.9,540.9,540.9,540.9,540.9,540.9,540.9,540.9,540.9,540.9,540.9,540.9,540.9,540.9,561.6,561.6,561.6,561.6,561.6,561.6,561.6,561.6,561.6,561.6,561.6,561.6,561.6,561.6,561.6,561.6,561.6,561.6,561.6,561.6,561.6,561.6,561.6,561.6,561.6,561.6,561.6,561.6,561.6,561.6,561.6,561.6,561.6,547.4,547.4,547.4,547.4,547.4,547.4,547.4,547.4,547.4,547.4,547.4,547.4,547.4,547.4,547.4,547.4,547.4,547.4,547.4,547.4,547.4,547.4,547.4,547.4,547.4,547.4,547.4,547.4,547.4,547.4,547.4,547.4,547.4,547.4,547.4,547.355,547.355,547.355,547.355,547.355,547.355,570.595,570.595,570.595,570.595,570.595,570.595,570.595,570.595,570.595,570.595,570.595,570.595,570.595,570.595,570.595,570.595,570.595,570.595,570.595,570.595,570.595,570.595,570.595,570.595,570.595,570.595,570.595,570.595,570.595,570.595,570.595,570.595,570.595,570.595,570.595,570.595,570.595,570.595,570.595,570.595,582.841,582.841,582.841,582.841,582.841,582.841,582.841,582.841,582.841,582.841,582.841,582.841,582.841,582.841,582.841,582.841,582.841,582.841,582.841,582.841
1996-04-01,,,,,,,,,,,,,,,,,,,,,,,,,,,,,,,,,,,,,,,,,,,,,,,,,,,,,,,,,,,,,,,,,,,,,,,,,,,,,,,,,,,,,,,,,,,,,,,,,,,,,,,,,,,,,,,,,,,,,,,,,,,,,,,,,,,,,,417.1,419.4,419.4,419.4,419.4,435.7,435.7,435.7,435.7,506.3,506.3,506.3,506.3,506.3,506.3,506.3,506.3,519.7,519.7,519.7,519.7,519.7,519.7,519.7,519.7,519.7,519.7,523.6,523.6,523.6,523.6,523.6,523.3,523.3,523.3,523.3,523.3,523.3,523.3,523.3,523.3,523.3,523.3,523.3,523.3,523.3,523.3,523.3,523.3,523.3,523.3,523.3,523.3,523.3,523.3,523.3,523.3,523.3,523.3,523.3,523.3,523.3,523.3,,547.6,547.6,547.6,547.6,547.6,547.6,547.6,547.6,547.6,547.6,547.6,547.6,547.6,547.6,547.6,547.6,547.6,547.6,547.6,547.6,547.6,547.6,547.6,547.6,547.6,547.6,547.6,547.6,547.6,547.6,547.6,547.6,547.6,547.6,547.6,547.6,547.6,547.6,547.6,547.6,547.6,547.6,547.6,547.6,547.6,562.5,562.5,562.5,562.5,562.5,562.5,562.5,562.5,562.5,562.5,562.5,562.5,562.5,562.5,562.5,562.5,562.5,562.5,562.5,562.5,562.5,562.5,562.5,562.5,562.5,562.5,562.5,562.5,562.5,562.5,562.5,562.5,562.5,548.0,548.0,548.0,548.0,548.0,548.0,548.0,548.0,548.0,548.0,548.0,548.0,548.0,548.0,548.0,548.0,548.0,548.0,548.0,548.0,548.0,548.0,548.0,548.0,548.0,548.0,548.0,548.0,548.0,548.0,548.0,548.0,548.0,548.0,548.0,548.015,548.015,548.015,548.015,548.015,548.015,571.385,571.385,571.385,571.385,571.385,571.385,571.385,571.385,571.385,571.385,571.385,571.385,571.385,571.385,571.385,571.385,571.385,571.385,571.385,571.385,571.385,571.385,571.385,571.385,571.385,571.385,571.385,571.385,571.385,571.385,571.385,571.385,571.385,571.385,571.385,571.385,571.385,571.385,571.385,571.385,584.751,584.751,584.751,584.751,584.751,584.751,584.751,584.751,584.751,584.751,584.751,584.751,584.751,584.751,584.751,584.751,584.751,584.751,584.751,584.751
1996-07-01,,,,,,,,,,,,,,,,,,,,,,,,,,,,,,,,,,,,,,,,,,,,,,,,,,,,,,,,,,,,,,,,,,,,,,,,,,,,,,,,,,,,,,,,,,,,,,,,,,,,,,,,,,,,,,,,,,,,,,,,,,,,,,,,,,,,,,,,423.2,427.7,427.7,443.9,443.9,443.9,443.9,508.0,508.0,508.0,508.0,508.0,508.0,508.0,508.0,527.7,527.7,527.7,527.7,527.7,527.7,527.7,527.7,527.7,527.7,530.8,530.8,530.8,530.8,530.8,531.1,531.1,531.1,531.1,531.1,531.1,531.1,531.1,531.1,531.1,531.1,531.1,531.1,531.1,531.1,531.1,531.1,531.1,531.1,531.1,531.1,531.1,531.1,531.1,531.1,531.1,531.1,531.1,531.1,531.1,531.1,,555,555,555,555,555,555,555,555,555,555,555,555,555,555,555,555,555,555,555,555,555,555,555,555,555,555,555,555,555,555,555,555,555,555,555,555,555,555,555,555,555,555,555,555,555,568.3,568.3,568.3,568.3,568.3,568.3,568.3,568.3,568.3,568.3,568.3,568.3,568.3,568.3,568.3,568.3,568.3,568.3,568.3,568.3,568.3,568.3,568.3,568.3,568.3,568.3,568.3,568.3,568.3,568.3,568.3,568.3,568.3,552.8,552.8,552.8,552.8,552.8,552.8,552.8,552.8,552.8,552.8,552.8,552.8,552.8,552.8,552.8,552.8,552.8,552.8,552.8,552.8,552.8,552.8,552.8,552.8,552.8,552.8,552.8,552.8,552.8,552.8,552.8,552.8,552.8,552.8,552.8,552.787,552.787,552.787,552.787,552.787,552.787,576.328,576.328,576.328,576.328,576.328,576.328,576.328,576.328,576.328,576.328,576.328,576.328,576.328,576.328,576.328,576.328,576.328,576.328,576.328,576.328,576.328,576.328,576.328,576.328,576.328,576.328,576.328,576.328,576.328,576.328,576.328,576.328,576.328,576.328,576.328,576.328,576.328,576.328,576.328,576.328,590.962,590.962,590.962,590.962,590.962,590.962,590.962,590.962,590.962,590.962,590.962,590.962,590.962,590.962,590.962,590.962,590.962,590.962,590.962,590.962
1996-10-01,,,,,,,,,,,,,,,,,,,,,,,,,,,,,,,,,,,,,,,,,,,,,,,,,,,,,,,,,,,,,,,,,,,,,,,,,,,,,,,,,,,,,,,,,,,,,,,,,,,,,,,,,,,,,,,,,,,,,,,,,,,,,,,,,,,,,,,,,,425.2,441.2,441.2,441.2,441.2,521.8,521.8,521.8,521.8,521.8,521.8,521.8,521.8,537.8,537.8,537.8,537.8,537.8,537.8,537.8,537.8,537.8,537.8,548.9,548.9,548.9,548.9,548.9,550.2,550.2,550.2,550.2,550.2,550.2,550.2,550.2,550.2,550.2,550.2,550.2,550.2,550.2,550.2,550.2,550.2,550.2,550.2,550.2,550.2,550.2,550.2,550.2,550.2,550.2,550.2,550.2,550.2,550.2,550.2,,574.4,574.4,574.4,574.4,574.4,574.4,574.4,574.4,574.4,574.4,574.4,574.4,574.4,574.4,574.4,574.4,574.4,574.4,574.4,574.4,574.4,574.4,574.4,574.4,574.4,574.4,574.4,574.4,574.4,574.4,574.4,574.4,574.4,574.4,574.4,574.4,574.4,574.4,574.4,574.4,574.4,574.4,574.4,574.4,574.4,587.7,587.7,587.7,587.7,587.7,587.7,587.7,587.7,587.7,587.7,587.7,587.7,587.7,587.7,587.7,587.7,587.7,587.7,587.7,587.7,587.7,587.7,587.7,587.7,587.7,587.7,587.7,587.7,587.7,587.7,587.7,587.7,587.7,570.2,570.2,570.2,570.2,570.2,570.2,570.2,570.2,570.2,570.2,570.2,570.2,570.2,570.2,570.2,570.2,570.2,570.2,570.2,570.2,570.2,570.2,570.2,570.2,570.2,570.2,570.2,570.2,570.2,570.2,570.2,570.2,570.2,570.2,570.2,570.182,570.182,570.182,570.182,570.182,570.182,594.137,594.137,594.137,594.137,594.137,594.137,594.137,594.137,594.137,594.137,594.137,594.137,594.137,594.137,594.137,594.137,594.137,594.137,594.137,594.137,594.137,594.137,594.137,594.137,594.137,594.137,594.137,594.137,594.137,594.137,594.137,594.137,594.137,594.137,594.137,594.137,594.137,594.137,594.137,594.137,610.189,610.189,610.189,610.189,610.189,610.189,610.189,610.189,610.189,610.189,610.189,610.189,610.189,610.189,610.189,610.189,610.189,610.189,610.189,610.189
1997-01-01,,,,,,,,,,,,,,,,,,,,,,,,,,,,,,,,,,,,,,,,,,,,,,,,,,,,,,,,,,,,,,,,,,,,,,,,,,,,,,,,,,,,,,,,,,,,,,,,,,,,,,,,,,,,,,,,,,,,,,,,,,,,,,,,,,,,,,,,,,,,,471.1,466.3,538.4,538.4,538.4,538.4,538.4,538.4,538.4,538.4,555.5,555.5,555.5,555.5,555.5,555.5,555.5,555.5,555.5,555.5,574.7,574.7,574.7,574.7,574.7,575.5,575.5,575.5,575.5,571.5,571.5,571.5,571.5,571.5,571.5,571.5,571.5,571.5,571.5,571.5,571.5,571.5,571.5,571.5,571.5,571.5,571.5,571.5,571.5,571.5,571.5,571.5,571.5,571.5,571.5,571.5,,599.1,599.1,599.1,599.1,599.1,599.1,599.1,599.1,599.1,599.1,599.1,599.1,599.1,599.1,599.1,599.1,599.1,599.1,599.1,599.1,599.1,599.1,599.1,599.1,599.1,599.1,599.1,599.1,599.1,599.1,599.1,599.1,599.1,599.1,599.1,599.1,599.1,599.1,599.1,599.1,599.1,599.1,599.1,599.1,599.1,617.5,617.5,617.5,617.5,617.5,617.5,617.5,617.5,617.5,617.5,617.5,617.5,617.5,617.5,617.5,617.5,617.5,617.5,617.5,617.5,617.5,617.5,617.5,617.5,617.5,617.5,617.5,617.5,617.5,617.5,617.5,617.5,617.5,597.0,597.0,597.0,597.0,597.0,597.0,597.0,597.0,597.0,597.0,597.0,597.0,597.0,597.0,597.0,597.0,597.0,597.0,597.0,597.0,597.0,597.0,597.0,597.0,597.0,597.0,597.0,597.0,597.0,597.0,597.0,597.0,597.0,597.0,597.0,597.044,597.044,597.044,597.044,597.044,597.044,620.834,620.834,620.834,620.834,620.834,620.834,620.834,620.834,620.834,620.834,620.834,620.834,620.834,620.834,620.834,620.834,620.834,620.834,620.834,620.834,620.834,620.834,620.834,620.834,620.834,620.834,620.834,620.834,620.834,620.834,620.834,620.834,620.834,620.834,620.834,620.834,620.834,620.834,620.834,620.834,638.451,638.451,638.451,638.451,638.451,638.451,638.451,638.451,638.451,638.451,638.451,638.451,638.451,638.451,638.451,638.451,638.451,638.451,638.451,638.451
1997-04-01,,,,,,,,,,,,,,,,,,,,,,,,,,,,,,,,,,,,,,,,,,,,,,,,,,,,,,,,,,,,,,,,,,,,,,,,,,,,,,,,,,,,,,,,,,,,,,,,,,,,,,,,,,,,,,,,,,,,,,,,,,,,,,,,,,,,,,,,,,,,,,,,550.1,550.6,550.6,550.6,550.6,550.6,550.6,573.6,573.6,573.6,573.6,573.6,573.6,573.6,573.6,573.6,573.6,598.4,598.4,598.4,598.4,598.4,598.8,598.8,598.8,598.8,593.7,593.7,593.7,593.7,593.7,593.7,593.7,593.7,593.7,593.7,593.7,593.7,593.7,593.7,593.7,593.7,593.7,593.7,593.7,593.7,593.7,593.7,593.7,593.7,593.7,593.7,593.7,,619.4,619.4,619.4,619.4,619.4,619.4,619.4,619.4,619.4,619.4,619.4,619.4,619.4,619.4,619.4,619.4,619.4,619.4,619.4,619.4,619.4,619.4,619.4,619.4,619.4,619.4,619.4,619.4,619.4,619.4,619.4,619.4,619.4,619.4,619.4,619.4,619.4,619.4,619.4,619.4,619.4,619.4,619.4,619.4,619.4,635.8,635.8,635.8,635.8,635.8,635.8,635.8,635.8,635.8,635.8,635.8,635.8,635.8,635.8,635.8,635.8,635.8,635.8,635.8,635.8,635.8,635.8,635.8,635.8,635.8,635.8,635.8,635.8,635.8,635.8,635.8,635.8,635.8,614.8,614.8,614.8,614.8,614.8,614.8,614.8,614.8,614.8,614.8,614.8,614.8,614.8,614.8,614.8,614.8,614.8,614.8,614.8,614.8,614.8,614.8,614.8,614.8,614.8,614.8,614.8,614.8,614.8,614.8,614.8,614.8,614.8,614.8,614.8,614.788,614.788,614.788,614.788,614.788,614.788,639.157,639.157,639.157,639.157,639.157,639.157,639.157,639.157,639.157,639.157,639.157,639.157,639.157,639.157,639.157,639.157,639.157,639.157,639.157,639.157,639.157,639.157,639.157,639.157,639.157,639.157,639.157,639.157,639.157,639.157,639.157,639.157,639.157,639.157,639.157,639.157,639.157,639.157,639.157,639.157,658.411,658.411,658.411,658.411,658.411,658.411,658.411,658.411,658.411,658.411,658.411,658.411,658.411,658.411,658.411,658.411,658.411,658.411,658.411,658.411
1997-07-01,,,,,,,,,,,,,,,,,,,,,,,,,,,,,,,,,,,,,,,,,,,,,,,,,,,,,,,,,,,,,,,,,,,,,,,,,,,,,,,,,,,,,,,,,,,,,,,,,,,,,,,,,,,,,,,,,,,,,,,,,,,,,,,,,,,,,,,,,,,,,,,,,,558.8,569.1,569.1,569.1,569.1,586.7,586.7,586.7,586.7,586.7,586.7,586.7,586.7,586.7,586.7,616.0,616.0,616.0,616.0,616.0,616.5,616.5,616.5,616.5,613.1,613.1,613.1,613.1,613.1,613.1,613.1,613.1,613.1,613.1,613.1,613.1,613.1,613.1,613.1,613.1,613.1,613.1,613.1,613.1,613.1,613.1,613.1,613.1,613.1,613.1,613.1,,641.5,641.5,641.5,641.5,641.5,641.5,641.5,641.5,641.5,641.5,641.5,641.5,641.5,641.5,641.5,641.5,641.5,641.5,641.5,641.5,641.5,641.5,641.5,641.5,641.5,641.5,641.5,641.5,641.5,641.5,641.5,641.5,641.5,641.5,641.5,641.5,641.5,641.5,641.5,641.5,641.5,641.5,641.5,641.5,641.5,656.9,656.9,656.9,656.9,656.9,656.9,656.9,656.9,656.9,656.9,656.9,656.9,656.9,656.9,656.9,656.9,656.9,656.9,656.9,656.9,656.9,656.9,656.9,656.9,656.9,656.9,656.9,656.9,656.9,656.9,656.9,656.9,656.9,637.5,637.5,637.5,637.5,637.5,637.5,637.5,637.5,637.5,637.5,637.5,637.5,637.5,637.5,637.5,637.5,637.5,637.5,637.5,637.5,637.5,637.5,637.5,637.5,637.5,637.5,637.5,637.5,637.5,637.5,637.5,637.5,637.5,637.5,637.5,637.546,637.546,637.546,637.546,637.546,637.546,662.439,662.439,662.439,662.439,662.439,662.439,662.439,662.439,662.439,662.439,662.439,662.439,662.439,662.439,662.439,662.439,662.439,662.439,662.439,662.439,662.439,662.439,662.439,662.439,662.439,662.439,662.439,662.439,662.439,662.439,662.439,662.439,662.439,662.439,662.439,662.439,662.439,662.439,662.439,662.439,683.399,683.399,683.399,683.399,683.399,683.399,683.399,683.399,683.399,683.399,683.399,683.399,683.399,683.399,683.399,683.399,683.399,683.399,683.399,683.399
1997-10-01,,,,,,,,,,,,,,,,,,,,,,,,,,,,,,,,,,,,,,,,,,,,,,,,,,,,,,,,,,,,,,,,,,,,,,,,,,,,,,,,,,,,,,,,,,,,,,,,,,,,,,,,,,,,,,,,,,,,,,,,,,,,,,,,,,,,,,,,,,,,,,,,,,,,564.5,564.5,564.5,571.4,571.4,571.4,571.4,571.4,571.4,571.4,571.4,571.4,571.4,609.4,609.4,609.4,609.4,609.4,610.2,610.2,610.2,610.2,607.9,607.9,607.9,607.9,607.9,607.9,607.9,607.9,607.9,607.9,607.9,607.9,607.9,607.9,607.9,607.9,607.9,607.9,607.9,607.9,607.9,607.9,607.9,607.9,607.9,607.9,607.9,,629.6,629.6,629.6,629.6,629.6,629.6,629.6,629.6,629.6,629.6,629.6,629.6,629.6,629.6,629.6,629.6,629.6,629.6,629.6,629.6,629.6,629.6,629.6,629.6,629.6,629.6,629.6,629.6,629.6,629.6,629.6,629.6,629.6,629.6,629.6,629.6,629.6,629.6,629.6,629.6,629.6,629.6,629.6,629.6,629.6,647.5,647.5,647.5,647.5,647.5,647.5,647.5,647.5,647.5,647.5,647.5,647.5,647.5,647.5,647.5,647.5,647.5,647.5,647.5,647.5,647.5,647.5,647.5,647.5,647.5,647.5,647.5,647.5,647.5,647.5,647.5,647.5,647.5,632.0,632.0,632.0,632.0,632.0,632.0,632.0,632.0,632.0,632.0,632.0,632.0,632.0,632.0,632.0,632.0,632.0,632.0,632.0,632.0,632.0,632.0,632.0,632.0,632.0,632.0,632.0,632.0,632.0,632.0,632.0,632.0,632.0,632.0,632.0,632.013,632.013,632.013,632.013,632.013,632.013,657.419,657.419,657.419,657.419,657.419,657.419,657.419,657.419,657.419,657.419,657.419,657.419,657.419,657.419,657.419,657.419,657.419,657.419,657.419,657.419,657.419,657.419,657.419,657.419,657.419,657.419,657.419,657.419,657.419,657.419,657.419,657.419,657.419,657.419,657.419,657.419,657.419,657.419,657.419,657.419,680.156,680.156,680.156,680.156,680.156,680.156,680.156,680.156,680.156,680.156,680.156,680.156,680.156,680.156,680.156,680.156,680.156,680.156,680.156,680.156
1998-01-01,,,,,,,,,,,,,,,,,,,,,,,,,,,,,,,,,,,,,,,,,,,,,,,,,,,,,,,,,,,,,,,,,,,,,,,,,,,,,,,,,,,,,,,,,,,,,,,,,,,,,,,,,,,,,,,,,,,,,,,,,,,,,,,,,,,,,,,,,,,,,,,,,,,,,577.1,581.7,589.3,589.3,589.3,589.3,589.3,589.3,589.3,589.3,589.3,589.3,618.3,618.3,618.3,618.3,618.3,618.5,618.5,618.5,618.5,580.4,580.4,580.4,580.4,580.4,580.4,580.4,580.4,547.5,547.5,547.5,547.5,547.5,547.5,547.5,547.5,547.5,547.5,547.5,547.5,547.5,547.5,547.5,547.5,547.5,547.5,547.5,562.9,562.9,562.9,562.9,562.9,562.9,562.9,562.9,562.9,562.9,562.9,562.9,562.9,562.9,562.9,562.9,562.9,562.9,562.9,562.9,562.9,562.9,562.9,562.9,562.9,562.9,562.9,562.9,562.9,562.9,562.9,562.9,562.9,562.9,562.9,562.9,562.9,562.9,562.9,562.9,562.9,562.9,562.9,562.9,562.9,562.9,569.2,569.2,569.2,569.2,569.2,569.2,569.2,569.2,569.2,569.2,569.2,569.2,569.2,569.2,569.2,569.2,569.2,569.2,569.2,569.2,569.2,569.2,569.2,569.2,569.2,569.2,569.2,569.2,569.2,569.2,569.2,569.2,569.2,560.0,560.0,560.0,560.0,560.0,560.0,560.0,560.0,560.0,560.0,560.0,560.0,560.0,560.0,560.0,560.0,560.0,560.0,560.0,560.0,560.0,560.0,560.0,560.0,560.0,560.0,560.0,560.0,560.0,560.0,560.0,560.0,560.0,560.0,560.0,559.97,559.97,559.97,559.97,559.97,559.97,590.531,590.531,590.531,590.531,590.531,590.531,590.531,590.531,590.531,590.531,590.531,590.531,590.531,590.531,590.531,590.531,590.531,590.531,590.531,590.531,590.531,590.531,590.531,590.531,590.531,590.531,590.531,590.531,590.531,590.531,590.531,590.531,590.531,590.531,590.531,590.531,590.531,590.531,590.531,590.531,615.114,615.114,615.114,615.114,615.114,615.114,615.114,615.114,615.114,615.114,615.114,615.114,615.114,615.114,615.114,615.114,615.114,615.114,615.114,615.114
1998-04-01,,,,,,,,,,,,,,,,,,,,,,,,,,,,,,,,,,,,,,,,,,,,,,,,,,,,,,,,,,,,,,,,,,,,,,,,,,,,,,,,,,,,,,,,,,,,,,,,,,,,,,,,,,,,,,,,,,,,,,,,,,,,,,,,,,,,,,,,,,,,,,,,,,,,,,,,579.7,579.0,579.0,579.0,579.0,579.0,579.0,579.0,579.0,606.8,606.8,606.8,606.8,606.8,608.3,608.3,608.3,608.3,568.2,568.2,568.2,568.2,568.2,568.2,568.2,568.2,531.8,531.8,531.8,531.8,531.8,531.8,531.8,531.8,531.8,531.8,531.8,531.8,531.8,531.8,531.8,531.8,531.8,531.8,531.8,547.6,547.6,547.6,547.6,547.6,547.6,547.6,547.6,547.6,547.6,547.6,547.6,547.6,547.6,547.6,547.6,547.6,547.6,547.6,547.6,547.6,547.6,547.6,547.6,547.6,547.6,547.6,547.6,547.6,547.6,547.6,547.6,547.6,547.6,547.6,547.6,547.6,547.6,547.6,547.6,547.6,547.6,547.6,547.6,547.6,547.6,566.0,566.0,566.0,566.0,566.0,566.0,566.0,566.0,566.0,566.0,566.0,566.0,566.0,566.0,566.0,566.0,566.0,566.0,566.0,566.0,566.0,566.0,566.0,566.0,566.0,566.0,566.0,566.0,566.0,566.0,566.0,566.0,566.0,559.7,559.7,559.7,559.7,559.7,559.7,559.7,559.7,559.7,559.7,559.7,559.7,559.7,559.7,559.7,559.7,559.7,559.7,559.7,559.7,559.7,559.7,559.7,559.7,559.7,559.7,559.7,559.7,559.7,559.7,559.7,559.7,559.7,559.7,559.7,559.661,559.661,559.661,559.661,559.661,559.661,590.486,590.486,590.486,590.486,590.486,590.486,590.486,590.486,590.486,590.486,590.486,590.486,590.486,590.486,590.486,590.486,590.486,590.486,590.486,590.486,590.486,590.486,590.486,590.486,590.486,590.486,590.486,590.486,590.486,590.486,590.486,590.486,590.486,590.486,590.486,590.486,590.486,590.486,590.486,590.486,616.661,616.661,616.661,616.661,616.661,616.661,616.661,616.661,616.661,616.661,616.661,616.661,616.661,616.661,616.661,616.661,616.661,616.661,616.661,616.661
1998-07-01,,,,,,,,,,,,,,,,,,,,,,,,,,,,,,,,,,,,,,,,,,,,,,,,,,,,,,,,,,,,,,,,,,,,,,,,,,,,,,,,,,,,,,,,,,,,,,,,,,,,,,,,,,,,,,,,,,,,,,,,,,,,,,,,,,,,,,,,,,,,,,,,,,,,,,,,,,580.2,583.7,583.7,583.7,583.7,583.7,583.7,599.5,599.5,599.5,599.5,602.5,602.5,602.5,602.5,602.5,569.0,569.0,569.0,569.0,569.0,569.0,569.0,569.0,538.3,538.3,538.3,538.3,538.3,538.3,538.3,538.3,538.3,538.3,538.3,538.3,538.3,538.3,538.3,538.3,538.3,538.3,538.3,554.2,554.2,554.2,554.2,554.2,554.2,554.2,554.2,554.2,554.2,554.2,554.2,554.2,554.2,554.2,554.2,554.2,554.2,554.2,554.2,554.2,554.2,554.2,554.2,554.2,554.2,554.2,554.2,554.2,554.2,554.2,554.2,554.2,554.2,554.2,554.2,554.2,554.2,554.2,554.2,554.2,554.2,554.2,554.2,554.2,554.2,567.9,567.9,567.9,567.9,567.9,567.9,567.9,567.9,567.9,567.9,567.9,567.9,567.9,567.9,567.9,567.9,567.9,567.9,567.9,567.9,567.9,567.9,567.9,567.9,567.9,567.9,567.9,567.9,567.9,567.9,567.9,567.9,567.9,561.0,561.0,561.0,561.0,561.0,561.0,561.0,561.0,561.0,561.0,561.0,561.0,561.0,561.0,561.0,561.0,561.0,561.0,561.0,561.0,561.0,561.0,561.0,561.0,561.0,561.0,561.0,561.0,561.0,561.0,561.0,561.0,561.0,561.0,561.0,561.031,561.031,561.031,561.031,561.031,561.031,592.175,592.175,592.175,592.175,592.175,592.175,592.175,592.175,592.175,592.175,592.175,592.175,592.175,592.175,592.175,592.175,592.175,592.175,592.175,592.175,592.175,592.175,592.175,592.175,592.175,592.175,592.175,592.175,592.175,592.175,592.175,592.175,592.175,592.175,592.175,592.175,592.175,592.175,592.175,592.175,619.687,619.687,619.687,619.687,619.687,619.687,619.687,619.687,619.687,619.687,619.687,619.687,619.687,619.687,619.687,619.687,619.687,619.687,619.687,619.687
1998-10-01,,,,,,,,,,,,,,,,,,,,,,,,,,,,,,,,,,,,,,,,,,,,,,,,,,,,,,,,,,,,,,,,,,,,,,,,,,,,,,,,,,,,,,,,,,,,,,,,,,,,,,,,,,,,,,,,,,,,,,,,,,,,,,,,,,,,,,,,,,,,,,,,,,,,,,,,,,,,586.2,586.2,586.2,586.2,586.2,598.7,598.7,598.7,598.7,603.4,603.4,603.4,603.4,603.4,564.1,564.1,564.1,564.1,564.1,564.1,564.1,564.1,536.8,536.8,536.8,536.8,536.8,536.8,536.8,536.8,536.8,536.8,536.8,536.8,536.8,536.8,536.8,536.8,536.8,536.8,536.8,548.6,548.6,548.6,548.6,548.6,548.6,548.6,548.6,548.6,548.6,548.6,548.6,548.6,548.6,548.6,548.6,548.6,548.6,548.6,548.6,548.6,548.6,548.6,548.6,548.6,548.6,548.6,548.6,548.6,548.6,548.6,548.6,548.6,548.6,548.6,548.6,548.6,548.6,548.6,548.6,548.6,548.6,548.6,548.6,548.6,548.6,553.1,553.1,553.1,553.1,553.1,553.1,553.1,553.1,553.1,553.1,553.1,553.1,553.1,553.1,553.1,553.1,553.1,553.1,553.1,553.1,553.1,553.1,553.1,553.1,553.1,553.1,553.1,553.1,553.1,553.1,553.1,553.1,553.1,542.3,542.3,542.3,542.3,542.3,542.3,542.3,542.3,542.3,542.3,542.3,542.3,542.3,542.3,542.3,542.3,542.3,542.3,542.3,542.3,542.3,542.3,542.3,542.3,542.3,542.3,542.3,542.3,542.3,542.3,542.3,542.3,542.3,542.3,542.3,542.316,542.316,542.316,542.316,542.316,542.316,573.39,573.39,573.39,573.39,573.39,573.39,573.39,573.39,573.39,573.39,573.39,573.39,573.39,573.39,573.39,573.39,573.39,573.39,573.39,573.39,573.39,573.39,573.39,573.39,573.39,573.39,573.39,573.39,573.39,573.39,573.39,573.39,573.39,573.39,573.39,573.39,573.39,573.39,573.39,573.39,601.985,601.985,601.985,601.985,601.985,601.985,601.985,601.985,601.985,601.985,601.985,601.985,601.985,601.985,601.985,601.985,601.985,601.985,601.985,601.985
1999-01-01,,,,,,,,,,,,,,,,,,,,,,,,,,,,,,,,,,,,,,,,,,,,,,,,,,,,,,,,,,,,,,,,,,,,,,,,,,,,,,,,,,,,,,,,,,,,,,,,,,,,,,,,,,,,,,,,,,,,,,,,,,,,,,,,,,,,,,,,,,,,,,,,,,,,,,,,,,,,,607.7,618.1,618.1,618.1,634.0,634.0,634.0,634.0,638.9,638.9,638.9,638.9,638.9,604.3,604.3,604.3,604.3,604.3,604.3,604.3,604.3,586.3,586.3,586.3,586.3,586.3,586.3,586.3,586.3,565.1,565.1,565.1,565.1,565.1,565.1,565.1,565.1,565.1,565.1,565.1,593.2,593.2,593.2,593.2,593.2,593.2,593.2,593.2,593.2,593.2,593.2,593.2,593.2,593.2,593.2,593.2,593.2,593.2,593.2,593.2,593.2,593.2,593.2,593.2,593.2,593.2,593.2,593.2,593.2,593.2,593.2,593.2,593.2,593.2,593.2,593.2,593.2,593.2,593.2,593.2,593.2,593.2,593.2,593.2,593.2,593.2,603.5,603.5,603.5,603.5,603.5,603.5,603.5,603.5,603.5,603.5,603.5,603.5,603.5,603.5,603.5,603.5,603.5,603.5,603.5,603.5,603.5,603.5,603.5,603.5,603.5,603.5,603.5,603.5,603.5,603.5,603.5,603.5,603.5,586.0,586.0,586.0,586.0,586.0,586.0,586.0,586.0,586.0,586.0,586.0,586.0,586.0,586.0,586.0,586.0,586.0,586.0,586.0,586.0,586.0,586.0,586.0,586.0,586.0,586.0,586.0,586.0,586.0,586.0,586.0,586.0,586.0,586.0,586.0,585.959,585.959,585.959,585.959,585.959,585.959,620.613,620.613,620.613,620.613,620.613,620.613,620.613,620.613,620.613,620.613,620.613,620.613,620.613,620.613,620.613,620.613,620.58,620.58,620.58,620.58,620.58,620.58,620.58,620.58,620.58,620.58,620.58,620.58,620.58,620.58,620.58,620.58,620.58,620.58,620.58,620.58,620.58,620.58,620.58,620.58,650.003,650.003,650.003,650.003,650.003,650.003,650.003,650.003,650.003,650.003,650.003,650.003,650.003,650.003,650.003,650.003,650.003,650.003,650.003,650.003
1999-04-01,,,,,,,,,,,,,,,,,,,,,,,,,,,,,,,,,,,,,,,,,,,,,,,,,,,,,,,,,,,,,,,,,,,,,,,,,,,,,,,,,,,,,,,,,,,,,,,,,,,,,,,,,,,,,,,,,,,,,,,,,,,,,,,,,,,,,,,,,,,,,,,,,,,,,,,,,,,,,,,602.1,602.3,621.0,621.0,621.0,621.0,626.0,626.0,626.0,626.0,626.0,585.9,585.9,585.9,585.9,585.9,585.9,585.9,585.9,562.4,562.4,562.4,562.4,562.4,562.4,562.4,562.4,556.0,556.0,556.0,556.0,556.0,556.0,556.0,556.0,556.0,556.0,556.0,592.9,592.9,592.9,592.9,592.9,592.9,592.9,592.9,592.9,592.9,592.9,592.9,592.9,592.9,592.9,592.9,592.9,592.9,592.9,592.9,592.9,592.9,592.9,592.9,592.9,592.9,592.9,592.9,592.9,592.9,592.9,592.9,592.9,592.9,592.9,592.9,592.9,592.9,592.9,592.9,592.9,592.9,592.9,592.9,592.9,592.9,605.4,605.4,605.4,605.4,605.4,605.4,605.4,605.4,605.4,605.4,605.4,605.4,605.4,605.4,605.4,605.4,605.4,605.4,605.4,605.4,605.4,605.4,605.4,605.4,605.4,605.4,605.4,605.4,605.4,605.4,605.4,605.4,605.4,581.5,581.5,581.5,581.5,581.5,581.5,581.5,581.5,581.5,581.5,581.5,581.5,581.5,581.5,581.5,581.5,581.5,581.5,581.5,581.5,581.5,581.5,581.5,581.5,581.5,581.5,581.5,581.5,581.5,581.5,581.5,581.5,581.5,581.5,581.5,581.54,581.54,581.54,581.54,581.54,581.54,616.678,616.678,616.678,616.678,616.678,616.678,616.678,616.678,616.678,616.678,616.678,616.678,616.678,616.678,616.678,616.678,616.658,616.658,616.658,616.658,616.658,616.658,616.658,616.658,616.658,616.658,616.658,616.658,616.658,616.658,616.658,616.658,616.658,616.658,616.658,616.658,616.658,616.658,616.658,616.658,647.382,647.382,647.382,647.382,647.382,647.382,647.382,647.382,647.382,647.382,647.382,647.382,647.382,647.382,647.382,647.382,647.382,647.382,647.382,647.382
1999-07-01,,,,,,,,,,,,,,,,,,,,,,,,,,,,,,,,,,,,,,,,,,,,,,,,,,,,,,,,,,,,,,,,,,,,,,,,,,,,,,,,,,,,,,,,,,,,,,,,,,,,,,,,,,,,,,,,,,,,,,,,,,,,,,,,,,,,,,,,,,,,,,,,,,,,,,,,,,,,,,,,,,,624.6,619.8,624.7,624.7,624.7,624.7,624.7,587.9,587.9,587.9,587.9,587.9,587.9,587.9,587.9,549.5,549.5,549.5,549.5,549.5,549.5,549.5,549.5,541.7,541.7,541.7,541.7,541.7,541.7,541.7,541.7,541.7,541.7,541.7,582.1,582.1,582.1,582.1,582.1,582.1,582.1,582.1,582.1,582.1,582.1,582.1,582.1,582.1,582.1,582.1,582.1,582.1,582.1,582.1,582.1,582.1,582.1,582.1,582.1,582.1,582.1,582.1,582.1,582.1,582.1,582.1,582.1,582.1,582.1,582.1,582.1,582.1,582.1,582.1,582.1,582.1,582.1,582.1,582.1,582.1,589.2,589.2,589.2,589.2,589.2,589.2,589.2,589.2,589.2,589.2,589.2,589.2,589.2,589.2,589.2,589.2,589.2,589.2,589.2,589.2,589.2,589.2,589.2,589.2,589.2,589.2,589.2,589.2,589.2,589.2,589.2,589.2,589.2,560.0,560.0,560.0,560.0,560.0,560.0,560.0,560.0,560.0,560.0,560.0,560.0,560.0,560.0,560.0,560.0,560.0,560.0,560.0,560.0,560.0,560.0,560.0,560.0,560.0,560.0,560.0,560.0,560.0,560.0,560.0,560.0,560.0,560.0,560.0,560.004,560.004,560.004,560.004,560.004,560.004,596.127,596.127,596.127,596.127,596.127,596.127,596.127,596.127,596.127,596.127,596.127,596.127,596.127,596.127,596.127,596.127,596.109,596.109,596.109,596.109,596.109,596.109,596.109,596.109,596.109,596.109,596.109,596.109,596.109,596.109,596.109,596.109,596.109,596.109,596.109,596.109,596.109,596.109,596.109,596.109,628.608,628.608,628.608,628.608,628.608,628.608,628.608,628.608,628.608,628.608,628.608,628.608,628.608,628.608,628.608,628.608,628.608,628.608,628.608,628.608
1999-10-01,,,,,,,,,,,,,,,,,,,,,,,,,,,,,,,,,,,,,,,,,,,,,,,,,,,,,,,,,,,,,,,,,,,,,,,,,,,,,,,,,,,,,,,,,,,,,,,,,,,,,,,,,,,,,,,,,,,,,,,,,,,,,,,,,,,,,,,,,,,,,,,,,,,,,,,,,,,,,,,,,,,,,643.6,643.6,643.6,643.6,643.6,622.3,622.3,622.3,622.3,622.3,622.3,622.3,622.3,590.4,590.4,590.4,590.4,590.4,590.4,590.4,590.4,569.1,569.1,569.1,569.1,569.1,569.1,569.1,569.1,569.1,569.1,569.1,602.5,602.5,602.5,602.5,602.5,602.5,602.5,602.5,602.5,602.5,602.5,602.5,602.5,602.5,602.5,602.5,602.5,602.5,602.5,602.5,602.5,602.5,602.5,602.5,602.5,602.5,602.5,602.5,602.5,602.5,602.5,602.5,602.5,602.5,602.5,602.5,602.5,602.5,602.5,602.5,602.5,602.5,602.5,602.5,602.5,602.5,591.9,591.9,591.9,591.9,591.9,591.9,591.9,591.9,591.9,591.9,591.9,591.9,591.9,591.9,591.9,591.9,591.9,591.9,591.9,591.9,591.9,591.9,591.9,591.9,591.9,591.9,591.9,591.9,591.9,591.9,591.9,591.9,591.9,558.3,558.3,558.3,558.3,558.3,558.3,558.3,558.3,558.3,558.3,558.3,558.3,558.3,558.3,558.3,558.3,558.3,558.3,558.3,558.3,558.3,558.3,558.3,558.3,558.3,558.3,558.3,558.3,558.3,558.3,558.3,558.3,558.3,558.3,558.3,558.277,558.277,558.277,558.277,558.277,558.277,596.767,596.767,596.767,596.767,596.767,596.767,596.767,596.767,596.767,596.767,596.767,596.767,596.767,596.767,596.767,596.767,596.749,596.749,596.749,596.749,596.749,596.749,596.749,596.749,596.749,596.749,596.749,596.749,596.749,596.749,596.749,596.749,596.749,596.749,596.749,596.749,596.749,596.749,596.749,596.749,631.497,631.497,631.497,631.497,631.497,631.497,631.497,631.497,631.497,631.497,631.497,631.497,631.497,631.497,631.497,631.497,631.497,631.497,631.497,631.497
2000-01-01,,,,,,,,,,,,,,,,,,,,,,,,,,,,,,,,,,,,,,,,,,,,,,,,,,,,,,,,,,,,,,,,,,,,,,,,,,,,,,,,,,,,,,,,,,,,,,,,,,,,,,,,,,,,,,,,,,,,,,,,,,,,,,,,,,,,,,,,,,,,,,,,,,,,,,,,,,,,,,,,,,,,,,,,665.2,674.8,650.0,650.0,650.0,650.0,650.0,650.0,650.0,650.0,593.3,593.3,593.3,593.3,593.3,593.3,593.3,593.3,536.8,536.8,536.8,536.8,536.8,536.8,536.8,536.8,536.8,536.8,536.8,551.8,551.8,551.8,551.8,551.8,551.8,551.8,551.8,551.8,551.8,551.8,551.8,551.8,551.8,551.8,551.8,551.8,551.8,551.8,551.8,551.8,551.8,551.8,551.8,551.8,551.8,551.8,551.8,551.8,551.8,551.8,551.8,551.8,551.8,551.8,551.8,551.8,551.8,551.8,551.8,551.8,551.8,551.8,551.8,551.8,551.8,566.2,566.2,566.2,566.2,566.2,566.2,566.2,566.2,566.2,566.2,566.2,566.2,566.2,566.2,566.2,566.2,566.2,566.2,566.2,566.2,566.2,566.2,566.2,566.2,566.2,566.2,566.2,566.2,566.2,566.2,566.2,566.2,566.2,529.0,529.0,529.0,529.0,529.0,529.0,529.0,529.0,529.0,529.0,529.0,529.0,529.0,529.0,529.0,529.0,529.0,529.0,529.0,529.0,529.0,529.0,529.0,529.0,529.0,529.0,529.0,529.0,529.0,529.0,529.0,529.0,529.0,529.0,529.0,528.987,528.987,528.987,528.987,528.987,528.987,565.235,565.235,565.235,565.235,565.235,565.235,565.235,565.235,565.235,565.235,565.235,565.235,565.235,565.235,565.235,565.235,565.189,565.189,565.189,565.189,565.189,565.189,565.189,565.189,565.189,565.189,565.189,565.189,565.189,565.189,565.189,565.189,565.189,565.189,565.189,565.189,565.189,565.189,565.189,565.189,602.659,602.659,602.659,602.659,602.659,602.659,602.659,602.659,602.659,602.659,602.659,602.659,602.659,602.659,602.659,602.659,602.659,602.659,602.659,602.659
2000-04-01,,,,,,,,,,,,,,,,,,,,,,,,,,,,,,,,,,,,,,,,,,,,,,,,,,,,,,,,,,,,,,,,,,,,,,,,,,,,,,,,,,,,,,,,,,,,,,,,,,,,,,,,,,,,,,,,,,,,,,,,,,,,,,,,,,,,,,,,,,,,,,,,,,,,,,,,,,,,,,,,,,,,,,,,,,,671.1,671.5,671.5,671.5,671.5,671.5,671.5,612.3,612.3,612.3,612.3,612.3,612.3,612.3,612.3,540.0,540.0,540.0,540.0,540.0,540.0,540.0,540.0,540.0,540.0,540.0,560.5,560.5,560.5,560.5,560.5,560.5,560.5,560.5,560.5,560.5,560.5,560.5,560.5,560.5,560.5,560.5,560.5,560.5,560.5,560.5,560.5,560.5,560.5,560.5,560.5,560.5,560.5,560.5,560.5,560.5,560.5,560.5,560.5,560.5,560.5,560.5,560.5,560.5,560.5,560.5,560.5,560.5,560.5,560.5,560.5,560.5,558.6,558.6,558.6,558.6,558.6,558.6,558.6,558.6,558.6,558.6,558.6,558.6,558.6,558.6,558.6,558.6,558.6,558.6,558.6,558.6,558.6,558.6,558.6,558.6,558.6,558.6,558.6,558.6,558.6,558.6,558.6,558.6,558.6,519.6,519.6,519.6,519.6,519.6,519.6,519.6,519.6,519.6,519.6,519.6,519.6,519.6,519.6,519.6,519.6,519.6,519.6,519.6,519.6,519.6,519.6,519.6,519.6,519.6,519.6,519.6,519.6,519.6,519.6,519.6,519.6,519.6,519.6,519.6,519.641,519.641,519.641,519.641,519.641,519.641,556.466,556.466,556.466,556.466,556.466,556.466,556.466,556.466,556.466,556.466,556.466,556.466,556.466,556.466,556.466,556.466,556.425,556.425,556.425,556.425,556.425,556.425,556.425,556.425,556.425,556.425,556.425,556.425,556.425,556.425,556.425,556.425,556.425,556.425,556.425,556.425,556.425,556.425,556.425,556.425,595.936,595.936,595.936,595.936,595.936,595.936,595.936,595.936,595.936,595.936,595.936,595.936,595.936,595.936,595.936,595.936,595.936,595.936,595.936,595.936
2000-07-01,,,,,,,,,,,,,,,,,,,,,,,,,,,,,,,,,,,,,,,,,,,,,,,,,,,,,,,,,,,,,,,,,,,,,,,,,,,,,,,,,,,,,,,,,,,,,,,,,,,,,,,,,,,,,,,,,,,,,,,,,,,,,,,,,,,,,,,,,,,,,,,,,,,,,,,,,,,,,,,,,,,,,,,,,,,,,679.3,679.7,679.7,679.7,679.7,620.1,620.1,620.1,620.1,620.1,620.1,620.1,620.1,530.3,530.3,530.3,530.3,530.3,530.3,530.3,530.3,530.3,530.3,530.3,551.5,551.5,551.5,551.5,551.5,551.5,551.5,551.5,551.5,551.5,551.5,551.5,551.5,551.5,551.5,551.5,551.5,551.5,551.5,551.5,551.5,551.5,551.5,551.5,551.5,551.5,551.5,551.5,551.5,551.5,551.5,551.5,551.5,551.5,551.5,551.5,551.5,551.5,551.5,551.5,551.5,551.5,551.5,551.5,551.5,551.5,560.0,560.0,560.0,560.0,560.0,560.0,560.0,560.0,560.0,560.0,560.0,560.0,560.0,560.0,560.0,560.0,560.0,560.0,560.0,560.0,560.0,560.0,560.0,560.0,560.0,560.0,560.0,560.0,560.0,560.0,560.0,560.0,560.0,521.1,521.1,521.1,521.1,521.1,521.1,521.1,521.1,521.1,521.1,521.1,521.1,521.1,521.1,521.1,521.1,521.1,521.1,521.1,521.1,521.1,521.1,521.1,521.1,521.1,521.1,521.1,521.1,521.1,521.1,521.1,521.1,521.1,521.1,521.1,521.074,521.074,521.074,521.074,521.074,521.074,558.455,558.455,558.455,558.455,558.455,558.455,558.455,558.455,558.455,558.455,558.455,558.455,558.455,558.455,558.455,558.455,558.414,558.414,558.414,558.414,558.414,558.414,558.414,558.414,558.414,558.414,558.414,558.414,558.414,558.414,558.414,558.414,558.414,558.414,558.414,558.414,558.414,558.414,558.414,558.414,599.286,599.286,599.286,599.286,599.286,599.286,599.286,599.286,599.286,599.286,599.286,599.286,599.286,599.286,599.286,599.286,599.286,599.286,599.286,599.286
2000-10-01,,,,,,,,,,,,,,,,,,,,,,,,,,,,,,,,,,,,,,,,,,,,,,,,,,,,,,,,,,,,,,,,,,,,,,,,,,,,,,,,,,,,,,,,,,,,,,,,,,,,,,,,,,,,,,,,,,,,,,,,,,,,,,,,,,,,,,,,,,,,,,,,,,,,,,,,,,,,,,,,,,,,,,,,,,,,,,,647.0,647.0,647.0,594.1,594.1,594.1,594.1,594.1,594.1,594.1,594.1,507.8,507.8,507.8,507.8,507.8,507.8,507.8,507.8,507.8,507.8,507.8,547.2,547.2,547.2,547.2,547.2,547.2,547.2,547.2,547.2,547.2,547.2,547.2,547.2,547.2,547.2,547.2,547.2,547.2,547.2,547.2,547.2,547.2,547.2,547.2,547.2,547.2,547.2,547.2,547.2,547.2,547.2,547.2,547.2,547.2,547.2,547.2,547.2,547.2,547.2,547.2,547.2,547.2,547.2,547.2,547.2,547.2,531.8,531.8,531.8,531.8,531.8,531.8,531.8,531.8,531.8,531.8,531.8,531.8,531.8,531.8,531.8,531.8,531.8,531.8,531.8,531.8,531.8,531.8,531.8,531.8,531.8,531.8,531.8,531.8,531.8,531.8,531.8,531.8,531.8,494.7,494.7,494.7,494.7,494.7,494.7,494.7,494.7,494.7,494.7,494.7,494.7,494.7,494.7,494.7,494.7,494.7,494.7,494.7,494.7,494.7,494.7,494.7,494.7,494.7,494.7,494.7,494.7,494.7,494.7,494.7,494.7,494.7,494.7,494.7,494.74,494.74,494.74,494.74,494.74,494.74,532.453,532.453,532.453,532.453,532.453,532.453,532.453,532.453,532.453,532.453,532.453,532.453,532.453,532.453,532.453,532.453,532.415,532.415,532.415,532.415,532.415,532.415,532.415,532.415,532.415,532.415,532.415,532.415,532.415,532.415,532.415,532.415,532.415,532.415,532.415,532.415,532.415,532.415,532.415,532.415,573.967,573.967,573.967,573.967,573.967,573.967,573.967,573.967,573.967,573.967,573.967,573.967,573.967,573.967,573.967,573.967,573.967,573.967,573.967,573.967
2001-01-01,,,,,,,,,,,,,,,,,,,,,,,,,,,,,,,,,,,,,,,,,,,,,,,,,,,,,,,,,,,,,,,,,,,,,,,,,,,,,,,,,,,,,,,,,,,,,,,,,,,,,,,,,,,,,,,,,,,,,,,,,,,,,,,,,,,,,,,,,,,,,,,,,,,,,,,,,,,,,,,,,,,,,,,,,,,,,,,,634.4,614.6,553.0,553.0,553.0,553.0,553.0,553.0,553.0,553.0,489.2,489.2,489.2,489.2,489.2,489.2,489.2,489.2,489.2,489.2,489.2,536.7,536.7,536.7,536.7,536.7,536.7,556.2,556.2,556.2,556.2,556.2,556.2,556.2,556.2,556.2,556.2,556.2,556.2,556.2,556.2,556.2,556.2,556.2,556.2,556.2,556.2,556.2,556.2,556.2,556.2,556.2,556.2,556.2,556.2,556.2,556.2,556.2,556.2,556.2,556.2,556.2,556.2,556.2,556.2,556.2,556.2,558.3,558.3,558.3,558.3,558.3,558.3,558.3,558.3,558.3,558.3,558.3,558.3,558.3,558.3,558.3,558.3,558.3,558.3,558.3,558.3,558.3,558.3,558.3,558.3,558.3,558.3,558.3,558.3,558.3,558.3,558.3,558.3,558.3,519.1,519.1,519.1,519.1,519.1,519.1,519.1,519.1,519.1,519.1,519.1,519.1,519.1,519.1,519.1,519.1,519.1,519.1,519.1,519.1,519.1,519.1,519.1,519.1,519.1,519.1,519.1,519.1,519.1,519.1,519.1,519.1,519.1,519.1,519.1,519.135,519.135,519.135,519.135,519.135,519.135,559.432,559.432,559.432,559.432,559.432,559.432,559.432,559.432,559.432,559.432,559.432,559.432,559.432,559.432,559.432,559.432,559.398,559.398,559.398,559.398,559.398,559.398,559.398,559.398,559.398,559.398,559.398,559.398,559.398,559.398,559.398,559.398,559.398,559.398,559.398,559.398,559.398,559.398,559.398,559.398,593.447,593.447,593.447,593.447,593.447,593.447,593.447,593.447,593.447,593.447,593.447,593.447,593.447,593.447,593.447,593.447,593.447,593.447,593.447,593.447
2001-04-01,,,,,,,,,,,,,,,,,,,,,,,,,,,,,,,,,,,,,,,,,,,,,,,,,,,,,,,,,,,,,,,,,,,,,,,,,,,,,,,,,,,,,,,,,,,,,,,,,,,,,,,,,,,,,,,,,,,,,,,,,,,,,,,,,,,,,,,,,,,,,,,,,,,,,,,,,,,,,,,,,,,,,,,,,,,,,,,,,,,530.4,531.8,531.8,531.8,531.8,531.8,531.8,508.3,508.3,508.3,508.3,508.3,508.3,508.3,508.3,508.3,508.3,508.3,531.4,531.4,531.4,531.4,531.4,531.4,565.2,565.2,565.2,565.2,565.2,565.2,565.2,565.2,565.2,565.2,565.2,565.2,565.2,565.2,565.2,565.2,565.2,565.2,565.2,565.2,565.2,565.2,565.2,565.2,565.2,565.2,565.2,565.2,565.2,565.2,565.2,565.2,565.2,565.2,565.2,565.2,565.2,565.2,565.2,565.2,595.6,595.6,595.6,595.6,595.6,595.6,595.6,595.6,595.6,595.6,595.6,595.6,595.6,595.6,595.6,595.6,595.6,595.6,595.6,595.6,595.6,595.6,595.6,595.6,595.6,595.6,595.6,595.6,595.6,595.6,595.6,595.6,595.6,557.4,557.4,557.4,557.4,557.4,557.4,557.4,557.4,557.4,557.4,557.4,557.4,557.4,557.4,557.4,557.4,557.4,557.4,557.4,557.4,557.4,557.4,557.4,557.4,557.4,557.4,557.4,557.4,557.4,557.4,557.4,557.4,557.4,557.4,557.4,557.406,557.406,557.406,557.406,557.406,557.406,595.326,595.326,595.326,595.326,595.326,595.326,595.326,595.326,595.326,595.326,595.326,595.326,595.326,595.326,595.326,595.326,595.285,595.285,595.285,595.285,595.285,595.285,595.285,595.285,595.285,595.285,595.285,595.285,595.285,595.285,595.285,595.285,595.285,595.285,595.285,595.285,595.285,595.285,595.285,595.285,625.379,625.379,625.379,625.379,625.379,625.379,625.379,625.379,625.379,625.379,625.379,625.379,625.379,625.379,625.379,625.379,625.379,625.379,625.379,625.379
2001-07-01,,,,,,,,,,,,,,,,,,,,,,,,,,,,,,,,,,,,,,,,,,,,,,,,,,,,,,,,,,,,,,,,,,,,,,,,,,,,,,,,,,,,,,,,,,,,,,,,,,,,,,,,,,,,,,,,,,,,,,,,,,,,,,,,,,,,,,,,,,,,,,,,,,,,,,,,,,,,,,,,,,,,,,,,,,,,,,,,,,,,,490.7,492.0,492.0,492.0,492.0,490.9,490.9,490.9,490.9,490.9,490.9,490.9,490.9,490.9,490.9,490.9,515.5,515.5,515.5,515.5,515.5,515.5,516.9,516.9,516.9,516.9,516.9,516.9,516.9,516.9,516.9,516.9,516.9,516.9,516.9,516.9,516.9,516.9,516.9,516.9,516.9,516.9,516.9,516.9,516.9,516.9,516.9,516.9,516.9,516.9,516.9,516.9,516.9,516.9,516.9,516.9,516.9,516.9,516.9,516.9,516.9,516.9,569.9,569.9,569.9,569.9,569.9,569.9,569.9,569.9,569.9,569.9,569.9,569.9,569.9,569.9,569.9,569.9,569.9,569.9,569.9,569.9,569.9,569.9,569.9,569.9,569.9,569.9,569.9,569.9,569.9,569.9,569.9,569.9,569.9,547.3,547.3,547.3,547.3,547.3,547.3,547.3,547.3,547.3,547.3,547.3,547.3,547.3,547.3,547.3,547.3,547.3,547.3,547.3,547.3,547.3,547.3,547.3,547.3,547.3,547.3,547.3,547.3,547.3,547.3,547.3,547.3,547.3,547.3,547.3,547.259,547.259,547.259,547.259,547.259,547.259,583.926,583.926,583.926,583.926,583.926,583.926,583.926,583.926,583.926,583.926,583.926,583.926,583.926,583.926,583.926,583.926,583.876,583.876,583.876,583.876,583.876,583.876,583.876,583.876,583.876,583.876,583.876,583.876,583.876,583.876,583.876,583.876,583.876,583.876,583.876,583.876,583.876,583.876,583.876,583.876,610.375,610.375,610.375,610.375,610.375,610.375,610.375,610.375,610.375,610.375,610.375,610.375,610.375,610.375,610.375,610.375,610.375,610.375,610.375,610.375
2001-10-01,,,,,,,,,,,,,,,,,,,,,,,,,,,,,,,,,,,,,,,,,,,,,,,,,,,,,,,,,,,,,,,,,,,,,,,,,,,,,,,,,,,,,,,,,,,,,,,,,,,,,,,,,,,,,,,,,,,,,,,,,,,,,,,,,,,,,,,,,,,,,,,,,,,,,,,,,,,,,,,,,,,,,,,,,,,,,,,,,,,,,,,627.9,627.9,627.9,640.8,640.8,640.8,640.8,640.8,640.8,640.8,640.8,640.8,640.8,640.8,693.5,693.5,693.5,693.5,693.5,693.5,614.4,614.4,614.4,614.4,614.4,614.4,614.4,614.4,614.4,614.4,614.4,614.4,614.4,614.4,614.4,614.4,614.4,614.4,614.4,614.4,614.4,614.4,614.4,614.4,614.4,614.4,614.4,614.4,614.4,614.4,614.4,614.4,614.4,614.4,614.4,614.4,614.4,614.4,614.4,614.4,599.6,599.6,599.6,599.6,599.6,599.6,599.6,599.6,599.6,599.6,599.6,599.6,599.6,599.6,599.6,599.6,599.6,599.6,599.6,599.6,599.6,599.6,599.6,599.6,599.6,599.6,599.6,599.6,599.6,599.6,599.6,599.6,599.6,579.2,579.2,579.2,579.2,579.2,579.2,579.2,579.2,579.2,579.2,579.2,579.2,579.2,579.2,579.2,579.2,579.2,579.2,579.2,579.2,579.2,579.2,579.2,579.2,579.2,579.2,579.2,579.2,579.2,579.2,579.2,579.2,579.2,579.2,579.2,579.173,579.173,579.173,579.173,579.173,579.173,615.759,615.759,615.759,615.759,615.759,615.759,615.759,615.759,615.759,615.759,615.759,615.759,615.759,615.759,615.759,615.759,615.711,615.711,615.711,615.711,615.711,615.711,615.711,615.711,615.711,615.711,615.711,615.711,615.711,615.711,615.711,615.711,615.711,615.711,615.711,615.711,615.711,615.711,615.711,615.711,638.97,638.97,638.97,638.97,638.97,638.97,638.97,638.97,638.97,638.97,638.97,638.97,638.97,638.97,638.97,638.97,638.97,638.97,638.97,638.97
2002-01-01,,,,,,,,,,,,,,,,,,,,,,,,,,,,,,,,,,,,,,,,,,,,,,,,,,,,,,,,,,,,,,,,,,,,,,,,,,,,,,,,,,,,,,,,,,,,,,,,,,,,,,,,,,,,,,,,,,,,,,,,,,,,,,,,,,,,,,,,,,,,,,,,,,,,,,,,,,,,,,,,,,,,,,,,,,,,,,,,,,,,,,,,612.5,615.4,595.2,595.2,595.2,595.2,595.2,595.2,595.2,595.2,595.2,595.2,595.2,698.6,698.6,698.6,698.6,698.6,698.6,669.3,669.3,669.3,669.3,669.3,669.3,669.3,669.3,654.5,654.5,654.5,654.5,654.5,654.5,654.5,654.5,654.5,654.5,654.5,654.5,654.5,654.5,654.5,654.5,654.5,654.5,654.5,654.5,654.5,654.5,654.5,654.5,654.5,654.5,654.5,654.5,654.5,654.5,654.5,654.5,651.1,651.1,651.1,651.1,651.1,651.1,651.1,651.1,651.1,651.1,651.1,651.1,651.1,651.1,651.1,651.1,651.1,651.1,651.1,651.1,651.1,651.1,651.1,651.1,651.1,651.1,651.1,651.1,651.1,651.1,651.1,651.1,651.1,671.5,671.5,671.5,671.5,671.5,671.5,671.5,671.5,671.5,671.5,671.5,671.5,671.5,671.5,671.5,671.5,671.5,671.5,671.5,671.5,671.5,671.5,671.5,671.5,671.5,671.5,671.5,671.5,671.5,671.5,671.5,671.5,671.5,671.5,671.5,671.455,671.455,671.455,671.455,671.455,671.455,705.155,705.155,705.155,705.155,705.155,705.155,705.155,705.155,705.155,705.155,705.155,705.155,705.155,705.155,705.155,705.155,705.127,705.127,705.127,705.127,705.127,705.127,705.127,705.127,705.127,705.127,705.127,705.127,705.127,705.127,705.127,705.127,705.127,705.127,705.127,705.127,705.127,705.127,705.127,705.127,722.722,722.722,722.722,722.722,722.722,722.722,722.722,722.722,722.722,722.722,722.722,722.722,722.722,722.722,722.722,722.722,722.722,722.722,722.722,722.722
2002-04-01,,,,,,,,,,,,,,,,,,,,,,,,,,,,,,,,,,,,,,,,,,,,,,,,,,,,,,,,,,,,,,,,,,,,,,,,,,,,,,,,,,,,,,,,,,,,,,,,,,,,,,,,,,,,,,,,,,,,,,,,,,,,,,,,,,,,,,,,,,,,,,,,,,,,,,,,,,,,,,,,,,,,,,,,,,,,,,,,,,,,,,,,,,,572.0,571.3,571.3,571.3,571.3,571.3,571.3,571.3,571.3,571.3,704.8,704.8,704.8,704.8,704.8,704.8,685.0,685.0,685.0,685.0,685.0,685.0,685.0,685.0,675.8,675.8,675.8,675.8,675.8,675.8,675.8,675.8,675.8,675.8,675.8,675.8,675.8,675.8,675.8,675.8,675.8,675.8,675.8,675.8,675.8,675.8,675.8,675.8,675.8,675.8,675.8,675.8,675.8,675.8,675.8,675.8,666.0,666.0,666.0,666.0,666.0,666.0,666.0,666.0,666.0,666.0,666.0,666.0,666.0,666.0,666.0,666.0,666.0,666.0,666.0,666.0,666.0,666.0,666.0,666.0,666.0,666.0,666.0,666.0,666.0,666.0,666.0,666.0,666.0,695.1,695.1,695.1,695.1,695.1,695.1,695.1,695.1,695.1,695.1,695.1,695.1,695.1,695.1,695.1,695.1,695.1,695.1,695.1,695.1,695.1,695.1,695.1,695.1,695.1,695.1,695.1,695.1,695.1,695.1,695.1,695.1,695.1,695.1,695.1,695.068,695.068,695.068,695.068,695.068,695.068,729.601,729.601,729.601,729.601,729.601,729.601,729.601,729.601,729.601,729.601,729.601,729.601,729.601,729.601,729.601,729.601,729.565,729.565,729.565,729.565,729.565,729.565,729.565,729.565,729.565,729.565,729.565,729.565,729.565,729.565,729.565,729.565,729.565,729.565,729.565,729.565,729.565,729.565,729.565,729.565,747.849,747.849,747.849,747.849,747.849,747.849,747.849,747.849,747.849,747.849,747.849,747.849,747.849,747.849,747.849,747.849,747.849,747.849,747.849,747.849
2002-07-01,,,,,,,,,,,,,,,,,,,,,,,,,,,,,,,,,,,,,,,,,,,,,,,,,,,,,,,,,,,,,,,,,,,,,,,,,,,,,,,,,,,,,,,,,,,,,,,,,,,,,,,,,,,,,,,,,,,,,,,,,,,,,,,,,,,,,,,,,,,,,,,,,,,,,,,,,,,,,,,,,,,,,,,,,,,,,,,,,,,,,,,,,,,,,556.1,556.3,556.3,556.3,556.3,556.3,556.3,556.3,701.2,701.2,701.2,701.2,701.2,701.2,687.9,687.9,687.9,687.9,687.9,687.9,687.9,687.9,698.5,698.5,698.5,698.5,698.5,698.5,698.5,698.5,698.5,698.5,698.5,698.5,698.5,698.5,698.5,698.5,698.5,698.5,698.5,698.5,698.5,698.5,698.5,698.5,698.5,698.5,698.5,698.5,698.5,698.5,698.5,698.5,676.0,676.0,676.0,676.0,676.0,676.0,676.0,676.0,676.0,676.0,676.0,676.0,676.0,676.0,676.0,676.0,676.0,676.0,676.0,676.0,676.0,676.0,676.0,676.0,676.0,676.0,676.0,676.0,676.0,676.0,676.0,676.0,676.0,716.4,716.4,716.4,716.4,716.4,716.4,716.4,716.4,716.4,716.4,716.4,716.4,716.4,716.4,716.4,716.4,716.4,716.4,716.4,716.4,716.4,716.4,716.4,716.4,716.4,716.4,716.4,716.4,716.4,716.4,716.4,716.4,716.4,716.4,716.4,716.359,716.359,716.359,716.359,716.359,716.359,752.83,752.83,752.83,752.83,752.83,752.83,752.83,752.83,752.83,752.83,752.83,752.83,752.83,752.83,752.83,752.83,752.785,752.785,752.785,752.785,752.785,752.785,752.785,752.785,752.785,752.785,752.785,752.785,752.785,752.785,752.785,752.785,752.785,752.785,752.785,752.785,752.785,752.785,752.785,752.785,772.158,772.158,772.158,772.158,772.158,772.158,772.158,772.158,772.158,772.158,772.158,772.158,772.158,772.158,772.158,772.158,772.158,772.158,772.158,772.158
2002-10-01,,,,,,,,,,,,,,,,,,,,,,,,,,,,,,,,,,,,,,,,,,,,,,,,,,,,,,,,,,,,,,,,,,,,,,,,,,,,,,,,,,,,,,,,,,,,,,,,,,,,,,,,,,,,,,,,,,,,,,,,,,,,,,,,,,,,,,,,,,,,,,,,,,,,,,,,,,,,,,,,,,,,,,,,,,,,,,,,,,,,,,,,,,,,,,,573.7,573.7,573.7,573.7,573.7,573.7,732.0,732.0,732.0,732.0,732.0,732.0,720.6,720.6,720.6,720.6,720.6,720.6,720.6,720.6,746.0,746.0,746.0,746.0,746.0,746.0,746.0,746.0,746.0,746.0,746.0,746.0,746.0,746.0,746.0,746.0,746.0,746.0,746.0,746.0,746.0,746.0,746.0,746.0,746.0,746.0,746.0,746.0,746.0,746.0,746.0,746.0,726.3,726.3,726.3,726.3,726.3,726.3,726.3,726.3,726.3,726.3,726.3,726.3,726.3,726.3,726.3,726.3,726.3,726.3,726.3,726.3,726.3,726.3,726.3,726.3,726.3,726.3,726.3,726.3,726.3,726.3,726.3,726.3,726.3,776.4,776.4,776.4,776.4,776.4,776.4,776.4,776.4,776.4,776.4,776.4,776.4,776.4,776.4,776.4,776.4,776.4,776.4,776.4,776.4,776.4,776.4,776.4,776.4,776.4,776.4,776.4,776.4,776.4,776.4,776.4,776.4,776.4,776.4,776.4,776.44,776.44,776.44,776.44,776.44,776.44,816.717,816.717,816.717,816.717,816.717,816.717,816.717,816.717,816.717,816.717,816.717,816.717,816.717,816.717,816.717,816.717,816.675,816.675,816.675,816.675,816.675,816.675,816.675,816.675,816.675,816.675,816.675,816.675,816.675,816.675,816.675,816.675,816.675,816.675,816.675,816.675,816.675,816.675,816.675,816.675,836.039,836.039,836.039,836.039,836.039,836.039,836.039,836.039,836.039,836.039,836.039,836.039,836.039,836.039,836.039,836.039,836.039,836.039,836.039,836.039
2003-01-01,,,,,,,,,,,,,,,,,,,,,,,,,,,,,,,,,,,,,,,,,,,,,,,,,,,,,,,,,,,,,,,,,,,,,,,,,,,,,,,,,,,,,,,,,,,,,,,,,,,,,,,,,,,,,,,,,,,,,,,,,,,,,,,,,,,,,,,,,,,,,,,,,,,,,,,,,,,,,,,,,,,,,,,,,,,,,,,,,,,,,,,,,,,,,,,,568.9,578.6,578.6,578.6,578.6,713.2,713.2,713.2,713.2,713.2,713.2,688.0,688.0,688.0,688.0,688.0,688.0,688.0,688.0,727.6,727.6,727.6,727.6,727.6,727.6,727.6,727.6,689.5,689.5,689.5,689.5,689.5,689.5,689.5,689.5,689.5,689.5,689.5,689.5,689.5,689.5,689.5,689.5,689.5,689.5,689.5,689.5,689.5,689.5,689.5,689.5,685.9,685.9,685.9,685.9,685.9,685.9,685.9,685.9,685.9,685.9,685.9,685.9,685.9,685.9,685.9,685.9,685.9,685.9,685.9,685.9,685.9,685.9,685.9,685.9,685.9,685.9,685.9,685.9,685.9,685.9,685.9,685.9,685.9,756.6,756.6,756.6,756.6,756.6,756.6,756.6,756.6,756.6,756.6,756.6,756.6,756.6,756.6,756.6,756.6,756.6,756.6,756.6,756.6,756.6,756.6,756.6,756.6,756.6,756.6,756.6,756.6,756.6,756.6,756.6,756.6,756.6,756.6,756.6,756.634,756.634,756.634,756.634,756.634,756.634,788.693,788.693,788.693,788.693,788.693,788.693,788.693,788.693,788.693,788.693,788.693,788.693,788.693,788.693,788.693,788.693,788.666,788.666,788.666,788.666,788.666,788.666,788.666,788.666,788.666,788.666,788.666,788.666,788.666,788.666,788.666,788.666,788.666,788.666,788.666,788.666,788.666,788.666,788.666,788.666,807.272,807.272,807.272,807.272,807.272,807.272,807.272,807.272,807.272,807.272,807.272,807.272,807.272,807.272,807.272,807.272,807.272,807.272,807.272,807.272
2003-04-01,,,,,,,,,,,,,,,,,,,,,,,,,,,,,,,,,,,,,,,,,,,,,,,,,,,,,,,,,,,,,,,,,,,,,,,,,,,,,,,,,,,,,,,,,,,,,,,,,,,,,,,,,,,,,,,,,,,,,,,,,,,,,,,,,,,,,,,,,,,,,,,,,,,,,,,,,,,,,,,,,,,,,,,,,,,,,,,,,,,,,,,,,,,,,,,,,,670.7,662.7,662.7,811.3,811.3,811.3,811.3,811.3,811.3,761.7,761.7,761.7,761.7,761.7,761.7,761.7,761.7,783.3,783.3,783.3,783.3,783.3,783.3,783.3,783.3,727.4,727.4,727.4,727.4,727.4,727.4,727.4,727.4,727.4,727.4,727.4,727.4,727.4,727.4,727.4,727.4,727.4,727.4,727.4,727.4,727.4,727.4,727.4,727.4,723.1,723.1,723.1,723.1,723.1,723.1,723.1,723.1,723.1,723.1,723.1,723.1,723.1,723.1,723.1,723.1,723.1,723.1,723.1,723.1,723.1,723.1,723.1,723.1,723.1,723.1,723.1,723.1,723.1,723.1,723.1,723.1,723.1,801.9,801.9,801.9,801.9,801.9,801.9,801.9,801.9,801.9,801.9,801.9,801.9,801.9,801.9,801.9,801.9,801.9,801.9,801.9,801.9,801.9,801.9,801.9,801.9,801.9,801.9,801.9,801.9,801.9,801.9,801.9,801.9,801.9,801.9,801.9,801.885,801.885,801.885,801.885,801.885,801.885,828.363,828.363,828.363,828.363,828.363,828.363,828.363,828.363,828.363,828.363,828.363,828.363,828.363,828.363,828.363,828.363,828.343,828.343,828.343,828.343,828.343,828.343,828.343,828.343,828.343,828.343,828.343,828.343,828.343,828.343,828.343,828.343,828.343,828.343,828.343,828.343,828.343,828.343,828.343,828.343,847.592,847.592,847.592,847.592,847.592,847.592,847.592,847.592,847.592,847.592,847.592,847.592,847.592,847.592,847.592,847.592,847.592,847.592,847.592,847.592
2003-07-01,,,,,,,,,,,,,,,,,,,,,,,,,,,,,,,,,,,,,,,,,,,,,,,,,,,,,,,,,,,,,,,,,,,,,,,,,,,,,,,,,,,,,,,,,,,,,,,,,,,,,,,,,,,,,,,,,,,,,,,,,,,,,,,,,,,,,,,,,,,,,,,,,,,,,,,,,,,,,,,,,,,,,,,,,,,,,,,,,,,,,,,,,,,,,,,,,,,,739.7,,,893.7,893.7,893.7,893.7,818.4,818.4,818.4,818.4,818.4,818.4,818.4,818.4,822.2,822.2,822.2,822.2,822.2,822.2,822.2,822.2,770.7,770.7,770.7,770.7,770.7,770.7,770.7,770.7,770.7,770.7,770.7,770.7,770.7,770.7,770.7,770.7,770.7,770.7,770.7,770.7,770.7,770.7,770.7,770.7,745.5,745.5,745.5,745.5,745.5,745.5,745.5,745.5,745.5,745.5,745.5,745.5,745.5,745.5,745.5,745.5,745.5,745.5,745.5,745.5,745.5,745.5,745.5,745.5,745.5,745.5,745.5,745.5,745.5,745.5,745.5,745.5,745.5,829.1,829.1,829.1,829.1,829.1,829.1,829.1,829.1,829.1,829.1,829.1,829.1,829.1,829.1,829.1,829.1,829.1,829.1,829.1,829.1,829.1,829.1,829.1,829.1,829.1,829.1,829.1,829.1,829.1,829.1,829.1,829.1,829.1,829.1,829.1,829.139,829.139,829.139,829.139,829.139,829.139,858.065,858.065,858.065,858.065,858.065,858.065,858.065,858.065,858.065,858.065,858.065,858.065,858.065,858.065,858.065,858.065,858.038,858.038,858.038,858.038,858.038,858.038,858.038,858.038,858.038,858.038,858.038,858.038,858.038,858.038,858.038,858.038,858.038,858.038,858.038,858.038,858.038,858.038,858.038,858.038,879.966,879.966,879.966,879.966,879.966,879.966,879.966,879.966,879.966,879.966,879.966,879.966,879.966,879.966,879.966,879.966,879.966,879.966,879.966,879.966
2003-10-01,,,,,,,,,,,,,,,,,,,,,,,,,,,,,,,,,,,,,,,,,,,,,,,,,,,,,,,,,,,,,,,,,,,,,,,,,,,,,,,,,,,,,,,,,,,,,,,,,,,,,,,,,,,,,,,,,,,,,,,,,,,,,,,,,,,,,,,,,,,,,,,,,,,,,,,,,,,,,,,,,,,,,,,,,,,,,,,,,,,,,,,,,,,,,,,,,,,,,,,,961.9,961.9,961.9,876.8,876.8,876.8,876.8,876.8,876.8,876.8,876.8,865.6,865.6,865.6,865.6,865.6,865.6,865.6,865.6,811.8,811.8,811.8,811.8,811.8,811.8,811.8,811.8,811.8,811.8,811.8,811.8,811.8,811.8,811.8,811.8,811.8,811.8,811.8,811.8,811.8,811.8,811.8,811.8,781.6,781.6,781.6,781.6,781.6,781.6,781.6,781.6,781.6,781.6,781.6,781.6,781.6,781.6,781.6,781.6,781.6,781.6,781.6,781.6,781.6,781.6,781.6,781.6,781.6,781.6,781.6,781.6,781.6,781.6,781.6,781.6,781.6,862.8,862.8,862.8,862.8,862.8,862.8,862.8,862.8,862.8,862.8,862.8,862.8,862.8,862.8,862.8,862.8,862.8,862.8,862.8,862.8,862.8,862.8,862.8,862.8,862.8,862.8,862.8,862.8,862.8,862.8,862.8,862.8,862.8,862.8,862.8,862.774,862.774,862.774,862.774,862.774,862.774,894.909,894.909,894.909,894.909,894.909,894.909,894.909,894.909,894.909,894.909,894.909,894.909,894.909,894.909,894.909,894.909,894.897,894.897,894.897,894.897,894.897,894.897,894.897,894.897,894.897,894.897,894.897,894.897,894.897,894.897,894.897,894.897,894.897,894.897,894.897,894.897,894.897,894.897,894.897,894.897,918.387,918.387,918.387,918.387,918.387,918.387,918.387,918.387,918.387,918.387,918.387,918.387,918.387,918.387,918.387,918.387,918.387,918.387,918.387,918.387
2004-01-01,,,,,,,,,,,,,,,,,,,,,,,,,,,,,,,,,,,,,,,,,,,,,,,,,,,,,,,,,,,,,,,,,,,,,,,,,,,,,,,,,,,,,,,,,,,,,,,,,,,,,,,,,,,,,,,,,,,,,,,,,,,,,,,,,,,,,,,,,,,,,,,,,,,,,,,,,,,,,,,,,,,,,,,,,,,,,,,,,,,,,,,,,,,,,,,,,,,,,,,,,975.2,982.3,909.1,909.1,909.1,909.1,909.1,909.1,909.1,909.1,889.4,889.4,889.4,889.4,889.4,889.4,889.4,889.4,876.8,876.8,876.8,876.8,876.8,876.8,876.8,876.8,901.5,901.5,901.5,901.5,901.5,901.5,901.5,901.5,901.5,901.5,901.5,901.5,901.5,901.5,901.5,901.5,909.6,909.6,909.6,909.6,909.6,909.6,909.6,909.6,909.6,909.6,909.6,909.6,909.6,909.6,909.6,909.6,909.6,909.6,909.6,909.6,909.6,909.6,909.6,909.6,909.6,909.6,909.6,909.6,909.6,909.6,909.6,909.6,909.6,961.1,961.1,961.1,961.1,961.1,961.1,961.1,961.1,961.1,961.1,961.1,961.1,961.1,961.1,961.1,961.1,961.1,961.1,961.1,961.1,961.1,961.1,961.1,961.1,961.1,961.1,961.1,961.1,961.1,961.1,961.1,961.1,961.1,961.1,961.1,961.082,961.082,961.082,961.082,961.082,961.082,990.952,990.952,990.952,990.952,990.952,990.952,990.952,990.952,990.952,990.952,990.952,990.952,990.952,990.952,990.952,990.952,990.974,990.974,990.974,990.974,990.974,990.974,990.974,990.974,990.974,990.974,990.974,990.974,990.974,990.974,990.974,990.974,990.974,990.974,990.974,990.974,990.974,990.974,990.974,990.974,1017.183,1017.183,1017.183,1017.183,1017.183,1017.183,1017.183,1017.183,1017.183,1017.183,1017.183,1017.183,1017.183,1017.183,1017.183,1017.183,1017.183,1017.183,1017.183,1017.183
2004-04-01,,,,,,,,,,,,,,,,,,,,,,,,,,,,,,,,,,,,,,,,,,,,,,,,,,,,,,,,,,,,,,,,,,,,,,,,,,,,,,,,,,,,,,,,,,,,,,,,,,,,,,,,,,,,,,,,,,,,,,,,,,,,,,,,,,,,,,,,,,,,,,,,,,,,,,,,,,,,,,,,,,,,,,,,,,,,,,,,,,,,,,,,,,,,,,,,,,,,,,,,,,,,897.8,902.7,902.7,902.7,902.7,902.7,902.7,887.3,887.3,887.3,887.3,887.3,887.3,887.3,887.3,880.2,880.2,880.2,880.2,880.2,880.2,880.2,880.2,920.3,920.3,920.3,920.3,920.3,920.3,920.3,920.3,920.3,920.3,920.3,920.3,920.3,920.3,920.3,920.3,928.7,928.7,928.7,928.7,928.7,928.7,928.7,928.7,928.7,928.7,928.7,928.7,928.7,928.7,928.7,928.7,928.7,928.7,928.7,928.7,928.7,928.7,928.7,928.7,928.7,928.7,928.7,928.7,928.7,928.7,928.7,928.7,928.7,968.6,968.6,968.6,968.6,968.6,968.6,968.6,968.6,968.6,968.6,968.6,968.6,968.6,968.6,968.6,968.6,968.6,968.6,968.6,968.6,968.6,968.6,968.6,968.6,968.6,968.6,968.6,968.6,968.6,968.6,968.6,968.6,968.6,968.6,968.6,968.595,968.595,968.595,968.595,968.595,968.595,1000.058,1000.058,1000.058,1000.058,1000.058,1000.058,1000.058,1000.058,1000.058,1000.058,1000.058,1000.058,1000.058,1000.058,1000.058,1000.058,1000.078,1000.078,1000.078,1000.078,1000.078,1000.078,1000.078,1000.078,1000.078,1000.078,1000.078,1000.078,1000.078,1000.078,1000.078,1000.078,1000.078,1000.078,1000.078,1000.078,1000.078,1000.078,1000.078,1000.078,1029.643,1029.643,1029.643,1029.643,1029.643,1029.643,1029.643,1029.643,1029.643,1029.643,1029.643,1029.643,1029.643,1029.643,1029.643,1029.643,1029.643,1029.643,1029.643,1029.643
2004-07-01,,,,,,,,,,,,,,,,,,,,,,,,,,,,,,,,,,,,,,,,,,,,,,,,,,,,,,,,,,,,,,,,,,,,,,,,,,,,,,,,,,,,,,,,,,,,,,,,,,,,,,,,,,,,,,,,,,,,,,,,,,,,,,,,,,,,,,,,,,,,,,,,,,,,,,,,,,,,,,,,,,,,,,,,,,,,,,,,,,,,,,,,,,,,,,,,,,,,,,,,,,,,,,884.9,864.7,864.7,864.7,864.7,858.2,858.2,858.2,858.2,858.2,858.2,858.2,858.2,856.2,856.2,856.2,856.2,856.2,856.2,856.2,856.2,916.2,916.2,916.2,916.2,916.2,916.2,916.2,916.2,916.2,916.2,916.2,916.2,916.2,916.2,916.2,916.2,971.8,971.8,971.8,971.8,971.8,971.8,971.8,971.8,971.8,971.8,971.8,971.8,971.8,971.8,971.8,971.8,971.8,971.8,971.8,971.8,971.8,971.8,971.8,971.8,971.8,971.8,971.8,971.8,971.8,971.8,971.8,971.8,971.8,1005.3,1005.3,1005.3,1005.3,1005.3,1005.3,1005.3,1005.3,1005.3,1005.3,1005.3,1005.3,1005.3,1005.3,1005.3,1005.3,1005.3,1005.3,1005.3,1005.3,1005.3,1005.3,1005.3,1005.3,1005.3,1005.3,1005.3,1005.3,1005.3,1005.3,1005.3,1005.3,1005.3,1005.3,1005.3,1005.251,1005.251,1005.251,1005.251,1005.251,1005.251,1037.663,1037.663,1037.663,1037.663,1037.663,1037.663,1037.663,1037.663,1037.663,1037.663,1037.663,1037.663,1037.663,1037.663,1037.663,1037.663,1037.668,1037.668,1037.668,1037.668,1037.668,1037.668,1037.668,1037.668,1037.668,1037.668,1037.668,1037.668,1037.668,1037.668,1037.668,1037.668,1037.668,1037.668,1037.668,1037.668,1037.668,1037.668,1037.668,1037.668,1071.377,1071.377,1071.377,1071.377,1071.377,1071.377,1071.377,1071.377,1071.377,1071.377,1071.377,1071.377,1071.377,1071.377,1071.377,1071.377,1071.377,1071.377,1071.377,1071.377
2004-10-01,,,,,,,,,,,,,,,,,,,,,,,,,,,,,,,,,,,,,,,,,,,,,,,,,,,,,,,,,,,,,,,,,,,,,,,,,,,,,,,,,,,,,,,,,,,,,,,,,,,,,,,,,,,,,,,,,,,,,,,,,,,,,,,,,,,,,,,,,,,,,,,,,,,,,,,,,,,,,,,,,,,,,,,,,,,,,,,,,,,,,,,,,,,,,,,,,,,,,,,,,,,,,,,,973.0,973.0,973.0,926.4,926.4,926.4,926.4,926.4,926.4,926.4,926.4,916.8,916.8,916.8,916.8,916.8,916.8,916.8,916.8,957.4,957.4,957.4,957.4,957.4,957.4,957.4,957.4,957.4,957.4,957.4,957.4,957.4,957.4,957.4,957.4,953.3,953.3,953.3,953.3,953.3,953.3,953.3,953.3,953.3,953.3,953.3,953.3,953.3,953.3,953.3,953.3,953.3,953.3,953.3,953.3,953.3,953.3,953.3,953.3,953.3,953.3,953.3,953.3,953.3,953.3,953.3,953.3,953.3,974.1,974.1,974.1,974.1,974.1,974.1,974.1,974.1,974.1,974.1,974.1,974.1,974.1,974.1,974.1,974.1,974.1,974.1,974.1,974.1,974.1,974.1,974.1,974.1,974.1,974.1,974.1,974.1,974.1,974.1,974.1,974.1,974.1,974.1,974.1,974.076,974.076,974.076,974.076,974.076,974.076,1014.486,1014.486,1014.486,1014.486,1014.486,1014.486,1014.486,1014.486,1014.486,1014.486,1014.486,1014.486,1014.486,1014.486,1014.486,1014.486,1014.537,1014.537,1014.537,1014.537,1014.537,1014.537,1014.537,1014.537,1014.537,1014.537,1014.537,1014.537,1014.537,1014.537,1014.537,1014.537,1014.537,1014.537,1014.537,1014.537,1014.537,1014.537,1014.537,1014.537,1049.924,1049.924,1049.924,1049.924,1049.924,1049.924,1049.924,1049.924,1049.924,1049.924,1049.924,1049.924,1049.924,1049.924,1049.924,1049.924,1049.924,1049.924,1049.924,1049.924
2005-01-01,,,,,,,,,,,,,,,,,,,,,,,,,,,,,,,,,,,,,,,,,,,,,,,,,,,,,,,,,,,,,,,,,,,,,,,,,,,,,,,,,,,,,,,,,,,,,,,,,,,,,,,,,,,,,,,,,,,,,,,,,,,,,,,,,,,,,,,,,,,,,,,,,,,,,,,,,,,,,,,,,,,,,,,,,,,,,,,,,,,,,,,,,,,,,,,,,,,,,,,,,,,,,,,,,983.0,984.9,925.6,925.6,925.6,925.6,925.6,925.6,925.6,925.6,919.0,919.0,919.0,919.0,919.0,919.0,919.0,919.0,987.7,987.7,987.7,987.7,987.7,987.7,987.7,987.7,1031.0,1031.0,1031.0,1031.0,1031.0,1031.0,1031.0,1031.0,1003.1,1003.1,1003.1,1003.1,1003.1,1003.1,1003.1,1003.1,1003.1,1003.1,1003.1,1003.1,1003.1,1003.1,1003.1,1003.1,1003.1,1003.1,1003.1,1003.1,1003.1,1003.1,1003.1,1003.1,1003.1,1003.1,1003.1,1003.1,1003.1,1003.1,1003.1,1003.1,1003.1,1022.7,1022.7,1022.7,1022.7,1022.7,1022.7,1022.7,1022.7,1022.7,1022.7,1022.7,1022.7,1022.7,1022.7,1022.7,1022.7,1022.7,1022.7,1022.7,1022.7,1022.7,1022.7,1022.7,1022.7,1022.7,1022.7,1022.7,1022.7,1022.7,1022.7,1022.7,1022.7,1022.7,1022.7,1022.7,1022.671,1022.671,1022.671,1022.671,1022.671,1022.671,1066.248,1066.248,1066.248,1066.248,1066.248,1066.248,1066.248,1066.248,1066.248,1066.248,1066.248,1066.248,1066.248,1066.248,1066.248,1066.248,1066.312,1066.312,1066.312,1066.312,1066.312,1066.312,1066.312,1066.312,1066.312,1066.312,1066.312,1066.312,1066.312,1066.312,1066.312,1066.312,1066.312,1066.312,1066.312,1066.312,1066.312,1066.312,1066.312,1066.312,1104.414,1104.414,1104.414,1104.414,1104.414,1104.414,1104.414,1104.414,1104.414,1104.414,1104.414,1104.414,1104.414,1104.414,1104.414,1104.414,1104.414,1104.414,1104.414,1104.414
2005-04-01,,,,,,,,,,,,,,,,,,,,,,,,,,,,,,,,,,,,,,,,,,,,,,,,,,,,,,,,,,,,,,,,,,,,,,,,,,,,,,,,,,,,,,,,,,,,,,,,,,,,,,,,,,,,,,,,,,,,,,,,,,,,,,,,,,,,,,,,,,,,,,,,,,,,,,,,,,,,,,,,,,,,,,,,,,,,,,,,,,,,,,,,,,,,,,,,,,,,,,,,,,,,,,,,,,,,989.2,975.0,975.0,975.0,975.0,975.0,975.0,950.1,950.1,950.1,950.1,950.1,950.1,950.1,950.1,1010.3,1010.3,1010.3,1010.3,1010.3,1010.3,1010.3,1010.3,1060.4,1060.4,1060.4,1060.4,1060.4,1060.4,1060.4,1060.4,1033.3,1033.3,1033.3,1033.3,1033.3,1033.3,1033.3,1033.3,1033.3,1033.3,1033.3,1033.3,1033.3,1033.3,1033.3,1033.3,1033.3,1033.3,1033.3,1033.3,1033.3,1033.3,1033.3,1033.3,1033.3,1033.3,1033.3,1033.3,1033.3,1033.3,1033.3,1033.3,1033.3,1050.4,1050.4,1050.4,1050.4,1050.4,1050.4,1050.4,1050.4,1050.4,1050.4,1050.4,1050.4,1050.4,1050.4,1050.4,1050.4,1050.4,1050.4,1050.4,1050.4,1050.4,1050.4,1050.4,1050.4,1050.4,1050.4,1050.4,1050.4,1050.4,1050.4,1050.4,1050.4,1050.4,1050.4,1050.4,1050.352,1050.352,1050.352,1050.352,1050.352,1050.352,1092.942,1092.942,1092.942,1092.942,1092.942,1092.942,1092.942,1092.942,1092.942,1092.942,1092.942,1092.942,1092.942,1092.942,1092.942,1092.942,1093.018,1093.018,1093.018,1093.018,1093.018,1093.018,1093.018,1093.018,1093.018,1093.018,1093.018,1093.018,1093.018,1093.018,1093.018,1093.018,1093.018,1093.018,1093.018,1093.018,1093.018,1093.018,1093.018,1093.018,1133.053,1133.053,1133.053,1133.053,1133.053,1133.053,1133.053,1133.053,1133.053,1133.053,1133.053,1133.053,1133.053,1133.053,1133.053,1133.053,1133.053,1133.053,1133.053,1133.053
2005-07-01,,,,,,,,,,,,,,,,,,,,,,,,,,,,,,,,,,,,,,,,,,,,,,,,,,,,,,,,,,,,,,,,,,,,,,,,,,,,,,,,,,,,,,,,,,,,,,,,,,,,,,,,,,,,,,,,,,,,,,,,,,,,,,,,,,,,,,,,,,,,,,,,,,,,,,,,,,,,,,,,,,,,,,,,,,,,,,,,,,,,,,,,,,,,,,,,,,,,,,,,,,,,,,,,,,,,,,938.5,932.8,932.8,932.8,932.8,887.5,887.5,887.5,887.5,887.5,887.5,887.5,887.5,924.8,924.8,924.8,924.8,924.8,924.8,924.8,924.8,956.2,956.2,956.2,956.2,956.2,956.2,956.2,956.2,1051.6,1051.6,1051.6,1051.6,1051.6,1051.6,1051.6,1051.6,1051.6,1051.6,1051.6,1051.6,1051.6,1051.6,1051.6,1051.6,1051.6,1051.6,1051.6,1051.6,1051.6,1051.6,1051.6,1051.6,1051.6,1051.6,1051.6,1051.6,1051.6,1051.6,1051.6,1051.6,1051.6,1071.2,1071.2,1071.2,1071.2,1071.2,1071.2,1071.2,1071.2,1071.2,1071.2,1071.2,1071.2,1071.2,1071.2,1071.2,1071.2,1071.2,1071.2,1071.2,1071.2,1071.2,1071.2,1071.2,1071.2,1071.2,1071.2,1071.2,1071.2,1071.2,1071.2,1071.2,1071.2,1071.2,1071.2,1071.2,1071.199,1071.199,1071.199,1071.199,1071.199,1071.199,1112.727,1112.727,1112.727,1112.727,1112.727,1112.727,1112.727,1112.727,1112.727,1112.727,1112.727,1112.727,1112.727,1112.727,1112.727,1112.727,1112.78,1112.78,1112.78,1112.78,1112.78,1112.78,1112.78,1112.78,1112.78,1112.78,1112.78,1112.78,1112.78,1112.78,1112.78,1112.78,1112.78,1112.78,1112.78,1112.78,1112.78,1112.78,1112.78,1112.78,1155.571,1155.571,1155.571,1155.571,1155.571,1155.571,1155.571,1155.571,1155.571,1155.571,1155.571,1155.571,1155.571,1155.571,1155.571,1155.571,1155.571,1155.571,1155.571,1155.571
2005-10-01,,,,,,,,,,,,,,,,,,,,,,,,,,,,,,,,,,,,,,,,,,,,,,,,,,,,,,,,,,,,,,,,,,,,,,,,,,,,,,,,,,,,,,,,,,,,,,,,,,,,,,,,,,,,,,,,,,,,,,,,,,,,,,,,,,,,,,,,,,,,,,,,,,,,,,,,,,,,,,,,,,,,,,,,,,,,,,,,,,,,,,,,,,,,,,,,,,,,,,,,,,,,,,,,,,,,,,,,1061.8,1061.8,1061.8,968.9,968.9,968.9,968.9,968.9,968.9,968.9,968.9,996.8,996.8,996.8,996.8,996.8,996.8,996.8,996.8,1089.4,1089.4,1089.4,1089.4,1089.4,1089.4,1089.4,1089.4,1086.8,1086.8,1086.8,1086.8,1086.8,1086.8,1086.8,1086.8,1086.8,1086.8,1086.8,1086.8,1086.8,1086.8,1086.8,1086.8,1086.8,1086.8,1086.8,1086.8,1086.8,1086.8,1086.8,1086.8,1086.8,1086.8,1086.8,1086.8,1086.8,1086.8,1086.8,1086.8,1086.8,1117.2,1117.2,1117.2,1117.2,1117.2,1117.2,1117.2,1117.2,1117.2,1117.2,1117.2,1117.2,1117.2,1117.2,1117.2,1117.2,1117.2,1117.2,1117.2,1117.2,1117.2,1117.2,1117.2,1117.2,1117.2,1117.2,1117.2,1117.2,1117.2,1117.2,1117.2,1117.2,1117.2,1117.2,1117.2,1117.155,1117.155,1117.155,1117.155,1117.155,1117.155,1163.334,1163.334,1163.334,1163.334,1163.334,1163.334,1163.334,1163.334,1163.334,1163.334,1163.334,1163.334,1163.334,1163.334,1163.334,1163.334,1163.425,1163.425,1163.425,1163.425,1163.425,1163.425,1163.425,1163.425,1163.425,1163.425,1163.425,1163.425,1163.425,1163.425,1163.425,1163.425,1163.425,1163.425,1163.425,1163.425,1163.425,1163.425,1163.425,1163.425,1208.145,1208.145,1208.145,1208.145,1208.145,1208.145,1208.145,1208.145,1208.145,1208.145,1208.145,1208.145,1208.145,1208.145,1208.145,1208.145,1208.145,1208.145,1208.145,1208.145
2006-01-01,,,,,,,,,,,,,,,,,,,,,,,,,,,,,,,,,,,,,,,,,,,,,,,,,,,,,,,,,,,,,,,,,,,,,,,,,,,,,,,,,,,,,,,,,,,,,,,,,,,,,,,,,,,,,,,,,,,,,,,,,,,,,,,,,,,,,,,,,,,,,,,,,,,,,,,,,,,,,,,,,,,,,,,,,,,,,,,,,,,,,,,,,,,,,,,,,,,,,,,,,,,,,,,,,,,,,,,,,1155.1,1207.9,1112.1,1112.1,1112.1,1112.1,1112.1,1112.1,1112.1,1112.1,1082.6,1082.6,1082.6,1082.6,1082.6,1082.6,1082.6,1082.6,1180.3,1180.3,1180.3,1180.3,1180.3,1180.3,1180.3,1180.3,1130.2,1130.2,1130.2,1130.2,1130.2,1130.2,1130.2,1130.2,1130.2,1130.2,1130.2,1130.2,1130.2,1130.2,1130.2,1130.2,1130.2,1130.2,1130.2,1130.2,1130.2,1130.2,1130.2,1130.2,1130.2,1130.2,1130.2,1130.2,1130.2,1130.2,1130.2,1130.2,1130.2,1166.7,1166.7,1166.7,1166.7,1166.7,1166.7,1166.7,1166.7,1166.7,1166.7,1166.7,1166.7,1166.7,1166.7,1166.7,1166.7,1166.7,1166.7,1166.7,1166.7,1166.7,1166.7,1166.7,1166.7,1166.7,1166.7,1166.7,1166.7,1166.7,1166.7,1166.7,1166.7,1166.7,1166.7,1166.7,1166.709,1166.709,1166.709,1166.709,1166.709,1166.709,1207.951,1207.951,1207.951,1207.951,1207.951,1207.951,1207.951,1207.951,1207.951,1207.951,1207.951,1207.951,1207.951,1207.951,1207.951,1207.951,1208.233,1208.233,1208.233,1208.233,1208.233,1208.233,1208.233,1208.233,1208.233,1208.233,1208.233,1208.233,1208.233,1208.233,1208.233,1208.233,1208.233,1208.233,1208.233,1208.233,1208.233,1208.233,1208.233,1208.233,1254.443,1254.443,1254.443,1254.443,1254.443,1254.443,1254.443,1254.443,1254.443,1254.443,1254.443,1254.443,1254.443,1254.443,1254.443,1254.443,1254.443,1254.443,1254.443,1254.443
2006-04-01,,,,,,,,,,,,,,,,,,,,,,,,,,,,,,,,,,,,,,,,,,,,,,,,,,,,,,,,,,,,,,,,,,,,,,,,,,,,,,,,,,,,,,,,,,,,,,,,,,,,,,,,,,,,,,,,,,,,,,,,,,,,,,,,,,,,,,,,,,,,,,,,,,,,,,,,,,,,,,,,,,,,,,,,,,,,,,,,,,,,,,,,,,,,,,,,,,,,,,,,,,,,,,,,,,,,,,,,,,,,1135.2,1115.7,1115.7,1115.7,1115.7,1115.7,1115.7,1115.6,1115.6,1115.6,1115.6,1115.6,1115.6,1115.6,1115.6,1206.8,1206.8,1206.8,1206.8,1206.8,1206.8,1206.8,1206.8,1122.6,1122.6,1122.6,1122.6,1122.6,1122.6,1122.6,1122.6,1122.6,1122.6,1122.6,1122.6,1122.6,1122.6,1122.6,1122.6,1122.6,1122.6,1122.6,1122.6,1122.6,1122.6,1122.6,1122.6,1122.6,1122.6,1122.6,1122.6,1122.6,1122.6,1122.6,1122.6,1122.6,1174.0,1174.0,1174.0,1174.0,1174.0,1174.0,1174.0,1174.0,1174.0,1174.0,1174.0,1174.0,1174.0,1174.0,1174.0,1174.0,1174.0,1174.0,1174.0,1174.0,1174.0,1174.0,1174.0,1174.0,1174.0,1174.0,1174.0,1174.0,1174.0,1174.0,1174.0,1174.0,1174.0,1174.0,1174.0,1174.023,1174.023,1174.023,1174.023,1174.023,1174.023,1210.179,1210.179,1210.179,1210.179,1210.179,1210.179,1210.179,1210.179,1210.179,1210.179,1210.179,1210.179,1210.179,1210.179,1210.179,1210.179,1210.472,1210.472,1210.472,1210.472,1210.472,1210.472,1210.472,1210.472,1210.472,1210.472,1210.472,1210.472,1210.472,1210.472,1210.472,1210.472,1210.472,1210.472,1210.472,1210.472,1210.472,1210.472,1210.472,1210.472,1258.593,1258.593,1258.593,1258.593,1258.593,1258.593,1258.593,1258.593,1258.593,1258.593,1258.593,1258.593,1258.593,1258.593,1258.593,1258.593,1258.593,1258.593,1258.593,1258.593
2006-07-01,,,,,,,,,,,,,,,,,,,,,,,,,,,,,,,,,,,,,,,,,,,,,,,,,,,,,,,,,,,,,,,,,,,,,,,,,,,,,,,,,,,,,,,,,,,,,,,,,,,,,,,,,,,,,,,,,,,,,,,,,,,,,,,,,,,,,,,,,,,,,,,,,,,,,,,,,,,,,,,,,,,,,,,,,,,,,,,,,,,,,,,,,,,,,,,,,,,,,,,,,,,,,,,,,,,,,,,,,,,,,,1166.8,1162.7,1162.7,1162.7,1162.7,1122.1,1122.1,1122.1,1122.1,1122.1,1122.1,1122.1,1122.1,1226.6,1226.6,1226.6,1226.6,1226.6,1226.6,1226.6,1226.6,1158.5,1158.5,1158.5,1158.5,1158.5,1158.5,1158.5,1158.5,1158.5,1158.5,1158.5,1158.5,1158.5,1158.5,1158.5,1158.5,1158.5,1158.5,1158.5,1158.5,1158.5,1158.5,1158.5,1158.5,1158.5,1158.5,1158.5,1158.5,1158.5,1158.5,1158.5,1158.5,1158.5,1196.8,1196.8,1196.8,1196.8,1196.8,1196.8,1196.8,1196.8,1196.8,1196.8,1196.8,1196.8,1196.8,1196.8,1196.8,1196.8,1196.8,1196.8,1196.8,1196.8,1196.8,1196.8,1196.8,1196.8,1196.8,1196.8,1196.8,1196.8,1196.8,1196.8,1196.8,1196.8,1196.8,1196.8,1196.8,1196.837,1196.837,1196.837,1196.837,1196.837,1196.837,1237.147,1237.147,1237.147,1237.147,1237.147,1237.147,1237.147,1237.147,1237.147,1237.147,1237.147,1237.147,1237.147,1237.147,1237.147,1237.147,1237.405,1237.405,1237.405,1237.405,1237.405,1237.405,1237.405,1237.405,1237.405,1237.405,1237.405,1237.405,1237.405,1237.405,1237.405,1237.405,1237.405,1237.405,1237.405,1237.405,1237.405,1237.405,1237.405,1237.405,1288.079,1288.079,1288.079,1288.079,1288.079,1288.079,1288.079,1288.079,1288.079,1288.079,1288.079,1288.079,1288.079,1288.079,1288.079,1288.079,1288.079,1288.079,1288.079,1288.079
2006-10-01,,,,,,,,,,,,,,,,,,,,,,,,,,,,,,,,,,,,,,,,,,,,,,,,,,,,,,,,,,,,,,,,,,,,,,,,,,,,,,,,,,,,,,,,,,,,,,,,,,,,,,,,,,,,,,,,,,,,,,,,,,,,,,,,,,,,,,,,,,,,,,,,,,,,,,,,,,,,,,,,,,,,,,,,,,,,,,,,,,,,,,,,,,,,,,,,,,,,,,,,,,,,,,,,,,,,,,,,,,,,,,,,1172.3,1172.3,1172.3,1078.8,1078.8,1078.8,1078.8,1078.8,1078.8,1078.8,1078.8,1184.8,1184.8,1184.8,1184.8,1184.8,1184.8,1184.8,1184.8,1128.8,1128.8,1128.8,1128.8,1128.8,1128.8,1128.8,1128.8,1128.8,1128.8,1128.8,1128.8,1128.8,1128.8,1128.8,1128.8,1128.8,1128.8,1128.8,1128.8,1128.8,1128.8,1128.8,1128.8,1128.8,1128.8,1128.8,1128.8,1128.8,1128.8,1128.8,1128.8,1128.8,1155.0,1155.0,1155.0,1155.0,1155.0,1155.0,1155.0,1155.0,1155.0,1155.0,1155.0,1155.0,1155.0,1155.0,1155.0,1155.0,1155.0,1155.0,1155.0,1155.0,1155.0,1155.0,1155.0,1155.0,1155.0,1155.0,1155.0,1155.0,1155.0,1155.0,1155.0,1155.0,1155.0,1155.0,1155.0,1155.017,1155.017,1155.017,1155.017,1155.017,1155.017,1208.061,1208.061,1208.061,1208.061,1208.061,1208.061,1208.061,1208.061,1208.061,1208.061,1208.061,1208.061,1208.061,1208.061,1208.061,1208.061,1208.362,1208.362,1208.362,1208.362,1208.362,1208.362,1208.362,1208.362,1208.362,1208.362,1208.362,1208.362,1208.362,1208.362,1208.362,1208.362,1208.362,1208.362,1208.362,1208.362,1208.362,1208.362,1208.362,1208.362,1262.717,1262.717,1262.717,1262.717,1262.717,1262.717,1262.717,1262.717,1262.717,1262.717,1262.717,1262.717,1262.717,1262.717,1262.717,1262.717,1262.717,1262.717,1262.717,1262.717
2007-01-01,,,,,,,,,,,,,,,,,,,,,,,,,,,,,,,,,,,,,,,,,,,,,,,,,,,,,,,,,,,,,,,,,,,,,,,,,,,,,,,,,,,,,,,,,,,,,,,,,,,,,,,,,,,,,,,,,,,,,,,,,,,,,,,,,,,,,,,,,,,,,,,,,,,,,,,,,,,,,,,,,,,,,,,,,,,,,,,,,,,,,,,,,,,,,,,,,,,,,,,,,,,,,,,,,,,,,,,,,,,,,,,,,1183.7,1191.7,1095.2,1095.2,1095.2,1095.2,1095.2,1095.2,1095.2,1095.2,1169.3,1169.3,1169.3,1169.3,1169.3,1169.3,1169.3,1169.3,1065.9,1065.9,1065.9,1065.9,1065.9,1065.9,1065.9,1065.9,1065.9,1041.4,1041.4,1041.4,1041.4,1041.4,1041.4,1041.4,1041.4,1041.4,1041.4,1041.4,1041.4,1041.4,1041.4,1041.4,1041.4,1041.4,1041.4,1041.4,1041.4,1041.4,1041.4,1041.4,1041.4,1056.8,1056.8,1056.8,1056.8,1056.8,1056.8,1056.8,1056.8,1056.8,1056.8,1056.8,1056.8,1056.8,1056.8,1056.8,1056.8,1056.8,1056.8,1056.8,1056.8,1056.8,1056.8,1056.8,1056.8,1056.8,1056.8,1056.8,1056.8,1056.8,1056.8,1056.8,1056.8,1056.8,1056.8,1056.8,1056.758,1056.758,1056.758,1056.758,1056.758,1056.758,1109.917,1109.917,1109.917,1109.917,1109.917,1109.917,1109.917,1109.917,1109.917,1109.917,1109.917,1109.917,1109.917,1109.917,1109.917,1109.917,1110.222,1110.222,1110.222,1110.222,1110.222,1110.222,1110.222,1110.222,1110.222,1110.222,1110.222,1110.222,1110.222,1110.222,1110.222,1110.222,1110.222,1110.222,1110.222,1110.222,1110.222,1110.222,1110.222,1110.222,1168.768,1168.768,1168.768,1168.768,1168.768,1168.768,1168.768,1168.768,1168.768,1168.768,1168.768,1168.768,1168.768,1168.768,1168.768,1168.768,1168.768,1168.768,1168.768,1168.768
2007-04-01,,,,,,,,,,,,,,,,,,,,,,,,,,,,,,,,,,,,,,,,,,,,,,,,,,,,,,,,,,,,,,,,,,,,,,,,,,,,,,,,,,,,,,,,,,,,,,,,,,,,,,,,,,,,,,,,,,,,,,,,,,,,,,,,,,,,,,,,,,,,,,,,,,,,,,,,,,,,,,,,,,,,,,,,,,,,,,,,,,,,,,,,,,,,,,,,,,,,,,,,,,,,,,,,,,,,,,,,,,,,,,,,,,,,1154.1,1152.2,1152.2,1152.2,1152.2,1152.2,1152.2,1204.0,1204.0,1204.0,1204.0,1204.0,1204.0,1204.0,1204.0,1128.4,1128.4,1128.4,1128.4,1128.4,1128.4,1128.4,1128.4,1128.4,1097.4,1097.4,1097.4,1097.4,1097.4,1097.4,1097.4,1097.4,1097.4,1097.4,1097.4,1097.4,1097.4,1097.4,1097.4,1097.4,1097.4,1097.4,1097.4,1097.4,1097.4,1097.4,1097.4,1097.4,1128.8,1128.8,1128.8,1128.8,1128.8,1128.8,1128.8,1128.8,1128.8,1128.8,1128.8,1128.8,1128.8,1128.8,1128.8,1128.8,1128.8,1128.8,1128.8,1128.8,1128.8,1128.8,1128.8,1128.8,1128.8,1128.8,1128.8,1128.8,1128.8,1128.8,1128.8,1128.8,1128.8,1128.8,1128.8,1128.79,1128.79,1128.79,1128.79,1128.79,1128.79,1179.357,1179.357,1179.357,1179.357,1179.357,1179.357,1179.357,1179.357,1179.357,1179.357,1179.357,1179.357,1179.357,1179.357,1179.357,1179.357,1179.661,1179.661,1179.661,1179.661,1179.661,1179.661,1179.661,1179.661,1179.661,1179.661,1179.661,1179.661,1179.661,1179.661,1179.661,1179.661,1179.661,1179.661,1179.661,1179.661,1179.661,1179.661,1179.661,1179.661,1241.923,1241.923,1241.923,1241.923,1241.923,1241.923,1241.923,1241.923,1241.923,1241.923,1241.923,1241.923,1241.923,1241.923,1241.923,1241.923,1241.923,1241.923,1241.923,1241.923
2007-07-01,,,,,,,,,,,,,,,,,,,,,,,,,,,,,,,,,,,,,,,,,,,,,,,,,,,,,,,,,,,,,,,,,,,,,,,,,,,,,,,,,,,,,,,,,,,,,,,,,,,,,,,,,,,,,,,,,,,,,,,,,,,,,,,,,,,,,,,,,,,,,,,,,,,,,,,,,,,,,,,,,,,,,,,,,,,,,,,,,,,,,,,,,,,,,,,,,,,,,,,,,,,,,,,,,,,,,,,,,,,,,,,,,,,,,,1152.1,1152.5,1152.5,1152.5,1152.5,1217.3,1217.3,1217.3,1217.3,1217.3,1217.3,1217.3,1217.3,1097.1,1097.1,1097.1,1097.1,1097.1,1097.1,1097.1,1097.1,1097.1,1070.0,1070.0,1070.0,1070.0,1070.0,1070.0,1070.0,1070.0,1070.0,1070.0,1070.0,1070.0,1070.0,1070.0,1070.0,1070.0,1070.0,1070.0,1070.0,1070.0,1070.0,1070.0,1070.0,1070.0,1087.1,1087.1,1087.1,1087.1,1087.1,1087.1,1087.1,1087.1,1087.1,1087.1,1087.1,1087.1,1087.1,1087.1,1087.1,1087.1,1087.1,1087.1,1087.1,1087.1,1087.1,1087.1,1087.1,1087.1,1087.1,1087.1,1087.1,1087.1,1087.1,1087.1,1087.1,1087.1,1087.1,1087.1,1087.1,1087.053,1087.053,1087.053,1087.053,1087.053,1087.053,1149.058,1149.058,1149.058,1149.058,1149.058,1149.058,1149.058,1149.058,1149.058,1149.058,1149.058,1149.058,1149.058,1149.058,1149.058,1149.058,1149.382,1149.382,1149.382,1149.382,1149.382,1149.382,1149.382,1149.382,1149.382,1149.382,1149.382,1149.382,1149.382,1149.382,1149.382,1149.382,1149.382,1149.382,1149.382,1149.382,1149.382,1149.382,1149.382,1149.382,1213.225,1213.225,1213.225,1213.225,1213.225,1213.225,1213.225,1213.225,1213.225,1213.225,1213.225,1213.225,1213.225,1213.225,1213.225,1213.225,1213.225,1213.225,1213.225,1213.225
2007-10-01,,,,,,,,,,,,,,,,,,,,,,,,,,,,,,,,,,,,,,,,,,,,,,,,,,,,,,,,,,,,,,,,,,,,,,,,,,,,,,,,,,,,,,,,,,,,,,,,,,,,,,,,,,,,,,,,,,,,,,,,,,,,,,,,,,,,,,,,,,,,,,,,,,,,,,,,,,,,,,,,,,,,,,,,,,,,,,,,,,,,,,,,,,,,,,,,,,,,,,,,,,,,,,,,,,,,,,,,,,,,,,,,,,,,,,,,1114.6,1114.6,1114.6,1177.6,1177.6,1177.6,1177.6,1177.6,1177.6,1177.6,1177.6,1069.3,1069.3,1069.3,1069.3,1069.3,1069.3,1069.3,1069.3,1069.3,1052.0,1052.0,1052.0,1052.0,1052.0,1052.0,1052.0,1052.0,1052.0,1052.0,1052.0,1052.0,1052.0,1052.0,1052.0,1052.0,1052.0,1052.0,1052.0,1052.0,1052.0,1052.0,1052.0,1052.0,1061.2,1061.2,1061.2,1061.2,1061.2,1061.2,1061.2,1061.2,1061.2,1061.2,1061.2,1061.2,1061.2,1061.2,1061.2,1061.2,1061.2,1061.2,1061.2,1061.2,1061.2,1061.2,1061.2,1061.2,1061.2,1061.2,1061.2,1061.2,1061.2,1061.2,1061.2,1061.2,1061.2,1061.2,1061.2,1061.245,1061.245,1061.245,1061.245,1061.245,1061.245,1126.022,1126.022,1126.022,1126.022,1126.022,1126.022,1126.022,1126.022,1126.022,1126.022,1126.022,1126.022,1126.022,1126.022,1126.022,1126.022,1126.304,1126.304,1126.304,1126.304,1126.304,1126.304,1126.304,1126.304,1126.304,1126.304,1126.304,1126.304,1126.304,1126.304,1126.304,1126.304,1126.304,1126.304,1126.304,1126.304,1126.304,1126.304,1126.304,1126.304,1192.171,1192.171,1192.171,1192.171,1192.171,1192.171,1192.171,1192.171,1192.171,1192.171,1192.171,1192.171,1192.171,1192.171,1192.171,1192.171,1192.171,1192.171,1192.171,1192.171
2008-01-01,,,,,,,,,,,,,,,,,,,,,,,,,,,,,,,,,,,,,,,,,,,,,,,,,,,,,,,,,,,,,,,,,,,,,,,,,,,,,,,,,,,,,,,,,,,,,,,,,,,,,,,,,,,,,,,,,,,,,,,,,,,,,,,,,,,,,,,,,,,,,,,,,,,,,,,,,,,,,,,,,,,,,,,,,,,,,,,,,,,,,,,,,,,,,,,,,,,,,,,,,,,,,,,,,,,,,,,,,,,,,,,,,,,,,,,,,1156.6,1141.9,1190.6,1190.6,1190.6,1190.6,1190.6,1190.6,1190.6,1190.6,1136.4,1136.4,1136.4,1136.4,1136.4,1136.4,1136.4,1136.4,1136.4,1019.6,1019.6,1019.6,1019.6,1019.6,1019.6,1019.6,1019.6,1004.8,1004.8,1004.8,1004.8,1004.8,1004.8,1004.8,1004.8,1004.8,1004.8,1004.8,1004.8,1004.8,1004.8,1004.8,1004.8,1028.1,1028.1,1028.1,1028.1,1028.1,1028.1,1028.1,1028.1,1028.1,1028.1,1028.1,1028.1,1028.1,1028.1,1028.1,1028.1,1028.1,1028.1,1028.1,1028.1,1028.1,1028.1,1028.1,1028.1,1028.1,1028.1,1028.1,1028.1,1028.1,1028.1,1028.1,1028.1,1028.1,1028.1,1028.1,1028.13,1028.13,1028.13,1028.13,1028.13,1028.13,1090.186,1090.186,1090.186,1090.186,1090.186,1090.186,1090.186,1090.186,1090.186,1090.186,1090.186,1090.186,1090.186,1090.186,1090.186,1090.186,1090.441,1090.441,1090.441,1090.441,1090.441,1090.441,1090.441,1090.441,1090.441,1090.441,1090.441,1090.441,1090.441,1090.441,1090.441,1090.441,1090.441,1090.441,1090.441,1090.441,1090.441,1090.441,1090.441,1090.441,1156.248,1156.248,1156.248,1156.248,1156.248,1156.248,1156.248,1156.248,1156.248,1156.248,1156.248,1156.248,1156.248,1156.248,1156.248,1156.248,1156.248,1156.248,1156.248,1156.248
2008-04-01,,,,,,,,,,,,,,,,,,,,,,,,,,,,,,,,,,,,,,,,,,,,,,,,,,,,,,,,,,,,,,,,,,,,,,,,,,,,,,,,,,,,,,,,,,,,,,,,,,,,,,,,,,,,,,,,,,,,,,,,,,,,,,,,,,,,,,,,,,,,,,,,,,,,,,,,,,,,,,,,,,,,,,,,,,,,,,,,,,,,,,,,,,,,,,,,,,,,,,,,,,,,,,,,,,,,,,,,,,,,,,,,,,,,,,,,,,,,1145.4,1126.5,1126.5,1126.5,1126.5,1126.5,1126.5,1086.3,1086.3,1086.3,1086.3,1086.3,1086.3,1086.3,1086.3,1086.3,986.0,986.0,986.0,986.0,986.0,986.0,986.0,986.0,989.7,989.7,989.7,989.7,989.7,989.7,989.7,989.7,989.7,989.7,989.7,989.7,989.7,989.7,989.7,989.7,1023.5,1023.5,1023.5,1023.5,1023.5,1023.5,1023.5,1023.5,1023.5,1023.5,1023.5,1023.5,1023.5,1023.5,1023.5,1023.5,1023.5,1023.5,1023.5,1023.5,1023.5,1023.5,1023.5,1023.5,1023.5,1023.5,1023.5,1023.5,1023.5,1023.5,1023.5,1023.5,1023.5,1023.5,1023.5,1023.501,1023.501,1023.501,1023.501,1023.501,1023.501,1079.173,1079.173,1079.173,1079.173,1079.173,1079.173,1079.173,1079.173,1079.173,1079.173,1079.173,1079.173,1079.173,1079.173,1079.173,1079.173,1079.404,1079.404,1079.404,1079.404,1079.404,1079.404,1079.404,1079.404,1079.404,1079.404,1079.404,1079.404,1079.404,1079.404,1079.404,1079.404,1079.404,1079.404,1079.404,1079.404,1079.404,1079.404,1079.404,1079.404,1142.84,1142.84,1142.84,1142.84,1142.84,1142.84,1142.84,1142.84,1142.84,1142.84,1142.84,1142.84,1142.84,1142.84,1142.84,1142.84,1142.84,1142.84,1142.84,1142.84
2008-07-01,,,,,,,,,,,,,,,,,,,,,,,,,,,,,,,,,,,,,,,,,,,,,,,,,,,,,,,,,,,,,,,,,,,,,,,,,,,,,,,,,,,,,,,,,,,,,,,,,,,,,,,,,,,,,,,,,,,,,,,,,,,,,,,,,,,,,,,,,,,,,,,,,,,,,,,,,,,,,,,,,,,,,,,,,,,,,,,,,,,,,,,,,,,,,,,,,,,,,,,,,,,,,,,,,,,,,,,,,,,,,,,,,,,,,,,,,,,,,,1121.8,1121.3,1121.3,1121.3,1121.3,1149.8,1149.8,1149.8,1149.8,1149.8,1149.8,1149.8,1149.8,1149.8,1037.5,1037.5,1037.5,1037.5,1037.5,1037.5,1037.5,1037.5,1016.1,1016.1,1016.1,1016.1,1016.1,1016.1,1016.1,1016.1,1016.1,1016.1,1016.1,1016.1,1016.1,1016.1,1016.1,1016.1,1058.7,1058.7,1058.7,1058.7,1058.7,1058.7,1058.7,1058.7,1058.7,1058.7,1058.7,1058.7,1058.7,1058.7,1058.7,1058.7,1058.7,1058.7,1058.7,1058.7,1058.7,1058.7,1058.7,1058.7,1058.7,1058.7,1058.7,1058.7,1058.7,1058.7,1058.7,1058.7,1058.7,1058.7,1058.7,1058.716,1058.716,1058.716,1058.716,1058.716,1058.716,1101.687,1101.687,1101.687,1101.687,1101.687,1101.687,1101.687,1101.687,1101.687,1101.687,1101.687,1101.687,1101.687,1101.687,1101.687,1101.687,1101.92,1101.92,1101.92,1101.92,1101.92,1101.92,1101.92,1101.92,1101.92,1101.92,1101.92,1101.92,1101.92,1101.92,1101.92,1101.92,1101.92,1101.92,1101.92,1101.92,1101.92,1101.92,1101.92,1101.92,1160.602,1160.602,1160.602,1160.602,1160.602,1160.602,1160.602,1160.602,1160.602,1160.602,1160.602,1160.602,1160.602,1160.602,1160.602,1160.602,1160.602,1160.602,1160.602,1160.602
2008-10-01,,,,,,,,,,,,,,,,,,,,,,,,,,,,,,,,,,,,,,,,,,,,,,,,,,,,,,,,,,,,,,,,,,,,,,,,,,,,,,,,,,,,,,,,,,,,,,,,,,,,,,,,,,,,,,,,,,,,,,,,,,,,,,,,,,,,,,,,,,,,,,,,,,,,,,,,,,,,,,,,,,,,,,,,,,,,,,,,,,,,,,,,,,,,,,,,,,,,,,,,,,,,,,,,,,,,,,,,,,,,,,,,,,,,,,,,,,,,,,,,1001.2,1001.2,1001.2,900.4,900.4,900.4,900.4,900.4,900.4,900.4,900.4,900.4,774.6,774.6,774.6,774.6,774.6,774.6,774.6,774.6,746.9,746.9,746.9,746.9,746.9,746.9,746.9,746.9,746.9,746.9,746.9,746.9,746.9,746.9,746.9,746.9,793.5,793.5,793.5,793.5,793.5,793.5,793.5,793.5,793.5,793.5,793.5,793.5,793.5,793.5,793.5,793.5,793.5,793.5,793.5,793.5,793.5,793.5,793.5,793.5,793.5,793.5,793.5,793.5,793.5,793.5,793.5,793.5,793.5,793.5,793.5,793.501,793.501,793.501,793.501,793.501,793.501,847.796,847.796,847.796,847.796,847.796,847.796,847.796,847.796,847.796,847.796,847.796,847.796,847.796,847.796,847.796,847.796,847.956,847.956,847.956,847.956,847.956,847.956,847.956,847.956,847.956,847.956,847.956,847.956,847.956,847.956,847.956,847.956,847.956,847.956,847.956,847.956,847.956,847.956,847.956,847.956,899.117,899.117,899.117,899.117,899.117,899.117,899.117,899.117,899.117,899.117,899.117,899.117,899.117,899.117,899.117,899.117,899.117,899.117,899.117,899.117
2009-01-01,,,,,,,,,,,,,,,,,,,,,,,,,,,,,,,,,,,,,,,,,,,,,,,,,,,,,,,,,,,,,,,,,,,,,,,,,,,,,,,,,,,,,,,,,,,,,,,,,,,,,,,,,,,,,,,,,,,,,,,,,,,,,,,,,,,,,,,,,,,,,,,,,,,,,,,,,,,,,,,,,,,,,,,,,,,,,,,,,,,,,,,,,,,,,,,,,,,,,,,,,,,,,,,,,,,,,,,,,,,,,,,,,,,,,,,,,,,,,,,,,1012.3,1015.0,912.4,912.4,912.4,912.4,912.4,912.4,912.4,912.4,912.4,916.2,916.2,916.2,916.2,916.2,916.2,916.2,916.2,966.4,966.4,966.4,966.4,966.4,966.4,966.4,966.4,983.5,983.5,983.5,983.5,983.5,983.5,983.5,983.5,1037.7,1037.7,1037.7,1037.7,1037.7,1037.7,1037.7,1037.7,1044.0,1044.0,1044.0,1044.0,1044.0,1044.0,1044.0,1044.0,1044.0,1044.0,1044.0,1044.0,1044.0,1044.0,1044.0,1044.0,1044.0,1044.0,1044.0,1044.0,1044.0,1044.0,1044.0,1044.0,1044.0,1044.0,1044.0,1043.957,1043.957,1043.957,1043.957,1043.957,1043.957,1082.841,1082.841,1082.841,1082.841,1082.841,1082.841,1082.841,1082.841,1082.841,1082.841,1082.841,1082.841,1082.841,1082.841,1082.841,1082.841,1083.083,1083.083,1083.083,1083.083,1083.083,1083.083,1083.083,1083.083,1083.083,1083.083,1083.083,1083.083,1083.083,1083.083,1083.083,1083.083,1083.083,1083.083,1083.083,1083.083,1083.083,1083.083,1083.083,1083.083,1125.534,1125.534,1125.534,1125.534,1125.534,1125.534,1125.534,1125.534,1125.534,1125.534,1125.534,1125.534,1125.534,1125.534,1125.534,1125.534,1125.534,1125.534,1125.534,1125.534
2009-04-01,,,,,,,,,,,,,,,,,,,,,,,,,,,,,,,,,,,,,,,,,,,,,,,,,,,,,,,,,,,,,,,,,,,,,,,,,,,,,,,,,,,,,,,,,,,,,,,,,,,,,,,,,,,,,,,,,,,,,,,,,,,,,,,,,,,,,,,,,,,,,,,,,,,,,,,,,,,,,,,,,,,,,,,,,,,,,,,,,,,,,,,,,,,,,,,,,,,,,,,,,,,,,,,,,,,,,,,,,,,,,,,,,,,,,,,,,,,,,,,,,,,,,939.2,920.6,920.6,920.6,920.6,920.6,920.6,955.3,955.3,955.3,955.3,955.3,955.3,955.3,955.3,1017.5,1017.5,1017.5,1017.5,1017.5,1017.5,1017.5,1017.5,1002.8,1002.8,1002.8,1002.8,1002.8,1002.8,1002.8,1002.8,1055.1,1055.1,1055.1,1055.1,1055.1,1055.1,1055.1,1055.1,1060.6,1060.6,1060.6,1060.6,1060.6,1060.6,1060.6,1060.6,1060.6,1060.6,1060.6,1060.6,1060.6,1060.6,1060.6,1060.6,1060.6,1060.6,1060.6,1060.6,1060.6,1060.6,1060.6,1060.6,1060.6,1060.6,1060.6,1060.58,1060.58,1060.58,1060.58,1060.58,1060.58,1088.195,1088.195,1088.195,1088.195,1088.195,1088.195,1088.195,1088.195,1088.195,1088.195,1088.195,1088.195,1088.195,1088.195,1088.195,1088.195,1088.429,1088.429,1088.429,1088.429,1088.429,1088.429,1088.429,1088.429,1088.429,1088.429,1088.429,1088.429,1088.429,1088.429,1088.429,1088.429,1088.429,1088.429,1088.429,1088.429,1088.429,1088.429,1088.429,1088.429,1126.565,1126.565,1126.565,1126.565,1126.565,1126.565,1126.565,1126.565,1126.565,1126.565,1126.565,1126.565,1126.565,1126.565,1126.565,1126.565,1126.565,1126.565,1126.565,1126.565
2009-07-01,,,,,,,,,,,,,,,,,,,,,,,,,,,,,,,,,,,,,,,,,,,,,,,,,,,,,,,,,,,,,,,,,,,,,,,,,,,,,,,,,,,,,,,,,,,,,,,,,,,,,,,,,,,,,,,,,,,,,,,,,,,,,,,,,,,,,,,,,,,,,,,,,,,,,,,,,,,,,,,,,,,,,,,,,,,,,,,,,,,,,,,,,,,,,,,,,,,,,,,,,,,,,,,,,,,,,,,,,,,,,,,,,,,,,,,,,,,,,,,,,,,,,,,1043.9,1037.9,1037.9,1037.9,1037.9,1041.8,1041.8,1041.8,1041.8,1041.8,1041.8,1041.8,1041.8,1137.3,1137.3,1137.3,1137.3,1137.3,1137.3,1137.3,1137.3,1118.2,1118.2,1118.2,1118.2,1118.2,1118.2,1118.2,1118.2,1164.6,1164.6,1164.6,1164.6,1164.6,1164.6,1164.6,1164.6,1178.3,1178.3,1178.3,1178.3,1178.3,1178.3,1178.3,1178.3,1178.3,1178.3,1178.3,1178.3,1178.3,1178.3,1178.3,1178.3,1178.3,1178.3,1178.3,1178.3,1178.3,1178.3,1178.3,1178.3,1178.3,1178.3,1178.3,1178.254,1178.254,1178.254,1178.254,1178.254,1178.254,1249.877,1249.877,1249.877,1249.877,1249.877,1249.877,1249.877,1249.877,1249.877,1249.877,1249.877,1249.877,1249.877,1249.877,1249.877,1249.877,1250.078,1250.078,1250.078,1250.078,1250.078,1250.078,1250.078,1250.078,1250.078,1250.078,1250.078,1250.078,1250.078,1250.078,1250.078,1250.078,1250.078,1250.078,1250.078,1250.078,1250.078,1250.078,1250.078,1250.078,1286.134,1286.134,1286.134,1286.134,1286.134,1286.134,1286.134,1286.134,1286.134,1286.134,1286.134,1286.134,1286.134,1286.134,1286.134,1286.134,1286.134,1286.134,1286.134,1286.134
2009-10-01,,,,,,,,,,,,,,,,,,,,,,,,,,,,,,,,,,,,,,,,,,,,,,,,,,,,,,,,,,,,,,,,,,,,,,,,,,,,,,,,,,,,,,,,,,,,,,,,,,,,,,,,,,,,,,,,,,,,,,,,,,,,,,,,,,,,,,,,,,,,,,,,,,,,,,,,,,,,,,,,,,,,,,,,,,,,,,,,,,,,,,,,,,,,,,,,,,,,,,,,,,,,,,,,,,,,,,,,,,,,,,,,,,,,,,,,,,,,,,,,,,,,,,,,,1105.7,1105.7,1105.7,1099.2,1099.2,1099.2,1099.2,1099.2,1099.2,1099.2,1099.2,1237.2,1237.2,1237.2,1237.2,1237.2,1237.2,1237.2,1237.2,1187.4,1187.4,1187.4,1187.4,1187.4,1187.4,1187.4,1187.4,1235.1,1235.1,1235.1,1235.1,1235.1,1235.1,1235.1,1235.1,1227.3,1227.3,1227.3,1227.3,1227.3,1227.3,1227.3,1227.3,1227.3,1227.3,1227.3,1227.3,1227.3,1227.3,1227.3,1227.3,1227.3,1227.3,1227.3,1227.3,1227.3,1227.3,1227.3,1227.3,1227.3,1227.3,1227.3,1227.319,1227.319,1227.319,1227.319,1227.319,1227.319,1309.602,1309.602,1309.602,1309.602,1309.602,1309.602,1309.602,1309.602,1309.602,1309.602,1309.602,1309.602,1309.602,1309.602,1309.602,1309.602,1309.857,1309.857,1309.857,1309.857,1309.857,1309.857,1309.857,1309.857,1309.857,1309.857,1309.857,1309.857,1309.857,1309.857,1309.857,1309.857,1309.857,1309.857,1309.857,1309.857,1309.857,1309.857,1309.857,1309.857,1348.642,1348.642,1348.642,1348.642,1348.642,1348.642,1348.642,1348.642,1348.642,1348.642,1348.642,1348.642,1348.642,1348.642,1348.642,1348.642,1348.642,1348.642,1348.642,1348.642
2010-01-01,,,,,,,,,,,,,,,,,,,,,,,,,,,,,,,,,,,,,,,,,,,,,,,,,,,,,,,,,,,,,,,,,,,,,,,,,,,,,,,,,,,,,,,,,,,,,,,,,,,,,,,,,,,,,,,,,,,,,,,,,,,,,,,,,,,,,,,,,,,,,,,,,,,,,,,,,,,,,,,,,,,,,,,,,,,,,,,,,,,,,,,,,,,,,,,,,,,,,,,,,,,,,,,,,,,,,,,,,,,,,,,,,,,,,,,,,,,,,,,,,,,,,,,,,,1129.4,1161.3,1163.3,1163.3,1163.3,1163.3,1163.3,1163.3,1163.3,1163.3,1314.5,1314.5,1314.5,1314.5,1314.5,1314.5,1314.5,1314.5,1297.0,1297.0,1297.0,1297.0,1297.0,1297.0,1297.0,1297.0,1310.4,1310.4,1310.4,1310.4,1310.4,1310.4,1310.4,1310.4,1313.7,1313.7,1313.7,1313.7,1313.7,1313.7,1313.7,1313.7,1313.7,1313.7,1313.7,1313.7,1313.7,1313.7,1313.7,1313.7,1313.7,1313.7,1313.7,1313.7,1313.7,1313.7,1313.7,1313.7,1313.7,1313.7,1313.7,1313.661,1313.661,1313.661,1313.661,1313.661,1313.661,1385.988,1385.988,1385.988,1385.988,1385.988,1385.988,1385.988,1385.988,1385.988,1385.988,1385.988,1385.988,1385.988,1385.988,1385.988,1385.988,1386.233,1386.233,1386.233,1386.233,1386.233,1386.233,1386.233,1386.233,1386.233,1386.233,1386.233,1386.233,1386.233,1386.233,1386.233,1386.233,1386.233,1386.233,1386.233,1386.233,1386.233,1386.233,1386.233,1386.233,1428.295,1428.295,1428.295,1428.295,1428.295,1428.295,1428.295,1428.295,1428.295,1428.295,1428.295,1428.295,1428.295,1428.295,1428.295,1428.295,1428.295,1428.295,1428.295,1428.295
2010-04-01,,,,,,,,,,,,,,,,,,,,,,,,,,,,,,,,,,,,,,,,,,,,,,,,,,,,,,,,,,,,,,,,,,,,,,,,,,,,,,,,,,,,,,,,,,,,,,,,,,,,,,,,,,,,,,,,,,,,,,,,,,,,,,,,,,,,,,,,,,,,,,,,,,,,,,,,,,,,,,,,,,,,,,,,,,,,,,,,,,,,,,,,,,,,,,,,,,,,,,,,,,,,,,,,,,,,,,,,,,,,,,,,,,,,,,,,,,,,,,,,,,,,,,,,,,,,,1197.1,1208.5,1208.5,1208.5,1208.5,1208.5,1208.5,1386.3,1386.3,1386.3,1386.3,1386.3,1386.3,1386.3,1386.3,1275.2,1275.2,1275.2,1275.2,1275.2,1275.2,1275.2,1275.2,1309.2,1309.2,1309.2,1309.2,1309.2,1309.2,1309.2,1309.2,1314.8,1314.8,1314.8,1314.8,1314.8,1314.8,1314.8,1314.8,1314.8,1314.8,1314.8,1314.8,1314.8,1314.8,1314.8,1314.8,1314.8,1314.8,1314.8,1314.8,1314.8,1314.8,1314.8,1314.8,1314.8,1314.8,1314.8,1314.75,1314.75,1314.75,1314.75,1314.75,1314.75,1378.305,1378.305,1378.305,1378.305,1378.305,1378.305,1378.305,1378.305,1378.305,1378.305,1378.305,1378.305,1378.305,1378.305,1378.305,1378.305,1378.523,1378.523,1378.523,1378.523,1378.523,1378.523,1378.523,1378.523,1378.523,1378.523,1378.523,1378.523,1378.523,1378.523,1378.523,1378.523,1378.523,1378.523,1378.523,1378.523,1378.523,1378.523,1378.523,1378.523,1422.987,1422.987,1422.987,1422.987,1422.987,1422.987,1422.987,1422.987,1422.987,1422.987,1422.987,1422.987,1422.987,1422.987,1422.987,1422.987,1422.987,1422.987,1422.987,1422.987
2010-07-01,,,,,,,,,,,,,,,,,,,,,,,,,,,,,,,,,,,,,,,,,,,,,,,,,,,,,,,,,,,,,,,,,,,,,,,,,,,,,,,,,,,,,,,,,,,,,,,,,,,,,,,,,,,,,,,,,,,,,,,,,,,,,,,,,,,,,,,,,,,,,,,,,,,,,,,,,,,,,,,,,,,,,,,,,,,,,,,,,,,,,,,,,,,,,,,,,,,,,,,,,,,,,,,,,,,,,,,,,,,,,,,,,,,,,,,,,,,,,,,,,,,,,,,,,,,,,,,1221.1,1210.7,1210.7,1210.7,1210.7,1402.8,1402.8,1402.8,1402.8,1402.8,1402.8,1402.8,1402.8,1362.1,1362.1,1362.1,1362.1,1362.1,1362.1,1362.1,1362.1,1419.6,1419.6,1419.6,1419.6,1419.6,1419.6,1419.6,1419.6,1426.6,1426.6,1426.6,1426.6,1426.6,1426.6,1426.6,1426.6,1426.6,1426.6,1426.6,1426.6,1426.6,1426.6,1426.6,1426.6,1426.6,1426.6,1426.6,1426.6,1426.6,1426.6,1426.6,1426.6,1426.6,1426.6,1426.6,1426.566,1426.566,1426.566,1426.566,1426.566,1426.566,1523.38,1523.38,1523.38,1523.38,1523.38,1523.38,1523.38,1523.38,1523.38,1523.38,1523.38,1523.38,1523.38,1523.38,1523.38,1523.38,1523.638,1523.638,1523.638,1523.638,1523.638,1523.638,1523.638,1523.638,1523.638,1523.638,1523.638,1523.638,1523.638,1523.638,1523.638,1523.638,1523.638,1523.638,1523.638,1523.638,1523.638,1523.638,1523.638,1523.638,1571.136,1571.136,1571.136,1571.136,1571.136,1571.136,1571.136,1571.136,1571.136,1571.136,1571.136,1571.136,1571.136,1571.136,1571.136,1571.136,1571.136,1571.136,1571.136,1571.136
2010-10-01,,,,,,,,,,,,,,,,,,,,,,,,,,,,,,,,,,,,,,,,,,,,,,,,,,,,,,,,,,,,,,,,,,,,,,,,,,,,,,,,,,,,,,,,,,,,,,,,,,,,,,,,,,,,,,,,,,,,,,,,,,,,,,,,,,,,,,,,,,,,,,,,,,,,,,,,,,,,,,,,,,,,,,,,,,,,,,,,,,,,,,,,,,,,,,,,,,,,,,,,,,,,,,,,,,,,,,,,,,,,,,,,,,,,,,,,,,,,,,,,,,,,,,,,,,,,,,,,,1250.2,1250.2,1250.2,1452.7,1452.7,1452.7,1452.7,1452.7,1452.7,1452.7,1452.7,1382.3,1382.3,1382.3,1382.3,1382.3,1382.3,1382.3,1382.3,1440.9,1440.9,1440.9,1440.9,1440.9,1440.9,1440.9,1440.9,1448.4,1448.4,1448.4,1448.4,1448.4,1448.4,1448.4,1448.4,1448.4,1448.4,1448.4,1448.4,1448.4,1448.4,1448.4,1448.4,1448.4,1448.4,1448.4,1448.4,1448.4,1448.4,1448.4,1448.4,1448.4,1448.4,1448.4,1448.42,1448.42,1448.42,1448.42,1448.42,1448.42,1537.17,1537.17,1537.17,1537.17,1537.17,1537.17,1537.17,1537.17,1537.17,1537.17,1537.17,1537.17,1537.17,1537.17,1537.17,1537.17,1537.504,1537.504,1537.504,1537.504,1537.504,1537.504,1537.504,1537.504,1537.504,1537.504,1537.504,1537.504,1537.504,1537.504,1537.504,1537.504,1537.504,1537.504,1537.504,1537.504,1537.504,1537.504,1537.504,1537.504,1586.412,1586.412,1586.412,1586.412,1586.412,1586.412,1586.412,1586.412,1586.412,1586.412,1586.412,1586.412,1586.412,1586.412,1586.412,1586.412,1586.412,1586.412,1586.412,1586.412
2011-01-01,,,,,,,,,,,,,,,,,,,,,,,,,,,,,,,,,,,,,,,,,,,,,,,,,,,,,,,,,,,,,,,,,,,,,,,,,,,,,,,,,,,,,,,,,,,,,,,,,,,,,,,,,,,,,,,,,,,,,,,,,,,,,,,,,,,,,,,,,,,,,,,,,,,,,,,,,,,,,,,,,,,,,,,,,,,,,,,,,,,,,,,,,,,,,,,,,,,,,,,,,,,,,,,,,,,,,,,,,,,,,,,,,,,,,,,,,,,,,,,,,,,,,,,,,,,,,,,,,,1238.6,1265.7,1454.1,1454.1,1454.1,1454.1,1454.1,1454.1,1454.1,1454.1,1324.6,1324.6,1324.6,1324.6,1324.6,1324.6,1324.6,1324.6,1362.0,1362.0,1362.0,1362.0,1362.0,1362.0,1362.0,1362.0,1279.9,1279.9,1279.9,1279.9,1279.9,1279.9,1279.9,1279.9,1279.9,1279.9,1279.9,1279.9,1279.9,1279.9,1279.9,1279.9,1279.9,1279.9,1279.9,1279.9,1279.9,1279.9,1279.9,1279.9,1279.9,1279.9,1279.9,1279.886,1279.886,1279.886,1279.886,1279.886,1279.886,1384.913,1384.913,1384.913,1384.913,1384.913,1384.913,1384.913,1384.913,1384.913,1384.913,1384.913,1384.913,1384.913,1384.913,1384.913,1384.913,1385.233,1385.233,1385.233,1385.233,1385.233,1385.233,1385.233,1385.233,1385.233,1385.233,1385.233,1385.233,1385.233,1385.233,1385.233,1385.233,1385.233,1385.233,1385.233,1385.233,1385.233,1385.233,1385.233,1385.233,1435.031,1435.031,1435.031,1435.031,1435.031,1435.031,1435.031,1435.031,1435.031,1435.031,1435.031,1435.031,1435.031,1435.031,1435.031,1435.031,1435.031,1435.031,1435.031,1435.031
2011-04-01,,,,,,,,,,,,,,,,,,,,,,,,,,,,,,,,,,,,,,,,,,,,,,,,,,,,,,,,,,,,,,,,,,,,,,,,,,,,,,,,,,,,,,,,,,,,,,,,,,,,,,,,,,,,,,,,,,,,,,,,,,,,,,,,,,,,,,,,,,,,,,,,,,,,,,,,,,,,,,,,,,,,,,,,,,,,,,,,,,,,,,,,,,,,,,,,,,,,,,,,,,,,,,,,,,,,,,,,,,,,,,,,,,,,,,,,,,,,,,,,,,,,,,,,,,,,,,,,,,,,,1514.4,1517.1,1517.1,1517.1,1517.1,1517.1,1517.1,1415.8,1415.8,1415.8,1415.8,1415.8,1415.8,1415.8,1415.8,1484.4,1484.4,1484.4,1484.4,1484.4,1484.4,1484.4,1484.4,1406.6,1406.6,1406.6,1406.6,1406.6,1406.6,1406.6,1406.6,1406.6,1406.6,1406.6,1406.6,1406.6,1406.6,1406.6,1406.6,1406.6,1406.6,1406.6,1406.6,1406.6,1406.6,1406.6,1406.6,1406.6,1406.6,1406.6,1406.622,1406.622,1406.622,1406.622,1406.622,1406.622,1506.379,1506.379,1506.379,1506.379,1506.379,1506.379,1506.379,1506.379,1506.379,1506.379,1506.379,1506.379,1506.379,1506.379,1506.379,1506.379,1506.637,1506.637,1506.637,1506.637,1506.637,1506.637,1506.637,1506.637,1506.637,1506.637,1506.637,1506.637,1506.637,1506.637,1506.637,1506.637,1506.637,1506.637,1506.637,1506.637,1506.637,1506.637,1506.637,1506.637,1557.726,1557.726,1557.726,1557.726,1557.726,1557.726,1557.726,1557.726,1557.726,1557.726,1557.726,1557.726,1557.726,1557.726,1557.726,1557.726,1557.726,1557.726,1557.726,1557.726
2011-07-01,,,,,,,,,,,,,,,,,,,,,,,,,,,,,,,,,,,,,,,,,,,,,,,,,,,,,,,,,,,,,,,,,,,,,,,,,,,,,,,,,,,,,,,,,,,,,,,,,,,,,,,,,,,,,,,,,,,,,,,,,,,,,,,,,,,,,,,,,,,,,,,,,,,,,,,,,,,,,,,,,,,,,,,,,,,,,,,,,,,,,,,,,,,,,,,,,,,,,,,,,,,,,,,,,,,,,,,,,,,,,,,,,,,,,,,,,,,,,,,,,,,,,,,,,,,,,,,,,,,,,,,1562.6,1558.7,1558.7,1558.7,1558.7,1468.5,1468.5,1468.5,1468.5,1468.5,1468.5,1468.5,1468.5,1542.8,1542.8,1542.8,1542.8,1542.8,1542.8,1542.8,1542.8,1475.6,1475.6,1475.6,1475.6,1475.6,1475.6,1475.6,1475.6,1475.6,1475.6,1475.6,1475.6,1475.6,1475.6,1475.6,1475.6,1475.6,1475.6,1475.6,1475.6,1475.6,1475.6,1475.6,1475.6,1475.6,1475.6,1475.6,1475.642,1475.642,1475.642,1475.642,1475.642,1475.642,1561.748,1561.748,1561.748,1561.748,1561.748,1561.748,1561.748,1561.748,1561.748,1561.748,1561.748,1561.748,1561.748,1561.748,1561.748,1561.748,1562.105,1562.105,1562.105,1562.105,1562.105,1562.105,1562.105,1562.105,1562.105,1562.105,1562.105,1562.105,1562.105,1562.105,1562.105,1562.105,1562.105,1562.105,1562.105,1562.105,1562.105,1562.105,1562.105,1562.105,1615.871,1615.871,1615.871,1615.871,1615.871,1615.871,1615.871,1615.871,1615.871,1615.871,1615.871,1615.871,1615.871,1615.871,1615.871,1615.871,1615.871,1615.871,1615.871,1615.871
2011-10-01,,,,,,,,,,,,,,,,,,,,,,,,,,,,,,,,,,,,,,,,,,,,,,,,,,,,,,,,,,,,,,,,,,,,,,,,,,,,,,,,,,,,,,,,,,,,,,,,,,,,,,,,,,,,,,,,,,,,,,,,,,,,,,,,,,,,,,,,,,,,,,,,,,,,,,,,,,,,,,,,,,,,,,,,,,,,,,,,,,,,,,,,,,,,,,,,,,,,,,,,,,,,,,,,,,,,,,,,,,,,,,,,,,,,,,,,,,,,,,,,,,,,,,,,,,,,,,,,,,,,,,,,,1576.2,1576.2,1576.2,1582.8,1582.8,1582.8,1582.8,1582.8,1582.8,1582.8,1582.8,1624.8,1624.8,1624.8,1624.8,1624.8,1624.8,1624.8,1624.8,1588.0,1588.0,1588.0,1588.0,1588.0,1588.0,1588.0,1588.0,1588.0,1588.0,1588.0,1588.0,1588.0,1588.0,1588.0,1588.0,1588.0,1588.0,1588.0,1588.0,1588.0,1588.0,1588.0,1588.0,1588.0,1588.0,1588.0,1587.986,1587.986,1587.986,1587.986,1587.986,1587.986,1661.743,1661.743,1661.743,1661.743,1661.743,1661.743,1661.743,1661.743,1661.743,1661.743,1661.743,1661.743,1661.743,1661.743,1661.743,1661.743,1662.068,1662.068,1662.068,1662.068,1662.068,1662.068,1662.068,1662.068,1662.068,1662.068,1662.068,1662.068,1662.068,1662.068,1662.068,1662.068,1662.068,1662.068,1662.068,1662.068,1662.068,1662.068,1662.068,1662.068,1718.029,1718.029,1718.029,1718.029,1718.029,1718.029,1718.029,1718.029,1718.029,1718.029,1718.029,1718.029,1718.029,1718.029,1718.029,1718.029,1718.029,1718.029,1718.029,1718.029
2012-01-01,,,,,,,,,,,,,,,,,,,,,,,,,,,,,,,,,,,,,,,,,,,,,,,,,,,,,,,,,,,,,,,,,,,,,,,,,,,,,,,,,,,,,,,,,,,,,,,,,,,,,,,,,,,,,,,,,,,,,,,,,,,,,,,,,,,,,,,,,,,,,,,,,,,,,,,,,,,,,,,,,,,,,,,,,,,,,,,,,,,,,,,,,,,,,,,,,,,,,,,,,,,,,,,,,,,,,,,,,,,,,,,,,,,,,,,,,,,,,,,,,,,,,,,,,,,,,,,,,,,,,,,,,,1511.8,1486.5,1446.6,1446.6,1446.6,1446.6,1446.6,1446.6,1446.6,1446.6,1542.7,1542.7,1542.7,1542.7,1542.7,1542.7,1542.7,1542.7,1526.6,1526.6,1526.6,1526.6,1526.6,1526.6,1526.6,1526.6,1573.3,1573.3,1573.3,1573.3,1573.3,1573.3,1573.3,1573.3,1573.3,1573.3,1573.3,1573.3,1573.3,1573.3,1573.3,1573.3,1573.3,1573.3,1573.3,1573.322,1573.322,1573.322,1573.322,1573.322,1573.322,1705.475,1705.475,1705.475,1705.475,1705.475,1705.475,1705.475,1705.475,1705.475,1705.475,1705.475,1705.475,1705.475,1705.475,1705.475,1705.475,1705.692,1705.692,1705.692,1705.692,1705.692,1705.692,1705.692,1705.692,1705.692,1705.692,1705.692,1705.692,1705.692,1705.692,1705.692,1705.692,1705.692,1705.692,1705.692,1705.692,1705.692,1705.692,1705.692,1705.692,1758.696,1758.696,1758.696,1758.696,1758.696,1758.696,1758.696,1758.696,1758.696,1758.696,1758.696,1758.696,1758.696,1758.696,1758.696,1758.696,1758.696,1758.696,1758.696,1758.696
2012-04-01,,,,,,,,,,,,,,,,,,,,,,,,,,,,,,,,,,,,,,,,,,,,,,,,,,,,,,,,,,,,,,,,,,,,,,,,,,,,,,,,,,,,,,,,,,,,,,,,,,,,,,,,,,,,,,,,,,,,,,,,,,,,,,,,,,,,,,,,,,,,,,,,,,,,,,,,,,,,,,,,,,,,,,,,,,,,,,,,,,,,,,,,,,,,,,,,,,,,,,,,,,,,,,,,,,,,,,,,,,,,,,,,,,,,,,,,,,,,,,,,,,,,,,,,,,,,,,,,,,,,,,,,,,,,,1462.2,1478.5,1478.5,1478.5,1478.5,1478.5,1478.5,1568.7,1568.7,1568.7,1568.7,1568.7,1568.7,1568.7,1568.7,1551.2,1551.2,1551.2,1551.2,1551.2,1551.2,1551.2,1551.2,1543.7,1543.7,1543.7,1543.7,1543.7,1543.7,1543.7,1543.7,1543.7,1543.7,1543.7,1543.7,1543.7,1543.7,1543.7,1543.7,1543.7,1543.7,1543.7,1543.662,1543.662,1543.662,1543.662,1543.662,1543.662,1672.378,1672.378,1672.378,1672.378,1672.378,1672.378,1672.378,1672.378,1672.378,1672.378,1672.378,1672.378,1672.378,1672.378,1672.378,1672.378,1672.678,1672.678,1672.678,1672.678,1672.678,1672.678,1672.678,1672.678,1672.678,1672.678,1672.678,1672.678,1672.678,1672.678,1672.678,1672.678,1672.678,1672.678,1672.678,1672.678,1672.678,1672.678,1672.678,1672.678,1729.414,1729.414,1729.414,1729.414,1729.414,1729.414,1729.414,1729.414,1729.414,1729.414,1729.414,1729.414,1729.414,1729.414,1729.414,1729.414,1729.414,1729.414,1729.414,1729.414
2012-07-01,,,,,,,,,,,,,,,,,,,,,,,,,,,,,,,,,,,,,,,,,,,,,,,,,,,,,,,,,,,,,,,,,,,,,,,,,,,,,,,,,,,,,,,,,,,,,,,,,,,,,,,,,,,,,,,,,,,,,,,,,,,,,,,,,,,,,,,,,,,,,,,,,,,,,,,,,,,,,,,,,,,,,,,,,,,,,,,,,,,,,,,,,,,,,,,,,,,,,,,,,,,,,,,,,,,,,,,,,,,,,,,,,,,,,,,,,,,,,,,,,,,,,,,,,,,,,,,,,,,,,,,,,,,,,,,1526.6,1515.2,1515.2,1515.2,1515.2,1573.2,1573.2,1573.2,1573.2,1573.2,1573.2,1573.2,1573.2,1600.4,1600.4,1600.4,1600.4,1600.4,1600.4,1600.4,1600.4,1548.1,1548.1,1548.1,1548.1,1548.1,1548.1,1548.1,1548.1,1548.1,1548.1,1548.1,1548.1,1548.1,1548.1,1548.1,1548.1,1548.1,1548.1,1548.1,1548.096,1548.096,1548.096,1548.096,1548.096,1548.096,1643.422,1643.422,1643.422,1643.422,1643.422,1643.422,1643.422,1643.422,1643.422,1643.422,1643.422,1643.422,1643.422,1643.422,1643.422,1643.422,1643.707,1643.707,1643.707,1643.707,1643.707,1643.707,1643.707,1643.707,1643.707,1643.707,1643.707,1643.707,1643.707,1643.707,1643.707,1643.707,1643.707,1643.707,1643.707,1643.707,1643.707,1643.707,1643.707,1643.707,1705.305,1705.305,1705.305,1705.305,1705.305,1705.305,1705.305,1705.305,1705.305,1705.305,1705.305,1705.305,1705.305,1705.305,1705.305,1705.305,1705.305,1705.305,1705.305,1705.305
2012-10-01,,,,,,,,,,,,,,,,,,,,,,,,,,,,,,,,,,,,,,,,,,,,,,,,,,,,,,,,,,,,,,,,,,,,,,,,,,,,,,,,,,,,,,,,,,,,,,,,,,,,,,,,,,,,,,,,,,,,,,,,,,,,,,,,,,,,,,,,,,,,,,,,,,,,,,,,,,,,,,,,,,,,,,,,,,,,,,,,,,,,,,,,,,,,,,,,,,,,,,,,,,,,,,,,,,,,,,,,,,,,,,,,,,,,,,,,,,,,,,,,,,,,,,,,,,,,,,,,,,,,,,,,,,,,,,,,,1565.0,1565.0,1565.0,1614.0,1614.0,1614.0,1614.0,1614.0,1614.0,1614.0,1614.0,1593.8,1593.8,1593.8,1593.8,1593.8,1593.8,1593.8,1593.8,1537.1,1537.1,1537.1,1537.1,1537.1,1537.1,1537.1,1537.1,1537.1,1537.1,1537.1,1537.1,1537.1,1537.1,1537.1,1537.1,1537.1,1537.1,1537.1,1537.086,1537.086,1537.086,1537.086,1537.086,1537.086,1628.914,1628.914,1628.914,1628.914,1628.914,1628.914,1628.914,1628.914,1628.914,1628.914,1628.914,1628.914,1628.914,1628.914,1628.914,1628.914,1629.228,1629.228,1629.228,1629.228,1629.228,1629.228,1629.228,1629.228,1629.228,1629.228,1629.228,1629.228,1629.228,1629.228,1629.228,1629.228,1629.228,1629.228,1629.228,1629.228,1629.228,1629.228,1629.228,1629.228,1699.163,1699.163,1699.163,1699.163,1699.163,1699.163,1699.163,1699.163,1699.163,1699.163,1699.163,1699.163,1699.163,1699.163,1699.163,1699.163,1699.163,1699.163,1699.163,1699.163
2013-01-01,,,,,,,,,,,,,,,,,,,,,,,,,,,,,,,,,,,,,,,,,,,,,,,,,,,,,,,,,,,,,,,,,,,,,,,,,,,,,,,,,,,,,,,,,,,,,,,,,,,,,,,,,,,,,,,,,,,,,,,,,,,,,,,,,,,,,,,,,,,,,,,,,,,,,,,,,,,,,,,,,,,,,,,,,,,,,,,,,,,,,,,,,,,,,,,,,,,,,,,,,,,,,,,,,,,,,,,,,,,,,,,,,,,,,,,,,,,,,,,,,,,,,,,,,,,,,,,,,,,,,,,,,,,,,,,,,,1534.8,1547.5,1612.3,1612.3,1612.3,1612.3,1612.3,1612.3,1612.3,1612.3,1564.5,1564.5,1564.5,1564.5,1564.5,1564.5,1564.5,1564.5,1542.4,1542.4,1542.4,1542.4,1542.4,1542.4,1542.4,1542.4,1547.1,1547.1,1547.1,1547.1,1547.1,1547.1,1547.1,1547.1,1547.1,1547.1,1547.1,1547.132,1547.132,1547.132,1547.132,1547.132,1547.132,1622.678,1622.678,1622.678,1622.678,1622.678,1622.678,1622.678,1622.678,1622.678,1622.678,1622.678,1622.678,1622.678,1622.678,1622.678,1622.678,1622.754,1622.754,1622.754,1622.754,1622.754,1622.754,1622.754,1622.754,1622.754,1622.754,1622.754,1622.754,1622.754,1622.754,1622.754,1622.754,1622.754,1622.754,1622.754,1622.754,1622.754,1622.754,1622.754,1622.754,1699.634,1699.634,1699.634,1699.634,1699.634,1699.634,1699.634,1699.634,1699.634,1699.634,1699.634,1699.634,1699.634,1699.634,1699.634,1699.634,1699.634,1699.634,1699.634,1699.634
2013-04-01,,,,,,,,,,,,,,,,,,,,,,,,,,,,,,,,,,,,,,,,,,,,,,,,,,,,,,,,,,,,,,,,,,,,,,,,,,,,,,,,,,,,,,,,,,,,,,,,,,,,,,,,,,,,,,,,,,,,,,,,,,,,,,,,,,,,,,,,,,,,,,,,,,,,,,,,,,,,,,,,,,,,,,,,,,,,,,,,,,,,,,,,,,,,,,,,,,,,,,,,,,,,,,,,,,,,,,,,,,,,,,,,,,,,,,,,,,,,,,,,,,,,,,,,,,,,,,,,,,,,,,,,,,,,,,,,,,,,,1680.2,1669.2,1669.2,1669.2,1669.2,1669.2,1669.2,1644.4,1644.4,1644.4,1644.4,1644.4,1644.4,1644.4,1644.4,1584.1,1584.1,1584.1,1584.1,1584.1,1584.1,1584.1,1584.1,1557.8,1557.8,1557.8,1557.8,1557.8,1557.8,1557.8,1557.8,1557.8,1557.8,1557.8,1557.819,1557.819,1557.819,1557.819,1557.819,1557.819,1642.939,1642.939,1642.939,1642.939,1642.939,1642.939,1642.939,1642.939,1642.939,1642.939,1642.939,1642.939,1642.939,1642.939,1642.939,1642.939,1643.068,1643.068,1643.068,1643.068,1643.068,1643.068,1643.068,1643.068,1643.068,1643.068,1643.068,1643.068,1643.068,1643.068,1643.068,1643.068,1643.068,1643.068,1643.068,1643.068,1643.068,1643.068,1643.068,1643.068,1703.325,1703.325,1703.325,1703.325,1703.325,1703.325,1703.325,1703.325,1703.325,1703.325,1703.325,1703.325,1703.325,1703.325,1703.325,1703.325,1703.325,1703.325,1703.325,1703.325
2013-07-01,,,,,,,,,,,,,,,,,,,,,,,,,,,,,,,,,,,,,,,,,,,,,,,,,,,,,,,,,,,,,,,,,,,,,,,,,,,,,,,,,,,,,,,,,,,,,,,,,,,,,,,,,,,,,,,,,,,,,,,,,,,,,,,,,,,,,,,,,,,,,,,,,,,,,,,,,,,,,,,,,,,,,,,,,,,,,,,,,,,,,,,,,,,,,,,,,,,,,,,,,,,,,,,,,,,,,,,,,,,,,,,,,,,,,,,,,,,,,,,,,,,,,,,,,,,,,,,,,,,,,,,,,,,,,,,,,,,,,,,1712.2,1708.7,1708.7,1708.7,1708.7,1673.1,1673.1,1673.1,1673.1,1673.1,1673.1,1673.1,1673.1,1566.5,1566.5,1566.5,1566.5,1566.5,1566.5,1566.5,1566.5,1561.5,1561.5,1561.5,1561.5,1561.5,1561.5,1561.5,1561.5,1561.5,1561.5,1561.5,1561.479,1561.479,1561.479,1561.479,1561.479,1561.479,1646.245,1646.245,1646.245,1646.245,1646.245,1646.245,1646.245,1646.245,1646.245,1646.245,1646.245,1646.245,1646.245,1646.245,1646.245,1646.245,1646.395,1646.395,1646.395,1646.395,1646.395,1646.395,1646.395,1646.395,1646.395,1646.395,1646.395,1646.395,1646.395,1646.395,1646.395,1646.395,1646.395,1646.395,1646.395,1646.395,1646.395,1646.395,1646.395,1646.395,1720.44,1720.44,1720.44,1720.44,1720.44,1720.44,1720.44,1720.44,1720.44,1720.44,1720.44,1720.44,1720.44,1720.44,1720.44,1720.44,1720.44,1720.44,1720.44,1720.44
2013-10-01,,,,,,,,,,,,,,,,,,,,,,,,,,,,,,,,,,,,,,,,,,,,,,,,,,,,,,,,,,,,,,,,,,,,,,,,,,,,,,,,,,,,,,,,,,,,,,,,,,,,,,,,,,,,,,,,,,,,,,,,,,,,,,,,,,,,,,,,,,,,,,,,,,,,,,,,,,,,,,,,,,,,,,,,,,,,,,,,,,,,,,,,,,,,,,,,,,,,,,,,,,,,,,,,,,,,,,,,,,,,,,,,,,,,,,,,,,,,,,,,,,,,,,,,,,,,,,,,,,,,,,,,,,,,,,,,,,,,,,,,,1742.5,1742.5,1742.5,1648.4,1648.4,1648.4,1648.4,1648.4,1648.4,1648.4,1648.4,1580.9,1580.9,1580.9,1580.9,1580.9,1580.9,1580.9,1580.9,1594.2,1594.2,1594.2,1594.2,1594.2,1594.2,1594.2,1594.2,1594.2,1594.2,1594.2,1594.232,1594.232,1594.232,1594.232,1594.232,1594.232,1679.784,1679.784,1679.784,1679.784,1679.784,1679.784,1679.784,1679.784,1679.784,1679.784,1679.784,1679.784,1679.784,1679.784,1679.784,1679.784,1679.998,1679.998,1679.998,1679.998,1679.998,1679.998,1679.998,1679.998,1679.998,1679.998,1679.998,1679.998,1679.998,1679.998,1679.998,1679.998,1679.998,1679.998,1679.998,1679.998,1679.998,1679.998,1679.998,1679.998,1751.49,1751.49,1751.49,1751.49,1751.49,1751.49,1751.49,1751.49,1751.49,1751.49,1751.49,1751.49,1751.49,1751.49,1751.49,1751.49,1751.49,1751.49,1751.49,1751.49
2014-01-01,,,,,,,,,,,,,,,,,,,,,,,,,,,,,,,,,,,,,,,,,,,,,,,,,,,,,,,,,,,,,,,,,,,,,,,,,,,,,,,,,,,,,,,,,,,,,,,,,,,,,,,,,,,,,,,,,,,,,,,,,,,,,,,,,,,,,,,,,,,,,,,,,,,,,,,,,,,,,,,,,,,,,,,,,,,,,,,,,,,,,,,,,,,,,,,,,,,,,,,,,,,,,,,,,,,,,,,,,,,,,,,,,,,,,,,,,,,,,,,,,,,,,,,,,,,,,,,,,,,,,,,,,,,,,,,,,,,,,,,,,,1503.0,1516.5,1379.8,1379.8,1379.8,1379.8,1379.8,1379.8,1379.8,1379.8,1427.4,1427.4,1427.4,1427.4,1427.4,1427.4,1427.4,1427.4,1492.4,1492.4,1492.4,1492.4,1492.4,1492.4,1492.4,1492.4,1479.5,1479.5,1479.5,1479.492,1479.492,1479.492,1479.492,1479.492,1479.492,1577.222,1577.222,1577.222,1577.222,1577.222,1577.222,1577.222,1577.222,1563.765,1563.765,1563.765,1563.765,1563.765,1563.765,1563.765,1563.765,1563.708,1563.708,1563.708,1563.708,1563.708,1563.708,1563.708,1563.708,1563.708,1563.708,1563.708,1563.708,1563.708,1563.708,1563.708,1563.708,1563.708,1563.708,1563.708,1563.708,1563.708,1563.708,1563.708,1563.708,1652.642,1652.642,1652.642,1652.642,1652.642,1652.642,1652.642,1652.642,1652.642,1652.642,1652.642,1652.642,1652.642,1652.642,1652.642,1652.642,1652.642,1652.642,1652.642,1652.642
2014-04-01,,,,,,,,,,,,,,,,,,,,,,,,,,,,,,,,,,,,,,,,,,,,,,,,,,,,,,,,,,,,,,,,,,,,,,,,,,,,,,,,,,,,,,,,,,,,,,,,,,,,,,,,,,,,,,,,,,,,,,,,,,,,,,,,,,,,,,,,,,,,,,,,,,,,,,,,,,,,,,,,,,,,,,,,,,,,,,,,,,,,,,,,,,,,,,,,,,,,,,,,,,,,,,,,,,,,,,,,,,,,,,,,,,,,,,,,,,,,,,,,,,,,,,,,,,,,,,,,,,,,,,,,,,,,,,,,,,,,,,,,,,,,,1495.0,1498.2,1498.2,1498.2,1498.2,1498.2,1498.2,1543.1,1543.1,1543.1,1543.1,1543.1,1543.1,1543.1,1543.1,1615.9,1615.9,1615.9,1615.9,1615.9,1615.9,1615.9,1615.9,1622.1,1622.1,1622.1,1622.08,1622.08,1622.08,1622.08,1622.08,1622.08,1710.179,1710.179,1710.179,1710.179,1710.179,1710.179,1710.179,1710.179,1712.427,1712.427,1712.427,1712.427,1712.427,1712.427,1712.427,1712.427,1712.454,1712.454,1712.454,1712.454,1712.454,1712.454,1712.454,1712.454,1712.454,1712.454,1712.454,1712.454,1712.454,1712.454,1712.454,1712.454,1712.454,1712.454,1712.454,1712.454,1712.454,1712.454,1712.454,1712.454,1801.772,1801.772,1801.772,1801.772,1801.772,1801.772,1801.772,1801.772,1801.772,1801.772,1801.772,1801.772,1801.772,1801.772,1801.772,1801.772,1801.772,1801.772,1801.772,1801.772
2014-07-01,,,,,,,,,,,,,,,,,,,,,,,,,,,,,,,,,,,,,,,,,,,,,,,,,,,,,,,,,,,,,,,,,,,,,,,,,,,,,,,,,,,,,,,,,,,,,,,,,,,,,,,,,,,,,,,,,,,,,,,,,,,,,,,,,,,,,,,,,,,,,,,,,,,,,,,,,,,,,,,,,,,,,,,,,,,,,,,,,,,,,,,,,,,,,,,,,,,,,,,,,,,,,,,,,,,,,,,,,,,,,,,,,,,,,,,,,,,,,,,,,,,,,,,,,,,,,,,,,,,,,,,,,,,,,,,,,,,,,,,,,,,,,,,1546.8,1568.3,1568.3,1568.3,1568.3,1642.7,1642.7,1642.7,1642.7,1642.7,1642.7,1642.7,1642.7,1665.5,1665.5,1665.5,1665.5,1665.5,1665.5,1665.5,1665.5,1698.1,1698.1,1698.1,1698.077,1698.077,1698.077,1698.077,1698.077,1698.077,1792.235,1792.235,1792.235,1792.235,1792.235,1792.235,1792.235,1792.235,1792.731,1792.731,1792.731,1792.731,1792.731,1792.731,1792.731,1792.731,1793.119,1793.119,1793.119,1793.119,1793.119,1793.119,1793.119,1793.119,1793.119,1793.119,1793.119,1793.119,1793.119,1793.119,1793.119,1793.119,1793.119,1793.119,1793.119,1793.119,1793.119,1793.119,1793.119,1793.119,1889.023,1889.023,1889.023,1889.023,1889.023,1889.023,1889.023,1889.023,1889.023,1889.023,1889.023,1889.023,1889.023,1889.023,1889.023,1889.023,1889.023,1889.023,1889.023,1889.023
2014-10-01,,,,,,,,,,,,,,,,,,,,,,,,,,,,,,,,,,,,,,,,,,,,,,,,,,,,,,,,,,,,,,,,,,,,,,,,,,,,,,,,,,,,,,,,,,,,,,,,,,,,,,,,,,,,,,,,,,,,,,,,,,,,,,,,,,,,,,,,,,,,,,,,,,,,,,,,,,,,,,,,,,,,,,,,,,,,,,,,,,,,,,,,,,,,,,,,,,,,,,,,,,,,,,,,,,,,,,,,,,,,,,,,,,,,,,,,,,,,,,,,,,,,,,,,,,,,,,,,,,,,,,,,,,,,,,,,,,,,,,,,,,,,,,,,,1542.5,1542.5,1542.5,1623.2,1623.2,1623.2,1623.2,1623.2,1623.2,1623.2,1623.2,1703.6,1703.6,1703.6,1703.6,1703.6,1703.6,1703.6,1703.6,1741.4,1741.4,1741.4,1741.367,1741.367,1741.367,1741.367,1741.367,1741.367,1766.198,1766.198,1766.198,1766.198,1766.198,1766.198,1766.198,1766.198,1782.703,1782.703,1782.703,1782.703,1782.703,1782.703,1782.703,1782.703,1783.305,1783.305,1783.305,1783.305,1783.305,1783.305,1783.305,1783.305,1783.305,1783.305,1783.305,1783.305,1783.305,1783.305,1783.305,1783.305,1783.305,1783.305,1783.305,1783.305,1783.305,1783.305,1783.305,1783.305,1880.338,1880.338,1880.338,1880.338,1880.338,1880.338,1880.338,1880.338,1880.338,1880.338,1880.338,1880.338,1880.338,1880.338,1880.338,1880.338,1880.338,1880.338,1880.338,1880.338
2015-01-01,,,,,,,,,,,,,,,,,,,,,,,,,,,,,,,,,,,,,,,,,,,,,,,,,,,,,,,,,,,,,,,,,,,,,,,,,,,,,,,,,,,,,,,,,,,,,,,,,,,,,,,,,,,,,,,,,,,,,,,,,,,,,,,,,,,,,,,,,,,,,,,,,,,,,,,,,,,,,,,,,,,,,,,,,,,,,,,,,,,,,,,,,,,,,,,,,,,,,,,,,,,,,,,,,,,,,,,,,,,,,,,,,,,,,,,,,,,,,,,,,,,,,,,,,,,,,,,,,,,,,,,,,,,,,,,,,,,,,,,,,,,,,,,,,,1407.9,1406.4,1494.7,1494.7,1494.7,1494.7,1494.7,1494.7,1494.7,1494.7,1610.6,1610.6,1610.6,1610.6,1610.6,1610.6,1610.6,1610.6,1653.7,1653.7,1653.7,1653.663,1653.663,1653.663,1653.663,1653.663,1653.663,1716.267,1716.267,1716.267,1716.267,1716.267,1716.267,1716.267,1716.267,1713.122,1713.122,1713.122,1713.122,1713.122,1713.122,1713.122,1713.122,1706.902,1706.902,1706.902,1706.902,1706.902,1706.902,1706.902,1706.902,1706.902,1706.902,1706.902,1706.902,1706.902,1706.902,1706.902,1706.902,1706.902,1706.902,1706.902,1706.902,1706.902,1706.902,1706.902,1706.902,1826.631,1826.631,1826.631,1826.631,1826.631,1826.631,1826.631,1826.631,1826.631,1826.631,1826.631,1826.631,1826.631,1826.631,1826.631,1826.631,1826.631,1826.631,1826.631,1826.631
2015-04-01,,,,,,,,,,,,,,,,,,,,,,,,,,,,,,,,,,,,,,,,,,,,,,,,,,,,,,,,,,,,,,,,,,,,,,,,,,,,,,,,,,,,,,,,,,,,,,,,,,,,,,,,,,,,,,,,,,,,,,,,,,,,,,,,,,,,,,,,,,,,,,,,,,,,,,,,,,,,,,,,,,,,,,,,,,,,,,,,,,,,,,,,,,,,,,,,,,,,,,,,,,,,,,,,,,,,,,,,,,,,,,,,,,,,,,,,,,,,,,,,,,,,,,,,,,,,,,,,,,,,,,,,,,,,,,,,,,,,,,,,,,,,,,,,,,,,,1513.9,1533.9,1533.9,1533.9,1533.9,1533.9,1533.9,1568.6,1568.6,1568.6,1568.6,1568.6,1568.6,1568.6,1568.6,1658.5,1658.5,1658.5,1658.486,1658.486,1658.486,1658.486,1658.486,1658.486,1680.627,1680.627,1680.627,1680.627,1680.627,1680.627,1680.627,1680.627,1683.682,1683.682,1683.682,1683.682,1683.682,1683.682,1683.682,1683.682,1689.152,1689.152,1689.152,1689.152,1689.152,1689.152,1689.152,1689.152,1689.152,1689.152,1689.152,1689.152,1689.152,1689.152,1689.152,1689.152,1689.152,1689.152,1689.152,1689.152,1689.152,1689.152,1689.152,1689.152,1799.6,1799.6,1799.6,1799.6,1799.6,1799.6,1799.6,1799.6,1799.6,1799.6,1799.6,1799.6,1799.6,1799.6,1799.6,1799.6,1799.6,1799.6,1799.6,1799.6
2015-07-01,,,,,,,,,,,,,,,,,,,,,,,,,,,,,,,,,,,,,,,,,,,,,,,,,,,,,,,,,,,,,,,,,,,,,,,,,,,,,,,,,,,,,,,,,,,,,,,,,,,,,,,,,,,,,,,,,,,,,,,,,,,,,,,,,,,,,,,,,,,,,,,,,,,,,,,,,,,,,,,,,,,,,,,,,,,,,,,,,,,,,,,,,,,,,,,,,,,,,,,,,,,,,,,,,,,,,,,,,,,,,,,,,,,,,,,,,,,,,,,,,,,,,,,,,,,,,,,,,,,,,,,,,,,,,,,,,,,,,,,,,,,,,,,,,,,,,,,1508.9,1507.7,1507.7,1507.7,1507.7,1565.3,1565.3,1565.3,1565.3,1565.3,1565.3,1565.3,1565.3,1650.3,1650.3,1650.3,1650.296,1650.296,1650.296,1650.296,1650.296,1650.296,1665.136,1665.136,1665.136,1665.136,1665.136,1665.136,1665.136,1665.136,1673.218,1673.218,1673.218,1673.218,1673.218,1673.218,1673.218,1673.218,1675.564,1675.564,1675.564,1675.564,1675.564,1675.564,1675.564,1675.564,1675.564,1675.564,1675.564,1675.564,1675.564,1675.564,1675.564,1675.564,1675.564,1675.564,1675.564,1675.564,1675.564,1675.564,1675.564,1675.564,1780.289,1780.289,1780.289,1780.289,1780.289,1780.289,1780.289,1780.289,1780.289,1780.289,1780.289,1780.289,1780.289,1780.289,1780.289,1780.289,1780.289,1780.289,1780.289,1780.289
2015-10-01,,,,,,,,,,,,,,,,,,,,,,,,,,,,,,,,,,,,,,,,,,,,,,,,,,,,,,,,,,,,,,,,,,,,,,,,,,,,,,,,,,,,,,,,,,,,,,,,,,,,,,,,,,,,,,,,,,,,,,,,,,,,,,,,,,,,,,,,,,,,,,,,,,,,,,,,,,,,,,,,,,,,,,,,,,,,,,,,,,,,,,,,,,,,,,,,,,,,,,,,,,,,,,,,,,,,,,,,,,,,,,,,,,,,,,,,,,,,,,,,,,,,,,,,,,,,,,,,,,,,,,,,,,,,,,,,,,,,,,,,,,,,,,,,,,,,,,,,,1380.4,1380.4,1380.4,1392.6,1392.6,1392.6,1392.6,1392.6,1392.6,1392.6,1392.6,1477.7,1477.7,1477.7,1477.742,1477.742,1477.742,1477.742,1477.742,1477.742,1578.171,1578.171,1578.171,1578.171,1578.171,1578.171,1578.171,1578.171,1589.653,1589.653,1589.653,1589.653,1589.653,1589.653,1589.653,1589.653,1585.203,1585.203,1585.203,1585.203,1585.203,1585.203,1585.203,1585.203,1585.203,1585.203,1585.203,1585.203,1585.203,1585.203,1585.203,1585.203,1585.203,1585.203,1585.203,1585.203,1585.203,1585.203,1585.203,1585.203,1701.493,1701.493,1701.493,1701.493,1701.493,1701.493,1701.493,1701.493,1701.493,1701.493,1701.493,1701.493,1701.493,1701.493,1701.493,1701.493,1701.493,1701.493,1701.493,1701.493
2016-01-01,,,,,,,,,,,,,,,,,,,,,,,,,,,,,,,,,,,,,,,,,,,,,,,,,,,,,,,,,,,,,,,,,,,,,,,,,,,,,,,,,,,,,,,,,,,,,,,,,,,,,,,,,,,,,,,,,,,,,,,,,,,,,,,,,,,,,,,,,,,,,,,,,,,,,,,,,,,,,,,,,,,,,,,,,,,,,,,,,,,,,,,,,,,,,,,,,,,,,,,,,,,,,,,,,,,,,,,,,,,,,,,,,,,,,,,,,,,,,,,,,,,,,,,,,,,,,,,,,,,,,,,,,,,,,,,,,,,,,,,,,,,,,,,,,,,,,,,,,,1388.5,1410.7,1506.0,1506.0,1506.0,1506.0,1506.0,1506.0,1506.0,1506.0,1584.8,1584.8,1584.8,1584.842,1584.842,1584.842,1584.842,1584.842,1584.842,1610.813,1610.813,1610.813,1610.813,1610.813,1610.813,1610.813,1610.813,1648.956,1648.956,1648.956,1648.956,1648.956,1648.956,1648.956,1648.956,1661.368,1661.368,1661.368,1661.368,1661.368,1661.368,1661.368,1661.368,1664.907,1664.907,1664.907,1664.907,1664.907,1664.907,1664.907,1664.907,1664.907,1664.907,1664.907,1664.907,1664.907,1664.907,1664.907,1664.907,1777.476,1777.476,1777.476,1777.476,1777.476,1777.476,1777.476,1777.476,1777.476,1777.476,1777.476,1777.476,1777.476,1777.476,1777.476,1777.476,1777.476,1777.476,1777.476,1777.476
2016-04-01,,,,,,,,,,,,,,,,,,,,,,,,,,,,,,,,,,,,,,,,,,,,,,,,,,,,,,,,,,,,,,,,,,,,,,,,,,,,,,,,,,,,,,,,,,,,,,,,,,,,,,,,,,,,,,,,,,,,,,,,,,,,,,,,,,,,,,,,,,,,,,,,,,,,,,,,,,,,,,,,,,,,,,,,,,,,,,,,,,,,,,,,,,,,,,,,,,,,,,,,,,,,,,,,,,,,,,,,,,,,,,,,,,,,,,,,,,,,,,,,,,,,,,,,,,,,,,,,,,,,,,,,,,,,,,,,,,,,,,,,,,,,,,,,,,,,,,,,,,,,,1469.7,1477.1,1477.1,1477.1,1477.1,1477.1,1477.1,1525.1,1525.1,1525.1,1525.131,1525.131,1525.131,1525.131,1525.131,1525.131,1632.168,1632.168,1632.168,1632.168,1632.168,1632.168,1632.168,1632.168,1624.25,1624.25,1624.25,1624.25,1624.25,1624.25,1624.25,1624.25,1616.782,1616.782,1616.782,1616.782,1616.782,1616.782,1616.782,1616.782,1624.245,1624.245,1624.245,1624.245,1624.245,1624.245,1624.245,1624.245,1624.245,1624.245,1624.245,1624.245,1624.245,1624.245,1624.245,1624.245,1733.129,1733.129,1733.129,1733.129,1733.129,1733.129,1733.129,1733.129,1733.129,1733.129,1733.129,1733.129,1733.129,1733.129,1733.129,1733.129,1733.129,1733.129,1733.129,1733.129
2016-07-01,,,,,,,,,,,,,,,,,,,,,,,,,,,,,,,,,,,,,,,,,,,,,,,,,,,,,,,,,,,,,,,,,,,,,,,,,,,,,,,,,,,,,,,,,,,,,,,,,,,,,,,,,,,,,,,,,,,,,,,,,,,,,,,,,,,,,,,,,,,,,,,,,,,,,,,,,,,,,,,,,,,,,,,,,,,,,,,,,,,,,,,,,,,,,,,,,,,,,,,,,,,,,,,,,,,,,,,,,,,,,,,,,,,,,,,,,,,,,,,,,,,,,,,,,,,,,,,,,,,,,,,,,,,,,,,,,,,,,,,,,,,,,,,,,,,,,,,,,,,,,,,1589.8,1575.4,1575.4,1575.4,1575.4,1614.1,1614.1,1614.1,1614.052,1614.052,1614.052,1614.052,1614.052,1614.052,1631.601,1631.601,1631.601,1631.601,1631.601,1631.601,1631.601,1631.601,1621.257,1621.257,1621.257,1621.257,1621.257,1621.257,1621.257,1621.257,1636.697,1636.697,1636.697,1636.697,1636.697,1636.697,1636.697,1636.697,1649.948,1649.948,1649.948,1649.948,1649.948,1649.948,1649.948,1649.948,1649.948,1649.948,1649.948,1649.948,1649.948,1649.948,1649.948,1649.948,1754.784,1754.784,1754.784,1754.784,1754.784,1754.784,1754.784,1754.784,1754.784,1754.784,1754.784,1754.784,1754.784,1754.784,1754.784,1754.784,1754.784,1754.784,1754.784,1754.784
2016-10-01,,,,,,,,,,,,,,,,,,,,,,,,,,,,,,,,,,,,,,,,,,,,,,,,,,,,,,,,,,,,,,,,,,,,,,,,,,,,,,,,,,,,,,,,,,,,,,,,,,,,,,,,,,,,,,,,,,,,,,,,,,,,,,,,,,,,,,,,,,,,,,,,,,,,,,,,,,,,,,,,,,,,,,,,,,,,,,,,,,,,,,,,,,,,,,,,,,,,,,,,,,,,,,,,,,,,,,,,,,,,,,,,,,,,,,,,,,,,,,,,,,,,,,,,,,,,,,,,,,,,,,,,,,,,,,,,,,,,,,,,,,,,,,,,,,,,,,,,,,,,,,,,,1611.4,1611.4,1611.4,1685.7,1685.7,1685.7,1685.732,1685.732,1685.732,1685.732,1685.732,1685.732,1693.915,1693.915,1693.915,1693.915,1693.915,1693.915,1693.915,1693.915,1641.03,1641.03,1641.03,1641.03,1641.03,1641.03,1641.03,1641.03,1675.424,1675.424,1675.424,1675.424,1675.424,1675.424,1675.424,1675.424,1707.035,1707.035,1707.035,1707.035,1707.035,1707.035,1707.035,1707.035,1707.035,1707.035,1707.035,1707.035,1707.035,1707.035,1707.035,1707.035,1807.72,1807.72,1807.72,1807.72,1807.72,1807.72,1807.72,1807.72,1807.72,1807.72,1807.72,1807.72,1807.72,1807.72,1807.72,1807.72,1807.72,1807.72,1807.72,1807.72
2017-01-01,,,,,,,,,,,,,,,,,,,,,,,,,,,,,,,,,,,,,,,,,,,,,,,,,,,,,,,,,,,,,,,,,,,,,,,,,,,,,,,,,,,,,,,,,,,,,,,,,,,,,,,,,,,,,,,,,,,,,,,,,,,,,,,,,,,,,,,,,,,,,,,,,,,,,,,,,,,,,,,,,,,,,,,,,,,,,,,,,,,,,,,,,,,,,,,,,,,,,,,,,,,,,,,,,,,,,,,,,,,,,,,,,,,,,,,,,,,,,,,,,,,,,,,,,,,,,,,,,,,,,,,,,,,,,,,,,,,,,,,,,,,,,,,,,,,,,,,,,,,,,,,,,,1571.2,1567.4,1642.7,1642.7,1642.7,1642.702,1642.702,1642.702,1642.702,1642.702,1642.702,1707.837,1707.837,1707.837,1707.837,1707.837,1707.837,1707.837,1707.837,1672.537,1672.537,1672.537,1672.537,1672.537,1672.537,1672.537,1672.537,1750.796,1750.796,1750.796,1750.796,1750.796,1750.796,1750.796,1750.796,1772.606,1772.606,1772.606,1772.606,1772.606,1772.606,1772.606,1772.606,1772.606,1791.42,1791.42,1791.42,1791.42,1791.42,1791.42,1791.42,1911.361,1911.361,1911.361,1911.361,1911.361,1911.361,1911.361,1911.361,1911.361,1911.361,1911.361,1911.361,1911.361,1911.361,1911.361,1911.361,1911.361,1911.361,1911.361,1911.361
2017-04-01,,,,,,,,,,,,,,,,,,,,,,,,,,,,,,,,,,,,,,,,,,,,,,,,,,,,,,,,,,,,,,,,,,,,,,,,,,,,,,,,,,,,,,,,,,,,,,,,,,,,,,,,,,,,,,,,,,,,,,,,,,,,,,,,,,,,,,,,,,,,,,,,,,,,,,,,,,,,,,,,,,,,,,,,,,,,,,,,,,,,,,,,,,,,,,,,,,,,,,,,,,,,,,,,,,,,,,,,,,,,,,,,,,,,,,,,,,,,,,,,,,,,,,,,,,,,,,,,,,,,,,,,,,,,,,,,,,,,,,,,,,,,,,,,,,,,,,,,,,,,,,,,,,,,,1655.6,1643.8,1643.802,1643.802,1643.802,1643.802,1643.802,1643.802,1733.696,1733.696,1733.696,1733.696,1733.696,1733.696,1733.696,1733.696,1693.893,1693.893,1693.893,1693.893,1693.893,1693.893,1693.893,1693.893,1783.334,1783.334,1783.334,1783.334,1783.334,1783.334,1783.334,1783.334,1789.228,1789.228,1789.228,1789.228,1789.228,1789.228,1789.228,1789.228,1789.228,1803.738,1803.738,1803.738,1803.738,1803.738,1803.738,1803.738,1896.913,1896.913,1896.913,1896.913,1896.913,1896.913,1896.913,1896.913,1896.913,1896.913,1896.913,1896.913,1896.913,1896.913,1896.913,1896.913,1896.913,1896.913,1896.913,1896.913
2017-07-01,,,,,,,,,,,,,,,,,,,,,,,,,,,,,,,,,,,,,,,,,,,,,,,,,,,,,,,,,,,,,,,,,,,,,,,,,,,,,,,,,,,,,,,,,,,,,,,,,,,,,,,,,,,,,,,,,,,,,,,,,,,,,,,,,,,,,,,,,,,,,,,,,,,,,,,,,,,,,,,,,,,,,,,,,,,,,,,,,,,,,,,,,,,,,,,,,,,,,,,,,,,,,,,,,,,,,,,,,,,,,,,,,,,,,,,,,,,,,,,,,,,,,,,,,,,,,,,,,,,,,,,,,,,,,,,,,,,,,,,,,,,,,,,,,,,,,,,,,,,,,,,,,,,,,,,,1738.615,1738.205,1738.205,1738.205,1738.205,1735.942,1735.942,1735.942,1735.942,1735.942,1735.942,1735.942,1735.942,1683.684,1683.684,1683.684,1683.684,1683.684,1683.684,1683.684,1683.684,1813.851,1813.851,1813.851,1813.851,1813.851,1813.851,1813.851,1813.851,1829.338,1829.338,1829.338,1829.338,1829.338,1829.338,1829.338,1829.338,1829.338,1845.108,1845.108,1845.108,1845.108,1845.108,1845.108,1845.108,1927.001,1927.001,1927.001,1927.001,1927.001,1927.001,1927.001,1927.001,1927.001,1927.001,1927.001,1927.001,1927.001,1927.001,1927.001,1927.001,1927.001,1927.001,1927.001,1927.001
2017-10-01,,,,,,,,,,,,,,,,,,,,,,,,,,,,,,,,,,,,,,,,,,,,,,,,,,,,,,,,,,,,,,,,,,,,,,,,,,,,,,,,,,,,,,,,,,,,,,,,,,,,,,,,,,,,,,,,,,,,,,,,,,,,,,,,,,,,,,,,,,,,,,,,,,,,,,,,,,,,,,,,,,,,,,,,,,,,,,,,,,,,,,,,,,,,,,,,,,,,,,,,,,,,,,,,,,,,,,,,,,,,,,,,,,,,,,,,,,,,,,,,,,,,,,,,,,,,,,,,,,,,,,,,,,,,,,,,,,,,,,,,,,,,,,,,,,,,,,,,,,,,,,,,,,,,,,,,,,1766.966,1766.966,1766.966,1816.849,1816.849,1816.849,1816.849,1816.849,1816.849,1816.849,1816.849,1695.969,1695.969,1695.969,1695.969,1695.969,1695.969,1695.969,1695.969,1864.736,1864.736,1864.736,1864.736,1864.736,1864.736,1864.736,1864.736,1875.1,1875.1,1875.1,1875.1,1875.1,1875.1,1875.1,1875.1,1875.1,1884.593,1884.593,1884.593,1884.593,1884.593,1884.593,1884.593,1977.064,1977.064,1977.064,1977.064,1977.064,1977.064,1977.064,1977.064,1977.064,1977.064,1977.064,1977.064,1977.064,1977.064,1977.064,1977.064,1977.064,1977.064,1977.064,1977.064
2018-01-01,,,,,,,,,,,,,,,,,,,,,,,,,,,,,,,,,,,,,,,,,,,,,,,,,,,,,,,,,,,,,,,,,,,,,,,,,,,,,,,,,,,,,,,,,,,,,,,,,,,,,,,,,,,,,,,,,,,,,,,,,,,,,,,,,,,,,,,,,,,,,,,,,,,,,,,,,,,,,,,,,,,,,,,,,,,,,,,,,,,,,,,,,,,,,,,,,,,,,,,,,,,,,,,,,,,,,,,,,,,,,,,,,,,,,,,,,,,,,,,,,,,,,,,,,,,,,,,,,,,,,,,,,,,,,,,,,,,,,,,,,,,,,,,,,,,,,,,,,,,,,,,,,,,,,,,,,,,1871.978,1919.986,1965.294,1965.294,1965.294,1965.294,1965.294,1965.294,1965.294,1965.294,1844.67,1844.67,1844.67,1844.67,1844.67,1844.67,1844.67,1844.67,1950.196,1950.196,1950.196,1950.196,1950.196,1950.196,1950.196,1950.196,1983.306,1983.306,1983.306,1983.306,1983.306,1983.306,1983.306,1983.306,1983.306,1968.334,1968.334,1968.334,1968.334,1968.334,1968.334,1968.334,2028.401,2028.401,2028.401,2028.401,2028.401,2028.401,2028.401,2028.401,2028.401,2028.401,2028.401,2028.401,2028.401,2028.401,2028.401,2028.401,2028.401,2028.401,2028.401,2028.401
2018-04-01,,,,,,,,,,,,,,,,,,,,,,,,,,,,,,,,,,,,,,,,,,,,,,,,,,,,,,,,,,,,,,,,,,,,,,,,,,,,,,,,,,,,,,,,,,,,,,,,,,,,,,,,,,,,,,,,,,,,,,,,,,,,,,,,,,,,,,,,,,,,,,,,,,,,,,,,,,,,,,,,,,,,,,,,,,,,,,,,,,,,,,,,,,,,,,,,,,,,,,,,,,,,,,,,,,,,,,,,,,,,,,,,,,,,,,,,,,,,,,,,,,,,,,,,,,,,,,,,,,,,,,,,,,,,,,,,,,,,,,,,,,,,,,,,,,,,,,,,,,,,,,,,,,,,,,,,,,,,,,2012.595,2007.526,2007.526,2007.526,2007.526,2007.526,2007.526,1833.767,1833.767,1833.767,1833.767,1833.767,1833.767,1833.767,1833.767,1947.9,1947.9,1947.9,1947.9,1947.9,1947.9,1947.9,1947.9,1981.407,1981.407,1981.407,1981.407,1981.407,1981.407,1981.407,1981.407,1981.407,1972.682,1972.682,1972.682,1972.682,1972.682,1972.682,1972.682,2070.954,2070.954,2070.954,2070.954,2070.954,2070.954,2070.954,2070.954,2070.954,2070.954,2070.954,2070.954,2070.954,2070.954,2070.954,2070.954,2070.954,2070.954,2070.954,2070.954
2018-07-01,,,,,,,,,,,,,,,,,,,,,,,,,,,,,,,,,,,,,,,,,,,,,,,,,,,,,,,,,,,,,,,,,,,,,,,,,,,,,,,,,,,,,,,,,,,,,,,,,,,,,,,,,,,,,,,,,,,,,,,,,,,,,,,,,,,,,,,,,,,,,,,,,,,,,,,,,,,,,,,,,,,,,,,,,,,,,,,,,,,,,,,,,,,,,,,,,,,,,,,,,,,,,,,,,,,,,,,,,,,,,,,,,,,,,,,,,,,,,,,,,,,,,,,,,,,,,,,,,,,,,,,,,,,,,,,,,,,,,,,,,,,,,,,,,,,,,,,,,,,,,,,,,,,,,,,,,,,,,,,,2073.481,2076.822,2076.822,2076.822,2076.822,1873.901,1873.901,1873.901,1873.901,1873.901,1873.901,1873.901,1873.901,1969.834,1969.834,1969.834,1969.834,1969.834,1969.834,1969.834,1969.834,2033.059,2033.059,2033.059,2033.059,2033.059,2033.059,2033.059,2033.059,2033.059,2028.383,2028.383,2028.383,2028.383,2028.383,2028.383,2028.383,2071.997,2071.997,2071.997,2071.997,2071.997,2071.997,2071.997,2071.997,2071.997,2071.997,2071.997,2071.997,2071.997,2071.997,2071.997,2071.997,2071.997,2071.997,2071.997,2071.997
2018-10-01,,,,,,,,,,,,,,,,,,,,,,,,,,,,,,,,,,,,,,,,,,,,,,,,,,,,,,,,,,,,,,,,,,,,,,,,,,,,,,,,,,,,,,,,,,,,,,,,,,,,,,,,,,,,,,,,,,,,,,,,,,,,,,,,,,,,,,,,,,,,,,,,,,,,,,,,,,,,,,,,,,,,,,,,,,,,,,,,,,,,,,,,,,,,,,,,,,,,,,,,,,,,,,,,,,,,,,,,,,,,,,,,,,,,,,,,,,,,,,,,,,,,,,,,,,,,,,,,,,,,,,,,,,,,,,,,,,,,,,,,,,,,,,,,,,,,,,,,,,,,,,,,,,,,,,,,,,,,,,,,,,2076.156,2076.156,2076.156,1867.12,1867.12,1867.12,1867.12,1867.12,1867.12,1867.12,1867.12,1972.401,1972.401,1972.401,1972.401,1972.401,1972.401,1972.401,1972.401,2095.878,2095.878,2095.878,2095.878,2095.878,2095.878,2095.878,2095.878,2095.878,2087.605,2087.605,2087.605,2087.605,2087.605,2087.605,2087.605,2099.624,2099.624,2099.624,2099.624,2099.624,2099.624,2099.624,2099.624,2099.624,2099.624,2099.624,2099.624,2099.624,2099.624,2099.624,2099.624,2099.624,2099.624,2099.624,2099.624
2019-01-01,,,,,,,,,,,,,,,,,,,,,,,,,,,,,,,,,,,,,,,,,,,,,,,,,,,,,,,,,,,,,,,,,,,,,,,,,,,,,,,,,,,,,,,,,,,,,,,,,,,,,,,,,,,,,,,,,,,,,,,,,,,,,,,,,,,,,,,,,,,,,,,,,,,,,,,,,,,,,,,,,,,,,,,,,,,,,,,,,,,,,,,,,,,,,,,,,,,,,,,,,,,,,,,,,,,,,,,,,,,,,,,,,,,,,,,,,,,,,,,,,,,,,,,,,,,,,,,,,,,,,,,,,,,,,,,,,,,,,,,,,,,,,,,,,,,,,,,,,,,,,,,,,,,,,,,,,,,,,,,,,,,2003.432,2012.344,1791.422,1791.422,1791.422,1791.422,1791.422,1791.422,1791.422,1791.422,1886.62,1886.62,1886.62,1886.62,1886.62,1886.62,1886.62,1886.62,1999.827,1999.827,1999.827,1999.827,1999.827,1999.827,1999.827,1999.827,1999.827,2050.963,2050.963,2050.963,2050.963,2050.963,2050.963,2050.963,2124.464,2124.464,2124.464,2124.464,2124.464,2124.464,2124.464,2133.343,2133.343,2133.343,2133.343,2133.343,2133.343,2133.343,2133.343,2133.343,2133.343,2133.343,2133.343,2133.343
2019-04-01,,,,,,,,,,,,,,,,,,,,,,,,,,,,,,,,,,,,,,,,,,,,,,,,,,,,,,,,,,,,,,,,,,,,,,,,,,,,,,,,,,,,,,,,,,,,,,,,,,,,,,,,,,,,,,,,,,,,,,,,,,,,,,,,,,,,,,,,,,,,,,,,,,,,,,,,,,,,,,,,,,,,,,,,,,,,,,,,,,,,,,,,,,,,,,,,,,,,,,,,,,,,,,,,,,,,,,,,,,,,,,,,,,,,,,,,,,,,,,,,,,,,,,,,,,,,,,,,,,,,,,,,,,,,,,,,,,,,,,,,,,,,,,,,,,,,,,,,,,,,,,,,,,,,,,,,,,,,,,,,,,,,,,1882.966,1857.531,1857.531,1857.531,1857.531,1857.531,1857.531,1958.237,1958.237,1958.237,1958.237,1958.237,1958.237,1958.237,1958.237,2083.189,2083.189,2083.189,2083.189,2083.189,2083.189,2083.189,2083.189,2083.189,2115.309,2115.309,2115.309,2115.309,2115.309,2115.309,2115.309,2147.237,2147.237,2147.237,2147.237,2147.237,2147.237,2147.237,2160.739,2160.739,2160.739,2160.739,2160.739,2160.739,2160.739,2160.739,2160.739,2160.739,2160.739,2160.739,2160.739
2019-07-01,,,,,,,,,,,,,,,,,,,,,,,,,,,,,,,,,,,,,,,,,,,,,,,,,,,,,,,,,,,,,,,,,,,,,,,,,,,,,,,,,,,,,,,,,,,,,,,,,,,,,,,,,,,,,,,,,,,,,,,,,,,,,,,,,,,,,,,,,,,,,,,,,,,,,,,,,,,,,,,,,,,,,,,,,,,,,,,,,,,,,,,,,,,,,,,,,,,,,,,,,,,,,,,,,,,,,,,,,,,,,,,,,,,,,,,,,,,,,,,,,,,,,,,,,,,,,,,,,,,,,,,,,,,,,,,,,,,,,,,,,,,,,,,,,,,,,,,,,,,,,,,,,,,,,,,,,,,,,,,,,,,,,,,,1881.193,1868.662,1868.662,1868.662,1868.662,1963.427,1963.427,1963.427,1963.427,1963.427,1963.427,1963.427,1963.427,2090.27,2090.27,2090.27,2090.27,2090.27,2090.27,2090.27,2090.27,2090.27,2129.992,2129.992,2129.992,2129.992,2129.992,2129.992,2129.992,2220.297,2220.297,2220.297,2220.297,2220.297,2220.297,2220.297,2204.873,2204.873,2204.873,2204.873,2204.873,2204.873,2204.873,2204.873,2204.873,2204.873,2204.873,2204.873,2204.873
2019-10-01,,,,,,,,,,,,,,,,,,,,,,,,,,,,,,,,,,,,,,,,,,,,,,,,,,,,,,,,,,,,,,,,,,,,,,,,,,,,,,,,,,,,,,,,,,,,,,,,,,,,,,,,,,,,,,,,,,,,,,,,,,,,,,,,,,,,,,,,,,,,,,,,,,,,,,,,,,,,,,,,,,,,,,,,,,,,,,,,,,,,,,,,,,,,,,,,,,,,,,,,,,,,,,,,,,,,,,,,,,,,,,,,,,,,,,,,,,,,,,,,,,,,,,,,,,,,,,,,,,,,,,,,,,,,,,,,,,,,,,,,,,,,,,,,,,,,,,,,,,,,,,,,,,,,,,,,,,,,,,,,,,,,,,,,,,1908.232,1908.232,1908.232,1998.944,1998.944,1998.944,1998.944,1998.944,1998.944,1998.944,1998.944,2089.189,2089.189,2089.189,2089.189,2089.189,2089.189,2089.189,2089.189,2089.189,2122.67,2122.67,2122.67,2122.67,2122.67,2122.67,2122.67,2199.577,2199.577,2199.577,2199.577,2199.577,2199.577,2199.577,2197.55,2197.55,2197.55,2197.55,2197.55,2197.55,2197.55,2197.55,2197.55,2197.55,2197.55,2197.55,2197.55
2020-01-01,,,,,,,,,,,,,,,,,,,,,,,,,,,,,,,,,,,,,,,,,,,,,,,,,,,,,,,,,,,,,,,,,,,,,,,,,,,,,,,,,,,,,,,,,,,,,,,,,,,,,,,,,,,,,,,,,,,,,,,,,,,,,,,,,,,,,,,,,,,,,,,,,,,,,,,,,,,,,,,,,,,,,,,,,,,,,,,,,,,,,,,,,,,,,,,,,,,,,,,,,,,,,,,,,,,,,,,,,,,,,,,,,,,,,,,,,,,,,,,,,,,,,,,,,,,,,,,,,,,,,,,,,,,,,,,,,,,,,,,,,,,,,,,,,,,,,,,,,,,,,,,,,,,,,,,,,,,,,,,,,,,,,,,,,,,1636.823,1672.333,1779.48,1779.48,1779.48,1779.48,1779.48,1779.48,1779.48,1779.48,1924.03,1924.03,1924.03,1924.03,1924.03,1924.03,1924.03,1924.03,1924.03,1965.922,1965.922,1965.922,1965.922,1965.922,1965.922,1965.922,1993.806,1993.806,1993.806,1993.806,1993.806,1993.806,1993.806,1993.666,1993.666,1993.666,1993.666,1993.666,1993.666,1993.666,1983.118,1983.118,1983.118,1983.118,1983.118,1983.118
2020-04-01,,,,,,,,,,,,,,,,,,,,,,,,,,,,,,,,,,,,,,,,,,,,,,,,,,,,,,,,,,,,,,,,,,,,,,,,,,,,,,,,,,,,,,,,,,,,,,,,,,,,,,,,,,,,,,,,,,,,,,,,,,,,,,,,,,,,,,,,,,,,,,,,,,,,,,,,,,,,,,,,,,,,,,,,,,,,,,,,,,,,,,,,,,,,,,,,,,,,,,,,,,,,,,,,,,,,,,,,,,,,,,,,,,,,,,,,,,,,,,,,,,,,,,,,,,,,,,,,,,,,,,,,,,,,,,,,,,,,,,,,,,,,,,,,,,,,,,,,,,,,,,,,,,,,,,,,,,,,,,,,,,,,,,,,,,,,,,1569.244,1589.36,1589.36,1589.36,1589.36,1589.36,1589.36,1701.475,1701.475,1701.475,1701.475,1701.475,1701.475,1701.475,1701.475,1701.475,1746.054,1746.054,1746.054,1746.054,1746.054,1746.054,1746.054,1784.979,1784.979,1784.979,1784.979,1784.979,1784.979,1784.979,1821.924,1821.924,1821.924,1821.924,1821.924,1821.924,1821.924,1806.373,1806.373,1806.373,1806.373,1806.373,1806.373
2020-07-01,,,,,,,,,,,,,,,,,,,,,,,,,,,,,,,,,,,,,,,,,,,,,,,,,,,,,,,,,,,,,,,,,,,,,,,,,,,,,,,,,,,,,,,,,,,,,,,,,,,,,,,,,,,,,,,,,,,,,,,,,,,,,,,,,,,,,,,,,,,,,,,,,,,,,,,,,,,,,,,,,,,,,,,,,,,,,,,,,,,,,,,,,,,,,,,,,,,,,,,,,,,,,,,,,,,,,,,,,,,,,,,,,,,,,,,,,,,,,,,,,,,,,,,,,,,,,,,,,,,,,,,,,,,,,,,,,,,,,,,,,,,,,,,,,,,,,,,,,,,,,,,,,,,,,,,,,,,,,,,,,,,,,,,,,,,,,,,,2027.08,2018.481,2018.481,2018.481,2018.481,2135.144,2135.144,2135.144,2135.144,2135.144,2135.144,2135.144,2135.144,2135.144,2154.305,2154.305,2154.305,2154.305,2154.305,2154.305,2154.305,2386.835,2386.835,2386.835,2386.835,2386.835,2386.835,2386.835,2407.402,2407.402,2407.402,2407.402,2407.402,2407.402,2407.402,2414.002,2414.002,2414.002,2414.002,2414.002,2414.002
2020-10-01,,,,,,,,,,,,,,,,,,,,,,,,,,,,,,,,,,,,,,,,,,,,,,,,,,,,,,,,,,,,,,,,,,,,,,,,,,,,,,,,,,,,,,,,,,,,,,,,,,,,,,,,,,,,,,,,,,,,,,,,,,,,,,,,,,,,,,,,,,,,,,,,,,,,,,,,,,,,,,,,,,,,,,,,,,,,,,,,,,,,,,,,,,,,,,,,,,,,,,,,,,,,,,,,,,,,,,,,,,,,,,,,,,,,,,,,,,,,,,,,,,,,,,,,,,,,,,,,,,,,,,,,,,,,,,,,,,,,,,,,,,,,,,,,,,,,,,,,,,,,,,,,,,,,,,,,,,,,,,,,,,,,,,,,,,,,,,,,,,1951.445,1951.445,1951.445,2111.882,2111.882,2111.882,2111.882,2111.882,2111.882,2111.882,2111.882,2111.882,2018.472,2018.472,2018.472,2018.472,2018.472,2018.472,2018.472,2137.581,2137.581,2137.581,2137.581,2137.581,2137.581,2137.581,2175.004,2175.004,2175.004,2175.004,2175.004,2175.004,2175.004,2198.352,2198.352,2198.352,2198.352,2198.352,2198.352
2021-01-01,,,,,,,,,,,,,,,,,,,,,,,,,,,,,,,,,,,,,,,,,,,,,,,,,,,,,,,,,,,,,,,,,,,,,,,,,,,,,,,,,,,,,,,,,,,,,,,,,,,,,,,,,,,,,,,,,,,,,,,,,,,,,,,,,,,,,,,,,,,,,,,,,,,,,,,,,,,,,,,,,,,,,,,,,,,,,,,,,,,,,,,,,,,,,,,,,,,,,,,,,,,,,,,,,,,,,,,,,,,,,,,,,,,,,,,,,,,,,,,,,,,,,,,,,,,,,,,,,,,,,,,,,,,,,,,,,,,,,,,,,,,,,,,,,,,,,,,,,,,,,,,,,,,,,,,,,,,,,,,,,,,,,,,,,,,,,,,,,,,1936.005,1983.841,2207.694,2207.694,2207.694,2207.694,2207.694,2207.694,2207.694,2207.694,2207.694,2237.374,2237.374,2237.374,2237.374,2237.374,2237.374,2237.374,2401.029,2401.029,2401.029,2401.029,2401.029,2401.029,2401.029,2476.858,2476.858,2476.858,2476.858,2476.858,2476.858,2476.858,2466.046,2466.046,2466.046,2466.046,2466.046,2466.046
2021-04-01,,,,,,,,,,,,,,,,,,,,,,,,,,,,,,,,,,,,,,,,,,,,,,,,,,,,,,,,,,,,,,,,,,,,,,,,,,,,,,,,,,,,,,,,,,,,,,,,,,,,,,,,,,,,,,,,,,,,,,,,,,,,,,,,,,,,,,,,,,,,,,,,,,,,,,,,,,,,,,,,,,,,,,,,,,,,,,,,,,,,,,,,,,,,,,,,,,,,,,,,,,,,,,,,,,,,,,,,,,,,,,,,,,,,,,,,,,,,,,,,,,,,,,,,,,,,,,,,,,,,,,,,,,,,,,,,,,,,,,,,,,,,,,,,,,,,,,,,,,,,,,,,,,,,,,,,,,,,,,,,,,,,,,,,,,,,,,,,,,,,,,2420.915,2440.59,2440.59,2440.59,2440.59,2440.59,2440.59,2440.59,2401.68,2401.68,2401.68,2401.68,2401.68,2401.68,2401.68,2596.3,2596.3,2596.3,2596.3,2596.3,2596.3,2596.3,2679.371,2679.371,2679.371,2679.371,2679.371,2679.371,2679.371,2683.765,2683.765,2683.765,2683.765,2683.765,2683.765
2021-07-01,,,,,,,,,,,,,,,,,,,,,,,,,,,,,,,,,,,,,,,,,,,,,,,,,,,,,,,,,,,,,,,,,,,,,,,,,,,,,,,,,,,,,,,,,,,,,,,,,,,,,,,,,,,,,,,,,,,,,,,,,,,,,,,,,,,,,,,,,,,,,,,,,,,,,,,,,,,,,,,,,,,,,,,,,,,,,,,,,,,,,,,,,,,,,,,,,,,,,,,,,,,,,,,,,,,,,,,,,,,,,,,,,,,,,,,,,,,,,,,,,,,,,,,,,,,,,,,,,,,,,,,,,,,,,,,,,,,,,,,,,,,,,,,,,,,,,,,,,,,,,,,,,,,,,,,,,,,,,,,,,,,,,,,,,,,,,,,,,,,,,,,,2543.725,2522.733,2522.733,2522.733,2522.733,2522.733,2456.406,2456.406,2456.406,2456.406,2456.406,2456.406,2456.406,2553.273,2553.273,2553.273,2553.273,2553.273,2553.273,2553.273,2660.598,2660.598,2660.598,2660.598,2660.598,2660.598,2660.598,2678.454,2678.454,2678.454,2678.454,2678.454,2678.454
2021-10-01,,,,,,,,,,,,,,,,,,,,,,,,,,,,,,,,,,,,,,,,,,,,,,,,,,,,,,,,,,,,,,,,,,,,,,,,,,,,,,,,,,,,,,,,,,,,,,,,,,,,,,,,,,,,,,,,,,,,,,,,,,,,,,,,,,,,,,,,,,,,,,,,,,,,,,,,,,,,,,,,,,,,,,,,,,,,,,,,,,,,,,,,,,,,,,,,,,,,,,,,,,,,,,,,,,,,,,,,,,,,,,,,,,,,,,,,,,,,,,,,,,,,,,,,,,,,,,,,,,,,,,,,,,,,,,,,,,,,,,,,,,,,,,,,,,,,,,,,,,,,,,,,,,,,,,,,,,,,,,,,,,,,,,,,,,,,,,,,,,,,,,,,,,2527.409,2527.409,2527.409,2527.409,2435.93,2435.93,2435.93,2435.93,2435.93,2435.93,2435.93,2521.928,2521.928,2521.928,2521.928,2521.928,2521.928,2521.928,2636.571,2636.571,2636.571,2636.571,2636.571,2636.571,2636.571,2688.265,2688.265,2688.265,2688.265,2688.265,2688.265
2022-01-01,,,,,,,,,,,,,,,,,,,,,,,,,,,,,,,,,,,,,,,,,,,,,,,,,,,,,,,,,,,,,,,,,,,,,,,,,,,,,,,,,,,,,,,,,,,,,,,,,,,,,,,,,,,,,,,,,,,,,,,,,,,,,,,,,,,,,,,,,,,,,,,,,,,,,,,,,,,,,,,,,,,,,,,,,,,,,,,,,,,,,,,,,,,,,,,,,,,,,,,,,,,,,,,,,,,,,,,,,,,,,,,,,,,,,,,,,,,,,,,,,,,,,,,,,,,,,,,,,,,,,,,,,,,,,,,,,,,,,,,,,,,,,,,,,,,,,,,,,,,,,,,,,,,,,,,,,,,,,,,,,,,,,,,,,,,,,,,,,,,,,,,,,,,2417.715,2402.874,2402.874,2374.566,2374.566,2374.566,2374.566,2374.566,2374.566,2374.566,2497.942,2497.942,2497.942,2497.942,2497.942,2497.942,2497.942,2566.259,2566.259,2566.259,2566.259,2566.259,2566.259,2566.259,2588.203,2588.203,2588.203,2588.203,2588.203,2588.203
2022-04-01,,,,,,,,,,,,,,,,,,,,,,,,,,,,,,,,,,,,,,,,,,,,,,,,,,,,,,,,,,,,,,,,,,,,,,,,,,,,,,,,,,,,,,,,,,,,,,,,,,,,,,,,,,,,,,,,,,,,,,,,,,,,,,,,,,,,,,,,,,,,,,,,,,,,,,,,,,,,,,,,,,,,,,,,,,,,,,,,,,,,,,,,,,,,,,,,,,,,,,,,,,,,,,,,,,,,,,,,,,,,,,,,,,,,,,,,,,,,,,,,,,,,,,,,,,,,,,,,,,,,,,,,,,,,,,,,,,,,,,,,,,,,,,,,,,,,,,,,,,,,,,,,,,,,,,,,,,,,,,,,,,,,,,,,,,,,,,,,,,,,,,,,,,,,,2620.366,2522.604,2522.604,2522.604,2522.604,2522.604,2522.604,2522.604,2712.562,2712.562,2712.562,2712.562,2712.562,2712.562,2712.562,2728.056,2728.056,2728.056,2728.056,2728.056,2728.056,2728.056,2776.064,2776.064,2776.064,2776.064,2776.064,2776.064
2022-07-01,,,,,,,,,,,,,,,,,,,,,,,,,,,,,,,,,,,,,,,,,,,,,,,,,,,,,,,,,,,,,,,,,,,,,,,,,,,,,,,,,,,,,,,,,,,,,,,,,,,,,,,,,,,,,,,,,,,,,,,,,,,,,,,,,,,,,,,,,,,,,,,,,,,,,,,,,,,,,,,,,,,,,,,,,,,,,,,,,,,,,,,,,,,,,,,,,,,,,,,,,,,,,,,,,,,,,,,,,,,,,,,,,,,,,,,,,,,,,,,,,,,,,,,,,,,,,,,,,,,,,,,,,,,,,,,,,,,,,,,,,,,,,,,,,,,,,,,,,,,,,,,,,,,,,,,,,,,,,,,,,,,,,,,,,,,,,,,,,,,,,,,,,,,,,,,2517.368,2542.966,2542.966,2542.966,2542.966,2542.966,2754.569,2754.569,2754.569,2754.569,2754.569,2754.569,2754.569,2845.696,2845.696,2845.696,2845.696,2845.696,2845.696,2845.696,2876.012,2876.012,2876.012,2876.012,2876.012,2876.012
2022-10-01,,,,,,,,,,,,,,,,,,,,,,,,,,,,,,,,,,,,,,,,,,,,,,,,,,,,,,,,,,,,,,,,,,,,,,,,,,,,,,,,,,,,,,,,,,,,,,,,,,,,,,,,,,,,,,,,,,,,,,,,,,,,,,,,,,,,,,,,,,,,,,,,,,,,,,,,,,,,,,,,,,,,,,,,,,,,,,,,,,,,,,,,,,,,,,,,,,,,,,,,,,,,,,,,,,,,,,,,,,,,,,,,,,,,,,,,,,,,,,,,,,,,,,,,,,,,,,,,,,,,,,,,,,,,,,,,,,,,,,,,,,,,,,,,,,,,,,,,,,,,,,,,,,,,,,,,,,,,,,,,,,,,,,,,,,,,,,,,,,,,,,,,,,,,,,,,,2475.192,2475.192,2475.192,2475.192,2700.084,2700.084,2700.084,2700.084,2700.084,2700.084,2700.084,2809.855,2809.855,2809.855,2809.855,2809.855,2809.855,2809.855,2807.851,2807.851,2807.851,2807.851,2807.851,2807.851
2023-01-01,,,,,,,,,,,,,,,,,,,,,,,,,,,,,,,,,,,,,,,,,,,,,,,,,,,,,,,,,,,,,,,,,,,,,,,,,,,,,,,,,,,,,,,,,,,,,,,,,,,,,,,,,,,,,,,,,,,,,,,,,,,,,,,,,,,,,,,,,,,,,,,,,,,,,,,,,,,,,,,,,,,,,,,,,,,,,,,,,,,,,,,,,,,,,,,,,,,,,,,,,,,,,,,,,,,,,,,,,,,,,,,,,,,,,,,,,,,,,,,,,,,,,,,,,,,,,,,,,,,,,,,,,,,,,,,,,,,,,,,,,,,,,,,,,,,,,,,,,,,,,,,,,,,,,,,,,,,,,,,,,,,,,,,,,,,,,,,,,,,,,,,,,,,,,,,,,,2306.952,2329.328,2329.328,2588.597,2588.597,2588.597,2588.597,2588.597,2588.597,2588.597,2796.826,2796.826,2796.826,2796.826,2796.826,2796.826,2796.826,2916.203,2916.203,2916.203,2916.203,2916.203,2916.203
2023-04-01,,,,,,,,,,,,,,,,,,,,,,,,,,,,,,,,,,,,,,,,,,,,,,,,,,,,,,,,,,,,,,,,,,,,,,,,,,,,,,,,,,,,,,,,,,,,,,,,,,,,,,,,,,,,,,,,,,,,,,,,,,,,,,,,,,,,,,,,,,,,,,,,,,,,,,,,,,,,,,,,,,,,,,,,,,,,,,,,,,,,,,,,,,,,,,,,,,,,,,,,,,,,,,,,,,,,,,,,,,,,,,,,,,,,,,,,,,,,,,,,,,,,,,,,,,,,,,,,,,,,,,,,,,,,,,,,,,,,,,,,,,,,,,,,,,,,,,,,,,,,,,,,,,,,,,,,,,,,,,,,,,,,,,,,,,,,,,,,,,,,,,,,,,,,,,,,,,,,2367.24,2601.809,2601.809,2601.809,2601.809,2601.809,2601.809,2601.809,2835.546,2835.546,2835.546,2835.546,2835.546,2835.546,2835.546,2931.652,2931.652,2931.652,2931.652,2931.652,2931.652
2023-07-01,,,,,,,,,,,,,,,,,,,,,,,,,,,,,,,,,,,,,,,,,,,,,,,,,,,,,,,,,,,,,,,,,,,,,,,,,,,,,,,,,,,,,,,,,,,,,,,,,,,,,,,,,,,,,,,,,,,,,,,,,,,,,,,,,,,,,,,,,,,,,,,,,,,,,,,,,,,,,,,,,,,,,,,,,,,,,,,,,,,,,,,,,,,,,,,,,,,,,,,,,,,,,,,,,,,,,,,,,,,,,,,,,,,,,,,,,,,,,,,,,,,,,,,,,,,,,,,,,,,,,,,,,,,,,,,,,,,,,,,,,,,,,,,,,,,,,,,,,,,,,,,,,,,,,,,,,,,,,,,,,,,,,,,,,,,,,,,,,,,,,,,,,,,,,,,,,,,,,,2708.92,2697.929,2697.929,2697.929,2697.929,2697.929,2953.039,2953.039,2953.039,2953.039,2953.039,2953.039,2953.039,3036.542,3036.542,3036.542,3036.542,3036.542,3036.542
2023-10-01,,,,,,,,,,,,,,,,,,,,,,,,,,,,,,,,,,,,,,,,,,,,,,,,,,,,,,,,,,,,,,,,,,,,,,,,,,,,,,,,,,,,,,,,,,,,,,,,,,,,,,,,,,,,,,,,,,,,,,,,,,,,,,,,,,,,,,,,,,,,,,,,,,,,,,,,,,,,,,,,,,,,,,,,,,,,,,,,,,,,,,,,,,,,,,,,,,,,,,,,,,,,,,,,,,,,,,,,,,,,,,,,,,,,,,,,,,,,,,,,,,,,,,,,,,,,,,,,,,,,,,,,,,,,,,,,,,,,,,,,,,,,,,,,,,,,,,,,,,,,,,,,,,,,,,,,,,,,,,,,,,,,,,,,,,,,,,,,,,,,,,,,,,,,,,,,,,,,,,,,2803.162,2803.162,2803.162,2803.162,3101.834,3101.834,3101.834,3101.834,3101.834,3101.834,3101.834,3132.867,3132.867,3132.867,3132.867,3132.867,3132.867
2024-01-01,,,,,,,,,,,,,,,,,,,,,,,,,,,,,,,,,,,,,,,,,,,,,,,,,,,,,,,,,,,,,,,,,,,,,,,,,,,,,,,,,,,,,,,,,,,,,,,,,,,,,,,,,,,,,,,,,,,,,,,,,,,,,,,,,,,,,,,,,,,,,,,,,,,,,,,,,,,,,,,,,,,,,,,,,,,,,,,,,,,,,,,,,,,,,,,,,,,,,,,,,,,,,,,,,,,,,,,,,,,,,,,,,,,,,,,,,,,,,,,,,,,,,,,,,,,,,,,,,,,,,,,,,,,,,,,,,,,,,,,,,,,,,,,,,,,,,,,,,,,,,,,,,,,,,,,,,,,,,,,,,,,,,,,,,,,,,,,,,,,,,,,,,,,,,,,,,,,,,,,,,2754.517,2726.833,2726.833,3036.702,3036.702,3036.702,3036.702,3036.702,3036.702,3036.702,3025.916,3025.916,3025.916,3025.916,3025.916,3025.916
2024-04-01,,,,,,,,,,,,,,,,,,,,,,,,,,,,,,,,,,,,,,,,,,,,,,,,,,,,,,,,,,,,,,,,,,,,,,,,,,,,,,,,,,,,,,,,,,,,,,,,,,,,,,,,,,,,,,,,,,,,,,,,,,,,,,,,,,,,,,,,,,,,,,,,,,,,,,,,,,,,,,,,,,,,,,,,,,,,,,,,,,,,,,,,,,,,,,,,,,,,,,,,,,,,,,,,,,,,,,,,,,,,,,,,,,,,,,,,,,,,,,,,,,,,,,,,,,,,,,,,,,,,,,,,,,,,,,,,,,,,,,,,,,,,,,,,,,,,,,,,,,,,,,,,,,,,,,,,,,,,,,,,,,,,,,,,,,,,,,,,,,,,,,,,,,,,,,,,,,,,,,,,,,,2773.965,3141.557,3141.557,3141.557,3141.557,3141.557,3141.557,3141.557,3110.607,3110.607,3110.607,3110.607,3110.607,3110.607
2024-07-01,,,,,,,,,,,,,,,,,,,,,,,,,,,,,,,,,,,,,,,,,,,,,,,,,,,,,,,,,,,,,,,,,,,,,,,,,,,,,,,,,,,,,,,,,,,,,,,,,,,,,,,,,,,,,,,,,,,,,,,,,,,,,,,,,,,,,,,,,,,,,,,,,,,,,,,,,,,,,,,,,,,,,,,,,,,,,,,,,,,,,,,,,,,,,,,,,,,,,,,,,,,,,,,,,,,,,,,,,,,,,,,,,,,,,,,,,,,,,,,,,,,,,,,,,,,,,,,,,,,,,,,,,,,,,,,,,,,,,,,,,,,,,,,,,,,,,,,,,,,,,,,,,,,,,,,,,,,,,,,,,,,,,,,,,,,,,,,,,,,,,,,,,,,,,,,,,,,,,,,,,,,,,3141.148,3128.496,3128.496,3128.496,3128.496,3128.496,3078.498,3078.498,3078.498,3078.498,3078.498,3078.498
2024-10-01,,,,,,,,,,,,,,,,,,,,,,,,,,,,,,,,,,,,,,,,,,,,,,,,,,,,,,,,,,,,,,,,,,,,,,,,,,,,,,,,,,,,,,,,,,,,,,,,,,,,,,,,,,,,,,,,,,,,,,,,,,,,,,,,,,,,,,,,,,,,,,,,,,,,,,,,,,,,,,,,,,,,,,,,,,,,,,,,,,,,,,,,,,,,,,,,,,,,,,,,,,,,,,,,,,,,,,,,,,,,,,,,,,,,,,,,,,,,,,,,,,,,,,,,,,,,,,,,,,,,,,,,,,,,,,,,,,,,,,,,,,,,,,,,,,,,,,,,,,,,,,,,,,,,,,,,,,,,,,,,,,,,,,,,,,,,,,,,,,,,,,,,,,,,,,,,,,,,,,,,,,,,,,,3312.027,3312.027,3312.027,3312.027,3270.619,3270.619,3270.619,3270.619,3270.619,3270.619
2025-01-01,,,,,,,,,,,,,,,,,,,,,,,,,,,,,,,,,,,,,,,,,,,,,,,,,,,,,,,,,,,,,,,,,,,,,,,,,,,,,,,,,,,,,,,,,,,,,,,,,,,,,,,,,,,,,,,,,,,,,,,,,,,,,,,,,,,,,,,,,,,,,,,,,,,,,,,,,,,,,,,,,,,,,,,,,,,,,,,,,,,,,,,,,,,,,,,,,,,,,,,,,,,,,,,,,,,,,,,,,,,,,,,,,,,,,,,,,,,,,,,,,,,,,,,,,,,,,,,,,,,,,,,,,,,,,,,,,,,,,,,,,,,,,,,,,,,,,,,,,,,,,,,,,,,,,,,,,,,,,,,,,,,,,,,,,,,,,,,,,,,,,,,,,,,,,,,,,,,,,,,,,,,,,,,,3191.896,3203.56,3203.56,3252.44,3252.44,3252.44,3252.44,3252.44,3252.44
2025-04-01,,,,,,,,,,,,,,,,,,,,,,,,,,,,,,,,,,,,,,,,,,,,,,,,,,,,,,,,,,,,,,,,,,,,,,,,,,,,,,,,,,,,,,,,,,,,,,,,,,,,,,,,,,,,,,,,,,,,,,,,,,,,,,,,,,,,,,,,,,,,,,,,,,,,,,,,,,,,,,,,,,,,,,,,,,,,,,,,,,,,,,,,,,,,,,,,,,,,,,,,,,,,,,,,,,,,,,,,,,,,,,,,,,,,,,,,,,,,,,,,,,,,,,,,,,,,,,,,,,,,,,,,,,,,,,,,,,,,,,,,,,,,,,,,,,,,,,,,,,,,,,,,,,,,,,,,,,,,,,,,,,,,,,,,,,,,,,,,,,,,,,,,,,,,,,,,,,,,,,,,,,,,,,,,,,3266.209,3259.405,3259.405,3259.405,3259.405,3259.405,3259.405
2025-07-01,,,,,,,,,,,,,,,,,,,,,,,,,,,,,,,,,,,,,,,,,,,,,,,,,,,,,,,,,,,,,,,,,,,,,,,,,,,,,,,,,,,,,,,,,,,,,,,,,,,,,,,,,,,,,,,,,,,,,,,,,,,,,,,,,,,,,,,,,,,,,,,,,,,,,,,,,,,,,,,,,,,,,,,,,,,,,,,,,,,,,,,,,,,,,,,,,,,,,,,,,,,,,,,,,,,,,,,,,,,,,,,,,,,,,,,,,,,,,,,,,,,,,,,,,,,,,,,,,,,,,,,,,,,,,,,,,,,,,,,,,,,,,,,,,,,,,,,,,,,,,,,,,,,,,,,,,,,,,,,,,,,,,,,,,,,,,,,,,,,,,,,,,,,,,,,,,,,,,,,,,,,,,,,,,,,,3402.302,3411.652,3411.652,3411.652,3411.652
2025-10-01,,,,,,,,,,,,,,,,,,,,,,,,,,,,,,,,,,,,,,,,,,,,,,,,,,,,,,,,,,,,,,,,,,,,,,,,,,,,,,,,,,,,,,,,,,,,,,,,,,,,,,,,,,,,,,,,,,,,,,,,,,,,,,,,,,,,,,,,,,,,,,,,,,,,,,,,,,,,,,,,,,,,,,,,,,,,,,,,,,,,,,,,,,,,,,,,,,,,,,,,,,,,,,,,,,,,,,,,,,,,,,,,,,,,,,,,,,,,,,,,,,,,,,,,,,,,,,,,,,,,,,,,,,,,,,,,,,,,,,,,,,,,,,,,,,,,,,,,,,,,,,,,,,,,,,,,,,,,,,,,,,,,,,,,,,,,,,,,,,,,,,,,,,,,,,,,,,,,,,,,,,,,,,,,,,,,,,3605.669,3605.669,3605.669
2026-01-01,,,,,,,,,,,,,,,,,,,,,,,,,,,,,,,,,,,,,,,,,,,,,,,,,,,,,,,,,,,,,,,,,,,,,,,,,,,,,,,,,,,,,,,,,,,,,,,,,,,,,,,,,,,,,,,,,,,,,,,,,,,,,,,,,,,,,,,,,,,,,,,,,,,,,,,,,,,,,,,,,,,,,,,,,,,,,,,,,,,,,,,,,,,,,,,,,,,,,,,,,,,,,,,,,,,,,,,,,,,,,,,,,,,,,,,,,,,,,,,,,,,,,,,,,,,,,,,,,,,,,,,,,,,,,,,,,,,,,,,,,,,,,,,,,,,,,,,,,,,,,,,,,,,,,,,,,,,,,,,,,,,,,,,,,,,,,,,,,,,,,,,,,,,,,,,,,,,,,,,,,,,,,,,,,,,,,,,3590.004,3623.718
