date,realtime_start,realtime_end,value
1967-01-07,2009-09-10,9999-12-31,1134000
1967-01-14,2009-09-10,9999-12-31,1119000
1967-01-21,2009-09-10,9999-12-31,1119000
1967-01-28,2009-09-10,9999-12-31,1103000
1967-02-04,2009-09-10,9999-12-31,1131000
1967-02-11,2009-09-10,9999-12-31,1153000
1967-02-18,2009-09-10,9999-12-31,1167000
1967-02-25,2009-09-10,9999-12-31,1199000
1967-03-04,2009-09-10,9999-12-31,1235000
1967-03-11,2009-09-10,9999-12-31,1234000
1967-03-18,2009-09-10,9999-12-31,1236000
1967-03-25,2009-09-10,9999-12-31,1268000
1967-04-01,2009-09-10,9999-12-31,1291000
1967-04-08,2009-09-10,9999-12-31,1273000
1967-04-15,2009-09-10,9999-12-31,1278000
1967-04-22,2009-09-10,9999-12-31,1277000
1967-04-29,2009-09-10,9999-12-31,1286000
1967-05-06,2009-09-10,9999-12-31,1308000
1967-05-13,2009-09-10,9999-12-31,1284000
1967-05-20,2009-09-10,9999-12-31,1265000
1967-05-27,2009-09-10,9999-12-31,1253000
1967-06-03,2009-09-10,9999-12-31,1265000
1967-06-10,2009-09-10,9999-12-31,1251000
1967-06-17,2009-09-10,9999-12-31,1248000
1967-06-24,2009-09-10,9999-12-31,1220000
1967-07-01,2009-09-10,9999-12-31,1193000
1967-07-08,2009-09-10,9999-12-31,1248000
1967-07-15,2009-09-10,9999-12-31,1258000
1967-07-22,2009-09-10,9999-12-31,1252000
1967-07-29,2009-09-10,9999-12-31,1280000
1967-08-05,2009-09-10,9999-12-31,1240000
1967-08-12,2009-09-10,9999-12-31,1215000
1967-08-19,2009-09-10,9999-12-31,1202000
1967-08-26,2009-09-10,9999-12-31,1180000
1967-09-02,2009-09-10,9999-12-31,1204000
1967-09-09,2009-09-10,9999-12-31,1189000
1967-09-16,2009-09-10,9999-12-31,1179000
1967-09-23,2009-09-10,9999-12-31,1178000
1967-09-30,2009-09-10,9999-12-31,1157000
1967-10-07,2009-09-10,9999-12-31,1165000
1967-10-14,2009-09-10,9999-12-31,1189000
1967-10-21,2009-09-10,9999-12-31,1174000
1967-10-28,2009-09-10,9999-12-31,1161000
1967-11-04,2009-09-10,9999-12-31,1176000
1967-11-11,2009-09-10,9999-12-31,1142000
1967-11-18,2009-09-10,9999-12-31,1133000
1967-11-25,2009-09-10,9999-12-31,1142000
1967-12-02,2009-09-10,9999-12-31,1150000
1967-12-09,2009-09-10,9999-12-31,1153000
1967-12-16,2009-09-10,9999-12-31,1188000
1967-12-23,2009-09-10,9999-12-31,1195000
1967-12-30,2009-09-10,9999-12-31,1167000
1968-01-06,2009-09-10,9999-12-31,1158000
1968-01-13,2009-09-10,9999-12-31,1187000
1968-01-20,2009-09-10,9999-12-31,1191000
1968-01-27,2009-09-10,9999-12-31,1157000
1968-02-03,2009-09-10,9999-12-31,1173000
1968-02-10,2009-09-10,9999-12-31,1175000
1968-02-17,2009-09-10,9999-12-31,1143000
1968-02-24,2009-09-10,9999-12-31,1165000
1968-03-02,2009-09-10,9999-12-31,1151000
1968-03-09,2009-09-10,9999-12-31,1147000
1968-03-16,2009-09-10,9999-12-31,1143000
1968-03-23,2009-09-10,9999-12-31,1136000
1968-03-30,2009-09-10,9999-12-31,1119000
1968-04-06,2009-09-10,9999-12-31,1079000
1968-04-13,2009-09-10,9999-12-31,1079000
1968-04-20,2009-09-10,9999-12-31,1059000
1968-04-27,2009-09-10,9999-12-31,1087000
1968-05-04,2009-09-10,9999-12-31,1079000
1968-05-11,2009-09-10,9999-12-31,1091000
1968-05-18,2009-09-10,9999-12-31,1071000
1968-05-25,2009-09-10,9999-12-31,1073000
1968-06-01,2009-09-10,9999-12-31,1063000
1968-06-08,2009-09-10,9999-12-31,1097000
1968-06-15,2009-09-10,9999-12-31,1071000
1968-06-22,2009-09-10,9999-12-31,1060000
1968-06-29,2009-09-10,9999-12-31,1038000
1968-07-06,2009-09-10,9999-12-31,1097000
1968-07-13,2009-09-10,9999-12-31,1076000
1968-07-20,2009-09-10,9999-12-31,1033000
1968-07-27,2009-09-10,9999-12-31,1036000
1968-08-03,2009-09-10,9999-12-31,1072000
1968-08-10,2009-09-10,9999-12-31,1088000
1968-08-17,2009-09-10,9999-12-31,1107000
1968-08-24,2009-09-10,9999-12-31,1094000
1968-08-31,2009-09-10,9999-12-31,1064000
1968-09-07,2009-09-10,9999-12-31,1067000
1968-09-14,2009-09-10,9999-12-31,1044000
1968-09-21,2009-09-10,9999-12-31,1047000
1968-09-28,2009-09-10,9999-12-31,1048000
1968-10-05,2009-09-10,9999-12-31,1060000
1968-10-12,2009-09-10,9999-12-31,1045000
1968-10-19,2009-09-10,9999-12-31,1035000
1968-10-26,2009-09-10,9999-12-31,1033000
1968-11-02,2009-09-10,9999-12-31,1028000
1968-11-09,2009-09-10,9999-12-31,1028000
1968-11-16,2009-09-10,9999-12-31,1076000
1968-11-23,2009-09-10,9999-12-31,1023000
1968-11-30,2009-09-10,9999-12-31,1056000
1968-12-07,2009-09-10,9999-12-31,1063000
1968-12-14,2009-09-10,9999-12-31,1061000
1968-12-21,2009-09-10,9999-12-31,1063000
1968-12-28,2009-09-10,9999-12-31,1116000
1969-01-04,2009-09-10,9999-12-31,1118000
1969-01-11,2009-09-10,9999-12-31,1099000
1969-01-18,2009-09-10,9999-12-31,1072000
1969-01-25,2009-09-10,9999-12-31,1077000
1969-02-01,2009-09-10,9999-12-31,1099000
1969-02-08,2009-09-10,9999-12-31,1088000
1969-02-15,2009-09-10,9999-12-31,1115000
1969-02-22,2009-09-10,9999-12-31,1092000
1969-03-01,2009-09-10,9999-12-31,1098000
1969-03-08,2009-09-10,9999-12-31,1099000
1969-03-15,2009-09-10,9999-12-31,1080000
1969-03-22,2009-09-10,9999-12-31,1071000
1969-03-29,2009-09-10,9999-12-31,1041000
1969-04-05,2009-09-10,9999-12-31,1076000
1969-04-12,2009-09-10,9999-12-31,1050000
1969-04-19,2009-09-10,9999-12-31,1025000
1969-04-26,2009-09-10,9999-12-31,992000
1969-05-03,2009-09-10,9999-12-31,1003000
1969-05-10,2009-09-10,9999-12-31,1018000
1969-05-17,2009-09-10,9999-12-31,1007000
1969-05-24,2009-09-10,9999-12-31,1006000
1969-05-31,2009-09-10,9999-12-31,988000
1969-06-07,2009-09-10,9999-12-31,992000
1969-06-14,2009-09-10,9999-12-31,1010000
1969-06-21,2009-09-10,9999-12-31,1012000
1969-06-28,2009-09-10,9999-12-31,1021000
1969-07-05,2009-09-10,9999-12-31,1072000
1969-07-12,2009-09-10,9999-12-31,1092000
1969-07-19,2009-09-10,9999-12-31,1072000
1969-07-26,2009-09-10,9999-12-31,1110000
1969-08-02,2009-09-10,9999-12-31,1126000
1969-08-09,2009-09-10,9999-12-31,1093000
1969-08-16,2009-09-10,9999-12-31,1067000
1969-08-23,2009-09-10,9999-12-31,1060000
1969-08-30,2009-09-10,9999-12-31,1074000
1969-09-06,2009-09-10,9999-12-31,1111000
1969-09-13,2009-09-10,9999-12-31,1082000
1969-09-20,2009-09-10,9999-12-31,1083000
1969-09-27,2009-09-10,9999-12-31,1086000
1969-10-04,2009-09-10,9999-12-31,1103000
1969-10-11,2009-09-10,9999-12-31,1100000
1969-10-18,2009-09-10,9999-12-31,1118000
1969-10-25,2009-09-10,9999-12-31,1136000
1969-11-01,2009-09-10,9999-12-31,1143000
1969-11-08,2009-09-10,9999-12-31,1146000
1969-11-15,2009-09-10,9999-12-31,1181000
1969-11-22,2009-09-10,9999-12-31,1158000
1969-11-29,2009-09-10,9999-12-31,1211000
1969-12-06,2009-09-10,9999-12-31,1226000
1969-12-13,2009-09-10,9999-12-31,1233000
1969-12-20,2009-09-10,9999-12-31,1252000
1969-12-27,2009-09-10,9999-12-31,1304000
1970-01-03,2009-09-10,9999-12-31,1332000
1970-01-10,2009-09-10,9999-12-31,1353000
1970-01-17,2009-09-10,9999-12-31,1371000
1970-01-24,2009-09-10,9999-12-31,1388000
1970-01-31,2009-09-10,9999-12-31,1385000
1970-02-07,2009-09-10,9999-12-31,1397000
1970-02-14,2009-09-10,9999-12-31,1445000
1970-02-21,2009-09-10,9999-12-31,1412000
1970-02-28,2009-09-10,9999-12-31,1430000
1970-03-07,2009-09-10,9999-12-31,1443000
1970-03-14,2009-09-10,9999-12-31,1456000
1970-03-21,2009-09-10,9999-12-31,1498000
1970-03-28,2009-09-10,9999-12-31,1537000
1970-04-04,2009-09-10,9999-12-31,1573000
1970-04-11,2009-09-10,9999-12-31,1586000
1970-04-18,2009-09-10,9999-12-31,1653000
1970-04-25,2009-09-10,9999-12-31,1748000
1970-05-02,2009-09-10,9999-12-31,1811000
1970-05-09,2009-09-10,9999-12-31,1847000
1970-05-16,2009-09-10,9999-12-31,1840000
1970-05-23,2009-09-10,9999-12-31,1827000
1970-05-30,2009-09-10,9999-12-31,1807000
1970-06-06,2009-09-10,9999-12-31,1817000
1970-06-13,2009-09-10,9999-12-31,1852000
1970-06-20,2009-09-10,9999-12-31,1864000
1970-06-27,2009-09-10,9999-12-31,1866000
1970-07-04,2009-09-10,9999-12-31,1853000
1970-07-11,2009-09-10,9999-12-31,1868000
1970-07-18,2009-09-10,9999-12-31,1877000
1970-07-25,2009-09-10,9999-12-31,1918000
1970-08-01,2009-09-10,9999-12-31,1900000
1970-08-08,2009-09-10,9999-12-31,1890000
1970-08-15,2009-09-10,9999-12-31,1933000
1970-08-22,2009-09-10,9999-12-31,1970000
1970-08-29,2009-09-10,9999-12-31,2005000
1970-09-05,2009-09-10,9999-12-31,1996000
1970-09-12,2009-09-10,9999-12-31,2068000
1970-09-19,2009-09-10,9999-12-31,2069000
1970-09-26,2009-09-10,9999-12-31,2092000
1970-10-03,2009-09-10,9999-12-31,2164000
1970-10-10,2009-09-10,9999-12-31,2207000
1970-10-17,2009-09-10,9999-12-31,2210000
1970-10-24,2009-09-10,9999-12-31,2257000
1970-10-31,2009-09-10,9999-12-31,2233000
1970-11-07,2009-09-10,9999-12-31,2279000
1970-11-14,2009-09-10,9999-12-31,2343000
1970-11-21,2009-09-10,9999-12-31,2285000
1970-11-28,2009-09-10,9999-12-31,2292000
1970-12-05,2009-09-10,9999-12-31,2276000
1970-12-12,2009-09-10,9999-12-31,2193000
1970-12-19,2009-09-10,9999-12-31,2224000
1970-12-26,2009-09-10,9999-12-31,2147000
1971-01-02,2009-09-10,9999-12-31,2102000
1971-01-09,2009-09-10,9999-12-31,2124000
1971-01-16,2009-09-10,9999-12-31,2100000
1971-01-23,2009-09-10,9999-12-31,2091000
1971-01-30,2009-09-10,9999-12-31,2086000
1971-02-06,2009-09-10,9999-12-31,2120000
1971-02-13,2009-09-10,9999-12-31,2079000
1971-02-20,2009-09-10,9999-12-31,2120000
1971-02-27,2009-09-10,9999-12-31,2081000
1971-03-06,2009-09-10,9999-12-31,2132000
1971-03-13,2009-09-10,9999-12-31,2126000
1971-03-20,2009-09-10,9999-12-31,2140000
1971-03-27,2009-09-10,9999-12-31,2157000
1971-04-03,2009-09-10,9999-12-31,2135000
1971-04-10,2009-09-10,9999-12-31,2156000
1971-04-17,2009-09-10,9999-12-31,2163000
1971-04-24,2009-09-10,9999-12-31,2127000
1971-05-01,2009-09-10,9999-12-31,2157000
1971-05-08,2009-09-10,9999-12-31,2179000
1971-05-15,2009-09-10,9999-12-31,2179000
1971-05-22,2009-09-10,9999-12-31,2167000
1971-05-29,2009-09-10,9999-12-31,2171000
1971-06-05,2009-09-10,9999-12-31,2194000
1971-06-12,2009-09-10,9999-12-31,2199000
1971-06-19,2009-09-10,9999-12-31,2182000
1971-06-26,2009-09-10,9999-12-31,2172000
1971-07-03,2009-09-10,9999-12-31,2116000
1971-07-10,2009-09-10,9999-12-31,2130000
1971-07-17,2009-09-10,9999-12-31,2087000
1971-07-24,2009-09-10,9999-12-31,2129000
1971-07-31,2009-09-10,9999-12-31,2150000
1971-08-07,2009-09-10,9999-12-31,2174000
1971-08-14,2009-09-10,9999-12-31,2202000
1971-08-21,2009-09-10,9999-12-31,2186000
1971-08-28,2009-09-10,9999-12-31,2188000
1971-09-04,2009-09-10,9999-12-31,2228000
1971-09-11,2009-09-10,9999-12-31,2250000
1971-09-18,2009-09-10,9999-12-31,2246000
1971-09-25,2009-09-10,9999-12-31,2233000
1971-10-02,2009-09-10,9999-12-31,2216000
1971-10-09,2009-09-10,9999-12-31,2247000
1971-10-16,2009-09-10,9999-12-31,2190000
1971-10-23,2009-09-10,9999-12-31,2176000
1971-10-30,2009-09-10,9999-12-31,2194000
1971-11-06,2009-09-10,9999-12-31,2204000
1971-11-13,2009-09-10,9999-12-31,2134000
1971-11-20,2009-09-10,9999-12-31,2134000
1971-11-27,2009-09-10,9999-12-31,2111000
1971-12-04,2009-09-10,9999-12-31,2117000
1971-12-11,2009-09-10,9999-12-31,2085000
1971-12-18,2009-09-10,9999-12-31,2109000
1971-12-25,2009-09-10,9999-12-31,2037000
1972-01-01,2009-09-10,9999-12-31,1934000
1972-01-08,2009-09-10,9999-12-31,1931000
1972-01-15,2009-09-10,9999-12-31,1923000
1972-01-22,2009-09-10,9999-12-31,1907000
1972-01-29,2009-09-10,9999-12-31,1921000
1972-02-05,2009-09-10,9999-12-31,1941000
1972-02-12,2009-09-10,9999-12-31,1960000
1972-02-19,2009-09-10,9999-12-31,1902000
1972-02-26,2009-09-10,9999-12-31,1903000
1972-03-04,2009-09-10,9999-12-31,1905000
1972-03-11,2009-09-10,9999-12-31,1906000
1972-03-18,2009-09-10,9999-12-31,1907000
1972-03-25,2009-09-10,9999-12-31,1877000
1972-04-01,2009-09-10,9999-12-31,1913000
1972-04-08,2009-09-10,9999-12-31,1910000
1972-04-15,2009-09-10,9999-12-31,1891000
1972-04-22,2009-09-10,9999-12-31,1855000
1972-04-29,2009-09-10,9999-12-31,1870000
1972-05-06,2009-09-10,9999-12-31,1893000
1972-05-13,2009-09-10,9999-12-31,1874000
1972-05-20,2009-09-10,9999-12-31,1863000
1972-05-27,2009-09-10,9999-12-31,1871000
1972-06-03,2009-09-10,9999-12-31,1857000
1972-06-10,2009-09-10,9999-12-31,1870000
1972-06-17,2009-09-10,9999-12-31,1855000
1972-06-24,2009-09-10,9999-12-31,1871000
1972-07-01,2009-09-10,9999-12-31,1935000
1972-07-08,2009-09-10,9999-12-31,1977000
1972-07-15,2009-09-10,9999-12-31,1947000
1972-07-22,2009-09-10,9999-12-31,1962000
1972-07-29,2009-09-10,9999-12-31,1928000
1972-08-05,2009-09-10,9999-12-31,1855000
1972-08-12,2009-09-10,9999-12-31,1812000
1972-08-19,2009-09-10,9999-12-31,1794000
1972-08-26,2009-09-10,9999-12-31,1792000
1972-09-02,2009-09-10,9999-12-31,1838000
1972-09-09,2009-09-10,9999-12-31,1802000
1972-09-16,2009-09-10,9999-12-31,1799000
1972-09-23,2009-09-10,9999-12-31,1791000
1972-09-30,2009-09-10,9999-12-31,1763000
1972-10-07,2009-09-10,9999-12-31,1771000
1972-10-14,2009-09-10,9999-12-31,1760000
1972-10-21,2009-09-10,9999-12-31,1733000
1972-10-28,2009-09-10,9999-12-31,1750000
1972-11-04,2009-09-10,9999-12-31,1722000
1972-11-11,2009-09-10,9999-12-31,1736000
1972-11-18,2009-09-10,9999-12-31,1727000
1972-11-25,2009-09-10,9999-12-31,1743000
1972-12-02,2009-09-10,9999-12-31,1676000
1972-12-09,2009-09-10,9999-12-31,1681000
1972-12-16,2009-09-10,9999-12-31,1756000
1972-12-23,2009-09-10,9999-12-31,1697000
1972-12-30,2009-09-10,9999-12-31,1663000
1973-01-06,2009-09-10,9999-12-31,1617000
1973-01-13,2009-09-10,9999-12-31,1660000
1973-01-20,2009-09-10,9999-12-31,1607000
1973-01-27,2009-09-10,9999-12-31,1601000
1973-02-03,2009-09-10,9999-12-31,1596000
1973-02-10,2009-09-10,9999-12-31,1594000
1973-02-17,2009-09-10,9999-12-31,1582000
1973-02-24,2009-09-10,9999-12-31,1582000
1973-03-03,2009-09-10,9999-12-31,1579000
1973-03-10,2009-09-10,9999-12-31,1584000
1973-03-17,2009-09-10,9999-12-31,1578000
1973-03-24,2009-09-10,9999-12-31,1562000
1973-03-31,2009-09-10,9999-12-31,1547000
1973-04-07,2009-09-10,9999-12-31,1552000
1973-04-14,2009-09-10,9999-12-31,1539000
1973-04-21,2009-09-10,9999-12-31,1573000
1973-04-28,2009-09-10,9999-12-31,1551000
1973-05-05,2009-09-10,9999-12-31,1560000
1973-05-12,2009-09-10,9999-12-31,1557000
1973-05-19,2009-09-10,9999-12-31,1553000
1973-05-26,2009-09-10,9999-12-31,1567000
1973-06-02,2009-09-10,9999-12-31,1556000
1973-06-09,2009-09-10,9999-12-31,1563000
1973-06-16,2009-09-10,9999-12-31,1576000
1973-06-23,2009-09-10,9999-12-31,1570000
1973-06-30,2009-09-10,9999-12-31,1571000
1973-07-07,2009-09-10,9999-12-31,1605000
1973-07-14,2009-09-10,9999-12-31,1605000
1973-07-21,2009-09-10,9999-12-31,1594000
1973-07-28,2009-09-10,9999-12-31,1603000
1973-08-04,2009-09-10,9999-12-31,1633000
1973-08-11,2009-09-10,9999-12-31,1679000
1973-08-18,2009-09-10,9999-12-31,1672000
1973-08-25,2009-09-10,9999-12-31,1675000
1973-09-01,2009-09-10,9999-12-31,1681000
1973-09-08,2009-09-10,9999-12-31,1688000
1973-09-15,2009-09-10,9999-12-31,1666000
1973-09-22,2009-09-10,9999-12-31,1658000
1973-09-29,2009-09-10,9999-12-31,1658000
1973-10-06,2009-09-10,9999-12-31,1657000
1973-10-13,2009-09-10,9999-12-31,1679000
1973-10-20,2009-09-10,9999-12-31,1646000
1973-10-27,2009-09-10,9999-12-31,1675000
1973-11-03,2009-09-10,9999-12-31,1669000
1973-11-10,2009-09-10,9999-12-31,1702000
1973-11-17,2009-09-10,9999-12-31,1698000
1973-11-24,2009-09-10,9999-12-31,1755000
1973-12-01,2009-09-10,9999-12-31,1692000
1973-12-08,2009-09-10,9999-12-31,1717000
1973-12-15,2009-09-10,9999-12-31,1779000
1973-12-22,2009-09-10,9999-12-31,1836000
1973-12-29,2009-09-10,9999-12-31,1805000
1974-01-05,2009-09-10,9999-12-31,1934000
1974-01-12,2009-09-10,9999-12-31,1949000
1974-01-19,2009-09-10,9999-12-31,1995000
1974-01-26,2009-09-10,9999-12-31,1950000
1974-02-02,2009-09-10,9999-12-31,1963000
1974-02-09,2009-09-10,9999-12-31,2010000
1974-02-16,2009-09-10,9999-12-31,2049000
1974-02-23,2009-09-10,9999-12-31,2027000
1974-03-02,2009-09-10,9999-12-31,2020000
1974-03-09,2009-09-10,9999-12-31,2054000
1974-03-16,2009-09-10,9999-12-31,2068000
1974-03-23,2009-09-10,9999-12-31,2074000
1974-03-30,2009-09-10,9999-12-31,2062000
1974-04-06,2009-09-10,9999-12-31,2066000
1974-04-13,2009-09-10,9999-12-31,2072000
1974-04-20,2009-09-10,9999-12-31,2081000
1974-04-27,2009-09-10,9999-12-31,2045000
1974-05-04,2009-09-10,9999-12-31,2056000
1974-05-11,2009-09-10,9999-12-31,2041000
1974-05-18,2009-09-10,9999-12-31,2053000
1974-05-25,2009-09-10,9999-12-31,2057000
1974-06-01,2009-09-10,9999-12-31,2079000
1974-06-08,2009-09-10,9999-12-31,2067000
1974-06-15,2009-09-10,9999-12-31,2095000
1974-06-22,2009-09-10,9999-12-31,2066000
1974-06-29,2009-09-10,9999-12-31,2074000
1974-07-06,2009-09-10,9999-12-31,2160000
1974-07-13,2009-09-10,9999-12-31,2125000
1974-07-20,2009-09-10,9999-12-31,2109000
1974-07-27,2009-09-10,9999-12-31,2097000
1974-08-03,2009-09-10,9999-12-31,2147000
1974-08-10,2009-09-10,9999-12-31,2171000
1974-08-17,2009-09-10,9999-12-31,2168000
1974-08-24,2009-09-10,9999-12-31,2172000
1974-08-31,2009-09-10,9999-12-31,2211000
1974-09-07,2009-09-10,9999-12-31,2265000
1974-09-14,2009-09-10,9999-12-31,2274000
1974-09-21,2009-09-10,9999-12-31,2273000
1974-09-28,2009-09-10,9999-12-31,2306000
1974-10-05,2009-09-10,9999-12-31,2360000
1974-10-12,2009-09-10,9999-12-31,2396000
1974-10-19,2009-09-10,9999-12-31,2519000
1974-10-26,2009-09-10,9999-12-31,2520000
1974-11-02,2009-09-10,9999-12-31,2623000
1974-11-09,2009-09-10,9999-12-31,2699000
1974-11-16,2009-09-10,9999-12-31,2862000
1974-11-23,2009-09-10,9999-12-31,2748000
1974-11-30,2009-09-10,9999-12-31,3086000
1974-12-07,2009-09-10,9999-12-31,3178000
1974-12-14,2009-09-10,9999-12-31,3291000
1974-12-21,2009-09-10,9999-12-31,3300000
1974-12-28,2009-09-10,9999-12-31,3396000
1975-01-04,2009-09-10,9999-12-31,3554000
1975-01-11,2009-09-10,9999-12-31,3557000
1975-01-18,2009-09-10,9999-12-31,3658000
1975-01-25,2009-09-10,9999-12-31,3708000
1975-02-01,2009-09-10,9999-12-31,3738000
1975-02-08,2009-09-10,9999-12-31,3856000
1975-02-15,2009-09-10,9999-12-31,3863000
1975-02-22,2009-09-10,9999-12-31,3969000
1975-03-01,2009-09-10,9999-12-31,4023000
1975-03-08,2009-09-10,9999-12-31,4147000
1975-03-15,2009-09-10,9999-12-31,4195000
1975-03-22,2009-09-10,9999-12-31,4201000
1975-03-29,2009-09-10,9999-12-31,4310000
1975-04-05,2009-09-10,9999-12-31,4428000
1975-04-12,2009-09-10,9999-12-31,4449000
1975-04-19,2009-09-10,9999-12-31,4497000
1975-04-26,2009-09-10,9999-12-31,4520000
1975-05-03,2009-09-10,9999-12-31,4604000
1975-05-10,2009-09-10,9999-12-31,4597000
1975-05-17,2009-09-10,9999-12-31,4592000
1975-05-24,2009-09-10,9999-12-31,4461000
1975-05-31,2009-09-10,9999-12-31,4637000
1975-06-07,2009-09-10,9999-12-31,4484000
1975-06-14,2009-09-10,9999-12-31,4529000
1975-06-21,2009-09-10,9999-12-31,4406000
1975-06-28,2009-09-10,9999-12-31,4090000
1975-07-05,2009-09-10,9999-12-31,4239000
1975-07-12,2009-09-10,9999-12-31,4057000
1975-07-19,2009-09-10,9999-12-31,4208000
1975-07-26,2009-09-10,9999-12-31,4075000
1975-08-02,2009-09-10,9999-12-31,4015000
1975-08-09,2009-09-10,9999-12-31,4028000
1975-08-16,2009-09-10,9999-12-31,3934000
1975-08-23,2009-09-10,9999-12-31,3940000
1975-08-30,2009-09-10,9999-12-31,3854000
1975-09-06,2009-09-10,9999-12-31,3969000
1975-09-13,2009-09-10,9999-12-31,3880000
1975-09-20,2009-09-10,9999-12-31,3880000
1975-09-27,2009-09-10,9999-12-31,3851000
1975-10-04,2009-09-10,9999-12-31,3868000
1975-10-11,2009-09-10,9999-12-31,3675000
1975-10-18,2009-09-10,9999-12-31,3720000
1975-10-25,2009-09-10,9999-12-31,3662000
1975-11-01,2009-09-10,9999-12-31,3607000
1975-11-08,2009-09-10,9999-12-31,3546000
1975-11-15,2009-09-10,9999-12-31,3551000
1975-11-22,2009-09-10,9999-12-31,3377000
1975-11-29,2009-09-10,9999-12-31,3391000
1975-12-06,2009-09-10,9999-12-31,3331000
1975-12-13,2009-09-10,9999-12-31,3266000
1975-12-20,2009-09-10,9999-12-31,3124000
1975-12-27,2009-09-10,9999-12-31,3072000
1976-01-03,2009-09-10,9999-12-31,3214000
1976-01-10,2009-09-10,9999-12-31,3084000
1976-01-17,2009-09-10,9999-12-31,3026000
1976-01-24,2009-09-10,9999-12-31,2957000
1976-01-31,2009-09-10,9999-12-31,2895000
1976-02-07,2009-09-10,9999-12-31,2912000
1976-02-14,2009-09-10,9999-12-31,2867000
1976-02-21,2009-09-10,9999-12-31,2862000
1976-02-28,2009-09-10,9999-12-31,2822000
1976-03-06,2009-09-10,9999-12-31,2853000
1976-03-13,2009-09-10,9999-12-31,2837000
1976-03-20,2009-09-10,9999-12-31,2852000
1976-03-27,2009-09-10,9999-12-31,2830000
1976-04-03,2009-09-10,9999-12-31,2859000
1976-04-10,2009-09-10,9999-12-31,2840000
1976-04-17,2009-09-10,9999-12-31,2890000
1976-04-24,2009-09-10,9999-12-31,2900000
1976-05-01,2009-09-10,9999-12-31,2940000
1976-05-08,2009-09-10,9999-12-31,2941000
1976-05-15,2009-09-10,9999-12-31,2947000
1976-05-22,2009-09-10,9999-12-31,2961000
1976-05-29,2009-09-10,9999-12-31,2916000
1976-06-05,2009-09-10,9999-12-31,2970000
1976-06-12,2009-09-10,9999-12-31,2950000
1976-06-19,2009-09-10,9999-12-31,3003000
1976-06-26,2009-09-10,9999-12-31,3035000
1976-07-03,2009-09-10,9999-12-31,2958000
1976-07-10,2009-09-10,9999-12-31,2995000
1976-07-17,2009-09-10,9999-12-31,3011000
1976-07-24,2009-09-10,9999-12-31,3019000
1976-07-31,2009-09-10,9999-12-31,2996000
1976-08-07,2009-09-10,9999-12-31,3007000
1976-08-14,2009-09-10,9999-12-31,2990000
1976-08-21,2009-09-10,9999-12-31,2983000
1976-08-28,2009-09-10,9999-12-31,3081000
1976-09-04,2009-09-10,9999-12-31,2988000
1976-09-11,2009-09-10,9999-12-31,3092000
1976-09-18,2009-09-10,9999-12-31,3097000
1976-09-25,2009-09-10,9999-12-31,3103000
1976-10-02,2009-09-10,9999-12-31,3104000
1976-10-09,2009-09-10,9999-12-31,3119000
1976-10-16,2009-09-10,9999-12-31,3074000
1976-10-23,2009-09-10,9999-12-31,3088000
1976-10-30,2009-09-10,9999-12-31,3080000
1976-11-06,2009-09-10,9999-12-31,3079000
1976-11-13,2009-09-10,9999-12-31,3064000
1976-11-20,2009-09-10,9999-12-31,3061000
1976-11-27,2009-09-10,9999-12-31,3019000
1976-12-04,2009-09-10,9999-12-31,2994000
1976-12-11,2009-09-10,9999-12-31,2978000
1976-12-18,2009-09-10,9999-12-31,2900000
1976-12-25,2009-09-10,9999-12-31,2822000
1977-01-01,2009-09-10,9999-12-31,2818000
1977-01-08,2009-09-10,9999-12-31,2764000
1977-01-15,2009-09-10,9999-12-31,2841000
1977-01-22,2009-09-10,9999-12-31,2834000
1977-01-29,2009-09-10,9999-12-31,2879000
1977-02-05,2009-09-10,9999-12-31,2956000
1977-02-12,2009-09-10,9999-12-31,2904000
1977-02-19,2009-09-10,9999-12-31,2772000
1977-02-26,2009-09-10,9999-12-31,2764000
1977-03-05,2009-09-10,9999-12-31,2717000
1977-03-12,2009-09-10,9999-12-31,2728000
1977-03-19,2009-09-10,9999-12-31,2695000
1977-03-26,2009-09-10,9999-12-31,2671000
1977-04-02,2009-09-10,9999-12-31,2655000
1977-04-09,2009-09-10,9999-12-31,2717000
1977-04-16,2009-09-10,9999-12-31,2680000
1977-04-23,2009-09-10,9999-12-31,2660000
1977-04-30,2009-09-10,9999-12-31,2644000
1977-05-07,2009-09-10,9999-12-31,2618000
1977-05-14,2009-09-10,9999-12-31,2635000
1977-05-21,2009-09-10,9999-12-31,2647000
1977-05-28,2009-09-10,9999-12-31,2625000
1977-06-04,2009-09-10,9999-12-31,2650000
1977-06-11,2009-09-10,9999-12-31,2589000
1977-06-18,2009-09-10,9999-12-31,2622000
1977-06-25,2009-09-10,9999-12-31,2616000
1977-07-02,2009-09-10,9999-12-31,2572000
1977-07-09,2009-09-10,9999-12-31,2563000
1977-07-16,2009-09-10,9999-12-31,2591000
1977-07-23,2009-09-10,9999-12-31,2584000
1977-07-30,2009-09-10,9999-12-31,2605000
1977-08-06,2009-09-10,9999-12-31,2605000
1977-08-13,2009-09-10,9999-12-31,2618000
1977-08-20,2009-09-10,9999-12-31,2612000
1977-08-27,2009-09-10,9999-12-31,2607000
1977-09-03,2009-09-10,9999-12-31,2571000
1977-09-10,2009-09-10,9999-12-31,2601000
1977-09-17,2009-09-10,9999-12-31,2605000
1977-09-24,2009-09-10,9999-12-31,2581000
1977-10-01,2009-09-10,9999-12-31,2583000
1977-10-08,2009-09-10,9999-12-31,2575000
1977-10-15,2009-09-10,9999-12-31,2575000
1977-10-22,2009-09-10,9999-12-31,2561000
1977-10-29,2009-09-10,9999-12-31,2587000
1977-11-05,2009-09-10,9999-12-31,2535000
1977-11-12,2009-09-10,9999-12-31,2592000
1977-11-19,2009-09-10,9999-12-31,2527000
1977-11-26,2009-09-10,9999-12-31,2620000
1977-12-03,2009-09-10,9999-12-31,2505000
1977-12-10,2009-09-10,9999-12-31,2529000
1977-12-17,2009-09-10,9999-12-31,2558000
1977-12-24,2009-09-10,9999-12-31,2482000
1977-12-31,2009-09-10,9999-12-31,2461000
1978-01-07,2009-09-10,9999-12-31,2456000
1978-01-14,2009-09-10,9999-12-31,2418000
1978-01-21,2009-09-10,9999-12-31,2522000
1978-01-28,2009-09-10,9999-12-31,2578000
1978-02-04,2009-09-10,9999-12-31,2468000
1978-02-11,2009-09-10,9999-12-31,2656000
1978-02-18,2009-09-10,9999-12-31,2545000
1978-02-25,2009-09-10,9999-12-31,2553000
1978-03-04,2009-09-10,9999-12-31,2529000
1978-03-11,2009-09-10,9999-12-31,2526000
1978-03-18,2009-09-10,9999-12-31,2471000
1978-03-25,2009-09-10,9999-12-31,2473000
1978-04-01,2009-09-10,9999-12-31,2453000
1978-04-08,2009-09-10,9999-12-31,2397000
1978-04-15,2009-09-10,9999-12-31,2339000
1978-04-22,2009-09-10,9999-12-31,2287000
1978-04-29,2009-09-10,9999-12-31,2272000
1978-05-06,2009-09-10,9999-12-31,2246000
1978-05-13,2009-09-10,9999-12-31,2231000
1978-05-20,2009-09-10,9999-12-31,2238000
1978-05-27,2009-09-10,9999-12-31,2211000
1978-06-03,2009-09-10,9999-12-31,2224000
1978-06-10,2009-09-10,9999-12-31,2189000
1978-06-17,2009-09-10,9999-12-31,2225000
1978-06-24,2009-09-10,9999-12-31,2249000
1978-07-01,2009-09-10,9999-12-31,2242000
1978-07-08,2009-09-10,9999-12-31,2331000
1978-07-15,2009-09-10,9999-12-31,2328000
1978-07-22,2009-09-10,9999-12-31,2321000
1978-07-29,2009-09-10,9999-12-31,2344000
1978-08-05,2009-09-10,9999-12-31,2395000
1978-08-12,2009-09-10,9999-12-31,2422000
1978-08-19,2009-09-10,9999-12-31,2405000
1978-08-26,2009-09-10,9999-12-31,2370000
1978-09-02,2009-09-10,9999-12-31,2336000
1978-09-09,2009-09-10,9999-12-31,2278000
1978-09-16,2009-09-10,9999-12-31,2271000
1978-09-23,2009-09-10,9999-12-31,2247000
1978-09-30,2009-09-10,9999-12-31,2217000
1978-10-07,2009-09-10,9999-12-31,2219000
1978-10-14,2009-09-10,9999-12-31,2274000
1978-10-21,2009-09-10,9999-12-31,2207000
1978-10-28,2009-09-10,9999-12-31,2222000
1978-11-04,2009-09-10,9999-12-31,2188000
1978-11-11,2009-09-10,9999-12-31,2200000
1978-11-18,2009-09-10,9999-12-31,2158000
1978-11-25,2009-09-10,9999-12-31,2349000
1978-12-02,2009-09-10,9999-12-31,2248000
1978-12-09,2009-09-10,9999-12-31,2292000
1978-12-16,2009-09-10,9999-12-31,2328000
1978-12-23,2009-09-10,9999-12-31,2276000
1978-12-30,2009-09-10,9999-12-31,2289000
1979-01-06,2009-09-10,9999-12-31,2366000
1979-01-13,2009-09-10,9999-12-31,2368000
1979-01-20,2009-09-10,9999-12-31,2403000
1979-01-27,2009-09-10,9999-12-31,2393000
1979-02-03,2009-09-10,9999-12-31,2411000
1979-02-10,2009-09-10,9999-12-31,2412000
1979-02-17,2009-09-10,9999-12-31,2383000
1979-02-24,2009-09-10,9999-12-31,2451000
1979-03-03,2009-09-10,9999-12-31,2451000
1979-03-10,2009-09-10,9999-12-31,2413000
1979-03-17,2009-09-10,9999-12-31,2377000
1979-03-24,2009-09-10,9999-12-31,2353000
1979-03-31,2009-09-10,9999-12-31,2335000
1979-04-07,2009-09-10,9999-12-31,2368000
1979-04-14,2009-09-10,9999-12-31,2467000
1979-04-21,2009-09-10,9999-12-31,2408000
1979-04-28,2009-09-10,9999-12-31,2351000
1979-05-05,2009-09-10,9999-12-31,2292000
1979-05-12,2009-09-10,9999-12-31,2261000
1979-05-19,2009-09-10,9999-12-31,2238000
1979-05-26,2009-09-10,9999-12-31,2246000
1979-06-02,2009-09-10,9999-12-31,2260000
1979-06-09,2009-09-10,9999-12-31,2207000
1979-06-16,2009-09-10,9999-12-31,2234000
1979-06-23,2009-09-10,9999-12-31,2275000
1979-06-30,2009-09-10,9999-12-31,2282000
1979-07-07,2009-09-10,9999-12-31,2368000
1979-07-14,2009-09-10,9999-12-31,2356000
1979-07-21,2009-09-10,9999-12-31,2335000
1979-07-28,2009-09-10,9999-12-31,2375000
1979-08-04,2009-09-10,9999-12-31,2422000
1979-08-11,2009-09-10,9999-12-31,2466000
1979-08-18,2009-09-10,9999-12-31,2474000
1979-08-25,2009-09-10,9999-12-31,2471000
1979-09-01,2009-09-10,9999-12-31,2448000
1979-09-08,2009-09-10,9999-12-31,2432000
1979-09-15,2009-09-10,9999-12-31,2431000
1979-09-22,2009-09-10,9999-12-31,2404000
1979-09-29,2009-09-10,9999-12-31,2426000
1979-10-06,2009-09-10,9999-12-31,2428000
1979-10-13,2009-09-10,9999-12-31,2535000
1979-10-20,2009-09-10,9999-12-31,2475000
1979-10-27,2009-09-10,9999-12-31,2522000
1979-11-03,2009-09-10,9999-12-31,2569000
1979-11-10,2009-09-10,9999-12-31,2537000
1979-11-17,2009-09-10,9999-12-31,2656000
1979-11-24,2009-09-10,9999-12-31,2648000
1979-12-01,2009-09-10,9999-12-31,2698000
1979-12-08,2009-09-10,9999-12-31,2685000
1979-12-15,2009-09-10,9999-12-31,2712000
1979-12-22,2009-09-10,9999-12-31,2674000
1979-12-29,2009-09-10,9999-12-31,2725000
1980-01-05,2009-09-10,9999-12-31,2749000
1980-01-12,2009-09-10,9999-12-31,2778000
1980-01-19,2009-09-10,9999-12-31,2783000
1980-01-26,2009-09-10,9999-12-31,2817000
1980-02-02,2009-09-10,9999-12-31,2864000
1980-02-09,2009-09-10,9999-12-31,2867000
1980-02-16,2009-09-10,9999-12-31,2877000
1980-02-23,2009-09-10,9999-12-31,2866000
1980-03-01,2009-09-10,9999-12-31,2848000
1980-03-08,2009-09-10,9999-12-31,2883000
1980-03-15,2009-09-10,9999-12-31,2888000
1980-03-22,2009-09-10,9999-12-31,2921000
1980-03-29,2009-09-10,9999-12-31,2866000
1980-04-05,2009-09-10,9999-12-31,3007000
1980-04-12,2009-09-10,9999-12-31,3085000
1980-04-19,2009-09-10,9999-12-31,3188000
1980-04-26,2009-09-10,9999-12-31,3226000
1980-05-03,2009-09-10,9999-12-31,3334000
1980-05-10,2009-09-10,9999-12-31,3417000
1980-05-17,2009-09-10,9999-12-31,3544000
1980-05-24,2009-09-10,9999-12-31,3698000
1980-05-31,2009-09-10,9999-12-31,3731000
1980-06-07,2009-09-10,9999-12-31,3781000
1980-06-14,2009-09-10,9999-12-31,3779000
1980-06-21,2009-09-10,9999-12-31,3858000
1980-06-28,2009-09-10,9999-12-31,3912000
1980-07-05,2009-09-10,9999-12-31,3823000
1980-07-12,2009-09-10,9999-12-31,3836000
1980-07-19,2009-09-10,9999-12-31,3872000
1980-07-26,2009-09-10,9999-12-31,3851000
1980-08-02,2009-09-10,9999-12-31,3789000
1980-08-09,2009-09-10,9999-12-31,3862000
1980-08-16,2009-09-10,9999-12-31,3813000
1980-08-23,2009-09-10,9999-12-31,3754000
1980-08-30,2009-09-10,9999-12-31,3808000
1980-09-06,2009-09-10,9999-12-31,3698000
1980-09-13,2009-09-10,9999-12-31,3699000
1980-09-20,2009-09-10,9999-12-31,3698000
1980-09-27,2009-09-10,9999-12-31,3679000
1980-10-04,2009-09-10,9999-12-31,3672000
1980-10-11,2009-09-10,9999-12-31,3549000
1980-10-18,2009-09-10,9999-12-31,3477000
1980-10-25,2009-09-10,9999-12-31,3527000
1980-11-01,2009-09-10,9999-12-31,3391000
1980-11-08,2009-09-10,9999-12-31,3380000
1980-11-15,2009-09-10,9999-12-31,3260000
1980-11-22,2009-09-10,9999-12-31,3303000
1980-11-29,2009-09-10,9999-12-31,3169000
1980-12-06,2009-09-10,9999-12-31,3185000
1980-12-13,2009-09-10,9999-12-31,3125000
1980-12-20,2009-09-10,9999-12-31,3056000
1980-12-27,2009-09-10,9999-12-31,3136000
1981-01-03,2009-09-10,9999-12-31,3123000
1981-01-10,2009-09-10,9999-12-31,3082000
1981-01-17,2009-09-10,9999-12-31,3023000
1981-01-24,2009-09-10,9999-12-31,2988000
1981-01-31,2009-09-10,9999-12-31,2975000
1981-02-07,2009-09-10,9999-12-31,2945000
1981-02-14,2009-09-10,9999-12-31,3043000
1981-02-21,2009-09-10,9999-12-31,3023000
1981-02-28,2009-09-10,9999-12-31,2901000
1981-03-07,2009-09-10,9999-12-31,2931000
1981-03-14,2009-09-10,9999-12-31,2905000
1981-03-21,2009-09-10,9999-12-31,2885000
1981-03-28,2009-09-10,9999-12-31,2876000
1981-04-04,2009-09-10,9999-12-31,2875000
1981-04-11,2009-09-10,9999-12-31,2800000
1981-04-18,2009-09-10,9999-12-31,2860000
1981-04-25,2009-09-10,9999-12-31,2893000
1981-05-02,2009-09-10,9999-12-31,2944000
1981-05-09,2009-09-10,9999-12-31,2887000
1981-05-16,2009-09-10,9999-12-31,2865000
1981-05-23,2009-09-10,9999-12-31,2862000
1981-05-30,2009-09-10,9999-12-31,2962000
1981-06-06,2009-09-10,9999-12-31,2877000
1981-06-13,2009-09-10,9999-12-31,2867000
1981-06-20,2009-09-10,9999-12-31,2886000
1981-06-27,2009-09-10,9999-12-31,2983000
1981-07-04,2009-09-10,9999-12-31,2886000
1981-07-11,2009-09-10,9999-12-31,2845000
1981-07-18,2009-09-10,9999-12-31,2902000
1981-07-25,2009-09-10,9999-12-31,2899000
1981-08-01,2009-09-10,9999-12-31,2867000
1981-08-08,2009-09-10,9999-12-31,2998000
1981-08-15,2009-09-10,9999-12-31,2966000
1981-08-22,2009-09-10,9999-12-31,2957000
1981-08-29,2009-09-10,9999-12-31,2954000
1981-09-05,2009-09-10,9999-12-31,2914000
1981-09-12,2009-09-10,9999-12-31,3051000
1981-09-19,2009-09-10,9999-12-31,3014000
1981-09-26,2009-09-10,9999-12-31,3073000
1981-10-03,2009-09-10,9999-12-31,3069000
1981-10-10,2009-09-10,9999-12-31,3098000
1981-10-17,2009-09-10,9999-12-31,3104000
1981-10-24,2009-09-10,9999-12-31,3181000
1981-10-31,2009-09-10,9999-12-31,3183000
1981-11-07,2009-09-10,9999-12-31,3282000
1981-11-14,2009-09-10,9999-12-31,3291000
1981-11-21,2009-09-10,9999-12-31,3416000
1981-11-28,2009-09-10,9999-12-31,3360000
1981-12-05,2009-09-10,9999-12-31,3517000
1981-12-12,2009-09-10,9999-12-31,3397000
1981-12-19,2009-09-10,9999-12-31,3551000
1981-12-26,2009-09-10,9999-12-31,3636000
1982-01-02,2009-09-10,9999-12-31,3523000
1982-01-09,2009-09-10,9999-12-31,3398000
1982-01-16,2009-09-10,9999-12-31,3624000
1982-01-23,2009-09-10,9999-12-31,3602000
1982-01-30,2009-09-10,9999-12-31,3521000
1982-02-06,2009-09-10,9999-12-31,3617000
1982-02-13,2009-09-10,9999-12-31,3490000
1982-02-20,2009-09-10,9999-12-31,3562000
1982-02-27,2009-09-10,9999-12-31,3553000
1982-03-06,2009-09-10,9999-12-31,3619000
1982-03-13,2009-09-10,9999-12-31,3605000
1982-03-20,2009-09-10,9999-12-31,3684000
1982-03-27,2009-09-10,9999-12-31,3714000
1982-04-03,2009-09-10,9999-12-31,3720000
1982-04-10,2009-09-10,9999-12-31,3841000
1982-04-17,2009-09-10,9999-12-31,3967000
1982-04-24,2009-09-10,9999-12-31,3930000
1982-05-01,2009-09-10,9999-12-31,3960000
1982-05-08,2009-09-10,9999-12-31,3972000
1982-05-15,2009-09-10,9999-12-31,3968000
1982-05-22,2009-09-10,9999-12-31,4103000
1982-05-29,2009-09-10,9999-12-31,3956000
1982-06-05,2009-09-10,9999-12-31,4094000
1982-06-12,2009-09-10,9999-12-31,4121000
1982-06-19,2009-09-10,9999-12-31,4105000
1982-06-26,2009-09-10,9999-12-31,4057000
1982-07-03,2009-09-10,9999-12-31,4139000
1982-07-10,2009-09-10,9999-12-31,4025000
1982-07-17,2009-09-10,9999-12-31,4148000
1982-07-24,2009-09-10,9999-12-31,4155000
1982-07-31,2009-09-10,9999-12-31,4040000
1982-08-07,2009-09-10,9999-12-31,4191000
1982-08-14,2009-09-10,9999-12-31,4234000
1982-08-21,2009-09-10,9999-12-31,4300000
1982-08-28,2009-09-10,9999-12-31,4316000
1982-09-04,2009-09-10,9999-12-31,4356000
1982-09-11,2009-09-10,9999-12-31,4445000
1982-09-18,2009-09-10,9999-12-31,4468000
1982-09-25,2009-09-10,9999-12-31,4542000
1982-10-02,2009-09-10,9999-12-31,4629000
1982-10-09,2009-09-10,9999-12-31,4689000
1982-10-16,2009-09-10,9999-12-31,4599000
1982-10-23,2009-09-10,9999-12-31,4686000
1982-10-30,2009-09-10,9999-12-31,4595000
1982-11-06,2009-09-10,9999-12-31,4713000
1982-11-13,2009-09-10,9999-12-31,4554000
1982-11-20,2009-09-10,9999-12-31,4695000
1982-11-27,2009-09-10,9999-12-31,4442000
1982-12-04,2009-09-10,9999-12-31,4509000
1982-12-11,2009-09-10,9999-12-31,4339000
1982-12-18,2009-09-10,9999-12-31,4371000
1982-12-25,2009-09-10,9999-12-31,4381000
1983-01-01,2009-09-10,9999-12-31,4010000
1983-01-08,2009-09-10,9999-12-31,3885000
1983-01-15,2009-09-10,9999-12-31,3950000
1983-01-22,2009-09-10,9999-12-31,3860000
1983-01-29,2009-09-10,9999-12-31,3890000
1983-02-05,2009-09-10,9999-12-31,3877000
1983-02-12,2009-09-10,9999-12-31,3865000
1983-02-19,2009-09-10,9999-12-31,3819000
1983-02-26,2009-09-10,9999-12-31,3876000
1983-03-05,2009-09-10,9999-12-31,3797000
1983-03-12,2009-09-10,9999-12-31,3787000
1983-03-19,2009-09-10,9999-12-31,3752000
1983-03-26,2009-09-10,9999-12-31,3734000
1983-04-02,2009-09-10,9999-12-31,3759000
1983-04-09,2009-09-10,9999-12-31,3814000
1983-04-16,2009-09-10,9999-12-31,3744000
1983-04-23,2009-09-10,9999-12-31,3762000
1983-04-30,2009-09-10,9999-12-31,3722000
1983-05-07,2009-09-10,9999-12-31,3714000
1983-05-14,2009-09-10,9999-12-31,3625000
1983-05-21,2009-09-10,9999-12-31,3701000
1983-05-28,2009-09-10,9999-12-31,3457000
1983-06-04,2009-09-10,9999-12-31,3548000
1983-06-11,2009-09-10,9999-12-31,3453000
1983-06-18,2009-09-10,9999-12-31,3452000
1983-06-25,2009-09-10,9999-12-31,3369000
1983-07-02,2009-09-10,9999-12-31,3239000
1983-07-09,2009-09-10,9999-12-31,3226000
1983-07-16,2009-09-10,9999-12-31,3216000
1983-07-23,2009-09-10,9999-12-31,3155000
1983-07-30,2009-09-10,9999-12-31,3112000
1983-08-06,2009-09-10,9999-12-31,3106000
1983-08-13,2009-09-10,9999-12-31,3107000
1983-08-20,2009-09-10,9999-12-31,3131000
1983-08-27,2009-09-10,9999-12-31,3079000
1983-09-03,2009-09-10,9999-12-31,3055000
1983-09-10,2009-09-10,9999-12-31,3007000
1983-09-17,2009-09-10,9999-12-31,2993000
1983-09-24,2009-09-10,9999-12-31,2973000
1983-10-01,2009-09-10,9999-12-31,2926000
1983-10-08,2009-09-10,9999-12-31,2929000
1983-10-15,2009-09-10,9999-12-31,2913000
1983-10-22,2009-09-10,9999-12-31,2886000
1983-10-29,2009-09-10,9999-12-31,2860000
1983-11-05,2009-09-10,9999-12-31,2750000
1983-11-12,2009-09-10,9999-12-31,2789000
1983-11-19,2009-09-10,9999-12-31,2879000
1983-11-26,2009-09-10,9999-12-31,2733000
1983-12-03,2009-09-10,9999-12-31,2737000
1983-12-10,2009-09-10,9999-12-31,2666000
1983-12-17,2009-09-10,9999-12-31,2796000
1983-12-24,2009-09-10,9999-12-31,2718000
1983-12-31,2009-09-10,9999-12-31,2644000
1984-01-07,2009-09-10,9999-12-31,2588000
1984-01-14,2009-09-10,9999-12-31,2522000
1984-01-21,2009-09-10,9999-12-31,2531000
1984-01-28,2009-09-10,9999-12-31,2556000
1984-02-04,2009-09-10,9999-12-31,2531000
1984-02-11,2009-09-10,9999-12-31,2453000
1984-02-18,2009-09-10,9999-12-31,2425000
1984-02-25,2009-09-10,9999-12-31,2469000
1984-03-03,2009-09-10,9999-12-31,2441000
1984-03-10,2009-09-10,9999-12-31,2431000
1984-03-17,2009-09-10,9999-12-31,2426000
1984-03-24,2009-09-10,9999-12-31,2412000
1984-03-31,2009-09-10,9999-12-31,2412000
1984-04-07,2009-09-10,9999-12-31,2425000
1984-04-14,2009-09-10,9999-12-31,2396000
1984-04-21,2009-09-10,9999-12-31,2433000
1984-04-28,2009-09-10,9999-12-31,2435000
1984-05-05,2009-09-10,9999-12-31,2430000
1984-05-12,2009-09-10,9999-12-31,2386000
1984-05-19,2009-09-10,9999-12-31,2401000
1984-05-26,2009-09-10,9999-12-31,2323000
1984-06-02,2009-09-10,9999-12-31,2379000
1984-06-09,2009-09-10,9999-12-31,2391000
1984-06-16,2009-09-10,9999-12-31,2364000
1984-06-23,2009-09-10,9999-12-31,2339000
1984-06-30,2009-09-10,9999-12-31,2329000
1984-07-07,2009-09-10,9999-12-31,2375000
1984-07-14,2009-09-10,9999-12-31,2371000
1984-07-21,2009-09-10,9999-12-31,2337000
1984-07-28,2009-09-10,9999-12-31,2329000
1984-08-04,2009-09-10,9999-12-31,2332000
1984-08-11,2009-09-10,9999-12-31,2390000
1984-08-18,2009-09-10,9999-12-31,2416000
1984-08-25,2009-09-10,9999-12-31,2405000
1984-09-01,2009-09-10,9999-12-31,2410000
1984-09-08,2009-09-10,9999-12-31,2435000
1984-09-15,2009-09-10,9999-12-31,2434000
1984-09-22,2009-09-10,9999-12-31,2421000
1984-09-29,2009-09-10,9999-12-31,2474000
1984-10-06,2009-09-10,9999-12-31,2455000
1984-10-13,2009-09-10,9999-12-31,2538000
1984-10-20,2009-09-10,9999-12-31,2529000
1984-10-27,2009-09-10,9999-12-31,2574000
1984-11-03,2009-09-10,9999-12-31,2578000
1984-11-10,2009-09-10,9999-12-31,2545000
1984-11-17,2009-09-10,9999-12-31,2645000
1984-11-24,2009-09-10,9999-12-31,2569000
1984-12-01,2009-09-10,9999-12-31,2529000
1984-12-08,2009-09-10,9999-12-31,2589000
1984-12-15,2009-09-10,9999-12-31,2594000
1984-12-22,2009-09-10,9999-12-31,2487000
1984-12-29,2009-09-10,9999-12-31,2536000
1985-01-05,2009-09-10,9999-12-31,2593000
1985-01-12,2009-09-10,9999-12-31,2543000
1985-01-19,2009-09-10,9999-12-31,2472000
1985-01-26,2009-09-10,9999-12-31,2601000
1985-02-02,2009-09-10,9999-12-31,2632000
1985-02-09,2009-09-10,9999-12-31,2608000
1985-02-16,2009-09-10,9999-12-31,2613000
1985-02-23,2009-09-10,9999-12-31,2641000
1985-03-02,2009-09-10,9999-12-31,2571000
1985-03-09,2009-09-10,9999-12-31,2591000
1985-03-16,2009-09-10,9999-12-31,2578000
1985-03-23,2009-09-10,9999-12-31,2556000
1985-03-30,2009-09-10,9999-12-31,2526000
1985-04-06,2009-09-10,9999-12-31,2569000
1985-04-13,2009-09-10,9999-12-31,2600000
1985-04-20,2009-09-10,9999-12-31,2584000
1985-04-27,2009-09-10,9999-12-31,2562000
1985-05-04,2009-09-10,9999-12-31,2582000
1985-05-11,2009-09-10,9999-12-31,2569000
1985-05-18,2009-09-10,9999-12-31,2547000
1985-05-25,2009-09-10,9999-12-31,2545000
1985-06-01,2009-09-10,9999-12-31,2591000
1985-06-08,2009-09-10,9999-12-31,2564000
1985-06-15,2009-09-10,9999-12-31,2549000
1985-06-22,2009-09-10,9999-12-31,2550000
1985-06-29,2009-09-10,9999-12-31,2505000
1985-07-06,2009-09-10,9999-12-31,2609000
1985-07-13,2009-09-10,9999-12-31,2519000
1985-07-20,2009-09-10,9999-12-31,2520000
1985-07-27,2009-09-10,9999-12-31,2522000
1985-08-03,2009-09-10,9999-12-31,2518000
1985-08-10,2009-09-10,9999-12-31,2565000
1985-08-17,2009-09-10,9999-12-31,2574000
1985-08-24,2009-09-10,9999-12-31,2561000
1985-08-31,2009-09-10,9999-12-31,2595000
1985-09-07,2009-09-10,9999-12-31,2596000
1985-09-14,2009-09-10,9999-12-31,2590000
1985-09-21,2009-09-10,9999-12-31,2513000
1985-09-28,2009-09-10,9999-12-31,2623000
1985-10-05,2009-09-10,9999-12-31,2657000
1985-10-12,2009-09-10,9999-12-31,2569000
1985-10-19,2009-09-10,9999-12-31,2644000
1985-10-26,2009-09-10,9999-12-31,2657000
1985-11-02,2009-09-10,9999-12-31,2673000
1985-11-09,2009-09-10,9999-12-31,2612000
1985-11-16,2009-09-10,9999-12-31,2618000
1985-11-23,2009-09-10,9999-12-31,2585000
1985-11-30,2009-09-10,9999-12-31,2638000
1985-12-07,2009-09-10,9999-12-31,2744000
1985-12-14,2009-09-10,9999-12-31,2680000
1985-12-21,2009-09-10,9999-12-31,2543000
1985-12-28,2009-09-10,9999-12-31,2608000
1986-01-04,2009-09-10,9999-12-31,2694000
1986-01-11,2009-09-10,9999-12-31,2636000
1986-01-18,2009-09-10,9999-12-31,2516000
1986-01-25,2009-09-10,9999-12-31,2570000
1986-02-01,2009-09-10,9999-12-31,2531000
1986-02-08,2009-09-10,9999-12-31,2548000
1986-02-15,2009-09-10,9999-12-31,2569000
1986-02-22,2009-09-10,9999-12-31,2626000
1986-03-01,2009-09-10,9999-12-31,2570000
1986-03-08,2009-09-10,9999-12-31,2603000
1986-03-15,2009-09-10,9999-12-31,2589000
1986-03-22,2009-09-10,9999-12-31,2592000
1986-03-29,2009-09-10,9999-12-31,2614000
1986-04-05,2009-09-10,9999-12-31,2625000
1986-04-12,2009-09-10,9999-12-31,2570000
1986-04-19,2009-09-10,9999-12-31,2613000
1986-04-26,2009-09-10,9999-12-31,2627000
1986-05-03,2009-09-10,9999-12-31,2670000
1986-05-10,2009-09-10,9999-12-31,2670000
1986-05-17,2009-09-10,9999-12-31,2669000
1986-05-24,2009-09-10,9999-12-31,2638000
1986-05-31,2009-09-10,9999-12-31,2708000
1986-06-07,2009-09-10,9999-12-31,2653000
1986-06-14,2009-09-10,9999-12-31,2644000
1986-06-21,2009-09-10,9999-12-31,2637000
1986-06-28,2009-09-10,9999-12-31,2606000
1986-07-05,2009-09-10,9999-12-31,2669000
1986-07-12,2009-09-10,9999-12-31,2552000
1986-07-19,2009-09-10,9999-12-31,2593000
1986-07-26,2009-09-10,9999-12-31,2618000
1986-08-02,2009-09-10,9999-12-31,2583000
1986-08-09,2009-09-10,9999-12-31,2686000
1986-08-16,2009-09-10,9999-12-31,2658000
1986-08-23,2009-09-10,9999-12-31,2687000
1986-08-30,2009-09-10,9999-12-31,2664000
1986-09-06,2009-09-10,9999-12-31,2756000
1986-09-13,2009-09-10,9999-12-31,2671000
1986-09-20,2009-09-10,9999-12-31,2703000
1986-09-27,2009-09-10,9999-12-31,2698000
1986-10-04,2009-09-10,9999-12-31,2780000
1986-10-11,2009-09-10,9999-12-31,2665000
1986-10-18,2009-09-10,9999-12-31,2723000
1986-10-25,2009-09-10,9999-12-31,2707000
1986-11-01,2009-09-10,9999-12-31,2646000
1986-11-08,2009-09-10,9999-12-31,2614000
1986-11-15,2009-09-10,9999-12-31,2653000
1986-11-22,2009-09-10,9999-12-31,2555000
1986-11-29,2009-09-10,9999-12-31,2686000
1986-12-06,2009-09-10,9999-12-31,2634000
1986-12-13,2009-09-10,9999-12-31,2587000
1986-12-20,2009-09-10,9999-12-31,2499000
1986-12-27,2009-09-10,9999-12-31,2565000
1987-01-03,2009-09-10,9999-12-31,2590000
1987-01-10,2009-09-10,9999-12-31,2508000
1987-01-17,2009-09-10,9999-12-31,2443000
1987-01-24,2009-09-10,9999-12-31,2506000
1987-01-31,2009-09-10,9999-12-31,2515000
1987-02-07,2009-09-10,9999-12-31,2496000
1987-02-14,2009-09-10,9999-12-31,2451000
1987-02-21,2009-09-10,9999-12-31,2481000
1987-02-28,2009-09-10,9999-12-31,2460000
1987-03-07,2009-09-10,9999-12-31,2456000
1987-03-14,2009-09-10,9999-12-31,2450000
1987-03-21,2009-09-10,9999-12-31,2401000
1987-03-28,2009-09-10,9999-12-31,2410000
1987-04-04,2009-09-10,9999-12-31,2482000
1987-04-11,2009-09-10,9999-12-31,2366000
1987-04-18,2009-09-10,9999-12-31,2410000
1987-04-25,2009-09-10,9999-12-31,2386000
1987-05-02,2009-09-10,9999-12-31,2302000
1987-05-09,2009-09-10,9999-12-31,2347000
1987-05-16,2009-09-10,9999-12-31,2326000
1987-05-23,2009-09-10,9999-12-31,2275000
1987-05-30,2009-09-10,9999-12-31,2370000
1987-06-06,2009-09-10,9999-12-31,2259000
1987-06-13,2009-09-10,9999-12-31,2278000
1987-06-20,2009-09-10,9999-12-31,2258000
1987-06-27,2009-09-10,9999-12-31,2321000
1987-07-04,2009-09-10,9999-12-31,2173000
1987-07-11,2009-09-10,9999-12-31,2155000
1987-07-18,2009-09-10,9999-12-31,2211000
1987-07-25,2009-09-10,9999-12-31,2247000
1987-08-01,2009-09-10,9999-12-31,2232000
1987-08-08,2009-09-10,9999-12-31,2263000
1987-08-15,2009-09-10,9999-12-31,2194000
1987-08-22,2009-09-10,9999-12-31,2190000
1987-08-29,2009-09-10,9999-12-31,2179000
1987-09-05,2009-09-10,9999-12-31,2125000
1987-09-12,2009-09-10,9999-12-31,2172000
1987-09-19,2009-09-10,9999-12-31,2351000
1987-09-26,2009-09-10,9999-12-31,2139000
1987-10-03,2009-09-10,9999-12-31,2151000
1987-10-10,2009-09-10,9999-12-31,2101000
1987-10-17,2009-09-10,9999-12-31,2074000
1987-10-24,2009-09-10,9999-12-31,1966000
1987-10-31,2009-09-10,9999-12-31,1942000
1987-11-07,2009-09-10,9999-12-31,2054000
1987-11-14,2009-09-10,9999-12-31,2109000
1987-11-21,2009-09-10,9999-12-31,2064000
1987-11-28,2009-09-10,9999-12-31,2102000
1987-12-05,2009-09-10,9999-12-31,2125000
1987-12-12,2009-09-10,9999-12-31,2092000
1987-12-19,2009-09-10,9999-12-31,2105000
1987-12-26,2009-09-10,9999-12-31,2140000
1988-01-02,2009-09-10,9999-12-31,2096000
1988-01-09,2009-09-10,9999-12-31,2231000
1988-01-16,2009-09-10,9999-12-31,2186000
1988-01-23,2009-09-10,9999-12-31,2214000
1988-01-30,2009-09-10,9999-12-31,2213000
1988-02-06,2009-09-10,9999-12-31,2180000
1988-02-13,2009-09-10,9999-12-31,2184000
1988-02-20,2009-09-10,9999-12-31,2091000
1988-02-27,2009-09-10,9999-12-31,2111000
1988-03-05,2009-09-10,9999-12-31,2147000
1988-03-12,2009-09-10,9999-12-31,2112000
1988-03-19,2009-09-10,9999-12-31,2112000
1988-03-26,2009-09-10,9999-12-31,2077000
1988-04-02,2009-09-10,9999-12-31,2086000
1988-04-09,2009-09-10,9999-12-31,2104000
1988-04-16,2009-09-10,9999-12-31,2072000
1988-04-23,2009-09-10,9999-12-31,2067000
1988-04-30,2009-09-10,9999-12-31,2077000
1988-05-07,2009-09-10,9999-12-31,2059000
1988-05-14,2009-09-10,9999-12-31,2068000
1988-05-21,2009-09-10,9999-12-31,2099000
1988-05-28,2009-09-10,9999-12-31,2045000
1988-06-04,2009-09-10,9999-12-31,2040000
1988-06-11,2009-09-10,9999-12-31,2068000
1988-06-18,2009-09-10,9999-12-31,2034000
1988-06-25,2009-09-10,9999-12-31,2030000
1988-07-02,2009-09-10,9999-12-31,2035000
1988-07-09,2009-09-10,9999-12-31,2027000
1988-07-16,2009-09-10,9999-12-31,2073000
1988-07-23,2009-09-10,9999-12-31,2083000
1988-07-30,2009-09-10,9999-12-31,2108000
1988-08-06,2009-09-10,9999-12-31,2101000
1988-08-13,2009-09-10,9999-12-31,2070000
1988-08-20,2009-09-10,9999-12-31,2099000
1988-08-27,2009-09-10,9999-12-31,2082000
1988-09-03,2009-09-10,9999-12-31,2091000
1988-09-10,2009-09-10,9999-12-31,2053000
1988-09-17,2009-09-10,9999-12-31,2106000
1988-09-24,2009-09-10,9999-12-31,2053000
1988-10-01,2009-09-10,9999-12-31,2041000
1988-10-08,2009-09-10,9999-12-31,2017000
1988-10-15,2009-09-10,9999-12-31,1994000
1988-10-22,2009-09-10,9999-12-31,2011000
1988-10-29,2009-09-10,9999-12-31,2015000
1988-11-05,2009-09-10,9999-12-31,1898000
1988-11-12,2009-09-10,9999-12-31,2011000
1988-11-19,2009-09-10,9999-12-31,1981000
1988-11-26,2009-09-10,9999-12-31,2023000
1988-12-03,2009-09-10,9999-12-31,2006000
1988-12-10,2009-09-10,9999-12-31,2013000
1988-12-17,2009-09-10,9999-12-31,2054000
1988-12-24,2009-09-10,9999-12-31,2061000
1988-12-31,2009-09-10,9999-12-31,2092000
1989-01-07,2009-09-10,9999-12-31,2056000
1989-01-14,2009-09-10,9999-12-31,2069000
1989-01-21,2009-09-10,9999-12-31,2048000
1989-01-28,2009-09-10,9999-12-31,2071000
1989-02-04,2009-09-10,9999-12-31,2074000
1989-02-11,2009-09-10,9999-12-31,2103000
1989-02-18,2009-09-10,9999-12-31,2111000
1989-02-25,2009-09-10,9999-12-31,2167000
1989-03-04,2009-09-10,9999-12-31,2110000
1989-03-11,2009-09-10,9999-12-31,2163000
1989-03-18,2009-09-10,9999-12-31,2108000
1989-03-25,2009-09-10,9999-12-31,2145000
1989-04-01,2009-09-10,9999-12-31,2117000
1989-04-08,2009-09-10,9999-12-31,2117000
1989-04-15,2009-09-10,9999-12-31,2092000
1989-04-22,2009-09-10,9999-12-31,2104000
1989-04-29,2009-09-10,9999-12-31,2064000
1989-05-06,2009-09-10,9999-12-31,2089000
1989-05-13,2009-09-10,9999-12-31,2144000
1989-05-20,2009-09-10,9999-12-31,2085000
1989-05-27,2009-09-10,9999-12-31,2056000
1989-06-03,2009-09-10,9999-12-31,2117000
1989-06-10,2009-09-10,9999-12-31,2110000
1989-06-17,2009-09-10,9999-12-31,2113000
1989-06-24,2009-09-10,9999-12-31,2151000
1989-07-01,2009-09-10,9999-12-31,2133000
1989-07-08,2009-09-10,9999-12-31,2207000
1989-07-15,2009-09-10,9999-12-31,2217000
1989-07-22,2009-09-10,9999-12-31,2159000
1989-07-29,2009-09-10,9999-12-31,2181000
1989-08-05,2009-09-10,9999-12-31,2236000
1989-08-12,2009-09-10,9999-12-31,2214000
1989-08-19,2009-09-10,9999-12-31,2195000
1989-08-26,2009-09-10,9999-12-31,2184000
1989-09-02,2009-09-10,9999-12-31,2199000
1989-09-09,2009-09-10,9999-12-31,2207000
1989-09-16,2009-09-10,9999-12-31,2169000
1989-09-23,2009-09-10,9999-12-31,2249000
1989-09-30,2009-09-10,9999-12-31,2220000
1989-10-07,2009-09-10,9999-12-31,2279000
1989-10-14,2009-09-10,9999-12-31,2293000
1989-10-21,2009-09-10,9999-12-31,2295000
1989-10-28,2009-09-10,9999-12-31,2257000
1989-11-04,2009-09-10,9999-12-31,2280000
1989-11-11,2009-09-10,9999-12-31,2271000
1989-11-18,2009-09-10,9999-12-31,2289000
1989-11-25,2009-09-10,9999-12-31,2300000
1989-12-02,2009-09-10,9999-12-31,2271000
1989-12-09,2009-09-10,9999-12-31,2265000
1989-12-16,2009-09-10,9999-12-31,2295000
1989-12-23,2009-09-10,9999-12-31,2292000
1989-12-30,2009-09-10,9999-12-31,2302000
1990-01-06,2009-09-10,9999-12-31,2347000
1990-01-13,2009-09-10,9999-12-31,2349000
1990-01-20,2009-09-10,9999-12-31,2407000
1990-01-27,2009-09-10,9999-12-31,2316000
1990-02-03,2009-09-10,9999-12-31,2364000
1990-02-10,2009-09-10,9999-12-31,2323000
1990-02-17,2009-09-10,9999-12-31,2382000
1990-02-24,2009-09-10,9999-12-31,2347000
1990-03-03,2009-09-10,9999-12-31,2385000
1990-03-10,2009-09-10,9999-12-31,2341000
1990-03-17,2009-09-10,9999-12-31,2384000
1990-03-24,2009-09-10,9999-12-31,2344000
1990-03-31,2009-09-10,9999-12-31,2365000
1990-04-07,2009-09-10,9999-12-31,2323000
1990-04-14,2009-09-10,9999-12-31,2410000
1990-04-21,2009-09-10,9999-12-31,2385000
1990-04-28,2009-09-10,9999-12-31,2403000
1990-05-05,2009-09-10,9999-12-31,2374000
1990-05-12,2009-09-10,9999-12-31,2374000
1990-05-19,2009-09-10,9999-12-31,2381000
1990-05-26,2009-09-10,9999-12-31,2431000
1990-06-02,2009-09-10,9999-12-31,2406000
1990-06-09,2009-09-10,9999-12-31,2438000
1990-06-16,2009-09-10,9999-12-31,2402000
1990-06-23,2009-09-10,9999-12-31,2431000
1990-06-30,2009-09-10,9999-12-31,2442000
1990-07-07,2009-09-10,9999-12-31,2487000
1990-07-14,2009-09-10,9999-12-31,2498000
1990-07-21,2009-09-10,9999-12-31,2441000
1990-07-28,2009-09-10,9999-12-31,2461000
1990-08-04,2009-09-10,9999-12-31,2460000
1990-08-11,2009-09-10,9999-12-31,2500000
1990-08-18,2009-09-10,9999-12-31,2537000
1990-08-25,2009-09-10,9999-12-31,2540000
1990-09-01,2009-09-10,9999-12-31,2579000
1990-09-08,2009-09-10,9999-12-31,2585000
1990-09-15,2009-09-10,9999-12-31,2591000
1990-09-22,2009-09-10,9999-12-31,2578000
1990-09-29,2009-09-10,9999-12-31,2644000
1990-10-06,2009-09-10,9999-12-31,2621000
1990-10-13,2009-09-10,9999-12-31,2753000
1990-10-20,2009-09-10,9999-12-31,2722000
1990-10-27,2009-09-10,9999-12-31,2787000
1990-11-03,2009-09-10,9999-12-31,2813000
1990-11-10,2009-09-10,9999-12-31,2789000
1990-11-17,2009-09-10,9999-12-31,2996000
1990-11-24,2009-09-10,9999-12-31,2955000
1990-12-01,2009-09-10,9999-12-31,2918000
1990-12-08,2009-09-10,9999-12-31,3000000
1990-12-15,2009-09-10,9999-12-31,2984000
1990-12-22,2009-09-10,9999-12-31,3001000
1990-12-29,2009-09-10,9999-12-31,2938000
1991-01-05,2009-09-10,9999-12-31,3062000
1991-01-12,2009-09-10,9999-12-31,3111000
1991-01-19,2009-09-10,9999-12-31,3017000
1991-01-26,2009-09-10,9999-12-31,3162000
1991-02-02,2009-09-10,9999-12-31,3228000
1991-02-09,2009-09-10,9999-12-31,3226000
1991-02-16,2009-09-10,9999-12-31,3293000
1991-02-23,2009-09-10,9999-12-31,3304000
1991-03-02,2009-09-10,9999-12-31,3357000
1991-03-09,2009-09-10,9999-12-31,3384000
1991-03-16,2009-09-10,9999-12-31,3448000
1991-03-23,2009-09-10,9999-12-31,3404000
1991-03-30,2009-09-10,9999-12-31,3502000
1991-04-06,2009-09-10,9999-12-31,3493000
1991-04-13,2009-09-10,9999-12-31,3464000
1991-04-20,2009-09-10,9999-12-31,3502000
1991-04-27,2009-09-10,9999-12-31,3474000
1991-05-04,2009-09-10,9999-12-31,3524000
1991-05-11,2009-09-10,9999-12-31,3492000
1991-05-18,2009-09-10,9999-12-31,3459000
1991-05-25,2009-09-10,9999-12-31,3472000
1991-06-01,2009-09-10,9999-12-31,3522000
1991-06-08,2009-09-10,9999-12-31,3439000
1991-06-15,2009-09-10,9999-12-31,3428000
1991-06-22,2009-09-10,9999-12-31,3389000
1991-06-29,2009-09-10,9999-12-31,3356000
1991-07-06,2009-09-10,9999-12-31,3393000
1991-07-13,2009-09-10,9999-12-31,3255000
1991-07-20,2009-09-10,9999-12-31,3276000
1991-07-27,2009-09-10,9999-12-31,3306000
1991-08-03,2009-09-10,9999-12-31,3307000
1991-08-10,2009-09-10,9999-12-31,3314000
1991-08-17,2009-09-10,9999-12-31,3282000
1991-08-24,2009-09-10,9999-12-31,3277000
1991-08-31,2009-09-10,9999-12-31,3279000
1991-09-07,2009-09-10,9999-12-31,3326000
1991-09-14,2009-09-10,9999-12-31,3275000
1991-09-21,2009-09-10,9999-12-31,3294000
1991-09-28,2009-09-10,9999-12-31,3290000
1991-10-05,2009-09-10,9999-12-31,3388000
1991-10-12,2009-09-10,9999-12-31,3237000
1991-10-19,2009-09-10,9999-12-31,3320000
1991-10-26,2009-09-10,9999-12-31,3299000
1991-11-02,2009-09-10,9999-12-31,3336000
1991-11-09,2009-09-10,9999-12-31,3328000
1991-11-16,2009-09-10,9999-12-31,3315000
1991-11-23,2009-09-10,9999-12-31,3226000
1991-11-30,2009-09-10,9999-12-31,3348000
1991-12-07,2009-09-10,9999-12-31,3388000
1991-12-14,2009-09-10,9999-12-31,3405000
1991-12-21,2009-09-10,9999-12-31,3264000
1991-12-28,2009-09-10,9999-12-31,3340000
1992-01-04,2009-09-10,9999-12-31,3410000
1992-01-11,2009-09-10,9999-12-31,3342000
1992-01-18,2009-09-10,9999-12-31,3297000
1992-01-25,2009-09-10,9999-12-31,3364000
1992-02-01,2009-09-10,9999-12-31,3301000
1992-02-08,2009-09-10,9999-12-31,3320000
1992-02-15,2009-09-10,9999-12-31,3260000
1992-02-22,2009-09-10,9999-12-31,3412000
1992-02-29,2009-09-10,9999-12-31,3280000
1992-03-07,2009-09-10,9999-12-31,3288000
1992-03-14,2009-09-10,9999-12-31,3280000
1992-03-21,2009-09-10,9999-12-31,3344000
1992-03-28,2009-09-10,9999-12-31,3336000
1992-04-04,2009-09-10,9999-12-31,3383000
1992-04-11,2009-09-10,9999-12-31,3288000
1992-04-18,2009-09-10,9999-12-31,3339000
1992-04-25,2009-09-10,9999-12-31,3365000
1992-05-02,2009-09-10,9999-12-31,3397000
1992-05-09,2009-09-10,9999-12-31,3354000
1992-05-16,2009-09-10,9999-12-31,3296000
1992-05-23,2009-09-10,9999-12-31,3285000
1992-05-30,2009-09-10,9999-12-31,3392000
1992-06-06,2009-09-10,9999-12-31,3265000
1992-06-13,2009-09-10,9999-12-31,3270000
1992-06-20,2009-09-10,9999-12-31,3284000
1992-06-27,2009-09-10,9999-12-31,3340000
1992-07-04,2009-09-10,9999-12-31,3212000
1992-07-11,2009-09-10,9999-12-31,3103000
1992-07-18,2009-09-10,9999-12-31,3238000
1992-07-25,2009-09-10,9999-12-31,3318000
1992-08-01,2009-09-10,9999-12-31,3467000
1992-08-08,2009-09-10,9999-12-31,3211000
1992-08-15,2009-09-10,9999-12-31,3210000
1992-08-22,2009-09-10,9999-12-31,3188000
1992-08-29,2009-09-10,9999-12-31,3175000
1992-09-05,2009-09-10,9999-12-31,3167000
1992-09-12,2009-09-10,9999-12-31,3261000
1992-09-19,2009-09-10,9999-12-31,3195000
1992-09-26,2009-09-10,9999-12-31,3194000
1992-10-03,2009-09-10,9999-12-31,3121000
1992-10-10,2009-09-10,9999-12-31,3072000
1992-10-17,2009-09-10,9999-12-31,3083000
1992-10-24,2009-09-10,9999-12-31,3063000
1992-10-31,2009-09-10,9999-12-31,2973000
1992-11-07,2009-09-10,9999-12-31,3017000
1992-11-14,2009-09-10,9999-12-31,2962000
1992-11-21,2009-09-10,9999-12-31,2906000
1992-11-28,2009-09-10,9999-12-31,2911000
1992-12-05,2009-09-10,9999-12-31,2918000
1992-12-12,2009-09-10,9999-12-31,2807000
1992-12-19,2009-09-10,9999-12-31,2770000
1992-12-26,2009-09-10,9999-12-31,2800000
1993-01-02,2009-09-10,9999-12-31,2729000
1993-01-09,2009-09-10,9999-12-31,2697000
1993-01-16,2009-09-10,9999-12-31,2749000
1993-01-23,2009-09-10,9999-12-31,2727000
1993-01-30,2009-09-10,9999-12-31,2663000
1993-02-06,2009-09-10,9999-12-31,2645000
1993-02-13,2009-09-10,9999-12-31,2628000
1993-02-20,2009-09-10,9999-12-31,2646000
1993-02-27,2009-09-10,9999-12-31,2645000
1993-03-06,2009-09-10,9999-12-31,2683000
1993-03-13,2009-09-10,9999-12-31,2618000
1993-03-20,2009-09-10,9999-12-31,2724000
1993-03-27,2009-09-10,9999-12-31,2725000
1993-04-03,2009-09-10,9999-12-31,2729000
1993-04-10,2009-09-10,9999-12-31,2781000
1993-04-17,2009-09-10,9999-12-31,2800000
1993-04-24,2009-09-10,9999-12-31,2792000
1993-05-01,2009-09-10,9999-12-31,2747000
1993-05-08,2009-09-10,9999-12-31,2820000
1993-05-15,2009-09-10,9999-12-31,2772000
1993-05-22,2009-09-10,9999-12-31,2816000
1993-05-29,2009-09-10,9999-12-31,2737000
1993-06-05,2009-09-10,9999-12-31,2808000
1993-06-12,2009-09-10,9999-12-31,2836000
1993-06-19,2009-09-10,9999-12-31,2857000
1993-06-26,2009-09-10,9999-12-31,2747000
1993-07-03,2009-09-10,9999-12-31,2724000
1993-07-10,2009-09-10,9999-12-31,2778000
1993-07-17,2009-09-10,9999-12-31,2766000
1993-07-24,2009-09-10,9999-12-31,2803000
1993-07-31,2009-09-10,9999-12-31,2843000
1993-08-07,2009-09-10,9999-12-31,2813000
1993-08-14,2009-09-10,9999-12-31,2791000
1993-08-21,2009-09-10,9999-12-31,2821000
1993-08-28,2009-09-10,9999-12-31,2788000
1993-09-04,2009-09-10,9999-12-31,2768000
1993-09-11,2009-09-10,9999-12-31,2844000
1993-09-18,2009-09-10,9999-12-31,2856000
1993-09-25,2009-09-10,9999-12-31,2836000
1993-10-02,2009-09-10,9999-12-31,2810000
1993-10-09,2009-09-10,9999-12-31,2799000
1993-10-16,2009-09-10,9999-12-31,2833000
1993-10-23,2009-09-10,9999-12-31,2882000
1993-10-30,2009-09-10,9999-12-31,2801000
1993-11-06,2009-09-10,9999-12-31,2833000
1993-11-13,2009-09-10,9999-12-31,2785000
1993-11-20,2009-09-10,9999-12-31,2801000
1993-11-27,2009-09-10,9999-12-31,2784000
1993-12-04,2009-09-10,9999-12-31,2802000
1993-12-11,2009-09-10,9999-12-31,2747000
1993-12-18,2009-09-10,9999-12-31,2780000
1993-12-25,2009-09-10,9999-12-31,2720000
1994-01-01,2009-09-10,9999-12-31,2633000
1994-01-08,2009-09-10,9999-12-31,2705000
1994-01-15,2009-09-10,9999-12-31,2634000
1994-01-22,2009-09-10,9999-12-31,2814000
1994-01-29,2009-09-10,9999-12-31,2762000
1994-02-05,2009-09-10,9999-12-31,2764000
1994-02-12,2009-09-10,9999-12-31,2861000
1994-02-19,2009-09-10,9999-12-31,2748000
1994-02-26,2009-09-10,9999-12-31,2797000
1994-03-05,2009-09-10,9999-12-31,2779000
1994-03-12,2009-09-10,9999-12-31,2783000
1994-03-19,2009-09-10,9999-12-31,2746000
1994-03-26,2009-09-10,9999-12-31,2710000
1994-04-02,2009-09-10,9999-12-31,2730000
1994-04-09,2009-09-10,9999-12-31,2773000
1994-04-16,2009-09-10,9999-12-31,2716000
1994-04-23,2009-09-10,9999-12-31,2695000
1994-04-30,2009-09-10,9999-12-31,2769000
1994-05-07,2009-09-10,9999-12-31,2726000
1994-05-14,2009-09-10,9999-12-31,2792000
1994-05-21,2009-09-10,9999-12-31,2766000
1994-05-28,2009-09-10,9999-12-31,2727000
1994-06-04,2009-09-10,9999-12-31,2740000
1994-06-11,2009-09-10,9999-12-31,2755000
1994-06-18,2009-09-10,9999-12-31,2698000
1994-06-25,2009-09-10,9999-12-31,2687000
1994-07-02,2009-09-10,9999-12-31,2672000
1994-07-09,2009-09-10,9999-12-31,2670000
1994-07-16,2009-09-10,9999-12-31,2680000
1994-07-23,2009-09-10,9999-12-31,2650000
1994-07-30,2009-09-10,9999-12-31,2626000
1994-08-06,2009-09-10,9999-12-31,2644000
1994-08-13,2009-09-10,9999-12-31,2639000
1994-08-20,2009-09-10,9999-12-31,2659000
1994-08-27,2009-09-10,9999-12-31,2648000
1994-09-03,2009-09-10,9999-12-31,2645000
1994-09-10,2009-09-10,9999-12-31,2633000
1994-09-17,2009-09-10,9999-12-31,2638000
1994-09-24,2009-09-10,9999-12-31,2601000
1994-10-01,2009-09-10,9999-12-31,2597000
1994-10-08,2009-09-10,9999-12-31,2561000
1994-10-15,2009-09-10,9999-12-31,2620000
1994-10-22,2009-09-10,9999-12-31,2556000
1994-10-29,2009-09-10,9999-12-31,2536000
1994-11-05,2009-09-10,9999-12-31,2538000
1994-11-12,2009-09-10,9999-12-31,2528000
1994-11-19,2009-09-10,9999-12-31,2533000
1994-11-26,2009-09-10,9999-12-31,2530000
1994-12-03,2009-09-10,9999-12-31,2513000
1994-12-10,2009-09-10,9999-12-31,2508000
1994-12-17,2009-09-10,9999-12-31,2557000
1994-12-24,2009-09-10,9999-12-31,2567000
1994-12-31,2009-09-10,9999-12-31,2499000
1995-01-07,2009-09-10,9999-12-31,2486000
1995-01-14,2009-09-10,9999-12-31,2559000
1995-01-21,2009-09-10,9999-12-31,2473000
1995-01-28,2009-09-10,9999-12-31,2532000
1995-02-04,2009-09-10,9999-12-31,2501000
1995-02-11,2009-09-10,9999-12-31,2515000
1995-02-18,2009-09-10,9999-12-31,2541000
1995-02-25,2009-09-10,9999-12-31,2533000
1995-03-04,2009-09-10,9999-12-31,2518000
1995-03-11,2009-09-10,9999-12-31,2564000
1995-03-18,2009-09-10,9999-12-31,2513000
1995-03-25,2009-09-10,9999-12-31,2530000
1995-04-01,2009-09-10,9999-12-31,2484000
1995-04-08,2009-09-10,9999-12-31,2500000
1995-04-15,2009-09-10,9999-12-31,2505000
1995-04-22,2009-09-10,9999-12-31,2569000
1995-04-29,2009-09-10,9999-12-31,2539000
1995-05-06,2009-09-10,9999-12-31,2535000
1995-05-13,2009-09-10,9999-12-31,2567000
1995-05-20,2009-09-10,9999-12-31,2616000
1995-05-27,2009-09-10,9999-12-31,2574000
1995-06-03,2009-09-10,9999-12-31,2608000
1995-06-10,2009-09-10,9999-12-31,2614000
1995-06-17,2009-09-10,9999-12-31,2603000
1995-06-24,2009-09-10,9999-12-31,2602000
1995-07-01,2009-09-10,9999-12-31,2596000
1995-07-08,2009-09-10,9999-12-31,2651000
1995-07-15,2009-09-10,9999-12-31,2677000
1995-07-22,2009-09-10,9999-12-31,2605000
1995-07-29,2009-09-10,9999-12-31,2585000
1995-08-05,2009-09-10,9999-12-31,2592000
1995-08-12,2009-09-10,9999-12-31,2612000
1995-08-19,2009-09-10,9999-12-31,2615000
1995-08-26,2009-09-10,9999-12-31,2610000
1995-09-02,2009-09-10,9999-12-31,2613000
1995-09-09,2009-09-10,9999-12-31,2636000
1995-09-16,2009-09-10,9999-12-31,2650000
1995-09-23,2009-09-10,9999-12-31,2626000
1995-09-30,2009-09-10,9999-12-31,2609000
1995-10-07,2009-09-10,9999-12-31,2651000
1995-10-14,2009-09-10,9999-12-31,2688000
1995-10-21,2009-09-10,9999-12-31,2640000
1995-10-28,2009-09-10,9999-12-31,2674000
1995-11-04,2009-09-10,9999-12-31,2649000
1995-11-11,2009-09-10,9999-12-31,2674000
1995-11-18,2009-09-10,9999-12-31,2653000
1995-11-25,2009-09-10,9999-12-31,2712000
1995-12-02,2009-09-10,9999-12-31,2623000
1995-12-09,2009-09-10,9999-12-31,2629000
1995-12-16,2009-09-10,9999-12-31,2631000
1995-12-23,2009-09-10,9999-12-31,2622000
1995-12-30,2009-09-10,9999-12-31,2558000
1996-01-06,2009-09-10,9999-12-31,2549000
1996-01-13,2009-09-10,9999-12-31,2702000
1996-01-20,2009-09-10,9999-12-31,2707000
1996-01-27,2009-09-10,9999-12-31,2637000
1996-02-03,2009-09-10,9999-12-31,2750000
1996-02-10,2009-09-10,9999-12-31,2672000
1996-02-17,2009-09-10,9999-12-31,2694000
1996-02-24,2009-09-10,9999-12-31,2655000
1996-03-02,2009-09-10,9999-12-31,2688000
1996-03-09,2009-09-10,9999-12-31,2647000
1996-03-16,2009-09-10,9999-12-31,2677000
1996-03-23,2009-09-10,9999-12-31,2738000
1996-03-30,2009-09-10,9999-12-31,2675000
1996-04-06,2009-09-10,9999-12-31,2648000
1996-04-13,2009-09-10,9999-12-31,2657000
1996-04-20,2009-09-10,9999-12-31,2620000
1996-04-27,2009-09-10,9999-12-31,2609000
1996-05-04,2009-09-10,9999-12-31,2602000
1996-05-11,2009-09-10,9999-12-31,2586000
1996-05-18,2009-09-10,9999-12-31,2584000
1996-05-25,2009-09-10,9999-12-31,2590000
1996-06-01,2009-09-10,9999-12-31,2553000
1996-06-08,2009-09-10,9999-12-31,2521000
1996-06-15,2009-09-10,9999-12-31,2560000
1996-06-22,2009-09-10,9999-12-31,2550000
1996-06-29,2009-09-10,9999-12-31,2556000
1996-07-06,2009-09-10,9999-12-31,2501000
1996-07-13,2009-09-10,9999-12-31,2495000
1996-07-20,2009-09-10,9999-12-31,2492000
1996-07-27,2009-09-10,9999-12-31,2472000
1996-08-03,2009-09-10,9999-12-31,2476000
1996-08-10,2009-09-10,9999-12-31,2492000
1996-08-17,2009-09-10,9999-12-31,2495000
1996-08-24,2009-09-10,9999-12-31,2493000
1996-08-31,2009-09-10,9999-12-31,2516000
1996-09-07,2009-09-10,9999-12-31,2443000
1996-09-14,2009-09-10,9999-12-31,2486000
1996-09-21,2009-09-10,9999-12-31,2484000
1996-09-28,2009-09-10,9999-12-31,2479000
1996-10-05,2009-09-10,9999-12-31,2496000
1996-10-12,2009-09-10,9999-12-31,2422000
1996-10-19,2009-09-10,9999-12-31,2449000
1996-10-26,2009-09-10,9999-12-31,2474000
1996-11-02,2009-09-10,9999-12-31,2452000
1996-11-09,2009-09-10,9999-12-31,2475000
1996-11-16,2009-09-10,9999-12-31,2406000
1996-11-23,2009-09-10,9999-12-31,2350000
1996-11-30,2009-09-10,9999-12-31,2460000
1996-12-07,2009-09-10,9999-12-31,2484000
1996-12-14,2009-09-10,9999-12-31,2464000
1996-12-21,2009-09-10,9999-12-31,2506000
1996-12-28,2009-09-10,9999-12-31,2497000
1997-01-04,2009-09-10,9999-12-31,2552000
1997-01-11,2009-09-10,9999-12-31,2473000
1997-01-18,2009-09-10,9999-12-31,2434000
1997-01-25,2009-09-10,9999-12-31,2492000
1997-02-01,2009-09-10,9999-12-31,2403000
1997-02-08,2009-09-10,9999-12-31,2436000
1997-02-15,2009-09-10,9999-12-31,2407000
1997-02-22,2009-09-10,9999-12-31,2414000
1997-03-01,2009-09-10,9999-12-31,2370000
1997-03-08,2009-09-10,9999-12-31,2371000
1997-03-15,2009-09-10,9999-12-31,2344000
1997-03-22,2009-09-10,9999-12-31,2322000
1997-03-29,2009-09-10,9999-12-31,2331000
1997-04-05,2009-09-10,9999-12-31,2359000
1997-04-12,2009-09-10,9999-12-31,2307000
1997-04-19,2009-09-10,9999-12-31,2304000
1997-04-26,2009-09-10,9999-12-31,2327000
1997-05-03,2009-09-10,9999-12-31,2339000
1997-05-10,2009-09-10,9999-12-31,2318000
1997-05-17,2009-09-10,9999-12-31,2276000
1997-05-24,2009-09-10,9999-12-31,2274000
1997-05-31,2009-09-10,9999-12-31,2307000
1997-06-07,2009-09-10,9999-12-31,2276000
1997-06-14,2009-09-10,9999-12-31,2265000
1997-06-21,2009-09-10,9999-12-31,2303000
1997-06-28,2009-09-10,9999-12-31,2338000
1997-07-05,2009-09-10,9999-12-31,2289000
1997-07-12,2009-09-10,9999-12-31,2262000
1997-07-19,2009-09-10,9999-12-31,2268000
1997-07-26,2009-09-10,9999-12-31,2259000
1997-08-02,2009-09-10,9999-12-31,2235000
1997-08-09,2009-09-10,9999-12-31,2270000
1997-08-16,2009-09-10,9999-12-31,2290000
1997-08-23,2009-09-10,9999-12-31,2283000
1997-08-30,2009-09-10,9999-12-31,2284000
1997-09-06,2009-09-10,9999-12-31,2265000
1997-09-13,2009-09-10,9999-12-31,2200000
1997-09-20,2009-09-10,9999-12-31,2241000
1997-09-27,2009-09-10,9999-12-31,2233000
1997-10-04,2009-09-10,9999-12-31,2239000
1997-10-11,2009-09-10,9999-12-31,2213000
1997-10-18,2009-09-10,9999-12-31,2182000
1997-10-25,2009-09-10,9999-12-31,2228000
1997-11-01,2009-09-10,9999-12-31,2201000
1997-11-08,2009-09-10,9999-12-31,2207000
1997-11-15,2009-09-10,9999-12-31,2209000
1997-11-22,2009-09-10,9999-12-31,2216000
1997-11-29,2009-09-10,9999-12-31,2242000
1997-12-06,2009-09-10,9999-12-31,2230000
1997-12-13,2009-09-10,9999-12-31,2231000
1997-12-20,2009-09-10,9999-12-31,2189000
1997-12-27,2009-09-10,9999-12-31,2291000
1998-01-03,2009-09-10,9999-12-31,2369000
1998-01-10,2009-09-10,9999-12-31,2291000
1998-01-17,2009-09-10,9999-12-31,2241000
1998-01-24,2009-09-10,9999-12-31,2275000
1998-01-31,2009-09-10,9999-12-31,2200000
1998-02-07,2009-09-10,9999-12-31,2253000
1998-02-14,2009-09-10,9999-12-31,2227000
1998-02-21,2009-09-10,9999-12-31,2208000
1998-02-28,2009-09-10,9999-12-31,2209000
1998-03-07,2009-09-10,9999-12-31,2208000
1998-03-14,2009-09-10,9999-12-31,2237000
1998-03-21,2009-09-10,9999-12-31,2227000
1998-03-28,2009-09-10,9999-12-31,2215000
1998-04-04,2009-09-10,9999-12-31,2166000
1998-04-11,2009-09-10,9999-12-31,2202000
1998-04-18,2009-09-10,9999-12-31,2210000
1998-04-25,2009-09-10,9999-12-31,2152000
1998-05-02,2009-09-10,9999-12-31,2135000
1998-05-09,2009-09-10,9999-12-31,2140000
1998-05-16,2009-09-10,9999-12-31,2118000
1998-05-23,2009-09-10,9999-12-31,2134000
1998-05-30,2009-09-10,9999-12-31,2146000
1998-06-06,2009-09-10,9999-12-31,2122000
1998-06-13,2009-09-10,9999-12-31,2159000
1998-06-20,2009-09-10,9999-12-31,2188000
1998-06-27,2009-09-10,9999-12-31,2388000
1998-07-04,2009-09-10,9999-12-31,2290000
1998-07-11,2009-09-10,9999-12-31,2323000
1998-07-18,2009-09-10,9999-12-31,2339000
1998-07-25,2009-09-10,9999-12-31,2383000
1998-08-01,2009-09-10,9999-12-31,2336000
1998-08-08,2009-09-10,9999-12-31,2258000
1998-08-15,2009-09-10,9999-12-31,2210000
1998-08-22,2009-09-10,9999-12-31,2202000
1998-08-29,2009-09-10,9999-12-31,2182000
1998-09-05,2009-09-10,9999-12-31,2160000
1998-09-12,2009-09-10,9999-12-31,2190000
1998-09-19,2009-09-10,9999-12-31,2114000
1998-09-26,2009-09-10,9999-12-31,2148000
1998-10-03,2009-09-10,9999-12-31,2156000
1998-10-10,2009-09-10,9999-12-31,2167000
1998-10-17,2009-09-10,9999-12-31,2168000
1998-10-24,2009-09-10,9999-12-31,2169000
1998-10-31,2009-09-10,9999-12-31,2162000
1998-11-07,2009-09-10,9999-12-31,2195000
1998-11-14,2009-09-10,9999-12-31,2177000
1998-11-21,2009-09-10,9999-12-31,2207000
1998-11-28,2009-09-10,9999-12-31,2236000
1998-12-05,2009-09-10,9999-12-31,2239000
1998-12-12,2009-09-10,9999-12-31,2205000
1998-12-19,2009-09-10,9999-12-31,2171000
1998-12-26,2009-09-10,9999-12-31,2266000
1999-01-02,2009-09-10,9999-12-31,2303000
1999-01-09,2009-09-10,9999-12-31,2289000
1999-01-16,2009-09-10,9999-12-31,2316000
1999-01-23,2009-09-10,9999-12-31,2269000
1999-01-30,2009-09-10,9999-12-31,2259000
1999-02-06,2009-09-10,9999-12-31,2253000
1999-02-13,2009-09-10,9999-12-31,2253000
1999-02-20,2009-09-10,9999-12-31,2237000
1999-02-27,2009-09-10,9999-12-31,2219000
1999-03-06,2009-09-10,9999-12-31,2238000
1999-03-13,2009-09-10,9999-12-31,2232000
1999-03-20,2009-09-10,9999-12-31,2247000
1999-03-27,2009-09-10,9999-12-31,2191000
1999-04-03,2009-09-10,9999-12-31,2280000
1999-04-10,2009-09-10,9999-12-31,2247000
1999-04-17,2009-09-10,9999-12-31,2230000
1999-04-24,2009-09-10,9999-12-31,2193000
1999-05-01,2009-09-10,9999-12-31,2226000
1999-05-08,2009-09-10,9999-12-31,2200000
1999-05-15,2009-09-10,9999-12-31,2232000
1999-05-22,2009-09-10,9999-12-31,2223000
1999-05-29,2009-09-10,9999-12-31,2191000
1999-06-05,2009-09-10,9999-12-31,2194000
1999-06-12,2009-09-10,9999-12-31,2215000
1999-06-19,2009-09-10,9999-12-31,2183000
1999-06-26,2009-09-10,9999-12-31,2177000
1999-07-03,2009-09-10,9999-12-31,2202000
1999-07-10,2009-09-10,9999-12-31,2171000
1999-07-17,2009-09-10,9999-12-31,2226000
1999-07-24,2009-09-10,9999-12-31,2203000
1999-07-31,2009-09-10,9999-12-31,2164000
1999-08-07,2009-09-10,9999-12-31,2192000
1999-08-14,2009-09-10,9999-12-31,2176000
1999-08-21,2009-09-10,9999-12-31,2185000
1999-08-28,2009-09-10,9999-12-31,2168000
1999-09-04,2009-09-10,9999-12-31,2157000
1999-09-11,2009-09-10,9999-12-31,2163000
1999-09-18,2009-09-10,9999-12-31,2170000
1999-09-25,2009-09-10,9999-12-31,2158000
1999-10-02,2009-09-10,9999-12-31,2139000
1999-10-09,2009-09-10,9999-12-31,2105000
1999-10-16,2009-09-10,9999-12-31,2102000
1999-10-23,2009-09-10,9999-12-31,2086000
1999-10-30,2009-09-10,9999-12-31,2082000
1999-11-06,2009-09-10,9999-12-31,2099000
1999-11-13,2009-09-10,9999-12-31,2035000
1999-11-20,2009-09-10,9999-12-31,2111000
1999-11-27,2009-09-10,9999-12-31,2098000
1999-12-04,2009-09-10,9999-12-31,2094000
1999-12-11,2009-09-10,9999-12-31,2070000
1999-12-18,2009-09-10,9999-12-31,2123000
1999-12-25,2009-09-10,9999-12-31,2102000
2000-01-01,2009-09-10,9999-12-31,2102000
2000-01-08,2009-09-10,9999-12-31,2107000
2000-01-15,2009-09-10,9999-12-31,2115000
2000-01-22,2009-09-10,9999-12-31,2061000
2000-01-29,2009-09-10,9999-12-31,2164000
2000-02-05,2009-09-10,9999-12-31,2160000
2000-02-12,2009-09-10,9999-12-31,2141000
2000-02-19,2009-09-10,9999-12-31,2132000
2000-02-26,2009-09-10,9999-12-31,2157000
2000-03-04,2009-09-10,9999-12-31,2098000
2000-03-11,2009-09-10,9999-12-31,2099000
2000-03-18,2009-09-10,9999-12-31,2051000
2000-03-25,2009-09-10,9999-12-31,2068000
2000-04-01,2009-09-10,9999-12-31,2026000
2000-04-08,2009-09-10,9999-12-31,2027000
2000-04-15,2009-09-10,9999-12-31,1962000
2000-04-22,2009-09-10,9999-12-31,2035000
2000-04-29,2009-09-10,9999-12-31,2027000
2000-05-06,2009-09-10,9999-12-31,1991000
2000-05-13,2009-09-10,9999-12-31,1982000
2000-05-20,2009-09-10,9999-12-31,1998000
2000-05-27,2009-09-10,9999-12-31,1987000
2000-06-03,2009-09-10,9999-12-31,2019000
2000-06-10,2009-09-10,9999-12-31,2020000
2000-06-17,2009-09-10,9999-12-31,2041000
2000-06-24,2009-09-10,9999-12-31,2033000
2000-07-01,2009-09-10,9999-12-31,2052000
2000-07-08,2009-09-10,9999-12-31,2099000
2000-07-15,2009-09-10,9999-12-31,2122000
2000-07-22,2009-09-10,9999-12-31,2070000
2000-07-29,2009-09-10,9999-12-31,2085000
2000-08-05,2009-09-10,9999-12-31,2096000
2000-08-12,2009-09-10,9999-12-31,2109000
2000-08-19,2009-09-10,9999-12-31,2145000
2000-08-26,2009-09-10,9999-12-31,2119000
2000-09-02,2009-09-10,9999-12-31,2169000
2000-09-09,2009-09-10,9999-12-31,2139000
2000-09-16,2009-09-10,9999-12-31,2115000
2000-09-23,2009-09-10,9999-12-31,2098000
2000-09-30,2009-09-10,9999-12-31,2077000
2000-10-07,2009-09-10,9999-12-31,2133000
2000-10-14,2009-09-10,9999-12-31,2124000
2000-10-21,2009-09-10,9999-12-31,2082000
2000-10-28,2009-09-10,9999-12-31,2126000
2000-11-04,2009-09-10,9999-12-31,2110000
2000-11-11,2009-09-10,9999-12-31,2161000
2000-11-18,2009-09-10,9999-12-31,2279000
2000-11-25,2009-09-10,9999-12-31,2295000
2000-12-02,2009-09-10,9999-12-31,2229000
2000-12-09,2009-09-10,9999-12-31,2263000
2000-12-16,2009-09-10,9999-12-31,2322000
2000-12-23,2009-09-10,9999-12-31,2340000
2000-12-30,2009-09-10,9999-12-31,2378000
2001-01-06,2009-09-10,9999-12-31,2357000
2001-01-13,2009-09-10,9999-12-31,2367000
2001-01-20,2009-09-10,9999-12-31,2419000
2001-01-27,2009-09-10,9999-12-31,2440000
2001-02-03,2009-09-10,9999-12-31,2489000
2001-02-10,2009-09-10,9999-12-31,2435000
2001-02-17,2009-09-10,9999-12-31,2516000
2001-02-24,2009-09-10,9999-12-31,2506000
2001-03-03,2009-09-10,9999-12-31,2558000
2001-03-10,2009-09-10,9999-12-31,2557000
2001-03-17,2009-09-10,9999-12-31,2605000
2001-03-24,2009-09-10,9999-12-31,2587000
2001-03-31,2009-09-10,9999-12-31,2620000
2001-04-07,2009-09-10,9999-12-31,2582000
2001-04-14,2009-09-10,9999-12-31,2742000
2001-04-21,2009-09-10,9999-12-31,2737000
2001-04-28,2009-09-10,9999-12-31,2728000
2001-05-05,2009-09-10,9999-12-31,2732000
2001-05-12,2009-09-10,9999-12-31,2800000
2001-05-19,2009-09-10,9999-12-31,2819000
2001-05-26,2009-09-10,9999-12-31,2926000
2001-06-02,2009-09-10,9999-12-31,2919000
2001-06-09,2009-09-10,9999-12-31,2948000
2001-06-16,2009-09-10,9999-12-31,2939000
2001-06-23,2009-09-10,9999-12-31,2972000
2001-06-30,2009-09-10,9999-12-31,2959000
2001-07-07,2009-09-10,9999-12-31,3063000
2001-07-14,2009-09-10,9999-12-31,3029000
2001-07-21,2009-09-10,9999-12-31,2975000
2001-07-28,2009-09-10,9999-12-31,3056000
2001-08-04,2009-09-10,9999-12-31,3079000
2001-08-11,2009-09-10,9999-12-31,3125000
2001-08-18,2009-09-10,9999-12-31,3113000
2001-08-25,2009-09-10,9999-12-31,3163000
2001-09-01,2009-09-10,9999-12-31,3213000
2001-09-08,2009-09-10,9999-12-31,3197000
2001-09-15,2009-09-10,9999-12-31,3214000
2001-09-22,2009-09-10,9999-12-31,3302000
2001-09-29,2009-09-10,9999-12-31,3385000
2001-10-06,2009-09-10,9999-12-31,3432000
2001-10-13,2009-09-10,9999-12-31,3521000
2001-10-20,2009-09-10,9999-12-31,3557000
2001-10-27,2009-09-10,9999-12-31,3600000
2001-11-03,2009-09-10,9999-12-31,3616000
2001-11-10,2009-09-10,9999-12-31,3627000
2001-11-17,2009-09-10,9999-12-31,3790000
2001-11-24,2009-09-10,9999-12-31,3593000
2001-12-01,2009-09-10,9999-12-31,3619000
2001-12-08,2009-09-10,9999-12-31,3626000
2001-12-15,2009-09-10,9999-12-31,3637000
2001-12-22,2009-09-10,9999-12-31,3591000
2001-12-29,2009-09-10,9999-12-31,3474000
2002-01-05,2009-09-10,9999-12-31,3587000
2002-01-12,2009-09-10,9999-12-31,3500000
2002-01-19,2009-09-10,9999-12-31,3557000
2002-01-26,2009-09-10,9999-12-31,3558000
2002-02-02,2009-09-10,9999-12-31,3537000
2002-02-09,2009-09-10,9999-12-31,3562000
2002-02-16,2009-09-10,9999-12-31,3580000
2002-02-23,2009-09-10,9999-12-31,3538000
2002-03-02,2009-09-10,9999-12-31,3567000
2002-03-09,2009-09-10,9999-12-31,3567000
2002-03-16,2009-09-10,9999-12-31,3598000
2002-03-23,2009-09-10,9999-12-31,3599000
2002-03-30,2009-09-10,9999-12-31,3723000
2002-04-06,2009-09-10,9999-12-31,3732000
2002-04-13,2009-09-10,9999-12-31,3650000
2002-04-20,2009-09-10,9999-12-31,3675000
2002-04-27,2009-09-10,9999-12-31,3700000
2002-05-04,2009-09-10,9999-12-31,3712000
2002-05-11,2009-09-10,9999-12-31,3729000
2002-05-18,2009-09-10,9999-12-31,3695000
2002-05-25,2009-09-10,9999-12-31,3712000
2002-06-01,2009-09-10,9999-12-31,3664000
2002-06-08,2009-09-10,9999-12-31,3681000
2002-06-15,2009-09-10,9999-12-31,3604000
2002-06-22,2009-09-10,9999-12-31,3639000
2002-06-29,2009-09-10,9999-12-31,3588000
2002-07-06,2009-09-10,9999-12-31,3554000
2002-07-13,2009-09-10,9999-12-31,3495000
2002-07-20,2009-09-10,9999-12-31,3473000
2002-07-27,2009-09-10,9999-12-31,3495000
2002-08-03,2009-09-10,9999-12-31,3498000
2002-08-10,2009-09-10,9999-12-31,3485000
2002-08-17,2009-09-10,9999-12-31,3531000
2002-08-24,2009-09-10,9999-12-31,3521000
2002-08-31,2009-09-10,9999-12-31,3549000
2002-09-07,2009-09-10,9999-12-31,3532000
2002-09-14,2009-09-10,9999-12-31,3554000
2002-09-21,2009-09-10,9999-12-31,3579000
2002-09-28,2009-09-10,9999-12-31,3555000
2002-10-05,2009-09-10,9999-12-31,3619000
2002-10-12,2009-09-10,9999-12-31,3529000
2002-10-19,2009-09-10,9999-12-31,3518000
2002-10-26,2009-09-10,9999-12-31,3557000
2002-11-02,2009-09-10,9999-12-31,3557000
2002-11-09,2009-09-10,9999-12-31,3539000
2002-11-16,2009-09-10,9999-12-31,3438000
2002-11-23,2009-09-10,9999-12-31,3474000
2002-11-30,2009-09-10,9999-12-31,3404000
2002-12-07,2009-09-10,9999-12-31,3537000
2002-12-14,2009-09-10,9999-12-31,3497000
2002-12-21,2009-09-10,9999-12-31,3435000
2002-12-28,2009-09-10,9999-12-31,3462000
2003-01-04,2009-09-10,9999-12-31,3438000
2003-01-11,2009-09-10,9999-12-31,3388000
2003-01-18,2009-09-10,9999-12-31,3357000
2003-01-25,2009-09-10,9999-12-31,3475000
2003-02-01,2009-09-10,9999-12-31,3368000
2003-02-08,2009-09-10,9999-12-31,3457000
2003-02-15,2009-09-10,9999-12-31,3423000
2003-02-22,2009-09-10,9999-12-31,3500000
2003-03-01,2009-09-10,9999-12-31,3496000
2003-03-08,2009-09-10,9999-12-31,3559000
2003-03-15,2009-09-10,9999-12-31,3528000
2003-03-22,2009-09-10,9999-12-31,3585000
2003-03-29,2009-09-10,9999-12-31,3536000
2003-04-05,2009-09-10,9999-12-31,3583000
2003-04-12,2009-09-10,9999-12-31,3586000
2003-04-19,2009-09-10,9999-12-31,3674000
2003-04-26,2009-09-10,9999-12-31,3676000
2003-05-03,2009-09-10,9999-12-31,3730000
2003-05-10,2009-09-10,9999-12-31,3704000
2003-05-17,2009-09-10,9999-12-31,3716000
2003-05-24,2009-09-10,9999-12-31,3672000
2003-05-31,2009-09-10,9999-12-31,3774000
2003-06-07,2009-09-10,9999-12-31,3682000
2003-06-14,2009-09-10,9999-12-31,3695000
2003-06-21,2009-09-10,9999-12-31,3692000
2003-06-28,2009-09-10,9999-12-31,3737000
2003-07-05,2009-09-10,9999-12-31,3627000
2003-07-12,2009-09-10,9999-12-31,3599000
2003-07-19,2009-09-10,9999-12-31,3592000
2003-07-26,2009-09-10,9999-12-31,3647000
2003-08-02,2009-09-10,9999-12-31,3601000
2003-08-09,2009-09-10,9999-12-31,3596000
2003-08-16,2009-09-10,9999-12-31,3603000
2003-08-23,2009-09-10,9999-12-31,3574000
2003-08-30,2009-09-10,9999-12-31,3608000
2003-09-06,2009-09-10,9999-12-31,3598000
2003-09-13,2009-09-10,9999-12-31,3559000
2003-09-20,2009-09-10,9999-12-31,3588000
2003-09-27,2009-09-10,9999-12-31,3558000
2003-10-04,2009-09-10,9999-12-31,3570000
2003-10-11,2009-09-10,9999-12-31,3468000
2003-10-18,2009-09-10,9999-12-31,3466000
2003-10-25,2009-09-10,9999-12-31,3441000
2003-11-01,2009-09-10,9999-12-31,3427000
2003-11-08,2009-09-10,9999-12-31,3441000
2003-11-15,2009-09-10,9999-12-31,3331000
2003-11-22,2009-09-10,9999-12-31,3337000
2003-11-29,2009-09-10,9999-12-31,3331000
2003-12-06,2009-09-10,9999-12-31,3318000
2003-12-13,2009-09-10,9999-12-31,3251000
2003-12-20,2009-09-10,9999-12-31,3254000
2003-12-27,2009-09-10,9999-12-31,3258000
2004-01-03,2009-09-10,9999-12-31,3188000
2004-01-10,2009-09-10,9999-12-31,3154000
2004-01-17,2009-09-10,9999-12-31,3139000
2004-01-24,2009-09-10,9999-12-31,3142000
2004-01-31,2009-09-10,9999-12-31,3118000
2004-02-07,2009-09-10,9999-12-31,3179000
2004-02-14,2009-09-10,9999-12-31,3131000
2004-02-21,2009-09-10,9999-12-31,3092000
2004-02-28,2009-09-10,9999-12-31,3057000
2004-03-06,2009-09-10,9999-12-31,3072000
2004-03-13,2009-09-10,9999-12-31,3040000
2004-03-20,2009-09-10,9999-12-31,3066000
2004-03-27,2009-09-10,9999-12-31,3007000
2004-04-03,2009-09-10,9999-12-31,2990000
2004-04-10,2009-09-10,9999-12-31,3022000
2004-04-17,2009-09-10,9999-12-31,3031000
2004-04-24,2009-09-10,9999-12-31,2960000
2004-05-01,2009-09-10,9999-12-31,2998000
2004-05-08,2009-09-10,9999-12-31,2978000
2004-05-15,2009-09-10,9999-12-31,2976000
2004-05-22,2009-09-10,9999-12-31,3010000
2004-05-29,2009-09-10,9999-12-31,2916000
2004-06-05,2009-09-10,9999-12-31,2923000
2004-06-12,2009-09-10,9999-12-31,2990000
2004-06-19,2009-09-10,9999-12-31,2973000
2004-06-26,2009-09-10,9999-12-31,2917000
2004-07-03,2009-09-10,9999-12-31,2948000
2004-07-10,2009-09-10,9999-12-31,2852000
2004-07-17,2009-09-10,9999-12-31,2956000
2004-07-24,2009-09-10,9999-12-31,2935000
2004-07-31,2009-09-10,9999-12-31,2894000
2004-08-07,2009-09-10,9999-12-31,2920000
2004-08-14,2009-09-10,9999-12-31,2889000
2004-08-21,2009-09-10,9999-12-31,2877000
2004-08-28,2009-09-10,9999-12-31,2880000
2004-09-04,2009-09-10,9999-12-31,2872000
2004-09-11,2009-09-10,9999-12-31,2875000
2004-09-18,2009-09-10,9999-12-31,2865000
2004-09-25,2009-09-10,9999-12-31,2839000
2004-10-02,2009-09-10,9999-12-31,2799000
2004-10-09,2009-09-10,9999-12-31,2773000
2004-10-16,2009-09-10,9999-12-31,2781000
2004-10-23,2009-09-10,9999-12-31,2774000
2004-10-30,2009-09-10,9999-12-31,2763000
2004-11-06,2009-09-10,9999-12-31,2765000
2004-11-13,2009-09-10,9999-12-31,2707000
2004-11-20,2009-09-10,9999-12-31,2705000
2004-11-27,2009-09-10,9999-12-31,2761000
2004-12-04,2009-09-10,9999-12-31,2725000
2004-12-11,2009-09-10,9999-12-31,2692000
2004-12-18,2009-09-10,9999-12-31,2688000
2004-12-25,2009-09-10,9999-12-31,2771000
2005-01-01,2009-09-10,2010-03-24,2641000
2005-01-01,2010-03-25,9999-12-31,2672000
2005-01-08,2009-09-10,2010-03-24,2693000
2005-01-08,2010-03-25,9999-12-31,2720000
2005-01-15,2009-09-10,2010-03-24,2760000
2005-01-15,2010-03-25,9999-12-31,2790000
2005-01-22,2009-09-10,2010-03-24,2677000
2005-01-22,2010-03-25,9999-12-31,2706000
2005-01-29,2009-09-10,2010-03-24,2686000
2005-01-29,2010-03-25,9999-12-31,2731000
2005-02-05,2009-09-10,2010-03-24,2669000
2005-02-05,2010-03-25,9999-12-31,2710000
2005-02-12,2009-09-10,2010-03-24,2636000
2005-02-12,2010-03-25,9999-12-31,2666000
2005-02-19,2009-09-10,2010-03-24,2635000
2005-02-19,2010-03-25,9999-12-31,2667000
2005-02-26,2009-09-10,2010-03-24,2680000
2005-02-26,2010-03-25,9999-12-31,2703000
2005-03-05,2009-09-10,2010-03-24,2642000
2005-03-05,2010-03-25,9999-12-31,2658000
2005-03-12,2009-09-10,2010-03-24,2671000
2005-03-12,2010-03-25,9999-12-31,2681000
2005-03-19,2009-09-10,2010-03-24,2612000
2005-03-19,2010-03-25,9999-12-31,2616000
2005-03-26,2009-09-10,9999-12-31,2683000
2005-04-02,2009-09-10,2010-03-24,2658000
2005-04-02,2010-03-25,9999-12-31,2653000
2005-04-09,2009-09-10,2010-03-24,2636000
2005-04-09,2010-03-25,9999-12-31,2626000
2005-04-16,2009-09-10,2010-03-24,2574000
2005-04-16,2010-03-25,9999-12-31,2559000
2005-04-23,2009-09-10,2010-03-24,2609000
2005-04-23,2010-03-25,9999-12-31,2588000
2005-04-30,2009-09-10,2010-03-24,2621000
2005-04-30,2010-03-25,9999-12-31,2596000
2005-05-07,2009-09-10,2010-03-24,2636000
2005-05-07,2010-03-25,9999-12-31,2605000
2005-05-14,2009-09-10,2010-03-24,2601000
2005-05-14,2010-03-25,9999-12-31,2568000
2005-05-21,2009-09-10,2010-03-24,2626000
2005-05-21,2010-03-25,9999-12-31,2595000
2005-05-28,2009-09-10,2010-03-24,2614000
2005-05-28,2010-03-25,9999-12-31,2577000
2005-06-04,2009-09-10,2010-03-24,2661000
2005-06-04,2010-03-25,9999-12-31,2630000
2005-06-11,2009-09-10,2010-03-24,2636000
2005-06-11,2010-03-25,9999-12-31,2599000
2005-06-18,2009-09-10,2010-03-24,2634000
2005-06-18,2010-03-25,9999-12-31,2602000
2005-06-25,2009-09-10,2010-03-24,2605000
2005-06-25,2010-03-25,9999-12-31,2569000
2005-07-02,2009-09-10,2010-03-24,2638000
2005-07-02,2010-03-25,9999-12-31,2612000
2005-07-09,2009-09-10,2010-03-24,2606000
2005-07-09,2010-03-25,9999-12-31,2583000
2005-07-16,2009-09-10,2010-03-24,2635000
2005-07-16,2010-03-25,9999-12-31,2619000
2005-07-23,2009-09-10,2010-03-24,2613000
2005-07-23,2010-03-25,9999-12-31,2592000
2005-07-30,2009-09-10,2010-03-24,2589000
2005-07-30,2010-03-25,9999-12-31,2570000
2005-08-06,2009-09-10,2010-03-24,2603000
2005-08-06,2010-03-25,9999-12-31,2584000
2005-08-13,2009-09-10,2010-03-24,2590000
2005-08-13,2010-03-25,9999-12-31,2573000
2005-08-20,2009-09-10,2010-03-24,2615000
2005-08-20,2010-03-25,9999-12-31,2598000
2005-08-27,2009-09-10,2010-03-24,2582000
2005-08-27,2010-03-25,9999-12-31,2568000
2005-09-03,2009-09-10,2010-03-24,2596000
2005-09-03,2010-03-25,9999-12-31,2575000
2005-09-10,2009-09-10,2010-03-24,2670000
2005-09-10,2010-03-25,9999-12-31,2651000
2005-09-17,2009-09-10,2010-03-24,2804000
2005-09-17,2010-03-25,9999-12-31,2787000
2005-09-24,2009-09-10,2010-03-24,2867000
2005-09-24,2010-03-25,9999-12-31,2853000
2005-10-01,2009-09-10,2010-03-24,2858000
2005-10-01,2010-03-25,9999-12-31,2841000
2005-10-08,2009-09-10,2010-03-24,2844000
2005-10-08,2010-03-25,9999-12-31,2831000
2005-10-15,2009-09-10,2010-03-24,2827000
2005-10-15,2010-03-25,9999-12-31,2821000
2005-10-22,2009-09-10,2010-03-24,2779000
2005-10-22,2010-03-25,9999-12-31,2772000
2005-10-29,2009-09-10,2010-03-24,2749000
2005-10-29,2010-03-25,9999-12-31,2752000
2005-11-05,2009-09-10,9999-12-31,2746000
2005-11-12,2009-09-10,2010-03-24,2754000
2005-11-12,2010-03-25,9999-12-31,2760000
2005-11-19,2009-09-10,2010-03-24,2706000
2005-11-19,2010-03-25,9999-12-31,2712000
2005-11-26,2009-09-10,2010-03-24,2570000
2005-11-26,2010-03-25,9999-12-31,2587000
2005-12-03,2009-09-10,2010-03-24,2570000
2005-12-03,2010-03-25,9999-12-31,2589000
2005-12-10,2009-09-10,2010-03-24,2598000
2005-12-10,2010-03-25,9999-12-31,2620000
2005-12-17,2009-09-10,2010-03-24,2634000
2005-12-17,2010-03-25,9999-12-31,2660000
2005-12-24,2009-09-10,2010-03-24,2639000
2005-12-24,2010-03-25,9999-12-31,2668000
2005-12-31,2009-09-10,2010-03-24,2623000
2005-12-31,2010-03-25,9999-12-31,2660000
2006-01-07,2009-09-10,2010-03-24,2516000
2006-01-07,2010-03-25,2011-03-30,2554000
2006-01-07,2011-03-31,9999-12-31,2561000
2006-01-14,2009-09-10,2010-03-24,2548000
2006-01-14,2010-03-25,2011-03-30,2589000
2006-01-14,2011-03-31,9999-12-31,2586000
2006-01-21,2009-09-10,2010-03-24,2473000
2006-01-21,2010-03-25,2011-03-30,2514000
2006-01-21,2011-03-31,9999-12-31,2516000
2006-01-28,2009-09-10,2010-03-24,2523000
2006-01-28,2010-03-25,2011-03-30,2562000
2006-01-28,2011-03-31,9999-12-31,2565000
2006-02-04,2009-09-10,2010-03-24,2459000
2006-02-04,2010-03-25,2011-03-30,2516000
2006-02-04,2011-03-31,9999-12-31,2520000
2006-02-11,2009-09-10,2010-03-24,2474000
2006-02-11,2010-03-25,2011-03-30,2515000
2006-02-11,2011-03-31,9999-12-31,2517000
2006-02-18,2009-09-10,2010-03-24,2440000
2006-02-18,2010-03-25,2011-03-30,2481000
2006-02-18,2011-03-31,9999-12-31,2488000
2006-02-25,2009-09-10,2010-03-24,2465000
2006-02-25,2010-03-25,2011-03-30,2498000
2006-02-25,2011-03-31,9999-12-31,2504000
2006-03-04,2009-09-10,2010-03-24,2422000
2006-03-04,2010-03-25,2011-03-30,2449000
2006-03-04,2011-03-31,9999-12-31,2453000
2006-03-11,2009-09-10,2010-03-24,2453000
2006-03-11,2010-03-25,2011-03-30,2468000
2006-03-11,2011-03-31,9999-12-31,2474000
2006-03-18,2009-09-10,2010-03-24,2443000
2006-03-18,2010-03-25,2011-03-30,2451000
2006-03-18,2011-03-31,9999-12-31,2456000
2006-03-25,2009-09-10,2010-03-24,2430000
2006-03-25,2010-03-25,2011-03-30,2432000
2006-03-25,2011-03-31,9999-12-31,2439000
2006-04-01,2009-09-10,2010-03-24,2405000
2006-04-01,2010-03-25,2011-03-30,2401000
2006-04-01,2011-03-31,9999-12-31,2405000
2006-04-08,2009-09-10,2010-03-24,2423000
2006-04-08,2010-03-25,2011-03-30,2409000
2006-04-08,2011-03-31,9999-12-31,2411000
2006-04-15,2009-09-10,2010-03-24,2422000
2006-04-15,2010-03-25,2011-03-30,2404000
2006-04-15,2011-03-31,9999-12-31,2408000
2006-04-22,2009-09-10,2010-03-24,2448000
2006-04-22,2010-03-25,2011-03-30,2421000
2006-04-22,2011-03-31,9999-12-31,2424000
2006-04-29,2009-09-10,2010-03-24,2381000
2006-04-29,2010-03-25,2011-03-30,2354000
2006-04-29,2011-03-31,9999-12-31,2357000
2006-05-06,2009-09-10,2010-03-24,2411000
2006-05-06,2010-03-25,9999-12-31,2372000
2006-05-13,2009-09-10,2010-03-24,2419000
2006-05-13,2010-03-25,2011-03-30,2381000
2006-05-13,2011-03-31,9999-12-31,2383000
2006-05-20,2009-09-10,2010-03-24,2444000
2006-05-20,2010-03-25,2011-03-30,2401000
2006-05-20,2011-03-31,9999-12-31,2399000
2006-05-27,2009-09-10,2010-03-24,2423000
2006-05-27,2010-03-25,2011-03-30,2378000
2006-05-27,2011-03-31,9999-12-31,2381000
2006-06-03,2009-09-10,2010-03-24,2447000
2006-06-03,2010-03-25,2011-03-30,2405000
2006-06-03,2011-03-31,9999-12-31,2408000
2006-06-10,2009-09-10,2010-03-24,2454000
2006-06-10,2010-03-25,9999-12-31,2412000
2006-06-17,2009-09-10,2010-03-24,2439000
2006-06-17,2010-03-25,2011-03-30,2400000
2006-06-17,2011-03-31,9999-12-31,2395000
2006-06-24,2009-09-10,2010-03-24,2461000
2006-06-24,2010-03-25,2011-03-30,2411000
2006-06-24,2011-03-31,9999-12-31,2419000
2006-07-01,2009-09-10,2010-03-24,2441000
2006-07-01,2010-03-25,2011-03-30,2404000
2006-07-01,2011-03-31,9999-12-31,2399000
2006-07-08,2009-09-10,2010-03-24,2515000
2006-07-08,2010-03-25,9999-12-31,2491000
2006-07-15,2009-09-10,2010-03-24,2495000
2006-07-15,2010-03-25,9999-12-31,2475000
2006-07-22,2009-09-10,2010-03-24,2455000
2006-07-22,2010-03-25,2011-03-30,2427000
2006-07-22,2011-03-31,9999-12-31,2422000
2006-07-29,2009-09-10,2010-03-24,2486000
2006-07-29,2010-03-25,2011-03-30,2463000
2006-07-29,2011-03-31,9999-12-31,2460000
2006-08-05,2009-09-10,2010-03-24,2506000
2006-08-05,2010-03-25,2011-03-30,2480000
2006-08-05,2011-03-31,9999-12-31,2477000
2006-08-12,2009-09-10,2010-03-24,2493000
2006-08-12,2010-03-25,2011-03-30,2472000
2006-08-12,2011-03-31,9999-12-31,2467000
2006-08-19,2009-09-10,2010-03-24,2488000
2006-08-19,2010-03-25,2011-03-30,2466000
2006-08-19,2011-03-31,9999-12-31,2464000
2006-08-26,2009-09-10,2010-03-24,2487000
2006-08-26,2010-03-25,2011-03-30,2465000
2006-08-26,2011-03-31,9999-12-31,2457000
2006-09-02,2009-09-10,2010-03-24,2496000
2006-09-02,2010-03-25,2011-03-30,2473000
2006-09-02,2011-03-31,9999-12-31,2467000
2006-09-09,2009-09-10,2010-03-24,2483000
2006-09-09,2010-03-25,2011-03-30,2458000
2006-09-09,2011-03-31,9999-12-31,2449000
2006-09-16,2009-09-10,2010-03-24,2465000
2006-09-16,2010-03-25,2011-03-30,2444000
2006-09-16,2011-03-31,9999-12-31,2438000
2006-09-23,2009-09-10,2010-03-24,2466000
2006-09-23,2010-03-25,2011-03-30,2448000
2006-09-23,2011-03-31,9999-12-31,2440000
2006-09-30,2009-09-10,2010-03-24,2460000
2006-09-30,2010-03-25,2011-03-30,2443000
2006-09-30,2011-03-31,9999-12-31,2437000
2006-10-07,2009-09-10,2010-03-24,2473000
2006-10-07,2010-03-25,2011-03-30,2458000
2006-10-07,2011-03-31,9999-12-31,2449000
2006-10-14,2009-09-10,2010-03-24,2476000
2006-10-14,2010-03-25,2011-03-30,2464000
2006-10-14,2011-03-31,9999-12-31,2459000
2006-10-21,2009-09-10,2010-03-24,2439000
2006-10-21,2010-03-25,2011-03-30,2433000
2006-10-21,2011-03-31,9999-12-31,2428000
2006-10-28,2009-09-10,2011-03-30,2463000
2006-10-28,2011-03-31,9999-12-31,2449000
2006-11-04,2009-09-10,2011-03-30,2462000
2006-11-04,2011-03-31,9999-12-31,2414000
2006-11-11,2009-09-10,2010-03-24,2451000
2006-11-11,2010-03-25,2011-03-30,2459000
2006-11-11,2011-03-31,9999-12-31,2467000
2006-11-18,2009-09-10,2010-03-24,2467000
2006-11-18,2010-03-25,2011-03-30,2476000
2006-11-18,2011-03-31,9999-12-31,2506000
2006-11-25,2009-09-10,2010-03-24,2498000
2006-11-25,2010-03-25,9999-12-31,2517000
2006-12-02,2009-09-10,2010-03-24,2444000
2006-12-02,2010-03-25,2011-03-30,2469000
2006-12-02,2011-03-31,9999-12-31,2472000
2006-12-09,2009-09-10,2010-03-24,2490000
2006-12-09,2010-03-25,2011-03-30,2519000
2006-12-09,2011-03-31,9999-12-31,2517000
2006-12-16,2009-09-10,2010-03-24,2477000
2006-12-16,2010-03-25,9999-12-31,2513000
2006-12-23,2009-09-10,2010-03-24,2405000
2006-12-23,2010-03-25,2011-03-30,2447000
2006-12-23,2011-03-31,9999-12-31,2449000
2006-12-30,2009-09-10,2010-03-24,2398000
2006-12-30,2010-03-25,2011-03-30,2451000
2006-12-30,2011-03-31,9999-12-31,2455000
2007-01-06,2009-09-10,2010-03-24,2451000
2007-01-06,2010-03-25,2011-03-30,2506000
2007-01-06,2011-03-31,2012-03-28,2514000
2007-01-06,2012-03-29,9999-12-31,2518000
2007-01-13,2009-09-10,2010-03-24,2461000
2007-01-13,2010-03-25,2011-03-30,2514000
2007-01-13,2011-03-31,2012-03-28,2512000
2007-01-13,2012-03-29,9999-12-31,2507000
2007-01-20,2009-09-10,2010-03-24,2483000
2007-01-20,2010-03-25,2011-03-30,2542000
2007-01-20,2011-03-31,2012-03-28,2546000
2007-01-20,2012-03-29,9999-12-31,2552000
2007-01-27,2009-09-10,2010-03-24,2452000
2007-01-27,2010-03-25,2011-03-30,2507000
2007-01-27,2011-03-31,2012-03-28,2510000
2007-01-27,2012-03-29,9999-12-31,2520000
2007-02-03,2009-09-10,2010-03-24,2486000
2007-02-03,2010-03-25,2011-03-30,2569000
2007-02-03,2011-03-31,2012-03-28,2577000
2007-02-03,2012-03-29,9999-12-31,2575000
2007-02-10,2009-09-10,2010-03-24,2468000
2007-02-10,2010-03-25,2012-03-28,2529000
2007-02-10,2012-03-29,9999-12-31,2527000
2007-02-17,2009-09-10,2010-03-24,2552000
2007-02-17,2010-03-25,2011-03-30,2613000
2007-02-17,2011-03-31,2012-03-28,2624000
2007-02-17,2012-03-29,9999-12-31,2626000
2007-02-24,2009-09-10,2010-03-24,2490000
2007-02-24,2010-03-25,2011-03-30,2541000
2007-02-24,2011-03-31,9999-12-31,2549000
2007-03-03,2009-09-10,2010-03-24,2529000
2007-03-03,2010-03-25,2011-03-30,2568000
2007-03-03,2011-03-31,2012-03-28,2576000
2007-03-03,2012-03-29,9999-12-31,2581000
2007-03-10,2009-09-10,2010-03-24,2476000
2007-03-10,2010-03-25,2011-03-30,2500000
2007-03-10,2011-03-31,2012-03-28,2506000
2007-03-10,2012-03-29,9999-12-31,2511000
2007-03-17,2009-09-10,2010-03-24,2484000
2007-03-17,2010-03-25,2011-03-30,2499000
2007-03-17,2011-03-31,2012-03-28,2508000
2007-03-17,2012-03-29,9999-12-31,2515000
2007-03-24,2009-09-10,2010-03-24,2470000
2007-03-24,2010-03-25,2011-03-30,2475000
2007-03-24,2011-03-31,2012-03-28,2484000
2007-03-24,2012-03-29,9999-12-31,2489000
2007-03-31,2009-09-10,2010-03-24,2485000
2007-03-31,2010-03-25,2011-03-30,2480000
2007-03-31,2011-03-31,2012-03-28,2489000
2007-03-31,2012-03-29,9999-12-31,2499000
2007-04-07,2009-09-10,2010-03-24,2509000
2007-04-07,2010-03-25,2011-03-30,2490000
2007-04-07,2011-03-31,2012-03-28,2492000
2007-04-07,2012-03-29,9999-12-31,2497000
2007-04-14,2009-09-10,2010-03-24,2545000
2007-04-14,2010-03-25,2011-03-30,2521000
2007-04-14,2011-03-31,2012-03-28,2528000
2007-04-14,2012-03-29,9999-12-31,2538000
2007-04-21,2009-09-10,2010-03-24,2490000
2007-04-21,2010-03-25,2011-03-30,2453000
2007-04-21,2011-03-31,2012-03-28,2458000
2007-04-21,2012-03-29,9999-12-31,2463000
2007-04-28,2009-09-10,2010-03-24,2517000
2007-04-28,2010-03-25,2011-03-30,2481000
2007-04-28,2011-03-31,9999-12-31,2486000
2007-05-05,2009-09-10,2010-03-24,2479000
2007-05-05,2010-03-25,2012-03-28,2426000
2007-05-05,2012-03-29,9999-12-31,2429000
2007-05-12,2009-09-10,2010-03-24,2510000
2007-05-12,2010-03-25,2011-03-30,2457000
2007-05-12,2011-03-31,2012-03-28,2460000
2007-05-12,2012-03-29,9999-12-31,2465000
2007-05-19,2009-09-10,2010-03-24,2479000
2007-05-19,2010-03-25,2011-03-30,2420000
2007-05-19,2011-03-31,9999-12-31,2417000
2007-05-26,2009-09-10,2010-03-24,2535000
2007-05-26,2010-03-25,2011-03-30,2474000
2007-05-26,2011-03-31,2012-03-28,2477000
2007-05-26,2012-03-29,9999-12-31,2480000
2007-06-02,2009-09-10,2010-03-24,2500000
2007-06-02,2010-03-25,2011-03-30,2438000
2007-06-02,2011-03-31,2012-03-28,2446000
2007-06-02,2012-03-29,9999-12-31,2452000
2007-06-09,2009-09-10,2010-03-24,2539000
2007-06-09,2010-03-25,2012-03-28,2482000
2007-06-09,2012-03-29,9999-12-31,2484000
2007-06-16,2009-09-10,2010-03-24,2510000
2007-06-16,2010-03-25,2011-03-30,2453000
2007-06-16,2011-03-31,2012-03-28,2450000
2007-06-16,2012-03-29,9999-12-31,2453000
2007-06-23,2009-09-10,2010-03-24,2578000
2007-06-23,2010-03-25,2011-03-30,2512000
2007-06-23,2011-03-31,2012-03-28,2518000
2007-06-23,2012-03-29,9999-12-31,2520000
2007-06-30,2009-09-10,2010-03-24,2562000
2007-06-30,2010-03-25,2011-03-30,2506000
2007-06-30,2011-03-31,9999-12-31,2501000
2007-07-07,2009-09-10,2010-03-24,2599000
2007-07-07,2010-03-25,2011-03-30,2566000
2007-07-07,2011-03-31,9999-12-31,2563000
2007-07-14,2009-09-10,2010-03-24,2586000
2007-07-14,2010-03-25,9999-12-31,2555000
2007-07-21,2009-09-10,2010-03-24,2555000
2007-07-21,2010-03-25,2011-03-30,2521000
2007-07-21,2011-03-31,9999-12-31,2514000
2007-07-28,2009-09-10,2010-03-24,2577000
2007-07-28,2010-03-25,2011-03-30,2542000
2007-07-28,2011-03-31,9999-12-31,2537000
2007-08-04,2009-09-10,2010-03-24,2566000
2007-08-04,2010-03-25,2011-03-30,2533000
2007-08-04,2011-03-31,9999-12-31,2531000
2007-08-11,2009-09-10,2010-03-24,2594000
2007-08-11,2010-03-25,2011-03-30,2564000
2007-08-11,2011-03-31,2012-03-28,2558000
2007-08-11,2012-03-29,9999-12-31,2556000
2007-08-18,2009-09-10,2010-03-24,2593000
2007-08-18,2010-03-25,2011-03-30,2565000
2007-08-18,2011-03-31,2012-03-28,2559000
2007-08-18,2012-03-29,9999-12-31,2556000
2007-08-25,2009-09-10,2010-03-24,2612000
2007-08-25,2010-03-25,2011-03-30,2580000
2007-08-25,2011-03-31,2012-03-28,2572000
2007-08-25,2012-03-29,9999-12-31,2569000
2007-09-01,2009-09-10,2010-03-24,2610000
2007-09-01,2010-03-25,2011-03-30,2582000
2007-09-01,2011-03-31,2012-03-28,2568000
2007-09-01,2012-03-29,9999-12-31,2565000
2007-09-08,2009-09-10,2010-03-24,2587000
2007-09-08,2010-03-25,2011-03-30,2554000
2007-09-08,2011-03-31,2012-03-28,2543000
2007-09-08,2012-03-29,9999-12-31,2537000
2007-09-15,2009-09-10,2010-03-24,2581000
2007-09-15,2010-03-25,2011-03-30,2554000
2007-09-15,2011-03-31,2012-03-28,2542000
2007-09-15,2012-03-29,9999-12-31,2536000
2007-09-22,2009-09-10,2010-03-24,2573000
2007-09-22,2010-03-25,2011-03-30,2548000
2007-09-22,2011-03-31,2012-03-28,2536000
2007-09-22,2012-03-29,9999-12-31,2530000
2007-09-29,2009-09-10,2010-03-24,2555000
2007-09-29,2010-03-25,2011-03-30,2530000
2007-09-29,2011-03-31,2012-03-28,2521000
2007-09-29,2012-03-29,9999-12-31,2518000
2007-10-06,2009-09-10,2010-03-24,2561000
2007-10-06,2010-03-25,2011-03-30,2542000
2007-10-06,2011-03-31,2012-03-28,2530000
2007-10-06,2012-03-29,9999-12-31,2521000
2007-10-13,2009-09-10,2010-03-24,2568000
2007-10-13,2010-03-25,2011-03-30,2556000
2007-10-13,2011-03-31,2012-03-28,2544000
2007-10-13,2012-03-29,9999-12-31,2541000
2007-10-20,2009-09-10,2010-03-24,2619000
2007-10-20,2010-03-25,2011-03-30,2613000
2007-10-20,2011-03-31,2012-03-28,2604000
2007-10-20,2012-03-29,9999-12-31,2598000
2007-10-27,2009-09-10,2011-03-30,2608000
2007-10-27,2011-03-31,2012-03-28,2593000
2007-10-27,2012-03-29,9999-12-31,2587000
2007-11-03,2009-09-10,2010-03-24,2590000
2007-11-03,2010-03-25,2011-03-30,2587000
2007-11-03,2011-03-31,9999-12-31,2617000
2007-11-10,2009-09-10,2010-03-24,2589000
2007-11-10,2010-03-25,2011-03-30,2604000
2007-11-10,2011-03-31,2012-03-28,2616000
2007-11-10,2012-03-29,9999-12-31,2607000
2007-11-17,2009-09-10,2010-03-24,2665000
2007-11-17,2010-03-25,2011-03-30,2681000
2007-11-17,2011-03-31,2012-03-28,2618000
2007-11-17,2012-03-29,9999-12-31,2609000
2007-11-24,2009-09-10,2010-03-24,2613000
2007-11-24,2010-03-25,2012-03-28,2636000
2007-11-24,2012-03-29,9999-12-31,2634000
2007-12-01,2009-09-10,2010-03-24,2600000
2007-12-01,2010-03-25,2011-03-30,2637000
2007-12-01,2011-03-31,2012-03-28,2642000
2007-12-01,2012-03-29,9999-12-31,2639000
2007-12-08,2009-09-10,2010-03-24,2638000
2007-12-08,2010-03-25,2011-03-30,2678000
2007-12-08,2011-03-31,2012-03-28,2675000
2007-12-08,2012-03-29,9999-12-31,2672000
2007-12-15,2009-09-10,2010-03-24,2684000
2007-12-15,2010-03-25,2011-03-30,2737000
2007-12-15,2011-03-31,2012-03-28,2739000
2007-12-15,2012-03-29,9999-12-31,2737000
2007-12-22,2009-09-10,2010-03-24,2707000
2007-12-22,2010-03-25,2011-03-30,2765000
2007-12-22,2011-03-31,2012-03-28,2754000
2007-12-22,2012-03-29,9999-12-31,2752000
2007-12-29,2009-09-10,2010-03-24,2659000
2007-12-29,2010-03-25,2011-03-30,2763000
2007-12-29,2011-03-31,2012-03-28,2767000
2007-12-29,2012-03-29,9999-12-31,2760000
2008-01-05,2009-09-10,2010-03-24,2719000
2008-01-05,2010-03-25,2011-03-30,2806000
2008-01-05,2011-03-31,2012-03-28,2821000
2008-01-05,2012-03-29,2013-03-27,2826000
2008-01-05,2013-03-28,9999-12-31,2828000
2008-01-12,2009-09-10,2010-03-24,2660000
2008-01-12,2010-03-25,2011-03-30,2757000
2008-01-12,2011-03-31,2013-03-27,2759000
2008-01-12,2013-03-28,9999-12-31,2752000
2008-01-19,2009-09-10,2010-03-24,2666000
2008-01-19,2010-03-25,2011-03-30,2763000
2008-01-19,2011-03-31,2012-03-28,2765000
2008-01-19,2012-03-29,9999-12-31,2770000
2008-01-26,2009-09-10,2010-03-24,2753000
2008-01-26,2010-03-25,2011-03-30,2830000
2008-01-26,2011-03-31,2012-03-28,2833000
2008-01-26,2012-03-29,2013-03-27,2852000
2008-01-26,2013-03-28,9999-12-31,2845000
2008-02-02,2009-09-10,2010-03-24,2661000
2008-02-02,2010-03-25,2011-03-30,2798000
2008-02-02,2011-03-31,2012-03-28,2812000
2008-02-02,2012-03-29,9999-12-31,2810000
2008-02-09,2009-09-10,2010-03-24,2745000
2008-02-09,2010-03-25,2011-03-30,2851000
2008-02-09,2011-03-31,2012-03-28,2853000
2008-02-09,2012-03-29,9999-12-31,2846000
2008-02-16,2009-09-10,2010-03-24,2719000
2008-02-16,2010-03-25,2011-03-30,2815000
2008-02-16,2011-03-31,2012-03-28,2830000
2008-02-16,2012-03-29,9999-12-31,2837000
2008-02-23,2009-09-10,2010-03-24,2778000
2008-02-23,2010-03-25,2011-03-30,2874000
2008-02-23,2011-03-31,2013-03-27,2886000
2008-02-23,2013-03-28,9999-12-31,2884000
2008-03-01,2009-09-10,2010-03-24,2774000
2008-03-01,2010-03-25,2011-03-30,2843000
2008-03-01,2011-03-31,2012-03-28,2858000
2008-03-01,2012-03-29,2013-03-27,2865000
2008-03-01,2013-03-28,9999-12-31,2867000
2008-03-08,2009-09-10,2010-03-24,2835000
2008-03-08,2010-03-25,2011-03-30,2877000
2008-03-08,2011-03-31,2012-03-28,2890000
2008-03-08,2012-03-29,2013-03-27,2897000
2008-03-08,2013-03-28,9999-12-31,2895000
2008-03-15,2009-09-10,2010-03-24,2835000
2008-03-15,2010-03-25,2011-03-30,2872000
2008-03-15,2011-03-31,2012-03-28,2885000
2008-03-15,2012-03-29,2013-03-27,2895000
2008-03-15,2013-03-28,9999-12-31,2897000
2008-03-22,2009-09-10,2010-03-24,2926000
2008-03-22,2010-03-25,2011-03-30,2914000
2008-03-22,2011-03-31,2012-03-28,2927000
2008-03-22,2012-03-29,2013-03-27,2935000
2008-03-22,2013-03-28,9999-12-31,2938000
2008-03-29,2009-09-10,2010-03-24,2923000
2008-03-29,2010-03-25,2011-03-30,2929000
2008-03-29,2011-03-31,2012-03-28,2950000
2008-03-29,2012-03-29,2013-03-27,2961000
2008-03-29,2013-03-28,9999-12-31,2967000
2008-04-05,2009-09-10,2010-03-24,2976000
2008-04-05,2010-03-25,2011-03-30,2952000
2008-04-05,2011-03-31,2012-03-28,2955000
2008-04-05,2012-03-29,2013-03-27,2963000
2008-04-05,2013-03-28,9999-12-31,2969000
2008-04-12,2009-09-10,2010-03-24,2929000
2008-04-12,2010-03-25,2011-03-30,2906000
2008-04-12,2011-03-31,2012-03-28,2920000
2008-04-12,2012-03-29,2013-03-27,2934000
2008-04-12,2013-03-28,9999-12-31,2937000
2008-04-19,2009-09-10,2010-03-24,3024000
2008-04-19,2010-03-25,2011-03-30,2949000
2008-04-19,2011-03-31,2012-03-28,2952000
2008-04-19,2012-03-29,2013-03-27,2961000
2008-04-19,2013-03-28,9999-12-31,2964000
2008-04-26,2009-09-10,2010-03-24,3011000
2008-04-26,2010-03-25,2011-03-30,2962000
2008-04-26,2011-03-31,2012-03-28,2974000
2008-04-26,2012-03-29,2013-03-27,2977000
2008-04-26,2013-03-28,9999-12-31,2986000
2008-05-03,2009-09-10,2010-03-24,3063000
2008-05-03,2010-03-25,2011-03-30,2984000
2008-05-03,2011-03-31,2013-03-27,2987000
2008-05-03,2013-03-28,9999-12-31,2993000
2008-05-10,2009-09-10,2010-03-24,3062000
2008-05-10,2010-03-25,2011-03-30,2978000
2008-05-10,2011-03-31,2012-03-28,2981000
2008-05-10,2012-03-29,2013-03-27,2991000
2008-05-10,2013-03-28,9999-12-31,2997000
2008-05-17,2009-09-10,2010-03-24,3102000
2008-05-17,2010-03-25,2012-03-28,3006000
2008-05-17,2012-03-29,2013-03-27,3009000
2008-05-17,2013-03-28,9999-12-31,3016000
2008-05-24,2009-09-10,2010-03-24,3095000
2008-05-24,2010-03-25,2011-03-30,3001000
2008-05-24,2011-03-31,2012-03-28,2998000
2008-05-24,2012-03-29,2013-03-27,3004000
2008-05-24,2013-03-28,9999-12-31,3007000
2008-05-31,2009-09-10,2010-03-24,3133000
2008-05-31,2010-03-25,2011-03-30,3026000
2008-05-31,2011-03-31,2012-03-28,3045000
2008-05-31,2012-03-29,2013-03-27,3052000
2008-05-31,2013-03-28,9999-12-31,3055000
2008-06-07,2009-09-10,2010-03-24,3097000
2008-06-07,2010-03-25,2011-03-30,3010000
2008-06-07,2011-03-31,2012-03-28,3004000
2008-06-07,2012-03-29,2013-03-27,3007000
2008-06-07,2013-03-28,9999-12-31,3010000
2008-06-14,2009-09-10,2010-03-24,3149000
2008-06-14,2010-03-25,2011-03-30,3048000
2008-06-14,2011-03-31,2012-03-28,3051000
2008-06-14,2012-03-29,9999-12-31,3057000
2008-06-21,2009-09-10,2010-03-24,3152000
2008-06-21,2010-03-25,9999-12-31,3054000
2008-06-28,2009-09-10,2010-03-24,3218000
2008-06-28,2010-03-25,2011-03-30,3103000
2008-06-28,2011-03-31,9999-12-31,3110000
2008-07-05,2009-09-10,2010-03-24,3169000
2008-07-05,2010-03-25,2011-03-30,3126000
2008-07-05,2011-03-31,9999-12-31,3113000
2008-07-12,2009-09-10,2010-03-24,3165000
2008-07-12,2010-03-25,2011-03-30,3098000
2008-07-12,2011-03-31,9999-12-31,3104000
2008-07-19,2009-09-10,2010-03-24,3308000
2008-07-19,2010-03-25,2011-03-30,3237000
2008-07-19,2011-03-31,2013-03-27,3224000
2008-07-19,2013-03-28,9999-12-31,3227000
2008-07-26,2009-09-10,2010-03-24,3344000
2008-07-26,2010-03-25,2011-03-30,3271000
2008-07-26,2011-03-31,2012-03-28,3268000
2008-07-26,2012-03-29,2013-03-27,3264000
2008-07-26,2013-03-28,9999-12-31,3261000
2008-08-02,2009-09-10,2010-03-24,3396000
2008-08-02,2010-03-25,2011-03-30,3333000
2008-08-02,2011-03-31,2012-03-28,3330000
2008-08-02,2012-03-29,2013-03-27,3333000
2008-08-02,2013-03-28,9999-12-31,3330000
2008-08-09,2009-09-10,2010-03-24,3406000
2008-08-09,2010-03-25,2011-03-30,3345000
2008-08-09,2011-03-31,2012-03-28,3337000
2008-08-09,2012-03-29,2013-03-27,3330000
2008-08-09,2013-03-28,9999-12-31,3327000
2008-08-16,2009-09-10,2010-03-24,3451000
2008-08-16,2010-03-25,2011-03-30,3403000
2008-08-16,2011-03-31,2012-03-28,3396000
2008-08-16,2012-03-29,2013-03-27,3388000
2008-08-16,2013-03-28,9999-12-31,3385000
2008-08-23,2009-09-10,2010-03-24,3446000
2008-08-23,2010-03-25,2011-03-30,3406000
2008-08-23,2011-03-31,2012-03-28,3395000
2008-08-23,2012-03-29,2013-03-27,3391000
2008-08-23,2013-03-28,9999-12-31,3384000
2008-08-30,2009-09-10,2010-03-24,3549000
2008-08-30,2010-03-25,2011-03-30,3500000
2008-08-30,2011-03-31,2012-03-28,3476000
2008-08-30,2012-03-29,2013-03-27,3468000
2008-08-30,2013-03-28,9999-12-31,3464000
2008-09-06,2009-09-10,2010-03-24,3507000
2008-09-06,2010-03-25,2011-03-30,3447000
2008-09-06,2011-03-31,2012-03-28,3428000
2008-09-06,2012-03-29,9999-12-31,3420000
2008-09-13,2009-09-10,2010-03-24,3581000
2008-09-13,2010-03-25,2011-03-30,3534000
2008-09-13,2011-03-31,2012-03-28,3509000
2008-09-13,2012-03-29,2013-03-27,3497000
2008-09-13,2013-03-28,9999-12-31,3493000
2008-09-20,2009-09-10,2010-03-24,3637000
2008-09-20,2010-03-25,2011-03-30,3589000
2008-09-20,2011-03-31,2012-03-28,3564000
2008-09-20,2012-03-29,2013-03-27,3556000
2008-09-20,2013-03-28,9999-12-31,3551000
2008-09-27,2009-09-10,2010-03-24,3702000
2008-09-27,2010-03-25,2011-03-30,3658000
2008-09-27,2011-03-31,2012-03-28,3636000
2008-09-27,2012-03-29,2013-03-27,3627000
2008-09-27,2013-03-28,9999-12-31,3623000
2008-10-04,2009-09-10,2010-03-24,3753000
2008-10-04,2010-03-25,2011-03-30,3712000
2008-10-04,2011-03-31,2012-03-28,3690000
2008-10-04,2012-03-29,2013-03-27,3681000
2008-10-04,2013-03-28,9999-12-31,3676000
2008-10-11,2009-09-10,2010-03-24,3758000
2008-10-11,2010-03-25,2011-03-30,3731000
2008-10-11,2011-03-31,2012-03-28,3709000
2008-10-11,2012-03-29,2013-03-27,3701000
2008-10-11,2013-03-28,9999-12-31,3696000
2008-10-18,2009-09-10,2010-03-24,3773000
2008-10-18,2010-03-25,2011-03-30,3764000
2008-10-18,2011-03-31,2012-03-28,3742000
2008-10-18,2012-03-29,2013-03-27,3733000
2008-10-18,2013-03-28,9999-12-31,3729000
2008-10-25,2009-09-10,2010-03-24,3859000
2008-10-25,2010-03-25,2011-03-30,3845000
2008-10-25,2011-03-31,2012-03-28,3828000
2008-10-25,2012-03-29,2013-03-27,3819000
2008-10-25,2013-03-28,9999-12-31,3823000
2008-11-01,2009-09-10,2010-03-24,3933000
2008-11-01,2010-03-25,2012-03-28,3941000
2008-11-01,2012-03-29,2013-03-27,3937000
2008-11-01,2013-03-28,9999-12-31,3928000
2008-11-08,2009-09-10,2010-03-24,4021000
2008-11-08,2010-03-25,2012-03-28,4034000
2008-11-08,2012-03-29,2013-03-27,4025000
2008-11-08,2013-03-28,9999-12-31,4011000
2008-11-15,2009-09-10,2010-03-24,4019000
2008-11-15,2010-03-25,2011-03-30,4058000
2008-11-15,2011-03-31,2012-03-28,4032000
2008-11-15,2012-03-29,2013-03-27,4010000
2008-11-15,2013-03-28,9999-12-31,4002000
2008-11-22,2009-09-10,2010-03-24,4104000
2008-11-22,2010-03-25,2011-03-30,4142000
2008-11-22,2011-03-31,2012-03-28,4114000
2008-11-22,2012-03-29,2013-03-27,4104000
2008-11-22,2013-03-28,9999-12-31,4095000
2008-11-29,2009-09-10,2010-03-24,4354000
2008-11-29,2010-03-25,2011-03-30,4442000
2008-11-29,2011-03-31,2012-03-28,4451000
2008-11-29,2012-03-29,9999-12-31,4447000
2008-12-06,2009-09-10,2010-03-24,4356000
2008-12-06,2010-03-25,2011-03-30,4439000
2008-12-06,2011-03-31,2012-03-28,4426000
2008-12-06,2012-03-29,2013-03-27,4421000
2008-12-06,2013-03-28,9999-12-31,4417000
2008-12-13,2009-09-10,2010-03-24,4331000
2008-12-13,2010-03-25,2011-03-30,4432000
2008-12-13,2011-03-31,9999-12-31,4445000
2008-12-20,2009-09-10,2010-03-24,4470000
2008-12-20,2010-03-25,2011-03-30,4589000
2008-12-20,2011-03-31,2012-03-28,4566000
2008-12-20,2012-03-29,2013-03-27,4557000
2008-12-20,2013-03-28,9999-12-31,4548000
2008-12-27,2009-09-10,2010-03-24,4529000
2008-12-27,2010-03-25,2011-03-30,4683000
2008-12-27,2011-03-31,2012-03-28,4688000
2008-12-27,2012-03-29,2013-03-27,4675000
2008-12-27,2013-03-28,9999-12-31,4679000
2009-01-03,2009-09-10,2010-03-24,4487000
2009-01-03,2010-03-25,2011-03-30,4673000
2009-01-03,2011-03-31,2013-03-27,4707000
2009-01-03,2013-03-28,2014-04-02,4714000
2009-01-03,2014-04-03,9999-12-31,4692000
2009-01-10,2009-09-10,2010-03-24,4576000
2009-01-10,2010-03-25,2011-03-30,4760000
2009-01-10,2011-03-31,2012-03-28,4776000
2009-01-10,2012-03-29,2013-03-27,4780000
2009-01-10,2013-03-28,2014-04-02,4776000
2009-01-10,2014-04-03,9999-12-31,4760000
2009-01-17,2009-09-10,2010-03-24,4673000
2009-01-17,2010-03-25,2012-03-28,4872000
2009-01-17,2012-03-29,2013-03-27,4877000
2009-01-17,2013-03-28,2014-04-02,4872000
2009-01-17,2014-04-03,9999-12-31,4864000
2009-01-24,2009-09-10,2010-03-24,4748000
2009-01-24,2010-03-25,2011-03-30,4955000
2009-01-24,2011-03-31,2012-03-28,4963000
2009-01-24,2012-03-29,2013-03-27,5023000
2009-01-24,2013-03-28,2014-04-02,5002000
2009-01-24,2014-04-03,9999-12-31,4980000
2009-01-31,2009-09-10,2010-03-24,4755000
2009-01-31,2010-03-25,2011-03-30,5002000
2009-01-31,2011-03-31,2012-03-28,5031000
2009-01-31,2012-03-29,2013-03-27,5027000
2009-01-31,2013-03-28,2014-04-02,5019000
2009-01-31,2014-04-03,9999-12-31,5010000
2009-02-07,2009-09-10,2010-03-24,4948000
2009-02-07,2010-03-25,2011-03-30,5183000
2009-02-07,2011-03-31,2012-03-28,5197000
2009-02-07,2012-03-29,2013-03-27,5174000
2009-02-07,2013-03-28,2014-04-02,5170000
2009-02-07,2014-04-03,9999-12-31,5157000
2009-02-14,2009-09-10,2010-03-24,5065000
2009-02-14,2010-03-25,2011-03-30,5243000
2009-02-14,2011-03-31,2012-03-28,5265000
2009-02-14,2012-03-29,2014-04-02,5284000
2009-02-14,2014-04-03,9999-12-31,5279000
2009-02-21,2009-09-10,2010-03-24,5074000
2009-02-21,2010-03-25,2011-03-30,5275000
2009-02-21,2011-03-31,2013-03-27,5320000
2009-02-21,2013-03-28,2014-04-02,5311000
2009-02-21,2014-04-03,9999-12-31,5307000
2009-02-28,2009-09-10,2010-03-24,5253000
2009-02-28,2010-03-25,2011-03-30,5390000
2009-02-28,2011-03-31,2012-03-28,5427000
2009-02-28,2012-03-29,9999-12-31,5445000
2009-03-07,2009-09-10,2010-03-24,5438000
2009-03-07,2010-03-25,2011-03-30,5551000
2009-03-07,2011-03-31,2012-03-28,5585000
2009-03-07,2012-03-29,2014-04-02,5605000
2009-03-07,2014-04-03,9999-12-31,5600000
2009-03-14,2009-09-10,2010-03-24,5567000
2009-03-14,2010-03-25,2011-03-30,5634000
2009-03-14,2011-03-31,2012-03-28,5669000
2009-03-14,2012-03-29,2013-03-27,5689000
2009-03-14,2013-03-28,9999-12-31,5699000
2009-03-21,2009-09-10,2010-03-24,5745000
2009-03-21,2010-03-25,2011-03-30,5776000
2009-03-21,2011-03-31,2012-03-28,5808000
2009-03-21,2012-03-29,2013-03-27,5834000
2009-03-21,2013-03-28,2014-04-02,5840000
2009-03-21,2014-04-03,9999-12-31,5829000
2009-03-28,2009-09-10,2010-03-24,5850000
2009-03-28,2010-03-25,2011-03-30,5844000
2009-03-28,2011-03-31,2012-03-28,5903000
2009-03-28,2012-03-29,2013-03-27,5924000
2009-03-28,2013-03-28,2014-04-02,5946000
2009-03-28,2014-04-03,9999-12-31,5935000
2009-04-04,2009-09-10,2010-03-24,6045000
2009-04-04,2010-03-25,2011-03-30,5992000
2009-04-04,2011-03-31,2012-03-28,6009000
2009-04-04,2012-03-29,2013-03-27,6038000
2009-04-04,2013-03-28,2014-04-02,6055000
2009-04-04,2014-04-03,9999-12-31,6044000
2009-04-11,2009-09-10,2010-03-24,6138000
2009-04-11,2010-03-25,2011-03-30,6049000
2009-04-11,2011-03-31,2012-03-28,6084000
2009-04-11,2012-03-29,2013-03-27,6118000
2009-04-11,2013-03-28,9999-12-31,6130000
2009-04-18,2009-09-10,2010-03-24,6293000
2009-04-18,2010-03-25,2011-03-30,6209000
2009-04-18,2011-03-31,2012-03-28,6227000
2009-04-18,2012-03-29,2013-03-27,6258000
2009-04-18,2013-03-28,2014-04-02,6271000
2009-04-18,2014-04-03,9999-12-31,6264000
2009-04-25,2009-09-10,2010-03-24,6380000
2009-04-25,2010-03-25,2011-03-30,6225000
2009-04-25,2011-03-31,2012-03-28,6256000
2009-04-25,2012-03-29,2013-03-27,6268000
2009-04-25,2013-03-28,2014-04-02,6293000
2009-04-25,2014-04-03,9999-12-31,6300000
2009-05-02,2009-09-10,2010-03-24,6587000
2009-05-02,2010-03-25,2011-03-30,6389000
2009-05-02,2011-03-31,2013-03-27,6402000
2009-05-02,2013-03-28,2014-04-02,6422000
2009-05-02,2014-04-03,9999-12-31,6416000
2009-05-09,2009-09-10,2010-03-24,6678000
2009-05-09,2010-03-25,2011-03-30,6449000
2009-05-09,2011-03-31,2012-03-28,6462000
2009-05-09,2012-03-29,2013-03-27,6482000
2009-05-09,2013-03-28,2014-04-02,6503000
2009-05-09,2014-04-03,9999-12-31,6516000
2009-05-16,2009-09-10,2010-03-24,6751000
2009-05-16,2010-03-25,2011-03-30,6498000
2009-05-16,2011-03-31,2012-03-28,6505000
2009-05-16,2012-03-29,2013-03-27,6518000
2009-05-16,2013-03-28,9999-12-31,6539000
2009-05-23,2009-09-10,2010-03-24,6757000
2009-05-23,2010-03-25,2011-03-30,6515000
2009-05-23,2011-03-31,2012-03-28,6487000
2009-05-23,2012-03-29,2013-03-27,6501000
2009-05-23,2013-03-28,2014-04-02,6515000
2009-05-23,2014-04-03,9999-12-31,6522000
2009-05-30,2009-09-10,2010-03-24,6835000
2009-05-30,2010-03-25,2011-03-30,6543000
2009-05-30,2011-03-31,2012-03-28,6606000
2009-05-30,2012-03-29,2013-03-27,6628000
2009-05-30,2013-03-28,9999-12-31,6635000
2009-06-06,2009-09-10,2010-03-24,6714000
2009-06-06,2010-03-25,2011-03-30,6491000
2009-06-06,2011-03-31,2012-03-28,6478000
2009-06-06,2012-03-29,2013-03-27,6485000
2009-06-06,2013-03-28,2014-04-02,6492000
2009-06-06,2014-04-03,9999-12-31,6506000
2009-06-13,2009-09-10,2010-03-24,6755000
2009-06-13,2010-03-25,2011-03-30,6483000
2009-06-13,2011-03-31,2012-03-28,6504000
2009-06-13,2012-03-29,2013-03-27,6518000
2009-06-13,2013-03-28,9999-12-31,6525000
2009-06-20,2009-09-10,2010-03-24,6724000
2009-06-20,2010-03-25,2011-03-30,6501000
2009-06-20,2011-03-31,2013-03-27,6474000
2009-06-20,2013-03-28,2014-04-02,6481000
2009-06-20,2014-04-03,9999-12-31,6488000
2009-06-27,2009-09-10,2010-03-24,6904000
2009-06-27,2010-03-25,2011-03-30,6567000
2009-06-27,2011-03-31,2012-03-28,6611000
2009-06-27,2012-03-29,9999-12-31,6618000
2009-07-04,2009-09-10,2010-03-24,6313000
2009-07-04,2010-03-25,2011-03-30,6217000
2009-07-04,2011-03-31,2014-04-02,6169000
2009-07-04,2014-04-03,9999-12-31,6145000
2009-07-11,2009-09-10,2010-03-24,6251000
2009-07-11,2010-03-25,2011-03-30,6122000
2009-07-11,2011-03-31,2012-03-28,6142000
2009-07-11,2012-03-29,2014-04-02,6148000
2009-07-11,2014-04-03,9999-12-31,6136000
2009-07-18,2009-09-10,2010-03-24,6241000
2009-07-18,2010-03-25,2011-03-30,6135000
2009-07-18,2011-03-31,2012-03-28,6111000
2009-07-18,2012-03-29,2013-03-27,6105000
2009-07-18,2013-03-28,2014-04-02,6111000
2009-07-18,2014-04-03,9999-12-31,6118000
2009-07-25,2009-09-10,2010-03-24,6343000
2009-07-25,2010-03-25,2011-03-30,6193000
2009-07-25,2011-03-31,2012-03-28,6182000
2009-07-25,2012-03-29,2014-04-02,6169000
2009-07-25,2014-04-03,9999-12-31,6157000
2009-08-01,2009-09-10,2010-03-24,6239000
2009-08-01,2010-03-25,2011-03-30,6123000
2009-08-01,2011-03-31,2012-03-28,6111000
2009-08-01,2012-03-29,2013-03-27,6118000
2009-08-01,2013-03-28,9999-12-31,6111000
2009-08-08,2009-09-10,2010-03-24,6252000
2009-08-08,2010-03-25,2011-03-30,6127000
2009-08-08,2011-03-31,2012-03-28,6109000
2009-08-08,2012-03-29,2013-03-27,6103000
2009-08-08,2013-03-28,9999-12-31,6090000
2009-08-15,2009-09-10,2010-03-24,6143000
2009-08-15,2010-03-25,2011-03-30,6051000
2009-08-15,2011-03-31,2012-03-28,6033000
2009-08-15,2012-03-29,2013-03-27,6020000
2009-08-15,2013-03-28,2014-04-02,6014000
2009-08-15,2014-04-03,9999-12-31,6008000
2009-08-22,2009-09-10,2010-03-24,6247000
2009-08-22,2010-03-25,2011-03-30,6111000
2009-08-22,2011-03-31,2012-03-28,6093000
2009-08-22,2012-03-29,2013-03-27,6079000
2009-08-22,2013-03-28,2014-04-02,6066000
2009-08-22,2014-04-03,9999-12-31,6060000
2009-08-29,2009-09-10,2009-09-16,6088000
2009-08-29,2009-09-17,2009-09-23,6101000
2009-08-29,2009-09-24,2010-03-24,6103000
2009-08-29,2010-03-25,2011-03-30,6035000
2009-08-29,2011-03-31,2012-03-28,5976000
2009-08-29,2012-03-29,2013-03-27,5957000
2009-08-29,2013-03-28,2014-04-02,5950000
2009-08-29,2014-04-03,9999-12-31,5970000
2009-09-05,2009-09-17,2009-09-23,6230000
2009-09-05,2009-09-24,2009-09-30,6261000
2009-09-05,2009-10-01,2010-03-24,6265000
2009-09-05,2010-03-25,2011-03-30,6113000
2009-09-05,2011-03-31,2012-03-28,6079000
2009-09-05,2012-03-29,2014-04-02,6059000
2009-09-05,2014-04-03,9999-12-31,6079000
2009-09-12,2009-09-24,2009-09-30,6138000
2009-09-12,2009-10-01,2010-03-24,6160000
2009-09-12,2010-03-25,2011-03-30,6067000
2009-09-12,2011-03-31,2012-03-28,6006000
2009-09-12,2012-03-29,2013-03-27,5985000
2009-09-12,2013-03-28,2014-04-02,5978000
2009-09-12,2014-04-03,9999-12-31,6006000
2009-09-19,2009-10-01,2009-10-07,6090000
2009-09-19,2009-10-08,2010-03-24,6112000
2009-09-19,2010-03-25,2011-03-30,6010000
2009-09-19,2011-03-31,2012-03-28,5963000
2009-09-19,2012-03-29,2013-03-27,5949000
2009-09-19,2013-03-28,9999-12-31,5942000
2009-09-26,2009-10-08,2009-10-14,6040000
2009-09-26,2009-10-15,2010-03-24,6067000
2009-09-26,2010-03-25,2011-03-30,5987000
2009-09-26,2011-03-31,2012-03-28,5940000
2009-09-26,2012-03-29,2013-03-27,5919000
2009-09-26,2013-03-28,9999-12-31,5912000
2009-10-03,2009-10-15,2009-10-21,5992000
2009-10-03,2009-10-22,2009-10-28,6021000
2009-10-03,2009-10-29,2010-03-24,6034000
2009-10-03,2010-03-25,2011-03-30,5954000
2009-10-03,2011-03-31,2012-03-28,5914000
2009-10-03,2012-03-29,2013-03-27,5900000
2009-10-03,2013-03-28,2014-04-02,5893000
2009-10-03,2014-04-03,9999-12-31,5900000
2009-10-10,2009-10-22,2009-10-28,5923000
2009-10-10,2009-10-29,2010-03-24,5945000
2009-10-10,2010-03-25,2011-03-30,5888000
2009-10-10,2011-03-31,2012-03-28,5842000
2009-10-10,2012-03-29,2013-03-27,5821000
2009-10-10,2013-03-28,2014-04-02,5815000
2009-10-10,2014-04-03,9999-12-31,5828000
2009-10-17,2009-10-29,2009-11-04,5797000
2009-10-17,2009-11-05,2010-03-24,5817000
2009-10-17,2010-03-25,2011-03-30,5803000
2009-10-17,2011-03-31,2012-03-28,5766000
2009-10-17,2012-03-29,2013-03-27,5746000
2009-10-17,2013-03-28,2014-04-02,5733000
2009-10-17,2014-04-03,9999-12-31,5746000
2009-10-24,2009-11-05,2009-11-11,5749000
2009-10-24,2009-11-12,2009-11-18,5770000
2009-10-24,2009-11-19,2010-03-24,5768000
2009-10-24,2010-03-25,2011-03-30,5748000
2009-10-24,2011-03-31,2012-03-28,5711000
2009-10-24,2012-03-29,2013-03-27,5698000
2009-10-24,2013-03-28,9999-12-31,5705000
2009-10-31,2009-11-12,2009-11-18,5631000
2009-10-31,2009-11-19,2009-11-24,5650000
2009-10-31,2009-11-25,2010-03-24,5651000
2009-10-31,2010-03-25,2011-03-30,5683000
2009-10-31,2011-03-31,2012-03-28,5655000
2009-10-31,2012-03-29,2013-03-27,5642000
2009-10-31,2013-03-28,2014-04-02,5636000
2009-10-31,2014-04-03,9999-12-31,5649000
2009-11-07,2009-11-19,2009-11-24,5611000
2009-11-07,2009-11-25,2010-03-24,5613000
2009-11-07,2010-03-25,2011-03-30,5626000
2009-11-07,2011-03-31,2012-03-28,5600000
2009-11-07,2012-03-29,2013-03-27,5593000
2009-11-07,2013-03-28,2014-04-02,5562000
2009-11-07,2014-04-03,9999-12-31,5568000
2009-11-14,2009-11-25,2009-12-02,5423000
2009-11-14,2009-12-03,2009-12-09,5437000
2009-11-14,2009-12-10,2010-03-24,5436000
2009-11-14,2010-03-25,2011-03-30,5506000
2009-11-14,2011-03-31,2012-03-28,5497000
2009-11-14,2012-03-29,2013-03-27,5462000
2009-11-14,2013-03-28,2014-04-02,5444000
2009-11-14,2014-04-03,9999-12-31,5462000
2009-11-21,2009-12-03,2009-12-09,5465000
2009-11-21,2009-12-10,2009-12-16,5460000
2009-11-21,2009-12-17,2010-03-24,5470000
2009-11-21,2010-03-25,2011-03-30,5520000
2009-11-21,2011-03-31,2012-03-28,5508000
2009-11-21,2012-03-29,2013-03-27,5476000
2009-11-21,2013-03-28,2014-04-02,5464000
2009-11-21,2014-04-03,9999-12-31,5489000
2009-11-28,2009-12-10,2009-12-16,5157000
2009-11-28,2009-12-17,2009-12-23,5181000
2009-11-28,2009-12-24,2010-03-24,5183000
2009-11-28,2010-03-25,2011-03-30,5305000
2009-11-28,2011-03-31,2013-03-27,5318000
2009-11-28,2013-03-28,2014-04-02,5312000
2009-11-28,2014-04-03,9999-12-31,5323000
2009-12-05,2009-12-17,2009-12-23,5186000
2009-12-05,2009-12-24,2009-12-30,5203000
2009-12-05,2009-12-31,2010-03-24,5202000
2009-12-05,2010-03-25,2011-03-30,5320000
2009-12-05,2011-03-31,2012-03-28,5305000
2009-12-05,2012-03-29,2013-03-27,5289000
2009-12-05,2013-03-28,2014-04-02,5284000
2009-12-05,2014-04-03,9999-12-31,5289000
2009-12-12,2009-12-24,2009-12-30,5076000
2009-12-12,2009-12-31,2010-03-24,5038000
2009-12-12,2010-03-25,2011-03-30,5185000
2009-12-12,2011-03-31,2012-03-28,5201000
2009-12-12,2012-03-29,2013-03-27,5211000
2009-12-12,2013-03-28,2014-04-02,5201000
2009-12-12,2014-04-03,9999-12-31,5191000
2009-12-19,2009-12-31,2010-01-13,4981000
2009-12-19,2010-01-14,2010-03-24,4979000
2009-12-19,2010-03-25,2011-03-30,5151000
2009-12-19,2011-03-31,2012-03-28,5125000
2009-12-19,2012-03-29,2013-03-27,5105000
2009-12-19,2013-03-28,2014-04-02,5095000
2009-12-19,2014-04-03,9999-12-31,5100000
2009-12-26,2010-01-07,2010-01-13,4802000
2009-12-26,2010-01-14,2010-03-24,4807000
2009-12-26,2010-03-25,2011-03-30,5000000
2009-12-26,2011-03-31,2012-03-28,4996000
2009-12-26,2012-03-29,9999-12-31,4987000
2010-01-02,2010-01-14,2010-01-20,4596000
2010-01-02,2010-01-21,2010-01-27,4617000
2010-01-02,2010-01-28,2010-03-24,4609000
2010-01-02,2010-03-25,2011-03-30,4862000
2010-01-02,2011-03-31,2012-03-28,4902000
2010-01-02,2012-03-29,2013-03-27,4894000
2010-01-02,2013-03-28,2014-04-02,4906000
2010-01-02,2014-04-03,2015-04-01,4878000
2010-01-02,2015-04-02,9999-12-31,4870000
2010-01-09,2010-01-21,2010-01-27,4599000
2010-01-09,2010-01-28,2010-03-24,4659000
2010-01-09,2010-03-25,2011-03-30,4895000
2010-01-09,2011-03-31,2012-03-28,4925000
2010-01-09,2012-03-29,2013-03-27,4941000
2010-01-09,2013-03-28,2014-04-02,4937000
2010-01-09,2014-04-03,2015-04-01,4904000
2010-01-09,2015-04-02,9999-12-31,4879000
2010-01-16,2010-01-28,2010-02-03,4602000
2010-01-16,2010-02-04,2010-03-24,4600000
2010-01-16,2010-03-25,2012-03-28,4838000
2010-01-16,2012-03-29,2013-03-27,4834000
2010-01-16,2013-03-28,2014-04-02,4830000
2010-01-16,2014-04-03,2015-04-01,4822000
2010-01-16,2015-04-02,9999-12-31,4809000
2010-01-23,2010-02-04,2010-02-10,4602000
2010-01-23,2010-02-11,2010-03-24,4617000
2010-01-23,2010-03-25,2011-03-30,4866000
2010-01-23,2011-03-31,2012-03-28,4887000
2010-01-23,2012-03-29,2013-03-27,4925000
2010-01-23,2013-03-28,2014-04-02,4895000
2010-01-23,2014-04-03,2015-04-01,4870000
2010-01-23,2015-04-02,9999-12-31,4841000
2010-01-30,2010-02-11,2010-02-17,4538000
2010-01-30,2010-02-18,2010-02-24,4563000
2010-01-30,2010-02-25,2010-03-24,4558000
2010-01-30,2010-03-25,2011-03-30,4796000
2010-01-30,2011-03-31,2012-03-28,4837000
2010-01-30,2012-03-29,2013-03-27,4829000
2010-01-30,2013-03-28,2014-04-02,4821000
2010-01-30,2014-04-03,2015-04-01,4808000
2010-01-30,2015-04-02,9999-12-31,4796000
2010-02-06,2010-02-18,2010-02-24,4563000
2010-02-06,2010-02-25,2010-03-24,4611000
2010-02-06,2010-03-25,2011-03-30,4846000
2010-02-06,2011-03-31,2012-03-28,4888000
2010-02-06,2012-03-29,2013-03-27,4867000
2010-02-06,2013-03-28,2014-04-02,4863000
2010-02-06,2014-04-03,2015-04-01,4846000
2010-02-06,2015-04-02,9999-12-31,4838000
2010-02-13,2010-02-25,2010-03-03,4617000
2010-02-13,2010-03-04,2010-03-24,4634000
2010-02-13,2010-03-25,2011-03-30,4794000
2010-02-13,2011-03-31,2012-03-28,4823000
2010-02-13,2012-03-29,2013-03-27,4840000
2010-02-13,2013-03-28,2014-04-02,4844000
2010-02-13,2014-04-03,2015-04-01,4831000
2010-02-13,2015-04-02,9999-12-31,4815000
2010-02-20,2010-03-04,2010-03-10,4500000
2010-02-20,2010-03-11,2010-03-24,4521000
2010-02-20,2010-03-25,2011-03-30,4712000
2010-02-20,2011-03-31,2012-03-28,4775000
2010-02-20,2012-03-29,2013-03-27,4784000
2010-02-20,2013-03-28,2014-04-02,4775000
2010-02-20,2014-04-03,2015-04-01,4771000
2010-02-20,2015-04-02,9999-12-31,4767000
2010-02-27,2010-03-11,2010-03-17,4558000
2010-02-27,2010-03-18,2010-03-24,4567000
2010-02-27,2010-03-25,2011-03-30,4694000
2010-02-27,2011-03-31,2012-03-28,4743000
2010-02-27,2012-03-29,2015-04-01,4759000
2010-02-27,2015-04-02,9999-12-31,4755000
2010-03-06,2010-03-18,2010-03-24,4579000
2010-03-06,2010-03-25,2010-03-31,4702000
2010-03-06,2010-04-01,2011-03-30,4694000
2010-03-06,2011-03-31,2012-03-28,4754000
2010-03-06,2012-03-29,2014-04-02,4779000
2010-03-06,2014-04-03,2015-04-01,4775000
2010-03-06,2015-04-02,9999-12-31,4766000
2010-03-13,2010-03-25,2010-03-31,4648000
2010-03-13,2010-04-01,2011-03-30,4668000
2010-03-13,2011-03-31,2012-03-28,4720000
2010-03-13,2012-03-29,2013-03-27,4741000
2010-03-13,2013-03-28,9999-12-31,4750000
2010-03-20,2010-04-01,2010-04-07,4662000
2010-03-20,2010-04-08,2011-03-30,4681000
2010-03-20,2011-03-31,2012-03-28,4725000
2010-03-20,2012-03-29,2013-03-27,4756000
2010-03-20,2013-03-28,2014-04-02,4764000
2010-03-20,2014-04-03,2015-04-01,4756000
2010-03-20,2015-04-02,9999-12-31,4743000
2010-03-27,2010-04-08,2010-04-14,4550000
2010-03-27,2010-04-15,2010-04-21,4566000
2010-03-27,2010-04-22,2011-03-30,4562000
2010-03-27,2011-03-31,2012-03-28,4629000
2010-03-27,2012-03-29,2013-03-27,4650000
2010-03-27,2013-03-28,2014-04-02,4668000
2010-03-27,2014-04-03,2015-04-01,4659000
2010-03-27,2015-04-02,9999-12-31,4668000
2010-04-03,2010-04-15,2010-04-21,4639000
2010-04-03,2010-04-22,2011-03-30,4686000
2010-04-03,2011-03-31,2012-03-28,4710000
2010-04-03,2012-03-29,2013-03-27,4745000
2010-04-03,2013-03-28,2014-04-02,4768000
2010-04-03,2014-04-03,9999-12-31,4755000
2010-04-10,2010-04-22,2010-04-28,4646000
2010-04-10,2010-04-29,2011-03-30,4663000
2010-04-10,2011-03-31,2012-03-28,4687000
2010-04-10,2012-03-29,2013-03-27,4719000
2010-04-10,2013-03-28,2015-04-01,4732000
2010-04-10,2015-04-02,9999-12-31,4746000
2010-04-17,2010-04-29,2010-05-05,4645000
2010-04-17,2010-05-06,2011-03-30,4653000
2010-04-17,2011-03-31,2012-03-28,4675000
2010-04-17,2012-03-29,2013-03-27,4712000
2010-04-17,2013-03-28,9999-12-31,4721000
2010-04-24,2010-05-06,2010-05-12,4594000
2010-04-24,2010-05-13,2010-05-19,4615000
2010-04-24,2010-05-20,2011-03-30,4627000
2010-04-24,2011-03-31,2012-03-28,4648000
2010-04-24,2012-03-29,2013-03-27,4662000
2010-04-24,2013-03-28,2014-04-02,4685000
2010-04-24,2014-04-03,9999-12-31,4690000
2010-05-01,2010-05-13,2010-05-19,4627000
2010-05-01,2010-05-20,2010-05-26,4665000
2010-05-01,2010-05-27,2011-03-30,4659000
2010-05-01,2011-03-31,2013-03-27,4666000
2010-05-01,2013-03-28,2015-04-01,4685000
2010-05-01,2015-04-02,9999-12-31,4695000
2010-05-08,2010-05-20,2010-05-26,4625000
2010-05-08,2010-05-27,2011-03-30,4656000
2010-05-08,2011-03-31,2012-03-28,4648000
2010-05-08,2012-03-29,2013-03-27,4673000
2010-05-08,2013-03-28,2014-04-02,4687000
2010-05-08,2014-04-03,2015-04-01,4697000
2010-05-08,2015-04-02,9999-12-31,4707000
2010-05-15,2010-05-27,2010-06-02,4607000
2010-05-15,2010-06-03,2011-03-30,4635000
2010-05-15,2011-03-31,2012-03-28,4639000
2010-05-15,2012-03-29,2013-03-27,4653000
2010-05-15,2013-03-28,2014-04-02,4668000
2010-05-15,2014-04-03,2015-04-01,4678000
2010-05-15,2015-04-02,9999-12-31,4688000
2010-05-22,2010-06-03,2010-06-09,4666000
2010-05-22,2010-06-10,2011-03-30,4717000
2010-05-22,2011-03-31,2012-03-28,4685000
2010-05-22,2012-03-29,2013-03-27,4695000
2010-05-22,2013-03-28,2015-04-01,4715000
2010-05-22,2015-04-02,9999-12-31,4731000
2010-05-29,2010-06-10,2010-06-16,4462000
2010-05-29,2010-06-17,2010-06-23,4483000
2010-05-29,2010-06-24,2011-03-30,4488000
2010-05-29,2011-03-31,2012-03-28,4523000
2010-05-29,2012-03-29,2014-04-02,4548000
2010-05-29,2014-04-03,9999-12-31,4553000
2010-06-05,2010-06-17,2010-06-23,4571000
2010-06-05,2010-06-24,2011-03-30,4593000
2010-06-05,2011-03-31,2012-03-28,4585000
2010-06-05,2012-03-29,2013-03-27,4595000
2010-06-05,2013-03-28,2014-04-02,4605000
2010-06-05,2014-04-03,2015-04-01,4609000
2010-06-05,2015-04-02,9999-12-31,4624000
2010-06-12,2010-06-24,2010-06-30,4548000
2010-06-12,2010-07-01,2011-03-30,4573000
2010-06-12,2011-03-31,2012-03-28,4576000
2010-06-12,2012-03-29,2013-03-27,4591000
2010-06-12,2013-03-28,2015-04-01,4596000
2010-06-12,2015-04-02,9999-12-31,4606000
2010-06-19,2010-07-01,2010-07-07,4616000
2010-06-19,2010-07-08,2011-03-30,4637000
2010-06-19,2011-03-31,2013-03-27,4595000
2010-06-19,2013-03-28,2014-04-02,4599000
2010-06-19,2014-04-03,2015-04-01,4609000
2010-06-19,2015-04-02,9999-12-31,4619000
2010-06-26,2010-07-08,2010-07-14,4413000
2010-06-26,2010-07-15,2011-03-30,4434000
2010-06-26,2011-03-31,2012-03-28,4466000
2010-06-26,2012-03-29,2013-03-27,4480000
2010-06-26,2013-03-28,2014-04-02,4484000
2010-06-26,2014-04-03,2015-04-01,4480000
2010-06-26,2015-04-02,9999-12-31,4484000
2010-07-03,2010-07-15,2010-07-21,4681000
2010-07-03,2010-07-22,2011-03-30,4710000
2010-07-03,2011-03-31,2012-03-28,4635000
2010-07-03,2012-03-29,2014-04-02,4625000
2010-07-03,2014-04-03,2015-04-01,4611000
2010-07-03,2015-04-02,9999-12-31,4620000
2010-07-10,2010-07-22,2010-07-28,4487000
2010-07-10,2010-07-29,2011-03-30,4484000
2010-07-10,2011-03-31,2012-03-28,4482000
2010-07-10,2012-03-29,2014-04-02,4487000
2010-07-10,2014-04-03,2015-04-01,4473000
2010-07-10,2015-04-02,9999-12-31,4482000
2010-07-17,2010-07-29,2010-08-04,4565000
2010-07-17,2010-08-05,2010-08-11,4571000
2010-07-17,2010-08-12,2011-03-30,4568000
2010-07-17,2011-03-31,2013-03-27,4532000
2010-07-17,2013-03-28,2014-04-02,4536000
2010-07-17,2014-04-03,2015-04-01,4541000
2010-07-17,2015-04-02,9999-12-31,4545000
2010-07-24,2010-08-05,2010-08-11,4537000
2010-07-24,2010-08-12,2011-03-30,4570000
2010-07-24,2011-03-31,2012-03-28,4534000
2010-07-24,2012-03-29,2014-04-02,4525000
2010-07-24,2014-04-03,2015-04-01,4520000
2010-07-24,2015-04-02,9999-12-31,4529000
2010-07-31,2010-08-12,2010-08-18,4452000
2010-07-31,2010-08-19,2011-03-30,4491000
2010-07-31,2011-03-31,2012-03-28,4477000
2010-07-31,2012-03-29,2013-03-27,4481000
2010-07-31,2013-03-28,2014-04-02,4472000
2010-07-31,2014-04-03,9999-12-31,4467000
2010-08-07,2010-08-19,2010-08-25,4478000
2010-08-07,2010-08-26,2010-09-01,4518000
2010-08-07,2010-09-02,2011-03-30,4515000
2010-08-07,2011-03-31,2012-03-28,4487000
2010-08-07,2012-03-29,2013-03-27,4478000
2010-08-07,2013-03-28,2014-04-02,4473000
2010-08-07,2014-04-03,2015-04-01,4469000
2010-08-07,2015-04-02,9999-12-31,4478000
2010-08-14,2010-08-26,2010-09-01,4456000
2010-08-14,2010-09-02,2011-03-30,4479000
2010-08-14,2011-03-31,2012-03-28,4461000
2010-08-14,2012-03-29,2013-03-27,4446000
2010-08-14,2013-03-28,2014-04-02,4442000
2010-08-14,2014-04-03,9999-12-31,4432000
2010-08-21,2010-09-02,2010-09-08,4456000
2010-08-21,2010-09-09,2010-09-15,4480000
2010-08-21,2010-09-16,2011-03-30,4479000
2010-08-21,2011-03-31,2012-03-28,4455000
2010-08-21,2012-03-29,2013-03-27,4441000
2010-08-21,2013-03-28,2014-04-02,4431000
2010-08-21,2014-04-03,9999-12-31,4426000
2010-08-28,2010-09-09,2010-09-15,4478000
2010-08-28,2010-09-16,2010-09-22,4569000
2010-08-28,2010-09-23,2011-03-30,4573000
2010-08-28,2011-03-31,2012-03-28,4519000
2010-08-28,2012-03-29,2013-03-27,4499000
2010-08-28,2013-03-28,2014-04-02,4489000
2010-08-28,2014-04-03,9999-12-31,4509000
2010-09-04,2010-09-16,2010-09-22,4485000
2010-09-04,2010-09-23,2011-03-30,4537000
2010-09-04,2011-03-31,2012-03-28,4491000
2010-09-04,2012-03-29,2013-03-27,4475000
2010-09-04,2013-03-28,2014-04-02,4470000
2010-09-04,2014-04-03,2015-04-01,4491000
2010-09-04,2015-04-02,9999-12-31,4501000
2010-09-11,2010-09-23,2010-09-29,4489000
2010-09-11,2010-09-30,2010-10-06,4540000
2010-09-11,2010-10-07,2011-03-30,4534000
2010-09-11,2011-03-31,2012-03-28,4482000
2010-09-11,2012-03-29,2013-03-27,4457000
2010-09-11,2013-03-28,2014-04-02,4452000
2010-09-11,2014-04-03,2015-04-01,4482000
2010-09-11,2015-04-02,9999-12-31,4487000
2010-09-18,2010-09-30,2010-10-06,4457000
2010-09-18,2010-10-07,2011-03-30,4510000
2010-09-18,2011-03-31,2012-03-28,4462000
2010-09-18,2012-03-29,2013-03-27,4447000
2010-09-18,2013-03-28,2014-04-02,4436000
2010-09-18,2014-04-03,2015-04-01,4442000
2010-09-18,2015-04-02,9999-12-31,4452000
2010-09-25,2010-10-07,2010-10-13,4462000
2010-09-25,2010-10-14,2011-03-30,4511000
2010-09-25,2011-03-31,2012-03-28,4452000
2010-09-25,2012-03-29,2013-03-27,4431000
2010-09-25,2013-03-28,2014-04-02,4421000
2010-09-25,2014-04-03,2015-04-01,4426000
2010-09-25,2015-04-02,9999-12-31,4431000
2010-10-02,2010-10-14,2010-10-20,4399000
2010-10-02,2010-10-21,2010-10-27,4450000
2010-10-02,2010-10-28,2011-03-30,4444000
2010-10-02,2011-03-31,2012-03-28,4407000
2010-10-02,2012-03-29,2013-03-27,4391000
2010-10-02,2013-03-28,2014-04-02,4386000
2010-10-02,2014-04-03,2015-04-01,4391000
2010-10-02,2015-04-02,9999-12-31,4407000
2010-10-09,2010-10-21,2010-10-27,4441000
2010-10-09,2010-10-28,2010-11-03,4478000
2010-10-09,2010-11-04,2011-03-30,4477000
2010-10-09,2011-03-31,2012-03-28,4419000
2010-10-09,2012-03-29,2013-03-27,4392000
2010-10-09,2013-03-28,2014-04-02,4387000
2010-10-09,2014-04-03,2015-04-01,4398000
2010-10-09,2015-04-02,9999-12-31,4403000
2010-10-16,2010-10-28,2010-11-03,4356000
2010-10-16,2010-11-04,2010-11-09,4382000
2010-10-16,2010-11-10,2011-03-30,4388000
2010-10-16,2011-03-31,2012-03-28,4353000
2010-10-16,2012-03-29,2013-03-27,4338000
2010-10-16,2013-03-28,2014-04-02,4328000
2010-10-16,2014-04-03,2015-04-01,4338000
2010-10-16,2015-04-02,9999-12-31,4348000
2010-10-23,2010-11-04,2010-11-09,4340000
2010-10-23,2010-11-10,2011-03-30,4387000
2010-10-23,2011-03-31,2012-03-28,4351000
2010-10-23,2012-03-29,2013-03-27,4331000
2010-10-23,2013-03-28,2014-04-02,4336000
2010-10-23,2014-04-03,2015-04-01,4341000
2010-10-23,2015-04-02,9999-12-31,4331000
2010-10-30,2010-11-10,2010-11-17,4301000
2010-10-30,2010-11-18,2011-03-30,4343000
2010-10-30,2011-03-31,2012-03-28,4314000
2010-10-30,2012-03-29,2014-04-02,4294000
2010-10-30,2014-04-03,2015-04-01,4309000
2010-10-30,2015-04-02,9999-12-31,4328000
2010-11-06,2010-11-18,2010-11-23,4295000
2010-11-06,2010-11-24,2011-03-30,4324000
2010-11-06,2011-03-31,2012-03-28,4270000
2010-11-06,2012-03-29,2013-03-27,4265000
2010-11-06,2013-03-28,2014-04-02,4231000
2010-11-06,2014-04-03,2015-04-01,4236000
2010-11-06,2015-04-02,9999-12-31,4270000
2010-11-13,2010-11-24,2010-12-01,4182000
2010-11-13,2010-12-02,2011-03-30,4217000
2010-11-13,2011-03-31,2012-03-28,4226000
2010-11-13,2012-03-29,2013-03-27,4194000
2010-11-13,2013-03-28,2014-04-02,4167000
2010-11-13,2014-04-03,2015-04-01,4180000
2010-11-13,2015-04-02,9999-12-31,4176000
2010-11-20,2010-12-02,2010-12-08,4270000
2010-11-20,2010-12-09,2011-03-30,4277000
2010-11-20,2011-03-31,2012-03-28,4272000
2010-11-20,2012-03-29,2013-03-27,4233000
2010-11-20,2013-03-28,2014-04-02,4223000
2010-11-20,2014-04-03,2015-04-01,4248000
2010-11-20,2015-04-02,9999-12-31,4218000
2010-11-27,2010-12-09,2010-12-15,4086000
2010-11-27,2010-12-16,2010-12-22,4113000
2010-11-27,2010-12-23,2011-03-30,4114000
2010-11-27,2011-03-31,2013-03-27,4126000
2010-11-27,2013-03-28,2014-04-02,4122000
2010-11-27,2014-04-03,2015-04-01,4138000
2010-11-27,2015-04-02,9999-12-31,4118000
2010-12-04,2010-12-16,2010-12-22,4135000
2010-12-04,2010-12-23,2012-03-28,4167000
2010-12-04,2012-03-29,2013-03-27,4150000
2010-12-04,2013-03-28,2014-04-02,4141000
2010-12-04,2014-04-03,2015-04-01,4150000
2010-12-04,2015-04-02,9999-12-31,4137000
2010-12-11,2010-12-23,2010-12-29,4064000
2010-12-11,2010-12-30,2011-01-05,4071000
2010-12-11,2011-01-06,2011-03-30,4070000
2010-12-11,2011-03-31,2012-03-28,4090000
2010-12-11,2012-03-29,2013-03-27,4094000
2010-12-11,2013-03-28,2014-04-02,4086000
2010-12-11,2014-04-03,2015-04-01,4078000
2010-12-11,2015-04-02,9999-12-31,4062000
2010-12-18,2010-12-30,2011-01-05,4128000
2010-12-18,2011-01-06,2011-03-30,4150000
2010-12-18,2011-03-31,2012-03-28,4142000
2010-12-18,2012-03-29,2013-03-27,4121000
2010-12-18,2013-03-28,9999-12-31,4113000
2010-12-25,2011-01-06,2011-01-12,4103000
2010-12-25,2011-01-13,2012-03-28,4127000
2010-12-25,2012-03-29,2013-03-27,4119000
2010-12-25,2013-03-28,2014-04-02,4111000
2010-12-25,2014-04-03,2015-04-01,4119000
2010-12-25,2015-04-02,9999-12-31,4088000
2011-01-01,2011-01-13,2011-01-19,3879000
2011-01-01,2011-01-20,2011-03-30,3887000
2011-01-01,2011-03-31,2012-03-28,3946000
2011-01-01,2012-03-29,2013-03-27,3926000
2011-01-01,2013-03-28,2014-04-02,3943000
2011-01-01,2014-04-03,2015-04-01,3914000
2011-01-01,2015-04-02,2016-03-23,3904000
2011-01-01,2016-03-24,9999-12-31,3898000
2011-01-08,2011-01-20,2011-01-26,3861000
2011-01-08,2011-01-27,2011-03-30,3897000
2011-01-08,2011-03-31,2012-03-28,3950000
2011-01-08,2012-03-29,2013-03-27,3973000
2011-01-08,2013-03-28,2014-04-02,3977000
2011-01-08,2014-04-03,2015-04-01,3933000
2011-01-08,2015-04-02,2016-03-23,3903000
2011-01-08,2016-03-24,9999-12-31,3907000
2011-01-15,2011-01-27,2011-02-02,3991000
2011-01-15,2011-02-03,2011-03-30,4009000
2011-01-15,2011-03-31,2012-03-28,4019000
2011-01-15,2012-03-29,2014-04-02,4005000
2011-01-15,2014-04-03,2015-04-01,3995000
2011-01-15,2015-04-02,2016-03-23,3981000
2011-01-15,2016-03-24,9999-12-31,3974000
2011-01-22,2011-02-03,2011-02-09,3925000
2011-01-22,2011-02-10,2011-02-16,3935000
2011-01-22,2011-02-17,2011-03-30,3936000
2011-01-22,2011-03-31,2012-03-28,3973000
2011-01-22,2012-03-29,2013-03-27,4008000
2011-01-22,2013-03-28,2014-04-02,3977000
2011-01-22,2014-04-03,2015-04-01,3946000
2011-01-22,2015-04-02,2016-03-23,3933000
2011-01-22,2016-03-24,9999-12-31,3926000
2011-01-29,2011-02-10,2011-02-16,3888000
2011-01-29,2011-02-17,2011-03-30,3910000
2011-01-29,2011-03-31,2012-03-28,3936000
2011-01-29,2012-03-29,2013-03-27,3933000
2011-01-29,2013-03-28,2014-04-02,3920000
2011-01-29,2014-04-03,2015-04-01,3906000
2011-01-29,2015-04-02,2016-03-23,3893000
2011-01-29,2016-03-24,9999-12-31,3887000
2011-02-05,2011-02-17,2011-02-23,3911000
2011-02-05,2011-02-24,2011-03-02,3935000
2011-02-05,2011-03-03,2011-03-30,3938000
2011-02-05,2011-03-31,2012-03-28,3982000
2011-02-05,2012-03-29,2013-03-27,3972000
2011-02-05,2013-03-28,2014-04-02,3968000
2011-02-05,2014-04-03,2015-04-01,3951000
2011-02-05,2015-04-02,2016-03-23,3941000
2011-02-05,2016-03-24,9999-12-31,3928000
2011-02-12,2011-02-24,2011-03-02,3790000
2011-02-12,2011-03-03,2011-03-30,3833000
2011-02-12,2011-03-31,2012-03-28,3852000
2011-02-12,2012-03-29,2013-03-27,3868000
2011-02-12,2013-03-28,2014-04-02,3875000
2011-02-12,2014-04-03,2015-04-01,3865000
2011-02-12,2015-04-02,2016-03-23,3852000
2011-02-12,2016-03-24,9999-12-31,3839000
2011-02-19,2011-03-03,2011-03-09,3774000
2011-02-19,2011-03-10,2011-03-30,3791000
2011-02-19,2011-03-31,2012-03-28,3845000
2011-02-19,2012-03-29,2013-03-27,3862000
2011-02-19,2013-03-28,2014-04-02,3855000
2011-02-19,2014-04-03,2015-04-01,3848000
2011-02-19,2015-04-02,2016-03-23,3831000
2011-02-19,2016-03-24,9999-12-31,3821000
2011-02-26,2011-03-10,2011-03-16,3771000
2011-02-26,2011-03-17,2011-03-30,3786000
2011-02-26,2011-03-31,2012-03-28,3819000
2011-02-26,2012-03-29,2013-03-27,3838000
2011-02-26,2013-03-28,2014-04-02,3835000
2011-02-26,2014-04-03,2015-04-01,3832000
2011-02-26,2015-04-02,2016-03-23,3825000
2011-02-26,2016-03-24,9999-12-31,3809000
2011-03-05,2011-03-17,2011-03-23,3706000
2011-03-05,2011-03-24,2011-03-30,3723000
2011-03-05,2011-03-31,2012-03-28,3763000
2011-03-05,2012-03-29,2013-03-27,3796000
2011-03-05,2013-03-28,2015-04-01,3799000
2011-03-05,2015-04-02,2016-03-23,3789000
2011-03-05,2016-03-24,9999-12-31,3772000
2011-03-12,2011-03-24,2011-03-30,3721000
2011-03-12,2011-03-31,2012-03-28,3765000
2011-03-12,2012-03-29,2013-03-27,3792000
2011-03-12,2013-03-28,2015-04-01,3795000
2011-03-12,2015-04-02,2016-03-23,3788000
2011-03-12,2016-03-24,9999-12-31,3772000
2011-03-19,2011-03-31,2011-04-06,3714000
2011-03-19,2011-04-07,2012-03-28,3732000
2011-03-19,2012-03-29,2013-03-27,3769000
2011-03-19,2013-03-28,2014-04-02,3780000
2011-03-19,2014-04-03,2015-04-01,3769000
2011-03-19,2015-04-02,2016-03-23,3759000
2011-03-19,2016-03-24,9999-12-31,3752000
2011-03-26,2011-04-07,2011-04-13,3723000
2011-03-26,2011-04-14,2012-03-28,3738000
2011-03-26,2012-03-29,2013-03-27,3766000
2011-03-26,2013-03-28,2014-04-02,3776000
2011-03-26,2014-04-03,2016-03-23,3769000
2011-03-26,2016-03-24,9999-12-31,3766000
2011-04-02,2011-04-14,2011-04-20,3680000
2011-04-02,2011-04-21,2011-04-27,3702000
2011-04-02,2011-04-28,2012-03-28,3703000
2011-04-02,2012-03-29,2013-03-27,3742000
2011-04-02,2013-03-28,2014-04-02,3770000
2011-04-02,2014-04-03,2016-03-23,3752000
2011-04-02,2016-03-24,9999-12-31,3756000
2011-04-09,2011-04-21,2011-04-27,3695000
2011-04-09,2011-04-28,2011-05-04,3709000
2011-04-09,2011-05-05,2012-03-28,3708000
2011-04-09,2012-03-29,2013-03-27,3736000
2011-04-09,2013-03-28,2014-04-02,3751000
2011-04-09,2014-04-03,2015-04-01,3747000
2011-04-09,2015-04-02,2016-03-23,3758000
2011-04-09,2016-03-24,9999-12-31,3751000
2011-04-16,2011-04-28,2011-05-04,3641000
2011-04-16,2011-05-05,2012-03-28,3659000
2011-04-16,2012-03-29,2013-03-27,3702000
2011-04-16,2013-03-28,2014-04-02,3713000
2011-04-16,2014-04-03,9999-12-31,3717000
2011-04-23,2011-05-05,2011-05-11,3733000
2011-04-23,2011-05-12,2012-03-28,3751000
2011-04-23,2012-03-29,2013-03-27,3766000
2011-04-23,2013-03-28,2016-03-23,3789000
2011-04-23,2016-03-24,9999-12-31,3796000
2011-04-30,2011-05-12,2011-05-18,3756000
2011-04-30,2011-05-19,2012-03-28,3792000
2011-04-30,2012-03-29,2013-03-27,3795000
2011-04-30,2013-03-28,2015-04-01,3819000
2011-04-30,2015-04-02,2016-03-23,3827000
2011-04-30,2016-03-24,9999-12-31,3834000
2011-05-07,2011-05-19,2011-05-25,3711000
2011-05-07,2011-05-26,2012-03-28,3736000
2011-05-07,2012-03-29,2013-03-27,3747000
2011-05-07,2013-03-28,2014-04-02,3767000
2011-05-07,2014-04-03,2015-04-01,3775000
2011-05-07,2015-04-02,2016-03-23,3779000
2011-05-07,2016-03-24,9999-12-31,3787000
2011-05-14,2011-05-26,2011-06-01,3690000
2011-05-14,2011-06-02,2011-06-08,3712000
2011-05-14,2011-06-09,2011-08-31,3718000
2011-05-14,2011-09-01,2012-03-28,3721000
2011-05-14,2012-03-29,2013-03-27,3737000
2011-05-14,2013-03-28,2014-04-02,3753000
2011-05-14,2014-04-03,2015-04-01,3769000
2011-05-14,2015-04-02,2016-03-23,3777000
2011-05-14,2016-03-24,9999-12-31,3781000
2011-05-21,2011-06-02,2011-06-08,3711000
2011-05-21,2011-06-09,2012-03-28,3747000
2011-05-21,2012-03-29,2013-03-27,3751000
2011-05-21,2013-03-28,2014-04-02,3771000
2011-05-21,2014-04-03,2015-04-01,3775000
2011-05-21,2015-04-02,2016-03-23,3787000
2011-05-21,2016-03-24,9999-12-31,3799000
2011-05-28,2011-06-09,2011-06-15,3676000
2011-05-28,2011-06-16,2012-10-31,3696000
2011-05-28,2012-11-01,2014-04-02,3716000
2011-05-28,2014-04-03,2015-04-01,3724000
2011-05-28,2015-04-02,9999-12-31,3728000
2011-06-04,2011-06-16,2011-06-22,3675000
2011-06-04,2011-06-23,2011-06-29,3698000
2011-06-04,2011-06-30,2012-03-28,3702000
2011-06-04,2012-03-29,2013-03-27,3714000
2011-06-04,2013-03-28,2014-04-02,3726000
2011-06-04,2014-04-03,2015-04-01,3730000
2011-06-04,2015-04-02,2016-03-23,3746000
2011-06-04,2016-03-24,9999-12-31,3750000
2011-06-11,2011-06-23,2011-06-29,3697000
2011-06-11,2011-06-30,2012-03-28,3714000
2011-06-11,2012-03-29,2013-03-27,3726000
2011-06-11,2013-03-28,2014-04-02,3730000
2011-06-11,2014-04-03,2015-04-01,3734000
2011-06-11,2015-04-02,2016-03-23,3742000
2011-06-11,2016-03-24,9999-12-31,3746000
2011-06-18,2011-06-30,2011-07-06,3702000
2011-06-18,2011-07-07,2013-03-27,3724000
2011-06-18,2013-03-28,2014-04-02,3728000
2011-06-18,2014-04-03,2015-04-01,3736000
2011-06-18,2015-04-02,2016-03-23,3748000
2011-06-18,2016-03-24,9999-12-31,3752000
2011-06-25,2011-07-07,2011-07-13,3681000
2011-06-25,2011-07-14,2012-03-28,3712000
2011-06-25,2012-03-29,2013-03-27,3719000
2011-06-25,2013-03-28,2014-04-02,3723000
2011-06-25,2014-04-03,2016-03-23,3727000
2011-06-25,2016-03-24,9999-12-31,3719000
2011-07-02,2011-07-14,2011-07-20,3727000
2011-07-02,2011-07-21,2011-07-27,3748000
2011-07-02,2011-07-28,2012-03-28,3749000
2011-07-02,2012-03-29,2014-04-02,3737000
2011-07-02,2014-04-03,2015-04-01,3717000
2011-07-02,2015-04-02,9999-12-31,3733000
2011-07-09,2011-07-21,2011-07-27,3698000
2011-07-09,2011-07-28,2012-03-28,3720000
2011-07-09,2012-03-29,2014-04-02,3727000
2011-07-09,2014-04-03,2015-04-01,3706000
2011-07-09,2015-04-02,2016-03-23,3720000
2011-07-09,2016-03-24,9999-12-31,3724000
2011-07-16,2011-07-28,2011-08-03,3703000
2011-07-16,2011-08-04,2011-08-10,3720000
2011-07-16,2011-08-11,2012-03-28,3719000
2011-07-16,2012-03-29,2013-03-27,3715000
2011-07-16,2013-03-28,2014-04-02,3719000
2011-07-16,2014-04-03,2015-04-01,3726000
2011-07-16,2015-04-02,9999-12-31,3734000
2011-07-23,2011-08-04,2011-08-10,3730000
2011-07-23,2011-08-11,2012-03-28,3748000
2011-07-23,2012-03-29,2013-03-27,3737000
2011-07-23,2013-03-28,2014-04-02,3741000
2011-07-23,2014-04-03,2015-04-01,3737000
2011-07-23,2015-04-02,2016-03-23,3744000
2011-07-23,2016-03-24,9999-12-31,3741000
2011-07-30,2011-08-11,2011-08-17,3688000
2011-07-30,2011-08-18,2013-03-27,3695000
2011-07-30,2013-03-28,2014-04-02,3684000
2011-07-30,2014-04-03,2015-04-01,3676000
2011-07-30,2015-04-02,2016-03-23,3680000
2011-07-30,2016-03-24,9999-12-31,3676000
2011-08-06,2011-08-18,2011-08-24,3702000
2011-08-06,2011-08-25,2012-03-28,3721000
2011-08-06,2012-03-29,2013-03-27,3709000
2011-08-06,2013-03-28,2015-04-01,3706000
2011-08-06,2015-04-02,9999-12-31,3709000
2011-08-13,2011-08-25,2011-08-31,3641000
2011-08-13,2011-09-01,2012-03-28,3753000
2011-08-13,2012-03-29,2013-03-27,3737000
2011-08-13,2013-03-28,2014-04-02,3729000
2011-08-13,2014-04-03,9999-12-31,3717000
2011-08-20,2011-09-01,2011-09-07,3735000
2011-08-20,2011-09-08,2012-03-28,3747000
2011-08-20,2012-03-29,2013-03-27,3727000
2011-08-20,2013-03-28,2014-04-02,3715000
2011-08-20,2014-04-03,2015-04-01,3711000
2011-08-20,2015-04-02,9999-12-31,3715000
2011-08-27,2011-09-08,2011-09-14,3717000
2011-08-27,2011-09-15,2011-09-21,3738000
2011-08-27,2011-09-22,2012-03-28,3739000
2011-08-27,2012-03-29,2013-03-27,3719000
2011-08-27,2013-03-28,2014-04-02,3707000
2011-08-27,2014-04-03,2015-04-01,3719000
2011-08-27,2015-04-02,2016-03-23,3727000
2011-08-27,2016-03-24,9999-12-31,3723000
2011-09-03,2011-09-15,2011-09-21,3726000
2011-09-03,2011-09-22,2012-03-28,3755000
2011-09-03,2012-03-29,2013-03-27,3729000
2011-09-03,2013-03-28,2014-04-02,3721000
2011-09-03,2014-04-03,2015-04-01,3751000
2011-09-03,2015-04-02,9999-12-31,3759000
2011-09-10,2011-09-22,2011-09-28,3727000
2011-09-10,2011-09-29,2012-03-28,3749000
2011-09-10,2012-03-29,2013-03-27,3720000
2011-09-10,2013-03-28,2014-04-02,3715000
2011-09-10,2014-04-03,2015-04-01,3749000
2011-09-10,2015-04-02,2016-03-23,3762000
2011-09-10,2016-03-24,9999-12-31,3758000
2011-09-17,2011-09-29,2011-10-05,3729000
2011-09-17,2011-10-06,2012-03-28,3752000
2011-09-17,2012-03-29,2013-03-27,3725000
2011-09-17,2013-03-28,2014-04-02,3721000
2011-09-17,2014-04-03,2015-04-01,3730000
2011-09-17,2015-04-02,2016-03-23,3738000
2011-09-17,2016-03-24,9999-12-31,3747000
2011-09-24,2011-10-06,2011-10-12,3700000
2011-09-24,2011-10-13,2012-03-28,3725000
2011-09-24,2012-03-29,2013-03-27,3698000
2011-09-24,2013-03-28,2014-04-02,3686000
2011-09-24,2014-04-03,2015-04-01,3690000
2011-09-24,2015-04-02,2016-03-23,3703000
2011-09-24,2016-03-24,9999-12-31,3707000
2011-10-01,2011-10-13,2011-10-19,3670000
2011-10-01,2011-10-20,2011-10-26,3694000
2011-10-01,2011-10-27,2012-03-28,3693000
2011-10-01,2012-03-29,2013-03-27,3680000
2011-10-01,2013-03-28,2014-04-02,3671000
2011-10-01,2014-04-03,2015-04-01,3676000
2011-10-01,2015-04-02,2016-03-23,3693000
2011-10-01,2016-03-24,9999-12-31,3697000
2011-10-08,2011-10-20,2011-10-26,3719000
2011-10-08,2011-10-27,2011-11-02,3741000
2011-10-08,2011-11-03,2012-03-28,3739000
2011-10-08,2012-03-29,2013-03-27,3704000
2011-10-08,2013-03-28,2014-04-02,3700000
2011-10-08,2014-04-03,2016-03-23,3713000
2011-10-08,2016-03-24,9999-12-31,3731000
2011-10-15,2011-10-27,2011-11-02,3645000
2011-10-15,2011-11-03,2011-11-09,3698000
2011-10-15,2011-11-10,2012-03-28,3700000
2011-10-15,2012-03-29,2013-03-27,3678000
2011-10-15,2013-03-28,2014-04-02,3670000
2011-10-15,2014-04-03,2015-04-01,3683000
2011-10-15,2015-04-02,2016-03-23,3691000
2011-10-15,2016-03-24,9999-12-31,3704000
2011-10-22,2011-11-03,2011-11-09,3683000
2011-10-22,2011-11-10,2012-03-28,3707000
2011-10-22,2012-03-29,2013-03-27,3682000
2011-10-22,2013-03-28,2014-04-02,3678000
2011-10-22,2014-04-03,2015-04-01,3686000
2011-10-22,2015-04-02,2016-03-23,3690000
2011-10-22,2016-03-24,9999-12-31,3699000
2011-10-29,2011-11-10,2011-11-16,3615000
2011-10-29,2011-11-17,2012-03-28,3665000
2011-10-29,2012-03-29,2013-03-27,3644000
2011-10-29,2013-03-28,2014-04-02,3652000
2011-10-29,2014-04-03,2015-04-01,3665000
2011-10-29,2015-04-02,2016-03-23,3686000
2011-10-29,2016-03-24,9999-12-31,3677000
2011-11-05,2011-11-17,2011-11-22,3608000
2011-11-05,2011-11-23,2012-03-28,3623000
2011-11-05,2012-03-29,2013-03-27,3619000
2011-11-05,2013-03-28,2014-04-02,3578000
2011-11-05,2014-04-03,2015-04-01,3590000
2011-11-05,2015-04-02,2016-03-23,3644000
2011-11-05,2016-03-24,9999-12-31,3603000
2011-11-12,2011-11-23,2011-11-30,3691000
2011-11-12,2011-12-01,2011-12-07,3705000
2011-11-12,2011-12-08,2011-12-28,3706000
2011-11-12,2011-12-29,2012-03-28,3704000
2011-11-12,2012-03-29,2013-03-27,3676000
2011-11-12,2013-03-28,2014-04-02,3640000
2011-11-12,2014-04-03,2015-04-01,3656000
2011-11-12,2015-04-02,2016-03-23,3648000
2011-11-12,2016-03-24,9999-12-31,3676000
2011-11-19,2011-12-01,2011-12-07,3740000
2011-11-19,2011-12-08,2012-03-28,3757000
2011-11-19,2012-03-29,2013-03-27,3713000
2011-11-19,2013-03-28,2014-04-02,3696000
2011-11-19,2014-04-03,2015-04-01,3722000
2011-11-19,2015-04-02,2016-03-23,3683000
2011-11-19,2016-03-24,9999-12-31,3739000
2011-11-26,2011-12-08,2011-12-14,3583000
2011-11-26,2011-12-15,2013-03-27,3599000
2011-11-26,2013-03-28,2014-04-02,3595000
2011-11-26,2014-04-03,2015-04-01,3617000
2011-11-26,2015-04-02,2016-03-23,3599000
2011-11-26,2016-03-24,9999-12-31,3592000
2011-12-03,2011-12-15,2011-12-21,3603000
2011-12-03,2011-12-22,2011-12-28,3625000
2011-12-03,2011-12-29,2012-03-28,3628000
2011-12-03,2012-03-29,2013-03-27,3609000
2011-12-03,2013-03-28,2014-04-02,3606000
2011-12-03,2014-04-03,2015-04-01,3613000
2011-12-03,2015-04-02,2016-03-23,3591000
2011-12-03,2016-03-24,9999-12-31,3595000
2011-12-10,2011-12-22,2011-12-28,3546000
2011-12-10,2011-12-29,2012-01-18,3567000
2011-12-10,2012-01-19,2012-01-25,3568000
2011-12-10,2012-01-26,2012-03-28,3567000
2011-12-10,2012-03-29,2013-03-27,3575000
2011-12-10,2013-03-28,2014-04-02,3564000
2011-12-10,2014-04-03,2015-04-01,3557000
2011-12-10,2015-04-02,2016-03-23,3547000
2011-12-10,2016-03-24,9999-12-31,3543000
2011-12-17,2011-12-29,2012-01-04,3601000
2011-12-17,2012-01-05,2012-01-11,3617000
2011-12-17,2012-01-12,2012-01-18,3616000
2011-12-17,2012-01-19,2012-01-25,3617000
2011-12-17,2012-01-26,2012-03-28,3616000
2011-12-17,2012-03-29,2013-03-27,3595000
2011-12-17,2013-03-28,2015-04-01,3588000
2011-12-17,2015-04-02,2016-03-23,3585000
2011-12-17,2016-03-24,9999-12-31,3588000
2011-12-24,2012-01-05,2012-01-11,3595000
2011-12-24,2012-01-12,2012-03-28,3609000
2011-12-24,2012-03-29,2013-03-27,3606000
2011-12-24,2013-03-28,2014-04-02,3592000
2011-12-24,2014-04-03,2015-04-01,3603000
2011-12-24,2015-04-02,2016-03-23,3579000
2011-12-24,2016-03-24,9999-12-31,3575000
2011-12-31,2012-01-12,2012-01-18,3628000
2011-12-31,2012-01-19,2012-03-28,3647000
2011-12-31,2012-03-29,2013-03-27,3606000
2011-12-31,2013-03-28,2014-04-02,3621000
2011-12-31,2014-04-03,2015-04-01,3593000
2011-12-31,2015-04-02,2016-03-23,3569000
2011-12-31,2016-03-24,9999-12-31,3566000
2012-01-07,2012-01-19,2012-01-25,3432000
2012-01-07,2012-01-26,2012-02-01,3466000
2012-01-07,2012-02-02,2012-03-28,3459000
2012-01-07,2012-03-29,2013-03-27,3497000
2012-01-07,2013-03-28,2014-04-02,3500000
2012-01-07,2014-04-03,2015-04-01,3447000
2012-01-07,2015-04-02,2017-03-22,3419000
2012-01-07,2017-03-23,2017-03-23,3450000
2012-01-07,2017-03-24,9999-12-31,3421000
2012-01-14,2012-01-26,2012-02-01,3554000
2012-01-14,2012-02-02,2012-03-28,3567000
2012-01-14,2012-03-29,2014-04-02,3551000
2012-01-14,2014-04-03,2015-04-01,3536000
2012-01-14,2015-04-02,2016-03-23,3520000
2012-01-14,2016-03-24,2017-03-22,3511000
2012-01-14,2017-03-23,2017-03-23,3505000
2012-01-14,2017-03-24,9999-12-31,3511000
2012-01-21,2012-02-02,2012-02-08,3437000
2012-01-21,2012-02-09,2012-03-28,3451000
2012-01-21,2012-03-29,2013-03-27,3486000
2012-01-21,2013-03-28,2014-04-02,3463000
2012-01-21,2014-04-03,2015-04-01,3436000
2012-01-21,2015-04-02,2016-03-23,3416000
2012-01-21,2016-03-24,2017-03-22,3413000
2012-01-21,2017-03-23,2017-03-23,3439000
2012-01-21,2017-03-24,9999-12-31,3419000
2012-01-28,2012-02-09,2012-02-15,3515000
2012-01-28,2012-02-16,2012-03-28,3526000
2012-01-28,2012-03-29,2013-03-27,3517000
2012-01-28,2013-03-28,2014-04-02,3499000
2012-01-28,2014-04-03,2015-04-01,3481000
2012-01-28,2015-04-02,2016-03-23,3475000
2012-01-28,2016-03-24,2017-03-22,3469000
2012-01-28,2017-03-23,2017-03-23,3457000
2012-01-28,2017-03-24,9999-12-31,3454000
2012-02-04,2012-02-16,2012-02-22,3426000
2012-02-04,2012-02-23,2014-04-02,3444000
2012-02-04,2014-04-03,2015-04-01,3423000
2012-02-04,2015-04-02,2016-03-23,3406000
2012-02-04,2016-03-24,2017-03-22,3394000
2012-02-04,2017-03-23,2017-03-23,3421000
2012-02-04,2017-03-24,9999-12-31,3391000
2012-02-11,2012-02-23,2012-02-29,3392000
2012-02-11,2012-03-01,2012-03-28,3404000
2012-02-11,2012-03-29,2013-03-27,3410000
2012-02-11,2013-03-28,2014-04-02,3416000
2012-02-11,2014-04-03,2015-04-01,3402000
2012-02-11,2015-04-02,2016-03-23,3382000
2012-02-11,2016-03-24,2017-03-22,3367000
2012-02-11,2017-03-23,2017-03-23,3356000
2012-02-11,2017-03-24,9999-12-31,3362000
2012-02-18,2012-03-01,2012-03-07,3402000
2012-02-18,2012-03-08,2012-03-28,3406000
2012-02-18,2012-03-29,2013-03-27,3427000
2012-02-18,2013-03-28,2014-04-02,3433000
2012-02-18,2014-04-03,2015-04-01,3421000
2012-02-18,2015-04-02,2016-03-23,3400000
2012-02-18,2016-03-24,2017-03-22,3385000
2012-02-18,2017-03-23,2017-03-23,3415000
2012-02-18,2017-03-24,9999-12-31,3382000
2012-02-25,2012-03-08,2012-03-14,3416000
2012-02-25,2012-03-15,2012-03-28,3424000
2012-02-25,2012-03-29,2013-03-27,3436000
2012-02-25,2013-03-28,2014-04-02,3430000
2012-02-25,2014-04-03,2015-04-01,3424000
2012-02-25,2015-04-02,2016-03-23,3409000
2012-02-25,2016-03-24,2017-03-22,3392000
2012-02-25,2017-03-23,2017-03-23,3406000
2012-02-25,2017-03-24,9999-12-31,3392000
2012-03-03,2012-03-15,2012-03-21,3343000
2012-03-03,2012-03-22,2012-03-28,3361000
2012-03-03,2012-03-29,2013-03-27,3394000
2012-03-03,2013-03-28,2014-04-02,3406000
2012-03-03,2014-04-03,2015-04-01,3403000
2012-03-03,2015-04-02,2016-03-23,3391000
2012-03-03,2016-03-24,2017-03-22,3370000
2012-03-03,2017-03-23,2017-03-23,3391000
2012-03-03,2017-03-24,9999-12-31,3367000
2012-03-10,2012-03-22,2012-03-28,3352000
2012-03-10,2012-03-29,2012-04-04,3381000
2012-03-10,2012-04-05,2013-03-27,3383000
2012-03-10,2013-03-28,2014-04-02,3389000
2012-03-10,2014-04-03,2015-04-01,3383000
2012-03-10,2015-04-02,2016-03-23,3371000
2012-03-10,2016-03-24,2017-03-22,3353000
2012-03-10,2017-03-23,2017-03-23,3365000
2012-03-10,2017-03-24,9999-12-31,3353000
2012-03-17,2012-03-29,2012-04-04,3340000
2012-03-17,2012-04-05,2013-03-27,3354000
2012-03-17,2013-03-28,2014-04-02,3372000
2012-03-17,2014-04-03,2015-04-01,3366000
2012-03-17,2015-04-02,2016-03-23,3354000
2012-03-17,2016-03-24,2017-03-22,3339000
2012-03-17,2017-03-23,2017-03-23,3360000
2012-03-17,2017-03-24,9999-12-31,3342000
2012-03-24,2012-04-05,2012-04-11,3338000
2012-03-24,2012-04-12,2013-03-27,3349000
2012-03-24,2013-03-28,2014-04-02,3361000
2012-03-24,2014-04-03,2015-04-01,3349000
2012-03-24,2015-04-02,2016-03-23,3339000
2012-03-24,2016-03-24,2017-03-22,3336000
2012-03-24,2017-03-23,2017-03-23,3352000
2012-03-24,2017-03-24,9999-12-31,3336000
2012-03-31,2012-04-12,2012-04-18,3251000
2012-03-31,2012-04-19,2013-03-27,3271000
2012-03-31,2013-03-28,2014-04-02,3305000
2012-03-31,2014-04-03,2017-03-22,3289000
2012-03-31,2017-03-23,2017-03-23,3305000
2012-03-31,2017-03-24,9999-12-31,3286000
2012-04-07,2012-04-19,2012-04-25,3297000
2012-04-07,2012-04-26,2013-03-27,3312000
2012-04-07,2013-03-28,2014-04-02,3328000
2012-04-07,2014-04-03,2015-04-01,3322000
2012-04-07,2015-04-02,2016-03-23,3328000
2012-04-07,2016-03-24,2017-03-22,3325000
2012-04-07,2017-03-23,2017-03-23,3322000
2012-04-07,2017-03-24,9999-12-31,3325000
2012-04-14,2012-04-26,2012-05-02,3315000
2012-04-14,2012-05-03,2013-03-27,3329000
2012-04-14,2013-03-28,2014-04-02,3345000
2012-04-14,2014-04-03,2015-04-01,3348000
2012-04-14,2015-04-02,2017-03-22,3351000
2012-04-14,2017-03-23,2017-03-23,3365000
2012-04-14,2017-03-24,9999-12-31,3355000
2012-04-21,2012-05-03,2012-05-09,3276000
2012-04-21,2012-05-10,2012-12-12,3290000
2012-04-21,2012-12-13,2013-03-27,3289000
2012-04-21,2013-03-28,2015-04-01,3309000
2012-04-21,2015-04-02,2016-03-23,3303000
2012-04-21,2016-03-24,2017-03-22,3309000
2012-04-21,2017-03-23,9999-12-31,3316000
2012-04-28,2012-05-10,2012-05-16,3229000
2012-04-28,2012-05-17,2012-12-12,3247000
2012-04-28,2012-12-13,2013-03-27,3246000
2012-04-28,2013-03-28,2014-04-02,3276000
2012-04-28,2014-04-03,2015-04-01,3280000
2012-04-28,2015-04-02,2016-03-23,3286000
2012-04-28,2016-03-24,2017-03-22,3296000
2012-04-28,2017-03-23,2017-03-23,3307000
2012-04-28,2017-03-24,9999-12-31,3296000
2012-05-05,2012-05-17,2012-05-23,3265000
2012-05-05,2012-05-24,2012-05-30,3289000
2012-05-05,2012-05-31,2013-03-27,3288000
2012-05-05,2013-03-28,2014-04-02,3309000
2012-05-05,2014-04-03,2015-04-01,3312000
2012-05-05,2015-04-02,2016-03-23,3316000
2012-05-05,2016-03-24,9999-12-31,3326000
2012-05-12,2012-05-24,2012-05-30,3260000
2012-05-12,2012-05-31,2013-03-27,3278000
2012-05-12,2013-03-28,2014-04-02,3296000
2012-05-12,2014-04-03,2015-04-01,3320000
2012-05-12,2015-04-02,2016-03-23,3327000
2012-05-12,2016-03-24,2017-03-22,3338000
2012-05-12,2017-03-23,2017-03-23,3327000
2012-05-12,2017-03-24,9999-12-31,3334000
2012-05-19,2012-05-31,2012-06-06,3242000
2012-05-19,2012-06-07,2013-03-27,3259000
2012-05-19,2013-03-28,2014-04-02,3283000
2012-05-19,2014-04-03,2015-04-01,3280000
2012-05-19,2015-04-02,2016-03-23,3290000
2012-05-19,2016-03-24,2017-03-22,3305000
2012-05-19,2017-03-23,2017-03-23,3312000
2012-05-19,2017-03-24,9999-12-31,3301000
2012-05-26,2012-06-07,2012-06-13,3293000
2012-05-26,2012-06-14,2012-06-20,3311000
2012-05-26,2012-06-21,2013-03-27,3318000
2012-05-26,2013-03-28,2014-04-02,3325000
2012-05-26,2014-04-03,2015-04-01,3336000
2012-05-26,2015-04-02,2016-03-23,3347000
2012-05-26,2016-03-24,2017-03-22,3351000
2012-05-26,2017-03-23,2017-03-23,3332000
2012-05-26,2017-03-24,9999-12-31,3351000
2012-06-02,2012-06-14,2012-06-20,3278000
2012-06-02,2012-06-21,2013-03-27,3299000
2012-06-02,2013-03-28,2014-04-02,3310000
2012-06-02,2014-04-03,2015-04-01,3313000
2012-06-02,2015-04-02,2016-03-23,3320000
2012-06-02,2016-03-24,2017-03-22,3327000
2012-06-02,2017-03-23,2017-03-23,3320000
2012-06-02,2017-03-24,9999-12-31,3327000
2012-06-09,2012-06-21,2012-06-27,3299000
2012-06-09,2012-06-28,2012-07-04,3311000
2012-06-09,2012-07-05,2013-03-27,3310000
2012-06-09,2013-03-28,2014-04-02,3318000
2012-06-09,2014-04-03,2015-04-01,3325000
2012-06-09,2015-04-02,2016-03-23,3339000
2012-06-09,2016-03-24,2017-03-22,3343000
2012-06-09,2017-03-23,2017-03-23,3328000
2012-06-09,2017-03-24,9999-12-31,3343000
2012-06-16,2012-06-28,2012-07-04,3296000
2012-06-16,2012-07-05,2013-03-27,3302000
2012-06-16,2013-03-28,2015-04-01,3309000
2012-06-16,2015-04-02,2016-03-23,3320000
2012-06-16,2016-03-24,2017-03-23,3327000
2012-06-16,2017-03-24,9999-12-31,3323000
2012-06-23,2012-07-05,2012-07-11,3306000
2012-06-23,2012-07-12,2013-03-27,3318000
2012-06-23,2013-03-28,2014-04-02,3321000
2012-06-23,2014-04-03,2015-04-01,3328000
2012-06-23,2015-04-02,2016-03-23,3332000
2012-06-23,2016-03-24,2017-03-22,3325000
2012-06-23,2017-03-23,2017-03-23,3290000
2012-06-23,2017-03-24,9999-12-31,3325000
2012-06-30,2012-07-12,2012-07-18,3304000
2012-06-30,2012-07-19,2012-07-25,3313000
2012-06-30,2012-07-26,2013-03-27,3314000
2012-06-30,2013-03-28,2014-04-02,3311000
2012-06-30,2014-04-03,2015-04-01,3297000
2012-06-30,2015-04-02,2016-03-23,3307000
2012-06-30,2016-03-24,2017-03-22,3304000
2012-06-30,2017-03-23,2017-03-23,3286000
2012-06-30,2017-03-24,9999-12-31,3304000
2012-07-07,2012-07-19,2012-07-25,3314000
2012-07-07,2012-07-26,2014-04-02,3317000
2012-07-07,2014-04-03,2015-04-01,3288000
2012-07-07,2015-04-02,2016-03-23,3304000
2012-07-07,2016-03-24,2017-03-22,3314000
2012-07-07,2017-03-23,2017-03-23,3307000
2012-07-07,2017-03-24,9999-12-31,3314000
2012-07-14,2012-07-26,2012-08-01,3287000
2012-07-14,2012-08-02,2015-04-01,3291000
2012-07-14,2015-04-02,2016-03-23,3307000
2012-07-14,2016-03-24,2017-03-22,3310000
2012-07-14,2017-03-23,2017-03-23,3320000
2012-07-14,2017-03-24,9999-12-31,3307000
2012-07-21,2012-08-02,2012-08-08,3272000
2012-07-21,2012-08-09,2012-08-15,3279000
2012-07-21,2012-08-16,2013-03-27,3280000
2012-07-21,2013-03-28,2014-04-02,3286000
2012-07-21,2014-04-03,2015-04-01,3290000
2012-07-21,2015-04-02,2016-03-23,3293000
2012-07-21,2016-03-24,2017-03-22,3290000
2012-07-21,2017-03-23,2017-03-23,3300000
2012-07-21,2017-03-24,9999-12-31,3290000
2012-07-28,2012-08-09,2012-08-15,3332000
2012-07-28,2012-08-16,2013-03-27,3336000
2012-07-28,2013-03-28,2014-04-02,3323000
2012-07-28,2014-04-03,2015-04-01,3309000
2012-07-28,2015-04-02,2017-03-22,3319000
2012-07-28,2017-03-23,2017-03-23,3329000
2012-07-28,2017-03-24,9999-12-31,3312000
2012-08-04,2012-08-16,2012-08-22,3305000
2012-08-04,2012-08-23,2013-03-27,3313000
2012-08-04,2013-03-28,2015-04-01,3309000
2012-08-04,2015-04-02,2016-03-23,3313000
2012-08-04,2016-03-24,2017-03-22,3306000
2012-08-04,2017-03-23,2017-03-23,3319000
2012-08-04,2017-03-24,9999-12-31,3302000
2012-08-11,2012-08-23,2012-08-29,3317000
2012-08-11,2012-08-30,2012-09-05,3321000
2012-08-11,2012-09-06,2013-03-27,3320000
2012-08-11,2013-03-28,2014-04-02,3306000
2012-08-11,2014-04-03,2015-04-01,3292000
2012-08-11,2015-04-02,2017-03-22,3299000
2012-08-11,2017-03-23,2017-03-23,3309000
2012-08-11,2017-03-24,9999-12-31,3296000
2012-08-18,2012-08-30,2012-09-05,3316000
2012-08-18,2012-09-06,2012-09-12,3328000
2012-08-18,2012-09-13,2013-03-27,3331000
2012-08-18,2013-03-28,2014-04-02,3317000
2012-08-18,2014-04-03,2016-03-23,3313000
2012-08-18,2016-03-24,2017-03-22,3310000
2012-08-18,2017-03-23,2017-03-23,3334000
2012-08-18,2017-03-24,9999-12-31,3306000
2012-08-25,2012-09-06,2012-09-12,3322000
2012-08-25,2012-09-13,2013-03-27,3332000
2012-08-25,2013-03-28,2014-04-02,3314000
2012-08-25,2014-04-03,2015-04-01,3318000
2012-08-25,2015-04-02,2017-03-22,3325000
2012-08-25,2017-03-23,2017-03-23,3343000
2012-08-25,2017-03-24,9999-12-31,3321000
2012-09-01,2012-09-13,2012-09-19,3283000
2012-09-01,2012-09-20,2013-03-27,3304000
2012-09-01,2013-03-28,2014-04-02,3293000
2012-09-01,2014-04-03,2015-04-01,3330000
2012-09-01,2015-04-02,2017-03-22,3334000
2012-09-01,2017-03-23,2017-03-23,3346000
2012-09-01,2017-03-24,9999-12-31,3327000
2012-09-08,2012-09-20,2012-09-26,3272000
2012-09-08,2012-09-27,2013-03-27,3275000
2012-09-08,2013-03-28,2014-04-02,3268000
2012-09-08,2014-04-03,2015-04-01,3301000
2012-09-08,2015-04-02,2017-03-22,3316000
2012-09-08,2017-03-23,2017-03-23,3327000
2012-09-08,2017-03-24,9999-12-31,3312000
2012-09-15,2012-09-27,2012-10-03,3271000
2012-09-15,2012-10-04,2013-03-27,3281000
2012-09-15,2013-03-28,2014-04-02,3274000
2012-09-15,2014-04-03,2015-04-01,3300000
2012-09-15,2015-04-02,2016-03-23,3308000
2012-09-15,2016-03-24,2017-03-22,3312000
2012-09-15,2017-03-23,2017-03-23,3320000
2012-09-15,2017-03-24,9999-12-31,3316000
2012-09-22,2012-10-04,2012-10-10,3281000
2012-09-22,2012-10-11,2013-03-27,3288000
2012-09-22,2013-03-28,2014-04-02,3277000
2012-09-22,2014-04-03,2015-04-01,3278000
2012-09-22,2015-04-02,2016-03-23,3297000
2012-09-22,2016-03-24,2017-03-22,3301000
2012-09-22,2017-03-23,2017-03-23,3305000
2012-09-22,2017-03-24,9999-12-31,3308000
2012-09-29,2012-10-11,2012-10-17,3273000
2012-09-29,2012-10-18,2013-03-27,3281000
2012-09-29,2013-03-28,2014-04-02,3273000
2012-09-29,2014-04-03,2015-04-01,3282000
2012-09-29,2015-04-02,2016-03-23,3297000
2012-09-29,2016-03-24,2017-03-22,3305000
2012-09-29,2017-03-23,9999-12-31,3309000
2012-10-06,2012-10-18,2012-10-24,3252000
2012-10-06,2012-10-25,2012-10-31,3256000
2012-10-06,2012-11-01,2013-03-27,3263000
2012-10-06,2013-03-28,2014-04-02,3251000
2012-10-06,2014-04-03,2015-04-01,3264000
2012-10-06,2015-04-02,2016-03-23,3275000
2012-10-06,2016-03-24,2017-03-22,3291000
2012-10-06,2017-03-23,2017-03-23,3279000
2012-10-06,2017-03-24,9999-12-31,3295000
2012-10-13,2012-10-25,2012-10-31,3254000
2012-10-13,2012-11-01,2013-03-27,3259000
2012-10-13,2013-03-28,2014-04-02,3255000
2012-10-13,2014-04-03,2015-04-01,3271000
2012-10-13,2015-04-02,2016-03-23,3260000
2012-10-13,2016-03-24,2017-03-22,3298000
2012-10-13,2017-03-23,2017-03-23,3264000
2012-10-13,2017-03-24,9999-12-31,3302000
2012-10-20,2012-11-01,2012-11-07,3263000
2012-10-20,2012-11-08,2013-03-27,3262000
2012-10-20,2013-03-28,2014-04-02,3247000
2012-10-20,2014-04-03,2015-04-01,3259000
2012-10-20,2015-04-02,2016-03-23,3297000
2012-10-20,2016-03-24,2017-03-22,3278000
2012-10-20,2017-03-23,2017-03-23,3281000
2012-10-20,2017-03-24,9999-12-31,3285000
2012-10-27,2012-11-08,2012-11-14,3127000
2012-10-27,2012-11-15,2012-11-20,3163000
2012-10-27,2012-11-21,2013-03-27,3174000
2012-10-27,2013-03-28,2014-04-02,3189000
2012-10-27,2014-04-03,2015-04-01,3197000
2012-10-27,2015-04-02,2016-03-23,3212000
2012-10-27,2016-03-24,2017-03-22,3219000
2012-10-27,2017-03-23,2017-03-23,3190000
2012-10-27,2017-03-24,9999-12-31,3223000
2012-11-03,2012-11-15,2012-11-20,3334000
2012-11-03,2012-11-21,2013-03-27,3367000
2012-11-03,2013-03-28,2014-04-02,3322000
2012-11-03,2014-04-03,2015-04-01,3349000
2012-11-03,2015-04-02,2016-03-23,3297000
2012-11-03,2016-03-24,2017-03-22,3357000
2012-11-03,2017-03-23,2017-03-23,3361000
2012-11-03,2017-03-24,9999-12-31,3368000
2012-11-10,2012-11-21,2012-11-28,3337000
2012-11-10,2012-11-29,2012-12-05,3357000
2012-11-10,2012-12-06,2013-03-27,3359000
2012-11-10,2013-03-28,2014-04-02,3325000
2012-11-10,2014-04-03,2015-04-01,3329000
2012-11-10,2015-04-02,2016-03-23,3337000
2012-11-10,2016-03-24,2017-03-22,3360000
2012-11-10,2017-03-23,2017-03-23,3210000
2012-11-10,2017-03-24,9999-12-31,3364000
2012-11-17,2012-11-29,2012-12-05,3287000
2012-11-17,2012-12-06,2013-03-27,3305000
2012-11-17,2013-03-28,2014-04-02,3271000
2012-11-17,2014-04-03,2015-04-01,3310000
2012-11-17,2015-04-02,2016-03-23,3373000
2012-11-17,2016-03-24,2017-03-22,3321000
2012-11-17,2017-03-23,2017-03-23,3349000
2012-11-17,2017-03-24,9999-12-31,3325000
2012-11-24,2012-12-06,2012-12-12,3205000
2012-11-24,2012-12-13,2012-12-19,3221000
2012-11-24,2012-12-20,2013-03-27,3219000
2012-11-24,2013-03-28,2014-04-02,3216000
2012-11-24,2014-04-03,2015-04-01,3248000
2012-11-24,2015-04-02,2016-03-23,3232000
2012-11-24,2016-03-24,2017-03-22,3245000
2012-11-24,2017-03-23,2017-03-23,3223000
2012-11-24,2017-03-24,9999-12-31,3248000
2012-12-01,2012-12-13,2012-12-19,3198000
2012-12-01,2012-12-20,2013-03-27,3213000
2012-12-01,2013-03-28,2014-04-02,3210000
2012-12-01,2014-04-03,2015-04-01,3224000
2012-12-01,2015-04-02,2017-03-22,3182000
2012-12-01,2017-03-23,2017-03-23,3224000
2012-12-01,2017-03-24,9999-12-31,3195000
2012-12-08,2012-12-20,2012-12-26,3225000
2012-12-08,2012-12-27,2013-03-27,3238000
2012-12-08,2013-03-28,2014-04-02,3225000
2012-12-08,2014-04-03,2015-04-01,3226000
2012-12-08,2015-04-02,2016-03-23,3233000
2012-12-08,2016-03-24,2017-03-22,3226000
2012-12-08,2017-03-23,2017-03-23,3169000
2012-12-08,2017-03-24,9999-12-31,3229000
2012-12-15,2012-12-27,2013-01-02,3206000
2012-12-15,2013-01-03,2013-01-09,3201000
2012-12-15,2013-01-10,2013-03-27,3206000
2012-12-15,2013-03-28,2014-04-02,3200000
2012-12-15,2014-04-03,2015-04-01,3188000
2012-12-15,2015-04-02,2016-03-23,3170000
2012-12-15,2016-03-24,2017-03-22,3179000
2012-12-15,2017-03-23,2017-03-23,3232000
2012-12-15,2017-03-24,9999-12-31,3179000
2012-12-22,2013-01-03,2013-01-09,3245000
2012-12-22,2013-01-10,2013-03-27,3236000
2012-12-22,2013-03-28,2014-04-02,3220000
2012-12-22,2014-04-03,2015-04-01,3237000
2012-12-22,2015-04-02,2016-03-23,3230000
2012-12-22,2016-03-24,2017-03-22,3227000
2012-12-22,2017-03-23,2017-03-23,3108000
2012-12-22,2017-03-24,9999-12-31,3221000
2012-12-29,2013-01-10,2013-01-16,3109000
2012-12-29,2013-01-17,2013-01-23,3127000
2012-12-29,2013-01-24,2013-03-27,3169000
2012-12-29,2013-03-28,2014-04-02,3183000
2012-12-29,2014-04-03,2015-04-01,3170000
2012-12-29,2015-04-02,2016-03-23,3135000
2012-12-29,2016-03-24,2017-03-22,3130000
2012-12-29,2017-03-23,2017-03-23,3197000
2012-12-29,2017-03-24,9999-12-31,3127000
2013-01-05,2013-01-17,2013-01-23,3214000
2013-01-05,2013-01-24,2013-03-27,3228000
2013-01-05,2013-03-28,2014-04-02,3248000
2013-01-05,2014-04-03,2015-04-01,3184000
2013-01-05,2015-04-02,2016-03-23,3163000
2013-01-05,2016-03-24,2017-03-22,3158000
2013-01-05,2017-03-23,2017-03-23,3218000
2013-01-05,2017-03-24,2018-03-28,3160000
2013-01-05,2018-03-29,9999-12-31,3147000
2013-01-12,2013-01-24,2013-01-30,3157000
2013-01-12,2013-01-31,2013-03-27,3175000
2013-01-12,2013-03-28,2014-04-02,3166000
2013-01-12,2014-04-03,2015-04-01,3137000
2013-01-12,2015-04-02,2016-03-23,3113000
2013-01-12,2016-03-24,2017-03-22,3110000
2013-01-12,2017-03-23,2017-03-23,3199000
2013-01-12,2017-03-24,9999-12-31,3108000
2013-01-19,2013-01-31,2013-02-06,3197000
2013-01-19,2013-02-07,2013-03-27,3216000
2013-01-19,2013-03-28,2014-04-02,3207000
2013-01-19,2014-04-03,2015-04-01,3173000
2013-01-19,2015-04-02,2016-03-23,3154000
2013-01-19,2016-03-24,2017-03-22,3146000
2013-01-19,2017-03-23,2017-03-23,3087000
2013-01-19,2017-03-24,2018-03-28,3146000
2013-01-19,2018-03-29,9999-12-31,3138000
2013-01-26,2013-02-07,2013-02-13,3224000
2013-01-26,2013-02-14,2013-03-27,3244000
2013-01-26,2013-03-28,2014-04-02,3219000
2013-01-26,2014-04-03,2015-04-01,3180000
2013-01-26,2015-04-02,2016-03-23,3178000
2013-01-26,2016-03-24,2017-03-22,3169000
2013-01-26,2017-03-23,2017-03-23,3164000
2013-01-26,2017-03-24,2018-03-28,3148000
2013-01-26,2018-03-29,9999-12-31,3138000
2013-02-02,2013-02-14,2013-02-20,3114000
2013-02-02,2013-02-21,2013-03-27,3137000
2013-02-02,2013-03-28,2014-04-02,3140000
2013-02-02,2014-04-03,2015-04-01,3119000
2013-02-02,2015-04-02,2016-03-23,3093000
2013-02-02,2016-03-24,2017-03-22,3080000
2013-02-02,2017-03-23,2017-03-23,3119000
2013-02-02,2017-03-24,2018-03-28,3080000
2013-02-02,2018-03-29,9999-12-31,3075000
2013-02-09,2013-02-21,2013-02-27,3148000
2013-02-09,2013-02-28,2013-03-27,3165000
2013-02-09,2013-03-28,2014-04-02,3163000
2013-02-09,2014-04-03,2015-04-01,3139000
2013-02-09,2015-04-02,2016-03-23,3118000
2013-02-09,2016-03-24,2017-03-22,3097000
2013-02-09,2017-03-23,2017-03-23,3076000
2013-02-09,2017-03-24,2018-03-28,3089000
2013-02-09,2018-03-29,9999-12-31,3081000
2013-02-16,2013-02-28,2013-03-06,3074000
2013-02-16,2013-03-07,2013-03-27,3091000
2013-02-16,2013-03-28,2014-04-02,3102000
2013-02-16,2014-04-03,2015-04-01,3090000
2013-02-16,2015-04-02,2016-03-23,3057000
2013-02-16,2016-03-24,2017-03-22,3042000
2013-02-16,2017-03-23,2017-03-23,3079000
2013-02-16,2017-03-24,2018-03-28,3039000
2013-02-16,2018-03-29,9999-12-31,3036000
2013-02-23,2013-03-07,2013-03-13,3094000
2013-02-23,2013-03-14,2013-03-27,3113000
2013-02-23,2013-03-28,2014-04-02,3105000
2013-02-23,2014-04-03,2015-04-01,3090000
2013-02-23,2015-04-02,2016-03-23,3072000
2013-02-23,2016-03-24,2017-03-22,3051000
2013-02-23,2017-03-23,2017-03-23,3066000
2013-02-23,2017-03-24,2018-03-28,3048000
2013-02-23,2018-03-29,9999-12-31,3043000
2013-03-02,2013-03-14,2013-03-20,3024000
2013-03-02,2013-03-21,2013-03-27,3048000
2013-03-02,2013-03-28,2014-04-02,3058000
2013-03-02,2014-04-03,2015-04-01,3056000
2013-03-02,2015-04-02,2016-03-23,3042000
2013-03-02,2016-03-24,2017-03-22,3016000
2013-03-02,2017-03-23,2017-03-23,3050000
2013-03-02,2017-03-24,2018-03-28,3016000
2013-03-02,2018-03-29,9999-12-31,3011000
2013-03-09,2013-03-21,2013-03-27,3053000
2013-03-09,2013-03-28,2014-04-02,3077000
2013-03-09,2014-04-03,2015-04-01,3064000
2013-03-09,2015-04-02,2016-03-23,3040000
2013-03-09,2016-03-24,2017-03-22,3021000
2013-03-09,2017-03-23,2017-03-23,3035000
2013-03-09,2017-03-24,2018-03-28,3021000
2013-03-09,2018-03-29,9999-12-31,3024000
2013-03-16,2013-03-28,2013-04-03,3050000
2013-03-16,2013-04-04,2013-04-10,3071000
2013-03-16,2013-04-11,2014-04-02,3070000
2013-03-16,2014-04-03,2015-04-01,3063000
2013-03-16,2015-04-02,2016-03-23,3058000
2013-03-16,2016-03-24,2017-03-22,3030000
2013-03-16,2017-03-23,2017-03-23,3063000
2013-03-16,2017-03-24,2018-03-28,3033000
2013-03-16,2018-03-29,9999-12-31,3028000
2013-03-23,2013-04-04,2013-04-10,3063000
2013-03-23,2013-04-11,2014-04-02,3091000
2013-03-23,2014-04-03,2015-04-01,3074000
2013-03-23,2015-04-02,2016-03-23,3051000
2013-03-23,2016-03-24,2017-03-22,3049000
2013-03-23,2017-03-23,2017-03-23,3068000
2013-03-23,2017-03-24,2018-03-28,3051000
2013-03-23,2018-03-29,9999-12-31,3046000
2013-03-30,2013-04-11,2013-04-17,3079000
2013-03-30,2013-04-18,2014-04-02,3103000
2013-03-30,2014-04-03,2015-04-01,3089000
2013-03-30,2015-04-02,2016-03-23,3091000
2013-03-30,2016-03-24,2017-03-22,3086000
2013-03-30,2017-03-23,2017-03-23,3115000
2013-03-30,2017-03-24,2018-03-28,3083000
2013-03-30,2018-03-29,9999-12-31,3080000
2013-04-06,2013-04-18,2013-04-24,3068000
2013-04-06,2013-04-25,2014-04-02,3093000
2013-04-06,2014-04-03,2015-04-01,3076000
2013-04-06,2015-04-02,2017-03-22,3073000
2013-04-06,2017-03-23,2017-03-23,3082000
2013-04-06,2017-03-24,9999-12-31,3076000
2013-04-13,2013-04-25,2013-05-01,3000000
2013-04-13,2013-05-02,2014-04-02,3007000
2013-04-13,2014-04-03,2015-04-01,3012000
2013-04-13,2015-04-02,2016-03-23,3021000
2013-04-13,2016-03-24,2017-03-22,3015000
2013-04-13,2017-03-23,2017-03-23,3030000
2013-04-13,2017-03-24,2018-03-28,3021000
2013-04-13,2018-03-29,9999-12-31,3024000
2013-04-20,2013-05-02,2013-05-08,3019000
2013-04-20,2013-05-09,2014-04-02,3032000
2013-04-20,2014-04-03,2015-04-01,3024000
2013-04-20,2015-04-02,2016-03-23,3012000
2013-04-20,2016-03-24,2017-03-22,3021000
2013-04-20,2017-03-23,2017-03-23,3036000
2013-04-20,2017-03-24,9999-12-31,3027000
2013-04-27,2013-05-09,2013-05-15,3005000
2013-04-27,2013-05-16,2014-04-02,3013000
2013-04-27,2014-04-03,2015-04-01,3011000
2013-04-27,2015-04-02,2016-03-23,3021000
2013-04-27,2016-03-24,2017-03-22,3030000
2013-04-27,2017-03-23,2017-03-23,3042000
2013-04-27,2017-03-24,2018-03-28,3036000
2013-04-27,2018-03-29,9999-12-31,3039000
2013-05-04,2013-05-16,2013-05-22,3009000
2013-05-04,2013-05-23,2014-04-02,3024000
2013-05-04,2014-04-03,2015-04-01,3017000
2013-05-04,2015-04-02,2016-03-23,3020000
2013-05-04,2016-03-24,2017-03-22,3029000
2013-05-04,2017-03-23,2017-03-23,3045000
2013-05-04,2017-03-24,2018-03-28,3029000
2013-05-04,2018-03-29,9999-12-31,3042000
2013-05-11,2013-05-23,2013-05-29,2912000
2013-05-11,2013-05-30,2014-04-02,2923000
2013-05-11,2014-04-03,2015-04-01,2943000
2013-05-11,2015-04-02,2016-03-23,2953000
2013-05-11,2016-03-24,2017-03-22,2968000
2013-05-11,2017-03-23,2017-03-23,2959000
2013-05-11,2017-03-24,2018-03-28,2965000
2013-05-11,2018-03-29,9999-12-31,2975000
2013-05-18,2013-05-30,2013-06-05,2986000
2013-05-18,2013-06-06,2013-06-12,3004000
2013-05-18,2013-06-13,2014-04-02,3002000
2013-05-18,2014-04-03,2015-04-01,2994000
2013-05-18,2015-04-02,2016-03-23,3004000
2013-05-18,2016-03-24,2017-03-22,3010000
2013-05-18,2017-03-23,2017-03-23,3023000
2013-05-18,2017-03-24,2018-03-28,3010000
2013-05-18,2018-03-29,9999-12-31,3020000
2013-05-25,2013-06-06,2013-06-12,2952000
2013-05-25,2013-06-13,2014-04-02,2971000
2013-05-25,2014-04-03,2015-04-01,2979000
2013-05-25,2015-04-02,2016-03-23,2995000
2013-05-25,2016-03-24,2017-03-22,3008000
2013-05-25,2017-03-23,2017-03-23,2992000
2013-05-25,2017-03-24,2018-03-28,3005000
2013-05-25,2018-03-29,9999-12-31,3012000
2013-06-01,2013-06-13,2013-06-19,2973000
2013-06-01,2013-06-20,2014-04-02,2991000
2013-06-01,2014-04-03,2015-04-01,2980000
2013-06-01,2015-04-02,2016-03-23,2986000
2013-06-01,2016-03-24,2017-03-23,2983000
2013-06-01,2017-03-24,2018-03-28,2989000
2013-06-01,2018-03-29,9999-12-31,2999000
2013-06-08,2013-06-20,2013-06-26,2951000
2013-06-08,2013-06-27,2014-04-02,2966000
2013-06-08,2014-04-03,2015-04-01,2975000
2013-06-08,2015-04-02,2016-03-23,2997000
2013-06-08,2016-03-24,2017-03-22,3007000
2013-06-08,2017-03-23,2017-03-23,2988000
2013-06-08,2017-03-24,9999-12-31,3004000
2013-06-15,2013-06-27,2013-07-02,2965000
2013-06-15,2013-07-03,2014-04-02,2987000
2013-06-15,2014-04-03,2015-04-01,2977000
2013-06-15,2015-04-02,2016-03-23,2987000
2013-06-15,2016-03-24,2017-03-22,2990000
2013-06-15,2017-03-23,2017-03-23,2993000
2013-06-15,2017-03-24,2018-03-28,2990000
2013-06-15,2018-03-29,9999-12-31,2996000
2013-06-22,2013-07-03,2013-07-10,2933000
2013-06-22,2013-07-11,2014-04-02,2953000
2013-06-22,2014-04-03,2015-04-01,2959000
2013-06-22,2015-04-02,2016-03-23,2971000
2013-06-22,2016-03-24,2017-03-22,2965000
2013-06-22,2017-03-23,2017-03-23,2937000
2013-06-22,2017-03-24,9999-12-31,2962000
2013-06-29,2013-07-11,2013-07-17,2977000
2013-06-29,2013-07-18,2013-07-24,3023000
2013-06-29,2013-07-25,2014-04-02,3027000
2013-06-29,2014-04-03,2015-04-01,3003000
2013-06-29,2015-04-02,2016-03-23,3010000
2013-06-29,2016-03-24,2017-03-22,3000000
2013-06-29,2017-03-23,2017-03-23,2981000
2013-06-29,2017-03-24,9999-12-31,3003000
2013-07-06,2013-07-18,2013-07-24,3114000
2013-07-06,2013-07-25,2013-07-31,3116000
2013-07-06,2013-08-01,2014-04-02,3123000
2013-07-06,2014-04-03,2015-04-01,3079000
2013-07-06,2015-04-02,2016-03-23,3104000
2013-07-06,2016-03-24,2017-03-22,3116000
2013-07-06,2017-03-23,2017-03-23,3104000
2013-07-06,2017-03-24,9999-12-31,3113000
2013-07-13,2013-07-25,2013-07-31,2997000
2013-07-13,2013-08-01,2014-04-02,3003000
2013-07-13,2014-04-03,2015-04-01,2991000
2013-07-13,2015-04-02,2016-03-23,3008000
2013-07-13,2016-03-24,2017-03-22,3014000
2013-07-13,2017-03-23,2017-03-23,3023000
2013-07-13,2017-03-24,9999-12-31,3011000
2013-07-20,2013-08-01,2014-04-02,2951000
2013-07-20,2014-04-03,2015-04-01,2950000
2013-07-20,2015-04-02,2016-03-23,2953000
2013-07-20,2016-03-24,2017-03-22,2950000
2013-07-20,2017-03-23,2017-03-23,2959000
2013-07-20,2017-03-24,9999-12-31,2947000
2013-07-27,2013-08-08,2013-08-14,3018000
2013-07-27,2013-08-15,2014-04-02,3023000
2013-07-27,2014-04-03,2015-04-01,3001000
2013-07-27,2015-04-02,2017-03-22,3016000
2013-07-27,2017-03-23,2017-03-23,3022000
2013-07-27,2017-03-24,9999-12-31,3010000
2013-08-03,2013-08-15,2013-08-21,2969000
2013-08-03,2013-08-22,2014-04-02,2970000
2013-08-03,2014-04-03,2015-04-01,2963000
2013-08-03,2015-04-02,2016-03-23,2960000
2013-08-03,2016-03-24,2017-03-22,2954000
2013-08-03,2017-03-23,2017-03-23,2966000
2013-08-03,2017-03-24,2018-03-28,2948000
2013-08-03,2018-03-29,9999-12-31,2944000
2013-08-10,2013-08-22,2013-08-28,2999000
2013-08-10,2013-08-29,2014-04-02,3003000
2013-08-10,2014-04-03,2015-04-01,2981000
2013-08-10,2015-04-02,2016-03-23,2993000
2013-08-10,2016-03-24,2017-03-22,2996000
2013-08-10,2017-03-23,2017-03-23,2993000
2013-08-10,2017-03-24,2018-03-28,2990000
2013-08-10,2018-03-29,9999-12-31,2987000
2013-08-17,2013-08-29,2013-09-04,2989000
2013-08-17,2013-09-05,2014-04-02,2994000
2013-08-17,2014-04-03,2015-04-01,2981000
2013-08-17,2015-04-02,2016-03-23,2978000
2013-08-17,2016-03-24,2017-03-22,2972000
2013-08-17,2017-03-23,2017-03-23,2994000
2013-08-17,2017-03-24,9999-12-31,2968000
2013-08-24,2013-09-05,2013-09-11,2951000
2013-08-24,2013-09-12,2014-04-02,2944000
2013-08-24,2014-04-03,2015-04-01,2928000
2013-08-24,2015-04-02,2017-03-22,2943000
2013-08-24,2017-03-23,2017-03-23,2950000
2013-08-24,2017-03-24,2018-03-28,2937000
2013-08-24,2018-03-29,9999-12-31,2934000
2013-08-31,2013-09-12,2013-09-18,2871000
2013-08-31,2013-09-19,2014-04-02,2815000
2013-08-31,2014-04-03,2015-04-01,2845000
2013-08-31,2015-04-02,2016-03-23,2849000
2013-08-31,2016-03-24,2017-03-22,2845000
2013-08-31,2017-03-23,2017-03-23,2858000
2013-08-31,2017-03-24,9999-12-31,2839000
2013-09-07,2013-09-19,2013-09-25,2787000
2013-09-07,2013-09-26,2014-04-02,2788000
2013-09-07,2014-04-03,2015-04-01,2812000
2013-09-07,2015-04-02,2016-03-23,2828000
2013-09-07,2016-03-24,2017-03-23,2831000
2013-09-07,2017-03-24,2018-03-28,2828000
2013-09-07,2018-03-29,9999-12-31,2822000
2013-09-14,2013-09-26,2013-10-02,2823000
2013-09-14,2013-10-03,2014-04-02,2821000
2013-09-14,2014-04-03,2015-04-01,2847000
2013-09-14,2015-04-02,2017-03-22,2860000
2013-09-14,2017-03-23,9999-12-31,2863000
2013-09-21,2013-10-03,2013-10-09,2925000
2013-09-21,2013-10-10,2014-04-02,2921000
2013-09-21,2014-04-03,2015-04-01,2916000
2013-09-21,2015-04-02,2016-03-23,2937000
2013-09-21,2016-03-24,2017-03-22,2947000
2013-09-21,2017-03-23,2017-03-23,2940000
2013-09-21,2017-03-24,2018-03-28,2950000
2013-09-21,2018-03-29,9999-12-31,2954000
2013-09-28,2013-10-10,2013-10-16,2905000
2013-09-28,2013-10-17,2014-04-02,2902000
2013-09-28,2014-04-03,2015-04-01,2910000
2013-09-28,2015-04-02,2016-03-23,2927000
2013-09-28,2016-03-24,2017-03-23,2937000
2013-09-28,2017-03-24,9999-12-31,2944000
2013-10-05,2013-10-17,2013-10-23,2859000
2013-10-05,2013-10-24,2014-04-02,2882000
2013-10-05,2014-04-03,2015-04-01,2888000
2013-10-05,2015-04-02,2016-03-23,2905000
2013-10-05,2016-03-24,2017-03-22,2922000
2013-10-05,2017-03-23,2017-03-23,2912000
2013-10-05,2017-03-24,2018-03-28,2926000
2013-10-05,2018-03-29,9999-12-31,2929000
2013-10-12,2013-10-24,2013-10-30,2874000
2013-10-12,2013-10-31,2014-04-02,2850000
2013-10-12,2014-04-03,2015-04-01,2881000
2013-10-12,2015-04-02,2016-03-23,2918000
2013-10-12,2016-03-24,2017-03-22,2915000
2013-10-12,2017-03-23,2017-03-23,2888000
2013-10-12,2017-03-24,2018-03-28,2922000
2013-10-12,2018-03-29,9999-12-31,2925000
2013-10-19,2013-10-31,2013-11-06,2881000
2013-10-19,2013-11-07,2013-11-13,2864000
2013-10-19,2013-11-14,2014-04-02,2867000
2013-10-19,2014-04-03,2015-04-01,2896000
2013-10-19,2015-04-02,2016-03-23,2893000
2013-10-19,2016-03-24,2017-03-22,2923000
2013-10-19,2017-03-23,2017-03-23,2916000
2013-10-19,2017-03-24,2018-03-28,2930000
2013-10-19,2018-03-29,9999-12-31,2933000
2013-10-26,2013-11-07,2013-11-13,2868000
2013-10-26,2013-11-14,2014-04-02,2874000
2013-10-26,2014-04-03,2015-04-01,2890000
2013-10-26,2015-04-02,2016-03-23,2900000
2013-10-26,2016-03-24,2017-03-22,2921000
2013-10-26,2017-03-23,2017-03-23,2904000
2013-10-26,2017-03-24,2018-03-28,2924000
2013-10-26,2018-03-29,9999-12-31,2927000
2013-11-02,2013-11-14,2013-11-20,2874000
2013-11-02,2013-11-21,2014-04-02,2810000
2013-11-02,2014-04-03,2015-04-01,2843000
2013-11-02,2015-04-02,2016-03-23,2827000
2013-11-02,2016-03-24,2017-03-22,2856000
2013-11-02,2017-03-23,2017-03-23,2843000
2013-11-02,2017-03-24,2018-03-28,2866000
2013-11-02,2018-03-29,9999-12-31,2873000
2013-11-09,2013-11-21,2013-11-26,2876000
2013-11-09,2013-11-27,2014-04-02,2867000
2013-11-09,2014-04-03,2015-04-01,2889000
2013-11-09,2015-04-02,2016-03-23,2902000
2013-11-09,2016-03-24,2017-03-22,2925000
2013-11-09,2017-03-23,2017-03-23,2915000
2013-11-09,2017-03-24,2018-03-28,2932000
2013-11-09,2018-03-29,9999-12-31,2925000
2013-11-16,2013-11-27,2013-12-04,2776000
2013-11-16,2013-12-05,2014-04-02,2765000
2013-11-16,2014-04-03,2015-04-01,2813000
2013-11-16,2015-04-02,2017-03-22,2834000
2013-11-16,2017-03-23,2017-03-23,3149000
2013-11-16,2017-03-24,2018-03-28,2834000
2013-11-16,2018-03-29,9999-12-31,2837000
2013-11-23,2013-12-05,2013-12-11,2744000
2013-11-23,2013-12-12,2013-12-18,2751000
2013-11-23,2013-12-19,2014-04-02,2757000
2013-11-23,2014-04-03,2015-04-01,2804000
2013-11-23,2015-04-02,2016-03-23,2820000
2013-11-23,2016-03-24,2017-03-22,2813000
2013-11-23,2017-03-23,2017-03-23,2453000
2013-11-23,2017-03-24,2018-03-28,2817000
2013-11-23,2018-03-29,9999-12-31,2813000
2013-11-30,2013-12-12,2013-12-18,2791000
2013-11-30,2013-12-19,2014-04-02,2790000
2013-11-30,2014-04-03,2015-04-01,2837000
2013-11-30,2015-04-02,2016-03-23,2808000
2013-11-30,2016-03-24,2017-03-22,2792000
2013-11-30,2017-03-23,2017-03-23,2977000
2013-11-30,2017-03-24,2018-03-28,2805000
2013-11-30,2018-03-29,9999-12-31,2808000
2013-12-07,2013-12-19,2013-12-25,2884000
2013-12-07,2013-12-26,2014-04-02,2877000
2013-12-07,2014-04-03,2015-04-01,2887000
2013-12-07,2015-04-02,2016-03-23,2898000
2013-12-07,2016-03-24,2017-03-22,2895000
2013-12-07,2017-03-23,2017-03-23,2864000
2013-12-07,2017-03-24,2018-03-28,2895000
2013-12-07,2018-03-29,9999-12-31,2892000
2013-12-14,2013-12-26,2014-01-01,2923000
2013-12-14,2014-01-02,2014-01-08,2931000
2013-12-14,2014-01-09,2014-04-02,2932000
2013-12-14,2014-04-03,2015-04-01,2925000
2013-12-14,2015-04-02,2016-03-23,2897000
2013-12-14,2016-03-24,2017-03-22,2906000
2013-12-14,2017-03-23,2017-03-23,2934000
2013-12-14,2017-03-24,2018-03-28,2909000
2013-12-14,2018-03-29,9999-12-31,2903000
2013-12-21,2014-01-02,2014-01-08,2833000
2013-12-21,2014-01-09,2014-01-15,2815000
2013-12-21,2014-01-16,2014-04-02,2817000
2013-12-21,2014-04-03,2015-04-01,2840000
2013-12-21,2015-04-02,2016-03-23,2849000
2013-12-21,2016-03-24,2017-03-22,2846000
2013-12-21,2017-03-23,2017-03-23,2804000
2013-12-21,2017-03-24,9999-12-31,2832000
2013-12-28,2014-01-09,2014-01-15,2865000
2013-12-28,2014-01-16,2014-01-22,2856000
2013-12-28,2014-01-23,2014-04-02,2861000
2013-12-28,2014-04-03,2015-04-01,2863000
2013-12-28,2015-04-02,2016-03-23,2814000
2013-12-28,2016-03-24,2017-03-22,2812000
2013-12-28,2017-03-23,2017-03-23,2767000
2013-12-28,2017-03-24,9999-12-31,2807000
2014-01-04,2014-01-16,2014-01-22,3030000
2014-01-04,2014-01-23,2014-04-02,3022000
2014-01-04,2014-04-03,2015-04-01,2945000
2014-01-04,2015-04-02,2016-03-23,2929000
2014-01-04,2016-03-24,2017-03-22,2919000
2014-01-04,2017-03-23,2017-03-23,2948000
2014-01-04,2017-03-24,2018-03-28,2919000
2014-01-04,2018-03-29,9999-12-31,2903000
2014-01-11,2014-01-23,2014-01-29,3056000
2014-01-11,2014-01-30,2014-04-02,3007000
2014-01-11,2014-04-03,2015-04-01,2951000
2014-01-11,2015-04-02,2017-03-22,2916000
2014-01-11,2017-03-23,2017-03-23,2926000
2014-01-11,2017-03-24,2018-03-28,2911000
2014-01-11,2018-03-29,9999-12-31,2907000
2014-01-18,2014-01-30,2014-02-05,2991000
2014-01-18,2014-02-06,2014-02-19,2949000
2014-01-18,2014-02-20,2014-04-02,2948000
2014-01-18,2014-04-03,2015-04-01,2903000
2014-01-18,2015-04-02,2016-03-23,2883000
2014-01-18,2016-03-24,2017-03-22,2871000
2014-01-18,2017-03-23,2017-03-23,2891000
2014-01-18,2017-03-24,2018-03-28,2868000
2014-01-18,2018-03-29,2019-03-27,2859000
2014-01-18,2019-03-28,9999-12-31,2847000
2014-01-25,2014-02-06,2014-02-12,2964000
2014-01-25,2014-02-13,2014-02-19,2971000
2014-01-25,2014-02-20,2014-04-02,2966000
2014-01-25,2014-04-03,2015-04-01,2915000
2014-01-25,2015-04-02,2016-03-23,2900000
2014-01-25,2016-03-24,2017-03-22,2893000
2014-01-25,2017-03-23,2017-03-23,2903000
2014-01-25,2017-03-24,2018-03-28,2874000
2014-01-25,2018-03-29,2019-03-27,2859000
2014-01-25,2019-03-28,9999-12-31,2850000
2014-02-01,2014-02-13,2014-02-19,2953000
2014-02-01,2014-02-20,2014-02-26,2944000
2014-02-01,2014-02-27,2014-04-02,2933000
2014-02-01,2014-04-03,2015-04-01,2918000
2014-02-01,2015-04-02,2016-03-23,2888000
2014-02-01,2016-03-24,2017-03-22,2874000
2014-02-01,2017-03-23,2017-03-23,2893000
2014-02-01,2017-03-24,2018-03-28,2874000
2014-02-01,2018-03-29,2019-03-27,2867000
2014-02-01,2019-03-28,9999-12-31,2852000
2014-02-08,2014-02-20,2014-02-26,2981000
2014-02-08,2014-02-27,2014-04-02,2956000
2014-02-08,2014-04-03,2015-04-01,2936000
2014-02-08,2015-04-02,2016-03-23,2911000
2014-02-08,2016-03-24,2017-03-23,2884000
2014-02-08,2017-03-24,2018-03-28,2876000
2014-02-08,2018-03-29,2019-03-27,2864000
2014-02-08,2019-03-28,9999-12-31,2859000
2014-02-15,2014-02-27,2014-03-05,2964000
2014-02-15,2014-03-06,2014-03-12,2915000
2014-02-15,2014-03-13,2014-04-02,2949000
2014-02-15,2014-04-03,2015-04-01,2941000
2014-02-15,2015-04-02,2016-03-23,2898000
2014-02-15,2016-03-24,2017-03-22,2880000
2014-02-15,2017-03-23,2017-03-23,2900000
2014-02-15,2017-03-24,2018-03-28,2878000
2014-02-15,2018-03-29,2019-03-27,2873000
2014-02-15,2019-03-28,9999-12-31,2861000
2014-02-22,2014-03-06,2014-03-12,2907000
2014-02-22,2014-03-13,2014-04-02,2903000
2014-02-22,2014-04-03,2015-04-01,2890000
2014-02-22,2015-04-02,2016-03-23,2868000
2014-02-22,2016-03-24,2017-03-22,2842000
2014-02-22,2017-03-23,2017-03-23,2856000
2014-02-22,2017-03-24,2018-03-28,2839000
2014-02-22,2018-03-29,2019-03-27,2827000
2014-02-22,2019-03-28,9999-12-31,2823000
2014-03-01,2014-03-13,2014-03-19,2855000
2014-03-01,2014-03-20,2014-04-02,2848000
2014-03-01,2014-04-03,2015-04-01,2850000
2014-03-01,2015-04-02,2016-03-23,2836000
2014-03-01,2016-03-24,2017-03-22,2804000
2014-03-01,2017-03-23,2017-03-23,2828000
2014-03-01,2017-03-24,2018-03-28,2804000
2014-03-01,2018-03-29,2019-03-27,2797000
2014-03-01,2019-03-28,9999-12-31,2787000
2014-03-08,2014-03-20,2014-03-26,2889000
2014-03-08,2014-03-27,2014-04-02,2876000
2014-03-08,2014-04-03,2015-04-01,2869000
2014-03-08,2015-04-02,2016-03-23,2841000
2014-03-08,2016-03-24,2017-03-22,2819000
2014-03-08,2017-03-23,2017-03-23,2829000
2014-03-08,2017-03-24,2018-03-28,2816000
2014-03-08,2018-03-29,2019-03-27,2819000
2014-03-08,2019-03-28,9999-12-31,2816000
2014-03-15,2014-03-27,2014-04-02,2823000
2014-03-15,2014-04-03,2015-04-01,2814000
2014-03-15,2015-04-02,2016-03-23,2807000
2014-03-15,2016-03-24,2017-03-22,2774000
2014-03-15,2017-03-23,2017-03-23,2797000
2014-03-15,2017-03-24,2018-03-28,2777000
2014-03-15,2018-03-29,2019-03-27,2774000
2014-03-15,2019-03-28,9999-12-31,2764000
2014-03-22,2014-04-03,2014-04-09,2836000
2014-03-22,2014-04-10,2015-04-01,2838000
2014-03-22,2015-04-02,2017-03-22,2807000
2014-03-22,2017-03-23,2017-03-23,2817000
2014-03-22,2017-03-24,2018-03-28,2810000
2014-03-22,2018-03-29,2019-03-27,2802000
2014-03-22,2019-03-28,9999-12-31,2800000
2014-03-29,2014-04-10,2014-04-16,2776000
2014-03-29,2014-04-17,2015-04-01,2750000
2014-03-29,2015-04-02,2016-03-23,2755000
2014-03-29,2016-03-24,2017-03-22,2747000
2014-03-29,2017-03-23,2017-03-23,2763000
2014-03-29,2017-03-24,2018-03-28,2745000
2014-03-29,2018-03-29,2019-03-27,2739000
2014-03-29,2019-03-28,9999-12-31,2729000
2014-04-05,2014-04-17,2014-04-23,2739000
2014-04-05,2014-04-24,2015-04-01,2741000
2014-04-05,2015-04-02,2016-03-23,2733000
2014-04-05,2016-03-24,2017-03-22,2738000
2014-04-05,2017-03-23,2017-03-23,2744000
2014-04-05,2017-03-24,2019-03-27,2741000
2014-04-05,2019-03-28,9999-12-31,2730000
2014-04-12,2014-04-24,2014-04-30,2680000
2014-04-12,2014-05-01,2015-04-01,2674000
2014-04-12,2015-04-02,2016-03-23,2690000
2014-04-12,2016-03-24,2017-03-22,2677000
2014-04-12,2017-03-23,2018-03-28,2685000
2014-04-12,2018-03-29,2019-03-27,2688000
2014-04-12,2019-03-28,9999-12-31,2680000
2014-04-19,2014-05-01,2014-05-07,2771000
2014-04-19,2014-05-08,2015-04-01,2761000
2014-04-19,2015-04-02,2016-03-23,2745000
2014-04-19,2016-03-24,2017-03-22,2755000
2014-04-19,2017-03-23,2017-03-23,2767000
2014-04-19,2017-03-24,2019-03-27,2764000
2014-04-19,2019-03-28,9999-12-31,2767000
2014-04-26,2014-05-08,2014-05-14,2685000
2014-04-26,2014-05-15,2015-04-01,2676000
2014-04-26,2015-04-02,2016-03-23,2685000
2014-04-26,2016-03-24,2017-03-22,2698000
2014-04-26,2017-03-23,2017-03-23,2701000
2014-04-26,2017-03-24,2018-03-28,2704000
2014-04-26,2018-03-29,2019-03-27,2709000
2014-04-26,2019-03-28,9999-12-31,2707000
2014-05-03,2014-05-15,2014-05-21,2667000
2014-05-03,2014-05-22,2015-04-01,2666000
2014-05-03,2015-04-02,2016-03-23,2671000
2014-05-03,2016-03-24,2017-03-22,2683000
2014-05-03,2017-03-23,2017-03-23,2688000
2014-05-03,2017-03-24,2018-03-28,2680000
2014-05-03,2018-03-29,2019-03-27,2694000
2014-05-03,2019-03-28,9999-12-31,2702000
2014-05-10,2014-05-22,2014-05-28,2653000
2014-05-10,2014-05-29,2015-04-01,2648000
2014-05-10,2015-04-02,2016-03-23,2659000
2014-05-10,2016-03-24,2017-03-22,2676000
2014-05-10,2017-03-23,2017-03-23,2674000
2014-05-10,2017-03-24,2018-03-28,2679000
2014-05-10,2018-03-29,2019-03-27,2688000
2014-05-10,2019-03-28,9999-12-31,2691000
2014-05-17,2014-05-29,2014-06-04,2631000
2014-05-17,2014-06-05,2015-04-01,2623000
2014-05-17,2015-04-02,2016-03-23,2631000
2014-05-17,2016-03-24,2017-03-23,2640000
2014-05-17,2017-03-24,2018-03-28,2637000
2014-05-17,2018-03-29,2019-03-27,2648000
2014-05-17,2019-03-28,9999-12-31,2657000
2014-05-24,2014-06-05,2015-04-01,2603000
2014-05-24,2015-04-02,2016-03-23,2620000
2014-05-24,2016-03-24,2017-03-22,2643000
2014-05-24,2017-03-23,2017-03-23,2634000
2014-05-24,2017-03-24,2018-03-28,2640000
2014-05-24,2018-03-29,9999-12-31,2646000
2014-05-31,2014-06-12,2014-06-18,2614000
2014-05-31,2014-06-19,2015-04-01,2615000
2014-05-31,2015-04-02,2016-03-23,2618000
2014-05-31,2016-03-24,2017-03-22,2612000
2014-05-31,2017-03-23,2017-03-23,2609000
2014-05-31,2017-03-24,2018-03-28,2624000
2014-05-31,2018-03-29,2019-03-27,2632000
2014-05-31,2019-03-28,9999-12-31,2641000
2014-06-07,2014-06-19,2014-06-25,2561000
2014-06-07,2014-06-26,2015-04-01,2559000
2014-06-07,2015-04-02,2016-03-23,2586000
2014-06-07,2016-03-24,2017-03-22,2603000
2014-06-07,2017-03-23,2017-03-23,2589000
2014-06-07,2017-03-24,2019-03-27,2595000
2014-06-07,2019-03-28,9999-12-31,2598000
2014-06-14,2014-06-26,2014-07-02,2571000
2014-06-14,2014-07-03,2015-04-01,2568000
2014-06-14,2015-04-02,2017-03-23,2576000
2014-06-14,2017-03-24,2018-03-28,2579000
2014-06-14,2018-03-29,2019-03-27,2587000
2014-06-14,2019-03-28,9999-12-31,2595000
2014-06-21,2014-07-03,2014-07-09,2579000
2014-06-21,2014-07-10,2014-07-23,2574000
2014-06-21,2014-07-24,2015-04-01,2575000
2014-06-21,2015-04-02,2017-03-22,2591000
2014-06-21,2017-03-23,2017-03-23,2575000
2014-06-21,2017-03-24,2018-03-28,2586000
2014-06-21,2018-03-29,9999-12-31,2583000
2014-06-28,2014-07-10,2014-07-23,2584000
2014-06-28,2014-07-24,2015-04-01,2586000
2014-06-28,2015-04-02,2016-03-23,2584000
2014-06-28,2016-03-24,2017-03-22,2571000
2014-06-28,2017-03-23,2017-03-23,2560000
2014-06-28,2017-03-24,2019-03-27,2576000
2014-06-28,2019-03-28,9999-12-31,2579000
2014-07-05,2014-07-24,2015-04-01,2508000
2014-07-05,2015-04-02,2016-03-23,2530000
2014-07-05,2016-03-24,2017-03-22,2545000
2014-07-05,2017-03-23,2017-03-23,2533000
2014-07-05,2017-03-24,9999-12-31,2540000
2014-07-12,2014-07-24,2014-07-30,2500000
2014-07-12,2014-07-31,2015-04-01,2508000
2014-07-12,2015-04-02,2016-03-23,2525000
2014-07-12,2016-03-24,2017-03-22,2533000
2014-07-12,2017-03-23,2017-03-23,2535000
2014-07-12,2017-03-24,2018-03-28,2533000
2014-07-12,2018-03-29,2019-03-27,2530000
2014-07-12,2019-03-28,9999-12-31,2528000
2014-07-19,2014-07-31,2014-08-06,2539000
2014-07-19,2014-08-07,2015-04-01,2542000
2014-07-19,2015-04-02,2016-03-23,2547000
2014-07-19,2016-03-24,2017-03-22,2542000
2014-07-19,2017-03-23,2017-03-23,2550000
2014-07-19,2017-03-24,2018-03-28,2542000
2014-07-19,2018-03-29,2019-03-27,2539000
2014-07-19,2019-03-28,9999-12-31,2542000
2014-07-26,2014-08-07,2014-08-13,2518000
2014-07-26,2014-08-14,2015-04-01,2519000
2014-07-26,2015-04-02,2016-03-23,2532000
2014-07-26,2016-03-24,2017-03-23,2535000
2014-07-26,2017-03-24,2018-03-28,2529000
2014-07-26,2018-03-29,2019-03-27,2527000
2014-07-26,2019-03-28,9999-12-31,2524000
2014-08-02,2014-08-14,2014-08-20,2544000
2014-08-02,2014-08-21,2015-04-01,2549000
2014-08-02,2015-04-02,2016-03-23,2546000
2014-08-02,2016-03-24,2017-03-22,2536000
2014-08-02,2017-03-23,2017-03-23,2549000
2014-08-02,2017-03-24,9999-12-31,2530000
2014-08-09,2014-08-21,2014-08-27,2500000
2014-08-09,2014-08-28,2015-04-01,2502000
2014-08-09,2015-04-02,2016-03-23,2518000
2014-08-09,2016-03-24,2017-03-22,2521000
2014-08-09,2017-03-23,2017-03-23,2516000
2014-08-09,2017-03-24,2018-03-28,2510000
2014-08-09,2018-03-29,9999-12-31,2508000
2014-08-16,2014-08-28,2014-09-03,2527000
2014-08-16,2014-09-04,2016-03-23,2528000
2014-08-16,2016-03-24,2017-03-22,2520000
2014-08-16,2017-03-23,2017-03-23,2533000
2014-08-16,2017-03-24,2019-03-27,2514000
2014-08-16,2019-03-28,9999-12-31,2517000
2014-08-23,2014-09-04,2014-09-10,2464000
2014-08-23,2014-09-11,2015-04-01,2478000
2014-08-23,2015-04-02,2017-03-22,2491000
2014-08-23,2017-03-23,2017-03-23,2494000
2014-08-23,2017-03-24,9999-12-31,2483000
2014-08-30,2014-09-11,2014-09-17,2487000
2014-08-30,2014-09-18,2014-09-24,2319238
2014-08-30,2014-09-25,2015-04-01,2492000
2014-08-30,2015-04-02,2016-03-23,2500000
2014-08-30,2016-03-24,2017-03-22,2492000
2014-08-30,2017-03-23,2017-03-23,2506000
2014-08-30,2017-03-24,2018-03-28,2484000
2014-08-30,2018-03-29,9999-12-31,2486000
2014-09-06,2014-09-18,2014-09-24,2514250
2014-09-06,2014-09-25,2015-04-01,2432000
2014-09-06,2015-04-02,2016-03-23,2452000
2014-09-06,2016-03-24,2017-03-22,2458000
2014-09-06,2017-03-23,2017-03-23,2455000
2014-09-06,2017-03-24,2018-03-28,2452000
2014-09-06,2018-03-29,2019-03-27,2444000
2014-09-06,2019-03-28,9999-12-31,2452000
2014-09-13,2014-09-25,2014-10-01,2439000
2014-09-13,2014-10-02,2014-10-08,2443000
2014-09-13,2014-10-09,2015-04-01,2442000
2014-09-13,2015-04-02,2016-03-23,2460000
2014-09-13,2016-03-24,2017-03-22,2457000
2014-09-13,2017-03-23,2017-03-23,2463000
2014-09-13,2017-03-24,2019-03-27,2457000
2014-09-13,2019-03-28,9999-12-31,2465000
2014-09-20,2014-10-02,2014-10-08,2398000
2014-09-20,2014-10-09,2015-04-01,2402000
2014-09-20,2015-04-02,2016-03-23,2421000
2014-09-20,2016-03-24,2017-03-22,2433000
2014-09-20,2017-03-23,2017-03-23,2427000
2014-09-20,2017-03-24,2018-03-28,2438000
2014-09-20,2018-03-29,2019-03-27,2441000
2014-09-20,2019-03-28,9999-12-31,2447000
2014-09-27,2014-10-09,2014-10-15,2381000
2014-09-27,2014-10-16,2015-04-01,2382000
2014-09-27,2015-04-02,2016-03-23,2404000
2014-09-27,2016-03-24,2017-03-23,2410000
2014-09-27,2017-03-24,2018-03-28,2416000
2014-09-27,2018-03-29,2019-03-27,2419000
2014-09-27,2019-03-28,9999-12-31,2427000
2014-10-04,2014-10-16,2015-04-01,2389000
2014-10-04,2015-04-02,2016-03-23,2409000
2014-10-04,2016-03-24,2017-03-22,2427000
2014-10-04,2017-03-23,2017-03-23,2421000
2014-10-04,2017-03-24,2018-03-28,2432000
2014-10-04,2018-03-29,2019-03-27,2435000
2014-10-04,2019-03-28,9999-12-31,2441000
2014-10-11,2014-10-23,2014-10-29,2351000
2014-10-11,2014-10-30,2015-04-01,2355000
2014-10-11,2015-04-02,2016-03-23,2383000
2014-10-11,2016-03-24,2017-03-22,2392000
2014-10-11,2017-03-23,2017-03-23,2372000
2014-10-11,2017-03-24,2018-03-28,2398000
2014-10-11,2018-03-29,2019-03-27,2400000
2014-10-11,2019-03-28,9999-12-31,2409000
2014-10-18,2014-10-30,2014-11-05,2384000
2014-10-18,2014-11-06,2015-04-01,2387000
2014-10-18,2015-04-02,2016-03-23,2395000
2014-10-18,2016-03-24,2017-03-22,2417000
2014-10-18,2017-03-23,2017-03-23,2409000
2014-10-18,2017-03-24,2018-03-28,2426000
2014-10-18,2018-03-29,2019-03-27,2428000
2014-10-18,2019-03-28,9999-12-31,2437000
2014-10-25,2014-11-06,2014-11-12,2348000
2014-10-25,2014-11-13,2015-04-01,2356000
2014-10-25,2015-04-02,2016-03-23,2365000
2014-10-25,2016-03-24,2017-03-22,2387000
2014-10-25,2017-03-23,2017-03-23,2378000
2014-10-25,2017-03-24,2018-03-28,2395000
2014-10-25,2018-03-29,2019-03-27,2398000
2014-10-25,2019-03-28,9999-12-31,2406000
2014-11-01,2014-11-13,2014-11-19,2392000
2014-11-01,2014-11-20,2015-04-01,2403000
2014-11-01,2015-04-02,2016-03-23,2408000
2014-11-01,2016-03-24,2017-03-22,2419000
2014-11-01,2017-03-23,2017-03-23,2408000
2014-11-01,2017-03-24,2018-03-28,2427000
2014-11-01,2018-03-29,2019-03-27,2433000
2014-11-01,2019-03-28,9999-12-31,2436000
2014-11-08,2014-11-20,2014-11-25,2330000
2014-11-08,2014-11-26,2015-04-01,2333000
2014-11-08,2015-04-02,2016-03-23,2352000
2014-11-08,2016-03-24,2017-03-22,2368000
2014-11-08,2017-03-23,2017-03-23,2365000
2014-11-08,2017-03-24,2019-03-27,2382000
2014-11-08,2019-03-28,9999-12-31,2384000
2014-11-15,2014-11-26,2014-12-03,2316000
2014-11-15,2014-12-04,2015-04-01,2323000
2014-11-15,2015-04-02,2016-03-23,2339000
2014-11-15,2016-03-24,2017-03-22,2349000
2014-11-15,2017-03-23,2017-03-23,2312000
2014-11-15,2017-03-24,2018-03-28,2349000
2014-11-15,2018-03-29,2019-03-27,2346000
2014-11-15,2019-03-28,9999-12-31,2351000
2014-11-22,2014-12-04,2014-12-10,2362000
2014-11-22,2014-12-11,2015-04-01,2372000
2014-11-22,2015-04-02,2016-03-23,2383000
2014-11-22,2016-03-24,2017-03-22,2397000
2014-11-22,2017-03-23,2017-03-23,2359000
2014-11-22,2017-03-24,2018-03-28,2397000
2014-11-22,2018-03-29,2019-03-27,2391000
2014-11-22,2019-03-28,9999-12-31,2389000
2014-11-29,2014-12-11,2014-12-17,2514000
2014-11-29,2014-12-18,2015-04-01,2520000
2014-11-29,2015-04-02,2016-03-23,2469000
2014-11-29,2016-03-24,2017-03-22,2462000
2014-11-29,2017-03-23,2017-03-23,2365000
2014-11-29,2017-03-24,2018-03-28,2479000
2014-11-29,2018-03-29,2019-03-27,2481000
2014-11-29,2019-03-28,9999-12-31,2484000
2014-12-06,2014-12-18,2014-12-23,2373000
2014-12-06,2014-12-24,2015-04-01,2378000
2014-12-06,2015-04-02,2016-03-23,2388000
2014-12-06,2016-03-24,2017-03-22,2386000
2014-12-06,2017-03-23,2017-03-23,2366000
2014-12-06,2017-03-24,2018-03-28,2388000
2014-12-06,2018-03-29,2019-03-27,2383000
2014-12-06,2019-03-28,9999-12-31,2381000
2014-12-13,2014-12-24,2014-12-30,2403000
2014-12-13,2014-12-31,2015-01-07,2406000
2014-12-13,2015-01-08,2015-04-01,2407000
2014-12-13,2015-04-02,2016-03-23,2377000
2014-12-13,2016-03-24,2017-03-22,2383000
2014-12-13,2017-03-23,2017-03-23,2397000
2014-12-13,2017-03-24,2018-03-28,2388000
2014-12-13,2018-03-29,2019-03-27,2381000
2014-12-13,2019-03-28,9999-12-31,2379000
2014-12-20,2014-12-31,2015-01-07,2353000
2014-12-20,2015-01-08,2015-01-14,2351000
2014-12-20,2015-01-15,2015-04-01,2352000
2014-12-20,2015-04-02,2017-03-22,2366000
2014-12-20,2017-03-23,2017-03-23,2345000
2014-12-20,2017-03-24,2018-03-28,2350000
2014-12-20,2018-03-29,2019-03-27,2345000
2014-12-20,2019-03-28,9999-12-31,2338000
2014-12-27,2015-01-08,2015-01-14,2452000
2014-12-27,2015-01-15,2015-01-21,2475000
2014-12-27,2015-01-22,2015-04-01,2485000
2014-12-27,2015-04-02,2016-03-23,2431000
2014-12-27,2016-03-24,2017-03-22,2429000
2014-12-27,2017-03-23,2017-03-23,2383000
2014-12-27,2017-03-24,2018-03-28,2424000
2014-12-27,2018-03-29,2019-03-27,2429000
2014-12-27,2019-03-28,9999-12-31,2422000
2015-01-03,2015-01-15,2015-01-21,2424000
2015-01-03,2015-01-22,2015-04-01,2428000
2015-01-03,2015-04-02,2016-03-23,2415000
2015-01-03,2016-03-24,2017-03-22,2402000
2015-01-03,2017-03-23,2017-03-23,2417000
2015-01-03,2017-03-24,2018-03-28,2400000
2015-01-03,2018-03-29,2019-03-27,2387000
2015-01-03,2019-03-28,9999-12-31,2381000
2015-01-10,2015-01-22,2015-01-28,2443000
2015-01-10,2015-01-29,2015-02-04,2456000
2015-01-10,2015-02-05,2015-04-01,2463000
2015-01-10,2015-04-02,2016-03-23,2418000
2015-01-10,2016-03-24,2017-03-22,2420000
2015-01-10,2017-03-23,2017-03-23,2435000
2015-01-10,2017-03-24,2018-03-28,2418000
2015-01-10,2018-03-29,2019-03-27,2410000
2015-01-10,2019-03-28,2020-03-18,2404000
2015-01-10,2020-03-19,9999-12-31,2400000
2015-01-17,2015-01-29,2015-02-04,2385000
2015-01-17,2015-02-05,2015-04-01,2394000
2015-01-17,2015-04-02,2016-03-23,2376000
2015-01-17,2016-03-24,2017-03-22,2360000
2015-01-17,2017-03-23,2017-03-23,2370000
2015-01-17,2017-03-24,2018-03-28,2356000
2015-01-17,2018-03-29,2019-03-27,2346000
2015-01-17,2019-03-28,9999-12-31,2336000
2015-01-24,2015-02-05,2015-02-11,2400000
2015-01-24,2015-02-12,2015-02-18,2405000
2015-01-24,2015-02-19,2015-04-01,2406000
2015-01-24,2015-04-02,2016-03-23,2386000
2015-01-24,2016-03-24,2017-03-22,2378000
2015-01-24,2017-03-23,2017-03-23,2390000
2015-01-24,2017-03-24,2018-03-28,2366000
2015-01-24,2018-03-29,2019-03-27,2350000
2015-01-24,2019-03-28,2020-03-18,2337000
2015-01-24,2020-03-19,9999-12-31,2335000
2015-01-31,2015-02-12,2015-02-18,2354000
2015-01-31,2015-02-19,2015-04-01,2367000
2015-01-31,2015-04-02,2016-03-23,2346000
2015-01-31,2016-03-24,2017-03-22,2328000
2015-01-31,2017-03-23,2017-03-23,2336000
2015-01-31,2017-03-24,2018-03-28,2326000
2015-01-31,2018-03-29,2019-03-27,2320000
2015-01-31,2019-03-28,2020-03-18,2307000
2015-01-31,2020-03-19,9999-12-31,2297000
2015-02-07,2015-02-19,2015-02-25,2425000
2015-02-07,2015-02-26,2015-04-01,2422000
2015-02-07,2015-04-02,2016-03-23,2402000
2015-02-07,2016-03-24,2017-03-22,2377000
2015-02-07,2017-03-23,2017-03-23,2375000
2015-02-07,2017-03-24,2018-03-28,2367000
2015-02-07,2018-03-29,2019-03-27,2355000
2015-02-07,2019-03-28,2020-03-18,2346000
2015-02-07,2020-03-19,9999-12-31,2344000
2015-02-14,2015-02-26,2015-03-04,2401000
2015-02-14,2015-03-05,2015-04-01,2404000
2015-02-14,2015-04-02,2016-03-23,2369000
2015-02-14,2016-03-24,2017-03-22,2347000
2015-02-14,2017-03-23,2017-03-23,2355000
2015-02-14,2017-03-24,2018-03-28,2343000
2015-02-14,2018-03-29,2019-03-27,2341000
2015-02-14,2019-03-28,2020-03-18,2329000
2015-02-14,2020-03-19,9999-12-31,2319000
2015-02-21,2015-03-05,2015-03-11,2421000
2015-02-21,2015-03-12,2015-04-01,2423000
2015-02-21,2015-04-02,2016-03-23,2405000
2015-02-21,2016-03-24,2017-03-22,2375000
2015-02-21,2017-03-23,2017-03-23,2387000
2015-02-21,2017-03-24,2018-03-28,2371000
2015-02-21,2018-03-29,2019-03-27,2359000
2015-02-21,2019-03-28,2020-03-18,2347000
2015-02-21,2020-03-19,9999-12-31,2341000
2015-02-28,2015-03-12,2015-03-18,2418000
2015-02-28,2015-03-19,2015-04-01,2428000
2015-02-28,2015-04-02,2016-03-23,2414000
2015-02-28,2016-03-24,2017-03-22,2381000
2015-02-28,2017-03-23,2017-03-23,2399000
2015-02-28,2017-03-24,2018-03-28,2381000
2015-02-28,2018-03-29,2019-03-27,2375000
2015-02-28,2019-03-28,2020-03-18,2365000
2015-02-28,2020-03-19,9999-12-31,2357000
2015-03-07,2015-03-19,2015-03-25,2417000
2015-03-07,2015-03-26,2015-04-01,2422000
2015-03-07,2015-04-02,2016-03-23,2399000
2015-03-07,2016-03-24,2017-03-22,2372000
2015-03-07,2017-03-23,2017-03-23,2380000
2015-03-07,2017-03-24,2018-03-28,2370000
2015-03-07,2018-03-29,2019-03-27,2372000
2015-03-07,2019-03-28,2020-03-18,2365000
2015-03-07,2020-03-19,9999-12-31,2361000
2015-03-14,2015-03-26,2015-04-01,2416000
2015-03-14,2015-04-02,2016-03-23,2413000
2015-03-14,2016-03-24,2017-03-22,2377000
2015-03-14,2017-03-23,2017-03-23,2396000
2015-03-14,2017-03-24,2018-03-28,2381000
2015-03-14,2018-03-29,2019-03-27,2379000
2015-03-14,2019-03-28,2020-03-18,2371000
2015-03-14,2020-03-19,9999-12-31,2361000
2015-03-21,2015-04-02,2015-04-08,2325000
2015-03-21,2015-04-09,2016-03-23,2327000
2015-03-21,2016-03-24,2017-03-22,2320000
2015-03-21,2017-03-23,2017-03-23,2329000
2015-03-21,2017-03-24,2018-03-28,2325000
2015-03-21,2018-03-29,2019-03-27,2314000
2015-03-21,2019-03-28,2020-03-18,2310000
2015-03-21,2020-03-19,9999-12-31,2306000
2015-03-28,2015-04-09,2015-04-15,2304000
2015-03-28,2015-04-16,2016-03-23,2308000
2015-03-28,2016-03-24,2017-03-22,2297000
2015-03-28,2017-03-23,2017-03-23,2312000
2015-03-28,2017-03-24,2018-03-28,2295000
2015-03-28,2018-03-29,2019-03-27,2289000
2015-03-28,2019-03-28,2020-03-18,2282000
2015-03-28,2020-03-19,9999-12-31,2278000
2015-04-04,2015-04-16,2015-04-22,2268000
2015-04-04,2015-04-23,2016-03-23,2275000
2015-04-04,2016-03-24,2017-03-22,2282000
2015-04-04,2017-03-23,2017-03-23,2286000
2015-04-04,2017-03-24,2018-03-28,2284000
2015-04-04,2018-03-29,2019-03-27,2282000
2015-04-04,2019-03-28,2020-03-18,2271000
2015-04-04,2020-03-19,9999-12-31,2273000
2015-04-11,2015-04-23,2015-04-29,2325000
2015-04-11,2015-04-30,2016-03-23,2327000
2015-04-11,2016-03-24,2017-03-22,2314000
2015-04-11,2017-03-23,2017-03-23,2320000
2015-04-11,2017-03-24,2018-03-28,2323000
2015-04-11,2018-03-29,2019-03-27,2327000
2015-04-11,2019-03-28,2020-03-18,2316000
2015-04-11,2020-03-19,9999-12-31,2320000
2015-04-18,2015-04-30,2015-05-06,2253000
2015-04-18,2015-05-07,2016-03-23,2256000
2015-04-18,2016-03-24,2017-03-22,2265000
2015-04-18,2017-03-23,2017-03-23,2272000
2015-04-18,2017-03-24,2020-03-18,2274000
2015-04-18,2020-03-19,9999-12-31,2279000
2015-04-25,2015-05-07,2015-05-13,2228000
2015-04-25,2015-05-14,2016-03-23,2229000
2015-04-25,2016-03-24,2017-03-22,2242000
2015-04-25,2017-03-23,2017-03-23,2247000
2015-04-25,2017-03-24,2018-03-28,2249000
2015-04-25,2018-03-29,2019-03-27,2256000
2015-04-25,2019-03-28,9999-12-31,2254000
2015-05-02,2015-05-14,2015-05-20,2229000
2015-05-02,2015-05-21,2016-03-23,2223000
2015-05-02,2016-03-24,2017-03-22,2237000
2015-05-02,2017-03-23,2017-03-23,2242000
2015-05-02,2017-03-24,2018-03-28,2235000
2015-05-02,2018-03-29,2019-03-27,2249000
2015-05-02,2019-03-28,2020-03-18,2256000
2015-05-02,2020-03-19,9999-12-31,2261000
2015-05-09,2015-05-21,2015-06-03,2211000
2015-05-09,2015-06-04,2016-03-23,2212000
2015-05-09,2016-03-24,2017-03-22,2233000
2015-05-09,2017-03-23,2017-03-23,2231000
2015-05-09,2017-03-24,2018-03-28,2233000
2015-05-09,2018-03-29,2019-03-27,2245000
2015-05-09,2019-03-28,9999-12-31,2253000
2015-05-16,2015-05-28,2015-06-03,2222000
2015-05-16,2015-06-04,2016-03-23,2226000
2015-05-16,2016-03-24,2017-03-22,2233000
2015-05-16,2017-03-23,2017-03-23,2236000
2015-05-16,2017-03-24,2018-03-28,2233000
2015-05-16,2018-03-29,2019-03-27,2245000
2015-05-16,2019-03-28,2020-03-18,2253000
2015-05-16,2020-03-19,9999-12-31,2258000
2015-05-23,2015-06-04,2015-06-10,2196000
2015-05-23,2015-06-11,2016-03-23,2204000
2015-05-23,2016-03-24,2017-03-22,2231000
2015-05-23,2017-03-23,2017-03-23,2228000
2015-05-23,2017-03-24,2018-03-28,2226000
2015-05-23,2018-03-29,2019-03-27,2233000
2015-05-23,2019-03-28,9999-12-31,2236000
2015-05-30,2015-06-11,2015-06-17,2265000
2015-05-30,2015-06-18,2016-03-23,2272000
2015-05-30,2016-03-24,2017-03-22,2265000
2015-05-30,2017-03-23,2017-03-23,2260000
2015-05-30,2017-03-24,2018-03-28,2277000
2015-05-30,2018-03-29,2019-03-27,2287000
2015-05-30,2019-03-28,2020-03-18,2297000
2015-05-30,2020-03-19,9999-12-31,2294000
2015-06-06,2015-06-18,2015-06-24,2222000
2015-06-06,2015-06-25,2016-03-23,2225000
2015-06-06,2016-03-24,2017-03-22,2247000
2015-06-06,2017-03-23,2017-03-23,2242000
2015-06-06,2017-03-24,2018-03-28,2237000
2015-06-06,2018-03-29,2019-03-27,2242000
2015-06-06,2019-03-28,2020-03-18,2247000
2015-06-06,2020-03-19,9999-12-31,2250000
2015-06-13,2015-06-25,2015-07-01,2247000
2015-06-13,2015-07-02,2016-03-23,2249000
2015-06-13,2016-03-24,2017-03-22,2246000
2015-06-13,2017-03-23,2017-03-23,2244000
2015-06-13,2017-03-24,2018-03-28,2251000
2015-06-13,2018-03-29,2019-03-27,2258000
2015-06-13,2019-03-28,9999-12-31,2268000
2015-06-20,2015-07-02,2015-07-08,2264000
2015-06-20,2015-07-09,2016-03-23,2265000
2015-06-20,2016-03-24,2017-03-22,2272000
2015-06-20,2017-03-23,2019-03-27,2262000
2015-06-20,2019-03-28,9999-12-31,2265000
2015-06-27,2015-07-09,2015-07-15,2334000
2015-06-27,2015-07-16,2016-03-23,2327000
2015-06-27,2016-03-24,2017-03-22,2304000
2015-06-27,2017-03-23,2017-03-23,2294000
2015-06-27,2017-03-24,2018-03-28,2312000
2015-06-27,2018-03-29,2019-03-27,2314000
2015-06-27,2019-03-28,2020-03-18,2317000
2015-06-27,2020-03-19,9999-12-31,2312000
2015-07-04,2015-07-16,2015-07-22,2215000
2015-07-04,2015-07-23,2016-03-23,2216000
2015-07-04,2016-03-24,2017-03-22,2233000
2015-07-04,2017-03-23,2017-03-23,2225000
2015-07-04,2017-03-24,2018-03-28,2229000
2015-07-04,2018-03-29,2020-03-18,2231000
2015-07-04,2020-03-19,9999-12-31,2233000
2015-07-11,2015-07-23,2015-07-29,2207000
2015-07-11,2015-07-30,2016-03-23,2216000
2015-07-11,2016-03-24,2018-03-28,2229000
2015-07-11,2018-03-29,2020-03-18,2224000
2015-07-11,2020-03-19,9999-12-31,2226000
2015-07-18,2015-07-30,2015-08-05,2262000
2015-07-18,2015-08-06,2015-08-12,2269000
2015-07-18,2015-08-13,2017-03-22,2270000
2015-07-18,2017-03-23,2017-03-23,2274000
2015-07-18,2017-03-24,2019-03-27,2265000
2015-07-18,2019-03-28,9999-12-31,2267000
2015-07-25,2015-08-06,2015-08-12,2255000
2015-07-25,2015-08-13,2016-03-23,2258000
2015-07-25,2016-03-24,2017-03-22,2260000
2015-07-25,2017-03-23,2017-03-23,2262000
2015-07-25,2017-03-24,2018-03-28,2256000
2015-07-25,2018-03-29,2019-03-27,2253000
2015-07-25,2019-03-28,2020-03-18,2251000
2015-07-25,2020-03-19,9999-12-31,2253000
2015-08-01,2015-08-13,2015-08-19,2273000
2015-08-01,2015-08-20,2016-03-23,2278000
2015-08-01,2016-03-24,2017-03-22,2269000
2015-08-01,2017-03-23,2017-03-23,2276000
2015-08-01,2017-03-24,2020-03-18,2260000
2015-08-01,2020-03-19,9999-12-31,2257000
2015-08-08,2015-08-20,2015-08-26,2254000
2015-08-08,2015-08-27,2016-03-23,2256000
2015-08-08,2016-03-24,2017-03-22,2261000
2015-08-08,2017-03-23,2017-03-23,2258000
2015-08-08,2017-03-24,2018-03-28,2249000
2015-08-08,2018-03-29,9999-12-31,2247000
2015-08-15,2015-08-27,2015-09-02,2269000
2015-08-15,2015-09-03,2016-03-23,2266000
2015-08-15,2016-03-24,2017-03-22,2259000
2015-08-15,2017-03-23,2017-03-23,2268000
2015-08-15,2017-03-24,2019-03-27,2252000
2015-08-15,2019-03-28,9999-12-31,2256000
2015-08-22,2015-09-03,2015-09-09,2257000
2015-08-22,2015-09-10,2017-03-22,2259000
2015-08-22,2017-03-23,2017-03-23,2264000
2015-08-22,2017-03-24,2018-03-28,2252000
2015-08-22,2018-03-29,2019-03-27,2250000
2015-08-22,2019-03-28,9999-12-31,2252000
2015-08-29,2015-09-10,2015-09-16,2260000
2015-08-29,2015-09-17,2016-03-23,2263000
2015-08-29,2016-03-24,2017-03-22,2261000
2015-08-29,2017-03-23,2017-03-23,2322000
2015-08-29,2017-03-24,2018-03-28,2251000
2015-08-29,2018-03-29,2019-03-27,2249000
2015-08-29,2019-03-28,2020-03-18,2253000
2015-08-29,2020-03-19,9999-12-31,2258000
2015-09-05,2015-09-17,2015-09-23,2237000
2015-09-05,2015-09-24,2016-03-23,2243000
2015-09-05,2016-03-24,2017-03-22,2246000
2015-09-05,2017-03-23,2017-03-23,2203000
2015-09-05,2017-03-24,2018-03-28,2238000
2015-09-05,2018-03-29,2019-03-27,2236000
2015-09-05,2019-03-28,9999-12-31,2243000
2015-09-12,2015-09-24,2015-09-30,2242000
2015-09-12,2015-10-01,2017-03-22,2244000
2015-09-12,2017-03-23,2017-03-23,2252000
2015-09-12,2017-03-24,2018-03-28,2241000
2015-09-12,2018-03-29,2019-03-27,2236000
2015-09-12,2019-03-28,2020-03-18,2249000
2015-09-12,2020-03-19,9999-12-31,2255000
2015-09-19,2015-10-01,2015-10-07,2191000
2015-09-19,2015-10-08,2016-03-23,2195000
2015-09-19,2016-03-24,2017-03-22,2208000
2015-09-19,2017-03-23,2017-03-23,2206000
2015-09-19,2017-03-24,2018-03-28,2219000
2015-09-19,2018-03-29,2019-03-27,2224000
2015-09-19,2019-03-28,2020-03-18,2229000
2015-09-19,2020-03-19,9999-12-31,2234000
2015-09-26,2015-10-08,2015-10-14,2204000
2015-09-26,2015-10-15,2015-10-21,2208000
2015-09-26,2015-10-22,2016-03-23,2209000
2015-09-26,2016-03-24,2017-03-22,2216000
2015-09-26,2017-03-23,2017-03-23,2219000
2015-09-26,2017-03-24,2018-03-28,2224000
2015-09-26,2018-03-29,2019-03-27,2227000
2015-09-26,2019-03-28,2020-03-18,2235000
2015-09-26,2020-03-19,9999-12-31,2240000
2015-10-03,2015-10-15,2015-10-21,2158000
2015-10-03,2015-10-22,2015-10-28,2164000
2015-10-03,2015-10-29,2016-03-23,2165000
2015-10-03,2016-03-24,2017-03-22,2186000
2015-10-03,2017-03-23,2017-03-23,2183000
2015-10-03,2017-03-24,2018-03-28,2194000
2015-10-03,2018-03-29,2019-03-27,2196000
2015-10-03,2019-03-28,9999-12-31,2207000
2015-10-10,2015-10-22,2015-10-28,2170000
2015-10-10,2015-10-29,2015-11-04,2181000
2015-10-10,2015-11-05,2016-03-23,2172000
2015-10-10,2016-03-24,2017-03-22,2188000
2015-10-10,2017-03-23,2017-03-23,2177000
2015-10-10,2017-03-24,2018-03-28,2196000
2015-10-10,2018-03-29,2019-03-27,2201000
2015-10-10,2019-03-28,2020-03-18,2212000
2015-10-10,2020-03-19,9999-12-31,2214000
2015-10-17,2015-10-29,2015-11-04,2144000
2015-10-17,2015-11-05,2016-03-23,2146000
2015-10-17,2016-03-24,2017-03-22,2171000
2015-10-17,2017-03-23,2017-03-23,2161000
2015-10-17,2017-03-24,2018-03-28,2179000
2015-10-17,2018-03-29,2019-03-27,2181000
2015-10-17,2019-03-28,9999-12-31,2194000
2015-10-24,2015-11-05,2015-11-11,2163000
2015-10-24,2015-11-12,2015-11-18,2169000
2015-10-24,2015-11-19,2016-03-23,2170000
2015-10-24,2016-03-24,2017-03-22,2190000
2015-10-24,2017-03-23,2017-03-23,2187000
2015-10-24,2017-03-24,2018-03-28,2200000
2015-10-24,2018-03-29,2019-03-27,2205000
2015-10-24,2019-03-28,2020-03-18,2216000
2015-10-24,2020-03-19,9999-12-31,2218000
2015-10-31,2015-11-12,2015-11-18,2174000
2015-10-31,2015-11-19,2016-03-23,2177000
2015-10-31,2016-03-24,2017-03-22,2185000
2015-10-31,2017-03-23,2017-03-23,2172000
2015-10-31,2017-03-24,2018-03-28,2192000
2015-10-31,2018-03-29,2019-03-27,2195000
2015-10-31,2019-03-28,2020-03-18,2202000
2015-10-31,2020-03-19,9999-12-31,2205000
2015-11-07,2015-11-19,2015-11-24,2175000
2015-11-07,2015-11-25,2016-03-23,2173000
2015-11-07,2016-03-24,2017-03-23,2183000
2015-11-07,2017-03-24,2018-03-28,2203000
2015-11-07,2018-03-29,2019-03-27,2209000
2015-11-07,2019-03-28,2020-03-18,2211000
2015-11-07,2020-03-19,9999-12-31,2209000
2015-11-14,2015-11-25,2015-12-02,2207000
2015-11-14,2015-12-03,2016-03-23,2155000
2015-11-14,2016-03-24,2017-03-22,2176000
2015-11-14,2017-03-23,2017-03-23,2148000
2015-11-14,2017-03-24,2018-03-28,2176000
2015-11-14,2018-03-29,2019-03-27,2171000
2015-11-14,2019-03-28,2020-03-18,2176000
2015-11-14,2020-03-19,9999-12-31,2185000
2015-11-21,2015-12-03,2016-03-23,2161000
2015-11-21,2016-03-24,2017-03-22,2191000
2015-11-21,2017-03-23,2017-03-23,2156000
2015-11-21,2017-03-24,2018-03-28,2191000
2015-11-21,2018-03-29,9999-12-31,2181000
2015-11-28,2015-12-10,2015-12-16,2243000
2015-11-28,2015-12-17,2015-12-23,2245000
2015-11-28,2015-12-24,2016-03-23,2246000
2015-11-28,2016-03-24,2017-03-22,2230000
2015-11-28,2017-03-23,2018-03-28,2250000
2015-11-28,2018-03-29,2019-03-27,2254000
2015-11-28,2019-03-28,2020-03-18,2261000
2015-11-28,2020-03-19,9999-12-31,2259000
2015-12-05,2015-12-17,2015-12-23,2238000
2015-12-05,2015-12-24,2016-03-23,2242000
2015-12-05,2016-03-24,2017-03-22,2245000
2015-12-05,2017-03-23,2017-03-23,2236000
2015-12-05,2017-03-24,2018-03-28,2249000
2015-12-05,2018-03-29,2019-03-27,2245000
2015-12-05,2019-03-28,9999-12-31,2242000
2015-12-12,2015-12-24,2017-03-22,2195000
2015-12-12,2017-03-23,2017-03-23,2199000
2015-12-12,2017-03-24,2018-03-28,2203000
2015-12-12,2018-03-29,2019-03-27,2197000
2015-12-12,2019-03-28,2020-03-18,2192000
2015-12-12,2020-03-19,9999-12-31,2190000
2015-12-19,2015-12-31,2016-01-06,2198000
2015-12-19,2016-01-07,2016-03-23,2205000
2015-12-19,2016-03-24,2017-03-22,2212000
2015-12-19,2017-03-23,2017-03-23,2205000
2015-12-19,2017-03-24,2018-03-28,2192000
2015-12-19,2018-03-29,2019-03-27,2183000
2015-12-19,2019-03-28,2020-03-18,2174000
2015-12-19,2020-03-19,9999-12-31,2176000
2015-12-26,2016-01-07,2016-01-13,2230000
2015-12-26,2016-01-14,2016-03-23,2234000
2015-12-26,2016-03-24,2017-03-22,2226000
2015-12-26,2017-03-23,2017-03-23,2174000
2015-12-26,2017-03-24,2018-03-28,2220000
2015-12-26,2018-03-29,2019-03-27,2228000
2015-12-26,2019-03-28,2020-03-18,2217000
2015-12-26,2020-03-19,9999-12-31,2207000
2016-01-02,2016-01-14,2016-01-20,2263000
2016-01-02,2016-01-21,2016-03-23,2264000
2016-01-02,2016-03-24,2017-03-22,2248000
2016-01-02,2017-03-23,2017-03-23,2252000
2016-01-02,2017-03-24,2018-03-28,2241000
2016-01-02,2018-03-29,2019-03-27,2228000
2016-01-02,2019-03-28,2020-03-18,2223000
2016-01-02,2020-03-19,9999-12-31,2218000
2016-01-09,2016-01-21,2016-01-27,2208000
2016-01-09,2016-01-28,2016-03-23,2219000
2016-01-09,2016-03-24,2017-03-22,2217000
2016-01-09,2017-03-23,2017-03-23,2228000
2016-01-09,2017-03-24,2018-03-28,2215000
2016-01-09,2018-03-29,2019-03-27,2204000
2016-01-09,2019-03-28,2020-03-18,2195000
2016-01-09,2020-03-19,9999-12-31,2190000
2016-01-16,2016-01-28,2016-02-03,2268000
2016-01-16,2016-02-04,2016-02-10,2273000
2016-01-16,2016-02-11,2016-03-23,2274000
2016-01-16,2016-03-24,2017-03-22,2250000
2016-01-16,2017-03-23,2017-03-23,2251000
2016-01-16,2017-03-24,2018-03-28,2240000
2016-01-16,2018-03-29,2019-03-27,2231000
2016-01-16,2019-03-28,2020-03-18,2219000
2016-01-16,2020-03-19,9999-12-31,2221000
2016-01-23,2016-02-04,2016-02-10,2255000
2016-01-23,2016-02-11,2016-03-23,2260000
2016-01-23,2016-03-24,2017-03-22,2248000
2016-01-23,2017-03-23,2017-03-23,2261000
2016-01-23,2017-03-24,2018-03-28,2241000
2016-01-23,2018-03-29,2019-03-27,2222000
2016-01-23,2019-03-28,2020-03-18,2200000
2016-01-23,2020-03-19,9999-12-31,2199000
2016-01-30,2016-02-11,2016-02-17,2239000
2016-01-30,2016-02-18,2016-03-23,2243000
2016-01-30,2016-03-24,2017-03-22,2234000
2016-01-30,2017-03-23,2017-03-23,2232000
2016-01-30,2017-03-24,2018-03-28,2226000
2016-01-30,2018-03-29,2019-03-27,2219000
2016-01-30,2019-03-28,2020-03-18,2204000
2016-01-30,2020-03-19,2021-03-31,2195000
2016-01-30,2021-04-01,9999-12-31,2210000
2016-02-06,2016-02-18,2016-02-24,2273000
2016-02-06,2016-02-25,2016-03-23,2272000
2016-02-06,2016-03-24,2017-03-23,2249000
2016-02-06,2017-03-24,2018-03-28,2239000
2016-02-06,2018-03-29,2019-03-27,2224000
2016-02-06,2019-03-28,2020-03-18,2206000
2016-02-06,2020-03-19,2021-03-31,2200000
2016-02-06,2021-04-01,9999-12-31,2213000
2016-02-13,2016-02-25,2016-03-02,2253000
2016-02-13,2016-03-03,2016-03-23,2254000
2016-02-13,2016-03-24,2017-03-22,2233000
2016-02-13,2017-03-23,2017-03-23,2227000
2016-02-13,2017-03-24,2018-03-28,2225000
2016-02-13,2018-03-29,2019-03-27,2220000
2016-02-13,2019-03-28,2020-03-18,2212000
2016-02-13,2020-03-19,2021-03-31,2203000
2016-02-13,2021-04-01,9999-12-31,2206000
2016-02-20,2016-03-03,2016-03-23,2257000
2016-02-20,2016-03-24,2017-03-22,2231000
2016-02-20,2017-03-23,2017-03-23,2237000
2016-02-20,2017-03-24,2018-03-28,2222000
2016-02-20,2018-03-29,2019-03-27,2209000
2016-02-20,2019-03-28,2020-03-18,2189000
2016-02-20,2020-03-19,2021-03-31,2178000
2016-02-20,2021-04-01,9999-12-31,2203000
2016-02-27,2016-03-10,2016-03-16,2225000
2016-02-27,2016-03-17,2016-03-23,2227000
2016-02-27,2016-03-24,2017-03-22,2198000
2016-02-27,2017-03-23,2017-03-23,2208000
2016-02-27,2017-03-24,2018-03-28,2197000
2016-02-27,2018-03-29,2019-03-27,2187000
2016-02-27,2019-03-28,2020-03-18,2180000
2016-02-27,2020-03-19,2021-03-31,2171000
2016-02-27,2021-04-01,9999-12-31,2180000
2016-03-05,2016-03-17,2016-03-23,2235000
2016-03-05,2016-03-24,2016-03-30,2218000
2016-03-05,2016-03-31,2017-03-22,2212000
2016-03-05,2017-03-23,2017-03-23,2214000
2016-03-05,2017-03-24,2019-03-27,2206000
2016-03-05,2019-03-28,2020-03-18,2195000
2016-03-05,2020-03-19,2021-03-31,2186000
2016-03-05,2021-04-01,9999-12-31,2203000
2016-03-12,2016-03-24,2016-03-30,2179000
2016-03-12,2016-03-31,2017-03-22,2180000
2016-03-12,2017-03-23,2017-03-23,2190000
2016-03-12,2017-03-24,2018-03-28,2180000
2016-03-12,2018-03-29,2019-03-27,2182000
2016-03-12,2019-03-28,2020-03-18,2175000
2016-03-12,2020-03-19,9999-12-31,2163000
2016-03-19,2016-03-31,2016-04-06,2173000
2016-03-19,2016-04-07,2017-03-22,2172000
2016-03-19,2017-03-23,2017-03-23,2180000
2016-03-19,2017-03-24,2018-03-28,2176000
2016-03-19,2018-03-29,2019-03-27,2165000
2016-03-19,2019-03-28,2020-03-18,2153000
2016-03-19,2020-03-19,2021-03-31,2147000
2016-03-19,2021-04-01,9999-12-31,2138000
2016-03-26,2016-04-07,2016-04-13,2191000
2016-03-26,2016-04-14,2017-03-22,2189000
2016-03-26,2017-03-23,2017-03-23,2204000
2016-03-26,2017-03-24,2018-03-28,2187000
2016-03-26,2018-03-29,2019-03-27,2181000
2016-03-26,2019-03-28,2020-03-18,2175000
2016-03-26,2020-03-19,2021-03-31,2169000
2016-03-26,2021-04-01,9999-12-31,2165000
2016-04-02,2016-04-14,2016-04-20,2171000
2016-04-02,2016-04-21,2017-03-22,2176000
2016-04-02,2017-03-23,2017-03-23,2184000
2016-04-02,2017-03-24,2018-03-28,2178000
2016-04-02,2018-03-29,2019-03-27,2174000
2016-04-02,2019-03-28,2020-03-18,2155000
2016-04-02,2020-03-19,2021-03-31,2157000
2016-04-02,2021-04-01,9999-12-31,2151000
2016-04-09,2016-04-21,2016-04-27,2137000
2016-04-09,2016-04-28,2017-03-22,2135000
2016-04-09,2017-03-23,2017-03-23,2141000
2016-04-09,2017-03-24,2018-03-28,2145000
2016-04-09,2018-03-29,2019-03-27,2152000
2016-04-09,2019-03-28,2020-03-18,2139000
2016-04-09,2020-03-19,2021-03-31,2145000
2016-04-09,2021-04-01,9999-12-31,2139000
2016-04-16,2016-04-28,2016-05-04,2130000
2016-04-16,2016-05-05,2017-03-22,2129000
2016-04-16,2017-03-23,2018-03-28,2140000
2016-04-16,2018-03-29,2019-03-27,2138000
2016-04-16,2019-03-28,2020-03-18,2135000
2016-04-16,2020-03-19,2021-03-31,2140000
2016-04-16,2021-04-01,9999-12-31,2135000
2016-04-23,2016-05-05,2016-05-11,2121000
2016-04-23,2016-05-12,2017-03-22,2124000
2016-04-23,2017-03-23,2017-03-23,2135000
2016-04-23,2017-03-24,2018-03-28,2137000
2016-04-23,2018-03-29,2019-03-27,2142000
2016-04-23,2019-03-28,2021-03-31,2146000
2016-04-23,2021-04-01,9999-12-31,2137000
2016-04-30,2016-05-12,2016-05-18,2161000
2016-04-30,2016-05-19,2017-03-22,2165000
2016-04-30,2017-03-23,2017-03-23,2176000
2016-04-30,2017-03-24,2018-03-28,2165000
2016-04-30,2018-03-29,2020-03-18,2183000
2016-04-30,2020-03-19,2021-03-31,2188000
2016-04-30,2021-04-01,9999-12-31,2183000
2016-05-07,2016-05-19,2016-05-25,2152000
2016-05-07,2016-05-26,2017-03-22,2153000
2016-05-07,2017-03-23,2017-03-23,2164000
2016-05-07,2017-03-24,2018-03-28,2157000
2016-05-07,2018-03-29,2019-03-27,2176000
2016-05-07,2019-03-28,2021-03-31,2190000
2016-05-07,2021-04-01,9999-12-31,2185000
2016-05-14,2016-05-26,2016-06-01,2163000
2016-05-14,2016-06-02,2017-03-22,2160000
2016-05-14,2017-03-23,2018-03-28,2158000
2016-05-14,2018-03-29,2019-03-27,2172000
2016-05-14,2019-03-28,2020-03-18,2179000
2016-05-14,2020-03-19,2021-03-31,2184000
2016-05-14,2021-04-01,9999-12-31,2177000
2016-05-21,2016-06-02,2017-03-22,2172000
2016-05-21,2017-03-23,2017-03-23,2183000
2016-05-21,2017-03-24,2018-03-28,2169000
2016-05-21,2018-03-29,2019-03-27,2181000
2016-05-21,2019-03-28,2020-03-18,2188000
2016-05-21,2020-03-19,2021-03-31,2191000
2016-05-21,2021-04-01,9999-12-31,2186000
2016-05-28,2016-06-09,2016-06-15,2095000
2016-05-28,2016-06-16,2017-03-22,2112000
2016-05-28,2017-03-23,2017-03-23,2094000
2016-05-28,2017-03-24,2018-03-28,2120000
2016-05-28,2018-03-29,2019-03-27,2131000
2016-05-28,2019-03-28,2021-03-31,2138000
2016-05-28,2021-04-01,9999-12-31,2131000
2016-06-04,2016-06-16,2016-06-22,2157000
2016-06-04,2016-06-23,2017-03-22,2162000
2016-06-04,2017-03-23,2017-03-23,2167000
2016-06-04,2017-03-24,2018-03-28,2155000
2016-06-04,2018-03-29,2019-03-27,2162000
2016-06-04,2019-03-28,2021-03-31,2172000
2016-06-04,2021-04-01,9999-12-31,2170000
2016-06-11,2016-06-23,2016-06-29,2142000
2016-06-11,2016-06-30,2016-07-06,2140000
2016-06-11,2016-07-07,2017-03-22,2139000
2016-06-11,2017-03-23,2017-03-23,2131000
2016-06-11,2017-03-24,2018-03-28,2144000
2016-06-11,2018-03-29,2019-03-27,2151000
2016-06-11,2019-03-28,2020-03-18,2161000
2016-06-11,2020-03-19,2021-03-31,2165000
2016-06-11,2021-04-01,9999-12-31,2158000
2016-06-18,2016-06-30,2016-07-06,2120000
2016-06-18,2016-07-07,2016-07-13,2168000
2016-06-18,2016-07-14,2017-03-23,2167000
2016-06-18,2017-03-24,2018-03-28,2158000
2016-06-18,2018-03-29,2019-03-27,2160000
2016-06-18,2019-03-28,2021-03-31,2167000
2016-06-18,2021-04-01,9999-12-31,2160000
2016-06-25,2016-07-07,2016-07-13,2124000
2016-06-25,2016-07-14,2017-03-22,2117000
2016-06-25,2017-03-23,2017-03-23,2203000
2016-06-25,2017-03-24,2018-03-28,2123000
2016-06-25,2018-03-29,2019-03-27,2128000
2016-06-25,2019-03-28,2021-03-31,2132000
2016-06-25,2021-04-01,9999-12-31,2139000
2016-07-02,2016-07-14,2016-07-20,2149000
2016-07-02,2016-07-21,2017-03-22,2153000
2016-07-02,2017-03-23,2017-03-23,2035000
2016-07-02,2017-03-24,2020-03-18,2147000
2016-07-02,2020-03-19,2021-03-31,2144000
2016-07-02,2021-04-01,9999-12-31,2131000
2016-07-09,2016-07-21,2016-07-27,2128000
2016-07-09,2016-07-28,2017-03-22,2132000
2016-07-09,2017-03-23,2017-03-23,2136000
2016-07-09,2017-03-24,2018-03-28,2138000
2016-07-09,2018-03-29,2020-03-18,2131000
2016-07-09,2020-03-19,2021-03-31,2134000
2016-07-09,2021-04-01,9999-12-31,2125000
2016-07-16,2016-07-28,2016-08-03,2139000
2016-07-16,2016-08-04,2017-03-22,2144000
2016-07-16,2017-03-23,2017-03-23,2155000
2016-07-16,2017-03-24,2019-03-27,2140000
2016-07-16,2019-03-28,2020-03-18,2142000
2016-07-16,2020-03-19,2021-03-31,2144000
2016-07-16,2021-04-01,9999-12-31,2140000
2016-07-23,2016-08-04,2016-08-10,2138000
2016-07-23,2016-08-11,2017-03-22,2141000
2016-07-23,2017-03-23,2017-03-23,2148000
2016-07-23,2017-03-24,2018-03-28,2139000
2016-07-23,2018-03-29,2021-03-31,2137000
2016-07-23,2021-04-01,9999-12-31,2134000
2016-07-30,2016-08-11,2016-08-17,2155000
2016-07-30,2016-08-18,2017-03-22,2160000
2016-07-30,2017-03-23,2017-03-23,2167000
2016-07-30,2017-03-24,2018-03-28,2152000
2016-07-30,2018-03-29,2019-03-27,2150000
2016-07-30,2019-03-28,2021-03-31,2147000
2016-07-30,2021-04-01,9999-12-31,2143000
2016-08-06,2016-08-18,2017-03-22,2175000
2016-08-06,2017-03-23,2017-03-23,2179000
2016-08-06,2017-03-24,2020-03-18,2161000
2016-08-06,2020-03-19,2021-03-31,2159000
2016-08-06,2021-04-01,9999-12-31,2157000
2016-08-13,2016-08-25,2017-03-22,2145000
2016-08-13,2017-03-23,2017-03-23,2152000
2016-08-13,2017-03-24,2018-03-28,2139000
2016-08-13,2018-03-29,2019-03-27,2134000
2016-08-13,2019-03-28,2020-03-18,2139000
2016-08-13,2020-03-19,2021-03-31,2141000
2016-08-13,2021-04-01,9999-12-31,2137000
2016-08-20,2016-09-01,2016-09-07,2159000
2016-08-20,2016-09-08,2016-09-14,2151000
2016-08-20,2016-09-15,2017-03-22,2157000
2016-08-20,2017-03-23,2017-03-23,2166000
2016-08-20,2017-03-24,2018-03-28,2146000
2016-08-20,2018-03-29,2019-03-27,2148000
2016-08-20,2019-03-28,2020-03-18,2150000
2016-08-20,2020-03-19,2021-03-31,2152000
2016-08-20,2021-04-01,9999-12-31,2148000
2016-08-27,2016-09-08,2016-09-14,2144000
2016-08-27,2016-09-15,2017-03-22,2142000
2016-08-27,2017-03-23,2017-03-23,2163000
2016-08-27,2017-03-24,2018-03-28,2133000
2016-08-27,2018-03-29,2019-03-27,2128000
2016-08-27,2019-03-28,2020-03-18,2133000
2016-08-27,2020-03-19,2021-03-31,2140000
2016-08-27,2021-04-01,9999-12-31,2138000
2016-09-03,2016-09-15,2016-09-21,2143000
2016-09-03,2016-09-22,2017-03-22,2149000
2016-09-03,2017-03-23,2017-03-23,2159000
2016-09-03,2017-03-24,2018-03-28,2139000
2016-09-03,2018-03-29,2019-03-27,2141000
2016-09-03,2019-03-28,2020-03-18,2149000
2016-09-03,2020-03-19,2021-03-31,2154000
2016-09-03,2021-04-01,9999-12-31,2149000
2016-09-10,2016-09-22,2016-09-28,2113000
2016-09-10,2016-09-29,2017-03-22,2108000
2016-09-10,2017-03-23,2017-03-23,2125000
2016-09-10,2017-03-24,2018-03-28,2105000
2016-09-10,2018-03-29,2019-03-27,2093000
2016-09-10,2019-03-28,2020-03-18,2108000
2016-09-10,2020-03-19,2021-03-31,2113000
2016-09-10,2021-04-01,9999-12-31,2110000
2016-09-17,2016-09-29,2016-10-05,2062000
2016-09-17,2016-10-06,2017-03-22,2064000
2016-09-17,2017-03-23,2017-03-23,2066000
2016-09-17,2017-03-24,2018-03-28,2076000
2016-09-17,2018-03-29,2019-03-27,2083000
2016-09-17,2019-03-28,2020-03-18,2093000
2016-09-17,2020-03-19,2021-03-31,2101000
2016-09-17,2021-04-01,9999-12-31,2098000
2016-09-24,2016-10-06,2016-10-12,2058000
2016-09-24,2016-10-13,2017-03-22,2062000
2016-09-24,2017-03-23,2018-03-28,2066000
2016-09-24,2018-03-29,2019-03-27,2069000
2016-09-24,2019-03-28,2020-03-18,2081000
2016-09-24,2020-03-19,2021-03-31,2086000
2016-09-24,2021-04-01,9999-12-31,2081000
2016-10-01,2016-10-13,2016-10-19,2046000
2016-10-01,2016-10-20,2017-03-22,2050000
2016-10-01,2017-03-23,2017-03-23,2058000
2016-10-01,2017-03-24,2018-03-28,2063000
2016-10-01,2018-03-29,2019-03-27,2070000
2016-10-01,2019-03-28,2020-03-18,2080000
2016-10-01,2020-03-19,2021-03-31,2083000
2016-10-01,2021-04-01,9999-12-31,2080000
2016-10-08,2016-10-20,2016-10-26,2057000
2016-10-08,2016-10-27,2017-03-22,2054000
2016-10-08,2017-03-23,2017-03-23,2044000
2016-10-08,2017-03-24,2018-03-28,2064000
2016-10-08,2018-03-29,2019-03-27,2069000
2016-10-08,2019-03-28,2020-03-18,2081000
2016-10-08,2020-03-19,2021-03-31,2086000
2016-10-08,2021-04-01,9999-12-31,2081000
2016-10-15,2016-10-27,2016-11-02,2039000
2016-10-15,2016-11-03,2017-03-22,2040000
2016-10-15,2017-03-23,2017-03-23,2030000
2016-10-15,2017-03-24,2018-03-28,2052000
2016-10-15,2018-03-29,2019-03-27,2057000
2016-10-15,2019-03-28,2020-03-18,2069000
2016-10-15,2020-03-19,2021-03-31,2071000
2016-10-15,2021-04-01,9999-12-31,2069000
2016-10-22,2016-11-03,2016-11-09,2026000
2016-10-22,2016-11-10,2016-11-16,2023000
2016-10-22,2016-11-17,2017-03-22,2030000
2016-10-22,2017-03-23,2017-03-23,2035000
2016-10-22,2017-03-24,2018-03-28,2045000
2016-10-22,2018-03-29,2019-03-27,2054000
2016-10-22,2019-03-28,2020-03-18,2069000
2016-10-22,2020-03-19,2021-03-31,2071000
2016-10-22,2021-04-01,9999-12-31,2066000
2016-10-29,2016-11-10,2016-11-16,2041000
2016-10-29,2016-11-17,2017-03-22,2043000
2016-10-29,2017-03-23,2017-03-23,2027000
2016-10-29,2017-03-24,2018-03-28,2050000
2016-10-29,2018-03-29,2019-03-27,2048000
2016-10-29,2019-03-28,2020-03-18,2060000
2016-10-29,2020-03-19,2021-03-31,2065000
2016-10-29,2021-04-01,9999-12-31,2067000
2016-11-05,2016-11-17,2016-11-22,1977000
2016-11-05,2016-11-23,2017-03-22,1983000
2016-11-05,2017-03-23,2017-03-23,1994000
2016-11-05,2017-03-24,2018-03-28,2010000
2016-11-05,2018-03-29,2019-03-27,2024000
2016-11-05,2019-03-28,2021-03-31,2027000
2016-11-05,2021-04-01,9999-12-31,2046000
2016-11-12,2016-11-23,2017-03-22,2043000
2016-11-12,2017-03-23,2017-03-23,2014000
2016-11-12,2017-03-24,2018-03-28,2050000
2016-11-12,2018-03-29,2019-03-27,2045000
2016-11-12,2019-03-28,2020-03-18,2050000
2016-11-12,2020-03-19,2021-03-31,2057000
2016-11-12,2021-04-01,9999-12-31,2045000
2016-11-19,2016-12-01,2016-12-07,2081000
2016-11-19,2016-12-08,2017-03-22,2084000
2016-11-19,2017-03-23,2017-03-23,2023000
2016-11-19,2017-03-24,2018-03-28,2084000
2016-11-19,2018-03-29,2020-03-18,2067000
2016-11-19,2020-03-19,2021-03-31,2071000
2016-11-19,2021-04-01,9999-12-31,2050000
2016-11-26,2016-12-08,2016-12-14,2005000
2016-11-26,2016-12-15,2017-03-22,2007000
2016-11-26,2017-03-23,2017-03-23,2008000
2016-11-26,2017-03-24,2019-03-27,2020000
2016-11-26,2019-03-28,2020-03-18,2034000
2016-11-26,2020-03-19,9999-12-31,2038000
2016-12-03,2016-12-15,2016-12-21,2018000
2016-12-03,2016-12-22,2017-03-22,2021000
2016-12-03,2017-03-23,2017-03-23,2031000
2016-12-03,2017-03-24,2019-03-27,2033000
2016-12-03,2019-03-28,2020-03-18,2031000
2016-12-03,2020-03-19,9999-12-31,2029000
2016-12-10,2016-12-22,2016-12-28,2036000
2016-12-10,2016-12-29,2017-03-22,2039000
2016-12-10,2017-03-23,2017-03-23,2012000
2016-12-10,2017-03-24,2018-03-28,2044000
2016-12-10,2018-03-29,2019-03-27,2036000
2016-12-10,2019-03-28,2021-03-31,2032000
2016-12-10,2021-04-01,9999-12-31,2030000
2016-12-17,2016-12-29,2017-01-04,2102000
2016-12-17,2017-01-05,2017-01-11,2096000
2016-12-17,2017-01-12,2017-03-22,2105000
2016-12-17,2017-03-23,2017-03-23,2137000
2016-12-17,2017-03-24,2018-03-28,2097000
2016-12-17,2018-03-29,2019-03-27,2085000
2016-12-17,2019-03-28,2020-03-18,2076000
2016-12-17,2020-03-19,2021-03-31,2074000
2016-12-17,2021-04-01,9999-12-31,2078000
2016-12-24,2017-01-05,2017-01-11,2112000
2016-12-24,2017-01-12,2017-03-22,2116000
2016-12-24,2017-03-23,2017-03-23,2005000
2016-12-24,2017-03-24,2018-03-28,2102000
2016-12-24,2018-03-29,2019-03-27,2110000
2016-12-24,2019-03-28,2020-03-18,2092000
2016-12-24,2020-03-19,2021-03-31,2087000
2016-12-24,2021-04-01,9999-12-31,2077000
2016-12-31,2017-01-12,2017-01-18,2087000
2016-12-31,2017-01-19,2017-03-22,2093000
2016-12-31,2017-03-23,2017-03-23,1979000
2016-12-31,2017-03-24,2018-03-28,2081000
2016-12-31,2018-03-29,2019-03-27,2082000
2016-12-31,2019-03-28,2020-03-18,2072000
2016-12-31,2020-03-19,2021-03-31,2060000
2016-12-31,2021-04-01,9999-12-31,2028000
2017-01-07,2017-01-19,2017-01-25,2046000
2017-01-07,2017-01-26,2017-03-22,2059000
2017-01-07,2017-03-23,2017-03-23,2083000
2017-01-07,2017-03-24,2018-03-28,2061000
2017-01-07,2018-03-29,2019-03-27,2044000
2017-01-07,2019-03-28,2020-03-18,2029000
2017-01-07,2020-03-19,2021-03-31,2023000
2017-01-07,2021-04-01,2022-04-06,2020000
2017-01-07,2022-04-07,9999-12-31,2080000
2017-01-14,2017-01-26,2017-02-01,2100000
2017-01-14,2017-02-02,2017-03-22,2103000
2017-01-14,2017-03-23,2017-03-23,2087000
2017-01-14,2017-03-24,2018-03-28,2083000
2017-01-14,2018-03-29,2019-03-27,2071000
2017-01-14,2019-03-28,2020-03-18,2060000
2017-01-14,2020-03-19,2021-03-31,2062000
2017-01-14,2021-04-01,2022-04-06,2060000
2017-01-14,2022-04-07,9999-12-31,2099000
2017-01-21,2017-02-02,2017-02-08,2064000
2017-01-21,2017-02-09,2017-03-22,2063000
2017-01-21,2017-03-23,2017-03-23,2086000
2017-01-21,2017-03-24,2018-03-28,2063000
2017-01-21,2018-03-29,2019-03-27,2050000
2017-01-21,2019-03-28,2020-03-18,2026000
2017-01-21,2020-03-19,2021-03-31,2025000
2017-01-21,2021-04-01,2022-04-06,2030000
2017-01-21,2022-04-07,9999-12-31,2067000
2017-01-28,2017-02-09,2017-02-15,2078000
2017-01-28,2017-02-16,2017-03-22,2079000
2017-01-28,2017-03-23,2017-03-23,2069000
2017-01-28,2017-03-24,2018-03-28,2067000
2017-01-28,2018-03-29,2019-03-27,2054000
2017-01-28,2019-03-28,2020-03-18,2040000
2017-01-28,2020-03-19,2021-03-31,2035000
2017-01-28,2021-04-01,2022-04-06,2045000
2017-01-28,2022-04-07,9999-12-31,2078000
2017-02-04,2017-02-16,2017-03-01,2076000
2017-02-04,2017-03-02,2017-03-22,2077000
2017-02-04,2017-03-23,2017-03-23,2085000
2017-02-04,2017-03-24,2018-03-28,2071000
2017-02-04,2018-03-29,2019-03-27,2056000
2017-02-04,2019-03-28,2020-03-18,2025000
2017-02-04,2020-03-19,2021-03-31,2012000
2017-02-04,2021-04-01,2022-04-06,2030000
2017-02-04,2022-04-07,9999-12-31,2064000
2017-02-11,2017-03-02,2017-03-22,2063000
2017-02-11,2017-03-23,2017-03-23,2128000
2017-02-11,2017-03-24,2018-03-28,2052000
2017-02-11,2018-03-29,2019-03-27,2041000
2017-02-11,2019-03-28,2020-03-18,2037000
2017-02-11,2020-03-19,2021-03-31,2032000
2017-02-11,2021-04-01,2022-04-06,2049000
2017-02-11,2022-04-07,9999-12-31,2076000
2017-02-18,2017-03-02,2017-03-08,2066000
2017-02-18,2017-03-09,2017-03-22,2064000
2017-02-18,2017-03-23,2017-03-23,1999000
2017-02-18,2017-03-24,2018-03-28,2057000
2017-02-18,2018-03-29,2019-03-27,2043000
2017-02-18,2019-03-28,2020-03-18,2014000
2017-02-18,2020-03-19,2021-03-31,1995000
2017-02-18,2021-04-01,2022-04-06,2009000
2017-02-18,2022-04-07,9999-12-31,2034000
2017-02-25,2017-03-09,2017-03-15,2058000
2017-02-25,2017-03-16,2017-03-22,2060000
2017-02-25,2017-03-23,2017-03-23,2069000
2017-02-25,2017-03-24,2018-03-28,2059000
2017-02-25,2018-03-29,2019-03-27,2045000
2017-02-25,2019-03-28,2020-03-18,2041000
2017-02-25,2020-03-19,2021-03-31,2033000
2017-02-25,2021-04-01,2022-04-06,2040000
2017-02-25,2022-04-07,9999-12-31,2065000
2017-03-04,2017-03-16,2017-03-22,2030000
2017-03-04,2017-03-23,2017-03-29,2039000
2017-03-04,2017-03-30,2018-03-28,2025000
2017-03-04,2018-03-29,2019-03-27,2018000
2017-03-04,2019-03-28,2020-03-18,1999000
2017-03-04,2020-03-19,2021-03-31,1986000
2017-03-04,2021-04-01,2022-04-06,2005000
2017-03-04,2022-04-07,9999-12-31,2020000
2017-03-11,2017-03-23,2017-03-29,2000000
2017-03-11,2017-03-30,2018-03-28,1987000
2017-03-11,2018-03-29,2019-03-27,1991000
2017-03-11,2019-03-28,2020-03-18,1988000
2017-03-11,2020-03-19,2021-03-31,1977000
2017-03-11,2021-04-01,2022-04-06,1984000
2017-03-11,2022-04-07,9999-12-31,2002000
2017-03-18,2017-03-30,2018-03-28,2052000
2017-03-18,2018-03-29,2019-03-27,2036000
2017-03-18,2019-03-28,2020-03-18,2018000
2017-03-18,2020-03-19,2021-03-31,2005000
2017-03-18,2021-04-01,2022-04-06,1993000
2017-03-18,2022-04-07,9999-12-31,2021000
2017-03-25,2017-04-06,2017-04-12,2028000
2017-03-25,2017-04-13,2018-03-28,2035000
2017-03-25,2018-03-29,2020-03-18,2024000
2017-03-25,2020-03-19,2021-03-31,2018000
2017-03-25,2021-04-01,2022-04-06,2011000
2017-03-25,2022-04-07,9999-12-31,2027000
2017-04-01,2017-04-13,2018-03-28,2028000
2017-04-01,2018-03-29,2019-03-27,2016000
2017-04-01,2019-03-28,2020-03-18,1993000
2017-04-01,2020-03-19,2021-03-31,1991000
2017-04-01,2021-04-01,2022-04-06,1982000
2017-04-01,2022-04-07,9999-12-31,1990000
2017-04-08,2017-04-20,2017-04-26,1979000
2017-04-08,2017-04-27,2018-03-28,1978000
2017-04-08,2018-03-29,2019-03-27,1981000
2017-04-08,2019-03-28,2020-03-18,1968000
2017-04-08,2020-03-19,2021-03-31,1977000
2017-04-08,2021-04-01,2022-04-06,1970000
2017-04-08,2022-04-07,9999-12-31,1968000
2017-04-15,2017-04-27,2017-05-03,1988000
2017-04-15,2017-05-04,2018-03-28,1987000
2017-04-15,2018-03-29,2019-03-27,1984000
2017-04-15,2019-03-28,2020-03-18,1975000
2017-04-15,2020-03-19,2021-03-31,1979000
2017-04-15,2021-04-01,2022-04-06,1973000
2017-04-15,2022-04-07,9999-12-31,1961000
2017-04-22,2017-05-04,2017-05-10,1964000
2017-04-22,2017-05-11,2018-03-28,1979000
2017-04-22,2018-03-29,2019-03-27,1980000
2017-04-22,2019-03-28,2020-03-18,1991000
2017-04-22,2020-03-19,2021-03-31,1995000
2017-04-22,2021-04-01,2022-04-06,1984000
2017-04-22,2022-04-07,9999-12-31,1962000
2017-04-29,2017-05-11,2017-05-17,1918000
2017-04-29,2017-05-18,2018-03-28,1920000
2017-04-29,2018-03-29,2019-03-27,1935000
2017-04-29,2019-03-28,2021-03-31,1929000
2017-04-29,2021-04-01,2022-04-06,1925000
2017-04-29,2022-04-07,9999-12-31,1896000
2017-05-06,2017-05-18,2017-05-24,1898000
2017-05-06,2017-05-25,2018-03-28,1899000
2017-05-06,2018-03-29,2019-03-27,1920000
2017-05-06,2019-03-28,2020-03-18,1939000
2017-05-06,2020-03-19,2021-03-31,1943000
2017-05-06,2021-04-01,2022-04-06,1935000
2017-05-06,2022-04-07,9999-12-31,1892000
2017-05-13,2017-05-25,2017-05-31,1923000
2017-05-13,2017-06-01,2018-03-28,1924000
2017-05-13,2018-03-29,2019-03-27,1935000
2017-05-13,2019-03-28,2020-03-18,1939000
2017-05-13,2020-03-19,2021-03-31,1941000
2017-05-13,2021-04-01,2022-04-06,1935000
2017-05-13,2022-04-07,9999-12-31,1902000
2017-05-20,2017-06-01,2017-06-07,1915000
2017-05-20,2017-06-08,2018-03-28,1919000
2017-05-20,2018-03-29,2019-03-27,1932000
2017-05-20,2019-03-28,2020-03-18,1947000
2017-05-20,2020-03-19,2021-03-31,1951000
2017-05-20,2021-04-01,2022-04-06,1944000
2017-05-20,2022-04-07,9999-12-31,1900000
2017-05-27,2017-06-08,2017-06-14,1917000
2017-05-27,2017-06-15,2018-03-28,1929000
2017-05-27,2018-03-29,2019-03-27,1937000
2017-05-27,2019-03-28,2021-03-31,1941000
2017-05-27,2021-04-01,2022-04-06,1935000
2017-05-27,2022-04-07,9999-12-31,1891000
2017-06-03,2017-06-15,2017-06-21,1935000
2017-06-03,2017-06-22,2018-03-28,1936000
2017-06-03,2018-03-29,2019-03-27,1945000
2017-06-03,2019-03-28,2021-03-31,1960000
2017-06-03,2021-04-01,2022-04-06,1955000
2017-06-03,2022-04-07,9999-12-31,1909000
2017-06-10,2017-06-22,2017-06-28,1944000
2017-06-10,2017-06-29,2018-03-28,1942000
2017-06-10,2018-03-29,2019-03-27,1947000
2017-06-10,2019-03-28,2020-03-18,1956000
2017-06-10,2020-03-19,2021-03-31,1962000
2017-06-10,2021-04-01,2022-04-06,1953000
2017-06-10,2022-04-07,9999-12-31,1914000
2017-06-17,2017-06-29,2017-07-05,1948000
2017-06-17,2017-07-06,2018-03-28,1945000
2017-06-17,2018-03-29,2019-03-27,1950000
2017-06-17,2019-03-28,2020-03-18,1960000
2017-06-17,2020-03-19,2021-03-31,1958000
2017-06-17,2021-04-01,2022-04-06,1956000
2017-06-17,2022-04-07,9999-12-31,1915000
2017-06-24,2017-07-06,2017-07-12,1956000
2017-06-24,2017-07-13,2018-03-28,1965000
2017-06-24,2018-03-29,2019-03-27,1964000
2017-06-24,2019-03-28,2020-03-18,1968000
2017-06-24,2020-03-19,2021-03-31,1970000
2017-06-24,2021-04-01,2022-04-06,1966000
2017-06-24,2022-04-07,9999-12-31,1929000
2017-07-01,2017-07-13,2017-07-19,1945000
2017-07-01,2017-07-20,2018-03-28,1949000
2017-07-01,2018-03-29,2020-03-18,1951000
2017-07-01,2020-03-19,2021-03-31,1947000
2017-07-01,2021-04-01,2022-04-06,1941000
2017-07-01,2022-04-07,9999-12-31,1911000
2017-07-08,2017-07-20,2018-03-28,1977000
2017-07-08,2018-03-29,2020-03-18,1971000
2017-07-08,2020-03-19,2021-03-31,1975000
2017-07-08,2021-04-01,2022-04-06,1965000
2017-07-08,2022-04-07,9999-12-31,1942000
2017-07-15,2017-07-27,2017-08-02,1964000
2017-07-15,2017-08-03,2018-03-28,1965000
2017-07-15,2018-03-29,2020-03-18,1962000
2017-07-15,2020-03-19,2021-03-31,1966000
2017-07-15,2021-04-01,2022-04-06,1964000
2017-07-15,2022-04-07,9999-12-31,1929000
2017-07-22,2017-08-03,2017-08-09,1968000
2017-07-22,2017-08-10,2018-03-28,1967000
2017-07-22,2018-03-29,2019-03-27,1963000
2017-07-22,2019-03-28,2020-03-18,1967000
2017-07-22,2020-03-19,2021-03-31,1965000
2017-07-22,2021-04-01,2022-04-06,1961000
2017-07-22,2022-04-07,9999-12-31,1928000
2017-07-29,2017-08-10,2017-08-16,1951000
2017-07-29,2017-08-17,2018-03-28,1956000
2017-07-29,2018-03-29,2019-03-27,1954000
2017-07-29,2019-03-28,2020-03-18,1948000
2017-07-29,2020-03-19,2021-03-31,1952000
2017-07-29,2021-04-01,2022-04-06,1946000
2017-07-29,2022-04-07,9999-12-31,1926000
2017-08-05,2017-08-17,2017-08-23,1953000
2017-08-05,2017-08-24,2018-03-28,1954000
2017-08-05,2018-03-29,2019-03-27,1952000
2017-08-05,2019-03-28,2020-03-18,1956000
2017-08-05,2020-03-19,2021-03-31,1950000
2017-08-05,2021-04-01,2022-04-06,1948000
2017-08-05,2022-04-07,9999-12-31,1928000
2017-08-12,2017-08-24,2018-03-28,1954000
2017-08-12,2018-03-29,2020-03-18,1950000
2017-08-12,2020-03-19,2021-03-31,1958000
2017-08-12,2021-04-01,2022-04-06,1952000
2017-08-12,2022-04-07,9999-12-31,1926000
2017-08-19,2017-08-31,2017-09-06,1942000
2017-08-19,2017-09-07,2018-03-28,1945000
2017-08-19,2018-03-29,2019-03-27,1947000
2017-08-19,2019-03-28,2021-03-31,1953000
2017-08-19,2021-04-01,2022-04-06,1949000
2017-08-19,2022-04-07,9999-12-31,1928000
2017-08-26,2017-09-07,2017-09-13,1940000
2017-08-26,2017-09-14,2018-03-28,1951000
2017-08-26,2018-03-29,2019-03-27,1943000
2017-08-26,2019-03-28,2020-03-18,1947000
2017-08-26,2020-03-19,2021-03-31,1953000
2017-08-26,2021-04-01,2022-04-06,1951000
2017-08-26,2022-04-07,9999-12-31,1912000
2017-09-02,2017-09-14,2017-09-20,1944000
2017-09-02,2017-09-21,2017-09-27,1936000
2017-09-02,2017-09-28,2018-03-28,1935000
2017-09-02,2018-03-29,2019-03-27,1940000
2017-09-02,2019-03-28,2020-03-18,1949000
2017-09-02,2020-03-19,2021-03-31,1953000
2017-09-02,2021-04-01,2022-04-06,1951000
2017-09-02,2022-04-07,9999-12-31,1911000
2017-09-09,2017-09-21,2017-09-27,1980000
2017-09-09,2017-09-28,2018-03-28,1979000
2017-09-09,2018-03-29,2019-03-27,1965000
2017-09-09,2019-03-28,2020-03-18,1985000
2017-09-09,2020-03-19,2021-03-31,1992000
2017-09-09,2021-04-01,2022-04-06,1990000
2017-09-09,2022-04-07,9999-12-31,1939000
2017-09-16,2017-09-28,2017-10-04,1934000
2017-09-16,2017-10-05,2017-10-11,1936000
2017-09-16,2017-10-12,2018-03-28,1911000
2017-09-16,2018-03-29,2019-03-27,1923000
2017-09-16,2019-03-28,2020-03-18,1934000
2017-09-16,2020-03-19,2021-03-31,1946000
2017-09-16,2021-04-01,2022-04-06,1941000
2017-09-16,2022-04-07,9999-12-31,1872000
2017-09-23,2017-10-05,2017-10-11,1938000
2017-09-23,2017-10-12,2018-03-28,1921000
2017-09-23,2018-03-29,2019-03-27,1913000
2017-09-23,2019-03-28,2020-03-18,1927000
2017-09-23,2020-03-19,2021-03-31,1934000
2017-09-23,2021-04-01,2022-04-06,1932000
2017-09-23,2022-04-07,9999-12-31,1871000
2017-09-30,2017-10-12,2017-10-18,1889000
2017-09-30,2017-10-19,2018-03-28,1904000
2017-09-30,2018-03-29,2019-03-27,1914000
2017-09-30,2019-03-28,2020-03-18,1928000
2017-09-30,2020-03-19,2021-03-31,1930000
2017-09-30,2021-04-01,2022-04-06,1928000
2017-09-30,2022-04-07,9999-12-31,1871000
2017-10-07,2017-10-19,2017-10-25,1888000
2017-10-07,2017-10-26,2018-03-28,1896000
2017-10-07,2018-03-29,2019-03-27,1903000
2017-10-07,2019-03-28,2020-03-18,1919000
2017-10-07,2020-03-19,2021-03-31,1924000
2017-10-07,2021-04-01,2022-04-06,1922000
2017-10-07,2022-04-07,9999-12-31,1869000
2017-10-14,2017-10-26,2017-11-01,1893000
2017-10-14,2017-11-02,2017-11-08,1899000
2017-10-14,2017-11-09,2018-03-28,1900000
2017-10-14,2018-03-29,2019-03-27,1907000
2017-10-14,2019-03-28,2020-03-18,1923000
2017-10-14,2020-03-19,2021-03-31,1925000
2017-10-14,2021-04-01,2022-04-06,1923000
2017-10-14,2022-04-07,9999-12-31,1902000
2017-10-21,2017-11-02,2018-03-28,1884000
2017-10-21,2018-03-29,2019-03-27,1899000
2017-10-21,2019-03-28,2020-03-18,1915000
2017-10-21,2020-03-19,2021-03-31,1920000
2017-10-21,2021-04-01,2022-04-06,1917000
2017-10-21,2022-04-07,9999-12-31,1913000
2017-10-28,2017-11-09,2017-11-15,1901000
2017-10-28,2017-11-16,2019-03-27,1904000
2017-10-28,2019-03-28,2020-03-18,1920000
2017-10-28,2020-03-19,2021-03-31,1922000
2017-10-28,2021-04-01,9999-12-31,1927000
2017-11-04,2017-11-16,2017-11-21,1860000
2017-11-04,2017-11-22,2018-03-28,1868000
2017-11-04,2018-03-29,2019-03-27,1890000
2017-11-04,2019-03-28,2020-03-18,1894000
2017-11-04,2020-03-19,2021-03-31,1896000
2017-11-04,2021-04-01,2022-04-06,1926000
2017-11-04,2022-04-07,9999-12-31,1939000
2017-11-11,2017-11-22,2017-11-29,1904000
2017-11-11,2017-11-30,2018-03-28,1915000
2017-11-11,2018-03-29,2019-03-27,1916000
2017-11-11,2019-03-28,2020-03-18,1920000
2017-11-11,2020-03-19,2021-03-31,1925000
2017-11-11,2021-04-01,2022-04-06,1914000
2017-11-11,2022-04-07,9999-12-31,1944000
2017-11-18,2017-11-30,2017-12-06,1957000
2017-11-18,2017-12-07,2018-03-28,1960000
2017-11-18,2018-03-29,2019-03-27,1945000
2017-11-18,2019-03-28,2020-03-18,1943000
2017-11-18,2020-03-19,2021-03-31,1953000
2017-11-18,2021-04-01,2022-04-06,1922000
2017-11-18,2022-04-07,9999-12-31,1974000
2017-11-25,2017-12-07,2017-12-13,1908000
2017-11-25,2017-12-14,2017-12-20,1913000
2017-11-25,2017-12-21,2018-03-28,1911000
2017-11-25,2018-03-29,2019-03-27,1913000
2017-11-25,2019-03-28,2020-03-18,1930000
2017-11-25,2020-03-19,2021-03-31,1936000
2017-11-25,2021-04-01,2022-04-06,1940000
2017-11-25,2022-04-07,9999-12-31,1997000
2017-12-02,2017-12-14,2017-12-20,1886000
2017-12-02,2017-12-21,2018-03-28,1889000
2017-12-02,2018-03-29,2020-03-18,1896000
2017-12-02,2020-03-19,2021-03-31,1894000
2017-12-02,2021-04-01,2022-04-06,1892000
2017-12-02,2022-04-07,9999-12-31,1953000
2017-12-09,2017-12-21,2017-12-27,1932000
2017-12-09,2017-12-28,2018-03-28,1936000
2017-12-09,2018-03-29,2019-03-27,1928000
2017-12-09,2019-03-28,2020-03-18,1924000
2017-12-09,2020-03-19,2022-04-06,1926000
2017-12-09,2022-04-07,9999-12-31,1984000
2017-12-16,2017-12-28,2018-01-03,1943000
2017-12-16,2018-01-04,2018-03-28,1951000
2017-12-16,2018-03-29,2019-03-27,1936000
2017-12-16,2019-03-28,2020-03-18,1928000
2017-12-16,2020-03-19,2021-03-31,1924000
2017-12-16,2021-04-01,2022-04-06,1928000
2017-12-16,2022-04-07,9999-12-31,2006000
2017-12-23,2018-01-04,2018-01-17,1914000
2017-12-23,2018-01-18,2018-03-28,1905000
2017-12-23,2018-03-29,2019-03-27,1891000
2017-12-23,2019-03-28,2020-03-18,1879000
2017-12-23,2020-03-19,2021-03-31,1882000
2017-12-23,2021-04-01,2022-04-06,1908000
2017-12-23,2022-04-07,9999-12-31,1979000
2017-12-30,2018-01-18,2018-01-24,1876000
2017-12-30,2018-01-25,2019-03-27,1873000
2017-12-30,2019-03-28,2020-03-18,1864000
2017-12-30,2020-03-19,2021-03-31,1847000
2017-12-30,2021-04-01,2022-04-06,1862000
2017-12-30,2022-04-07,9999-12-31,1933000
2018-01-06,2018-01-18,2018-01-24,1952000
2018-01-06,2018-01-25,2018-03-28,1965000
2018-01-06,2018-03-29,2019-03-27,1944000
2018-01-06,2019-03-28,2020-03-18,1925000
2018-01-06,2020-03-19,2022-04-06,1919000
2018-01-06,2022-04-07,9999-12-31,1971000
2018-01-13,2018-01-25,2018-01-31,1937000
2018-01-13,2018-02-01,2018-03-28,1940000
2018-01-13,2018-03-29,2019-03-27,1922000
2018-01-13,2019-03-28,2021-03-31,1911000
2018-01-13,2021-04-01,2022-04-06,1908000
2018-01-13,2022-04-07,2023-04-05,1957000
2018-01-13,2023-04-06,9999-12-31,1972000
2018-01-20,2018-02-01,2018-02-07,1953000
2018-01-20,2018-02-08,2018-03-28,1956000
2018-01-20,2018-03-29,2019-03-27,1940000
2018-01-20,2019-03-28,2021-03-31,1912000
2018-01-20,2021-04-01,2022-04-06,1921000
2018-01-20,2022-04-07,2023-04-05,1975000
2018-01-20,2023-04-06,9999-12-31,1990000
2018-01-27,2018-02-08,2018-02-14,1923000
2018-01-27,2018-02-15,2018-03-28,1927000
2018-01-27,2018-03-29,2019-03-27,1911000
2018-01-27,2019-03-28,2020-03-18,1896000
2018-01-27,2020-03-19,2021-03-31,1891000
2018-01-27,2021-04-01,2022-04-06,1899000
2018-01-27,2022-04-07,2023-04-05,1943000
2018-01-27,2023-04-06,9999-12-31,1985000
2018-02-03,2018-02-15,2018-02-21,1942000
2018-02-03,2018-02-22,2018-03-28,1948000
2018-02-03,2018-03-29,2019-03-27,1935000
2018-02-03,2019-03-28,2020-03-18,1897000
2018-02-03,2020-03-19,2021-03-31,1878000
2018-02-03,2021-04-01,2022-04-06,1900000
2018-02-03,2022-04-07,2023-04-05,1954000
2018-02-03,2023-04-06,9999-12-31,1996000
2018-02-10,2018-02-22,2018-02-28,1875000
2018-02-10,2018-03-01,2018-03-07,1874000
2018-02-10,2018-03-08,2018-03-28,1875000
2018-02-10,2018-03-29,2019-03-27,1862000
2018-02-10,2019-03-28,2020-03-18,1858000
2018-02-10,2020-03-19,2021-03-31,1855000
2018-02-10,2021-04-01,2022-04-06,1865000
2018-02-10,2022-04-07,2023-04-05,1909000
2018-02-10,2023-04-06,9999-12-31,1959000
2018-02-17,2018-03-01,2018-03-07,1931000
2018-02-17,2018-03-08,2018-03-28,1934000
2018-02-17,2018-03-29,2019-03-27,1922000
2018-02-17,2019-03-28,2020-03-18,1887000
2018-02-17,2020-03-19,2021-03-31,1861000
2018-02-17,2021-04-01,2022-04-06,1879000
2018-02-17,2022-04-07,2023-04-05,1921000
2018-02-17,2023-04-06,9999-12-31,1985000
2018-02-24,2018-03-08,2018-03-14,1870000
2018-02-24,2018-03-15,2018-03-28,1875000
2018-02-24,2018-03-29,2019-03-27,1862000
2018-02-24,2019-03-28,2020-03-18,1854000
2018-02-24,2020-03-19,2021-03-31,1847000
2018-02-24,2021-04-01,2022-04-06,1854000
2018-02-24,2022-04-07,2023-04-05,1892000
2018-02-24,2023-04-06,9999-12-31,1957000
2018-03-03,2018-03-15,2018-03-28,1879000
2018-03-03,2018-03-29,2019-03-27,1877000
2018-03-03,2019-03-28,2020-03-18,1853000
2018-03-03,2020-03-19,2021-03-31,1833000
2018-03-03,2021-04-01,2022-04-06,1853000
2018-03-03,2022-04-07,2023-04-05,1883000
2018-03-03,2023-04-06,9999-12-31,1960000
2018-03-10,2018-03-29,2019-03-27,1836000
2018-03-10,2019-03-28,2020-03-18,1833000
2018-03-10,2020-03-19,2021-03-31,1825000
2018-03-10,2021-04-01,2022-04-06,1833000
2018-03-10,2022-04-07,2023-04-05,1859000
2018-03-10,2023-04-06,9999-12-31,1948000
2018-03-17,2018-03-29,2018-04-04,1871000
2018-03-17,2018-04-05,2018-04-11,1872000
2018-03-17,2018-04-12,2019-03-27,1876000
2018-03-17,2019-03-28,2020-03-18,1851000
2018-03-17,2020-03-19,2021-03-31,1835000
2018-03-17,2021-04-01,2022-04-06,1821000
2018-03-17,2022-04-07,2023-04-05,1861000
2018-03-17,2023-04-06,9999-12-31,1959000
2018-03-24,2018-04-05,2018-04-11,1808000
2018-03-24,2018-04-12,2020-03-18,1818000
2018-03-24,2020-03-19,2021-03-31,1813000
2018-03-24,2021-04-01,2022-04-06,1805000
2018-03-24,2022-04-07,2023-04-05,1828000
2018-03-24,2023-04-06,9999-12-31,1917000
2018-03-31,2018-04-12,2018-04-18,1871000
2018-03-31,2018-04-19,2019-03-27,1878000
2018-03-31,2019-03-28,2020-03-18,1852000
2018-03-31,2020-03-19,2021-03-31,1846000
2018-03-31,2021-04-01,2022-04-06,1835000
2018-03-31,2022-04-07,2023-04-05,1848000
2018-03-31,2023-04-06,9999-12-31,1943000
2018-04-07,2018-04-19,2018-04-25,1863000
2018-04-07,2018-04-26,2019-03-27,1866000
2018-04-07,2019-03-28,2020-03-18,1852000
2018-04-07,2020-03-19,2021-03-31,1864000
2018-04-07,2021-04-01,2023-04-05,1856000
2018-04-07,2023-04-06,9999-12-31,1949000
2018-04-14,2018-04-26,2018-05-02,1837000
2018-04-14,2018-05-03,2018-05-09,1833000
2018-04-14,2018-05-10,2019-03-27,1834000
2018-04-14,2019-03-28,2020-03-18,1818000
2018-04-14,2020-03-19,2021-03-31,1824000
2018-04-14,2021-04-01,2022-04-06,1815000
2018-04-14,2022-04-07,2023-04-05,1804000
2018-04-14,2023-04-06,9999-12-31,1900000
2018-04-21,2018-05-03,2018-05-09,1756000
2018-04-21,2018-05-10,2019-03-27,1760000
2018-04-21,2019-03-28,2020-03-18,1773000
2018-04-21,2020-03-19,2021-03-31,1778000
2018-04-21,2021-04-01,2022-04-06,1769000
2018-04-21,2022-04-07,2023-04-05,1744000
2018-04-21,2023-04-06,9999-12-31,1827000
2018-04-28,2018-05-10,2018-05-16,1790000
2018-04-28,2018-05-17,2019-03-27,1794000
2018-04-28,2019-03-28,2021-03-31,1787000
2018-04-28,2021-04-01,2022-04-06,1780000
2018-04-28,2022-04-07,2023-04-05,1745000
2018-04-28,2023-04-06,9999-12-31,1834000
2018-05-05,2018-05-17,2018-05-23,1707000
2018-05-05,2018-05-24,2019-03-27,1712000
2018-05-05,2019-03-28,2020-03-18,1736000
2018-05-05,2020-03-19,2021-03-31,1743000
2018-05-05,2021-04-01,2022-04-06,1734000
2018-05-05,2022-04-07,2023-04-05,1683000
2018-05-05,2023-04-06,9999-12-31,1765000
2018-05-12,2018-05-24,2018-05-30,1741000
2018-05-12,2018-05-31,2019-03-27,1742000
2018-05-12,2019-03-28,2020-03-18,1746000
2018-05-12,2020-03-19,2021-03-31,1747000
2018-05-12,2021-04-01,2022-04-06,1742000
2018-05-12,2022-04-07,2023-04-05,1697000
2018-05-12,2023-04-06,9999-12-31,1769000
2018-05-19,2018-05-31,2018-06-06,1726000
2018-05-19,2018-06-07,2019-03-27,1720000
2018-05-19,2019-03-28,2020-03-18,1741000
2018-05-19,2020-03-19,2021-03-31,1747000
2018-05-19,2021-04-01,2022-04-06,1739000
2018-05-19,2022-04-07,2023-04-05,1689000
2018-05-19,2023-04-06,9999-12-31,1751000
2018-05-26,2018-06-07,2018-06-13,1741000
2018-05-26,2018-06-14,2019-03-27,1746000
2018-05-26,2019-03-28,2020-03-18,1748000
2018-05-26,2020-03-19,2021-03-31,1750000
2018-05-26,2021-04-01,2022-04-06,1742000
2018-05-26,2022-04-07,2023-04-05,1686000
2018-05-26,2023-04-06,9999-12-31,1737000
2018-06-02,2018-06-14,2018-06-20,1697000
2018-06-02,2018-06-21,2019-03-27,1701000
2018-06-02,2019-03-28,2020-03-18,1722000
2018-06-02,2020-03-19,2021-03-31,1720000
2018-06-02,2021-04-01,2022-04-06,1714000
2018-06-02,2022-04-07,2023-04-05,1659000
2018-06-02,2023-04-06,9999-12-31,1690000
2018-06-09,2018-06-21,2018-06-27,1723000
2018-06-09,2018-06-28,2019-03-27,1726000
2018-06-09,2019-03-28,2020-03-18,1734000
2018-06-09,2020-03-19,2021-03-31,1743000
2018-06-09,2021-04-01,2022-04-06,1736000
2018-06-09,2022-04-07,2023-04-05,1684000
2018-06-09,2023-04-06,9999-12-31,1693000
2018-06-16,2018-06-28,2018-07-04,1705000
2018-06-16,2018-07-05,2019-03-27,1707000
2018-06-16,2019-03-28,2020-03-18,1722000
2018-06-16,2020-03-19,2021-03-31,1720000
2018-06-16,2021-04-01,2022-04-06,1716000
2018-06-16,2022-04-07,2023-04-05,1668000
2018-06-16,2023-04-06,9999-12-31,1671000
2018-06-23,2018-07-05,2018-07-11,1739000
2018-06-23,2018-07-12,2019-03-27,1742000
2018-06-23,2019-03-28,2020-03-18,1745000
2018-06-23,2020-03-19,2021-03-31,1749000
2018-06-23,2021-04-01,2022-04-06,1740000
2018-06-23,2022-04-07,2023-04-05,1695000
2018-06-23,2023-04-06,9999-12-31,1671000
2018-06-30,2018-07-12,2018-07-18,1739000
2018-06-30,2018-07-19,2019-03-27,1743000
2018-06-30,2019-03-28,2020-03-18,1745000
2018-06-30,2020-03-19,2021-03-31,1738000
2018-06-30,2021-04-01,2022-04-06,1734000
2018-06-30,2022-04-07,2023-04-05,1698000
2018-06-30,2023-04-06,9999-12-31,1672000
2018-07-07,2018-07-19,2018-07-25,1751000
2018-07-07,2018-07-26,2020-03-18,1753000
2018-07-07,2020-03-19,2021-03-31,1759000
2018-07-07,2021-04-01,2022-04-06,1750000
2018-07-07,2022-04-07,2023-04-05,1718000
2018-07-07,2023-04-06,9999-12-31,1676000
2018-07-14,2018-07-26,2018-08-01,1745000
2018-07-14,2018-08-02,2019-03-27,1747000
2018-07-14,2019-03-28,2020-03-18,1745000
2018-07-14,2020-03-19,2021-03-31,1750000
2018-07-14,2021-04-01,2022-04-06,1747000
2018-07-14,2022-04-07,2023-04-05,1711000
2018-07-14,2023-04-06,9999-12-31,1659000
2018-07-21,2018-08-02,2018-08-08,1724000
2018-07-21,2018-08-09,2019-03-27,1726000
2018-07-21,2019-03-28,2020-03-18,1733000
2018-07-21,2020-03-19,2021-03-31,1731000
2018-07-21,2021-04-01,2022-04-06,1726000
2018-07-21,2022-04-07,2023-04-05,1680000
2018-07-21,2023-04-06,9999-12-31,1624000
2018-07-28,2018-08-09,2018-08-15,1755000
2018-07-28,2018-08-16,2019-03-27,1760000
2018-07-28,2019-03-28,2020-03-18,1753000
2018-07-28,2020-03-19,2021-03-31,1758000
2018-07-28,2021-04-01,2022-04-06,1753000
2018-07-28,2022-04-07,2023-04-05,1728000
2018-07-28,2023-04-06,9999-12-31,1657000
2018-08-04,2018-08-16,2018-08-22,1721000
2018-08-04,2018-08-23,2019-03-27,1729000
2018-08-04,2019-03-28,2020-03-18,1734000
2018-08-04,2020-03-19,2021-03-31,1725000
2018-08-04,2021-04-01,2022-04-06,1722000
2018-08-04,2022-04-07,2023-04-05,1694000
2018-08-04,2023-04-06,9999-12-31,1624000
2018-08-11,2018-08-23,2018-08-29,1727000
2018-08-11,2018-08-30,2019-03-27,1728000
2018-08-11,2019-03-28,2020-03-18,1726000
2018-08-11,2020-03-19,2021-03-31,1735000
2018-08-11,2021-04-01,2022-04-06,1729000
2018-08-11,2022-04-07,2023-04-05,1701000
2018-08-11,2023-04-06,9999-12-31,1625000
2018-08-18,2018-08-30,2018-09-05,1708000
2018-08-18,2018-09-06,2019-03-27,1710000
2018-08-18,2019-03-28,2020-03-18,1717000
2018-08-18,2020-03-19,2021-03-31,1715000
2018-08-18,2021-04-01,2022-04-06,1713000
2018-08-18,2022-04-07,2023-04-05,1685000
2018-08-18,2023-04-06,9999-12-31,1605000
2018-08-25,2018-09-06,2018-09-12,1707000
2018-08-25,2018-09-13,2019-03-27,1711000
2018-08-25,2019-03-28,2020-03-18,1713000
2018-08-25,2020-03-19,2021-03-31,1720000
2018-08-25,2021-04-01,2022-04-06,1717000
2018-08-25,2022-04-07,2023-04-05,1677000
2018-08-25,2023-04-06,9999-12-31,1602000
2018-09-01,2018-09-13,2018-09-19,1696000
2018-09-01,2018-09-20,2019-03-27,1700000
2018-09-01,2019-03-28,2020-03-18,1706000
2018-09-01,2020-03-19,2021-03-31,1712000
2018-09-01,2021-04-01,2022-04-06,1710000
2018-09-01,2022-04-07,2023-04-05,1659000
2018-09-01,2023-04-06,9999-12-31,1575000
2018-09-08,2018-09-20,2019-03-27,1645000
2018-09-08,2019-03-28,2020-03-18,1665000
2018-09-08,2020-03-19,2021-03-31,1672000
2018-09-08,2021-04-01,2022-04-06,1670000
2018-09-08,2022-04-07,2023-04-05,1615000
2018-09-08,2023-04-06,9999-12-31,1538000
2018-09-15,2018-09-27,2018-10-03,1661000
2018-09-15,2018-10-04,2019-03-27,1663000
2018-09-15,2019-03-28,2020-03-18,1682000
2018-09-15,2020-03-19,2021-03-31,1694000
2018-09-15,2021-04-01,2022-04-06,1690000
2018-09-15,2022-04-07,2023-04-05,1609000
2018-09-15,2023-04-06,9999-12-31,1544000
2018-09-22,2018-10-04,2018-10-10,1650000
2018-09-22,2018-10-11,2019-03-27,1656000
2018-09-22,2019-03-28,2020-03-18,1669000
2018-09-22,2020-03-19,2021-03-31,1677000
2018-09-22,2021-04-01,2022-04-06,1675000
2018-09-22,2022-04-07,2023-04-05,1598000
2018-09-22,2023-04-06,9999-12-31,1545000
2018-09-29,2018-10-11,2018-10-17,1660000
2018-09-29,2018-10-18,2019-03-27,1653000
2018-09-29,2019-03-28,2020-03-18,1668000
2018-09-29,2020-03-19,2021-03-31,1672000
2018-09-29,2021-04-01,2022-04-06,1670000
2018-09-29,2022-04-07,2023-04-05,1602000
2018-09-29,2023-04-06,9999-12-31,1553000
2018-10-06,2018-10-18,2018-10-24,1640000
2018-10-06,2018-10-25,2019-03-27,1641000
2018-10-06,2019-03-28,2020-03-18,1660000
2018-10-06,2020-03-19,2021-03-31,1666000
2018-10-06,2021-04-01,2022-04-06,1664000
2018-10-06,2022-04-07,2023-04-05,1599000
2018-10-06,2023-04-06,9999-12-31,1565000
2018-10-13,2018-10-25,2018-10-31,1636000
2018-10-13,2018-11-01,2019-03-27,1638000
2018-10-13,2019-03-28,2020-03-18,1656000
2018-10-13,2020-03-19,2021-03-31,1660000
2018-10-13,2021-04-01,2022-04-06,1656000
2018-10-13,2022-04-07,2023-04-05,1626000
2018-10-13,2023-04-06,9999-12-31,1588000
2018-10-20,2018-11-01,2019-03-27,1631000
2018-10-20,2019-03-28,2020-03-18,1649000
2018-10-20,2020-03-19,2021-03-31,1655000
2018-10-20,2021-04-01,2022-04-06,1657000
2018-10-20,2022-04-07,2023-04-05,1647000
2018-10-20,2023-04-06,9999-12-31,1603000
2018-10-27,2018-11-08,2018-11-14,1623000
2018-10-27,2018-11-15,2019-03-27,1630000
2018-10-27,2019-03-28,2021-03-31,1649000
2018-10-27,2021-04-01,2022-04-06,1651000
2018-10-27,2022-04-07,2023-04-05,1653000
2018-10-27,2023-04-06,9999-12-31,1615000
2018-11-03,2018-11-15,2018-11-20,1676000
2018-11-03,2018-11-21,2018-11-28,1670000
2018-11-03,2018-11-29,2019-03-27,1671000
2018-11-03,2019-03-28,2020-03-18,1678000
2018-11-03,2020-03-19,2021-03-31,1682000
2018-11-03,2021-04-01,2022-04-06,1663000
2018-11-03,2022-04-07,2023-04-05,1676000
2018-11-03,2023-04-06,9999-12-31,1642000
2018-11-10,2018-11-21,2018-11-28,1668000
2018-11-10,2018-11-29,2018-12-05,1660000
2018-11-10,2018-12-06,2019-03-27,1661000
2018-11-10,2019-03-28,2020-03-18,1673000
2018-11-10,2020-03-19,2021-03-31,1677000
2018-11-10,2021-04-01,2022-04-06,1671000
2018-11-10,2022-04-07,2023-04-05,1704000
2018-11-10,2023-04-06,9999-12-31,1665000
2018-11-17,2018-11-29,2018-12-05,1710000
2018-11-17,2018-12-06,2019-03-27,1705000
2018-11-17,2019-03-28,2020-03-18,1695000
2018-11-17,2020-03-19,2021-03-31,1707000
2018-11-17,2021-04-01,2022-04-06,1726000
2018-11-17,2022-04-07,2023-04-05,1786000
2018-11-17,2023-04-06,9999-12-31,1749000
2018-11-24,2018-12-06,2018-12-12,1631000
2018-11-24,2018-12-13,2019-03-27,1636000
2018-11-24,2019-03-28,2020-03-18,1654000
2018-11-24,2020-03-19,2021-03-31,1659000
2018-11-24,2021-04-01,2022-04-06,1664000
2018-11-24,2022-04-07,2023-04-05,1737000
2018-11-24,2023-04-06,9999-12-31,1684000
2018-12-01,2018-12-13,2019-03-27,1661000
2018-12-01,2019-03-28,2020-03-18,1667000
2018-12-01,2020-03-19,2021-03-31,1665000
2018-12-01,2021-04-01,2022-04-06,1663000
2018-12-01,2022-04-07,2023-04-05,1735000
2018-12-01,2023-04-06,9999-12-31,1694000
2018-12-08,2018-12-20,2018-12-26,1688000
2018-12-08,2018-12-27,2019-03-27,1705000
2018-12-08,2019-03-28,2020-03-18,1700000
2018-12-08,2020-03-19,2021-03-31,1702000
2018-12-08,2021-04-01,2022-04-06,1703000
2018-12-08,2022-04-07,2023-04-05,1777000
2018-12-08,2023-04-06,9999-12-31,1745000
2018-12-15,2018-12-27,2019-01-02,1701000
2018-12-15,2019-01-03,2019-03-27,1708000
2018-12-15,2019-03-28,2020-03-18,1699000
2018-12-15,2020-03-19,2021-03-31,1694000
2018-12-15,2021-04-01,2022-04-06,1697000
2018-12-15,2022-04-07,2023-04-05,1790000
2018-12-15,2023-04-06,9999-12-31,1756000
2018-12-22,2019-01-03,2019-01-09,1740000
2018-12-22,2019-01-10,2019-03-27,1750000
2018-12-22,2019-03-28,2021-03-31,1728000
2018-12-22,2021-04-01,2022-04-06,1723000
2018-12-22,2022-04-07,2023-04-05,1798000
2018-12-22,2023-04-06,9999-12-31,1770000
2018-12-29,2019-01-10,2019-01-16,1722000
2018-12-29,2019-01-17,2019-03-27,1719000
2018-12-29,2019-03-28,2020-03-18,1708000
2018-12-29,2020-03-19,2021-03-31,1687000
2018-12-29,2021-04-01,2022-04-06,1697000
2018-12-29,2022-04-07,2023-04-05,1779000
2018-12-29,2023-04-06,9999-12-31,1783000
2019-01-05,2019-01-17,2019-03-27,1737000
2019-01-05,2019-03-28,2020-03-18,1716000
2019-01-05,2020-03-19,2021-03-31,1709000
2019-01-05,2021-04-01,2022-04-06,1713000
2019-01-05,2022-04-07,2023-04-05,1785000
2019-01-05,2023-04-06,2024-03-20,1794000
2019-01-05,2024-03-21,9999-12-31,1766000
2019-01-12,2019-01-24,2019-02-06,1713000
2019-01-12,2019-02-07,2019-03-27,1714000
2019-01-12,2019-03-28,2020-03-18,1707000
2019-01-12,2020-03-19,2021-03-31,1701000
2019-01-12,2021-04-01,2022-04-06,1709000
2019-01-12,2022-04-07,2023-04-05,1779000
2019-01-12,2023-04-06,2024-03-20,1790000
2019-01-12,2024-03-21,9999-12-31,1780000
2019-01-19,2019-01-31,2019-02-06,1782000
2019-01-19,2019-02-07,2019-03-27,1778000
2019-01-19,2019-03-28,2020-03-18,1739000
2019-01-19,2020-03-19,2021-03-31,1742000
2019-01-19,2021-04-01,2022-04-06,1740000
2019-01-19,2022-04-07,2023-04-05,1802000
2019-01-19,2023-04-06,2024-03-20,1830000
2019-01-19,2024-03-21,9999-12-31,1813000
2019-01-26,2019-02-07,2019-03-27,1736000
2019-01-26,2019-03-28,2020-03-18,1720000
2019-01-26,2020-03-19,2021-03-31,1715000
2019-01-26,2021-04-01,2022-04-06,1717000
2019-01-26,2022-04-07,2023-04-05,1775000
2019-01-26,2023-04-06,2024-03-20,1826000
2019-01-26,2024-03-21,9999-12-31,1759000
2019-02-02,2019-02-14,2019-02-20,1773000
2019-02-02,2019-02-21,2019-03-27,1780000
2019-02-02,2019-03-28,2020-03-18,1746000
2019-02-02,2020-03-19,2021-03-31,1721000
2019-02-02,2021-04-01,2022-04-06,1743000
2019-02-02,2022-04-07,2023-04-05,1820000
2019-02-02,2023-04-06,2024-03-20,1868000
2019-02-02,2024-03-21,9999-12-31,1806000
2019-02-09,2019-02-21,2019-02-27,1725000
2019-02-09,2019-02-28,2019-03-27,1726000
2019-02-09,2019-03-28,2020-03-18,1719000
2019-02-09,2020-03-19,2021-03-31,1716000
2019-02-09,2021-04-01,2022-04-06,1723000
2019-02-09,2022-04-07,2023-04-05,1785000
2019-02-09,2023-04-06,2024-03-20,1838000
2019-02-09,2024-03-21,9999-12-31,1778000
2019-02-16,2019-02-28,2019-03-27,1805000
2019-02-16,2019-03-28,2020-03-18,1773000
2019-02-16,2020-03-19,2021-03-31,1741000
2019-02-16,2021-04-01,2022-04-06,1758000
2019-02-16,2022-04-07,2023-04-05,1819000
2019-02-16,2023-04-06,2024-03-20,1898000
2019-02-16,2024-03-21,9999-12-31,1826000
2019-02-23,2019-03-07,2019-03-13,1755000
2019-02-23,2019-03-14,2019-03-27,1758000
2019-02-23,2019-03-28,2020-03-18,1749000
2019-02-23,2020-03-19,2021-03-31,1739000
2019-02-23,2021-04-01,2022-04-06,1747000
2019-02-23,2022-04-07,2023-04-05,1801000
2019-02-23,2023-04-06,2024-03-20,1878000
2019-02-23,2024-03-21,9999-12-31,1796000
2019-03-02,2019-03-14,2019-03-20,1776000
2019-03-02,2019-03-21,2019-03-27,1777000
2019-03-02,2019-03-28,2020-03-18,1757000
2019-03-02,2020-03-19,2021-03-31,1730000
2019-03-02,2021-04-01,2022-04-06,1748000
2019-03-02,2022-04-07,2023-04-05,1797000
2019-03-02,2023-04-06,2024-03-20,1890000
2019-03-02,2024-03-21,9999-12-31,1807000
2019-03-09,2019-03-21,2019-03-27,1750000
2019-03-09,2019-03-28,2019-04-03,1743000
2019-03-09,2019-04-04,2020-03-18,1744000
2019-03-09,2020-03-19,2021-03-31,1734000
2019-03-09,2021-04-01,2022-04-06,1745000
2019-03-09,2022-04-07,2023-04-05,1782000
2019-03-09,2023-04-06,2024-03-20,1891000
2019-03-09,2024-03-21,9999-12-31,1792000
2019-03-16,2019-03-28,2019-04-03,1756000
2019-03-16,2019-04-04,2020-03-18,1755000
2019-03-16,2020-03-19,2021-03-31,1732000
2019-03-16,2021-04-01,2022-04-06,1719000
2019-03-16,2022-04-07,2023-04-05,1770000
2019-03-16,2023-04-06,2024-03-20,1894000
2019-03-16,2024-03-21,9999-12-31,1800000
2019-03-23,2019-04-04,2019-04-10,1717000
2019-03-23,2019-04-11,2020-03-18,1726000
2019-03-23,2020-03-19,2021-03-31,1719000
2019-03-23,2021-04-01,2022-04-06,1710000
2019-03-23,2022-04-07,2023-04-05,1741000
2019-03-23,2023-04-06,2024-03-20,1855000
2019-03-23,2024-03-21,9999-12-31,1760000
2019-03-30,2019-04-11,2019-04-17,1713000
2019-03-30,2019-04-18,2020-03-18,1716000
2019-03-30,2020-03-19,2021-03-31,1705000
2019-03-30,2021-04-01,2022-04-06,1692000
2019-03-30,2022-04-07,2023-04-05,1711000
2019-03-30,2023-04-06,2024-03-20,1823000
2019-03-30,2024-03-21,9999-12-31,1742000
2019-04-06,2019-04-18,2019-04-24,1653000
2019-04-06,2019-04-25,2020-03-18,1654000
2019-04-06,2020-03-19,2021-03-31,1667000
2019-04-06,2021-04-01,2022-04-06,1659000
2019-04-06,2022-04-07,2023-04-05,1660000
2019-04-06,2023-04-06,2024-03-20,1771000
2019-04-06,2024-03-21,9999-12-31,1680000
2019-04-13,2019-04-25,2019-05-01,1655000
2019-04-13,2019-05-02,2020-03-18,1654000
2019-04-13,2020-03-19,2021-03-31,1659000
2019-04-13,2021-04-01,2022-04-06,1649000
2019-04-13,2022-04-07,2023-04-05,1636000
2019-04-13,2023-04-06,2024-03-20,1753000
2019-04-13,2024-03-21,9999-12-31,1664000
2019-04-20,2019-05-02,2020-03-18,1671000
2019-04-20,2020-03-19,2021-03-31,1682000
2019-04-20,2021-04-01,2022-04-06,1671000
2019-04-20,2022-04-07,2023-04-05,1643000
2019-04-20,2023-04-06,2024-03-20,1746000
2019-04-20,2024-03-21,9999-12-31,1659000
2019-04-27,2019-05-09,2019-05-15,1684000
2019-04-27,2019-05-16,2019-05-22,1688000
2019-04-27,2019-05-23,2020-03-18,1686000
2019-04-27,2020-03-19,2021-03-31,1684000
2019-04-27,2021-04-01,2022-04-06,1675000
2019-04-27,2022-04-07,2023-04-05,1634000
2019-04-27,2023-04-06,2024-03-20,1745000
2019-04-27,2024-03-21,9999-12-31,1663000
2019-05-04,2019-05-16,2019-05-22,1660000
2019-05-04,2019-05-23,2020-03-18,1664000
2019-05-04,2020-03-19,2021-03-31,1678000
2019-05-04,2021-04-01,2022-04-06,1667000
2019-05-04,2022-04-07,2023-04-05,1605000
2019-05-04,2023-04-06,2024-03-20,1710000
2019-05-04,2024-03-21,9999-12-31,1627000
2019-05-11,2019-05-23,2019-05-29,1676000
2019-05-11,2019-05-30,2021-03-31,1683000
2019-05-11,2021-04-01,2022-04-06,1676000
2019-05-11,2022-04-07,2023-04-05,1616000
2019-05-11,2023-04-06,2024-03-20,1711000
2019-05-11,2024-03-21,9999-12-31,1635000
2019-05-18,2019-05-30,2019-06-05,1657000
2019-05-18,2019-06-06,2020-03-18,1662000
2019-05-18,2020-03-19,2021-03-31,1675000
2019-05-18,2021-04-01,2022-04-06,1666000
2019-05-18,2022-04-07,2023-04-05,1604000
2019-05-18,2023-04-06,2024-03-20,1683000
2019-05-18,2024-03-21,9999-12-31,1621000
2019-05-25,2019-06-06,2019-06-12,1682000
2019-05-25,2019-06-13,2020-03-18,1693000
2019-05-25,2020-03-19,2021-03-31,1695000
2019-05-25,2021-04-01,2022-04-06,1687000
2019-05-25,2022-04-07,2023-04-05,1614000
2019-05-25,2023-04-06,2024-03-20,1681000
2019-05-25,2024-03-21,9999-12-31,1629000
2019-06-01,2019-06-13,2019-06-19,1695000
2019-06-01,2019-06-20,2019-06-26,1699000
2019-06-01,2019-06-27,2021-03-31,1700000
2019-06-01,2021-04-01,2022-04-06,1692000
2019-06-01,2022-04-07,2023-04-05,1621000
2019-06-01,2023-04-06,2024-03-20,1661000
2019-06-01,2024-03-21,9999-12-31,1631000
2019-06-08,2019-06-20,2019-06-26,1662000
2019-06-08,2019-06-27,2020-03-18,1666000
2019-06-08,2020-03-19,2021-03-31,1677000
2019-06-08,2021-04-01,2022-04-06,1668000
2019-06-08,2022-04-07,2023-04-05,1599000
2019-06-08,2023-04-06,2024-03-20,1625000
2019-06-08,2024-03-21,9999-12-31,1608000
2019-06-15,2019-06-27,2019-07-02,1688000
2019-06-15,2019-07-03,2020-03-18,1694000
2019-06-15,2020-03-19,2021-03-31,1692000
2019-06-15,2021-04-01,2022-04-06,1689000
2019-06-15,2022-04-07,2023-04-05,1627000
2019-06-15,2023-04-06,2024-03-20,1632000
2019-06-15,2024-03-21,9999-12-31,1634000
2019-06-22,2019-07-03,2019-07-10,1686000
2019-06-22,2019-07-11,2020-03-18,1696000
2019-06-22,2020-03-19,2021-03-31,1699000
2019-06-22,2021-04-01,2022-04-06,1689000
2019-06-22,2022-04-07,2023-04-05,1626000
2019-06-22,2023-04-06,2024-03-20,1603000
2019-06-22,2024-03-21,9999-12-31,1625000
2019-06-29,2019-07-11,2019-07-17,1723000
2019-06-29,2019-07-18,2020-03-18,1728000
2019-06-29,2020-03-19,2021-03-31,1717000
2019-06-29,2021-04-01,2022-04-06,1712000
2019-06-29,2022-04-07,2023-04-05,1666000
2019-06-29,2023-04-06,2024-03-20,1634000
2019-06-29,2024-03-21,9999-12-31,1657000
2019-07-06,2019-07-18,2019-07-24,1686000
2019-07-06,2019-07-25,2020-03-18,1689000
2019-07-06,2020-03-19,2021-03-31,1694000
2019-07-06,2021-04-01,2022-04-06,1688000
2019-07-06,2022-04-07,2023-04-05,1642000
2019-07-06,2023-04-06,2024-03-20,1594000
2019-07-06,2024-03-21,9999-12-31,1633000
2019-07-13,2019-07-25,2019-07-31,1676000
2019-07-13,2019-08-01,2020-03-18,1677000
2019-07-13,2020-03-19,2021-03-31,1682000
2019-07-13,2021-04-01,2022-04-06,1679000
2019-07-13,2022-04-07,2023-04-05,1639000
2019-07-13,2023-04-06,2024-03-20,1578000
2019-07-13,2024-03-21,9999-12-31,1634000
2019-07-20,2019-08-01,2021-03-31,1699000
2019-07-20,2021-04-01,2022-04-06,1692000
2019-07-20,2022-04-07,2023-04-05,1626000
2019-07-20,2023-04-06,2024-03-20,1560000
2019-07-20,2024-03-21,9999-12-31,1623000
2019-07-27,2019-08-08,2019-08-14,1684000
2019-07-27,2019-08-15,2020-03-18,1687000
2019-07-27,2020-03-19,2021-03-31,1692000
2019-07-27,2021-04-01,2022-04-06,1689000
2019-07-27,2022-04-07,2023-04-05,1659000
2019-07-27,2023-04-06,2024-03-20,1573000
2019-07-27,2024-03-21,9999-12-31,1634000
2019-08-03,2019-08-15,2019-08-21,1726000
2019-08-03,2019-08-22,2020-03-18,1728000
2019-08-03,2020-03-19,2021-03-31,1719000
2019-08-03,2021-04-01,2022-04-06,1714000
2019-08-03,2022-04-07,2023-04-05,1674000
2019-08-03,2023-04-06,2024-03-20,1586000
2019-08-03,2024-03-21,9999-12-31,1656000
2019-08-10,2019-08-22,2019-08-28,1674000
2019-08-10,2019-08-29,2020-03-18,1676000
2019-08-10,2020-03-19,2021-03-31,1687000
2019-08-10,2021-04-01,2022-04-06,1682000
2019-08-10,2022-04-07,2023-04-05,1647000
2019-08-10,2023-04-06,2024-03-20,1554000
2019-08-10,2024-03-21,9999-12-31,1618000
2019-08-17,2019-08-29,2019-09-04,1698000
2019-08-17,2019-09-05,2020-03-18,1701000
2019-08-17,2020-03-19,2021-03-31,1699000
2019-08-17,2021-04-01,2022-04-06,1697000
2019-08-17,2022-04-07,2023-04-05,1654000
2019-08-17,2023-04-06,2024-03-20,1557000
2019-08-17,2024-03-21,9999-12-31,1629000
2019-08-24,2019-09-05,2019-09-11,1662000
2019-08-24,2019-09-12,2020-03-18,1674000
2019-08-24,2020-03-19,2021-03-31,1683000
2019-08-24,2021-04-01,2022-04-06,1678000
2019-08-24,2022-04-07,2023-04-05,1634000
2019-08-24,2023-04-06,2024-03-20,1538000
2019-08-24,2024-03-21,9999-12-31,1604000
2019-08-31,2019-09-12,2019-09-18,1670000
2019-08-31,2019-09-19,2020-03-18,1674000
2019-08-31,2020-03-19,2021-03-31,1683000
2019-08-31,2021-04-01,2022-04-06,1679000
2019-08-31,2022-04-07,2023-04-05,1610000
2019-08-31,2023-04-06,2024-03-20,1508000
2019-08-31,2024-03-21,9999-12-31,1591000
2019-09-07,2019-09-19,2019-09-25,1661000
2019-09-07,2019-09-26,2020-03-18,1665000
2019-09-07,2020-03-19,2021-03-31,1675000
2019-09-07,2021-04-01,2022-04-06,1673000
2019-09-07,2022-04-07,2023-04-05,1605000
2019-09-07,2023-04-06,2024-03-20,1508000
2019-09-07,2024-03-21,9999-12-31,1596000
2019-09-14,2019-09-26,2019-10-02,1650000
2019-09-14,2019-10-03,2020-03-18,1656000
2019-09-14,2020-03-19,2021-03-31,1672000
2019-09-14,2021-04-01,2022-04-06,1668000
2019-09-14,2022-04-07,2023-04-05,1566000
2019-09-14,2023-04-06,2024-03-20,1479000
2019-09-14,2024-03-21,9999-12-31,1567000
2019-09-21,2019-10-03,2019-10-09,1651000
2019-09-21,2019-10-10,2020-03-18,1655000
2019-09-21,2020-03-19,2021-03-31,1667000
2019-09-21,2021-04-01,2022-04-06,1665000
2019-09-21,2022-04-07,2023-04-05,1561000
2019-09-21,2023-04-06,2024-03-20,1497000
2019-09-21,2024-03-21,9999-12-31,1561000
2019-09-28,2019-10-10,2019-10-16,1684000
2019-09-28,2019-10-17,2020-03-18,1689000
2019-09-28,2020-03-19,2021-03-31,1698000
2019-09-28,2021-04-01,2022-04-06,1696000
2019-09-28,2022-04-07,2023-04-05,1606000
2019-09-28,2023-04-06,2024-03-20,1537000
2019-09-28,2024-03-21,9999-12-31,1600000
2019-10-05,2019-10-17,2019-10-23,1679000
2019-10-05,2019-10-24,2020-03-18,1683000
2019-10-05,2020-03-19,2021-03-31,1689000
2019-10-05,2021-04-01,2022-04-06,1687000
2019-10-05,2022-04-07,2023-04-05,1597000
2019-10-05,2023-04-06,2024-03-20,1558000
2019-10-05,2024-03-21,9999-12-31,1602000
2019-10-12,2019-10-24,2019-10-30,1682000
2019-10-12,2019-10-31,2020-03-18,1683000
2019-10-12,2020-03-19,2021-03-31,1691000
2019-10-12,2021-04-01,2022-04-06,1693000
2019-10-12,2022-04-07,2023-04-05,1639000
2019-10-12,2023-04-06,2024-03-20,1589000
2019-10-12,2024-03-21,9999-12-31,1611000
2019-10-19,2019-10-31,2019-11-06,1690000
2019-10-19,2019-11-07,2020-03-18,1692000
2019-10-19,2020-03-19,2021-03-31,1700000
2019-10-19,2021-04-01,2022-04-06,1694000
2019-10-19,2022-04-07,2023-04-05,1684000
2019-10-19,2023-04-06,2024-03-20,1630000
2019-10-19,2024-03-21,9999-12-31,1628000
2019-10-26,2019-11-07,2019-11-13,1689000
2019-10-26,2019-11-14,2020-03-18,1693000
2019-10-26,2020-03-19,2022-04-06,1695000
2019-10-26,2022-04-07,2023-04-05,1699000
2019-10-26,2023-04-06,2024-03-20,1646000
2019-10-26,2024-03-21,9999-12-31,1633000
2019-11-02,2019-11-14,2019-11-20,1683000
2019-11-02,2019-11-21,2020-03-18,1692000
2019-11-02,2020-03-19,2021-03-31,1702000
2019-11-02,2021-04-01,2022-04-06,1692000
2019-11-02,2022-04-07,2023-04-05,1702000
2019-11-02,2023-04-06,2024-03-20,1652000
2019-11-02,2024-03-21,9999-12-31,1646000
2019-11-09,2019-11-21,2019-11-26,1695000
2019-11-09,2019-11-27,2021-03-31,1697000
2019-11-09,2021-04-01,2022-04-06,1695000
2019-11-09,2022-04-07,2023-04-05,1741000
2019-11-09,2023-04-06,2024-03-20,1693000
2019-11-09,2024-03-21,9999-12-31,1668000
2019-11-16,2019-11-27,2019-12-04,1640000
2019-11-16,2019-12-05,2020-03-18,1642000
2019-11-16,2020-03-19,2021-03-31,1665000
2019-11-16,2021-04-01,2022-04-06,1678000
2019-11-16,2022-04-07,2023-04-05,1746000
2019-11-16,2023-04-06,2024-03-20,1696000
2019-11-16,2024-03-21,9999-12-31,1702000
2019-11-23,2019-12-05,2019-12-11,1693000
2019-11-23,2019-12-12,2019-12-18,1698000
2019-11-23,2019-12-19,2020-03-18,1699000
2019-11-23,2020-03-19,2021-03-31,1697000
2019-11-23,2021-04-01,2022-04-06,1699000
2019-11-23,2022-04-07,2023-04-05,1802000
2019-11-23,2023-04-06,2024-03-20,1738000
2019-11-23,2024-03-21,9999-12-31,1702000
2019-11-30,2019-12-12,2019-12-18,1667000
2019-11-30,2019-12-19,2020-03-18,1671000
2019-11-30,2020-03-19,2021-03-31,1700000
2019-11-30,2021-04-01,2022-04-06,1705000
2019-11-30,2022-04-07,2023-04-05,1800000
2019-11-30,2023-04-06,2024-03-20,1748000
2019-11-30,2024-03-21,9999-12-31,1708000
2019-12-07,2019-12-19,2019-12-25,1722000
2019-12-07,2019-12-26,2021-03-31,1725000
2019-12-07,2021-04-01,2022-04-06,1726000
2019-12-07,2022-04-07,2023-04-05,1831000
2019-12-07,2023-04-06,2024-03-20,1787000
2019-12-07,2024-03-21,9999-12-31,1728000
2019-12-14,2019-12-26,2020-01-01,1719000
2019-12-14,2020-01-02,2020-03-18,1723000
2019-12-14,2020-03-19,2021-03-31,1716000
2019-12-14,2021-04-01,2022-04-06,1718000
2019-12-14,2022-04-07,2023-04-05,1841000
2019-12-14,2023-04-06,2024-03-20,1797000
2019-12-14,2024-03-21,9999-12-31,1753000
2019-12-21,2020-01-02,2021-03-31,1728000
2019-12-21,2021-04-01,2022-04-06,1725000
2019-12-21,2022-04-07,2023-04-05,1841000
2019-12-21,2023-04-06,2024-03-20,1791000
2019-12-21,2024-03-21,9999-12-31,1754000
2019-12-28,2020-01-09,2020-01-15,1803000
2019-12-28,2020-01-16,2020-03-18,1804000
2019-12-28,2020-03-19,2021-03-31,1775000
2019-12-28,2021-04-01,2022-04-06,1779000
2019-12-28,2022-04-07,2023-04-05,1891000
2019-12-28,2023-04-06,2024-03-20,1899000
2019-12-28,2024-03-21,9999-12-31,1843000
2020-01-04,2020-01-16,2020-01-22,1767000
2020-01-04,2020-01-23,2020-03-18,1768000
2020-01-04,2020-03-19,2021-03-31,1759000
2020-01-04,2021-04-01,2022-04-06,1766000
2020-01-04,2022-04-07,2023-04-05,1876000
2020-01-04,2023-04-06,2024-03-20,1879000
2020-01-04,2024-03-21,2025-03-26,1832000
2020-01-04,2025-03-27,9999-12-31,1827000
2020-01-11,2020-01-23,2020-01-29,1731000
2020-01-11,2020-01-30,2020-03-18,1747000
2020-01-11,2020-03-19,2021-03-31,1735000
2020-01-11,2021-04-01,2022-04-06,1739000
2020-01-11,2022-04-07,2023-04-05,1835000
2020-01-11,2023-04-06,2024-03-20,1855000
2020-01-11,2024-03-21,2025-03-26,1813000
2020-01-11,2025-03-27,9999-12-31,1804000
2020-01-18,2020-01-30,2020-03-18,1703000
2020-01-18,2020-03-19,2021-03-31,1704000
2020-01-18,2021-04-01,2022-04-06,1709000
2020-01-18,2022-04-07,2023-04-05,1797000
2020-01-18,2023-04-06,2024-03-20,1823000
2020-01-18,2024-03-21,2025-03-26,1778000
2020-01-18,2025-03-27,9999-12-31,1774000
2020-01-25,2020-02-06,2020-02-12,1751000
2020-01-25,2020-02-13,2020-03-18,1759000
2020-01-25,2020-03-19,2021-03-31,1753000
2020-01-25,2021-04-01,2022-04-06,1752000
2020-01-25,2022-04-07,2023-04-05,1839000
2020-01-25,2023-04-06,2024-03-20,1897000
2020-01-25,2024-03-21,2025-03-26,1806000
2020-01-25,2025-03-27,9999-12-31,1796000
2020-02-01,2020-02-13,2020-02-19,1698000
2020-02-01,2020-02-20,2020-03-18,1701000
2020-02-01,2020-03-19,2021-03-31,1678000
2020-02-01,2021-04-01,2022-04-06,1698000
2020-02-01,2022-04-07,2023-04-05,1799000
2020-02-01,2023-04-06,2024-03-20,1848000
2020-02-01,2024-03-21,2025-03-26,1763000
2020-02-01,2025-03-27,9999-12-31,1755000
2020-02-08,2020-02-20,2020-02-26,1726000
2020-02-08,2020-02-27,2020-03-18,1733000
2020-02-08,2020-03-19,2021-03-31,1729000
2020-02-08,2021-04-01,2022-04-06,1734000
2020-02-08,2022-04-07,2023-04-05,1822000
2020-02-08,2023-04-06,2024-03-20,1879000
2020-02-08,2024-03-21,2025-03-26,1789000
2020-02-08,2025-03-27,9999-12-31,1782000
2020-02-15,2020-02-27,2020-03-04,1724000
2020-02-15,2020-03-05,2020-03-18,1722000
2020-02-15,2020-03-19,2020-03-25,1693000
2020-02-15,2020-03-26,2020-04-22,1692000
2020-02-15,2020-04-23,2021-03-31,1693000
2020-02-15,2021-04-01,2022-04-06,1705000
2020-02-15,2022-04-07,2023-04-05,1787000
2020-02-15,2023-04-06,2024-03-20,1878000
2020-02-15,2024-03-21,2025-03-26,1767000
2020-02-15,2025-03-27,9999-12-31,1760000
2020-02-22,2020-03-05,2020-03-11,1729000
2020-02-22,2020-03-12,2020-03-18,1733000
2020-02-22,2020-03-19,2020-03-25,1720000
2020-02-22,2020-03-26,2020-04-22,1719000
2020-02-22,2020-04-23,2021-03-31,1720000
2020-02-22,2021-04-01,2022-04-06,1730000
2020-02-22,2022-04-07,2023-04-05,1801000
2020-02-22,2023-04-06,2024-03-20,1890000
2020-02-22,2024-03-21,2025-03-26,1789000
2020-02-22,2025-03-27,9999-12-31,1783000
2020-02-29,2020-03-12,2020-03-18,1722000
2020-02-29,2020-03-19,2021-03-31,1699000
2020-02-29,2021-04-01,2022-04-06,1708000
2020-02-29,2022-04-07,2023-04-05,1780000
2020-02-29,2023-04-06,2024-03-20,1886000
2020-02-29,2024-03-21,2025-03-26,1777000
2020-02-29,2025-03-27,9999-12-31,1771000
2020-03-07,2020-03-19,2020-03-25,1701000
2020-03-07,2020-03-26,2021-03-31,1702000
2020-03-07,2021-04-01,2022-04-06,1715000
2020-03-07,2022-04-07,2023-04-05,1763000
2020-03-07,2023-04-06,2024-03-20,1887000
2020-03-07,2024-03-21,2025-03-26,1760000
2020-03-07,2025-03-27,9999-12-31,1753000
2020-03-14,2020-03-26,2020-04-01,1803000
2020-03-14,2020-04-02,2021-03-31,1784000
2020-03-14,2021-04-01,2022-04-06,1770000
2020-03-14,2022-04-07,2023-04-05,1834000
2020-03-14,2023-04-06,2024-03-20,1989000
2020-03-14,2024-03-21,2025-03-26,1853000
2020-03-14,2025-03-27,9999-12-31,1844000
2020-03-21,2020-04-02,2020-04-08,3029000
2020-03-21,2020-04-09,2021-03-31,3059000
2020-03-21,2021-04-01,2022-04-06,3094000
2020-03-21,2022-04-07,9999-12-31,3238000
2020-03-28,2020-04-09,2020-04-15,7455000
2020-03-28,2020-04-16,2021-03-31,7446000
2020-03-28,2021-04-01,2022-04-06,7868000
2020-03-28,2022-04-07,9999-12-31,8004000
2020-04-04,2020-04-16,2020-04-22,11976000
2020-04-04,2020-04-23,2020-04-29,11912000
2020-04-04,2020-04-30,2021-03-31,11914000
2020-04-04,2021-04-01,2022-04-06,12261000
2020-04-04,2022-04-07,9999-12-31,12396000
2020-04-11,2020-04-23,2020-04-29,15976000
2020-04-11,2020-04-30,2020-05-06,15818000
2020-04-11,2020-05-07,2021-03-31,15819000
2020-04-11,2021-04-01,2022-04-06,16070000
2020-04-11,2022-04-07,9999-12-31,16193000
2020-04-18,2020-04-30,2020-05-06,17992000
2020-04-18,2020-05-07,2021-03-31,18011000
2020-04-18,2021-04-01,2022-04-06,17656000
2020-04-18,2022-04-07,9999-12-31,17789000
2020-04-25,2020-05-07,2020-05-13,22647000
2020-04-25,2020-05-14,2021-03-31,22377000
2020-04-25,2021-04-01,2022-04-06,21664000
2020-04-25,2022-04-07,9999-12-31,21750000
2020-05-02,2020-05-14,2020-05-20,22833000
2020-05-02,2020-05-21,2021-03-31,22548000
2020-05-02,2021-04-01,2022-04-06,20823000
2020-05-02,2022-04-07,9999-12-31,20939000
2020-05-09,2020-05-21,2020-05-27,25073000
2020-05-09,2020-05-28,2021-03-31,24912000
2020-05-09,2021-04-01,2022-04-06,23128000
2020-05-09,2022-04-07,9999-12-31,23130000
2020-05-16,2020-05-28,2020-06-03,21052000
2020-05-16,2020-06-04,2020-06-10,20838000
2020-05-16,2020-06-11,2021-03-31,20841000
2020-05-16,2021-04-01,2022-04-06,19181000
2020-05-16,2022-04-07,9999-12-31,19153000
2020-05-23,2020-06-04,2020-06-10,21487000
2020-05-23,2020-06-11,2021-03-31,21268000
2020-05-23,2021-04-01,2022-04-06,19396000
2020-05-23,2022-04-07,9999-12-31,19194000
2020-05-30,2020-06-11,2020-06-17,20929000
2020-05-30,2020-06-18,2021-03-31,20606000
2020-05-30,2021-04-01,2022-04-06,19287000
2020-05-30,2022-04-07,9999-12-31,19216000
2020-06-06,2020-06-18,2020-06-24,20544000
2020-06-06,2020-06-25,2021-03-31,20289000
2020-06-06,2021-04-01,2022-04-06,18927000
2020-06-06,2022-04-07,9999-12-31,18743000
2020-06-13,2020-06-25,2020-07-01,19522000
2020-06-13,2020-07-02,2021-03-31,19231000
2020-06-13,2021-04-01,2022-04-06,17993000
2020-06-13,2022-04-07,9999-12-31,17860000
2020-06-20,2020-07-02,2020-07-08,19290000
2020-06-20,2020-07-09,2021-03-31,18760000
2020-06-20,2021-04-01,2022-04-06,17713000
2020-06-20,2022-04-07,9999-12-31,17501000
2020-06-27,2020-07-09,2020-07-15,18062000
2020-06-27,2020-07-16,2021-03-31,17760000
2020-06-27,2021-04-01,2022-04-06,16780000
2020-06-27,2022-04-07,9999-12-31,16610000
2020-07-04,2020-07-16,2020-07-22,17338000
2020-07-04,2020-07-23,2021-03-31,17304000
2020-07-04,2021-04-01,2022-04-06,17413000
2020-07-04,2022-04-07,9999-12-31,17273000
2020-07-11,2020-07-23,2020-07-29,16197000
2020-07-11,2020-07-30,2021-03-31,16151000
2020-07-11,2021-04-01,2022-04-06,16385000
2020-07-11,2022-04-07,9999-12-31,16251000
2020-07-18,2020-07-30,2020-08-05,17018000
2020-07-18,2020-08-06,2021-03-31,16951000
2020-07-18,2021-04-01,2022-04-06,16913000
2020-07-18,2022-04-07,9999-12-31,16799000
2020-07-25,2020-08-06,2020-08-12,16107000
2020-07-25,2020-08-13,2021-03-31,16090000
2020-07-25,2021-04-01,2022-04-06,15964000
2020-07-25,2022-04-07,9999-12-31,15929000
2020-08-01,2020-08-13,2020-08-19,15486000
2020-08-01,2020-08-20,2021-03-31,15480000
2020-08-01,2021-04-01,2022-04-06,15303000
2020-08-01,2022-04-07,9999-12-31,15255000
2020-08-08,2020-08-20,2020-08-26,14844000
2020-08-08,2020-08-27,2020-09-02,14758000
2020-08-08,2020-09-03,2021-03-31,14759000
2020-08-08,2021-04-01,2022-04-06,14217000
2020-08-08,2022-04-07,9999-12-31,14184000
2020-08-15,2020-08-27,2020-09-02,14535000
2020-08-15,2020-09-03,2021-03-31,14492000
2020-08-15,2021-04-01,2022-04-06,13948000
2020-08-15,2022-04-07,9999-12-31,13910000
2020-08-22,2020-09-03,2020-09-09,13254000
2020-08-22,2020-09-10,2021-03-31,13292000
2020-08-22,2021-04-01,2022-04-06,13246000
2020-08-22,2022-04-07,9999-12-31,13217000
2020-08-29,2020-09-10,2020-09-16,13385000
2020-08-29,2020-09-17,2021-03-31,13544000
2020-08-29,2021-04-01,2022-04-06,13528000
2020-08-29,2022-04-07,9999-12-31,13501000
2020-09-05,2020-09-17,2020-09-23,12628000
2020-09-05,2020-09-24,2021-03-31,12747000
2020-09-05,2021-04-01,2022-04-06,12755000
2020-09-05,2022-04-07,9999-12-31,12765000
2020-09-12,2020-09-24,2020-09-30,12580000
2020-09-12,2020-10-01,2021-03-31,12747000
2020-09-12,2021-04-01,2022-04-06,12706000
2020-09-12,2022-04-07,9999-12-31,12684000
2020-09-19,2020-10-01,2020-10-07,11767000
2020-09-19,2020-10-08,2021-03-31,11979000
2020-09-19,2021-04-01,2022-04-06,11381000
2020-09-19,2022-04-07,9999-12-31,11367000
2020-09-26,2020-10-08,2020-10-14,10976000
2020-09-26,2020-10-15,2020-10-21,11183000
2020-09-26,2020-10-22,2021-03-31,10594000
2020-09-26,2021-04-01,2022-04-06,10477000
2020-09-26,2022-04-07,9999-12-31,10481000
2020-10-03,2020-10-15,2020-10-21,10018000
2020-10-03,2020-10-22,2020-10-28,9397000
2020-10-03,2020-10-29,2021-03-31,9398000
2020-10-03,2021-04-01,2022-04-06,9259000
2020-10-03,2022-04-07,9999-12-31,9270000
2020-10-10,2020-10-22,2020-10-28,8373000
2020-10-10,2020-10-29,2020-11-04,8465000
2020-10-10,2020-11-05,2021-03-31,8472000
2020-10-10,2021-04-01,2022-04-06,8384000
2020-10-10,2022-04-07,9999-12-31,8425000
2020-10-17,2020-10-29,2020-11-04,7756000
2020-10-17,2020-11-05,2021-03-31,7823000
2020-10-17,2021-04-01,2022-04-06,7699000
2020-10-17,2022-04-07,9999-12-31,7777000
2020-10-24,2020-11-05,2020-11-11,7285000
2020-10-24,2020-11-12,2021-03-31,7222000
2020-10-24,2021-04-01,2022-04-06,7076000
2020-10-24,2022-04-07,9999-12-31,7180000
2020-10-31,2020-11-12,2020-11-18,6786000
2020-10-31,2020-11-19,2020-11-24,6801000
2020-10-31,2020-11-25,2021-03-31,6798000
2020-10-31,2021-04-01,2022-04-06,6724000
2020-10-31,2022-04-07,9999-12-31,6705000
2020-11-07,2020-11-19,2020-11-24,6372000
2020-11-07,2020-11-25,2021-03-31,6370000
2020-11-07,2021-04-01,2022-04-06,6389000
2020-11-07,2022-04-07,9999-12-31,6341000
2020-11-14,2020-11-25,2020-12-02,6071000
2020-11-14,2020-12-03,2021-03-31,6089000
2020-11-14,2021-04-01,2022-04-06,6138000
2020-11-14,2022-04-07,9999-12-31,6088000
2020-11-21,2020-12-03,2020-12-09,5520000
2020-11-21,2020-12-10,2021-03-31,5527000
2020-11-21,2021-04-01,2022-04-06,5606000
2020-11-21,2022-04-07,9999-12-31,5580000
2020-11-28,2020-12-10,2020-12-16,5757000
2020-11-28,2020-12-17,2021-03-31,5781000
2020-11-28,2021-04-01,2022-04-06,5829000
2020-11-28,2022-04-07,9999-12-31,5784000
2020-12-05,2020-12-17,2020-12-22,5508000
2020-12-05,2020-12-23,2021-03-31,5507000
2020-12-05,2021-04-01,2022-04-06,5614000
2020-12-05,2022-04-07,9999-12-31,5609000
2020-12-12,2020-12-23,2020-12-30,5337000
2020-12-12,2020-12-31,2021-03-31,5322000
2020-12-12,2021-04-01,2022-04-06,5433000
2020-12-12,2022-04-07,9999-12-31,5416000
2020-12-19,2020-12-31,2021-01-06,5219000
2020-12-19,2021-01-07,2021-03-31,5198000
2020-12-19,2021-04-01,2022-04-06,5311000
2020-12-19,2022-04-07,9999-12-31,5332000
2020-12-26,2021-01-07,2021-03-31,5072000
2020-12-26,2021-04-01,2022-04-06,5180000
2020-12-26,2022-04-07,9999-12-31,5181000
2021-01-02,2021-01-14,2021-01-20,5271000
2021-01-02,2021-01-21,2021-01-27,5181000
2021-01-02,2021-01-28,2021-03-31,5175000
2021-01-02,2021-04-01,2022-04-06,5240000
2021-01-02,2022-04-07,9999-12-31,5330000
2021-01-09,2021-01-21,2021-01-27,5054000
2021-01-09,2021-01-28,2021-02-03,4974000
2021-01-09,2021-02-04,2021-03-31,4975000
2021-01-09,2021-04-01,2022-04-06,5061000
2021-01-09,2022-04-07,9999-12-31,5069000
2021-01-16,2021-01-28,2021-02-03,4771000
2021-01-16,2021-02-04,2021-03-31,4785000
2021-01-16,2021-04-01,2022-04-06,4878000
2021-01-16,2022-04-07,9999-12-31,4877000
2021-01-23,2021-02-04,2021-02-10,4592000
2021-01-23,2021-02-11,2021-02-17,4690000
2021-01-23,2021-02-18,2021-03-31,4691000
2021-01-23,2021-04-01,2022-04-06,4791000
2021-01-23,2022-04-07,9999-12-31,4789000
2021-01-30,2021-02-11,2021-02-17,4545000
2021-01-30,2021-02-18,2021-03-31,4558000
2021-01-30,2021-04-01,2022-04-06,4655000
2021-01-30,2022-04-07,9999-12-31,4658000
2021-02-06,2021-02-18,2021-02-24,4494000
2021-02-06,2021-02-25,2021-03-31,4520000
2021-02-06,2021-04-01,2022-04-06,4592000
2021-02-06,2022-04-07,9999-12-31,4599000
2021-02-13,2021-02-25,2021-03-31,4419000
2021-02-13,2021-04-01,2022-04-06,4469000
2021-02-13,2022-04-07,9999-12-31,4495000
2021-02-20,2021-03-04,2021-03-10,4295000
2021-02-20,2021-03-11,2021-03-31,4337000
2021-02-20,2021-04-01,2022-04-06,4383000
2021-02-20,2022-04-07,9999-12-31,4406000
2021-02-27,2021-03-11,2021-03-17,4144000
2021-02-27,2021-03-18,2021-03-31,4142000
2021-02-27,2021-04-01,2022-04-06,4157000
2021-02-27,2022-04-07,9999-12-31,4227000
2021-03-06,2021-03-18,2021-03-24,4124000
2021-03-06,2021-03-25,2021-03-31,4134000
2021-03-06,2021-04-01,2022-04-06,4123000
2021-03-06,2022-04-07,9999-12-31,4185000
2021-03-13,2021-03-25,2021-03-31,3870000
2021-03-13,2021-04-01,2021-04-07,3840000
2021-03-13,2021-04-08,2022-04-06,3841000
2021-03-13,2022-04-07,9999-12-31,3970000
2021-03-20,2021-04-01,2021-04-07,3794000
2021-03-20,2021-04-08,2021-04-14,3750000
2021-03-20,2021-04-15,2022-04-06,3753000
2021-03-20,2022-04-07,9999-12-31,3887000
2021-03-27,2021-04-08,2021-04-14,3734000
2021-03-27,2021-04-15,2021-04-21,3727000
2021-03-27,2021-04-22,2022-04-06,3717000
2021-03-27,2022-04-07,9999-12-31,3859000
2021-04-03,2021-04-15,2021-04-21,3731000
2021-04-03,2021-04-22,2022-04-06,3708000
2021-04-03,2022-04-07,9999-12-31,3830000
2021-04-10,2021-04-22,2021-04-28,3674000
2021-04-10,2021-04-29,2021-05-05,3651000
2021-04-10,2021-05-06,2022-04-06,3652000
2021-04-10,2022-04-07,9999-12-31,3779000
2021-04-17,2021-04-29,2021-05-05,3660000
2021-04-17,2021-05-06,2022-04-06,3653000
2021-04-17,2022-04-07,9999-12-31,3776000
2021-04-24,2021-05-06,2021-05-12,3690000
2021-04-24,2021-05-13,2021-05-19,3700000
2021-04-24,2021-05-20,2022-04-06,3680000
2021-04-24,2022-04-07,9999-12-31,3767000
2021-05-01,2021-05-13,2021-05-19,3655000
2021-05-01,2021-05-20,2022-04-06,3640000
2021-05-01,2022-04-07,9999-12-31,3756000
2021-05-08,2021-05-20,2021-05-26,3751000
2021-05-08,2021-05-27,2022-04-06,3738000
2021-05-08,2022-04-07,9999-12-31,3737000
2021-05-15,2021-05-27,2021-06-02,3642000
2021-05-15,2021-06-03,2021-06-09,3602000
2021-05-15,2021-06-10,2022-04-06,3611000
2021-05-15,2022-04-07,9999-12-31,3618000
2021-05-22,2021-06-03,2021-06-09,3771000
2021-05-22,2021-06-10,2021-06-16,3757000
2021-05-22,2021-06-17,2022-04-06,3769000
2021-05-22,2022-04-07,9999-12-31,3575000
2021-05-29,2021-06-10,2021-06-16,3499000
2021-05-29,2021-06-17,2022-04-06,3517000
2021-05-29,2022-04-07,9999-12-31,3422000
2021-06-05,2021-06-17,2021-06-23,3518000
2021-06-05,2021-06-24,2021-06-30,3534000
2021-06-05,2021-07-01,2022-04-06,3528000
2021-06-05,2022-04-07,2023-04-05,3352000
2021-06-05,2023-04-06,9999-12-31,3350000
2021-06-12,2021-06-24,2021-06-30,3390000
2021-06-12,2021-07-01,2021-07-07,3413000
2021-06-12,2021-07-08,2022-04-06,3412000
2021-06-12,2022-04-07,2023-04-05,3271000
2021-06-12,2023-04-06,9999-12-31,3268000
2021-06-19,2021-07-01,2021-07-07,3469000
2021-06-19,2021-07-08,2022-04-06,3484000
2021-06-19,2022-04-07,2023-04-05,3266000
2021-06-19,2023-04-06,9999-12-31,3263000
2021-06-26,2021-07-08,2021-07-14,3339000
2021-06-26,2021-07-15,2022-04-06,3367000
2021-06-26,2022-04-07,2023-04-05,3230000
2021-06-26,2023-04-06,2024-03-20,3176000
2021-06-26,2024-03-21,2025-03-26,3303000
2021-06-26,2025-03-27,2026-03-18,3316000
2021-06-26,2026-03-19,9999-12-31,3313000
2021-07-03,2021-07-15,2021-07-21,3241000
2021-07-03,2021-07-22,2022-04-06,3265000
2021-07-03,2022-04-07,2023-04-05,3116000
2021-07-03,2023-04-06,2024-03-20,3049000
2021-07-03,2024-03-21,2025-03-26,3169000
2021-07-03,2025-03-27,2026-03-18,3182000
2021-07-03,2026-03-19,9999-12-31,3179000
2021-07-10,2021-07-22,2021-07-28,3236000
2021-07-10,2021-07-29,2022-04-06,3262000
2021-07-10,2022-04-07,2023-04-05,3116000
2021-07-10,2023-04-06,2024-03-20,3001000
2021-07-10,2024-03-21,2025-03-26,3058000
2021-07-10,2025-03-27,2026-03-18,3069000
2021-07-10,2026-03-19,9999-12-31,3061000
2021-07-17,2021-07-29,2021-08-04,3269000
2021-07-17,2021-08-05,2022-04-06,3296000
2021-07-17,2022-04-07,2023-04-05,3082000
2021-07-17,2023-04-06,2024-03-20,2959000
2021-07-17,2024-03-21,2025-03-26,3129000
2021-07-17,2025-03-27,2026-03-18,3142000
2021-07-17,2026-03-19,9999-12-31,3138000
2021-07-24,2021-08-05,2021-08-11,2930000
2021-07-24,2021-08-12,2022-04-06,2980000
2021-07-24,2022-04-07,2023-04-05,2881000
2021-07-24,2023-04-06,2024-03-20,2721000
2021-07-24,2024-03-21,2025-03-26,2863000
2021-07-24,2025-03-27,2026-03-18,2868000
2021-07-24,2026-03-19,9999-12-31,2863000
2021-07-31,2021-08-12,2021-08-18,2866000
2021-07-31,2021-08-19,2022-04-06,2899000
2021-07-31,2022-04-07,2023-04-05,2794000
2021-07-31,2023-04-06,2024-03-20,2631000
2021-07-31,2024-03-21,2025-03-26,2788000
2021-07-31,2025-03-27,9999-12-31,2793000
2021-08-07,2021-08-19,2021-08-25,2820000
2021-08-07,2021-08-26,2022-04-06,2865000
2021-08-07,2022-04-07,2023-04-05,2839000
2021-08-07,2023-04-06,2024-03-20,2657000
2021-08-07,2024-03-21,2025-03-26,2806000
2021-08-07,2025-03-27,2026-03-18,2815000
2021-08-07,2026-03-19,9999-12-31,2809000
2021-08-14,2021-08-26,2021-09-01,2862000
2021-08-14,2021-09-02,2022-04-06,2908000
2021-08-14,2022-04-07,2023-04-05,2804000
2021-08-14,2023-04-06,2024-03-20,2627000
2021-08-14,2024-03-21,2025-03-26,2800000
2021-08-14,2025-03-27,2026-03-18,2805000
2021-08-14,2026-03-19,9999-12-31,2802000
2021-08-21,2021-09-02,2021-09-08,2748000
2021-08-21,2021-09-09,2022-04-06,2805000
2021-08-21,2022-04-07,2023-04-05,2772000
2021-08-21,2023-04-06,2024-03-20,2580000
2021-08-21,2024-03-21,2025-03-26,2731000
2021-08-21,2025-03-27,2026-03-18,2736000
2021-08-21,2026-03-19,9999-12-31,2733000
2021-08-28,2021-09-09,2021-09-15,2783000
2021-08-28,2021-09-16,2022-04-06,2852000
2021-08-28,2022-04-07,2023-04-05,2740000
2021-08-28,2023-04-06,2024-03-20,2558000
2021-08-28,2024-03-21,2025-03-26,2783000
2021-08-28,2025-03-27,2026-03-18,2789000
2021-08-28,2026-03-19,9999-12-31,2786000
2021-09-04,2021-09-16,2021-09-22,2665000
2021-09-04,2021-09-23,2021-09-29,2714000
2021-09-04,2021-09-30,2022-04-06,2715000
2021-09-04,2022-04-07,2023-04-05,2628000
2021-09-04,2023-04-06,2024-03-20,2430000
2021-09-04,2024-03-21,2025-03-26,2606000
2021-09-04,2025-03-27,2026-03-18,2611000
2021-09-04,2026-03-19,9999-12-31,2608000
2021-09-11,2021-09-23,2021-09-29,2845000
2021-09-11,2021-09-30,2022-04-06,2820000
2021-09-11,2022-04-07,2023-04-05,2705000
2021-09-11,2023-04-06,2024-03-20,2523000
2021-09-11,2024-03-21,2025-03-26,2750000
2021-09-11,2025-03-27,9999-12-31,2756000
2021-09-18,2021-09-30,2021-10-06,2802000
2021-09-18,2021-10-07,2022-04-06,2811000
2021-09-18,2022-04-07,2023-04-05,2720000
2021-09-18,2023-04-06,2024-03-20,2602000
2021-09-18,2024-03-21,2025-03-26,2797000
2021-09-18,2025-03-27,9999-12-31,2803000
2021-09-25,2021-10-07,2021-10-13,2714000
2021-09-25,2021-10-14,2022-04-06,2727000
2021-09-25,2022-04-07,2023-04-05,2674000
2021-09-25,2023-04-06,2024-03-20,2532000
2021-09-25,2024-03-21,2025-03-26,2719000
2021-09-25,2025-03-27,9999-12-31,2722000
2021-10-02,2021-10-14,2021-10-20,2593000
2021-10-02,2021-10-21,2022-04-06,2603000
2021-10-02,2022-04-07,2023-04-05,2571000
2021-10-02,2023-04-06,2024-03-20,2497000
2021-10-02,2024-03-21,2025-03-26,2627000
2021-10-02,2025-03-27,9999-12-31,2624000
2021-10-09,2021-10-21,2021-10-27,2481000
2021-10-09,2021-10-28,2022-04-06,2480000
2021-10-09,2022-04-07,2023-04-05,2512000
2021-10-09,2023-04-06,2024-03-20,2431000
2021-10-09,2024-03-21,2025-03-26,2539000
2021-10-09,2025-03-27,2026-03-18,2536000
2021-10-09,2026-03-19,9999-12-31,2533000
2021-10-16,2021-10-28,2021-11-03,2243000
2021-10-16,2021-11-04,2022-04-06,2239000
2021-10-16,2022-04-07,2023-04-05,2334000
2021-10-16,2023-04-06,2024-03-20,2250000
2021-10-16,2024-03-21,2025-03-26,2270000
2021-10-16,2025-03-27,2026-03-18,2268000
2021-10-16,2026-03-19,9999-12-31,2265000
2021-10-23,2021-11-04,2021-11-09,2105000
2021-10-23,2021-11-10,2022-04-06,2101000
2021-10-23,2022-04-07,2023-04-05,2263000
2021-10-23,2023-04-06,2025-03-26,2175000
2021-10-23,2025-03-27,2026-03-18,2173000
2021-10-23,2026-03-19,9999-12-31,2168000
2021-10-30,2021-11-10,2021-11-17,2160000
2021-10-30,2021-11-18,2022-04-06,2209000
2021-10-30,2022-04-07,2023-04-05,2303000
2021-10-30,2023-04-06,2024-03-20,2209000
2021-10-30,2024-03-21,2025-03-26,2202000
2021-10-30,2025-03-27,9999-12-31,2199000
2021-11-06,2021-11-18,2021-11-23,2080000
2021-11-06,2021-11-24,2022-04-06,2109000
2021-11-06,2022-04-07,2023-04-05,2172000
2021-11-06,2023-04-06,2024-03-20,2101000
2021-11-06,2024-03-21,2025-03-26,2046000
2021-11-06,2025-03-27,2026-03-18,2041000
2021-11-06,2026-03-19,9999-12-31,2036000
2021-11-13,2021-11-24,2021-12-01,2049000
2021-11-13,2021-12-02,2021-12-08,2063000
2021-11-13,2021-12-09,2022-04-06,2055000
2021-11-13,2022-04-07,2023-04-05,2100000
2021-11-13,2023-04-06,2024-03-20,2007000
2021-11-13,2024-03-21,2025-03-26,1974000
2021-11-13,2025-03-27,2026-03-18,1970000
2021-11-13,2026-03-19,9999-12-31,1968000
2021-11-20,2021-12-02,2021-12-08,1956000
2021-11-20,2021-12-09,2022-04-06,1954000
2021-11-20,2022-04-07,2023-04-05,1976000
2021-11-20,2023-04-06,2024-03-20,1902000
2021-11-20,2024-03-21,2025-03-26,1814000
2021-11-20,2025-03-27,2026-03-18,1807000
2021-11-20,2026-03-19,9999-12-31,1803000
2021-11-27,2021-12-09,2021-12-15,1992000
2021-11-27,2021-12-16,2022-04-06,1999000
2021-11-27,2022-04-07,2023-04-05,2098000
2021-11-27,2023-04-06,2024-03-20,1964000
2021-11-27,2024-03-21,2025-03-26,1878000
2021-11-27,2025-03-27,2026-03-18,1876000
2021-11-27,2026-03-19,9999-12-31,1874000
2021-12-04,2021-12-16,2021-12-22,1845000
2021-12-04,2021-12-23,2022-04-06,1867000
2021-12-04,2022-04-07,2023-04-05,1927000
2021-12-04,2023-04-06,2024-03-20,1854000
2021-12-04,2024-03-21,2025-03-26,1773000
2021-12-04,2025-03-27,9999-12-31,1767000
2021-12-11,2021-12-23,2021-12-29,1859000
2021-12-11,2021-12-30,2022-04-06,1856000
2021-12-11,2022-04-07,2023-04-05,1904000
2021-12-11,2023-04-06,2024-03-20,1833000
2021-12-11,2024-03-21,2025-03-26,1772000
2021-12-11,2025-03-27,2026-03-18,1769000
2021-12-11,2026-03-19,9999-12-31,1767000
2021-12-18,2021-12-30,2022-01-05,1716000
2021-12-18,2022-01-06,2022-04-06,1718000
2021-12-18,2022-04-07,2023-04-05,1793000
2021-12-18,2023-04-06,2024-03-20,1701000
2021-12-18,2024-03-21,2025-03-26,1639000
2021-12-18,2025-03-27,2026-03-18,1625000
2021-12-18,2026-03-19,9999-12-31,1628000
2021-12-25,2022-01-06,2022-01-12,1754000
2021-12-25,2022-01-13,2022-04-06,1753000
2021-12-25,2022-04-07,2023-04-05,1805000
2021-12-25,2023-04-06,2024-03-20,1778000
2021-12-25,2024-03-21,2025-03-26,1706000
2021-12-25,2025-03-27,2026-03-18,1705000
2021-12-25,2026-03-19,9999-12-31,1703000
2022-01-01,2022-01-13,2022-01-19,1559000
2022-01-01,2022-01-20,2022-01-26,1551000
2022-01-01,2022-01-27,2022-04-06,1555000
2022-01-01,2022-04-07,2023-04-05,1778000
2022-01-01,2023-04-06,2024-03-20,1765000
2022-01-01,2024-03-21,2025-03-26,1696000
2022-01-01,2025-03-27,9999-12-31,1690000
2022-01-08,2022-01-20,2022-01-26,1635000
2022-01-08,2022-01-27,2022-04-06,1624000
2022-01-08,2022-04-07,2023-04-05,1776000
2022-01-08,2023-04-06,2024-03-20,1793000
2022-01-08,2024-03-21,2025-03-26,1729000
2022-01-08,2025-03-27,9999-12-31,1721000
2022-01-15,2022-01-27,2022-02-02,1675000
2022-01-15,2022-02-03,2022-04-06,1672000
2022-01-15,2022-04-07,2023-04-05,1787000
2022-01-15,2023-04-06,2024-03-20,1794000
2022-01-15,2024-03-21,2025-03-26,1704000
2022-01-15,2025-03-27,2026-03-18,1697000
2022-01-15,2026-03-19,9999-12-31,1700000
2022-01-22,2022-02-03,2022-02-09,1628000
2022-01-22,2022-02-10,2022-04-06,1621000
2022-01-22,2022-04-07,2023-04-05,1757000
2022-01-22,2023-04-06,2024-03-20,1777000
2022-01-22,2024-03-21,2025-03-26,1713000
2022-01-22,2025-03-27,2026-03-18,1706000
2022-01-22,2026-03-19,9999-12-31,1709000
2022-01-29,2022-02-10,2022-02-16,1621000
2022-01-29,2022-02-17,2022-04-06,1619000
2022-01-29,2022-04-07,2023-04-05,1743000
2022-01-29,2023-04-06,2024-03-20,1761000
2022-01-29,2024-03-21,2025-03-26,1701000
2022-01-29,2025-03-27,2026-03-18,1692000
2022-01-29,2026-03-19,9999-12-31,1695000
2022-02-05,2022-02-17,2022-02-23,1593000
2022-02-05,2022-02-24,2022-03-02,1588000
2022-02-05,2022-03-03,2022-04-06,1589000
2022-02-05,2022-04-07,2023-04-05,1714000
2022-02-05,2023-04-06,2024-03-20,1753000
2022-02-05,2024-03-21,2025-03-26,1674000
2022-02-05,2025-03-27,2026-03-18,1667000
2022-02-05,2026-03-19,9999-12-31,1671000
2022-02-12,2022-02-24,2022-03-02,1476000
2022-02-12,2022-03-03,2022-04-06,1474000
2022-02-12,2022-04-07,2023-04-05,1633000
2022-02-12,2023-04-06,2024-03-20,1703000
2022-02-12,2024-03-21,2025-03-26,1639000
2022-02-12,2025-03-27,2026-03-18,1634000
2022-02-12,2026-03-19,9999-12-31,1637000
2022-02-19,2022-03-03,2022-03-09,1476000
2022-02-19,2022-03-10,2022-04-06,1469000
2022-02-19,2022-04-07,2023-04-05,1623000
2022-02-19,2023-04-06,2024-03-20,1692000
2022-02-19,2024-03-21,2025-03-26,1621000
2022-02-19,2025-03-27,2026-03-18,1614000
2022-02-19,2026-03-19,9999-12-31,1615000
2022-02-26,2022-03-10,2022-03-16,1494000
2022-02-26,2022-03-17,2022-04-06,1490000
2022-02-26,2022-04-07,2023-04-05,1664000
2022-02-26,2023-04-06,2024-03-20,1740000
2022-02-26,2024-03-21,2025-03-26,1615000
2022-02-26,2025-03-27,2026-03-18,1610000
2022-02-26,2026-03-19,9999-12-31,1613000
2022-03-05,2022-03-17,2022-03-23,1419000
2022-03-05,2022-03-24,2022-04-06,1417000
2022-03-05,2022-04-07,2023-04-05,1594000
2022-03-05,2023-04-06,2024-03-20,1689000
2022-03-05,2024-03-21,2025-03-26,1587000
2022-03-05,2025-03-27,2026-03-18,1581000
2022-03-05,2026-03-19,9999-12-31,1583000
2022-03-12,2022-03-24,2022-03-30,1350000
2022-03-12,2022-03-31,2022-04-06,1342000
2022-03-12,2022-04-07,2023-04-05,1542000
2022-03-12,2023-04-06,2024-03-20,1661000
2022-03-12,2024-03-21,2025-03-26,1544000
2022-03-12,2025-03-27,2026-03-18,1538000
2022-03-12,2026-03-19,9999-12-31,1541000
2022-03-19,2022-03-31,2022-04-06,1307000
2022-03-19,2022-04-07,2023-04-05,1506000
2022-03-19,2023-04-06,2024-03-20,1631000
2022-03-19,2024-03-21,2025-03-26,1523000
2022-03-19,2025-03-27,9999-12-31,1518000
2022-03-26,2022-04-07,2022-04-20,1523000
2022-03-26,2022-04-21,2023-04-05,1529000
2022-03-26,2023-04-06,2024-03-20,1633000
2022-03-26,2024-03-21,2025-03-26,1532000
2022-03-26,2025-03-27,2026-03-18,1528000
2022-03-26,2026-03-19,9999-12-31,1532000
2022-04-02,2022-04-14,2022-04-27,1475000
2022-04-02,2022-04-28,2023-04-05,1474000
2022-04-02,2023-04-06,2024-03-20,1590000
2022-04-02,2024-03-21,2025-03-26,1494000
2022-04-02,2025-03-27,2026-03-18,1491000
2022-04-02,2026-03-19,9999-12-31,1492000
2022-04-09,2022-04-21,2022-04-27,1417000
2022-04-09,2022-04-28,2022-05-04,1409000
2022-04-09,2022-05-05,2023-04-05,1407000
2022-04-09,2023-04-06,2024-03-20,1527000
2022-04-09,2024-03-21,2025-03-26,1429000
2022-04-09,2025-03-27,2026-03-18,1426000
2022-04-09,2026-03-19,9999-12-31,1432000
2022-04-16,2022-04-28,2022-05-04,1408000
2022-04-16,2022-05-05,2023-04-05,1403000
2022-04-16,2023-04-06,2024-03-20,1521000
2022-04-16,2024-03-21,2025-03-26,1426000
2022-04-16,2025-03-27,2026-03-18,1428000
2022-04-16,2026-03-19,9999-12-31,1429000
2022-04-23,2022-05-05,2022-05-11,1384000
2022-04-23,2022-05-12,2023-04-05,1387000
2022-04-23,2023-04-06,2024-03-20,1498000
2022-04-23,2024-03-21,2025-03-26,1419000
2022-04-23,2025-03-27,2026-03-18,1422000
2022-04-23,2026-03-19,9999-12-31,1424000
2022-04-30,2022-05-12,2022-05-18,1343000
2022-04-30,2022-05-19,2023-04-05,1342000
2022-04-30,2023-04-06,2024-03-20,1457000
2022-04-30,2024-03-21,2025-03-26,1379000
2022-04-30,2025-03-27,2026-03-18,1380000
2022-04-30,2026-03-19,9999-12-31,1385000
2022-05-07,2022-05-19,2022-05-25,1317000
2022-05-07,2022-05-26,2023-04-05,1315000
2022-05-07,2023-04-06,2024-03-20,1434000
2022-05-07,2024-03-21,2025-03-26,1362000
2022-05-07,2025-03-27,2026-03-18,1367000
2022-05-07,2026-03-19,9999-12-31,1365000
2022-05-14,2022-05-26,2022-06-01,1346000
2022-05-14,2022-06-02,2023-04-05,1343000
2022-05-14,2023-04-06,2024-03-20,1432000
2022-05-14,2024-03-21,2025-03-26,1372000
2022-05-14,2025-03-27,2026-03-18,1374000
2022-05-14,2026-03-19,9999-12-31,1378000
2022-05-21,2022-06-02,2022-06-08,1309000
2022-05-21,2022-06-09,2023-04-05,1306000
2022-05-21,2023-04-06,2024-03-20,1399000
2022-05-21,2024-03-21,2025-03-26,1349000
2022-05-21,2025-03-27,2026-03-18,1360000
2022-05-21,2026-03-19,9999-12-31,1362000
2022-05-28,2022-06-09,2022-06-15,1306000
2022-05-28,2022-06-16,2023-04-05,1309000
2022-05-28,2023-04-06,2024-03-20,1382000
2022-05-28,2024-03-21,2025-03-26,1354000
2022-05-28,2025-03-27,2026-03-18,1364000
2022-05-28,2026-03-19,9999-12-31,1363000
2022-06-04,2022-06-16,2022-06-22,1312000
2022-06-04,2022-06-23,2023-04-05,1310000
2022-06-04,2023-04-06,2024-03-20,1359000
2022-06-04,2024-03-21,2025-03-26,1339000
2022-06-04,2025-03-27,2026-03-18,1349000
2022-06-04,2026-03-19,9999-12-31,1344000
2022-06-11,2022-06-23,2022-06-29,1315000
2022-06-11,2022-06-30,2023-04-05,1331000
2022-06-11,2023-04-06,2025-03-26,1350000
2022-06-11,2025-03-27,2026-03-18,1359000
2022-06-11,2026-03-19,9999-12-31,1356000
2022-06-18,2022-06-30,2022-07-06,1328000
2022-06-18,2022-07-07,2023-04-05,1324000
2022-06-18,2023-04-06,2024-03-20,1340000
2022-06-18,2024-03-21,2025-03-26,1355000
2022-06-18,2025-03-27,2026-03-18,1362000
2022-06-18,2026-03-19,9999-12-31,1358000
2022-06-25,2022-07-07,2022-07-13,1375000
2022-06-25,2022-07-14,2023-04-05,1372000
2022-06-25,2023-04-06,2024-03-20,1354000
2022-06-25,2024-03-21,2025-03-26,1397000
2022-06-25,2025-03-27,9999-12-31,1403000
2022-07-02,2022-07-14,2022-07-20,1331000
2022-07-02,2022-07-21,2023-04-05,1333000
2022-07-02,2023-04-06,2024-03-20,1314000
2022-07-02,2024-03-21,2025-03-26,1357000
2022-07-02,2025-03-27,2026-03-18,1363000
2022-07-02,2026-03-19,9999-12-31,1360000
2022-07-09,2022-07-21,2023-04-05,1384000
2022-07-09,2023-04-06,2024-03-20,1341000
2022-07-09,2024-03-21,2025-03-26,1365000
2022-07-09,2025-03-27,2026-03-18,1371000
2022-07-09,2026-03-19,9999-12-31,1367000
2022-07-16,2022-07-28,2022-08-03,1359000
2022-07-16,2022-08-04,2022-08-10,1368000
2022-07-16,2022-08-11,2023-04-05,1365000
2022-07-16,2023-04-06,2024-03-20,1317000
2022-07-16,2024-03-21,2025-03-26,1387000
2022-07-16,2025-03-27,2026-03-18,1392000
2022-07-16,2026-03-19,9999-12-31,1391000
2022-07-23,2022-08-04,2022-08-10,1416000
2022-07-23,2022-08-11,2023-04-05,1420000
2022-07-23,2023-04-06,2024-03-20,1350000
2022-07-23,2024-03-21,2025-03-26,1416000
2022-07-23,2025-03-27,2026-03-18,1420000
2022-07-23,2026-03-19,9999-12-31,1418000
2022-07-30,2022-08-11,2022-08-17,1428000
2022-07-30,2022-08-18,2023-04-05,1430000
2022-07-30,2023-04-06,2024-03-20,1352000
2022-07-30,2024-03-21,2025-03-26,1426000
2022-07-30,2025-03-27,2026-03-18,1429000
2022-07-30,2026-03-19,9999-12-31,1427000
2022-08-06,2022-08-18,2022-08-24,1437000
2022-08-06,2022-08-25,2023-04-05,1434000
2022-08-06,2023-04-06,2024-03-20,1350000
2022-08-06,2024-03-21,2025-03-26,1421000
2022-08-06,2025-03-27,2026-03-18,1424000
2022-08-06,2026-03-19,9999-12-31,1422000
2022-08-13,2022-08-25,2022-08-31,1415000
2022-08-13,2022-09-01,2023-04-05,1412000
2022-08-13,2023-04-06,2024-03-20,1329000
2022-08-13,2024-03-21,2025-03-26,1409000
2022-08-13,2025-03-27,2026-03-18,1411000
2022-08-13,2026-03-19,9999-12-31,1410000
2022-08-20,2022-09-01,2022-09-07,1438000
2022-08-20,2022-09-08,2023-04-05,1437000
2022-08-20,2023-04-06,2024-03-20,1343000
2022-08-20,2024-03-21,2025-03-26,1418000
2022-08-20,2025-03-27,2026-03-18,1421000
2022-08-20,2026-03-19,9999-12-31,1419000
2022-08-27,2022-09-08,2022-09-14,1473000
2022-08-27,2022-09-15,2022-09-21,1401000
2022-08-27,2022-09-22,2023-04-05,1402000
2022-08-27,2023-04-06,2024-03-20,1316000
2022-08-27,2024-03-21,2025-03-26,1417000
2022-08-27,2025-03-27,2026-03-18,1420000
2022-08-27,2026-03-19,9999-12-31,1418000
2022-09-03,2022-09-15,2022-09-21,1403000
2022-09-03,2022-09-22,2022-09-28,1401000
2022-09-03,2022-09-29,2023-04-05,1400000
2022-09-03,2023-04-06,2024-03-20,1302000
2022-09-03,2024-03-21,2025-03-26,1396000
2022-09-03,2025-03-27,9999-12-31,1397000
2022-09-10,2022-09-22,2022-09-28,1379000
2022-09-10,2022-09-29,2023-04-05,1376000
2022-09-10,2023-04-06,2024-03-20,1289000
2022-09-10,2024-03-21,2025-03-26,1398000
2022-09-10,2025-03-27,9999-12-31,1402000
2022-09-17,2022-09-29,2022-10-05,1347000
2022-09-17,2022-10-06,2023-04-05,1346000
2022-09-17,2023-04-06,2024-03-20,1290000
2022-09-17,2024-03-21,2025-03-26,1387000
2022-09-17,2025-03-27,9999-12-31,1382000
2022-09-24,2022-10-06,2022-10-12,1361000
2022-09-24,2022-10-13,2023-04-05,1365000
2022-09-24,2023-04-06,2024-03-20,1302000
2022-09-24,2024-03-21,2025-03-26,1395000
2022-09-24,2025-03-27,9999-12-31,1397000
2022-10-01,2022-10-13,2022-10-19,1368000
2022-10-01,2022-10-20,2023-04-05,1364000
2022-10-01,2023-04-06,2024-03-20,1325000
2022-10-01,2024-03-21,2025-03-26,1394000
2022-10-01,2025-03-27,9999-12-31,1392000
2022-10-08,2022-10-20,2022-10-26,1385000
2022-10-08,2022-10-27,2023-04-05,1383000
2022-10-08,2023-04-06,2024-03-20,1346000
2022-10-08,2024-03-21,2025-03-26,1408000
2022-10-08,2025-03-27,2026-03-18,1406000
2022-10-08,2026-03-19,9999-12-31,1404000
2022-10-15,2022-10-27,2023-04-05,1438000
2022-10-15,2023-04-06,2024-03-20,1391000
2022-10-15,2024-03-21,2025-03-26,1407000
2022-10-15,2025-03-27,2026-03-18,1405000
2022-10-15,2026-03-19,9999-12-31,1402000
2022-10-22,2022-11-03,2022-11-09,1485000
2022-10-22,2022-11-10,2023-04-05,1487000
2022-10-22,2023-04-06,2026-03-18,1432000
2022-10-22,2026-03-19,9999-12-31,1429000
2022-10-29,2022-11-10,2022-11-16,1493000
2022-10-29,2022-11-17,2022-11-22,1494000
2022-10-29,2022-11-23,2023-04-05,1498000
2022-10-29,2023-04-06,2024-03-20,1439000
2022-10-29,2024-03-21,2025-03-26,1432000
2022-10-29,2025-03-27,9999-12-31,1430000
2022-11-05,2022-11-17,2022-11-22,1507000
2022-11-05,2022-11-23,2022-11-30,1503000
2022-11-05,2022-12-01,2023-04-05,1498000
2022-11-05,2023-04-06,2024-03-20,1454000
2022-11-05,2024-03-21,2025-03-26,1412000
2022-11-05,2025-03-27,2026-03-18,1409000
2022-11-05,2026-03-19,9999-12-31,1406000
2022-11-12,2022-11-23,2023-04-05,1551000
2022-11-12,2023-04-06,2024-03-20,1484000
2022-11-12,2024-03-21,2025-03-26,1456000
2022-11-12,2025-03-27,2026-03-18,1452000
2022-11-12,2026-03-19,9999-12-31,1450000
2022-11-19,2022-12-01,2022-12-07,1608000
2022-11-19,2022-12-08,2023-04-05,1609000
2022-11-19,2023-04-06,2024-03-20,1554000
2022-11-19,2024-03-21,2025-03-26,1470000
2022-11-19,2025-03-27,2026-03-18,1465000
2022-11-19,2026-03-19,9999-12-31,1464000
2022-11-26,2022-12-08,2022-12-14,1671000
2022-11-26,2022-12-15,2023-04-05,1670000
2022-11-26,2023-04-06,2024-03-20,1558000
2022-11-26,2024-03-21,2025-03-26,1514000
2022-11-26,2025-03-27,2026-03-18,1513000
2022-11-26,2026-03-19,9999-12-31,1512000
2022-12-03,2022-12-15,2022-12-21,1671000
2022-12-03,2022-12-22,2022-12-28,1678000
2022-12-03,2022-12-29,2023-04-05,1669000
2022-12-03,2023-04-06,2024-03-20,1601000
2022-12-03,2024-03-21,2025-03-26,1542000
2022-12-03,2025-03-27,2026-03-18,1537000
2022-12-03,2026-03-19,9999-12-31,1539000
2022-12-10,2022-12-22,2022-12-28,1672000
2022-12-10,2022-12-29,2023-04-05,1669000
2022-12-10,2023-04-06,2024-03-20,1601000
2022-12-10,2024-03-21,2025-03-26,1554000
2022-12-10,2025-03-27,2026-03-18,1553000
2022-12-10,2026-03-19,9999-12-31,1551000
2022-12-17,2022-12-29,2023-01-04,1710000
2022-12-17,2023-01-05,2023-04-05,1718000
2022-12-17,2023-04-06,2024-03-20,1627000
2022-12-17,2024-03-21,2025-03-26,1571000
2022-12-17,2025-03-27,2026-03-18,1557000
2022-12-17,2026-03-19,9999-12-31,1558000
2022-12-24,2023-01-05,2023-01-11,1694000
2022-12-24,2023-01-12,2023-04-05,1697000
2022-12-24,2023-04-06,2024-03-20,1650000
2022-12-24,2024-03-21,2025-03-26,1597000
2022-12-24,2025-03-27,2026-03-18,1596000
2022-12-24,2026-03-19,9999-12-31,1597000
2022-12-31,2023-01-12,2023-01-18,1634000
2022-12-31,2023-01-19,2023-04-05,1630000
2022-12-31,2023-04-06,2024-03-20,1645000
2022-12-31,2024-03-21,2025-03-26,1590000
2022-12-31,2025-03-27,9999-12-31,1585000
2023-01-07,2023-01-19,2023-01-25,1647000
2023-01-07,2023-01-26,2023-04-05,1655000
2023-01-07,2023-04-06,2024-03-20,1634000
2023-01-07,2024-03-21,2025-03-26,1588000
2023-01-07,2025-03-27,9999-12-31,1584000
2023-01-14,2023-01-26,2023-02-01,1675000
2023-01-14,2023-02-02,2023-04-05,1666000
2023-01-14,2023-04-06,2024-03-20,1658000
2023-01-14,2024-03-21,2025-03-26,1608000
2023-01-14,2025-03-27,2026-03-18,1601000
2023-01-14,2026-03-19,9999-12-31,1604000
2023-01-21,2023-02-02,2023-02-08,1655000
2023-01-21,2023-02-09,2023-04-05,1650000
2023-01-21,2023-04-06,2024-03-20,1660000
2023-01-21,2024-03-21,2025-03-26,1602000
2023-01-21,2025-03-27,2026-03-18,1597000
2023-01-21,2026-03-19,9999-12-31,1599000
2023-01-28,2023-02-09,2023-02-15,1688000
2023-01-28,2023-02-16,2023-04-05,1680000
2023-01-28,2023-04-06,2024-03-20,1688000
2023-01-28,2024-03-21,2025-03-26,1636000
2023-01-28,2025-03-27,2026-03-18,1628000
2023-01-28,2026-03-19,9999-12-31,1629000
2023-02-04,2023-02-16,2023-02-22,1696000
2023-02-04,2023-02-23,2023-04-05,1691000
2023-02-04,2023-04-06,2024-03-20,1723000
2023-02-04,2024-03-21,2025-03-26,1644000
2023-02-04,2025-03-27,2026-03-18,1637000
2023-02-04,2026-03-19,9999-12-31,1641000
2023-02-11,2023-02-23,2023-03-01,1654000
2023-02-11,2023-03-02,2023-04-05,1660000
2023-02-11,2023-04-06,2024-03-20,1714000
2023-02-11,2024-03-21,2025-03-26,1647000
2023-02-11,2025-03-27,2026-03-18,1643000
2023-02-11,2026-03-19,9999-12-31,1646000
2023-02-18,2023-03-02,2023-03-08,1655000
2023-02-18,2023-03-09,2023-04-05,1649000
2023-02-18,2023-04-06,2024-03-20,1718000
2023-02-18,2024-03-21,2025-03-26,1641000
2023-02-18,2025-03-27,2026-03-18,1634000
2023-02-18,2026-03-19,9999-12-31,1637000
2023-02-25,2023-03-09,2023-03-15,1718000
2023-02-25,2023-03-16,2023-04-05,1713000
2023-02-25,2023-04-06,2024-03-20,1781000
2023-02-25,2024-03-21,2025-03-26,1665000
2023-02-25,2025-03-27,2026-03-18,1661000
2023-02-25,2026-03-19,9999-12-31,1662000
2023-03-04,2023-03-16,2023-03-22,1684000
2023-03-04,2023-03-23,2023-04-05,1680000
2023-03-04,2023-04-06,2024-03-20,1772000
2023-03-04,2024-03-21,2025-03-26,1665000
2023-03-04,2025-03-27,2026-03-18,1658000
2023-03-04,2026-03-19,9999-12-31,1662000
2023-03-11,2023-03-23,2023-03-29,1694000
2023-03-11,2023-03-30,2023-04-05,1685000
2023-03-11,2023-04-06,2024-03-20,1804000
2023-03-11,2024-03-21,2025-03-26,1680000
2023-03-11,2025-03-27,2026-03-18,1674000
2023-03-11,2026-03-19,9999-12-31,1676000
2023-03-18,2023-03-30,2023-04-05,1689000
2023-03-18,2023-04-06,2024-03-20,1817000
2023-03-18,2024-03-21,2025-03-26,1697000
2023-03-18,2025-03-27,2026-03-18,1690000
2023-03-18,2026-03-19,9999-12-31,1693000
2023-03-25,2023-04-06,2024-03-20,1823000
2023-03-25,2024-03-21,2025-03-26,1704000
2023-03-25,2025-03-27,2026-03-18,1701000
2023-03-25,2026-03-19,9999-12-31,1702000
2023-04-01,2023-04-13,2023-04-19,1810000
2023-04-01,2023-04-20,2024-03-20,1804000
2023-04-01,2024-03-21,2025-03-26,1696000
2023-04-01,2025-03-27,2026-03-18,1691000
2023-04-01,2026-03-19,9999-12-31,1694000
2023-04-08,2023-04-20,2023-04-26,1865000
2023-04-08,2023-04-27,2024-03-20,1861000
2023-04-08,2024-03-21,2025-03-26,1737000
2023-04-08,2025-03-27,2026-03-18,1735000
2023-04-08,2026-03-19,9999-12-31,1739000
2023-04-15,2023-04-27,2023-05-03,1858000
2023-04-15,2023-05-04,2024-03-20,1843000
2023-04-15,2024-03-21,2025-03-26,1722000
2023-04-15,2025-03-27,2026-03-18,1724000
2023-04-15,2026-03-19,9999-12-31,1726000
2023-04-22,2023-05-04,2023-05-10,1805000
2023-04-22,2023-05-11,2024-03-20,1801000
2023-04-22,2024-03-21,2025-03-26,1705000
2023-04-22,2025-03-27,9999-12-31,1708000
2023-04-29,2023-05-11,2023-05-17,1813000
2023-04-29,2023-05-18,2024-03-20,1807000
2023-04-29,2024-03-21,2025-03-26,1706000
2023-04-29,2025-03-27,2026-03-18,1710000
2023-04-29,2026-03-19,9999-12-31,1713000
2023-05-06,2023-05-18,2024-03-20,1799000
2023-05-06,2024-03-21,2025-03-26,1710000
2023-05-06,2025-03-27,2026-03-18,1715000
2023-05-06,2026-03-19,9999-12-31,1713000
2023-05-13,2023-05-25,2023-05-31,1794000
2023-05-13,2023-06-01,2024-03-20,1789000
2023-05-13,2024-03-21,2025-03-26,1710000
2023-05-13,2025-03-27,2026-03-18,1714000
2023-05-13,2026-03-19,9999-12-31,1716000
2023-05-20,2023-06-01,2023-06-07,1795000
2023-05-20,2023-06-08,2024-03-20,1794000
2023-05-20,2024-03-21,2025-03-26,1729000
2023-05-20,2025-03-27,2026-03-18,1739000
2023-05-20,2026-03-19,9999-12-31,1744000
2023-05-27,2023-06-08,2023-06-14,1757000
2023-05-27,2023-06-15,2024-03-20,1755000
2023-05-27,2024-03-21,2025-03-26,1712000
2023-05-27,2025-03-27,2026-03-18,1729000
2023-05-27,2026-03-19,9999-12-31,1725000
2023-06-03,2023-06-15,2023-06-21,1775000
2023-06-03,2023-06-22,2024-03-20,1772000
2023-06-03,2024-03-21,2025-03-26,1744000
2023-06-03,2025-03-27,2026-03-18,1755000
2023-06-03,2026-03-19,9999-12-31,1751000
2023-06-10,2023-06-22,2023-06-28,1759000
2023-06-10,2023-06-29,2024-03-20,1761000
2023-06-10,2024-03-21,2025-03-26,1753000
2023-06-10,2025-03-27,2026-03-18,1764000
2023-06-10,2026-03-19,9999-12-31,1762000
2023-06-17,2023-06-29,2023-07-05,1742000
2023-06-17,2023-07-06,2024-03-20,1733000
2023-06-17,2024-03-21,2025-03-26,1750000
2023-06-17,2025-03-27,2026-03-18,1759000
2023-06-17,2026-03-19,9999-12-31,1753000
2023-06-24,2023-07-06,2023-07-12,1720000
2023-06-24,2023-07-13,2024-03-20,1718000
2023-06-24,2024-03-21,2025-03-26,1767000
2023-06-24,2025-03-27,9999-12-31,1775000
2023-07-01,2023-07-13,2023-07-19,1729000
2023-07-01,2023-07-20,2024-03-20,1721000
2023-07-01,2024-03-21,2025-03-26,1770000
2023-07-01,2025-03-27,2026-03-18,1778000
2023-07-01,2026-03-19,9999-12-31,1774000
2023-07-08,2023-07-20,2023-07-26,1754000
2023-07-08,2023-07-27,2024-03-20,1749000
2023-07-08,2024-03-21,2025-03-26,1786000
2023-07-08,2025-03-27,2026-03-18,1793000
2023-07-08,2026-03-19,9999-12-31,1790000
2023-07-15,2023-07-27,2023-08-02,1690000
2023-07-15,2023-08-03,2024-03-20,1679000
2023-07-15,2024-03-21,2025-03-26,1765000
2023-07-15,2025-03-27,2026-03-18,1772000
2023-07-15,2026-03-19,9999-12-31,1770000
2023-07-22,2023-08-03,2023-08-09,1700000
2023-07-22,2023-08-10,2024-03-20,1692000
2023-07-22,2024-03-21,2025-03-26,1776000
2023-07-22,2025-03-27,2026-03-18,1781000
2023-07-22,2026-03-19,9999-12-31,1778000
2023-07-29,2023-08-10,2024-03-20,1684000
2023-07-29,2024-03-21,2025-03-26,1773000
2023-07-29,2025-03-27,2026-03-18,1778000
2023-07-29,2026-03-19,9999-12-31,1774000
2023-08-05,2023-08-17,2023-08-23,1716000
2023-08-05,2023-08-24,2024-03-20,1711000
2023-08-05,2024-03-21,2025-03-26,1803000
2023-08-05,2025-03-27,2026-03-18,1807000
2023-08-05,2026-03-19,9999-12-31,1805000
2023-08-12,2023-08-24,2023-08-30,1702000
2023-08-12,2023-08-31,2024-03-20,1697000
2023-08-12,2024-03-21,2025-03-26,1797000
2023-08-12,2025-03-27,2026-03-18,1801000
2023-08-12,2026-03-19,9999-12-31,1797000
2023-08-19,2023-08-31,2023-09-06,1725000
2023-08-19,2023-09-07,2024-03-20,1719000
2023-08-19,2024-03-21,2025-03-26,1819000
2023-08-19,2025-03-27,9999-12-31,1821000
2023-08-26,2023-09-07,2023-09-13,1679000
2023-08-26,2023-09-14,2024-03-20,1684000
2023-08-26,2024-03-21,2025-03-26,1802000
2023-08-26,2025-03-27,2026-03-18,1806000
2023-08-26,2026-03-19,9999-12-31,1804000
2023-09-02,2023-09-14,2023-09-20,1688000
2023-09-02,2023-09-21,2024-03-20,1683000
2023-09-02,2024-03-21,2025-03-26,1810000
2023-09-02,2025-03-27,9999-12-31,1812000
2023-09-09,2023-09-21,2023-09-27,1662000
2023-09-09,2023-09-28,2024-03-20,1658000
2023-09-09,2024-03-21,2025-03-26,1793000
2023-09-09,2025-03-27,2026-03-18,1799000
2023-09-09,2026-03-19,9999-12-31,1797000
2023-09-16,2023-09-28,2023-10-04,1670000
2023-09-16,2023-10-05,2024-03-20,1665000
2023-09-16,2024-03-21,2025-03-26,1795000
2023-09-16,2025-03-27,2026-03-18,1799000
2023-09-16,2026-03-19,9999-12-31,1801000
2023-09-23,2023-10-05,2023-10-11,1664000
2023-09-23,2023-10-12,2024-03-20,1672000
2023-09-23,2024-03-21,2025-03-26,1789000
2023-09-23,2025-03-27,9999-12-31,1793000
2023-09-30,2023-10-12,2023-10-18,1702000
2023-09-30,2023-10-19,2024-03-20,1705000
2023-09-30,2024-03-21,2025-03-26,1800000
2023-09-30,2025-03-27,9999-12-31,1798000
2023-10-07,2023-10-19,2023-10-25,1734000
2023-10-07,2023-10-26,2024-03-20,1727000
2023-10-07,2024-03-21,2026-03-18,1808000
2023-10-07,2026-03-19,9999-12-31,1806000
2023-10-14,2023-10-26,2023-11-01,1790000
2023-10-14,2023-11-02,2024-03-20,1783000
2023-10-14,2024-03-21,2025-03-26,1810000
2023-10-14,2025-03-27,2026-03-18,1806000
2023-10-14,2026-03-19,9999-12-31,1804000
2023-10-21,2023-11-02,2023-11-08,1818000
2023-10-21,2023-11-09,2024-03-20,1812000
2023-10-21,2024-03-21,2026-03-18,1816000
2023-10-21,2026-03-19,9999-12-31,1812000
2023-10-28,2023-11-09,2023-11-15,1834000
2023-10-28,2023-11-16,2024-03-20,1833000
2023-10-28,2024-03-21,2025-03-26,1823000
2023-10-28,2025-03-27,2026-03-18,1821000
2023-10-28,2026-03-19,9999-12-31,1819000
2023-11-04,2023-11-16,2023-11-21,1865000
2023-11-04,2023-11-22,2024-03-20,1862000
2023-11-04,2024-03-21,2025-03-26,1807000
2023-11-04,2025-03-27,2026-03-18,1805000
2023-11-04,2026-03-19,9999-12-31,1802000
2023-11-11,2023-11-22,2023-11-29,1840000
2023-11-11,2023-11-30,2024-03-20,1841000
2023-11-11,2024-03-21,2025-03-26,1795000
2023-11-11,2025-03-27,2026-03-18,1789000
2023-11-11,2026-03-19,9999-12-31,1787000
2023-11-18,2023-11-30,2023-12-06,1927000
2023-11-18,2023-12-07,2024-03-20,1925000
2023-11-18,2024-03-21,2025-03-26,1813000
2023-11-18,2025-03-27,2026-03-18,1807000
2023-11-18,2026-03-19,9999-12-31,1803000
2023-11-25,2023-12-07,2023-12-13,1861000
2023-11-25,2023-12-14,2024-03-20,1856000
2023-11-25,2024-03-21,2025-03-26,1818000
2023-11-25,2025-03-27,2026-03-18,1814000
2023-11-25,2026-03-19,9999-12-31,1812000
2023-12-02,2023-12-14,2023-12-20,1876000
2023-12-02,2023-12-21,2024-03-20,1866000
2023-12-02,2024-03-21,2025-03-26,1818000
2023-12-02,2025-03-27,2026-03-18,1813000
2023-12-02,2026-03-19,9999-12-31,1814000
2023-12-09,2023-12-21,2023-12-27,1865000
2023-12-09,2023-12-28,2024-03-20,1861000
2023-12-09,2024-03-21,2025-03-26,1803000
2023-12-09,2025-03-27,9999-12-31,1801000
2023-12-16,2023-12-28,2024-01-03,1875000
2023-12-16,2024-01-04,2024-03-20,1886000
2023-12-16,2024-03-21,2025-03-26,1817000
2023-12-16,2025-03-27,9999-12-31,1801000
2023-12-23,2024-01-04,2024-01-10,1855000
2023-12-23,2024-01-11,2024-03-20,1868000
2023-12-23,2024-03-21,2025-03-26,1815000
2023-12-23,2025-03-27,2026-03-18,1813000
2023-12-23,2026-03-19,9999-12-31,1815000
2023-12-30,2024-01-11,2024-01-17,1834000
2023-12-30,2024-01-18,2024-01-24,1832000
2023-12-30,2024-01-25,2024-03-20,1833000
2023-12-30,2024-03-21,2025-03-26,1759000
2023-12-30,2025-03-27,2026-03-18,1752000
2023-12-30,2026-03-19,9999-12-31,1751000
2024-01-06,2024-01-18,2024-03-20,1806000
2024-01-06,2024-03-21,2025-03-26,1728000
2024-01-06,2025-03-27,9999-12-31,1723000
2024-01-13,2024-01-25,2024-01-31,1833000
2024-01-13,2024-02-01,2024-03-20,1828000
2024-01-13,2024-03-21,2025-03-26,1761000
2024-01-13,2025-03-27,2026-03-18,1752000
2024-01-13,2026-03-19,9999-12-31,1753000
2024-01-20,2024-02-01,2024-02-07,1898000
2024-01-20,2024-02-08,2024-03-20,1894000
2024-01-20,2024-03-21,2025-03-26,1829000
2024-01-20,2025-03-27,2026-03-18,1824000
2024-01-20,2026-03-19,9999-12-31,1829000
2024-01-27,2024-02-08,2024-02-14,1871000
2024-01-27,2024-02-15,2024-03-20,1865000
2024-01-27,2024-03-21,2025-03-26,1813000
2024-01-27,2025-03-27,2026-03-18,1802000
2024-01-27,2026-03-19,9999-12-31,1804000
2024-02-03,2024-02-15,2024-02-21,1895000
2024-02-03,2024-02-22,2024-03-20,1889000
2024-02-03,2024-03-21,2025-03-26,1803000
2024-02-03,2025-03-27,2026-03-18,1797000
2024-02-03,2026-03-19,9999-12-31,1800000
2024-02-10,2024-02-22,2024-02-28,1862000
2024-02-10,2024-02-29,2024-03-20,1860000
2024-02-10,2024-03-21,2025-03-26,1787000
2024-02-10,2025-03-27,2026-03-18,1781000
2024-02-10,2026-03-19,9999-12-31,1784000
2024-02-17,2024-02-29,2024-03-06,1905000
2024-02-17,2024-03-07,2024-03-13,1898000
2024-02-17,2024-03-14,2025-03-26,1805000
2024-02-17,2025-03-27,2026-03-18,1797000
2024-02-17,2026-03-19,9999-12-31,1802000
2024-02-24,2024-03-07,2024-03-13,1906000
2024-02-24,2024-03-14,2025-03-26,1794000
2024-02-24,2025-03-27,2026-03-18,1790000
2024-02-24,2026-03-19,9999-12-31,1788000
2024-03-02,2024-03-14,2024-03-20,1811000
2024-03-02,2024-03-21,2025-03-26,1803000
2024-03-02,2025-03-27,2026-03-18,1795000
2024-03-02,2026-03-19,9999-12-31,1800000
2024-03-09,2024-03-21,2024-03-27,1807000
2024-03-09,2024-03-28,2025-03-26,1795000
2024-03-09,2025-03-27,9999-12-31,1790000
2024-03-16,2024-03-28,2024-04-03,1819000
2024-03-16,2024-04-04,2025-03-26,1810000
2024-03-16,2025-03-27,2026-03-18,1802000
2024-03-16,2026-03-19,9999-12-31,1807000
2024-03-23,2024-04-04,2024-04-10,1791000
2024-03-23,2024-04-11,2025-03-26,1789000
2024-03-23,2025-03-27,9999-12-31,1788000
2024-03-30,2024-04-11,2024-04-17,1817000
2024-03-30,2024-04-18,2025-03-26,1810000
2024-03-30,2025-03-27,2026-03-18,1804000
2024-03-30,2026-03-19,9999-12-31,1810000
2024-04-06,2024-04-18,2024-04-24,1812000
2024-04-06,2024-04-25,2024-05-01,1796000
2024-04-06,2024-05-02,2025-03-26,1797000
2024-04-06,2025-03-27,2026-03-18,1793000
2024-04-06,2026-03-19,9999-12-31,1797000
2024-04-13,2024-04-25,2024-05-01,1781000
2024-04-13,2024-05-02,2025-03-26,1774000
2024-04-13,2025-03-27,2026-03-18,1776000
2024-04-13,2026-03-19,9999-12-31,1781000
2024-04-20,2024-05-02,2024-05-08,1774000
2024-04-20,2024-05-09,2025-03-26,1768000
2024-04-20,2025-03-27,2026-03-18,1771000
2024-04-20,2026-03-19,9999-12-31,1769000
2024-04-27,2024-05-09,2024-05-15,1785000
2024-04-27,2024-05-16,2025-03-26,1781000
2024-04-27,2025-03-27,2026-03-18,1786000
2024-04-27,2026-03-19,9999-12-31,1788000
2024-05-04,2024-05-16,2024-05-22,1794000
2024-05-04,2024-05-23,2025-03-26,1786000
2024-05-04,2025-03-27,2026-03-18,1790000
2024-05-04,2026-03-19,9999-12-31,1792000
2024-05-11,2024-05-23,2024-05-29,1794000
2024-05-11,2024-05-30,2025-03-26,1787000
2024-05-11,2025-03-27,2026-03-18,1793000
2024-05-11,2026-03-19,9999-12-31,1791000
2024-05-18,2024-05-30,2024-06-05,1791000
2024-05-18,2024-06-06,2025-03-26,1790000
2024-05-18,2025-03-27,2026-03-18,1798000
2024-05-18,2026-03-19,9999-12-31,1808000
2024-05-25,2024-06-06,2024-06-12,1792000
2024-05-25,2024-06-13,2024-06-19,1790000
2024-05-25,2024-06-20,2025-03-26,1791000
2024-05-25,2025-03-27,2026-03-18,1810000
2024-05-25,2026-03-19,9999-12-31,1804000
2024-06-01,2024-06-13,2024-06-19,1820000
2024-06-01,2024-06-20,2025-03-26,1813000
2024-06-01,2025-03-27,2026-03-18,1825000
2024-06-01,2026-03-19,9999-12-31,1821000
2024-06-08,2024-06-20,2024-06-26,1828000
2024-06-08,2024-06-27,2025-03-26,1821000
2024-06-08,2025-03-27,2026-03-18,1832000
2024-06-08,2026-03-19,9999-12-31,1830000
2024-06-15,2024-06-27,2024-07-02,1839000
2024-06-15,2024-07-03,2025-03-26,1832000
2024-06-15,2025-03-27,2026-03-18,1844000
2024-06-15,2026-03-19,9999-12-31,1839000
2024-06-22,2024-07-03,2024-07-10,1858000
2024-06-22,2024-07-11,2025-03-26,1856000
2024-06-22,2025-03-27,2026-03-18,1864000
2024-06-22,2026-03-19,9999-12-31,1862000
2024-06-29,2024-07-11,2024-07-17,1852000
2024-06-29,2024-07-18,2025-03-26,1847000
2024-06-29,2025-03-27,2026-03-18,1856000
2024-06-29,2026-03-19,9999-12-31,1853000
2024-07-06,2024-07-18,2024-07-24,1867000
2024-07-06,2024-07-25,2025-03-26,1860000
2024-07-06,2025-03-27,2026-03-18,1866000
2024-07-06,2026-03-19,9999-12-31,1864000
2024-07-13,2024-07-25,2024-07-31,1851000
2024-07-13,2024-08-01,2025-03-26,1844000
2024-07-13,2025-03-27,2026-03-18,1853000
2024-07-13,2026-03-19,9999-12-31,1848000
2024-07-20,2024-08-01,2024-08-07,1877000
2024-07-20,2024-08-08,2025-03-26,1869000
2024-07-20,2025-03-27,2026-03-18,1874000
2024-07-20,2026-03-19,9999-12-31,1873000
2024-07-27,2024-08-08,2024-08-14,1875000
2024-07-27,2024-08-15,2025-03-26,1871000
2024-07-27,2025-03-27,2026-03-18,1876000
2024-07-27,2026-03-19,9999-12-31,1871000
2024-08-03,2024-08-15,2024-08-21,1864000
2024-08-03,2024-08-22,2025-03-26,1859000
2024-08-03,2025-03-27,9999-12-31,1863000
2024-08-10,2024-08-22,2024-08-28,1863000
2024-08-10,2024-08-29,2025-03-26,1855000
2024-08-10,2025-03-27,2026-03-18,1859000
2024-08-10,2026-03-19,9999-12-31,1855000
2024-08-17,2024-08-29,2024-09-04,1868000
2024-08-17,2024-09-05,2025-03-26,1860000
2024-08-17,2025-03-27,2026-03-18,1864000
2024-08-17,2026-03-19,9999-12-31,1862000
2024-08-24,2024-09-05,2024-09-11,1838000
2024-08-24,2024-09-12,2025-03-26,1845000
2024-08-24,2025-03-27,2026-03-18,1849000
2024-08-24,2026-03-19,9999-12-31,1847000
2024-08-31,2024-09-12,2024-09-18,1850000
2024-08-31,2024-09-19,2025-03-26,1843000
2024-08-31,2025-03-27,9999-12-31,1845000
2024-09-07,2024-09-19,2024-09-25,1829000
2024-09-07,2024-09-26,2025-03-26,1821000
2024-09-07,2025-03-27,2026-03-18,1827000
2024-09-07,2026-03-19,9999-12-31,1825000
2024-09-14,2024-09-26,2024-10-02,1834000
2024-09-14,2024-10-03,2025-03-26,1827000
2024-09-14,2025-03-27,9999-12-31,1831000
2024-09-21,2024-10-03,2024-10-09,1826000
2024-09-21,2024-10-10,2025-03-26,1819000
2024-09-21,2025-03-27,9999-12-31,1825000
2024-09-28,2024-10-10,2024-10-16,1861000
2024-09-28,2024-10-17,9999-12-31,1858000
2024-10-05,2024-10-17,2024-10-23,1867000
2024-10-05,2024-10-24,9999-12-31,1869000
2024-10-12,2024-10-24,2024-10-30,1897000
2024-10-12,2024-10-31,2025-03-26,1888000
2024-10-12,2025-03-27,2026-03-18,1884000
2024-10-12,2026-03-19,9999-12-31,1882000
2024-10-19,2024-10-31,2024-11-06,1862000
2024-10-19,2024-11-07,2025-03-26,1853000
2024-10-19,2025-03-27,2026-03-18,1855000
2024-10-19,2026-03-19,9999-12-31,1853000
2024-10-26,2024-11-07,2024-11-13,1892000
2024-10-26,2024-11-14,2025-03-26,1884000
2024-10-26,2025-03-27,2026-03-18,1880000
2024-10-26,2026-03-19,9999-12-31,1876000
2024-11-02,2024-11-14,2024-11-20,1873000
2024-11-02,2024-11-21,2026-03-18,1872000
2024-11-02,2026-03-19,9999-12-31,1870000
2024-11-09,2024-11-21,2024-11-26,1908000
2024-11-09,2024-11-27,2025-03-26,1898000
2024-11-09,2025-03-27,2026-03-18,1892000
2024-11-09,2026-03-19,9999-12-31,1887000
2024-11-16,2024-11-27,2024-12-04,1907000
2024-11-16,2024-12-05,2024-12-11,1896000
2024-11-16,2024-12-12,2025-03-26,1897000
2024-11-16,2025-03-27,2026-03-18,1892000
2024-11-16,2026-03-19,9999-12-31,1887000
2024-11-23,2024-12-05,2026-03-18,1871000
2024-11-23,2026-03-19,9999-12-31,1866000
2024-11-30,2024-12-12,2024-12-18,1886000
2024-11-30,2024-12-19,2025-03-26,1879000
2024-11-30,2025-03-27,2026-03-18,1873000
2024-11-30,2026-03-19,9999-12-31,1859000
2024-12-07,2024-12-19,2024-12-25,1874000
2024-12-07,2024-12-26,2025-03-26,1864000
2024-12-07,2025-03-27,2026-03-18,1862000
2024-12-07,2026-03-19,9999-12-31,1865000
2024-12-14,2024-12-26,2025-01-01,1910000
2024-12-14,2025-01-02,2025-01-07,1896000
2024-12-14,2025-01-08,2025-03-26,1897000
2024-12-14,2025-03-27,2026-03-18,1882000
2024-12-14,2026-03-19,9999-12-31,1881000
2024-12-21,2025-01-02,2025-01-07,1844000
2024-12-21,2025-01-08,2025-03-26,1834000
2024-12-21,2025-03-27,2026-03-18,1828000
2024-12-21,2026-03-19,9999-12-31,1833000
2024-12-28,2025-01-08,2025-01-15,1867000
2024-12-28,2025-01-16,2025-03-26,1877000
2024-12-28,2025-03-27,2026-03-18,1871000
2024-12-28,2026-03-19,9999-12-31,1868000
2025-01-04,2025-01-16,2025-01-22,1859000
2025-01-04,2025-01-23,2025-03-26,1853000
2025-01-04,2025-03-27,9999-12-31,1850000
2025-01-11,2025-01-23,2025-01-29,1899000
2025-01-11,2025-01-30,2025-03-26,1900000
2025-01-11,2025-03-27,2026-03-18,1888000
2025-01-11,2026-03-19,9999-12-31,1891000
2025-01-18,2025-01-30,2025-02-05,1858000
2025-01-18,2025-02-06,2025-03-26,1850000
2025-01-18,2025-03-27,2026-03-18,1849000
2025-01-18,2026-03-19,9999-12-31,1854000
2025-01-25,2025-02-06,2025-03-26,1886000
2025-01-25,2025-03-27,2026-03-18,1874000
2025-01-25,2026-03-19,9999-12-31,1876000
2025-02-01,2025-02-13,2025-02-19,1850000
2025-02-01,2025-02-20,2025-03-26,1845000
2025-02-01,2025-03-27,2026-03-18,1839000
2025-02-01,2026-03-19,9999-12-31,1840000
2025-02-08,2025-02-20,2025-02-26,1869000
2025-02-08,2025-02-27,2025-03-26,1867000
2025-02-08,2025-03-27,2026-03-18,1861000
2025-02-08,2026-03-19,9999-12-31,1862000
2025-02-15,2025-02-27,2025-03-05,1862000
2025-02-15,2025-03-06,2025-03-26,1855000
2025-02-15,2025-03-27,2026-03-18,1847000
2025-02-15,2026-03-19,9999-12-31,1849000
2025-02-22,2025-03-06,2025-03-26,1897000
2025-02-22,2025-03-27,2026-03-18,1892000
2025-02-22,2026-03-19,9999-12-31,1889000
2025-03-01,2025-03-13,2025-03-19,1870000
2025-03-01,2025-03-20,2025-03-26,1859000
2025-03-01,2025-03-27,2026-03-18,1851000
2025-03-01,2026-03-19,9999-12-31,1857000
2025-03-08,2025-03-20,2025-03-26,1892000
2025-03-08,2025-03-27,2026-03-18,1881000
2025-03-08,2026-03-19,9999-12-31,1876000
2025-03-15,2025-03-27,2025-04-02,1856000
2025-03-15,2025-04-03,2026-03-18,1847000
2025-03-15,2026-03-19,9999-12-31,1852000
2025-03-22,2025-04-03,2025-04-09,1903000
2025-03-22,2025-04-10,2026-03-18,1893000
2025-03-22,2026-03-19,9999-12-31,1889000
2025-03-29,2025-04-10,2025-04-16,1850000
2025-03-29,2025-04-17,2026-03-18,1844000
2025-03-29,2026-03-19,9999-12-31,1852000
2025-04-05,2025-04-17,2025-04-23,1885000
2025-04-05,2025-04-24,2026-03-18,1878000
2025-04-05,2026-03-19,9999-12-31,1876000
2025-04-12,2025-04-24,2025-04-30,1841000
2025-04-12,2025-05-01,2026-03-18,1833000
2025-04-12,2026-03-19,9999-12-31,1840000
2025-04-19,2025-05-01,2025-05-07,1916000
2025-04-19,2025-05-08,2026-03-18,1908000
2025-04-19,2026-03-19,9999-12-31,1906000
2025-04-26,2025-05-08,2025-05-14,1879000
2025-04-26,2025-05-15,2026-03-18,1872000
2025-04-26,2026-03-19,9999-12-31,1876000
2025-05-03,2025-05-15,2025-05-21,1881000
2025-05-03,2025-05-22,2025-05-28,1867000
2025-05-03,2025-05-29,2026-03-18,1877000
2025-05-03,2026-03-19,9999-12-31,1884000
2025-05-10,2025-05-22,2025-05-28,1903000
2025-05-10,2025-05-29,2026-03-18,1893000
2025-05-10,2026-03-19,9999-12-31,1889000
2025-05-17,2025-05-29,2025-06-04,1919000
2025-05-17,2025-06-05,2026-03-18,1907000
2025-05-17,2026-03-19,9999-12-31,1917000
2025-05-24,2025-06-05,2025-06-11,1904000
2025-05-24,2025-06-12,2026-03-18,1902000
2025-05-24,2026-03-19,9999-12-31,1896000
2025-05-31,2025-06-12,2025-06-17,1956000
2025-05-31,2025-06-18,2026-03-18,1951000
2025-05-31,2026-03-19,9999-12-31,1947000
2025-06-07,2025-06-18,2025-06-25,1945000
2025-06-07,2025-06-26,2026-03-18,1937000
2025-06-07,2026-03-19,9999-12-31,1935000
2025-06-14,2025-06-26,2025-07-02,1974000
2025-06-14,2025-07-03,2026-03-18,1964000
2025-06-14,2026-03-19,9999-12-31,1960000
2025-06-21,2025-07-03,2025-07-09,1964000
2025-06-21,2025-07-10,2025-07-16,1955000
2025-06-21,2025-07-17,2026-03-18,1956000
2025-06-21,2026-03-19,9999-12-31,1954000
2025-06-28,2025-07-10,2025-07-16,1965000
2025-06-28,2025-07-17,2026-03-18,1954000
2025-06-28,2026-03-19,9999-12-31,1952000
2025-07-05,2025-07-17,2025-07-23,1956000
2025-07-05,2025-07-24,2026-03-18,1951000
2025-07-05,2026-03-19,9999-12-31,1949000
2025-07-12,2025-07-24,2025-07-30,1955000
2025-07-12,2025-07-31,2026-03-18,1946000
2025-07-12,2026-03-19,9999-12-31,1941000
2025-07-19,2025-07-31,2025-08-06,1946000
2025-07-19,2025-08-07,9999-12-31,1936000
2025-07-26,2025-08-07,2025-08-13,1974000
2025-07-26,2025-08-14,2026-03-18,1968000
2025-07-26,2026-03-19,9999-12-31,1963000
2025-08-02,2025-08-14,2025-08-20,1953000
2025-08-02,2025-08-21,9999-12-31,1942000
2025-08-09,2025-08-21,2025-08-27,1972000
2025-08-09,2025-08-28,2026-03-18,1961000
2025-08-09,2026-03-19,9999-12-31,1957000
2025-08-16,2025-08-28,2025-09-03,1954000
2025-08-16,2025-09-04,2026-03-18,1944000
2025-08-16,2026-03-19,9999-12-31,1942000
2025-08-23,2025-09-04,2025-09-10,1940000
2025-08-23,2025-09-11,2026-03-18,1939000
2025-08-23,2026-03-19,9999-12-31,1937000
2025-08-30,2025-09-11,2025-09-17,1939000
2025-08-30,2025-09-18,9999-12-31,1927000
2025-09-06,2025-09-18,2025-09-24,1920000
2025-09-06,2025-09-25,2026-03-18,1928000
2025-09-06,2026-03-19,9999-12-31,1925000
2025-09-13,2025-09-25,2025-11-19,1926000
2025-09-13,2025-11-20,9999-12-31,1916000
2025-09-20,2025-11-20,9999-12-31,1921000
2025-09-27,2025-11-20,9999-12-31,1929000
2025-10-04,2025-11-20,9999-12-31,1928000
2025-10-11,2025-11-20,9999-12-31,1947000
2025-10-18,2025-11-20,2026-03-18,1957000
2025-10-18,2026-03-19,9999-12-31,1953000
2025-10-25,2025-11-20,2026-03-18,1964000
2025-10-25,2026-03-19,9999-12-31,1962000
2025-11-01,2025-11-20,9999-12-31,1946000
2025-11-08,2025-11-20,2025-11-25,1974000
2025-11-08,2025-11-26,2026-03-18,1953000
2025-11-08,2026-03-19,9999-12-31,1949000
2025-11-15,2025-11-26,2025-12-03,1960000
2025-11-15,2025-12-04,2025-12-10,1943000
2025-11-15,2025-12-11,2026-03-18,1944000
2025-11-15,2026-03-19,9999-12-31,1943000
2025-11-22,2025-12-04,2025-12-10,1939000
2025-11-22,2025-12-11,2026-03-18,1937000
2025-11-22,2026-03-19,9999-12-31,1932000
2025-11-29,2025-12-11,2025-12-17,1838000
2025-11-29,2025-12-18,2026-03-18,1830000
2025-11-29,2026-03-19,9999-12-31,1894000
2025-12-06,2025-12-18,2025-12-23,1897000
2025-12-06,2025-12-24,2026-03-18,1885000
2025-12-06,2026-03-19,9999-12-31,1887000
2025-12-13,2025-12-24,2025-12-30,1923000
2025-12-13,2025-12-31,2026-01-07,1913000
2025-12-13,2026-01-08,2026-03-18,1914000
2025-12-13,2026-03-19,9999-12-31,1910000
2025-12-20,2025-12-31,2026-01-07,1866000
2025-12-20,2026-01-08,2026-01-14,1858000
2025-12-20,2026-01-15,2026-03-18,1856000
2025-12-20,2026-03-19,9999-12-31,1860000
2025-12-27,2026-01-08,2026-01-14,1914000
2025-12-27,2026-01-15,2026-03-18,1903000
2025-12-27,2026-03-19,9999-12-31,1900000
2026-01-03,2026-01-15,2026-01-21,1884000
2026-01-03,2026-01-22,9999-12-31,1875000
2026-01-10,2026-01-22,2026-01-28,1849000
2026-01-10,2026-01-29,9999-12-31,1865000
2026-01-17,2026-01-29,2026-02-04,1827000
2026-01-17,2026-02-05,2026-03-18,1819000
2026-01-17,2026-03-19,9999-12-31,1823000
2026-01-24,2026-02-05,2026-02-11,1844000
2026-01-24,2026-02-12,2026-03-18,1841000
2026-01-24,2026-03-19,9999-12-31,1842000
2026-01-31,2026-02-12,2026-02-18,1862000
2026-01-31,2026-02-19,2026-03-18,1852000
2026-01-31,2026-03-19,9999-12-31,1859000
2026-02-07,2026-02-19,2026-02-25,1869000
2026-02-07,2026-02-26,2026-03-18,1864000
2026-02-07,2026-03-19,9999-12-31,1865000
2026-02-14,2026-02-26,2026-03-04,1833000
2026-02-14,2026-03-05,2026-03-18,1822000
2026-02-14,2026-03-19,9999-12-31,1827000
2026-02-21,2026-03-05,2026-03-11,1868000
2026-02-21,2026-03-12,9999-12-31,1871000
2026-02-28,2026-03-12,2026-03-18,1850000
2026-02-28,2026-03-19,9999-12-31,1847000
2026-03-07,2026-03-19,2026-03-25,1857000
2026-03-07,2026-03-26,9999-12-31,1851000
2026-03-14,2026-03-26,2026-04-01,1819000
2026-03-14,2026-04-02,9999-12-31,1816000
2026-03-21,2026-04-02,2026-04-08,1841000
2026-03-21,2026-04-09,9999-12-31,1832000
2026-03-28,2026-04-09,2026-04-15,1794000
2026-03-28,2026-04-16,9999-12-31,1787000
2026-04-04,2026-04-16,2026-04-22,1818000
2026-04-04,2026-04-23,9999-12-31,1809000
2026-04-11,2026-04-23,2026-04-29,1821000
2026-04-11,2026-04-30,9999-12-31,1808000
2026-04-18,2026-04-30,2026-05-06,1785000
2026-04-18,2026-05-07,9999-12-31,1776000
2026-04-25,2026-05-07,2026-05-13,1766000
2026-04-25,2026-05-14,9999-12-31,1758000
2026-05-02,2026-05-14,2026-05-20,1782000
2026-05-02,2026-05-21,9999-12-31,1776000
2026-05-09,2026-05-21,2026-05-27,1782000
2026-05-09,2026-05-28,9999-12-31,1771000
2026-05-16,2026-05-28,2026-06-03,1786000
2026-05-16,2026-06-04,9999-12-31,1785000
2026-05-23,2026-06-04,2026-06-10,1777000
2026-05-23,2026-06-11,9999-12-31,1771000
2026-05-30,2026-06-11,2026-06-17,1795000
2026-05-30,2026-06-18,9999-12-31,1786000
2026-06-06,2026-06-18,2026-06-24,1810000
2026-06-06,2026-06-25,9999-12-31,1800000
2026-06-13,2026-06-25,2026-07-01,1821000
2026-06-13,2026-07-02,9999-12-31,1812000
2026-06-20,2026-07-02,2026-07-08,1814000
2026-06-20,2026-07-09,9999-12-31,1806000
2026-06-27,2026-07-09,2026-07-15,1814000
2026-06-27,2026-07-16,9999-12-31,1821000
2026-07-04,2026-07-16,2026-07-22,1805000
2026-07-04,2026-07-23,9999-12-31,1798000
2026-07-11,2026-07-23,2026-07-29,1796000
2026-07-11,2026-07-30,9999-12-31,1789000
2026-07-18,2026-07-30,2026-08-05,1782000
2026-07-18,2026-08-06,9999-12-31,1777000
2026-07-25,2026-08-06,2026-08-12,1801000
2026-07-25,2026-08-13,9999-12-31,1799000
2026-08-01,2026-08-13,2026-08-19,1777000
2026-08-01,2026-08-20,9999-12-31,1781000
2026-08-08,2026-08-20,2026-08-26,1799000
2026-08-08,2026-08-27,9999-12-31,1796000
2026-08-15,2026-08-27,2026-09-02,1778000
2026-08-15,2026-09-03,9999-12-31,1771000
2026-08-22,2026-09-03,2026-09-09,1779000
2026-08-22,2026-09-10,9999-12-31,1775000
2026-08-29,2026-09-10,9999-12-31,1774000
