date,realtime_start,realtime_end,value
1959-01-01,1960-07-21,1961-07-18,1533
1959-01-01,1961-07-19,1963-08-19,1560
1959-01-01,1963-08-20,1972-02-15,1582
1959-01-01,1972-02-16,9999-12-31,1657
1959-02-01,1960-07-21,1961-07-18,1546
1959-02-01,1961-07-19,1963-08-19,1521
1959-02-01,1963-08-20,1972-02-15,1530
1959-02-01,1972-02-16,9999-12-31,1667
1959-03-01,1960-07-21,1961-07-18,1598
1959-03-01,1961-07-19,1963-08-19,1585
1959-03-01,1963-08-20,1972-02-15,1579
1959-03-01,1972-02-16,9999-12-31,1620
1959-04-01,1960-07-21,1961-07-18,1613
1959-04-01,1961-07-19,1963-08-19,1584
1959-04-01,1963-08-20,1972-02-15,1597
1959-04-01,1972-02-16,9999-12-31,1590
1959-05-01,1960-07-21,1961-07-18,1597
1959-05-01,1961-07-19,1963-08-19,1562
1959-05-01,1963-08-20,1965-06-17,1497
1959-05-01,1965-06-18,1972-02-15,1494
1959-05-01,1972-02-16,9999-12-31,1498
1959-06-01,1960-07-21,1961-07-18,1577
1959-06-01,1961-07-19,1963-08-19,1545
1959-06-01,1963-08-20,1965-06-17,1511
1959-06-01,1965-06-18,1972-02-15,1475
1959-06-01,1972-02-16,9999-12-31,1503
1959-07-01,1960-07-21,1961-07-18,1578
1959-07-01,1961-07-19,1963-08-19,1586
1959-07-01,1963-08-20,1965-06-17,1556
1959-07-01,1965-06-18,1972-02-15,1537
1959-07-01,1972-02-16,9999-12-31,1547
1959-08-01,1960-07-21,1961-07-18,1450
1959-08-01,1961-07-19,1963-08-19,1454
1959-08-01,1963-08-20,1965-06-17,1399
1959-08-01,1965-06-18,1972-02-15,1443
1959-08-01,1972-02-16,9999-12-31,1430
1959-09-01,1960-07-21,1961-07-18,1509
1959-09-01,1961-07-19,1963-08-19,1540
1959-09-01,1963-08-20,1965-06-17,1608
1959-09-01,1965-06-18,1972-02-15,1521
1959-09-01,1972-02-16,9999-12-31,1540
1959-10-01,1960-07-21,1961-07-18,1378
1959-10-01,1961-07-19,1963-08-19,1385
1959-10-01,1963-08-20,1965-06-17,1357
1959-10-01,1965-06-18,1972-02-15,1274
1959-10-01,1972-02-16,9999-12-31,1355
1959-11-01,1960-07-21,1961-07-18,1356
1959-11-01,1961-07-19,1963-08-19,1379
1959-11-01,1963-08-20,1965-06-17,1371
1959-11-01,1965-06-18,1972-02-15,1408
1959-11-01,1972-02-16,9999-12-31,1416
1959-12-01,1960-07-21,1961-07-18,1451
1959-12-01,1961-07-19,1963-08-19,1504
1959-12-01,1963-08-20,1965-06-17,1584
1959-12-01,1965-06-18,1972-02-15,1564
1959-12-01,1972-02-16,9999-12-31,1601
1960-01-01,1960-07-21,1961-07-18,1366
1960-01-01,1961-07-19,1963-08-19,1382
1960-01-01,1963-08-20,1965-06-17,1533
1960-01-01,1965-06-18,1972-02-15,1684
1960-01-01,1972-02-16,9999-12-31,1460
1960-02-01,1960-07-21,1961-07-18,1367
1960-02-01,1961-07-19,1963-08-19,1383
1960-02-01,1963-08-20,1965-06-17,1526
1960-02-01,1965-06-18,1972-02-15,1536
1960-02-01,1972-02-16,9999-12-31,1503
1960-03-01,1960-07-21,1961-07-18,1112
1960-03-01,1961-07-19,1963-08-19,1104
1960-03-01,1963-08-20,1965-06-17,1122
1960-03-01,1965-06-18,1972-02-15,1098
1960-03-01,1972-02-16,9999-12-31,1109
1960-04-01,1960-07-21,1960-08-17,1325
1960-04-01,1960-08-18,1960-11-16,1329
1960-04-01,1960-11-17,1961-07-18,1327
1960-04-01,1961-07-19,1963-08-19,1293
1960-04-01,1963-08-20,1965-06-17,1271
1960-04-01,1965-06-18,1972-02-15,1270
1960-04-01,1972-02-16,9999-12-31,1289
1960-05-01,1960-07-21,1960-08-17,1336
1960-05-01,1960-08-18,1960-11-16,1342
1960-05-01,1960-11-17,1961-07-18,1333
1960-05-01,1961-07-19,1963-08-19,1331
1960-05-01,1963-08-20,1965-06-17,1269
1960-05-01,1965-06-18,1972-02-15,1291
1960-05-01,1972-02-16,9999-12-31,1271
1960-06-01,1960-07-21,1960-08-17,1334
1960-06-01,1960-08-18,1960-09-18,1298
1960-06-01,1960-09-19,1961-07-18,1302
1960-06-01,1961-07-19,1963-08-19,1279
1960-06-01,1963-08-20,1965-06-17,1249
1960-06-01,1965-06-18,1972-02-15,1228
1960-06-01,1972-02-16,9999-12-31,1247
1960-07-01,1960-08-18,1960-09-18,1173
1960-07-01,1960-09-19,1960-10-17,1184
1960-07-01,1960-10-18,1961-07-18,1182
1960-07-01,1961-07-19,1963-08-19,1227
1960-07-01,1963-08-20,1965-06-17,1200
1960-07-01,1965-06-18,1972-02-15,1211
1960-07-01,1972-02-16,9999-12-31,1197
1960-08-01,1960-09-19,1960-10-17,1275
1960-08-01,1960-10-18,1960-11-16,1295
1960-08-01,1960-11-17,1961-07-18,1292
1960-08-01,1961-07-19,1963-08-19,1355
1960-08-01,1963-08-20,1965-06-17,1303
1960-08-01,1965-06-18,1972-02-15,1366
1960-08-01,1972-02-16,9999-12-31,1344
1960-09-01,1960-10-18,1960-11-16,1077
1960-09-01,1960-11-17,1961-01-16,1066
1960-09-01,1961-01-17,1961-07-18,1062
1960-09-01,1961-07-19,1963-08-19,1089
1960-09-01,1963-08-20,1965-06-17,1135
1960-09-01,1965-06-18,1972-02-15,1107
1960-09-01,1972-02-16,9999-12-31,1097
1960-10-01,1960-11-17,1960-12-15,1231
1960-10-01,1960-12-16,1961-01-16,1253
1960-10-01,1961-01-17,1961-02-15,1256
1960-10-01,1961-02-16,1961-07-18,1236
1960-10-01,1961-07-19,1963-08-19,1273
1960-10-01,1963-08-20,1965-06-17,1247
1960-10-01,1965-06-18,1972-02-15,1174
1960-10-01,1972-02-16,9999-12-31,1246
1960-11-01,1960-12-16,1961-01-16,1235
1960-11-01,1961-01-17,1961-02-15,1212
1960-11-01,1961-02-16,1961-07-18,1216
1960-11-01,1961-07-19,1963-08-19,1220
1960-11-01,1963-08-20,1965-06-17,1205
1960-11-01,1965-06-18,1972-02-15,1267
1960-11-01,1972-02-16,9999-12-31,1246
1960-12-01,1961-01-17,1961-02-15,990
1960-12-01,1961-02-16,1961-03-15,984
1960-12-01,1961-03-16,1961-07-18,979
1960-12-01,1961-07-19,1963-08-19,996
1960-12-01,1963-08-20,1965-06-17,1051
1960-12-01,1965-06-18,1972-02-15,1048
1960-12-01,1972-02-16,9999-12-31,1063
1961-01-01,1961-02-16,1961-03-15,1098
1961-01-01,1961-03-16,1961-04-13,1076
1961-01-01,1961-04-14,1961-07-18,1105
1961-01-01,1961-07-19,1962-12-18,1127
1961-01-01,1962-12-19,1963-08-19,1137
1961-01-01,1963-08-20,1965-06-17,1250
1961-01-01,1965-06-18,1972-02-15,1319
1961-01-01,1972-02-16,9999-12-31,1183
1961-02-01,1961-03-16,1961-04-13,1154
1961-02-01,1961-04-14,1961-06-15,1187
1961-02-01,1961-06-16,1961-07-18,1184
1961-02-01,1961-07-19,1962-12-18,1169
1961-02-01,1962-12-19,1963-08-19,1141
1961-02-01,1963-08-20,1965-06-17,1256
1961-02-01,1965-06-18,1972-02-15,1267
1961-02-01,1972-02-16,9999-12-31,1226
1961-03-01,1961-04-14,1961-05-16,1283
1961-03-01,1961-05-17,1961-06-15,1317
1961-03-01,1961-06-16,1961-07-18,1314
1961-03-01,1961-07-19,1962-12-18,1296
1961-03-01,1962-12-19,1963-08-19,1292
1961-03-01,1963-08-20,1965-06-17,1338
1961-03-01,1965-06-18,1972-02-15,1299
1961-03-01,1972-02-16,9999-12-31,1312
1961-04-01,1961-05-17,1961-06-15,1233
1961-04-01,1961-06-16,1961-07-18,1200
1961-04-01,1961-07-19,1962-12-18,1166
1961-04-01,1962-12-19,1963-08-19,1185
1961-04-01,1963-08-20,1965-06-17,1157
1961-04-01,1965-06-18,1972-02-15,1159
1961-04-01,1972-02-16,9999-12-31,1166
1961-05-01,1961-06-16,1961-07-18,1298
1961-05-01,1961-07-19,1961-08-17,1295
1961-05-01,1961-08-18,1962-12-18,1291
1961-05-01,1962-12-19,1963-08-19,1301
1961-05-01,1963-08-20,1965-06-17,1236
1961-05-01,1965-06-18,1972-02-15,1248
1961-05-01,1972-02-16,9999-12-31,1228
1961-06-01,1961-07-19,1961-08-17,1374
1961-06-01,1961-08-18,1961-09-18,1383
1961-06-01,1961-09-19,1962-12-18,1381
1961-06-01,1962-12-19,1963-08-19,1407
1961-06-01,1963-08-20,1965-06-17,1370
1961-06-01,1965-06-18,1972-02-15,1361
1961-06-01,1972-02-16,9999-12-31,1382
1961-07-01,1961-08-18,1961-09-18,1317
1961-07-01,1961-09-19,1961-10-16,1338
1961-07-01,1961-10-17,1962-12-18,1343
1961-07-01,1962-12-19,1963-08-19,1358
1961-07-01,1963-08-20,1965-06-17,1330
1961-07-01,1965-06-18,1972-02-15,1329
1961-07-01,1972-02-16,9999-12-31,1335
1961-08-01,1961-09-19,1961-10-16,1317
1961-08-01,1961-10-17,1961-11-16,1321
1961-08-01,1961-11-17,1962-12-18,1326
1961-08-01,1962-12-19,1963-08-19,1328
1961-08-01,1963-08-20,1965-06-17,1275
1961-08-01,1965-06-18,1972-02-15,1341
1961-08-01,1972-02-16,9999-12-31,1312
1961-09-01,1961-10-17,1961-11-16,1360
1961-09-01,1961-11-17,1961-12-17,1380
1961-09-01,1961-12-18,1962-12-18,1383
1961-09-01,1962-12-19,1963-08-19,1415
1961-09-01,1963-08-20,1965-06-17,1470
1961-09-01,1965-06-18,1972-02-15,1444
1961-09-01,1972-02-16,9999-12-31,1429
1961-10-01,1961-11-17,1961-12-17,1442
1961-10-01,1961-12-18,1962-01-17,1432
1961-10-01,1962-01-18,1962-12-18,1434
1961-10-01,1962-12-19,1963-08-19,1443
1961-10-01,1963-08-20,1965-06-17,1412
1961-10-01,1965-06-18,1972-02-15,1333
1961-10-01,1972-02-16,9999-12-31,1415
1961-11-01,1961-12-18,1962-01-17,1350
1961-11-01,1962-01-18,1962-02-15,1342
1961-11-01,1962-02-16,1962-12-18,1351
1961-11-01,1962-12-19,1963-08-19,1368
1961-11-01,1963-08-20,1965-06-17,1340
1961-11-01,1965-06-18,1972-02-15,1402
1961-11-01,1972-02-16,9999-12-31,1385
1961-12-01,1962-01-18,1962-02-15,1306
1961-12-01,1962-02-16,1962-03-19,1309
1961-12-01,1962-03-20,1962-12-18,1297
1961-12-01,1962-12-19,1963-08-19,1295
1961-12-01,1963-08-20,1965-06-17,1365
1961-12-01,1965-06-18,1972-02-15,1370
1961-12-01,1972-02-16,9999-12-31,1365
1962-01-01,1962-02-16,1962-03-19,1292
1962-01-01,1962-03-20,1962-04-16,1259
1962-01-01,1962-04-17,1963-08-19,1273
1962-01-01,1963-08-20,1965-06-17,1423
1962-01-01,1965-06-18,1972-02-15,1489
1962-01-01,1972-02-16,9999-12-31,1361
1962-02-01,1962-03-20,1962-04-16,1126
1962-02-01,1962-04-17,1962-05-16,1149
1962-02-01,1962-05-17,1963-08-19,1152
1962-02-01,1963-08-20,1965-06-17,1272
1962-02-01,1965-06-18,1972-02-15,1313
1962-02-01,1972-02-16,9999-12-31,1278
1962-03-01,1962-04-17,1962-05-16,1409
1962-03-01,1962-05-17,1962-06-17,1434
1962-03-01,1962-06-18,1963-08-19,1431
1962-03-01,1963-08-20,1965-06-17,1483
1962-03-01,1965-06-18,1972-02-15,1441
1962-03-01,1972-02-16,9999-12-31,1443
1962-04-01,1962-05-17,1962-06-17,1542
1962-04-01,1962-06-18,1962-07-16,1538
1962-04-01,1962-07-17,1963-08-19,1542
1962-04-01,1963-08-20,1965-06-17,1511
1962-04-01,1965-06-18,1972-02-15,1515
1962-04-01,1972-02-16,9999-12-31,1524
1962-05-01,1962-06-18,1962-07-16,1587
1962-05-01,1962-07-17,1962-08-16,1555
1962-05-01,1962-08-17,1963-08-19,1579
1962-05-01,1963-08-20,1965-06-17,1514
1962-05-01,1965-06-18,1972-02-15,1531
1962-05-01,1972-02-16,9999-12-31,1483
1962-06-01,1962-07-17,1962-08-16,1389
1962-06-01,1962-08-17,1962-09-17,1415
1962-06-01,1962-09-18,1963-08-19,1425
1962-06-01,1963-08-20,1965-06-17,1392
1962-06-01,1965-06-18,1972-02-15,1389
1962-06-01,1972-02-16,9999-12-31,1404
1962-07-01,1962-08-17,1962-09-17,1407
1962-07-01,1962-09-18,1962-10-18,1448
1962-07-01,1962-10-19,1963-01-16,1446
1962-07-01,1963-01-17,1963-08-19,1466
1962-07-01,1963-08-20,1965-06-17,1442
1962-07-01,1965-06-18,1972-02-15,1429
1962-07-01,1972-02-16,9999-12-31,1450
1962-08-01,1962-09-18,1962-10-18,1521
1962-08-01,1962-10-19,1962-11-18,1540
1962-08-01,1962-11-19,1963-08-19,1529
1962-08-01,1963-08-20,1965-06-17,1486
1962-08-01,1965-06-18,1972-02-15,1560
1962-08-01,1972-02-16,9999-12-31,1517
1962-09-01,1962-10-19,1962-11-18,1312
1962-09-01,1962-11-19,1962-12-18,1278
1962-09-01,1962-12-19,1963-08-19,1289
1962-09-01,1963-08-20,1965-06-17,1356
1962-09-01,1965-06-18,1972-02-15,1328
1962-09-01,1972-02-16,9999-12-31,1324
1962-10-01,1962-11-19,1962-12-18,1497
1962-10-01,1962-12-19,1963-01-16,1548
1962-10-01,1963-01-17,1963-08-19,1550
1962-10-01,1963-08-20,1965-06-17,1537
1962-10-01,1965-06-18,1972-02-15,1451
1962-10-01,1972-02-16,9999-12-31,1533
1962-11-01,1962-12-19,1963-01-16,1544
1962-11-01,1963-01-17,1963-02-18,1591
1962-11-01,1963-02-19,1963-08-19,1586
1962-11-01,1963-08-20,1965-06-17,1579
1962-11-01,1965-06-18,1972-02-15,1648
1962-11-01,1972-02-16,9999-12-31,1622
1962-12-01,1963-01-17,1963-02-18,1499
1962-12-01,1963-02-19,1963-03-18,1461
1962-12-01,1963-03-19,1963-08-19,1472
1962-12-01,1963-08-20,1965-06-17,1562
1962-12-01,1965-06-18,1972-02-15,1538
1962-12-01,1972-02-16,9999-12-31,1564
1963-01-01,1963-02-19,1963-03-18,1242
1963-01-01,1963-03-19,1963-04-16,1229
1963-01-01,1963-04-17,1963-08-19,1242
1963-01-01,1963-08-20,1964-09-17,1344
1963-01-01,1964-09-18,1965-06-17,1314
1963-01-01,1965-06-18,1967-08-15,1303
1963-01-01,1967-08-16,1972-02-15,1265
1963-01-01,1972-02-16,9999-12-31,1244
1963-02-01,1963-03-19,1963-04-16,1280
1963-02-01,1963-04-17,1963-05-16,1278
1963-02-01,1963-05-17,1963-08-19,1280
1963-02-01,1963-08-20,1964-09-17,1380
1963-02-01,1964-09-18,1965-06-17,1445
1963-02-01,1965-06-18,1967-08-15,1470
1963-02-01,1967-08-16,1972-02-15,1514
1963-02-01,1972-02-16,9999-12-31,1456
1963-03-01,1963-04-17,1963-05-16,1494
1963-03-01,1963-05-17,1963-06-17,1521
1963-03-01,1963-06-18,1963-08-19,1534
1963-03-01,1963-08-20,1964-09-17,1575
1963-03-01,1964-09-18,1965-06-17,1577
1963-03-01,1965-06-18,1967-08-15,1507
1963-03-01,1967-08-16,1972-02-15,1503
1963-03-01,1972-02-16,9999-12-31,1534
1963-04-01,1963-05-17,1963-06-17,1627
1963-04-01,1963-06-18,1963-07-18,1647
1963-04-01,1963-07-19,1963-08-19,1660
1963-04-01,1963-08-20,1964-09-17,1618
1963-04-01,1964-09-18,1965-06-17,1678
1963-04-01,1965-06-18,1967-08-15,1681
1963-04-01,1967-08-16,1972-02-15,1644
1963-04-01,1972-02-16,9999-12-31,1689
1963-05-01,1963-06-18,1963-07-18,1722
1963-05-01,1963-07-19,1963-08-19,1694
1963-05-01,1963-08-20,1964-09-17,1618
1963-05-01,1964-09-18,1965-06-17,1679
1963-05-01,1965-06-18,1967-08-15,1708
1963-05-01,1967-08-16,1972-02-15,1676
1963-05-01,1972-02-16,9999-12-31,1641
1963-06-01,1963-07-19,1963-08-19,1586
1963-06-01,1963-08-20,1963-09-19,1560
1963-06-01,1963-09-20,1964-09-17,1571
1963-06-01,1964-09-18,1965-06-17,1575
1963-06-01,1965-06-18,1967-08-15,1569
1963-06-01,1967-08-16,1972-02-15,1552
1963-06-01,1972-02-16,9999-12-31,1588
1963-07-01,1963-08-20,1963-09-19,1513
1963-07-01,1963-09-20,1963-10-16,1563
1963-07-01,1963-10-17,1963-11-19,1599
1963-07-01,1963-11-20,1964-09-17,1588
1963-07-01,1964-09-18,1965-06-17,1599
1963-07-01,1965-06-18,1967-08-15,1590
1963-07-01,1967-08-16,1972-02-15,1627
1963-07-01,1972-02-16,9999-12-31,1614
1963-08-01,1963-09-20,1963-10-16,1513
1963-08-01,1963-10-17,1963-11-19,1440
1963-08-01,1963-11-20,1964-09-17,1455
1963-08-01,1964-09-18,1965-06-17,1475
1963-08-01,1965-06-18,1967-08-15,1545
1963-08-01,1967-08-16,1972-02-15,1580
1963-08-01,1972-02-16,9999-12-31,1639
1963-09-01,1963-10-17,1963-11-19,1687
1963-09-01,1963-11-20,1963-12-17,1730
1963-09-01,1963-12-18,1964-09-17,1732
1963-09-01,1964-09-18,1965-06-17,1747
1963-09-01,1965-06-18,1967-08-15,1713
1963-09-01,1967-08-16,1972-02-15,1747
1963-09-01,1972-02-16,9999-12-31,1763
1963-10-01,1963-11-20,1963-12-17,1876
1963-10-01,1963-12-18,1964-01-15,1819
1963-10-01,1964-01-16,1964-09-17,1847
1963-10-01,1964-09-18,1965-06-17,1864
1963-10-01,1965-06-18,1967-08-15,1749
1963-10-01,1967-08-16,1972-02-15,1876
1963-10-01,1972-02-16,9999-12-31,1779
1963-11-01,1963-12-18,1964-01-15,1528
1963-11-01,1964-01-16,1964-02-17,1556
1963-11-01,1964-02-18,1964-09-17,1564
1963-11-01,1964-09-18,1965-06-17,1577
1963-11-01,1965-06-18,1967-08-15,1629
1963-11-01,1967-08-16,1972-02-15,1567
1963-11-01,1972-02-16,9999-12-31,1622
1963-12-01,1964-01-16,1964-02-17,1597
1963-12-01,1964-02-18,1964-03-16,1556
1963-12-01,1964-03-17,1964-09-17,1564
1963-12-01,1964-09-18,1965-06-17,1570
1963-12-01,1965-06-18,1967-08-15,1560
1963-12-01,1967-08-16,1972-02-15,1532
1963-12-01,1972-02-16,9999-12-31,1491
1964-01-01,1964-02-18,1964-03-16,1700
1964-01-01,1964-03-17,1964-04-16,1729
1964-01-01,1964-04-17,1965-06-17,1718
1964-01-01,1965-06-18,1967-08-15,1776
1964-01-01,1967-08-16,1972-02-15,1647
1964-01-01,1972-02-16,9999-12-31,1603
1964-02-01,1964-03-17,1964-04-16,1643
1964-02-01,1964-04-17,1964-05-18,1653
1964-02-01,1964-05-19,1965-06-17,1657
1964-02-01,1965-06-18,1967-08-15,1750
1964-02-01,1967-08-16,1972-02-15,1867
1964-02-01,1972-02-16,9999-12-31,1820
1964-03-01,1964-04-17,1964-05-18,1648
1964-03-01,1964-05-19,1964-06-17,1665
1964-03-01,1964-06-18,1965-06-17,1663
1964-03-01,1965-06-18,1967-08-15,1593
1964-03-01,1967-08-16,1972-02-15,1555
1964-03-01,1972-02-16,9999-12-31,1517
1964-04-01,1964-05-19,1964-06-17,1558
1964-04-01,1964-06-18,1964-07-16,1515
1964-04-01,1964-07-17,1965-06-17,1531
1964-04-01,1965-06-18,1967-08-15,1532
1964-04-01,1967-08-16,1972-02-15,1417
1964-04-01,1972-02-16,9999-12-31,1448
1964-05-01,1964-06-18,1964-07-16,1501
1964-05-01,1964-07-17,1964-08-18,1500
1964-05-01,1964-08-19,1965-06-17,1529
1964-05-01,1965-06-18,1967-08-15,1518
1964-05-01,1967-08-16,1972-02-15,1480
1964-05-01,1972-02-16,9999-12-31,1467
1964-06-01,1964-07-17,1964-08-18,1577
1964-06-01,1964-08-19,1964-09-17,1596
1964-06-01,1964-09-18,1965-06-17,1611
1964-06-01,1965-06-18,1967-08-15,1621
1964-06-01,1967-08-16,1972-02-15,1589
1964-06-01,1972-02-16,9999-12-31,1550
1964-07-01,1964-08-19,1964-09-17,1517
1964-07-01,1964-09-18,1964-10-18,1488
1964-07-01,1964-10-19,1965-07-18,1505
1964-07-01,1965-07-19,1967-08-15,1500
1964-07-01,1967-08-16,1972-02-15,1540
1964-07-01,1972-02-16,9999-12-31,1562
1964-08-01,1964-09-18,1964-10-18,1402
1964-08-01,1964-10-19,1964-11-17,1424
1964-08-01,1964-11-18,1965-06-17,1430
1964-08-01,1965-06-18,1967-08-15,1513
1964-08-01,1967-08-16,1972-02-15,1489
1964-08-01,1972-02-16,9999-12-31,1569
1964-09-01,1964-10-19,1964-11-17,1484
1964-09-01,1964-11-18,1964-12-16,1465
1964-09-01,1964-12-17,1965-06-17,1457
1964-09-01,1965-06-18,1967-08-15,1445
1964-09-01,1967-08-16,1972-02-15,1421
1964-09-01,1972-02-16,9999-12-31,1455
1964-10-01,1964-11-18,1964-12-16,1600
1964-10-01,1964-12-17,1965-01-18,1599
1964-10-01,1965-01-19,1965-06-17,1591
1964-10-01,1965-06-18,1967-08-15,1522
1964-10-01,1967-08-16,1972-02-15,1572
1964-10-01,1972-02-16,9999-12-31,1524
1964-11-01,1964-12-17,1965-01-18,1420
1964-11-01,1965-01-19,1965-02-17,1430
1964-11-01,1965-02-18,1965-06-17,1455
1964-11-01,1965-06-18,1967-08-15,1505
1964-11-01,1967-08-16,1972-02-15,1508
1964-11-01,1972-02-16,9999-12-31,1486
1964-12-01,1965-01-19,1965-02-17,1541
1964-12-01,1965-02-18,1965-03-16,1596
1964-12-01,1965-03-17,1965-06-17,1646
1964-12-01,1965-06-18,1967-08-15,1610
1964-12-01,1967-08-16,1972-02-15,1489
1964-12-01,1972-02-16,9999-12-31,1484
1965-01-01,1965-02-18,1965-03-16,1487
1965-01-01,1965-03-17,1965-04-18,1466
1965-01-01,1965-04-19,1965-06-17,1462
1965-01-01,1965-06-18,1967-08-15,1442
1965-01-01,1967-08-16,1972-02-15,1409
1965-01-01,1972-02-16,9999-12-31,1361
1965-02-01,1965-03-17,1965-04-18,1422
1965-02-01,1965-04-19,1965-05-18,1420
1965-02-01,1965-05-19,1965-06-17,1418
1965-02-01,1965-06-18,1967-08-15,1482
1965-02-01,1967-08-16,1972-02-15,1434
1965-02-01,1972-02-16,9999-12-31,1433
1965-03-01,1965-04-19,1965-05-18,1549
1965-03-01,1965-05-19,1965-06-17,1546
1965-03-01,1965-06-18,1967-08-15,1489
1965-03-01,1967-08-16,1972-02-15,1451
1965-03-01,1972-02-16,9999-12-31,1423
1965-04-01,1965-05-19,1965-06-17,1548
1965-04-01,1965-06-18,1965-07-18,1546
1965-04-01,1965-07-19,1967-08-15,1552
1965-04-01,1967-08-16,1972-02-15,1453
1965-04-01,1972-02-16,9999-12-31,1438
1965-05-01,1965-06-18,1965-07-18,1484
1965-05-01,1965-07-19,1967-08-15,1516
1965-05-01,1967-08-16,1972-02-15,1484
1965-05-01,1972-02-16,9999-12-31,1478
1965-06-01,1965-07-19,1965-08-17,1531
1965-06-01,1965-08-18,1965-09-16,1562
1965-06-01,1965-09-17,1967-08-15,1566
1965-06-01,1967-08-16,1972-02-15,1503
1965-06-01,1972-02-16,9999-12-31,1488
1965-07-01,1965-08-18,1965-09-16,1459
1965-07-01,1965-09-17,1965-10-18,1461
1965-07-01,1965-10-19,1967-08-15,1473
1965-07-01,1967-08-16,1972-02-15,1508
1965-07-01,1972-02-16,9999-12-31,1529
1965-08-01,1965-09-17,1965-10-18,1402
1965-08-01,1965-10-19,1965-11-17,1422
1965-08-01,1965-11-18,1967-08-15,1427
1965-08-01,1967-08-16,1972-02-15,1399
1965-08-01,1972-02-16,9999-12-31,1432
1965-09-01,1965-10-19,1965-11-17,1424
1965-09-01,1965-11-18,1965-12-16,1449
1965-09-01,1965-12-17,1967-08-15,1453
1965-09-01,1967-08-16,1972-02-15,1472
1965-09-01,1972-02-16,9999-12-31,1482
1965-10-01,1965-11-18,1965-12-16,1402
1965-10-01,1965-12-17,1966-01-18,1409
1965-10-01,1966-01-19,1967-08-15,1411
1965-10-01,1967-08-16,1972-02-15,1467
1965-10-01,1972-02-16,9999-12-31,1452
1965-11-01,1965-12-17,1966-01-18,1534
1965-11-01,1966-01-19,1966-02-16,1537
1965-11-01,1966-02-17,1967-08-15,1547
1965-11-01,1967-08-16,9999-12-31,1460
1965-12-01,1966-01-19,1966-02-16,1746
1965-12-01,1966-02-17,1966-03-17,1763
1965-12-01,1966-03-18,1967-08-15,1769
1965-12-01,1967-08-16,1972-02-15,1570
1965-12-01,1972-02-16,9999-12-31,1656
1966-01-01,1966-02-17,1966-03-17,1537
1966-01-01,1966-03-18,1966-04-17,1584
1966-01-01,1966-04-18,1967-08-15,1611
1966-01-01,1967-08-16,1972-02-15,1433
1966-01-01,1972-02-16,9999-12-31,1370
1966-02-01,1966-03-18,1966-04-17,1318
1966-02-01,1966-04-18,1966-05-18,1365
1966-02-01,1966-05-19,1967-08-15,1374
1966-02-01,1967-08-16,1972-02-15,1408
1966-02-01,1972-02-16,9999-12-31,1378
1966-03-01,1966-04-18,1966-05-18,1543
1966-03-01,1966-05-19,1966-06-19,1561
1966-03-01,1966-06-20,1967-08-15,1569
1966-03-01,1967-08-16,1972-02-15,1430
1966-03-01,1972-02-16,9999-12-31,1394
1966-04-01,1966-05-19,1966-06-19,1495
1966-04-01,1966-06-20,1966-07-18,1499
1966-04-01,1966-07-19,1967-08-15,1502
1966-04-01,1967-08-16,1972-02-15,1377
1966-04-01,1972-02-16,9999-12-31,1352
1966-05-01,1966-06-20,1966-07-18,1306
1966-05-01,1966-07-19,1966-08-17,1295
1966-05-01,1966-08-18,1967-08-15,1318
1966-05-01,1967-08-16,1972-02-15,1262
1966-05-01,1972-02-16,9999-12-31,1265
1966-06-01,1966-07-19,1966-08-17,1288
1966-06-01,1966-08-18,1966-09-19,1273
1966-06-01,1966-09-20,1967-08-15,1285
1966-06-01,1967-08-16,1972-02-15,1185
1966-06-01,1972-02-16,9999-12-31,1194
1966-07-01,1966-08-18,1966-09-19,1064
1966-07-01,1966-09-20,1966-10-17,1081
1966-07-01,1966-10-18,1967-08-15,1088
1966-07-01,1967-08-16,1972-02-15,1079
1966-07-01,1972-02-16,9999-12-31,1086
1966-08-01,1966-09-20,1966-10-17,1057
1966-08-01,1966-10-18,1966-11-16,1102
1966-08-01,1966-11-17,1967-08-15,1107
1966-08-01,1967-08-16,1972-02-15,1108
1966-08-01,1972-02-16,9999-12-31,1119
1966-09-01,1966-10-18,1966-11-16,1073
1966-09-01,1966-11-17,1966-12-15,1070
1966-09-01,1966-12-16,1967-08-15,1075
1966-09-01,1967-08-16,1972-02-15,1048
1966-09-01,1972-02-16,9999-12-31,1046
1966-10-01,1966-11-17,1966-12-15,848
1966-10-01,1966-12-16,1967-01-15,841
1966-10-01,1967-01-16,1967-08-15,848
1966-10-01,1967-08-16,1972-02-15,845
1966-10-01,1972-02-16,9999-12-31,843
1966-11-01,1966-12-16,1967-01-15,1000
1966-11-01,1967-01-16,1967-02-14,1007
1966-11-01,1967-02-15,1967-08-15,1012
1966-11-01,1967-08-16,1972-02-15,975
1966-11-01,1972-02-16,9999-12-31,961
1966-12-01,1967-01-16,1967-02-14,1102
1966-12-01,1967-02-15,1967-03-14,1085
1966-12-01,1967-03-15,1967-08-15,1089
1966-12-01,1967-08-16,1972-02-15,931
1966-12-01,1972-02-16,9999-12-31,990
1967-01-01,1967-02-15,1967-03-14,1243
1967-01-01,1967-03-15,1967-04-16,1282
1967-01-01,1967-04-17,1967-08-15,1297
1967-01-01,1967-08-16,1972-02-15,1111
1967-01-01,1972-02-16,9999-12-31,1067
1967-02-01,1967-03-15,1967-04-16,1089
1967-02-01,1967-04-17,1967-05-15,1151
1967-02-01,1967-05-16,1967-08-15,1163
1967-02-01,1967-08-16,1972-02-15,1149
1967-02-01,1972-02-16,9999-12-31,1123
1967-03-01,1967-04-17,1967-05-15,1171
1967-03-01,1967-05-16,1967-06-15,1161
1967-03-01,1967-06-16,1967-08-15,1167
1967-03-01,1967-08-16,1972-02-15,1094
1967-03-01,1972-02-16,9999-12-31,1056
1967-04-01,1967-05-16,1967-06-15,1171
1967-04-01,1967-06-16,1967-07-17,1173
1967-04-01,1967-07-18,1967-08-15,1190
1967-04-01,1967-08-16,1972-02-15,1116
1967-04-01,1972-02-16,9999-12-31,1091
1967-05-01,1967-06-16,1967-07-17,1310
1967-05-01,1967-07-18,1967-08-15,1298
1967-05-01,1967-08-16,1972-02-15,1274
1967-05-01,1972-02-16,9999-12-31,1304
1967-06-01,1967-07-18,1967-08-15,1302
1967-06-01,1967-08-16,1967-09-17,1227
1967-06-01,1967-09-18,1972-02-15,1233
1967-06-01,1972-02-16,9999-12-31,1248
1967-07-01,1967-08-16,1967-09-17,1360
1967-07-01,1967-09-18,1967-10-15,1362
1967-07-01,1967-10-16,1972-02-15,1369
1967-07-01,1972-02-16,9999-12-31,1364
1967-08-01,1967-09-18,1967-10-15,1381
1967-08-01,1967-10-16,1967-11-15,1403
1967-08-01,1967-11-16,9999-12-31,1407
1967-09-01,1967-10-16,1967-11-15,1457
1967-09-01,1967-11-16,1967-12-17,1429
1967-09-01,1967-12-18,1972-02-15,1445
1967-09-01,1972-02-16,9999-12-31,1421
1967-10-01,1967-11-16,1967-12-17,1496
1967-10-01,1967-12-18,1968-01-16,1486
1967-10-01,1968-01-17,1972-02-15,1496
1967-10-01,1972-02-16,9999-12-31,1491
1967-11-01,1967-12-18,1968-01-16,1556
1967-11-01,1968-01-17,1968-02-15,1587
1967-11-01,1968-02-16,1970-04-15,1590
1967-11-01,1970-04-16,1972-02-15,1569
1967-11-01,1972-02-16,9999-12-31,1538
1967-12-01,1968-01-17,1968-02-15,1256
1967-12-01,1968-02-16,1968-03-14,1243
1967-12-01,1968-03-15,1970-04-15,1250
1967-12-01,1970-04-16,1972-02-15,1354
1967-12-01,1972-02-16,9999-12-31,1308
1968-01-01,1968-02-16,1968-03-14,1445
1968-01-01,1968-03-15,1968-04-16,1453
1968-01-01,1968-04-17,1970-04-15,1456
1968-01-01,1970-04-16,1972-02-15,1344
1968-01-01,1972-02-16,9999-12-31,1380
1968-02-01,1968-03-15,1968-04-16,1566
1968-02-01,1968-04-17,1968-05-16,1529
1968-02-01,1968-05-17,1970-04-15,1537
1968-02-01,1970-04-16,1972-02-15,1498
1968-02-01,1972-02-16,9999-12-31,1520
1968-03-01,1968-04-17,1968-05-16,1476
1968-03-01,1968-05-17,1968-06-19,1500
1968-03-01,1968-06-20,1970-04-15,1511
1968-03-01,1970-04-16,1972-02-15,1472
1968-03-01,1972-02-16,9999-12-31,1466
1968-04-01,1968-05-17,1968-06-19,1620
1968-04-01,1968-06-20,1968-07-16,1586
1968-04-01,1968-07-17,1970-04-15,1591
1968-04-01,1970-04-16,1972-02-15,1532
1968-04-01,1972-02-16,9999-12-31,1554
1968-05-01,1968-06-20,1968-07-16,1331
1968-05-01,1968-07-17,1968-08-15,1345
1968-05-01,1968-08-16,1970-04-15,1364
1968-05-01,1970-04-16,1972-02-15,1384
1968-05-01,1972-02-16,9999-12-31,1408
1968-06-01,1968-07-17,1968-08-15,1313
1968-06-01,1968-08-16,1968-09-16,1349
1968-06-01,1968-09-17,1970-04-15,1365
1968-06-01,1970-04-16,1972-02-15,1393
1968-06-01,1972-02-16,9999-12-31,1405
1968-07-01,1968-08-16,1968-09-16,1539
1968-07-01,1968-09-17,1968-10-15,1532
1968-07-01,1968-10-16,1970-04-15,1531
1968-07-01,1970-04-16,1972-02-15,1561
1968-07-01,1972-02-16,9999-12-31,1512
1968-08-01,1968-09-17,1968-10-15,1508
1968-08-01,1968-10-16,1968-11-17,1514
1968-08-01,1968-11-18,1970-04-15,1518
1968-08-01,1970-04-16,1972-02-15,1501
1968-08-01,1972-02-16,9999-12-31,1495
1968-09-01,1968-10-16,1968-11-17,1598
1968-09-01,1968-11-18,1970-04-15,1592
1968-09-01,1970-04-16,1972-02-15,1527
1968-09-01,1972-02-16,9999-12-31,1556
1968-10-01,1968-11-18,1968-12-16,1548
1968-10-01,1968-12-17,1969-01-15,1562
1968-10-01,1969-01-16,1970-04-15,1570
1968-10-01,1970-04-16,1972-02-15,1579
1968-10-01,1972-02-16,9999-12-31,1569
1968-11-01,1968-12-17,1969-01-15,1677
1968-11-01,1969-01-16,1969-02-16,1717
1968-11-01,1969-02-17,1970-04-15,1733
1968-11-01,1970-04-16,1972-02-15,1690
1968-11-01,1972-02-16,9999-12-31,1630
1968-12-01,1969-01-16,1969-02-16,1454
1968-12-01,1969-02-17,1969-03-16,1492
1968-12-01,1969-03-17,1970-04-15,1507
1968-12-01,1970-04-16,1972-02-15,1618
1968-12-01,1972-02-16,9999-12-31,1548
1969-01-01,1969-02-17,1969-03-16,1816
1969-01-01,1969-03-17,1969-04-14,1842
1969-01-01,1969-04-15,1970-04-15,1878
1969-01-01,1970-04-16,1972-02-15,1705
1969-01-01,1972-02-16,9999-12-31,1769
1969-02-01,1969-03-17,1969-04-14,1700
1969-02-01,1969-04-15,1969-05-14,1673
1969-02-01,1969-05-15,1970-04-15,1686
1969-02-01,1970-04-16,1972-02-15,1639
1969-02-01,1972-02-16,9999-12-31,1705
1969-03-01,1969-04-15,1969-05-14,1539
1969-03-01,1969-05-15,1969-06-16,1580
1969-03-01,1969-06-17,1970-04-15,1584
1969-03-01,1970-04-16,1972-02-15,1588
1969-03-01,1972-02-16,9999-12-31,1561
1969-04-01,1969-05-15,1969-06-16,1543
1969-04-01,1969-06-17,1969-07-15,1556
1969-04-01,1969-07-16,1970-04-15,1563
1969-04-01,1970-04-16,1972-02-15,1505
1969-04-01,1972-02-16,9999-12-31,1524
1969-05-01,1969-06-17,1969-07-15,1509
1969-05-01,1969-07-16,1969-08-14,1505
1969-05-01,1969-08-15,1970-04-15,1509
1969-05-01,1970-04-16,1972-02-15,1533
1969-05-01,1972-02-16,9999-12-31,1583
1969-06-01,1969-07-16,1969-08-14,1446
1969-06-01,1969-08-15,1969-09-15,1464
1969-06-01,1969-09-16,1970-04-15,1469
1969-06-01,1970-04-16,1972-02-15,1507
1969-06-01,1972-02-16,9999-12-31,1528
1969-07-01,1969-08-15,1969-09-15,1336
1969-07-01,1969-09-16,1969-10-15,1358
1969-07-01,1969-10-16,1970-04-15,1371
1969-07-01,1970-04-16,1972-02-15,1429
1969-07-01,1972-02-16,9999-12-31,1368
1969-08-01,1969-09-16,1969-10-15,1336
1969-08-01,1969-10-16,1969-11-17,1383
1969-08-01,1969-11-18,1970-04-15,1384
1969-08-01,1970-04-16,1972-02-15,1376
1969-08-01,1972-02-16,9999-12-31,1358
1969-09-01,1969-10-16,1969-11-17,1518
1969-09-01,1969-11-18,1969-12-16,1533
1969-09-01,1969-12-17,1970-04-15,1542
1969-09-01,1970-04-16,1972-02-15,1481
1969-09-01,1972-02-16,9999-12-31,1507
1969-10-01,1969-11-18,1969-12-16,1342
1969-10-01,1969-12-17,1970-01-15,1372
1969-10-01,1970-01-16,1970-04-15,1392
1969-10-01,1970-04-16,1972-02-15,1390
1969-10-01,1972-02-16,9999-12-31,1381
1969-11-01,1969-12-17,1970-01-15,1287
1969-11-01,1970-01-16,1970-02-16,1297
1969-11-01,1970-02-17,1970-04-15,1295
1969-11-01,1970-04-16,1972-02-15,1280
1969-11-01,1972-02-16,9999-12-31,1229
1969-12-01,1970-01-16,1970-02-16,1245
1969-12-01,1970-02-17,1970-03-15,1252
1969-12-01,1970-03-16,1970-04-15,1299
1969-12-01,1970-04-16,1972-02-15,1402
1969-12-01,1972-02-16,9999-12-31,1327
1970-01-01,1970-02-17,1970-03-15,1166
1970-01-01,1970-03-16,1970-04-15,1197
1970-01-01,1970-04-16,1972-02-15,1059
1970-01-01,1972-02-16,1973-02-15,1109
1970-01-01,1973-02-16,1974-02-18,1108
1970-01-01,1974-02-19,9999-12-31,1085
1970-02-01,1970-03-16,1970-04-15,1321
1970-02-01,1970-04-16,1970-05-14,1301
1970-02-01,1970-05-15,1972-02-15,1306
1970-02-01,1972-02-16,1974-02-18,1322
1970-02-01,1974-02-19,9999-12-31,1305
1970-03-01,1970-04-16,1970-05-14,1383
1970-03-01,1970-05-15,1970-06-15,1384
1970-03-01,1970-06-16,1972-02-15,1392
1970-03-01,1972-02-16,1974-02-18,1364
1970-03-01,1974-02-19,9999-12-31,1319
1970-04-01,1970-05-15,1970-06-15,1181
1970-04-01,1970-06-16,1970-07-15,1215
1970-04-01,1970-07-16,1972-02-15,1224
1970-04-01,1972-02-16,1974-02-18,1230
1970-04-01,1974-02-19,9999-12-31,1264
1970-05-01,1970-06-16,1970-07-15,1200
1970-05-01,1970-07-16,1970-08-16,1225
1970-05-01,1970-08-17,1972-02-15,1242
1970-05-01,1972-02-16,1974-02-18,1280
1970-05-01,1974-02-19,9999-12-31,1290
1970-06-01,1970-07-16,1970-08-16,1358
1970-06-01,1970-08-17,1970-09-16,1375
1970-06-01,1970-09-17,1972-02-15,1393
1970-06-01,1972-02-16,1974-02-18,1396
1970-06-01,1974-02-19,9999-12-31,1385
1970-07-01,1970-08-17,1970-09-16,1585
1970-07-01,1970-09-17,1970-10-15,1591
1970-07-01,1970-10-16,1972-02-15,1603
1970-07-01,1972-02-16,1974-02-18,1506
1970-07-01,1974-02-19,9999-12-31,1517
1970-08-01,1970-09-17,1970-10-15,1431
1970-08-01,1970-10-16,1970-11-16,1412
1970-08-01,1970-11-17,1972-02-15,1425
1970-08-01,1972-02-16,1974-02-18,1401
1970-08-01,1974-02-19,9999-12-31,1399
1970-09-01,1970-10-16,1970-12-16,1504
1970-09-01,1970-12-17,1972-02-15,1509
1970-09-01,1972-02-16,1974-02-18,1531
1970-09-01,1974-02-19,9999-12-31,1534
1970-10-01,1970-11-17,1970-12-16,1550
1970-10-01,1970-12-17,1971-01-17,1570
1970-10-01,1971-01-18,1972-02-15,1583
1970-10-01,1972-02-16,1974-02-18,1589
1970-10-01,1974-02-19,9999-12-31,1580
1970-11-01,1970-12-17,1971-01-17,1692
1970-11-01,1971-01-18,1971-02-17,1688
1970-11-01,1971-02-18,1972-02-15,1693
1970-11-01,1972-02-16,1974-02-18,1621
1970-11-01,1974-02-19,9999-12-31,1647
1970-12-01,1971-01-18,1971-02-17,1987
1970-12-01,1971-02-18,1971-03-16,2028
1970-12-01,1971-03-17,1972-02-15,2054
1970-12-01,1972-02-16,1972-11-15,1943
1970-12-01,1972-11-16,1974-02-18,1944
1970-12-01,1974-02-19,9999-12-31,1893
1971-01-01,1971-02-18,1971-03-16,1701
1971-01-01,1971-03-17,1971-04-15,1709
1971-01-01,1971-04-16,1972-02-15,1725
1971-01-01,1972-02-16,1974-02-18,1810
1971-01-01,1974-02-19,9999-12-31,1828
1971-02-01,1971-03-17,1971-04-15,1715
1971-02-01,1971-04-16,1971-05-17,1724
1971-02-01,1971-05-18,1972-02-15,1754
1971-02-01,1972-02-16,1974-02-18,1794
1971-02-01,1974-02-19,9999-12-31,1741
1971-03-01,1971-04-16,1971-05-17,1918
1971-03-01,1971-05-18,1971-06-15,1950
1971-03-01,1971-06-16,1972-02-15,1959
1971-03-01,1972-02-16,1974-02-18,1938
1971-03-01,1974-02-19,9999-12-31,1910
1971-04-01,1971-05-18,1971-06-15,1903
1971-04-01,1971-06-16,1971-07-18,1899
1971-04-01,1971-07-19,1972-02-15,1912
1971-04-01,1972-02-16,1974-02-18,1951
1971-04-01,1974-02-19,9999-12-31,1986
1971-05-01,1971-06-16,1971-07-18,1931
1971-05-01,1971-07-19,1971-08-16,1959
1971-05-01,1971-08-17,1972-02-15,1975
1971-05-01,1972-02-16,1974-02-18,2046
1971-05-01,1974-02-19,9999-12-31,2049
1971-06-01,1971-07-19,1971-08-16,1982
1971-06-01,1971-08-17,1971-09-16,1995
1971-06-01,1971-09-17,1972-02-15,2000
1971-06-01,1972-02-16,1974-02-18,2008
1971-06-01,1974-02-19,9999-12-31,2026
1971-07-01,1971-08-17,1971-09-16,2218
1971-07-01,1971-09-17,1971-10-17,2215
1971-07-01,1971-10-18,1972-02-15,2229
1971-07-01,1972-02-16,1974-02-18,2091
1971-07-01,1974-02-19,9999-12-31,2083
1971-08-01,1971-09-17,1971-10-17,2228
1971-08-01,1971-10-18,1971-11-15,2235
1971-08-01,1971-11-16,1972-02-15,2258
1971-08-01,1972-02-16,1974-02-18,2219
1971-08-01,1974-02-19,9999-12-31,2158
1971-09-01,1971-10-18,1971-11-15,1958
1971-09-01,1971-11-16,1971-12-15,1948
1971-09-01,1971-12-16,1972-02-15,2002
1971-09-01,1972-02-16,1974-02-18,2029
1971-09-01,1974-02-19,9999-12-31,2041
1971-10-01,1971-11-16,1971-12-15,2050
1971-10-01,1971-12-16,1972-01-17,2008
1971-10-01,1972-01-18,1972-02-15,2031
1971-10-01,1972-02-16,1974-02-18,2038
1971-10-01,1974-02-19,9999-12-31,2128
1971-11-01,1971-12-16,1972-01-17,2316
1971-11-01,1972-01-18,1972-02-15,2303
1971-11-01,1972-02-16,1974-02-18,2228
1971-11-01,1974-02-19,9999-12-31,2182
1971-12-01,1972-01-18,1972-02-15,2517
1971-12-01,1972-02-16,1972-03-16,2433
1971-12-01,1972-03-17,1974-02-18,2457
1971-12-01,1974-02-19,9999-12-31,2295
1972-01-01,1972-02-16,1972-03-16,2549
1972-01-01,1972-03-17,1972-04-17,2471
1972-01-01,1972-04-18,1973-02-15,2487
1972-01-01,1973-02-16,1974-02-18,2439
1972-01-01,1974-02-19,1975-02-18,2478
1972-01-01,1975-02-19,9999-12-31,2494
1972-02-01,1972-03-17,1972-04-17,2678
1972-02-01,1972-04-18,1972-05-15,2655
1972-02-01,1972-05-16,1973-02-15,2682
1972-02-01,1973-02-16,1974-02-18,2540
1972-02-01,1974-02-19,1975-02-18,2436
1972-02-01,1975-02-19,9999-12-31,2390
1972-03-01,1972-04-18,1972-05-15,2359
1972-03-01,1972-05-16,1972-06-15,2357
1972-03-01,1972-06-16,1973-02-15,2369
1972-03-01,1973-02-16,1974-02-18,2313
1972-03-01,1974-02-19,1975-02-18,2319
1972-03-01,1975-02-19,9999-12-31,2334
1972-04-01,1972-05-16,1972-06-15,2115
1972-04-01,1972-06-16,1972-07-18,2101
1972-04-01,1972-07-19,1973-02-15,2109
1972-04-01,1973-02-16,1974-02-18,2204
1972-04-01,1974-02-19,1975-02-18,2295
1972-04-01,1975-02-19,9999-12-31,2249
1972-05-01,1972-06-16,1972-07-18,2322
1972-05-01,1972-07-19,1972-08-15,2331
1972-05-01,1972-08-16,1973-02-15,2350
1972-05-01,1973-02-16,1974-02-18,2318
1972-05-01,1974-02-19,1975-02-18,2237
1972-05-01,1975-02-19,9999-12-31,2221
1972-06-01,1972-07-19,1972-08-15,2298
1972-06-01,1972-08-16,1972-09-18,2294
1972-06-01,1972-09-19,1973-02-15,2330
1972-06-01,1973-02-16,1974-02-18,2315
1972-06-01,1974-02-19,1975-02-18,2299
1972-06-01,1975-02-19,9999-12-31,2254
1972-07-01,1972-08-16,1972-09-18,2181
1972-07-01,1972-09-19,1972-10-17,2190
1972-07-01,1972-10-18,1973-02-15,2218
1972-07-01,1973-02-16,1974-02-18,2244
1972-07-01,1974-02-19,1975-02-18,2266
1972-07-01,1975-02-19,9999-12-31,2252
1972-08-01,1972-09-19,1972-10-17,2457
1972-08-01,1972-10-18,1972-11-15,2453
1972-08-01,1972-11-16,1973-02-15,2484
1972-08-01,1973-02-16,1974-02-18,2424
1972-08-01,1974-02-19,1975-02-18,2386
1972-08-01,1975-02-19,9999-12-31,2382
1972-09-01,1972-10-18,1972-11-15,2352
1972-09-01,1972-11-16,1972-12-17,2366
1972-09-01,1972-12-18,1973-02-15,2399
1972-09-01,1973-02-16,1974-02-18,2426
1972-09-01,1974-02-19,1975-02-18,2429
1972-09-01,1975-02-19,9999-12-31,2481
1972-10-01,1972-11-16,1972-12-17,2410
1972-10-01,1972-12-18,1973-01-16,2435
1972-10-01,1973-01-17,1973-02-15,2462
1972-10-01,1973-02-16,1974-02-18,2446
1972-10-01,1974-02-19,1975-02-18,2509
1972-10-01,1975-02-19,9999-12-31,2485
1972-11-01,1972-12-18,1973-01-16,2445
1972-11-01,1973-01-17,1973-02-15,2388
1972-11-01,1973-02-16,1974-02-18,2395
1972-11-01,1974-02-19,1975-02-18,2371
1972-11-01,1975-02-19,9999-12-31,2421
1972-12-01,1973-01-17,1973-02-15,2392
1972-12-01,1973-02-16,1973-03-15,2344
1972-12-01,1973-03-16,1974-02-18,2369
1972-12-01,1974-02-19,1975-02-18,2281
1972-12-01,1975-02-19,9999-12-31,2366
1973-01-01,1973-02-16,1973-03-15,2468
1973-01-01,1973-03-16,1973-04-16,2496
1973-01-01,1973-04-17,1974-02-18,2497
1973-01-01,1974-02-19,1975-02-18,2472
1973-01-01,1975-02-19,1976-02-17,2486
1973-01-01,1976-02-18,9999-12-31,2481
1973-02-01,1973-03-16,1973-04-16,2444
1973-02-01,1973-04-17,1973-05-15,2457
1973-02-01,1973-05-16,1974-02-18,2456
1973-02-01,1974-02-19,1975-02-18,2423
1973-02-01,1975-02-19,1976-02-17,2376
1973-02-01,1976-02-18,9999-12-31,2289
1973-03-01,1973-04-17,1973-05-15,2259
1973-03-01,1973-05-16,1973-06-17,2248
1973-03-01,1973-06-18,1974-02-18,2260
1973-03-01,1974-02-19,1975-02-18,2283
1973-03-01,1975-02-19,1976-02-17,2309
1973-03-01,1976-02-18,9999-12-31,2365
1973-04-01,1973-05-16,1973-06-17,2103
1973-04-01,1973-06-18,1973-07-17,2104
1973-04-01,1973-07-18,1974-02-18,2123
1973-04-01,1974-02-19,1975-02-18,2153
1973-04-01,1975-02-19,1976-02-17,2096
1973-04-01,1976-02-18,9999-12-31,2084
1973-05-01,1973-06-18,1973-07-17,2430
1973-05-01,1973-07-18,1973-08-15,2417
1973-05-01,1973-08-16,1974-02-18,2413
1973-05-01,1974-02-19,1975-02-18,2330
1973-05-01,1975-02-19,1976-02-17,2313
1973-05-01,1976-02-18,9999-12-31,2266
1973-06-01,1973-07-18,1973-08-15,2119
1973-06-01,1973-08-16,1973-09-18,2093
1973-06-01,1973-09-19,1974-02-18,2128
1973-06-01,1974-02-19,1975-02-18,2152
1973-06-01,1975-02-19,1976-02-17,2087
1973-06-01,1976-02-18,9999-12-31,2067
1973-07-01,1973-08-16,1973-10-16,2176
1973-07-01,1973-10-17,1974-02-18,2191
1973-07-01,1974-02-19,1975-02-18,2152
1973-07-01,1975-02-19,1976-02-17,2120
1973-07-01,1976-02-18,9999-12-31,2123
1973-08-01,1973-09-19,1973-10-16,2045
1973-08-01,1973-10-17,1973-11-15,2066
1973-08-01,1973-11-16,1974-02-18,2094
1973-08-01,1974-02-19,1975-02-18,2030
1973-08-01,1975-02-19,1976-02-17,2058
1973-08-01,1976-02-18,9999-12-31,2051
1973-09-01,1973-10-17,1973-11-15,1763
1973-09-01,1973-11-16,1973-12-17,1761
1973-09-01,1973-12-18,1974-02-18,1804
1973-09-01,1974-02-19,1975-02-18,1844
1973-09-01,1975-02-19,1976-02-17,1861
1973-09-01,1976-02-18,9999-12-31,1874
1973-10-01,1973-11-16,1973-12-17,1613
1973-10-01,1973-12-18,1974-01-16,1636
1973-10-01,1974-01-17,1974-02-18,1646
1973-10-01,1974-02-19,1975-02-18,1674
1973-10-01,1975-02-19,1976-02-17,1692
1973-10-01,1976-02-18,9999-12-31,1677
1973-11-01,1973-12-18,1974-01-16,1698
1973-11-01,1974-01-17,1974-02-18,1696
1973-11-01,1974-02-19,1975-02-18,1675
1973-11-01,1975-02-19,1976-02-17,1721
1973-11-01,1976-02-18,9999-12-31,1724
1973-12-01,1974-01-17,1974-02-18,1355
1973-12-01,1974-02-19,1974-03-17,1400
1973-12-01,1974-03-18,1975-02-18,1403
1973-12-01,1975-02-19,1976-02-17,1441
1973-12-01,1976-02-18,9999-12-31,1526
1974-01-01,1974-02-19,1974-03-17,1486
1974-01-01,1974-03-18,1974-04-18,1470
1974-01-01,1974-04-19,1975-02-18,1464
1974-01-01,1975-02-19,1976-02-17,1437
1974-01-01,1976-02-18,1977-02-15,1453
1974-01-01,1977-02-16,9999-12-31,1451
1974-02-01,1974-03-18,1974-04-18,1800
1974-02-01,1974-04-19,1974-05-15,1862
1974-02-01,1974-05-16,1975-02-18,1922
1974-02-01,1975-02-19,1976-02-17,1881
1974-02-01,1976-02-18,1977-02-15,1784
1974-02-01,1977-02-16,9999-12-31,1752
1974-03-01,1974-04-19,1974-05-15,1460
1974-03-01,1974-05-16,1974-06-17,1484
1974-03-01,1974-06-18,1975-02-18,1499
1974-03-01,1975-02-19,1976-02-17,1511
1974-03-01,1976-02-18,1977-02-15,1553
1974-03-01,1977-02-16,9999-12-31,1555
1974-04-01,1974-05-16,1974-06-17,1626
1974-04-01,1974-06-18,1974-07-16,1631
1974-04-01,1974-07-17,1975-02-18,1630
1974-04-01,1975-02-19,1976-02-17,1580
1974-04-01,1976-02-18,1977-02-15,1571
1974-04-01,1977-02-16,9999-12-31,1607
1974-05-01,1974-06-18,1974-07-16,1450
1974-05-01,1974-07-17,1974-08-15,1476
1974-05-01,1974-08-16,1975-02-18,1471
1974-05-01,1975-02-19,1976-02-17,1467
1974-05-01,1976-02-18,1977-02-15,1415
1974-05-01,1977-02-16,9999-12-31,1426
1974-06-01,1974-07-17,1974-08-15,1595
1974-06-01,1974-08-16,1974-09-17,1590
1974-06-01,1974-09-18,1975-02-18,1596
1974-06-01,1975-02-19,1976-02-17,1533
1974-06-01,1976-02-18,1977-02-15,1526
1974-06-01,1977-02-16,9999-12-31,1513
1974-07-01,1974-08-16,1974-09-17,1335
1974-07-01,1974-09-18,1974-10-16,1331
1974-07-01,1974-10-17,1975-02-18,1338
1974-07-01,1975-02-19,1976-02-17,1314
1974-07-01,1976-02-18,1977-02-15,1290
1974-07-01,1977-02-16,9999-12-31,1316
1974-08-01,1974-09-18,1974-10-16,1126
1974-08-01,1974-10-17,1974-11-17,1115
1974-08-01,1974-11-18,1975-02-18,1134
1974-08-01,1975-02-19,1976-02-17,1156
1974-08-01,1976-02-18,1977-02-15,1145
1974-08-01,1977-02-16,9999-12-31,1142
1974-09-01,1974-10-17,1974-11-17,1120
1974-09-01,1974-11-18,1974-12-16,1132
1974-09-01,1974-12-17,1975-02-18,1150
1974-09-01,1975-02-19,1976-02-17,1157
1974-09-01,1976-02-18,1977-02-15,1180
1974-09-01,1977-02-16,9999-12-31,1150
1974-10-01,1974-11-18,1974-12-16,1124
1974-10-01,1974-12-17,1975-01-16,1106
1974-10-01,1975-01-17,1975-02-18,1109
1974-10-01,1975-02-19,1976-02-17,1106
1974-10-01,1976-02-18,1977-02-15,1100
1974-10-01,1977-02-16,9999-12-31,1070
1974-11-01,1974-12-17,1975-02-18,990
1974-11-01,1975-02-19,1976-02-17,1017
1974-11-01,1976-02-18,1977-02-15,1028
1974-11-01,1977-02-16,9999-12-31,1026
1974-12-01,1975-01-17,1975-02-18,868
1974-12-01,1975-02-19,1975-03-17,874
1974-12-01,1975-03-18,1976-02-17,880
1974-12-01,1976-02-18,1977-02-15,940
1974-12-01,1977-02-16,9999-12-31,975
1975-01-01,1975-02-19,1975-03-17,987
1975-01-01,1975-03-18,1975-04-15,996
1975-01-01,1975-04-16,1976-02-17,999
1975-01-01,1976-02-18,1977-02-15,1005
1975-01-01,1977-02-16,1978-02-15,1016
1975-01-01,1978-02-16,9999-12-31,1032
1975-02-01,1975-03-18,1975-04-15,977
1975-02-01,1975-04-16,1975-05-15,986
1975-02-01,1975-05-16,1976-02-17,1000
1975-02-01,1976-02-18,1977-02-15,953
1975-02-01,1977-02-16,1978-02-15,923
1975-02-01,1978-02-16,9999-12-31,904
1975-03-01,1975-04-16,1975-05-15,980
1975-03-01,1975-05-16,1975-06-16,974
1975-03-01,1975-06-17,1976-02-17,985
1975-03-01,1976-02-18,1977-02-15,986
1975-03-01,1977-02-16,1978-02-15,990
1975-03-01,1978-02-16,9999-12-31,993
1975-04-01,1975-05-16,1975-06-16,990
1975-04-01,1975-06-17,1975-07-16,986
1975-04-01,1975-07-17,1976-02-17,980
1975-04-01,1976-02-18,1977-02-15,982
1975-04-01,1977-02-16,1978-02-15,996
1975-04-01,1978-02-16,9999-12-31,1005
1975-05-01,1975-06-17,1975-07-16,1126
1975-05-01,1975-07-17,1975-08-17,1129
1975-05-01,1975-08-18,1976-02-17,1130
1975-05-01,1976-02-18,1977-02-15,1085
1975-05-01,1977-02-16,1978-02-15,1109
1975-05-01,1978-02-16,9999-12-31,1121
1975-06-01,1975-07-17,1975-08-17,1070
1975-06-01,1975-08-18,1975-09-16,1088
1975-06-01,1975-09-17,1976-02-17,1094
1975-06-01,1976-02-18,1977-02-15,1080
1975-06-01,1977-02-16,1978-02-15,1067
1975-06-01,1978-02-16,9999-12-31,1087
1975-07-01,1975-08-18,1975-09-16,1238
1975-07-01,1975-09-17,1975-10-16,1239
1975-07-01,1975-10-17,1976-02-17,1235
1975-07-01,1976-02-18,1977-02-15,1207
1975-07-01,1977-02-16,1978-02-15,1229
1975-07-01,1978-02-16,9999-12-31,1226
1975-08-01,1975-09-17,1975-10-16,1260
1975-08-01,1975-10-17,1975-11-17,1268
1975-08-01,1975-11-18,1976-02-17,1269
1975-08-01,1976-02-18,1977-02-15,1264
1975-08-01,1977-02-16,1978-02-15,1253
1975-08-01,1978-02-16,9999-12-31,1260
1975-09-01,1975-10-17,1975-11-17,1240
1975-09-01,1975-11-18,1975-12-15,1268
1975-09-01,1975-12-16,1976-02-17,1269
1975-09-01,1976-02-18,1977-02-15,1304
1975-09-01,1977-02-16,1978-02-15,1281
1975-09-01,1978-02-16,9999-12-31,1264
1975-10-01,1975-11-18,1975-12-15,1458
1975-10-01,1975-12-16,1976-01-18,1457
1975-10-01,1976-01-19,1976-02-17,1452
1975-10-01,1976-02-18,1977-02-15,1431
1975-10-01,1977-02-16,1978-02-15,1368
1975-10-01,1978-02-16,9999-12-31,1344
1975-11-01,1975-12-16,1976-01-18,1375
1975-11-01,1976-01-19,1976-02-17,1354
1975-11-01,1976-02-18,1977-02-15,1381
1975-11-01,1977-02-16,1978-02-15,1370
1975-11-01,1978-02-16,9999-12-31,1360
1975-12-01,1976-01-19,1976-02-17,1309
1975-12-01,1976-02-18,1976-03-15,1291
1975-12-01,1976-03-16,1977-02-15,1283
1975-12-01,1977-02-16,1978-02-15,1336
1975-12-01,1978-02-16,9999-12-31,1321
1976-01-01,1976-02-18,1976-03-15,1221
1976-01-01,1976-03-16,1976-04-15,1224
1976-01-01,1976-04-16,1977-02-15,1236
1976-01-01,1977-02-16,1978-02-15,1259
1976-01-01,1978-02-16,1979-02-18,1262
1976-01-01,1979-02-19,9999-12-31,1367
1976-02-01,1976-03-16,1976-04-15,1555
1976-02-01,1976-04-16,1976-05-17,1562
1976-02-01,1976-05-18,1977-02-15,1547
1976-02-01,1977-02-16,1978-02-15,1476
1976-02-01,1978-02-16,1979-02-18,1452
1976-02-01,1979-02-19,9999-12-31,1538
1976-03-01,1976-04-16,1976-05-17,1444
1976-03-01,1976-05-18,1976-06-15,1433
1976-03-01,1976-06-16,1977-02-15,1417
1976-03-01,1977-02-16,1978-02-15,1426
1976-03-01,1978-02-16,1979-02-18,1427
1976-03-01,1979-02-19,9999-12-31,1421
1976-04-01,1976-05-18,1976-06-15,1372
1976-04-01,1976-06-16,1976-07-18,1381
1976-04-01,1976-07-19,1977-02-15,1367
1976-04-01,1977-02-16,1978-02-15,1385
1976-04-01,1978-02-16,1979-02-18,1405
1976-04-01,1979-02-19,9999-12-31,1395
1976-05-01,1976-06-16,1976-07-18,1415
1976-05-01,1976-07-19,1976-08-16,1430
1976-05-01,1976-08-17,1977-02-15,1422
1976-05-01,1977-02-16,1978-02-15,1435
1976-05-01,1978-02-16,1979-02-18,1468
1976-05-01,1979-02-19,9999-12-31,1459
1976-06-01,1976-07-19,1976-08-16,1492
1976-06-01,1976-08-17,1976-09-16,1527
1976-06-01,1976-09-17,1977-02-15,1510
1976-06-01,1977-02-16,1978-02-15,1494
1976-06-01,1978-02-16,1979-02-18,1508
1976-06-01,1979-02-19,9999-12-31,1495
1976-07-01,1976-08-17,1976-09-16,1387
1976-07-01,1976-09-17,1976-10-18,1391
1976-07-01,1976-10-19,1977-02-15,1382
1976-07-01,1977-02-16,1978-02-15,1413
1976-07-01,1978-02-16,1979-02-18,1410
1976-07-01,1979-02-19,9999-12-31,1401
1976-08-01,1976-09-17,1976-11-15,1542
1976-08-01,1976-11-16,1977-02-15,1537
1976-08-01,1977-02-16,1978-02-15,1530
1976-08-01,1978-02-16,1979-02-18,1546
1976-08-01,1979-02-19,9999-12-31,1550
1976-09-01,1976-10-19,1976-11-15,1814
1976-09-01,1976-11-16,1976-12-15,1858
1976-09-01,1976-12-16,1977-02-15,1840
1976-09-01,1977-02-16,1978-02-15,1768
1976-09-01,1978-02-16,1979-02-18,1753
1976-09-01,1979-02-19,9999-12-31,1720
1976-10-01,1976-11-16,1976-12-15,1792
1976-10-01,1976-12-16,1977-01-17,1813
1976-10-01,1977-01-18,1977-02-15,1814
1976-10-01,1977-02-16,1978-02-15,1715
1976-10-01,1978-02-16,1979-02-18,1662
1976-10-01,1979-02-19,9999-12-31,1629
1976-11-01,1976-12-16,1977-01-17,1705
1976-11-01,1977-01-18,1977-02-15,1716
1976-11-01,1977-02-16,1978-02-15,1706
1976-11-01,1978-02-16,1979-02-18,1680
1976-11-01,1979-02-19,9999-12-31,1641
1976-12-01,1977-01-18,1977-02-15,1940
1976-12-01,1977-02-16,1977-03-15,1884
1976-12-01,1977-03-16,1978-02-15,1889
1976-12-01,1978-02-16,1979-02-18,1824
1976-12-01,1979-02-19,9999-12-31,1804
1977-01-01,1977-02-16,1977-03-15,1375
1977-01-01,1977-03-16,1977-04-15,1386
1977-01-01,1977-04-16,1978-02-15,1384
1977-01-01,1978-02-16,1979-02-18,1393
1977-01-01,1979-02-19,1980-02-18,1519
1977-01-01,1980-02-19,9999-12-31,1527
1977-02-01,1977-03-16,1977-04-15,1791
1977-02-01,1977-04-16,1977-05-16,1815
1977-02-01,1977-05-17,1978-02-15,1802
1977-02-01,1978-02-16,1979-02-18,1751
1977-02-01,1979-02-19,1980-02-18,1856
1977-02-01,1980-02-19,9999-12-31,1943
1977-03-01,1977-04-16,1977-05-16,2127
1977-03-01,1977-05-17,1977-06-15,2114
1977-03-01,1977-06-16,1978-02-15,2089
1977-03-01,1978-02-16,1979-02-18,2090
1977-03-01,1979-02-19,1980-02-18,2064
1977-03-01,1980-02-19,9999-12-31,2063
1977-04-01,1977-05-17,1977-06-15,1875
1977-04-01,1977-06-16,1977-07-18,1899
1977-04-01,1977-07-19,1978-02-15,1880
1977-04-01,1978-02-16,1979-02-18,1899
1977-04-01,1979-02-19,1980-02-18,1883
1977-04-01,1980-02-19,9999-12-31,1892
1977-05-01,1977-06-16,1977-07-18,1929
1977-05-01,1977-07-19,1977-08-15,1954
1977-05-01,1977-08-16,1978-02-15,1937
1977-05-01,1978-02-16,1979-02-18,1982
1977-05-01,1979-02-19,1980-02-18,1985
1977-05-01,1980-02-19,9999-12-31,1971
1977-06-01,1977-07-19,1977-08-15,1833
1977-06-01,1977-08-16,1977-09-18,1910
1977-06-01,1977-09-19,1978-02-15,1897
1977-06-01,1978-02-16,1979-02-18,1931
1977-06-01,1979-02-19,1980-02-18,1907
1977-06-01,1980-02-19,9999-12-31,1893
1977-07-01,1977-08-16,1977-09-18,2064
1977-07-01,1977-09-19,1977-10-18,2076
1977-07-01,1977-10-19,1978-02-15,2083
1977-07-01,1978-02-16,1979-02-18,2072
1977-07-01,1979-02-19,1980-02-18,2062
1977-07-01,1980-02-19,9999-12-31,2058
1977-08-01,1977-09-19,1977-10-18,2022
1977-08-01,1977-10-19,1977-11-15,2034
1977-08-01,1977-11-16,1978-02-15,2029
1977-08-01,1978-02-16,1979-02-18,2038
1977-08-01,1979-02-19,1980-02-18,2023
1977-08-01,1980-02-19,9999-12-31,2020
1977-09-01,1977-10-19,1977-11-15,2040
1977-09-01,1977-11-16,1977-12-15,2063
1977-09-01,1977-12-16,1978-02-15,2065
1977-09-01,1978-02-16,1979-02-18,2012
1977-09-01,1979-02-19,1980-02-18,1982
1977-09-01,1980-02-19,9999-12-31,1949
1977-10-01,1977-11-16,1977-12-15,2179
1977-10-01,1977-12-16,1978-01-17,2224
1977-10-01,1978-01-18,1978-02-15,2203
1977-10-01,1978-02-16,1979-02-18,2139
1977-10-01,1979-02-19,1980-02-18,2078
1977-10-01,1980-02-19,9999-12-31,2042
1977-11-01,1977-12-16,1978-01-17,2105
1977-11-01,1978-01-18,1978-02-15,2121
1977-11-01,1978-02-16,1979-02-18,2096
1977-11-01,1979-02-19,1980-02-18,2041
1977-11-01,1980-02-19,9999-12-31,2042
1977-12-01,1978-01-18,1978-02-15,2295
1977-12-01,1978-02-16,1978-03-15,2194
1977-12-01,1978-03-16,1979-02-18,2203
1977-12-01,1979-02-19,1980-02-18,2151
1977-12-01,1980-02-19,9999-12-31,2142
1978-01-01,1978-02-16,1978-03-15,1549
1978-01-01,1978-03-16,1978-04-17,1547
1978-01-01,1978-04-18,1979-02-18,1548
1978-01-01,1979-02-19,1980-02-18,1744
1978-01-01,1980-02-19,1981-02-17,1779
1978-01-01,1981-02-18,9999-12-31,1718
1978-02-01,1978-03-16,1978-04-17,1580
1978-02-01,1978-04-18,1978-05-15,1574
1978-02-01,1978-05-16,1979-02-18,1569
1978-02-01,1979-02-19,1980-02-18,1659
1978-02-01,1980-02-19,1981-02-17,1762
1978-02-01,1981-02-18,9999-12-31,1738
1978-03-01,1978-04-18,1978-05-15,2074
1978-03-01,1978-05-16,1978-06-15,2060
1978-03-01,1978-06-16,1979-02-18,2047
1978-03-01,1979-02-19,1980-02-18,2011
1978-03-01,1980-02-19,1981-02-17,2028
1978-03-01,1981-02-18,9999-12-31,2032
1978-04-01,1978-05-16,1978-06-15,2189
1978-04-01,1978-06-16,1978-07-18,2181
1978-04-01,1978-07-19,1979-02-18,2165
1978-04-01,1979-02-19,1980-02-18,2176
1978-04-01,1980-02-19,1981-02-17,2182
1978-04-01,1981-02-18,9999-12-31,2197
1978-05-01,1978-06-16,1978-07-18,2075
1978-05-01,1978-07-19,1978-08-15,2081
1978-05-01,1978-08-16,1979-02-18,2054
1978-05-01,1979-02-19,1980-02-18,2037
1978-05-01,1980-02-19,1981-02-17,2018
1978-05-01,1981-02-18,9999-12-31,2075
1978-06-01,1978-07-19,1978-08-15,2099
1978-06-01,1978-08-16,1979-02-18,2124
1978-06-01,1979-02-19,1980-02-18,2093
1978-06-01,1980-02-19,1981-02-17,2092
1978-06-01,1981-02-18,9999-12-31,2070
1978-07-01,1978-08-16,1978-09-18,2085
1978-07-01,1978-09-19,1978-10-17,2128
1978-07-01,1978-10-18,1979-02-18,2119
1978-07-01,1979-02-19,1980-02-18,2104
1978-07-01,1980-02-19,1981-02-17,2090
1978-07-01,1981-02-18,9999-12-31,2092
1978-08-01,1978-09-19,1978-10-17,2029
1978-08-01,1978-10-18,1978-11-16,2044
1978-08-01,1978-11-17,1979-02-18,2025
1978-08-01,1979-02-19,1980-02-18,2004
1978-08-01,1980-02-19,1981-02-17,1983
1978-08-01,1981-02-18,9999-12-31,1996
1978-09-01,1978-10-18,1978-11-16,2073
1978-09-01,1978-11-17,1978-12-17,2081
1978-09-01,1978-12-18,1979-02-18,2075
1978-09-01,1979-02-19,1980-02-18,2024
1978-09-01,1980-02-19,1981-02-17,2014
1978-09-01,1981-02-18,9999-12-31,1970
1978-10-01,1978-11-17,1978-12-17,2080
1978-10-01,1978-12-18,1979-01-16,2095
1978-10-01,1979-01-17,1979-02-18,2106
1978-10-01,1979-02-19,1980-02-18,2054
1978-10-01,1980-02-19,1981-02-17,2001
1978-10-01,1981-02-18,9999-12-31,1981
1978-11-01,1978-12-18,1979-01-16,2104
1978-11-01,1979-01-17,1979-02-18,2155
1978-11-01,1979-02-19,1980-02-18,2107
1978-11-01,1980-02-19,1981-02-17,2111
1978-11-01,1981-02-18,9999-12-31,2094
1978-12-01,1979-01-17,1979-02-18,2125
1978-12-01,1979-02-19,1979-03-15,2062
1978-12-01,1979-03-16,1980-02-18,2074
1978-12-01,1980-02-19,1981-02-17,2052
1978-12-01,1981-02-18,9999-12-31,2044
1979-01-01,1979-02-19,1979-03-15,1656
1979-01-01,1979-03-16,1979-04-16,1669
1979-01-01,1979-04-17,1980-02-18,1679
1979-01-01,1980-02-19,1981-02-17,1727
1979-01-01,1981-02-18,1982-02-16,1672
1979-01-01,1982-02-17,9999-12-31,1630
1979-02-01,1979-03-16,1979-04-16,1411
1979-02-01,1979-04-17,1979-05-15,1384
1979-02-01,1979-05-16,1980-02-18,1381
1979-02-01,1980-02-19,1981-02-17,1469
1979-02-01,1981-02-18,1982-02-16,1444
1979-02-01,1982-02-17,9999-12-31,1520
1979-03-01,1979-04-17,1979-05-15,1793
1979-03-01,1979-05-16,1980-02-18,1786
1979-03-01,1980-02-19,1981-02-17,1800
1979-03-01,1981-02-18,1982-02-16,1817
1979-03-01,1982-02-17,9999-12-31,1847
1979-04-01,1979-05-16,1979-06-17,1749
1979-04-01,1979-06-18,1979-07-17,1735
1979-04-01,1979-07-18,1980-02-18,1745
1979-04-01,1980-02-19,1981-02-17,1750
1979-04-01,1981-02-18,1982-02-16,1760
1979-04-01,1982-02-17,9999-12-31,1748
1979-05-01,1979-06-18,1979-07-17,1827
1979-05-01,1979-07-18,1979-08-15,1830
1979-05-01,1979-08-16,1980-02-18,1835
1979-05-01,1980-02-19,1981-02-17,1801
1979-05-01,1981-02-18,1982-02-16,1867
1979-05-01,1982-02-17,9999-12-31,1876
1979-06-01,1979-07-18,1979-09-18,1935
1979-06-01,1979-09-19,1980-02-18,1923
1979-06-01,1980-02-19,1981-02-17,1910
1979-06-01,1981-02-18,1982-02-16,1891
1979-06-01,1982-02-17,9999-12-31,1913
1979-07-01,1979-08-16,1979-09-18,1799
1979-07-01,1979-09-19,1979-10-16,1791
1979-07-01,1979-10-17,1980-02-18,1788
1979-07-01,1980-02-19,1981-02-17,1764
1979-07-01,1981-02-18,1982-02-16,1758
1979-07-01,1982-02-17,9999-12-31,1760
1979-08-01,1979-09-19,1979-10-16,1783
1979-08-01,1979-10-17,1979-11-18,1806
1979-08-01,1979-11-19,1980-02-18,1793
1979-08-01,1980-02-19,1981-02-17,1788
1979-08-01,1981-02-18,1982-02-16,1777
1979-08-01,1982-02-17,9999-12-31,1778
1979-09-01,1979-10-17,1979-11-18,1881
1979-09-01,1979-11-19,1979-12-17,1911
1979-09-01,1979-12-18,1980-02-18,1921
1979-09-01,1980-02-19,1981-02-17,1874
1979-09-01,1981-02-18,1982-02-16,1844
1979-09-01,1982-02-17,9999-12-31,1832
1979-10-01,1979-11-19,1979-12-17,1760
1979-10-01,1979-12-18,1980-01-16,1762
1979-10-01,1980-01-17,1980-02-18,1764
1979-10-01,1980-02-19,1981-02-17,1710
1979-10-01,1981-02-18,1982-02-16,1697
1979-10-01,1982-02-17,9999-12-31,1681
1979-11-01,1979-12-18,1980-01-16,1518
1979-11-01,1980-01-17,1981-02-17,1522
1979-11-01,1981-02-18,1982-02-16,1502
1979-11-01,1982-02-17,9999-12-31,1524
1979-12-01,1980-01-17,1980-02-18,1527
1979-12-01,1980-02-19,1980-03-17,1517
1979-12-01,1980-03-18,1981-02-17,1548
1979-12-01,1981-02-18,1982-02-16,1563
1979-12-01,1982-02-17,9999-12-31,1498
1980-01-01,1980-02-19,1980-03-17,1420
1980-01-01,1980-03-18,1980-04-15,1424
1980-01-01,1980-04-16,1981-02-17,1419
1980-01-01,1981-02-18,1982-02-16,1389
1980-01-01,1982-02-17,1983-02-15,1339
1980-01-01,1983-02-16,9999-12-31,1341
1980-02-01,1980-03-18,1980-04-15,1334
1980-02-01,1980-04-16,1980-05-15,1332
1980-02-01,1980-05-16,1981-02-17,1330
1980-02-01,1981-02-18,1982-02-16,1273
1980-02-01,1982-02-17,1983-02-15,1356
1980-02-01,1983-02-16,9999-12-31,1350
1980-03-01,1980-04-16,1981-02-17,1041
1980-03-01,1981-02-18,1982-02-16,1040
1980-03-01,1982-02-17,1983-02-15,1060
1980-03-01,1983-02-16,9999-12-31,1047
1980-04-01,1980-05-16,1980-06-16,1019
1980-04-01,1980-06-17,1980-07-16,1039
1980-04-01,1980-07-17,1981-02-17,1030
1980-04-01,1981-02-18,1982-02-16,1044
1980-04-01,1982-02-17,1983-02-15,1030
1980-04-01,1983-02-16,9999-12-31,1051
1980-05-01,1980-06-17,1980-07-16,920
1980-05-01,1980-07-17,1980-08-17,913
1980-05-01,1980-08-18,1981-02-17,906
1980-05-01,1981-02-18,1982-02-16,938
1980-05-01,1982-02-17,1983-02-15,939
1980-05-01,1983-02-16,9999-12-31,927
1980-06-01,1980-07-17,1980-08-17,1191
1980-06-01,1980-08-18,1980-09-16,1208
1980-06-01,1980-09-17,1981-02-17,1223
1980-06-01,1981-02-18,1982-02-16,1184
1980-06-01,1982-02-17,9999-12-31,1196
1980-07-01,1980-08-18,1980-09-16,1266
1980-07-01,1980-09-17,1980-10-16,1249
1980-07-01,1980-10-17,1981-02-17,1265
1980-07-01,1981-02-18,1982-02-16,1277
1980-07-01,1982-02-17,1983-02-15,1273
1980-07-01,1983-02-16,9999-12-31,1269
1980-08-01,1980-09-17,1980-10-16,1399
1980-08-01,1980-10-17,1980-11-18,1416
1980-08-01,1980-11-19,1981-02-17,1429
1980-08-01,1981-02-18,1982-02-16,1411
1980-08-01,1982-02-17,1983-02-15,1418
1980-08-01,1983-02-16,9999-12-31,1436
1980-09-01,1980-10-17,1980-11-18,1544
1980-09-01,1980-11-19,1980-12-15,1545
1980-09-01,1980-12-16,1981-02-17,1541
1980-09-01,1981-02-18,1982-02-16,1482
1980-09-01,1982-02-17,1983-02-15,1463
1980-09-01,1983-02-16,9999-12-31,1471
1980-10-01,1980-11-19,1980-12-15,1569
1980-10-01,1980-12-16,1981-01-18,1561
1980-10-01,1981-01-19,1981-02-17,1557
1980-10-01,1981-02-18,1982-02-16,1519
1980-10-01,1982-02-17,1983-02-15,1504
1980-10-01,1983-02-16,9999-12-31,1523
1980-11-01,1980-12-16,1981-01-18,1555
1980-11-01,1981-01-19,1981-02-17,1563
1980-11-01,1981-02-18,1982-02-16,1550
1980-11-01,1982-02-17,1983-02-15,1539
1980-11-01,1983-02-16,9999-12-31,1510
1980-12-01,1981-01-19,1981-02-17,1548
1980-12-01,1981-02-18,1981-03-16,1532
1980-12-01,1981-03-17,1982-02-16,1535
1980-12-01,1982-02-17,1983-02-15,1457
1980-12-01,1983-02-16,9999-12-31,1482
1981-01-01,1981-02-18,1981-03-16,1585
1981-01-01,1981-03-17,1981-04-15,1615
1981-01-01,1981-04-16,1982-02-16,1660
1981-01-01,1982-02-17,1983-02-15,1585
1981-01-01,1983-02-16,1984-02-15,1588
1981-01-01,1984-02-16,9999-12-31,1547
1981-02-01,1981-03-17,1981-04-15,1218
1981-02-01,1981-04-16,1981-05-17,1214
1981-02-01,1981-05-18,1982-02-16,1215
1981-02-01,1982-02-17,1983-02-15,1294
1981-02-01,1983-02-16,1984-02-15,1279
1981-02-01,1984-02-16,9999-12-31,1246
1981-03-01,1981-04-16,1981-05-17,1284
1981-03-01,1981-05-18,1981-06-15,1289
1981-03-01,1981-06-16,1982-02-16,1297
1981-03-01,1982-02-17,1983-02-15,1318
1981-03-01,1983-02-16,1984-02-15,1305
1981-03-01,1984-02-16,9999-12-31,1306
1981-04-01,1981-05-18,1981-06-15,1343
1981-04-01,1981-06-16,1981-07-16,1340
1981-04-01,1981-07-17,1982-02-16,1332
1981-04-01,1982-02-17,1983-02-15,1301
1981-04-01,1983-02-16,1984-02-15,1332
1981-04-01,1984-02-16,9999-12-31,1360
1981-05-01,1981-06-16,1981-07-16,1152
1981-05-01,1981-07-17,1981-08-17,1159
1981-05-01,1981-08-18,1982-02-16,1158
1981-05-01,1982-02-17,1983-02-15,1172
1981-05-01,1983-02-16,1984-02-15,1150
1981-05-01,1984-02-16,9999-12-31,1140
1981-06-01,1981-07-17,1981-08-17,1032
1981-06-01,1981-08-18,1981-09-16,1021
1981-06-01,1981-09-17,1982-02-16,1039
1981-06-01,1982-02-17,1983-02-15,1046
1981-06-01,1983-02-16,1984-02-15,1047
1981-06-01,1984-02-16,9999-12-31,1045
1981-07-01,1981-08-18,1981-09-16,1055
1981-07-01,1981-09-17,1981-10-18,1049
1981-07-01,1981-10-19,1982-02-16,1047
1981-07-01,1982-02-17,1983-02-15,1040
1981-07-01,1983-02-16,1984-02-15,1035
1981-07-01,1984-02-16,9999-12-31,1041
1981-08-01,1981-09-17,1981-10-18,937
1981-08-01,1981-10-19,1981-11-17,934
1981-08-01,1981-11-18,1982-02-16,941
1981-08-01,1982-02-17,1983-02-15,946
1981-08-01,1983-02-16,1984-02-15,949
1981-08-01,1984-02-16,9999-12-31,940
1981-09-01,1981-10-19,1981-11-17,918
1981-09-01,1981-11-18,1981-12-15,920
1981-09-01,1981-12-16,1982-02-16,916
1981-09-01,1982-02-17,1983-02-15,899
1981-09-01,1983-02-16,1984-02-15,900
1981-09-01,1984-02-16,9999-12-31,911
1981-10-01,1981-11-18,1981-12-15,857
1981-10-01,1981-12-16,1982-01-18,864
1981-10-01,1982-01-19,1982-02-16,867
1981-10-01,1982-02-17,1983-02-15,854
1981-10-01,1983-02-16,1984-02-15,866
1981-10-01,1984-02-16,9999-12-31,873
1981-11-01,1981-12-16,1982-01-18,871
1981-11-01,1982-01-19,1982-02-16,863
1981-11-01,1982-02-17,1983-02-15,860
1981-11-01,1983-02-16,1984-02-15,839
1981-11-01,1984-02-16,9999-12-31,837
1981-12-01,1982-01-19,1982-02-16,978
1981-12-01,1982-02-17,1982-03-15,899
1981-12-01,1982-03-16,1983-02-15,882
1981-12-01,1983-02-16,1984-02-15,906
1981-12-01,1984-02-16,9999-12-31,910
1982-01-01,1982-02-17,1982-03-15,894
1982-01-01,1982-03-16,1982-04-15,895
1982-01-01,1982-04-16,1983-02-15,885
1982-01-01,1983-02-16,1984-02-15,877
1982-01-01,1984-02-16,1985-02-18,853
1982-01-01,1985-02-19,9999-12-31,843
1982-02-01,1982-03-16,1982-04-15,953
1982-02-01,1982-04-16,1982-05-17,924
1982-02-01,1982-05-18,1983-02-15,945
1982-02-01,1983-02-16,1984-02-15,911
1982-02-01,1984-02-16,1985-02-18,880
1982-02-01,1985-02-19,9999-12-31,866
1982-03-01,1982-04-16,1982-05-17,947
1982-03-01,1982-05-18,1982-06-15,941
1982-03-01,1982-06-16,1983-02-15,931
1982-03-01,1983-02-16,1985-02-18,920
1982-03-01,1985-02-19,9999-12-31,931
1982-04-01,1982-05-18,1982-06-15,881
1982-04-01,1982-06-16,1982-07-18,888
1982-04-01,1982-07-19,1983-02-15,882
1982-04-01,1983-02-16,1984-02-15,911
1982-04-01,1984-02-16,1985-02-18,935
1982-04-01,1985-02-19,9999-12-31,917
1982-05-01,1982-06-16,1982-07-18,1086
1982-05-01,1982-07-19,1982-08-16,1075
1982-05-01,1982-08-17,1983-02-15,1066
1982-05-01,1983-02-16,1984-02-15,1028
1982-05-01,1984-02-16,1985-02-18,1020
1982-05-01,1985-02-19,9999-12-31,1025
1982-06-01,1982-07-19,1982-08-16,911
1982-06-01,1982-08-17,1982-09-16,906
1982-06-01,1982-09-17,1983-02-15,908
1982-06-01,1983-02-16,1984-02-15,910
1982-06-01,1984-02-16,1985-02-18,913
1982-06-01,1985-02-19,9999-12-31,902
1982-07-01,1982-08-17,1982-09-16,1211
1982-07-01,1982-09-17,1982-10-18,1195
1982-07-01,1982-10-19,1983-02-15,1193
1982-07-01,1983-02-16,1984-02-15,1185
1982-07-01,1984-02-16,1985-02-18,1173
1982-07-01,1985-02-19,9999-12-31,1166
1982-08-01,1982-09-17,1982-11-16,1002
1982-08-01,1982-11-17,1983-02-15,1033
1982-08-01,1983-02-16,1984-02-15,1046
1982-08-01,1984-02-16,1985-02-18,1026
1982-08-01,1985-02-19,9999-12-31,1046
1982-09-01,1982-10-19,1982-11-16,1146
1982-09-01,1982-11-17,1982-12-15,1111
1982-09-01,1982-12-16,1983-02-15,1129
1982-09-01,1983-02-16,1984-02-15,1134
1982-09-01,1984-02-16,1985-02-18,1148
1982-09-01,1985-02-19,9999-12-31,1144
1982-10-01,1982-11-17,1982-12-15,1122
1982-10-01,1982-12-16,1983-01-17,1129
1982-10-01,1983-01-18,1983-02-15,1126
1982-10-01,1983-02-16,1984-02-15,1142
1982-10-01,1984-02-16,1985-02-18,1156
1982-10-01,1985-02-19,9999-12-31,1173
1982-11-01,1982-12-16,1983-01-17,1428
1982-11-01,1983-01-18,1983-02-15,1404
1982-11-01,1983-02-16,1984-02-15,1361
1982-11-01,1984-02-16,1985-02-18,1355
1982-11-01,1985-02-19,9999-12-31,1372
1982-12-01,1983-01-18,1983-02-15,1222
1982-12-01,1983-02-16,1983-03-15,1263
1982-12-01,1983-03-16,1984-02-15,1280
1982-12-01,1984-02-16,1985-02-18,1296
1982-12-01,1985-02-19,9999-12-31,1303
1983-01-01,1983-02-16,1983-03-15,1716
1983-01-01,1983-03-16,1983-04-17,1707
1983-01-01,1983-04-18,1984-02-15,1694
1983-01-01,1984-02-16,1985-02-18,1632
1983-01-01,1985-02-19,1986-02-18,1605
1983-01-01,1986-02-19,9999-12-31,1586
1983-02-01,1983-03-16,1983-04-17,1756
1983-02-01,1983-04-18,1983-05-16,1775
1983-02-01,1983-05-17,1984-02-15,1784
1983-02-01,1984-02-16,1985-02-18,1706
1983-02-01,1985-02-19,1986-02-18,1675
1983-02-01,1986-02-19,9999-12-31,1699
1983-03-01,1983-04-18,1983-05-16,1611
1983-03-01,1983-05-17,1983-06-15,1627
1983-03-01,1983-06-16,1984-02-15,1605
1983-03-01,1984-02-16,1985-02-18,1592
1983-03-01,1985-02-19,1986-02-18,1635
1983-03-01,1986-02-19,9999-12-31,1606
1983-04-01,1983-05-17,1983-06-15,1490
1983-04-01,1983-06-16,1983-07-18,1504
1983-04-01,1983-07-19,1984-02-15,1506
1983-04-01,1984-02-16,1985-02-18,1549
1983-04-01,1985-02-19,1986-02-18,1512
1983-04-01,1986-02-19,9999-12-31,1472
1983-05-01,1983-06-16,1983-07-18,1791
1983-05-01,1983-07-19,1983-08-15,1799
1983-05-01,1983-08-16,1984-02-15,1807
1983-05-01,1984-02-16,1985-02-18,1779
1983-05-01,1985-02-19,1986-02-18,1780
1983-05-01,1986-02-19,9999-12-31,1776
1983-06-01,1983-07-19,1983-08-15,1747
1983-06-01,1983-08-16,1983-09-18,1752
1983-06-01,1983-09-19,1984-02-15,1736
1983-06-01,1984-02-16,1985-02-18,1743
1983-06-01,1985-02-19,1986-02-18,1716
1983-06-01,1986-02-19,9999-12-31,1733
1983-07-01,1983-08-16,1983-09-18,1741
1983-07-01,1983-09-19,1983-10-18,1785
1983-07-01,1983-10-19,1984-02-15,1804
1983-07-01,1984-02-16,1985-02-18,1793
1983-07-01,1985-02-19,1986-02-18,1775
1983-07-01,1986-02-19,9999-12-31,1785
1983-08-01,1983-09-19,1983-10-18,1935
1983-08-01,1983-10-19,1983-11-16,1909
1983-08-01,1983-11-17,1984-02-15,1904
1983-08-01,1984-02-16,1985-02-18,1873
1983-08-01,1985-02-19,1986-02-18,1907
1983-08-01,1986-02-19,9999-12-31,1910
1983-09-01,1983-10-19,1983-11-16,1652
1983-09-01,1983-11-17,1983-12-19,1672
1983-09-01,1983-12-20,1984-02-15,1664
1983-09-01,1984-02-16,1985-02-18,1679
1983-09-01,1985-02-19,1986-02-18,1677
1983-09-01,1986-02-19,9999-12-31,1710
1983-10-01,1983-11-17,1983-12-19,1608
1983-10-01,1983-12-20,1984-01-17,1650
1983-10-01,1984-01-18,1984-02-15,1654
1983-10-01,1984-02-16,1985-02-18,1672
1983-10-01,1985-02-19,1986-02-18,1696
1983-10-01,1986-02-19,9999-12-31,1715
1983-11-01,1983-12-20,1984-01-17,1756
1983-11-01,1984-01-18,1984-02-15,1755
1983-11-01,1984-02-16,1985-02-18,1730
1983-11-01,1985-02-19,1986-02-18,1748
1983-11-01,1986-02-19,9999-12-31,1785
1983-12-01,1984-01-18,1984-02-15,1667
1983-12-01,1984-02-16,1984-03-15,1666
1983-12-01,1984-03-16,1985-02-18,1694
1983-12-01,1985-02-19,1986-02-18,1704
1983-12-01,1986-02-19,9999-12-31,1688
1984-01-01,1984-02-16,1984-03-15,1915
1984-01-01,1984-03-16,1984-04-16,1976
1984-01-01,1984-04-17,1985-02-18,1980
1984-01-01,1985-02-19,1986-02-18,1933
1984-01-01,1986-02-19,1987-02-17,1892
1984-01-01,1987-02-18,9999-12-31,1897
1984-02-01,1984-03-16,1984-04-16,2197
1984-02-01,1984-04-17,1984-05-15,2231
1984-02-01,1984-05-16,1985-02-18,2262
1984-02-01,1985-02-19,1986-02-18,2208
1984-02-01,1986-02-19,1987-02-17,2213
1984-02-01,1987-02-18,9999-12-31,2260
1984-03-01,1984-04-17,1984-05-15,1638
1984-03-01,1984-05-16,1984-06-18,1645
1984-03-01,1984-06-19,1985-02-18,1662
1984-03-01,1985-02-19,1986-02-18,1700
1984-03-01,1986-02-19,1987-02-17,1671
1984-03-01,1987-02-18,9999-12-31,1663
1984-04-01,1984-05-16,1984-06-18,1963
1984-04-01,1984-06-19,1984-07-17,1990
1984-04-01,1984-07-18,1985-02-18,2015
1984-04-01,1985-02-19,1986-02-18,1949
1984-04-01,1986-02-19,1987-02-17,1880
1984-04-01,1987-02-18,9999-12-31,1851
1984-05-01,1984-06-19,1984-07-17,1782
1984-05-01,1984-07-18,1984-08-15,1805
1984-05-01,1984-08-16,1985-02-18,1794
1984-05-01,1985-02-19,1986-02-18,1787
1984-05-01,1986-02-19,1987-02-17,1786
1984-05-01,1987-02-18,9999-12-31,1774
1984-06-01,1984-07-18,1984-08-15,1900
1984-06-01,1984-08-16,1984-09-18,1886
1984-06-01,1984-09-19,1985-02-18,1877
1984-06-01,1985-02-19,1986-02-18,1837
1984-06-01,1986-02-19,1987-02-17,1853
1984-06-01,1987-02-18,9999-12-31,1843
1984-07-01,1984-08-16,1984-09-18,1761
1984-07-01,1984-09-19,1984-10-16,1763
1984-07-01,1984-10-17,1985-02-18,1754
1984-07-01,1985-02-19,1986-02-18,1730
1984-07-01,1986-02-19,1987-02-17,1733
1984-07-01,1987-02-18,9999-12-31,1732
1984-08-01,1984-09-19,1984-10-16,1537
1984-08-01,1984-10-17,1984-11-19,1539
1984-08-01,1984-11-20,1985-02-18,1554
1984-08-01,1985-02-19,1986-02-18,1590
1984-08-01,1986-02-19,1987-02-17,1589
1984-08-01,1987-02-18,9999-12-31,1586
1984-09-01,1984-10-17,1984-11-19,1676
1984-09-01,1984-11-20,1984-12-17,1679
1984-09-01,1984-12-18,1985-02-18,1683
1984-09-01,1985-02-19,1986-02-18,1669
1984-09-01,1986-02-19,1987-02-17,1702
1984-09-01,1987-02-18,9999-12-31,1698
1984-10-01,1984-11-20,1984-12-17,1515
1984-10-01,1984-12-18,1985-01-16,1538
1984-10-01,1985-01-17,1985-02-18,1535
1984-10-01,1985-02-19,1986-02-18,1564
1984-10-01,1986-02-19,1987-02-17,1582
1984-10-01,1987-02-18,9999-12-31,1590
1984-11-01,1984-12-18,1985-01-16,1528
1984-11-01,1985-01-17,1985-02-18,1554
1984-11-01,1985-02-19,1986-02-18,1600
1984-11-01,1986-02-19,1987-02-17,1649
1984-11-01,1987-02-18,9999-12-31,1689
1984-12-01,1985-01-17,1985-02-18,1587
1984-12-01,1985-02-19,1985-03-18,1595
1984-12-01,1985-03-19,1986-02-18,1630
1984-12-01,1986-02-19,1987-02-17,1607
1984-12-01,1987-02-18,9999-12-31,1612
1985-01-01,1985-02-19,1985-03-18,1833
1985-01-01,1985-03-19,1985-04-15,1841
1985-01-01,1985-04-16,1986-02-18,1849
1985-01-01,1986-02-19,1987-02-17,1804
1985-01-01,1987-02-18,1988-02-16,1754
1985-01-01,1988-02-17,9999-12-31,1711
1985-02-01,1985-03-19,1985-04-15,1638
1985-02-01,1985-04-16,1985-05-15,1631
1985-02-01,1985-05-16,1986-02-18,1647
1985-02-01,1986-02-19,1987-02-17,1632
1985-02-01,1987-02-18,1988-02-16,1673
1985-02-01,1988-02-17,9999-12-31,1632
1985-03-01,1985-04-16,1985-05-15,1895
1985-03-01,1985-05-16,1985-06-17,1883
1985-03-01,1985-06-18,1986-02-18,1889
1985-03-01,1986-02-19,1987-02-17,1849
1985-03-01,1987-02-18,1988-02-16,1810
1985-03-01,1988-02-17,9999-12-31,1800
1985-04-01,1985-05-16,1985-06-17,1913
1985-04-01,1985-06-18,1985-07-16,1927
1985-04-01,1985-07-17,1986-02-18,1933
1985-04-01,1986-02-19,1987-02-17,1851
1985-04-01,1987-02-18,1988-02-16,1816
1985-04-01,1988-02-17,9999-12-31,1821
1985-05-01,1985-06-18,1985-07-16,1663
1985-05-01,1985-07-17,1985-08-15,1673
1985-05-01,1985-08-16,1986-02-18,1681
1985-05-01,1986-02-19,1987-02-17,1684
1985-05-01,1987-02-18,1988-02-16,1683
1985-05-01,1988-02-17,9999-12-31,1680
1985-06-01,1985-07-17,1985-08-15,1705
1985-06-01,1985-08-16,1985-09-17,1694
1985-06-01,1985-09-18,1986-02-18,1701
1985-06-01,1986-02-19,1987-02-17,1693
1985-06-01,1987-02-18,1988-02-16,1678
1985-06-01,1988-02-17,9999-12-31,1676
1985-07-01,1985-08-16,1985-09-17,1654
1985-07-01,1985-09-18,1985-10-16,1647
1985-07-01,1985-10-17,1986-02-18,1663
1985-07-01,1986-02-19,1987-02-17,1673
1985-07-01,1987-02-18,1988-02-16,1681
1985-07-01,1988-02-17,9999-12-31,1684
1985-08-01,1985-09-18,1985-10-16,1749
1985-08-01,1985-10-17,1985-11-18,1746
1985-08-01,1985-11-19,1986-02-18,1740
1985-08-01,1986-02-19,1987-02-17,1737
1985-08-01,1987-02-18,9999-12-31,1743
1985-09-01,1985-10-17,1985-11-18,1583
1985-09-01,1985-11-19,1985-12-16,1589
1985-09-01,1985-12-17,1986-02-18,1616
1985-09-01,1986-02-19,1987-02-17,1653
1985-09-01,1987-02-18,1988-02-16,1679
1985-09-01,1988-02-17,9999-12-31,1676
1985-10-01,1985-11-19,1985-12-16,1760
1985-10-01,1985-12-17,1986-01-16,1761
1985-10-01,1986-01-17,1986-02-18,1772
1985-10-01,1986-02-19,1987-02-17,1784
1985-10-01,1987-02-18,1988-02-16,1813
1985-10-01,1988-02-17,9999-12-31,1834
1985-11-01,1985-12-17,1986-01-16,1547
1985-11-01,1986-01-17,1986-02-18,1566
1985-11-01,1986-02-19,1987-02-17,1654
1985-11-01,1987-02-18,1988-02-16,1690
1985-11-01,1988-02-17,9999-12-31,1698
1985-12-01,1986-01-17,1986-02-18,1840
1985-12-01,1986-02-19,1986-03-17,1804
1985-12-01,1986-03-18,1987-02-17,1882
1985-12-01,1987-02-18,1988-02-16,1887
1985-12-01,1988-02-17,9999-12-31,1942
1986-01-01,1986-02-19,1986-03-17,2088
1986-01-01,1986-03-18,1986-04-15,2056
1986-01-01,1986-04-16,1987-02-17,2034
1986-01-01,1987-02-18,1988-02-16,2004
1986-01-01,1988-02-17,1989-02-15,1938
1986-01-01,1989-02-16,9999-12-31,1972
1986-02-01,1986-03-18,1986-04-15,1985
1986-02-01,1986-04-16,1986-05-15,1997
1986-02-01,1986-05-16,1987-02-17,2001
1986-02-01,1987-02-18,1988-02-16,1923
1986-02-01,1988-02-17,1989-02-15,1869
1986-02-01,1989-02-16,9999-12-31,1848
1986-03-01,1986-04-16,1986-05-15,1949
1986-03-01,1986-05-16,1986-06-16,1930
1986-03-01,1986-06-17,1987-02-17,1960
1986-03-01,1987-02-18,1988-02-16,1887
1986-03-01,1988-02-17,1989-02-15,1873
1986-03-01,1989-02-16,9999-12-31,1876
1986-04-01,1986-05-16,1986-06-16,2009
1986-04-01,1986-06-17,1986-07-16,2039
1986-04-01,1986-07-17,1987-02-17,2019
1986-04-01,1987-02-18,1988-02-16,1945
1986-04-01,1988-02-17,1989-02-15,1947
1986-04-01,1989-02-16,9999-12-31,1933
1986-05-01,1986-06-17,1986-07-16,1888
1986-05-01,1986-07-17,1986-08-19,1860
1986-05-01,1986-08-20,1987-02-17,1853
1986-05-01,1987-02-18,1988-02-16,1848
1986-05-01,1988-02-17,1989-02-15,1847
1986-05-01,1989-02-16,9999-12-31,1854
1986-06-01,1986-07-17,1986-08-19,1845
1986-06-01,1986-08-20,1987-02-17,1852
1986-06-01,1987-02-18,1988-02-16,1842
1986-06-01,1988-02-17,1989-02-15,1845
1986-06-01,1989-02-16,9999-12-31,1847
1986-07-01,1986-08-20,1986-09-16,1818
1986-07-01,1986-09-17,1986-10-16,1815
1986-07-01,1986-10-17,1987-02-17,1782
1986-07-01,1987-02-18,1988-02-16,1786
1986-07-01,1988-02-17,1989-02-15,1789
1986-07-01,1989-02-16,9999-12-31,1782
1986-08-01,1986-09-17,1986-10-16,1822
1986-08-01,1986-10-17,1986-11-18,1818
1986-08-01,1986-11-19,1987-02-17,1795
1986-08-01,1987-02-18,1988-02-16,1800
1986-08-01,1988-02-17,1989-02-15,1804
1986-08-01,1989-02-16,9999-12-31,1807
1986-09-01,1986-10-17,1986-11-18,1680
1986-09-01,1986-11-19,1986-12-15,1652
1986-09-01,1986-12-16,1987-02-17,1664
1986-09-01,1987-02-18,1988-02-16,1689
1986-09-01,1988-02-17,1989-02-15,1685
1986-09-01,1989-02-16,9999-12-31,1687
1986-10-01,1986-11-19,1986-12-15,1648
1986-10-01,1986-12-16,1987-02-17,1628
1986-10-01,1987-02-18,1988-02-16,1657
1986-10-01,1988-02-17,1989-02-15,1683
1986-10-01,1989-02-16,9999-12-31,1681
1986-11-01,1986-12-16,1987-01-20,1598
1986-11-01,1987-01-21,1987-02-17,1585
1986-11-01,1987-02-18,1988-02-16,1637
1986-11-01,1988-02-17,1989-02-15,1630
1986-11-01,1989-02-16,9999-12-31,1623
1986-12-01,1987-01-21,1987-02-17,1802
1986-12-01,1987-02-18,1987-03-16,1808
1986-12-01,1987-03-17,1988-02-16,1813
1986-12-01,1988-02-17,1989-02-15,1837
1986-12-01,1989-02-16,9999-12-31,1833
1987-01-01,1987-02-18,1987-03-16,1806
1987-01-01,1987-03-17,1987-04-15,1804
1987-01-01,1987-04-16,1988-02-16,1816
1987-01-01,1988-02-17,1989-02-15,1804
1987-01-01,1989-02-16,1990-02-14,1840
1987-01-01,1990-02-15,9999-12-31,1774
1987-02-01,1987-03-17,1987-04-15,1851
1987-02-01,1987-04-16,1987-05-18,1833
1987-02-01,1987-05-19,1988-02-16,1838
1987-02-01,1988-02-17,1989-02-15,1809
1987-02-01,1989-02-16,1990-02-14,1787
1987-02-01,1990-02-15,9999-12-31,1784
1987-03-01,1987-04-16,1987-05-18,1774
1987-03-01,1987-05-19,1987-06-15,1749
1987-03-01,1987-06-16,1988-02-16,1730
1987-03-01,1988-02-17,1989-02-15,1723
1987-03-01,1989-02-16,1990-02-14,1715
1987-03-01,1990-02-15,9999-12-31,1726
1987-04-01,1987-05-19,1987-06-15,1699
1987-04-01,1987-06-16,1987-07-16,1665
1987-04-01,1987-07-17,1988-02-16,1643
1987-04-01,1988-02-17,1989-02-15,1635
1987-04-01,1989-02-16,1990-02-14,1622
1987-04-01,1990-02-15,9999-12-31,1614
1987-05-01,1987-06-16,1987-07-16,1620
1987-05-01,1987-07-17,1987-08-17,1602
1987-05-01,1987-08-18,1988-02-16,1606
1987-05-01,1988-02-17,1989-02-15,1599
1987-05-01,1989-02-16,1990-02-14,1607
1987-05-01,1990-02-15,9999-12-31,1628
1987-06-01,1987-07-17,1987-08-17,1590
1987-06-01,1987-08-18,1987-09-16,1597
1987-06-01,1987-09-17,1988-02-16,1586
1987-06-01,1988-02-17,1990-02-14,1583
1987-06-01,1990-02-15,9999-12-31,1594
1987-07-01,1987-08-18,1987-09-16,1611
1987-07-01,1987-09-17,1987-10-19,1606
1987-07-01,1987-10-20,1988-02-16,1598
1987-07-01,1988-02-17,1989-02-15,1594
1987-07-01,1989-02-16,1990-02-14,1592
1987-07-01,1990-02-15,9999-12-31,1575
1987-08-01,1987-09-17,1987-10-19,1582
1987-08-01,1987-10-20,1987-11-17,1598
1987-08-01,1987-11-18,1988-02-16,1585
1987-08-01,1988-02-17,1989-02-15,1583
1987-08-01,1989-02-16,1990-02-14,1587
1987-08-01,1990-02-15,9999-12-31,1605
1987-09-01,1987-10-20,1987-11-17,1669
1987-09-01,1987-11-18,1987-12-15,1648
1987-09-01,1987-12-16,1988-02-16,1685
1987-09-01,1988-02-17,1989-02-15,1679
1987-09-01,1989-02-16,1990-02-14,1685
1987-09-01,1990-02-15,9999-12-31,1695
1987-10-01,1987-11-18,1987-12-15,1513
1987-10-01,1987-12-16,1988-01-19,1523
1987-10-01,1988-01-20,1988-02-16,1537
1987-10-01,1988-02-17,1989-02-15,1538
1987-10-01,1989-02-16,1990-02-14,1535
1987-10-01,1990-02-15,9999-12-31,1515
1987-11-01,1987-12-16,1988-01-19,1637
1987-11-01,1988-01-20,1988-02-16,1639
1987-11-01,1988-02-17,1989-02-15,1661
1987-11-01,1989-02-16,1990-02-14,1659
1987-11-01,1990-02-15,9999-12-31,1656
1987-12-01,1988-01-20,1988-02-16,1374
1987-12-01,1988-02-17,1988-03-15,1404
1987-12-01,1988-03-16,1989-02-15,1399
1987-12-01,1989-02-16,1990-02-14,1391
1987-12-01,1990-02-15,9999-12-31,1400
1988-01-01,1988-02-17,1988-03-15,1377
1988-01-01,1988-03-16,1988-04-18,1372
1988-01-01,1988-04-19,1989-02-15,1382
1988-01-01,1989-02-16,1990-02-14,1391
1988-01-01,1990-02-15,1991-02-19,1339
1988-01-01,1991-02-20,9999-12-31,1271
1988-02-01,1988-03-16,1988-04-18,1494
1988-02-01,1988-04-19,1988-05-17,1514
1988-02-01,1988-05-18,1989-02-15,1519
1988-02-01,1989-02-16,1990-02-14,1511
1988-02-01,1990-02-15,1991-02-19,1507
1988-02-01,1991-02-20,9999-12-31,1473
1988-03-01,1988-04-19,1988-05-17,1543
1988-03-01,1988-05-18,1988-06-16,1554
1988-03-01,1988-06-17,1989-02-15,1529
1988-03-01,1989-02-16,1990-02-14,1528
1988-03-01,1990-02-15,1991-02-19,1541
1988-03-01,1991-02-20,9999-12-31,1532
1988-04-01,1988-05-18,1988-06-16,1561
1988-04-01,1988-06-17,1988-07-18,1576
1988-04-01,1988-07-19,1989-02-15,1584
1988-04-01,1989-02-16,1990-02-14,1576
1988-04-01,1990-02-15,1991-02-19,1570
1988-04-01,1991-02-20,9999-12-31,1573
1988-05-01,1988-06-17,1988-08-16,1384
1988-05-01,1988-08-17,1989-02-15,1393
1988-05-01,1989-02-16,1990-02-14,1392
1988-05-01,1990-02-15,1991-02-19,1414
1988-05-01,1991-02-20,9999-12-31,1421
1988-06-01,1988-07-19,1988-09-20,1454
1988-06-01,1988-09-21,1989-02-15,1465
1988-06-01,1989-02-16,1990-02-14,1463
1988-06-01,1990-02-15,1991-02-19,1476
1988-06-01,1991-02-20,9999-12-31,1478
1988-07-01,1988-08-17,1988-09-20,1489
1988-07-01,1988-09-21,1988-10-18,1485
1988-07-01,1988-10-19,1989-02-15,1477
1988-07-01,1989-02-16,1990-02-14,1478
1988-07-01,1990-02-15,1991-02-19,1460
1988-07-01,1991-02-20,9999-12-31,1467
1988-08-01,1988-09-21,1988-10-18,1436
1988-08-01,1988-10-19,1988-11-16,1431
1988-08-01,1988-11-17,1989-02-15,1461
1988-08-01,1989-02-16,1990-02-14,1459
1988-08-01,1990-02-15,1991-02-19,1480
1988-08-01,1991-02-20,9999-12-31,1493
1988-09-01,1988-10-19,1988-11-16,1453
1988-09-01,1988-11-17,1988-12-15,1449
1988-09-01,1988-12-16,1989-02-15,1467
1988-09-01,1989-02-16,1990-02-14,1463
1988-09-01,1990-02-15,1991-02-19,1475
1988-09-01,1991-02-20,9999-12-31,1492
1988-10-01,1988-11-17,1988-12-15,1554
1988-10-01,1988-12-16,1989-01-18,1542
1988-10-01,1989-01-19,1989-02-15,1533
1988-10-01,1989-02-16,1990-02-14,1532
1988-10-01,1990-02-15,1991-02-19,1511
1988-10-01,1991-02-20,9999-12-31,1522
1988-11-01,1988-12-16,1989-01-18,1563
1988-11-01,1989-01-19,1989-02-15,1558
1988-11-01,1989-02-16,1990-02-14,1567
1988-11-01,1990-02-15,1991-02-19,1556
1988-11-01,1991-02-20,9999-12-31,1569
1988-12-01,1989-01-19,1989-02-15,1524
1988-12-01,1989-02-16,1989-03-15,1568
1988-12-01,1989-03-16,1990-02-14,1577
1988-12-01,1990-02-15,1991-02-19,1564
1988-12-01,1991-02-20,9999-12-31,1563
1989-01-01,1989-02-16,1989-03-15,1693
1989-01-01,1989-03-16,1989-04-17,1690
1989-01-01,1989-04-18,1990-02-14,1678
1989-01-01,1990-02-15,1991-02-19,1659
1989-01-01,1991-02-20,1992-02-18,1572
1989-01-01,1992-02-19,9999-12-31,1621
1989-02-01,1989-03-16,1989-04-17,1498
1989-02-01,1989-04-18,1989-05-15,1476
1989-02-01,1989-05-16,1990-02-14,1465
1989-02-01,1990-02-15,1991-02-19,1454
1989-02-01,1991-02-20,1992-02-18,1423
1989-02-01,1992-02-19,9999-12-31,1425
1989-03-01,1989-04-18,1989-05-15,1397
1989-03-01,1989-05-16,1989-06-15,1399
1989-03-01,1989-06-16,1990-02-14,1409
1989-03-01,1990-02-15,1991-02-19,1405
1989-03-01,1991-02-20,1992-02-18,1398
1989-03-01,1992-02-19,9999-12-31,1422
1989-04-01,1989-05-16,1989-06-15,1361
1989-04-01,1989-06-16,1989-07-18,1339
1989-04-01,1989-07-19,1990-02-14,1343
1989-04-01,1990-02-15,1991-02-19,1341
1989-04-01,1991-02-20,1992-02-18,1344
1989-04-01,1992-02-19,9999-12-31,1339
1989-05-01,1989-06-16,1989-07-18,1311
1989-05-01,1989-07-19,1989-08-15,1309
1989-05-01,1989-08-16,1991-02-19,1308
1989-05-01,1991-02-20,1992-02-18,1317
1989-05-01,1992-02-19,9999-12-31,1331
1989-06-01,1989-07-19,1989-08-15,1400
1989-06-01,1989-08-16,1989-09-18,1419
1989-06-01,1989-09-19,1990-02-14,1406
1989-06-01,1990-02-15,1991-02-19,1414
1989-06-01,1991-02-20,1992-02-18,1420
1989-06-01,1992-02-19,9999-12-31,1397
1989-07-01,1989-08-16,1989-09-18,1430
1989-07-01,1989-09-19,1989-10-17,1424
1989-07-01,1989-10-18,1990-02-14,1420
1989-07-01,1990-02-15,1991-02-19,1424
1989-07-01,1991-02-20,1992-02-18,1431
1989-07-01,1992-02-19,9999-12-31,1427
1989-08-01,1989-09-19,1989-10-17,1353
1989-08-01,1989-10-18,1989-11-16,1332
1989-08-01,1989-11-17,1990-02-14,1329
1989-08-01,1990-02-15,1991-02-19,1325
1989-08-01,1991-02-20,1992-02-18,1339
1989-08-01,1992-02-19,9999-12-31,1332
1989-09-01,1989-10-18,1989-11-16,1263
1989-09-01,1989-11-17,1989-12-18,1268
1989-09-01,1989-12-19,1990-02-14,1264
1989-09-01,1990-02-15,1991-02-19,1263
1989-09-01,1991-02-20,1992-02-18,1275
1989-09-01,1992-02-19,9999-12-31,1279
1989-10-01,1989-11-17,1989-12-18,1420
1989-10-01,1989-12-19,1990-01-17,1428
1989-10-01,1990-01-18,1991-02-19,1423
1989-10-01,1991-02-20,1992-02-18,1435
1989-10-01,1992-02-19,9999-12-31,1410
1989-11-01,1989-12-19,1990-01-17,1361
1989-11-01,1990-01-18,1990-02-14,1342
1989-11-01,1990-02-15,1991-02-19,1347
1989-11-01,1991-02-20,1992-02-18,1353
1989-11-01,1992-02-19,9999-12-31,1351
1989-12-01,1990-01-18,1990-02-14,1235
1989-12-01,1990-02-15,1990-03-15,1254
1989-12-01,1990-03-16,1991-02-19,1273
1989-12-01,1991-02-20,1992-02-18,1267
1989-12-01,1992-02-19,9999-12-31,1251
1990-01-01,1990-02-15,1990-03-15,1625
1990-01-01,1990-03-16,1990-04-16,1588
1990-01-01,1990-04-17,1991-02-19,1568
1990-01-01,1991-02-20,1992-02-18,1543
1990-01-01,1992-02-19,1993-02-16,1596
1990-01-01,1993-02-17,9999-12-31,1551
1990-02-01,1990-03-16,1990-04-16,1477
1990-02-01,1990-04-17,1990-05-15,1457
1990-02-01,1990-05-16,1991-02-19,1488
1990-02-01,1991-02-20,1992-02-18,1459
1990-02-01,1992-02-19,1993-02-16,1463
1990-02-01,1993-02-17,9999-12-31,1437
1990-03-01,1990-04-17,1990-06-18,1321
1990-03-01,1990-06-19,1991-02-19,1307
1990-03-01,1991-02-20,1992-02-18,1298
1990-03-01,1992-02-19,1993-02-16,1314
1990-03-01,1993-02-17,9999-12-31,1289
1990-04-01,1990-05-16,1990-06-18,1245
1990-04-01,1990-06-19,1990-07-17,1224
1990-04-01,1990-07-18,1991-02-19,1216
1990-04-01,1991-02-20,1993-02-16,1217
1990-04-01,1993-02-17,9999-12-31,1248
1990-05-01,1990-06-19,1990-07-17,1207
1990-05-01,1990-07-18,1990-08-15,1205
1990-05-01,1990-08-16,1991-02-19,1206
1990-05-01,1991-02-20,1992-02-18,1208
1990-05-01,1992-02-19,1993-02-16,1221
1990-05-01,1993-02-17,9999-12-31,1212
1990-06-01,1990-07-18,1990-08-15,1177
1990-06-01,1990-08-16,1990-09-18,1179
1990-06-01,1990-09-19,1991-02-19,1189
1990-06-01,1991-02-20,1992-02-18,1187
1990-06-01,1992-02-19,1993-02-16,1166
1990-06-01,1993-02-17,9999-12-31,1177
1990-07-01,1990-08-16,1990-09-18,1148
1990-07-01,1990-09-19,1990-10-16,1147
1990-07-01,1990-10-17,1991-02-19,1153
1990-07-01,1991-02-20,1992-02-18,1155
1990-07-01,1992-02-19,1993-02-16,1156
1990-07-01,1993-02-17,9999-12-31,1171
1990-08-01,1990-09-19,1990-10-16,1127
1990-08-01,1990-10-17,1990-11-19,1142
1990-08-01,1990-11-20,1992-02-18,1131
1990-08-01,1992-02-19,1993-02-16,1128
1990-08-01,1993-02-17,9999-12-31,1115
1990-09-01,1990-10-17,1990-11-19,1135
1990-09-01,1990-11-20,1990-12-18,1107
1990-09-01,1990-12-19,1992-02-18,1106
1990-09-01,1992-02-19,1993-02-16,1112
1990-09-01,1993-02-17,9999-12-31,1110
1990-10-01,1990-11-20,1990-12-18,1041
1990-10-01,1990-12-19,1991-01-16,1033
1990-10-01,1991-01-17,1992-02-18,1026
1990-10-01,1992-02-19,1993-02-16,1011
1990-10-01,1993-02-17,9999-12-31,1014
1990-11-01,1990-12-19,1991-01-16,1129
1990-11-01,1991-01-17,1991-02-19,1127
1990-11-01,1991-02-20,1992-02-18,1130
1990-11-01,1992-02-19,1993-02-16,1131
1990-11-01,1993-02-17,9999-12-31,1145
1990-12-01,1991-01-17,1991-02-19,987
1990-12-01,1991-02-20,1991-03-18,975
1990-12-01,1991-03-19,1992-02-18,971
1990-12-01,1992-02-19,1993-02-16,962
1990-12-01,1993-02-17,9999-12-31,969
1991-01-01,1991-02-20,1991-04-15,850
1991-01-01,1991-04-16,1992-02-18,847
1991-01-01,1992-02-19,1993-02-16,844
1991-01-01,1993-02-17,1994-02-15,819
1991-01-01,1994-02-16,9999-12-31,798
1991-02-01,1991-03-19,1991-04-15,989
1991-02-01,1991-04-16,1991-05-15,993
1991-02-01,1991-05-16,1992-02-18,992
1991-02-01,1992-02-19,1993-02-16,1008
1991-02-01,1993-02-17,1994-02-15,985
1991-02-01,1994-02-16,9999-12-31,965
1991-03-01,1991-04-16,1991-06-17,901
1991-03-01,1991-06-18,1992-02-18,907
1991-03-01,1992-02-19,1993-02-16,918
1991-03-01,1993-02-17,1994-02-15,898
1991-03-01,1994-02-16,9999-12-31,921
1991-04-01,1991-05-16,1991-06-17,957
1991-04-01,1991-06-18,1991-07-16,981
1991-04-01,1991-07-17,1992-02-18,977
1991-04-01,1992-02-19,1993-02-16,978
1991-04-01,1993-02-17,1994-02-15,1000
1991-04-01,1994-02-16,9999-12-31,1001
1991-05-01,1991-06-18,1991-07-16,982
1991-05-01,1991-07-17,1991-08-14,989
1991-05-01,1991-08-15,1993-02-16,983
1991-05-01,1993-02-17,1994-02-15,982
1991-05-01,1994-02-16,9999-12-31,996
1991-06-01,1991-07-17,1991-08-14,1040
1991-06-01,1991-08-15,1991-09-17,1032
1991-06-01,1991-09-18,1992-02-18,1034
1991-06-01,1992-02-19,1993-02-16,1036
1991-06-01,1993-02-17,1994-02-15,1048
1991-06-01,1994-02-16,9999-12-31,1036
1991-07-01,1991-08-15,1991-09-17,1070
1991-07-01,1991-09-18,1991-10-17,1059
1991-07-01,1991-10-18,1992-02-18,1049
1991-07-01,1992-02-19,1993-02-16,1053
1991-07-01,1993-02-17,1994-02-15,1068
1991-07-01,1994-02-16,9999-12-31,1063
1991-08-01,1991-09-18,1991-10-17,1065
1991-08-01,1991-10-18,1992-02-18,1056
1991-08-01,1992-02-19,1993-02-16,1053
1991-08-01,1993-02-17,1994-02-15,1037
1991-08-01,1994-02-16,9999-12-31,1049
1991-09-01,1991-10-18,1991-11-19,1033
1991-09-01,1991-11-20,1991-12-16,1021
1991-09-01,1991-12-17,1992-02-18,1017
1991-09-01,1992-02-19,1993-02-16,1020
1991-09-01,1993-02-17,1994-02-15,1022
1991-09-01,1994-02-16,9999-12-31,1015
1991-10-01,1991-11-20,1991-12-16,1096
1991-10-01,1991-12-17,1992-01-21,1089
1991-10-01,1992-01-22,1992-02-18,1090
1991-10-01,1992-02-19,1993-02-16,1085
1991-10-01,1993-02-17,1994-02-15,1093
1991-10-01,1994-02-16,9999-12-31,1079
1991-11-01,1991-12-17,1992-01-21,1066
1991-11-01,1992-01-22,1992-02-18,1075
1991-11-01,1992-02-19,1993-02-16,1085
1991-11-01,1993-02-17,1994-02-15,1083
1991-11-01,1994-02-16,9999-12-31,1103
1991-12-01,1992-01-22,1992-02-18,1103
1991-12-01,1992-02-19,1992-03-15,1106
1991-12-01,1992-03-16,1993-02-16,1118
1991-12-01,1993-02-17,1994-02-15,1094
1991-12-01,1994-02-16,9999-12-31,1079
1992-01-01,1992-02-19,1992-03-15,1167
1992-01-01,1992-03-16,1992-04-16,1190
1992-01-01,1992-04-17,1993-02-16,1180
1992-01-01,1993-02-17,1994-02-15,1164
1992-01-01,1994-02-16,1995-02-15,1144
1992-01-01,1995-02-16,9999-12-31,1176
1992-02-01,1992-03-16,1992-04-16,1304
1992-02-01,1992-04-17,1992-05-18,1283
1992-02-01,1992-05-19,1993-02-16,1257
1992-02-01,1993-02-17,1994-02-15,1285
1992-02-01,1994-02-16,1995-02-15,1245
1992-02-01,1995-02-16,9999-12-31,1250
1992-03-01,1992-04-17,1992-05-18,1365
1992-03-01,1992-05-19,1992-06-15,1344
1992-03-01,1992-06-16,1993-02-16,1340
1992-03-01,1993-02-17,1994-02-15,1318
1992-03-01,1994-02-16,1995-02-15,1324
1992-03-01,1995-02-16,9999-12-31,1297
1992-04-01,1992-05-19,1992-06-15,1115
1992-04-01,1992-06-16,1992-07-15,1108
1992-04-01,1992-07-16,1993-02-16,1086
1992-04-01,1993-02-17,1994-02-15,1095
1992-04-01,1994-02-16,1995-02-15,1094
1992-04-01,1995-02-16,9999-12-31,1099
1992-05-01,1992-06-16,1992-07-15,1230
1992-05-01,1992-07-16,1992-08-17,1205
1992-05-01,1992-08-18,1993-02-16,1196
1992-05-01,1993-02-17,1994-02-15,1197
1992-05-01,1994-02-16,1995-02-15,1223
1992-05-01,1995-02-16,9999-12-31,1214
1992-06-01,1992-07-16,1992-08-17,1167
1992-06-01,1992-08-18,1992-09-21,1151
1992-06-01,1992-09-22,1993-02-16,1147
1992-06-01,1993-02-17,1994-02-15,1141
1992-06-01,1994-02-16,1995-02-15,1129
1992-06-01,1995-02-16,9999-12-31,1145
1992-07-01,1992-08-18,1992-09-21,1119
1992-07-01,1992-09-22,1992-10-19,1120
1992-07-01,1992-10-20,1993-02-16,1100
1992-07-01,1993-02-17,1994-02-15,1106
1992-07-01,1994-02-16,1995-02-15,1132
1992-07-01,1995-02-16,9999-12-31,1139
1992-08-01,1992-09-22,1992-10-19,1237
1992-08-01,1992-10-20,1992-11-18,1239
1992-08-01,1992-11-19,1993-02-16,1233
1992-08-01,1993-02-17,1994-02-15,1229
1992-08-01,1994-02-16,1995-02-15,1216
1992-08-01,1995-02-16,9999-12-31,1226
1992-09-01,1992-10-20,1992-11-18,1256
1992-09-01,1992-11-19,1992-12-15,1243
1992-09-01,1992-12-16,1993-02-16,1222
1992-09-01,1993-02-17,1994-02-15,1218
1992-09-01,1994-02-16,1995-02-15,1207
1992-09-01,1995-02-16,9999-12-31,1186
1992-10-01,1992-11-19,1992-12-15,1229
1992-10-01,1992-12-16,1993-01-21,1224
1992-10-01,1993-01-22,1993-02-16,1223
1992-10-01,1993-02-17,1994-02-15,1226
1992-10-01,1994-02-16,1995-02-15,1239
1992-10-01,1995-02-16,9999-12-31,1244
1992-11-01,1992-12-16,1993-01-21,1242
1992-11-01,1993-01-22,1993-02-16,1234
1992-11-01,1993-02-17,1994-02-15,1226
1992-11-01,1994-02-16,1995-02-15,1221
1992-11-01,1995-02-16,9999-12-31,1214
1992-12-01,1993-01-22,1993-02-16,1302
1992-12-01,1993-02-17,1993-03-15,1285
1992-12-01,1993-03-16,1994-02-15,1286
1992-12-01,1994-02-16,1995-02-15,1258
1992-12-01,1995-02-16,9999-12-31,1227
1993-01-01,1993-02-17,1993-03-15,1192
1993-01-01,1993-03-16,1993-04-19,1178
1993-01-01,1993-04-20,1994-02-15,1171
1993-01-01,1994-02-16,1995-02-15,1170
1993-01-01,1995-02-16,1996-02-22,1213
1993-01-01,1996-02-23,9999-12-31,1210
1993-02-01,1993-03-16,1993-04-19,1208
1993-02-01,1993-04-20,1993-05-17,1189
1993-02-01,1993-05-18,1994-02-15,1180
1993-02-01,1994-02-16,1995-02-15,1194
1993-02-01,1995-02-16,1996-02-22,1198
1993-02-01,1996-02-23,9999-12-31,1210
1993-03-01,1993-04-20,1993-05-17,1134
1993-03-01,1993-05-18,1993-06-15,1137
1993-03-01,1993-06-16,1994-02-15,1124
1993-03-01,1994-02-16,1995-02-15,1092
1993-03-01,1995-02-16,1996-02-22,1068
1993-03-01,1996-02-23,9999-12-31,1083
1993-04-01,1993-05-18,1993-06-15,1213
1993-04-01,1993-06-16,1993-07-19,1215
1993-04-01,1993-07-20,1994-02-15,1206
1993-04-01,1994-02-16,1996-02-22,1232
1993-04-01,1996-02-23,9999-12-31,1258
1993-05-01,1993-06-16,1993-07-19,1244
1993-05-01,1993-07-20,1993-08-16,1254
1993-05-01,1993-08-17,1994-02-15,1248
1993-05-01,1994-02-16,1995-02-15,1241
1993-05-01,1995-02-16,1996-02-22,1245
1993-05-01,1996-02-23,9999-12-31,1260
1993-06-01,1993-07-20,1993-08-16,1254
1993-06-01,1993-08-17,1993-09-20,1246
1993-06-01,1993-09-21,1994-02-15,1248
1993-06-01,1994-02-16,1995-02-15,1238
1993-06-01,1995-02-16,1996-02-22,1257
1993-06-01,1996-02-23,9999-12-31,1280
1993-07-01,1993-08-17,1993-09-20,1212
1993-07-01,1993-09-21,1993-10-18,1227
1993-07-01,1993-10-19,1994-02-15,1232
1993-07-01,1994-02-16,1995-02-15,1245
1993-07-01,1995-02-16,1996-02-22,1253
1993-07-01,1996-02-23,9999-12-31,1254
1993-08-01,1993-09-21,1993-10-18,1323
1993-08-01,1993-10-19,1993-11-16,1314
1993-08-01,1993-11-17,1994-02-15,1328
1993-08-01,1994-02-16,1995-02-15,1319
1993-08-01,1995-02-16,1996-02-22,1318
1993-08-01,1996-02-23,9999-12-31,1300
1993-09-01,1993-10-19,1993-11-16,1351
1993-09-01,1993-11-17,1993-12-16,1359
1993-09-01,1993-12-17,1994-02-15,1371
1993-09-01,1994-02-16,1995-02-15,1359
1993-09-01,1995-02-16,1996-02-22,1352
1993-09-01,1996-02-23,9999-12-31,1343
1993-10-01,1993-11-17,1993-12-16,1396
1993-10-01,1993-12-17,1994-01-19,1378
1993-10-01,1994-01-20,1994-02-15,1390
1993-10-01,1994-02-16,1995-02-15,1409
1993-10-01,1995-02-16,1996-02-22,1417
1993-10-01,1996-02-23,9999-12-31,1392
1993-11-01,1993-12-17,1994-01-19,1432
1993-11-01,1994-01-20,1994-02-15,1450
1993-11-01,1994-02-16,1995-02-15,1406
1993-11-01,1995-02-16,1996-02-22,1401
1993-11-01,1996-02-23,9999-12-31,1376
1993-12-01,1994-01-20,1994-02-15,1540
1993-12-01,1994-02-16,1994-03-15,1571
1993-12-01,1994-03-16,1995-02-15,1612
1993-12-01,1995-02-16,1996-02-22,1602
1993-12-01,1996-02-23,9999-12-31,1533
1994-01-01,1994-02-16,1994-03-15,1294
1994-01-01,1994-03-16,1994-04-19,1258
1994-01-01,1994-04-20,1995-02-15,1271
1994-01-01,1995-02-16,1996-02-22,1266
1994-01-01,1996-02-23,1997-02-19,1277
1994-01-01,1997-02-20,9999-12-31,1272
1994-02-01,1994-03-16,1994-04-19,1309
1994-02-01,1994-04-20,1994-05-16,1314
1994-02-01,1994-05-17,1995-02-15,1328
1994-02-01,1995-02-16,1996-02-22,1318
1994-02-01,1996-02-23,1997-02-19,1333
1994-02-01,1997-02-20,9999-12-31,1337
1994-03-01,1994-04-20,1994-05-16,1473
1994-03-01,1994-05-17,1994-06-15,1492
1994-03-01,1994-06-16,1995-02-15,1519
1994-03-01,1995-02-16,1996-02-22,1499
1994-03-01,1996-02-23,1997-02-19,1531
1994-03-01,1997-02-20,9999-12-31,1564
1994-04-01,1994-05-17,1994-06-15,1455
1994-04-01,1994-06-16,1994-07-19,1472
1994-04-01,1994-07-20,1995-02-15,1471
1994-04-01,1995-02-16,1996-02-22,1463
1994-04-01,1996-02-23,1997-02-19,1491
1994-04-01,1997-02-20,9999-12-31,1465
1994-05-01,1994-06-16,1994-07-19,1510
1994-05-01,1994-07-20,1994-08-15,1497
1994-05-01,1994-08-16,1995-02-15,1491
1994-05-01,1995-02-16,1996-02-22,1489
1994-05-01,1996-02-23,1997-02-19,1507
1994-05-01,1997-02-20,9999-12-31,1526
1994-06-01,1994-07-20,1994-09-20,1351
1994-06-01,1994-09-21,1995-02-15,1358
1994-06-01,1995-02-16,1996-02-22,1370
1994-06-01,1996-02-23,1997-02-19,1401
1994-06-01,1997-02-20,9999-12-31,1409
1994-07-01,1994-08-16,1994-09-20,1415
1994-07-01,1994-09-21,1994-10-19,1413
1994-07-01,1994-10-20,1995-02-15,1439
1994-07-01,1995-02-16,1996-02-22,1440
1994-07-01,1996-02-23,1997-02-19,1431
1994-07-01,1997-02-20,9999-12-31,1439
1994-08-01,1994-09-21,1994-10-19,1442
1994-08-01,1994-10-20,1994-11-16,1461
1994-08-01,1994-11-17,1996-02-22,1463
1994-08-01,1996-02-23,1997-02-19,1454
1994-08-01,1997-02-20,9999-12-31,1450
1994-09-01,1994-10-20,1994-11-16,1525
1994-09-01,1994-11-17,1994-12-15,1497
1994-09-01,1994-12-16,1995-02-15,1509
1994-09-01,1995-02-16,1996-02-22,1511
1994-09-01,1996-02-23,1997-02-19,1483
1994-09-01,1997-02-20,9999-12-31,1474
1994-10-01,1994-11-17,1994-12-15,1419
1994-10-01,1994-12-16,1995-01-19,1440
1994-10-01,1995-01-20,1995-02-15,1436
1994-10-01,1995-02-16,1996-02-22,1451
1994-10-01,1996-02-23,1997-02-19,1437
1994-10-01,1997-02-20,9999-12-31,1450
1994-11-01,1994-12-16,1995-01-19,1540
1994-11-01,1995-01-20,1995-02-15,1545
1994-11-01,1995-02-16,1996-02-22,1536
1994-11-01,1996-02-23,1997-02-19,1504
1994-11-01,1997-02-20,9999-12-31,1511
1994-12-01,1995-01-20,1995-02-15,1529
1994-12-01,1995-02-16,1995-03-15,1527
1994-12-01,1995-03-16,1996-02-22,1545
1994-12-01,1996-02-23,1997-02-19,1505
1994-12-01,1997-02-20,9999-12-31,1455
1995-01-01,1995-02-16,1995-03-15,1377
1995-01-01,1995-03-16,1995-04-17,1359
1995-01-01,1995-04-18,1996-02-22,1366
1995-01-01,1996-02-23,1997-02-19,1370
1995-01-01,1997-02-20,1998-02-17,1383
1995-01-01,1998-02-18,9999-12-31,1407
1995-02-01,1995-03-16,1995-04-17,1323
1995-02-01,1995-04-18,1995-05-15,1315
1995-02-01,1995-05-16,1996-02-22,1319
1995-02-01,1996-02-23,1997-02-19,1322
1995-02-01,1997-02-20,1998-02-17,1325
1995-02-01,1998-02-18,9999-12-31,1316
1995-03-01,1995-04-18,1995-05-15,1211
1995-03-01,1995-05-16,1995-06-19,1231
1995-03-01,1995-06-20,1996-02-22,1238
1995-03-01,1996-02-23,1997-02-19,1241
1995-03-01,1997-02-20,1998-02-17,1246
1995-03-01,1998-02-18,9999-12-31,1249
1995-04-01,1995-05-16,1995-06-19,1236
1995-04-01,1995-06-20,1995-07-18,1255
1995-04-01,1995-07-19,1996-02-22,1269
1995-04-01,1996-02-23,1998-02-17,1278
1995-04-01,1998-02-18,9999-12-31,1267
1995-05-01,1995-06-20,1995-07-18,1239
1995-05-01,1995-07-19,1995-08-15,1264
1995-05-01,1995-08-16,1996-02-22,1282
1995-05-01,1996-02-23,1997-02-19,1300
1995-05-01,1997-02-20,1998-02-17,1309
1995-05-01,1998-02-18,9999-12-31,1314
1995-06-01,1995-07-19,1995-08-15,1263
1995-06-01,1995-08-16,1995-09-18,1293
1995-06-01,1995-09-19,1996-02-22,1298
1995-06-01,1996-02-23,1997-02-19,1301
1995-06-01,1997-02-20,1998-02-17,1294
1995-06-01,1998-02-18,9999-12-31,1281
1995-07-01,1995-08-16,1995-09-18,1380
1995-07-01,1995-09-19,1995-10-18,1390
1995-07-01,1995-10-19,1996-02-22,1432
1995-07-01,1996-02-23,1997-02-19,1450
1995-07-01,1997-02-20,1998-02-17,1464
1995-07-01,1998-02-18,9999-12-31,1461
1995-08-01,1995-09-19,1995-10-18,1398
1995-08-01,1995-10-19,1996-02-22,1392
1995-08-01,1996-02-23,1997-02-19,1401
1995-08-01,1997-02-20,1998-02-17,1404
1995-08-01,1998-02-18,9999-12-31,1416
1995-09-01,1995-10-19,1995-11-27,1390
1995-09-01,1995-11-28,1996-01-15,1389
1995-09-01,1996-01-16,1996-02-22,1410
1995-09-01,1996-02-23,1997-02-19,1401
1995-09-01,1997-02-20,1998-02-17,1378
1995-09-01,1998-02-18,9999-12-31,1369
1995-10-01,1995-11-28,1996-01-15,1337
1995-10-01,1996-01-16,1996-02-22,1343
1995-10-01,1996-02-23,1997-02-19,1351
1995-10-01,1997-02-20,1998-02-17,1382
1995-10-01,1998-02-18,9999-12-31,1369
1995-11-01,1996-01-16,1996-02-22,1420
1995-11-01,1996-02-23,1997-02-19,1458
1995-11-01,1997-02-20,1998-02-17,1451
1995-11-01,1998-02-18,9999-12-31,1452
1995-12-01,1996-02-23,1996-03-16,1385
1995-12-01,1996-03-17,1997-02-19,1425
1995-12-01,1997-02-20,1998-02-17,1404
1995-12-01,1998-02-18,9999-12-31,1431
1996-01-01,1996-02-23,1996-03-16,1446
1996-01-01,1996-03-17,1996-04-16,1447
1996-01-01,1996-04-17,1997-02-19,1453
1996-01-01,1997-02-20,1998-02-17,1444
1996-01-01,1998-02-18,1999-02-16,1485
1996-01-01,1999-02-17,9999-12-31,1467
1996-02-01,1996-03-17,1996-04-16,1490
1996-02-01,1996-04-17,1996-05-15,1505
1996-02-01,1996-05-16,1997-02-19,1514
1996-02-01,1997-02-20,1998-02-17,1520
1996-02-01,1998-02-18,1999-02-16,1505
1996-02-01,1999-02-17,9999-12-31,1491
1996-03-01,1996-04-17,1996-05-15,1447
1996-03-01,1996-05-16,1996-06-17,1435
1996-03-01,1996-06-18,1997-02-19,1439
1996-03-01,1997-02-20,1998-02-17,1429
1996-03-01,1998-02-18,1999-02-16,1423
1996-03-01,1999-02-17,9999-12-31,1424
1996-04-01,1996-05-16,1996-06-17,1519
1996-04-01,1996-06-18,1996-07-16,1505
1996-04-01,1996-07-17,1997-02-19,1511
1996-04-01,1997-02-20,1998-02-17,1522
1996-04-01,1998-02-18,1999-02-16,1515
1996-04-01,1999-02-17,9999-12-31,1516
1996-05-01,1996-06-18,1996-07-16,1434
1996-05-01,1996-07-17,1996-08-15,1461
1996-05-01,1996-08-16,1997-02-19,1478
1996-05-01,1997-02-20,1998-02-17,1476
1996-05-01,1998-02-18,1999-02-16,1490
1996-05-01,1999-02-17,9999-12-31,1504
1996-06-01,1996-07-17,1996-08-15,1480
1996-06-01,1996-08-16,1996-09-18,1474
1996-06-01,1996-09-19,1997-02-19,1490
1996-06-01,1997-02-20,1998-02-17,1488
1996-06-01,1998-02-18,1999-02-16,1464
1996-06-01,1999-02-17,9999-12-31,1467
1996-07-01,1996-08-16,1996-09-18,1455
1996-07-01,1996-09-19,1996-10-16,1460
1996-07-01,1996-10-17,1997-02-19,1470
1996-07-01,1997-02-20,1998-02-17,1492
1996-07-01,1998-02-18,1999-02-16,1488
1996-07-01,1999-02-17,9999-12-31,1472
1996-08-01,1996-09-19,1996-10-16,1525
1996-08-01,1996-10-17,1996-11-18,1529
1996-08-01,1996-11-19,1997-02-19,1533
1996-08-01,1997-02-20,1998-02-17,1515
1996-08-01,1998-02-18,1999-02-16,1540
1996-08-01,1999-02-17,9999-12-31,1557
1996-09-01,1996-10-17,1996-11-18,1438
1996-09-01,1996-11-19,1996-12-16,1440
1996-09-01,1996-12-17,1997-02-19,1461
1996-09-01,1997-02-20,1998-02-17,1470
1996-09-01,1998-02-18,1999-02-16,1455
1996-09-01,1999-02-17,9999-12-31,1475
1996-10-01,1996-11-19,1996-12-16,1366
1996-10-01,1996-12-17,1997-01-21,1386
1996-10-01,1997-01-22,1997-02-19,1385
1996-10-01,1997-02-20,1998-02-17,1407
1996-10-01,1998-02-18,1999-02-16,1398
1996-10-01,1999-02-17,9999-12-31,1392
1996-11-01,1996-12-17,1997-02-19,1514
1996-11-01,1997-02-20,1998-02-17,1486
1996-11-01,1998-02-18,1999-02-16,1491
1996-11-01,1999-02-17,9999-12-31,1489
1996-12-01,1997-01-22,1997-02-19,1329
1996-12-01,1997-02-20,1997-03-17,1323
1996-12-01,1997-03-18,1998-02-17,1353
1996-12-01,1998-02-18,1999-02-16,1384
1996-12-01,1999-02-17,9999-12-31,1370
1997-01-01,1997-02-20,1997-03-17,1350
1997-01-01,1997-03-18,1997-04-15,1362
1997-01-01,1997-04-16,1998-02-17,1375
1997-01-01,1998-02-18,1999-02-16,1394
1997-01-01,1999-02-17,2000-02-15,1373
1997-01-01,2000-02-16,9999-12-31,1355
1997-02-01,1997-03-18,1997-04-15,1528
1997-02-01,1997-04-16,1997-05-15,1522
1997-02-01,1997-05-16,1998-02-17,1554
1997-02-01,1998-02-18,1999-02-16,1547
1997-02-01,1999-02-17,2000-02-15,1532
1997-02-01,2000-02-16,9999-12-31,1486
1997-03-01,1997-04-16,1997-05-15,1425
1997-03-01,1997-05-16,1997-06-16,1435
1997-03-01,1997-06-17,1998-02-17,1479
1997-03-01,1998-02-18,1999-02-16,1477
1997-03-01,1999-02-17,2000-02-15,1471
1997-03-01,2000-02-16,9999-12-31,1457
1997-04-01,1997-05-16,1997-06-16,1473
1997-04-01,1997-06-17,1997-07-16,1468
1997-04-01,1997-07-17,1998-02-17,1483
1997-04-01,1998-02-18,1999-02-16,1480
1997-04-01,1999-02-17,2000-02-15,1487
1997-04-01,2000-02-16,9999-12-31,1492
1997-05-01,1997-06-17,1997-07-16,1397
1997-05-01,1997-07-17,1997-08-18,1385
1997-05-01,1997-08-19,1998-02-17,1402
1997-05-01,1998-02-18,1999-02-16,1404
1997-05-01,1999-02-17,2000-02-15,1429
1997-05-01,2000-02-16,9999-12-31,1442
1997-06-01,1997-07-17,1997-08-18,1452
1997-06-01,1997-08-19,1997-09-16,1447
1997-06-01,1997-09-17,1998-02-17,1503
1997-06-01,1998-02-18,2000-02-15,1502
1997-06-01,2000-02-16,9999-12-31,1494
1997-07-01,1997-08-19,1997-09-16,1447
1997-07-01,1997-09-17,1997-10-16,1432
1997-07-01,1997-10-17,1998-02-17,1465
1997-07-01,1998-02-18,1999-02-16,1461
1997-07-01,1999-02-17,9999-12-31,1437
1997-08-01,1997-09-17,1997-10-16,1363
1997-08-01,1997-10-17,1997-11-18,1390
1997-08-01,1997-11-19,1998-02-17,1395
1997-08-01,1998-02-18,1999-02-16,1383
1997-08-01,1999-02-17,2000-02-15,1399
1997-08-01,2000-02-16,9999-12-31,1390
1997-09-01,1997-10-17,1997-11-18,1500
1997-09-01,1997-11-19,1998-02-17,1507
1997-09-01,1998-02-18,1999-02-16,1501
1997-09-01,1999-02-17,2000-02-15,1534
1997-09-01,2000-02-16,9999-12-31,1546
1997-10-01,1997-11-19,1997-12-15,1528
1997-10-01,1997-12-16,1998-01-21,1519
1997-10-01,1998-01-22,1998-02-17,1527
1997-10-01,1998-02-18,1999-02-16,1529
1997-10-01,1999-02-17,2000-02-15,1519
1997-10-01,2000-02-16,9999-12-31,1520
1997-11-01,1997-12-16,1998-02-17,1531
1997-11-01,1998-02-18,1999-02-16,1523
1997-11-01,1999-02-17,2000-02-15,1502
1997-11-01,2000-02-16,9999-12-31,1510
1997-12-01,1998-01-22,1998-02-17,1519
1997-12-01,1998-02-18,1998-03-16,1538
1997-12-01,1998-03-17,1999-02-16,1540
1997-12-01,1999-02-17,2000-02-15,1525
1997-12-01,2000-02-16,9999-12-31,1566
1998-01-01,1998-02-18,1998-03-16,1534
1998-01-01,1998-03-17,1998-04-15,1543
1998-01-01,1998-04-16,1999-02-16,1545
1998-01-01,1999-02-17,2000-02-15,1527
1998-01-01,2000-02-16,9999-12-31,1525
1998-02-01,1998-03-17,1998-04-15,1636
1998-02-01,1998-04-16,1998-05-18,1635
1998-02-01,1998-05-19,1999-02-16,1616
1998-02-01,1999-02-17,2000-02-15,1644
1998-02-01,2000-02-16,9999-12-31,1584
1998-03-01,1998-04-16,1998-05-18,1590
1998-03-01,1998-05-19,1998-06-15,1575
1998-03-01,1998-06-16,1999-02-16,1585
1998-03-01,1999-02-17,2000-02-15,1583
1998-03-01,2000-02-16,9999-12-31,1567
1998-04-01,1998-05-19,1998-06-15,1538
1998-04-01,1998-06-16,1998-07-20,1541
1998-04-01,1998-07-21,1999-02-16,1546
1998-04-01,1999-02-17,2000-02-15,1542
1998-04-01,2000-02-16,9999-12-31,1540
1998-05-01,1998-06-16,1998-08-18,1530
1998-05-01,1998-08-19,1999-02-16,1538
1998-05-01,1999-02-17,2000-02-15,1541
1998-05-01,2000-02-16,9999-12-31,1536
1998-06-01,1998-07-21,1998-08-18,1615
1998-06-01,1998-08-19,1998-09-17,1626
1998-06-01,1998-09-18,1999-02-16,1620
1998-06-01,1999-02-17,2000-02-15,1626
1998-06-01,2000-02-16,9999-12-31,1641
1998-07-01,1998-08-19,1998-09-17,1718
1998-07-01,1998-09-18,1998-10-20,1706
1998-07-01,1998-10-21,1999-02-16,1704
1998-07-01,1999-02-17,2000-02-15,1719
1998-07-01,2000-02-16,9999-12-31,1698
1998-08-01,1998-09-18,1998-10-20,1613
1998-08-01,1998-10-21,1998-11-18,1616
1998-08-01,1998-11-19,1999-02-16,1621
1998-08-01,1999-02-17,2000-02-15,1615
1998-08-01,2000-02-16,9999-12-31,1614
1998-09-01,1998-10-21,1998-11-18,1576
1998-09-01,1998-11-19,1998-12-15,1579
1998-09-01,1998-12-16,1999-02-16,1569
1998-09-01,1999-02-17,2000-02-15,1576
1998-09-01,2000-02-16,9999-12-31,1582
1998-10-01,1998-11-19,1998-12-15,1695
1998-10-01,1998-12-16,1999-01-19,1694
1998-10-01,1999-01-20,1999-02-16,1693
1998-10-01,1999-02-17,2000-02-15,1698
1998-10-01,2000-02-16,9999-12-31,1715
1998-11-01,1998-12-16,1999-01-19,1649
1998-11-01,1999-01-20,1999-02-16,1662
1998-11-01,1999-02-17,2000-02-15,1654
1998-11-01,2000-02-16,9999-12-31,1660
1998-12-01,1999-01-20,1999-02-16,1720
1998-12-01,1999-02-17,1999-03-15,1738
1998-12-01,1999-03-16,2000-02-15,1750
1998-12-01,2000-02-16,9999-12-31,1792
1999-01-01,1999-02-17,1999-03-15,1804
1999-01-01,1999-03-16,1999-04-15,1810
1999-01-01,1999-04-16,2000-02-15,1820
1999-01-01,2000-02-16,2001-05-15,1804
1999-01-01,2001-05-16,9999-12-31,1748
1999-02-01,1999-03-16,1999-04-15,1799
1999-02-01,1999-04-16,1999-05-17,1790
1999-02-01,1999-05-18,2000-02-15,1752
1999-02-01,2000-02-16,2001-05-15,1738
1999-02-01,2001-05-16,9999-12-31,1670
1999-03-01,1999-04-16,1999-05-17,1766
1999-03-01,1999-05-18,1999-06-15,1751
1999-03-01,1999-06-16,2000-02-15,1746
1999-03-01,2000-02-16,2001-05-15,1737
1999-03-01,2001-05-16,9999-12-31,1710
1999-04-01,1999-05-18,1999-06-15,1574
1999-04-01,1999-06-16,1999-07-20,1576
1999-04-01,1999-07-21,2000-02-15,1577
1999-04-01,2000-02-16,2001-05-15,1561
1999-04-01,2001-05-16,9999-12-31,1553
1999-05-01,1999-06-16,1999-07-20,1676
1999-05-01,1999-07-21,1999-08-16,1665
1999-05-01,1999-08-17,2000-02-15,1668
1999-05-01,2000-02-16,2001-05-15,1649
1999-05-01,2001-05-16,9999-12-31,1611
1999-06-01,1999-07-21,1999-09-16,1571
1999-06-01,1999-09-17,2000-02-15,1607.0
1999-06-01,2000-02-16,2001-05-15,1562
1999-06-01,2001-05-16,9999-12-31,1559
1999-07-01,1999-08-17,1999-09-16,1661
1999-07-01,1999-09-17,1999-10-18,1670.0
1999-07-01,1999-10-19,2000-02-15,1680
1999-07-01,2000-02-16,2001-05-15,1704
1999-07-01,2001-05-16,9999-12-31,1669
1999-08-01,1999-09-17,1999-10-18,1676.0
1999-08-01,1999-10-19,1999-11-16,1672
1999-08-01,1999-11-17,2000-02-15,1655
1999-08-01,2000-02-16,2001-05-15,1657
1999-08-01,2001-05-16,9999-12-31,1648
1999-09-01,1999-10-19,1999-11-16,1618
1999-09-01,1999-11-17,1999-12-16,1626
1999-09-01,1999-12-17,2000-02-15,1637
1999-09-01,2000-02-16,2001-05-15,1628
1999-09-01,2001-05-16,9999-12-31,1635
1999-10-01,1999-11-17,1999-12-16,1628
1999-10-01,1999-12-17,2000-01-18,1637
1999-10-01,2000-01-19,2000-02-15,1642
1999-10-01,2000-02-16,2001-05-15,1636
1999-10-01,2001-05-16,9999-12-31,1608
1999-11-01,1999-12-17,2000-01-18,1600
1999-11-01,2000-01-19,2000-02-15,1598
1999-11-01,2000-02-16,2001-05-15,1663
1999-11-01,2001-05-16,9999-12-31,1648
1999-12-01,2000-01-19,2000-02-15,1712
1999-12-01,2000-02-16,2000-03-15,1748
1999-12-01,2000-03-16,2001-05-15,1769
1999-12-01,2001-05-16,9999-12-31,1708
2000-01-01,2000-02-16,2000-03-15,1775
2000-01-01,2000-03-16,2000-04-17,1758
2000-01-01,2000-04-18,2001-05-15,1744
2000-01-01,2001-05-16,2002-05-15,1677
2000-01-01,2002-05-16,9999-12-31,1636
2000-02-01,2000-03-16,2000-04-17,1781
2000-02-01,2000-04-18,2000-05-15,1807
2000-02-01,2000-05-16,2001-05-15,1822
2000-02-01,2001-05-16,2002-05-15,1745
2000-02-01,2002-05-16,9999-12-31,1737
2000-03-01,2000-04-18,2000-05-15,1604
2000-03-01,2000-05-16,2000-06-15,1618
2000-03-01,2000-06-16,2001-05-15,1630
2000-03-01,2001-05-16,2002-05-15,1583
2000-03-01,2002-05-16,9999-12-31,1604
2000-04-01,2000-05-16,2000-06-15,1663
2000-04-01,2000-06-16,2000-07-19,1656
2000-04-01,2000-07-20,2001-05-15,1652
2000-04-01,2001-05-16,9999-12-31,1626
2000-05-01,2000-06-16,2000-07-19,1592
2000-05-01,2000-07-20,2000-08-15,1596
2000-05-01,2000-08-16,2001-05-15,1591
2000-05-01,2001-05-16,2002-05-15,1573
2000-05-01,2002-05-16,9999-12-31,1575
2000-06-01,2000-07-20,2000-08-15,1554
2000-06-01,2000-08-16,2000-09-18,1563
2000-06-01,2000-09-19,2001-05-15,1571
2000-06-01,2001-05-16,2002-05-15,1560
2000-06-01,2002-05-16,9999-12-31,1559
2000-07-01,2000-08-16,2000-09-18,1512
2000-07-01,2000-09-19,2000-10-17,1526
2000-07-01,2000-10-18,2001-05-15,1527
2000-07-01,2001-05-16,2002-05-15,1477
2000-07-01,2002-05-16,9999-12-31,1463
2000-08-01,2000-09-19,2000-10-17,1531
2000-08-01,2000-10-18,2000-11-16,1525
2000-08-01,2000-11-17,2001-05-15,1519
2000-08-01,2001-05-16,2002-05-15,1531
2000-08-01,2002-05-16,9999-12-31,1541
2000-09-01,2000-10-18,2000-12-19,1530
2000-09-01,2000-12-20,2001-05-15,1537
2000-09-01,2001-05-16,2002-05-15,1508
2000-09-01,2002-05-16,9999-12-31,1507
2000-10-01,2000-11-17,2000-12-19,1532
2000-10-01,2000-12-20,2001-01-17,1528
2000-10-01,2001-01-18,2001-05-15,1529
2000-10-01,2001-05-16,2002-05-15,1527
2000-10-01,2002-05-16,9999-12-31,1549
2000-11-01,2000-12-20,2001-01-17,1562
2000-11-01,2001-01-18,2001-02-15,1570
2000-11-01,2001-02-16,2001-05-15,1564
2000-11-01,2001-05-16,2002-05-15,1559
2000-11-01,2002-05-16,9999-12-31,1551
2000-12-01,2001-01-18,2001-02-15,1575
2000-12-01,2001-02-16,2001-03-15,1568
2000-12-01,2001-03-16,2001-05-15,1577
2000-12-01,2001-05-16,9999-12-31,1532
2001-01-01,2001-02-16,2001-03-15,1651
2001-01-01,2001-03-16,2001-04-16,1653
2001-01-01,2001-04-17,2001-05-15,1671
2001-01-01,2001-05-16,2002-05-15,1666
2001-01-01,2002-05-16,2003-05-15,1627
2001-01-01,2003-05-16,9999-12-31,1600
2001-02-01,2001-03-16,2001-04-16,1647
2001-02-01,2001-04-17,2001-05-15,1634
2001-02-01,2001-05-16,2002-05-15,1623
2001-02-01,2002-05-16,2003-05-15,1605
2001-02-01,2003-05-16,9999-12-31,1625
2001-03-01,2001-04-17,2001-05-15,1613
2001-03-01,2001-05-16,2001-06-18,1586
2001-03-01,2001-06-19,2002-05-15,1592
2001-03-01,2002-05-16,2003-05-15,1602
2001-03-01,2003-05-16,9999-12-31,1590
2001-04-01,2001-05-16,2001-06-18,1609
2001-04-01,2001-06-19,2001-07-17,1629
2001-04-01,2001-07-18,2002-05-15,1626
2001-04-01,2002-05-16,2003-05-15,1636
2001-04-01,2003-05-16,9999-12-31,1649
2001-05-01,2001-06-19,2001-07-17,1622
2001-05-01,2001-07-18,2002-05-15,1610
2001-05-01,2002-05-16,2003-05-15,1604
2001-05-01,2003-05-16,9999-12-31,1605
2001-06-01,2001-07-18,2001-08-15,1658
2001-06-01,2001-08-16,2001-09-19,1627
2001-06-01,2001-09-20,2002-05-15,1634
2001-06-01,2002-05-16,2003-05-15,1633
2001-06-01,2003-05-16,9999-12-31,1636
2001-07-01,2001-08-16,2001-09-19,1672
2001-07-01,2001-09-20,2001-10-16,1641
2001-07-01,2001-10-17,2002-05-15,1660
2001-07-01,2002-05-16,2003-05-15,1664
2001-07-01,2003-05-16,9999-12-31,1670
2001-08-01,2001-09-20,2001-10-16,1527
2001-08-01,2001-10-17,2001-11-18,1548
2001-08-01,2001-11-19,2002-05-15,1559
2001-08-01,2002-05-16,2003-05-15,1562
2001-08-01,2003-05-16,9999-12-31,1567
2001-09-01,2001-10-17,2001-11-18,1574
2001-09-01,2001-11-19,2001-12-17,1572
2001-09-01,2001-12-18,2002-05-15,1585
2001-09-01,2002-05-16,2003-05-15,1582
2001-09-01,2003-05-16,9999-12-31,1562
2001-10-01,2001-11-19,2001-12-17,1552
2001-10-01,2001-12-18,2002-01-16,1521
2001-10-01,2002-01-17,2002-05-15,1518
2001-10-01,2002-05-16,2003-05-15,1531
2001-10-01,2003-05-16,9999-12-31,1540
2001-11-01,2001-12-18,2002-01-16,1645
2001-11-01,2002-01-17,2002-02-18,1625
2001-11-01,2002-02-19,2002-05-15,1616
2001-11-01,2002-05-16,2003-05-15,1604
2001-11-01,2003-05-16,9999-12-31,1602
2001-12-01,2002-01-17,2002-02-18,1570
2001-12-01,2002-02-19,2002-03-19,1579
2001-12-01,2002-03-20,2002-05-15,1602
2001-12-01,2002-05-16,2003-05-15,1583
2001-12-01,2003-05-16,9999-12-31,1568
2002-01-01,2002-02-19,2002-03-19,1678
2002-01-01,2002-03-20,2002-04-15,1721
2002-01-01,2002-04-16,2003-05-15,1713
2002-01-01,2003-05-16,2004-05-17,1681
2002-01-01,2004-05-18,9999-12-31,1698
2002-02-01,2002-03-20,2002-04-15,1769
2002-02-01,2002-04-16,2002-05-15,1785
2002-02-01,2002-05-16,2003-05-15,1788
2002-02-01,2003-05-16,2004-05-17,1817
2002-02-01,2004-05-18,9999-12-31,1829
2002-03-01,2002-04-16,2002-05-15,1646
2002-03-01,2002-05-16,2002-06-17,1644
2002-03-01,2002-06-18,2003-05-15,1675
2002-03-01,2003-05-16,2004-05-17,1651
2002-03-01,2004-05-18,9999-12-31,1642
2002-04-01,2002-05-16,2002-06-17,1555
2002-04-01,2002-06-18,2002-07-16,1553
2002-04-01,2002-07-17,2003-05-15,1566
2002-04-01,2003-05-16,2004-05-17,1587
2002-04-01,2004-05-18,9999-12-31,1592
2002-05-01,2002-06-18,2002-07-16,1733
2002-05-01,2002-07-17,2002-08-15,1735
2002-05-01,2002-08-16,2003-05-15,1742
2002-05-01,2003-05-16,2004-05-17,1752
2002-05-01,2004-05-18,9999-12-31,1764
2002-06-01,2002-07-17,2002-08-15,1672
2002-06-01,2002-08-16,2002-09-18,1695
2002-06-01,2002-09-19,2003-05-15,1692
2002-06-01,2003-05-16,2004-05-17,1709
2002-06-01,2004-05-18,9999-12-31,1717
2002-07-01,2002-08-16,2002-09-18,1649
2002-07-01,2002-09-19,2002-10-16,1645
2002-07-01,2002-10-17,2003-05-15,1652
2002-07-01,2003-05-16,2004-05-17,1666
2002-07-01,2004-05-18,9999-12-31,1655
2002-08-01,2002-09-19,2002-10-16,1609
2002-08-01,2002-10-17,2002-11-19,1627
2002-08-01,2002-11-20,2003-05-15,1631
2002-08-01,2003-05-16,2004-05-17,1630
2002-08-01,2004-05-18,9999-12-31,1633
2002-09-01,2002-10-17,2002-11-19,1843
2002-09-01,2002-11-20,2002-12-16,1810
2002-09-01,2002-12-17,2003-05-15,1808
2002-09-01,2003-05-16,2004-05-17,1810
2002-09-01,2004-05-18,9999-12-31,1804
2002-10-01,2002-11-20,2002-12-16,1603
2002-10-01,2002-12-17,2003-01-20,1657
2002-10-01,2003-01-21,2003-05-15,1660
2002-10-01,2003-05-16,2004-05-17,1653
2002-10-01,2004-05-18,9999-12-31,1648
2002-11-01,2002-12-17,2003-01-20,1697
2002-11-01,2003-01-21,2003-02-18,1747
2002-11-01,2003-02-19,2003-05-15,1761
2002-11-01,2003-05-16,2004-05-17,1760
2002-11-01,2004-05-18,9999-12-31,1753
2002-12-01,2003-01-21,2003-02-18,1835
2002-12-01,2003-02-19,2003-03-17,1847
2002-12-01,2003-03-18,2003-05-15,1824
2002-12-01,2003-05-16,2004-05-17,1815
2002-12-01,2004-05-18,9999-12-31,1788
2003-01-01,2003-02-19,2003-03-17,1850
2003-01-01,2003-03-18,2003-04-15,1822
2003-01-01,2003-04-16,2003-05-15,1834
2003-01-01,2003-05-16,2004-05-17,1828
2003-01-01,2004-05-18,2005-05-16,1856
2003-01-01,2005-05-17,9999-12-31,1853
2003-02-01,2003-03-18,2003-04-15,1622
2003-02-01,2003-04-16,2003-05-15,1644
2003-02-01,2003-05-16,2004-05-17,1640
2003-02-01,2004-05-18,2005-05-16,1657
2003-02-01,2005-05-17,9999-12-31,1629
2003-03-01,2003-04-16,2003-05-15,1780
2003-03-01,2003-05-16,2003-06-16,1748
2003-03-01,2003-06-17,2004-05-17,1742
2003-03-01,2004-05-18,2005-05-16,1728
2003-03-01,2005-05-17,9999-12-31,1726
2003-04-01,2003-05-16,2003-06-16,1630
2003-04-01,2003-06-17,2003-07-16,1632
2003-04-01,2003-07-17,2004-05-17,1627
2003-04-01,2004-05-18,2005-05-16,1637
2003-04-01,2005-05-17,9999-12-31,1643
2003-05-01,2003-06-17,2003-07-16,1732
2003-05-01,2003-07-17,2003-08-18,1738
2003-05-01,2003-08-19,2004-05-17,1745
2003-05-01,2004-05-18,2005-05-16,1748
2003-05-01,2005-05-17,9999-12-31,1751
2003-06-01,2003-07-17,2003-08-18,1803
2003-06-01,2003-08-19,2003-09-16,1845
2003-06-01,2003-09-17,2004-05-17,1844
2003-06-01,2004-05-18,2005-05-16,1850
2003-06-01,2005-05-17,9999-12-31,1867
2003-07-01,2003-08-19,2003-09-16,1872
2003-07-01,2003-09-17,2003-10-16,1892
2003-07-01,2003-10-17,2004-05-17,1890
2003-07-01,2004-05-18,2005-05-16,1893
2003-07-01,2005-05-17,9999-12-31,1897
2003-08-01,2003-09-17,2003-10-16,1820
2003-08-01,2003-10-17,2003-11-18,1826
2003-08-01,2003-11-19,2004-05-17,1831
2003-08-01,2004-05-18,2005-05-16,1835
2003-08-01,2005-05-17,9999-12-31,1833
2003-09-01,2003-10-17,2003-11-18,1888
2003-09-01,2003-11-19,2003-12-15,1905
2003-09-01,2003-12-16,2004-05-17,1931
2003-09-01,2004-05-18,2005-05-16,1922
2003-09-01,2005-05-17,9999-12-31,1939
2003-10-01,2003-11-19,2003-12-15,1960
2003-10-01,2003-12-16,2004-01-20,1980
2003-10-01,2004-01-21,2004-05-17,1977
2003-10-01,2004-05-18,2005-05-16,1983
2003-10-01,2005-05-17,9999-12-31,1967
2003-11-01,2003-12-16,2004-01-20,2070
2003-11-01,2004-01-21,2005-05-16,2054
2003-11-01,2005-05-17,9999-12-31,2083
2003-12-01,2004-01-21,2004-02-17,2088
2003-12-01,2004-02-18,2004-03-15,2067
2003-12-01,2004-03-16,2004-05-17,2061
2003-12-01,2004-05-18,2005-05-16,2067
2003-12-01,2005-05-17,9999-12-31,2057
2004-01-01,2004-02-18,2004-03-15,1903
2004-01-01,2004-03-16,2004-04-15,1932
2004-01-01,2004-04-16,2004-05-17,1938
2004-01-01,2004-05-18,2005-05-16,1934
2004-01-01,2005-05-17,2006-05-15,1927
2004-01-01,2006-05-16,9999-12-31,1911
2004-02-01,2004-03-16,2004-04-15,1855
2004-02-01,2004-04-16,2004-05-17,1887
2004-02-01,2004-05-18,2005-05-16,1895
2004-02-01,2005-05-17,2006-05-15,1852
2004-02-01,2006-05-16,9999-12-31,1846
2004-03-01,2004-04-16,2004-05-17,2007
2004-03-01,2004-05-18,2004-06-15,2011
2004-03-01,2004-06-16,2005-05-16,2000
2004-03-01,2005-05-17,2006-05-15,2007
2004-03-01,2006-05-16,9999-12-31,1998
2004-04-01,2004-05-18,2004-06-15,1969
2004-04-01,2004-06-16,2004-07-19,1981
2004-04-01,2004-07-20,2005-05-16,1963
2004-04-01,2005-05-17,2006-05-15,1968
2004-04-01,2006-05-16,9999-12-31,2003
2004-05-01,2004-06-16,2004-07-19,1967
2004-05-01,2004-07-20,2004-08-16,1970
2004-05-01,2004-08-17,2005-05-16,1979
2004-05-01,2005-05-17,2006-05-15,1974
2004-05-01,2006-05-16,9999-12-31,1981
2004-06-01,2004-07-20,2004-08-16,1802
2004-06-01,2004-08-17,2004-09-20,1826
2004-06-01,2004-09-21,2005-05-16,1817
2004-06-01,2005-05-17,2006-05-15,1827
2004-06-01,2006-05-16,9999-12-31,1828
2004-07-01,2004-08-17,2004-09-20,1978
2004-07-01,2004-09-21,2004-10-18,1988
2004-07-01,2004-10-19,2005-05-16,1985
2004-07-01,2005-05-17,2006-05-15,1986
2004-07-01,2006-05-16,9999-12-31,2002
2004-08-01,2004-09-21,2004-10-18,2000
2004-08-01,2004-10-19,2004-11-16,2020
2004-08-01,2004-11-17,2005-05-16,2018
2004-08-01,2005-05-17,2006-05-15,2025
2004-08-01,2006-05-16,9999-12-31,2024
2004-09-01,2004-10-19,2004-11-16,1898
2004-09-01,2004-11-17,2005-05-16,1905
2004-09-01,2005-05-17,2006-05-15,1912
2004-09-01,2006-05-16,9999-12-31,1905
2004-10-01,2004-11-17,2004-12-15,2027
2004-10-01,2004-12-16,2005-01-18,2039
2004-10-01,2005-01-19,2005-05-16,2065
2004-10-01,2005-05-17,2006-05-15,2062
2004-10-01,2006-05-16,9999-12-31,2072
2004-11-01,2004-12-16,2005-01-18,1771
2004-11-01,2005-01-19,2005-02-15,1807
2004-11-01,2005-02-16,2005-05-16,1805
2004-11-01,2005-05-17,2006-05-15,1807
2004-11-01,2006-05-16,9999-12-31,1782
2004-12-01,2005-01-19,2005-02-15,2004
2004-12-01,2005-02-16,2005-03-15,2063
2004-12-01,2005-03-16,2005-05-16,2056
2004-12-01,2005-05-17,2006-05-15,2050
2004-12-01,2006-05-16,9999-12-31,2042
2005-01-01,2005-02-16,2005-03-15,2159
2005-01-01,2005-03-16,2005-04-18,2183
2005-01-01,2005-04-19,2005-05-16,2189
2005-01-01,2005-05-17,2006-05-15,2188
2005-01-01,2006-05-16,2007-05-15,2137
2005-01-01,2007-05-16,9999-12-31,2144
2005-02-01,2005-03-16,2005-04-18,2195
2005-02-01,2005-04-19,2005-05-16,2229
2005-02-01,2005-05-17,2006-05-15,2228
2005-02-01,2006-05-16,2007-05-15,2213
2005-02-01,2007-05-16,9999-12-31,2207
2005-03-01,2005-04-19,2005-05-16,1837
2005-03-01,2005-05-17,2005-06-15,1836
2005-03-01,2005-06-16,2006-05-15,1833
2005-03-01,2006-05-16,2007-05-15,1856
2005-03-01,2007-05-16,9999-12-31,1864
2005-04-01,2005-05-17,2005-06-15,2038
2005-04-01,2005-06-16,2005-07-18,2005
2005-04-01,2005-07-19,2006-05-15,2027
2005-04-01,2006-05-16,2007-05-15,2079
2005-04-01,2007-05-16,9999-12-31,2061
2005-05-01,2005-06-16,2005-07-18,2009
2005-05-01,2005-07-19,2005-08-15,2004
2005-05-01,2005-08-16,2006-05-15,2041
2005-05-01,2006-05-16,2007-05-15,2034
2005-05-01,2007-05-16,9999-12-31,2025
2005-06-01,2005-07-19,2005-08-15,2004
2005-06-01,2005-08-16,2005-09-19,2045
2005-06-01,2005-09-20,2006-05-15,2065
2005-06-01,2006-05-16,2007-05-15,2078
2005-06-01,2007-05-16,9999-12-31,2068
2005-07-01,2005-08-16,2005-09-19,2042
2005-07-01,2005-09-20,2005-10-18,2035
2005-07-01,2005-10-19,2006-05-15,2062
2005-07-01,2006-05-16,2007-05-15,2070
2005-07-01,2007-05-16,9999-12-31,2054
2005-08-01,2005-09-20,2005-10-18,2009
2005-08-01,2005-10-19,2005-11-16,2038
2005-08-01,2005-11-17,2006-05-15,2081
2005-08-01,2006-05-16,2007-05-15,2075
2005-08-01,2007-05-16,9999-12-31,2095
2005-09-01,2005-10-19,2005-11-16,2108
2005-09-01,2005-11-17,2005-12-19,2134
2005-09-01,2005-12-20,2006-05-15,2160
2005-09-01,2006-05-16,2007-05-15,2158
2005-09-01,2007-05-16,9999-12-31,2151
2005-10-01,2005-11-17,2005-12-19,2014
2005-10-01,2005-12-20,2006-01-18,2017
2005-10-01,2006-01-19,2006-05-15,2051
2005-10-01,2006-05-16,2007-05-15,2046
2005-10-01,2007-05-16,9999-12-31,2065
2005-11-01,2005-12-20,2006-01-18,2123
2005-11-01,2006-01-19,2006-02-15,2121
2005-11-01,2006-02-16,2006-05-15,2136
2005-11-01,2006-05-16,2007-05-15,2131
2005-11-01,2007-05-16,9999-12-31,2147
2005-12-01,2006-01-19,2006-02-15,1933
2005-12-01,2006-02-16,2006-03-15,1988
2005-12-01,2006-03-16,2006-05-15,1989
2005-12-01,2006-05-16,2007-05-15,2002
2005-12-01,2007-05-16,9999-12-31,1994
2006-01-01,2006-02-16,2006-03-15,2276
2006-01-01,2006-03-16,2006-04-17,2303
2006-01-01,2006-04-18,2006-05-15,2307
2006-01-01,2006-05-16,2007-05-15,2265
2006-01-01,2007-05-16,2008-05-15,2292
2006-01-01,2008-05-16,9999-12-31,2273
2006-02-01,2006-03-16,2006-04-17,2120
2006-02-01,2006-04-18,2006-05-15,2126
2006-02-01,2006-05-16,2007-05-15,2132
2006-02-01,2007-05-16,2008-05-15,2125
2006-02-01,2008-05-16,9999-12-31,2119
2006-03-01,2006-04-18,2006-05-15,1960
2006-03-01,2006-05-16,2006-06-19,1996
2006-03-01,2006-06-20,2007-05-15,1972
2006-03-01,2007-05-16,2008-05-15,1965
2006-03-01,2008-05-16,9999-12-31,1969
2006-04-01,2006-05-16,2006-06-19,1849
2006-04-01,2006-06-20,2006-07-18,1863
2006-04-01,2006-07-19,2007-05-15,1832
2006-04-01,2007-05-16,9999-12-31,1821
2006-05-01,2006-06-20,2006-07-18,1957
2006-05-01,2006-07-19,2007-05-15,1953
2006-05-01,2007-05-16,2008-05-15,1944
2006-05-01,2008-05-16,9999-12-31,1942
2006-06-01,2006-07-19,2006-08-15,1850
2006-06-01,2006-08-16,2006-09-18,1841
2006-06-01,2006-09-19,2007-05-15,1833
2006-06-01,2007-05-16,2008-05-15,1819
2006-06-01,2008-05-16,9999-12-31,1802
2006-07-01,2006-08-16,2006-09-18,1795
2006-07-01,2006-09-19,2006-10-17,1772
2006-07-01,2006-10-18,2007-05-15,1760
2006-07-01,2007-05-16,2008-05-15,1746
2006-07-01,2008-05-16,9999-12-31,1737
2006-08-01,2006-09-19,2006-10-17,1665
2006-08-01,2006-10-18,2006-11-16,1674
2006-08-01,2006-11-17,2007-05-15,1659
2006-08-01,2007-05-16,2008-05-15,1646
2006-08-01,2008-05-16,9999-12-31,1650
2006-09-01,2006-10-18,2006-11-16,1772
2006-09-01,2006-11-17,2006-12-18,1740
2006-09-01,2006-12-19,2007-05-15,1724
2006-09-01,2007-05-16,2008-05-15,1721
2006-09-01,2008-05-16,9999-12-31,1720
2006-10-01,2006-11-17,2006-12-18,1486
2006-10-01,2006-12-19,2007-01-17,1488
2006-10-01,2007-01-18,2007-05-15,1478
2006-10-01,2007-05-16,2008-05-15,1470
2006-10-01,2008-05-16,9999-12-31,1491
2006-11-01,2006-12-19,2007-01-17,1588
2006-11-01,2007-01-18,2007-02-15,1572
2006-11-01,2007-02-16,2008-05-15,1565
2006-11-01,2008-05-16,9999-12-31,1570
2006-12-01,2007-01-18,2007-02-15,1642
2006-12-01,2007-02-16,2007-03-19,1643
2006-12-01,2007-03-20,2007-05-15,1633
2006-12-01,2007-05-16,2008-05-15,1629
2006-12-01,2008-05-16,9999-12-31,1649
2007-01-01,2007-02-16,2007-03-19,1408
2007-01-01,2007-03-20,2007-05-15,1399
2007-01-01,2007-05-16,2008-05-15,1403
2007-01-01,2008-05-16,2009-05-18,1382
2007-01-01,2009-05-19,9999-12-31,1409
2007-02-01,2007-03-20,2007-04-16,1525
2007-02-01,2007-04-17,2007-05-15,1506
2007-02-01,2007-05-16,2008-05-15,1487
2007-02-01,2008-05-16,2009-05-18,1486
2007-02-01,2009-05-19,9999-12-31,1480
2007-03-01,2007-04-17,2007-05-15,1518
2007-03-01,2007-05-16,2008-05-15,1491
2007-03-01,2008-05-16,2009-05-18,1492
2007-03-01,2009-05-19,9999-12-31,1495
2007-04-01,2007-05-16,2007-06-18,1528
2007-04-01,2007-06-19,2007-07-17,1506
2007-04-01,2007-07-18,2008-05-15,1485
2007-04-01,2008-05-16,2009-05-18,1487
2007-04-01,2009-05-19,9999-12-31,1490
2007-05-01,2007-06-19,2007-07-17,1474
2007-05-01,2007-07-18,2007-08-15,1434
2007-05-01,2007-08-16,2008-05-15,1440
2007-05-01,2008-05-16,2009-05-18,1436
2007-05-01,2009-05-19,9999-12-31,1415
2007-06-01,2007-07-18,2007-08-15,1467
2007-06-01,2007-08-16,2007-09-18,1470
2007-06-01,2007-09-19,2008-05-15,1468
2007-06-01,2008-05-16,2009-05-18,1458
2007-06-01,2009-05-19,9999-12-31,1448
2007-07-01,2007-08-16,2007-09-18,1381
2007-07-01,2007-09-19,2007-10-16,1367
2007-07-01,2007-10-17,2009-05-18,1371
2007-07-01,2009-05-19,9999-12-31,1354
2007-08-01,2007-09-19,2007-10-16,1331
2007-08-01,2007-10-17,2007-11-19,1327
2007-08-01,2007-11-20,2008-05-15,1347
2007-08-01,2008-05-16,2009-05-18,1337
2007-08-01,2009-05-19,9999-12-31,1330
2007-09-01,2007-10-17,2007-11-19,1191
2007-09-01,2007-11-20,2007-12-17,1193
2007-09-01,2007-12-18,2008-05-15,1182
2007-09-01,2008-05-16,2009-05-18,1185
2007-09-01,2009-05-19,9999-12-31,1183
2007-10-01,2007-11-20,2007-12-17,1229
2007-10-01,2007-12-18,2008-01-16,1232
2007-10-01,2008-01-17,2008-05-15,1274
2007-10-01,2008-05-16,2009-05-18,1275
2007-10-01,2009-05-19,9999-12-31,1264
2007-11-01,2007-12-18,2008-01-16,1187
2007-11-01,2008-01-17,2008-02-19,1173
2007-11-01,2008-02-20,2008-05-15,1178
2007-11-01,2008-05-16,2009-05-18,1179
2007-11-01,2009-05-19,9999-12-31,1197
2007-12-01,2008-01-17,2008-02-19,1006
2007-12-01,2008-02-20,2008-03-17,1004
2007-12-01,2008-03-18,2009-05-18,1000
2007-12-01,2009-05-19,9999-12-31,1037
2008-01-01,2008-02-20,2008-03-17,1012
2008-01-01,2008-03-18,2008-04-15,1071
2008-01-01,2008-04-16,2008-05-15,1083
2008-01-01,2008-05-16,2009-05-18,1064
2008-01-01,2009-05-19,2010-05-17,1083
2008-01-01,2010-05-18,9999-12-31,1084
2008-02-01,2008-03-18,2008-04-15,1065
2008-02-01,2008-04-16,2008-05-15,1075
2008-02-01,2008-05-16,2009-05-18,1107
2008-02-01,2009-05-19,2010-05-17,1100
2008-02-01,2010-05-18,9999-12-31,1103
2008-03-01,2008-04-16,2008-05-15,947
2008-03-01,2008-05-16,2008-06-16,954
2008-03-01,2008-06-17,2009-05-18,988
2008-03-01,2009-05-19,2010-05-17,993
2008-03-01,2010-05-18,9999-12-31,1005
2008-04-01,2008-05-16,2008-06-16,1032
2008-04-01,2008-06-17,2008-07-16,1008
2008-04-01,2008-07-17,2009-05-18,1004
2008-04-01,2009-05-19,2010-05-17,1001
2008-04-01,2010-05-18,9999-12-31,1013
2008-05-01,2008-06-17,2008-07-16,975
2008-05-01,2008-07-17,2008-08-18,977
2008-05-01,2008-08-19,2009-05-18,982
2008-05-01,2009-05-19,2010-05-17,971
2008-05-01,2010-05-18,9999-12-31,973
2008-06-01,2008-07-17,2008-08-18,1066
2008-06-01,2008-08-19,2008-09-16,1084
2008-06-01,2008-09-17,2009-05-18,1089
2008-06-01,2009-05-19,2010-05-17,1078
2008-06-01,2010-05-18,9999-12-31,1046
2008-07-01,2008-08-19,2008-09-16,965
2008-07-01,2008-09-17,2008-10-16,954
2008-07-01,2008-10-17,2009-05-18,949
2008-07-01,2009-05-19,2010-05-17,933
2008-07-01,2010-05-18,9999-12-31,923
2008-08-01,2008-09-17,2008-10-16,895
2008-08-01,2008-10-17,2008-11-18,872
2008-08-01,2008-11-19,2009-05-18,854
2008-08-01,2009-05-19,2010-05-17,849
2008-08-01,2010-05-18,9999-12-31,844
2008-09-01,2008-10-17,2008-11-18,817
2008-09-01,2008-11-19,2008-12-15,828
2008-09-01,2008-12-16,2009-05-18,824
2008-09-01,2009-05-19,2010-05-17,822
2008-09-01,2010-05-18,9999-12-31,820
2008-10-01,2008-11-19,2008-12-15,791
2008-10-01,2008-12-16,2009-01-21,771
2008-10-01,2009-01-22,2009-05-18,767
2008-10-01,2009-05-19,2010-05-17,763
2008-10-01,2010-05-18,9999-12-31,777
2008-11-01,2008-12-16,2009-01-21,625
2008-11-01,2009-01-22,2009-02-17,651
2008-11-01,2009-02-18,2010-05-17,655
2008-11-01,2010-05-18,9999-12-31,652
2008-12-01,2009-01-22,2009-02-17,550
2008-12-01,2009-02-18,2009-03-16,560
2008-12-01,2009-03-17,2009-05-18,558
2008-12-01,2009-05-19,2010-05-17,556
2008-12-01,2010-05-18,9999-12-31,560
2009-01-01,2009-02-18,2009-03-16,466
2009-01-01,2009-03-17,2009-04-15,477
2009-01-01,2009-04-16,2011-05-16,488
2009-01-01,2011-05-17,9999-12-31,490
2009-02-01,2009-03-17,2009-04-15,583
2009-02-01,2009-04-16,2009-05-18,572
2009-02-01,2009-05-19,2010-05-17,574
2009-02-01,2010-05-18,2011-05-16,581
2009-02-01,2011-05-17,9999-12-31,582
2009-03-01,2009-04-16,2009-05-18,510
2009-03-01,2009-05-19,2009-06-15,525
2009-03-01,2009-06-16,2010-05-17,521
2009-03-01,2010-05-18,2011-05-16,520
2009-03-01,2011-05-17,9999-12-31,505
2009-04-01,2009-05-19,2009-06-15,458
2009-04-01,2009-06-16,2009-07-16,454
2009-04-01,2009-07-17,2010-05-17,479
2009-04-01,2010-05-18,2011-05-16,477
2009-04-01,2011-05-17,9999-12-31,478
2009-05-01,2009-06-16,2009-07-16,532
2009-05-01,2009-07-17,2009-08-17,562
2009-05-01,2009-08-18,2010-05-17,551
2009-05-01,2010-05-18,2011-05-16,550
2009-05-01,2011-05-17,9999-12-31,540
2009-06-01,2009-07-17,2009-08-17,582
2009-06-01,2009-08-18,2009-09-16,587
2009-06-01,2009-09-17,2010-05-17,590
2009-06-01,2010-05-18,2011-05-16,583
2009-06-01,2011-05-17,9999-12-31,585
2009-07-01,2009-08-18,2009-09-16,581
2009-07-01,2009-09-17,2009-10-19,589
2009-07-01,2009-10-20,2010-05-17,593
2009-07-01,2010-05-18,2011-05-16,587
2009-07-01,2011-05-17,9999-12-31,594
2009-08-01,2009-09-17,2009-10-19,598
2009-08-01,2009-10-20,2009-11-17,587
2009-08-01,2009-11-18,2010-05-17,581
2009-08-01,2010-05-18,2011-05-16,585
2009-08-01,2011-05-17,9999-12-31,586
2009-09-01,2009-10-20,2009-11-17,590
2009-09-01,2009-11-18,2009-12-15,592
2009-09-01,2009-12-16,2011-05-16,586
2009-09-01,2011-05-17,9999-12-31,585
2009-10-01,2009-11-18,2009-12-15,529
2009-10-01,2009-12-16,2010-01-19,527
2009-10-01,2010-01-20,2010-05-17,524
2009-10-01,2010-05-18,2011-05-16,529
2009-10-01,2011-05-17,9999-12-31,534
2009-11-01,2009-12-16,2010-01-19,574
2009-11-01,2010-01-20,2010-02-16,580
2009-11-01,2010-02-17,2010-05-17,579
2009-11-01,2010-05-18,2011-05-16,589
2009-11-01,2011-05-17,9999-12-31,588
2009-12-01,2010-01-20,2010-02-16,557
2009-12-01,2010-02-17,2010-03-15,575
2009-12-01,2010-03-16,2010-05-17,573
2009-12-01,2010-05-18,2011-05-16,576
2009-12-01,2011-05-17,9999-12-31,581
2010-01-01,2010-02-17,2010-03-15,591
2010-01-01,2010-03-16,2010-04-15,611
2010-01-01,2010-04-16,2010-05-17,609
2010-01-01,2010-05-18,2011-05-16,612
2010-01-01,2011-05-17,2012-05-15,615
2010-01-01,2012-05-16,9999-12-31,614
2010-02-01,2010-03-16,2010-04-15,575
2010-02-01,2010-04-16,2010-05-17,616
2010-02-01,2010-05-18,2011-05-16,605
2010-02-01,2011-05-17,2012-05-15,603
2010-02-01,2012-05-16,9999-12-31,604
2010-03-01,2010-04-16,2010-05-17,626
2010-03-01,2010-05-18,2010-06-15,635
2010-03-01,2010-06-16,2011-05-16,634
2010-03-01,2011-05-17,2012-05-15,626
2010-03-01,2012-05-16,9999-12-31,636
2010-04-01,2010-05-18,2010-06-15,672
2010-04-01,2010-06-16,2010-07-19,659
2010-04-01,2010-07-20,2011-05-16,679
2010-04-01,2011-05-17,9999-12-31,687
2010-05-01,2010-06-16,2010-07-19,593
2010-05-01,2010-07-20,2010-08-16,578
2010-05-01,2010-08-17,2011-05-16,588
2010-05-01,2011-05-17,2012-05-15,580
2010-05-01,2012-05-16,9999-12-31,583
2010-06-01,2010-07-20,2010-08-16,549
2010-06-01,2010-08-17,2010-09-20,537
2010-06-01,2010-09-21,2012-05-15,539
2010-06-01,2012-05-16,9999-12-31,536
2010-07-01,2010-08-17,2010-09-20,546
2010-07-01,2010-09-21,2010-10-18,541
2010-07-01,2010-10-19,2012-05-15,550
2010-07-01,2012-05-16,9999-12-31,546
2010-08-01,2010-09-21,2010-10-18,598
2010-08-01,2010-10-19,2010-11-16,608
2010-08-01,2010-11-17,2011-05-16,614
2010-08-01,2011-05-17,2012-05-15,606
2010-08-01,2012-05-16,9999-12-31,599
2010-09-01,2010-10-19,2010-11-16,610
2010-09-01,2010-11-17,2010-12-15,588
2010-09-01,2010-12-16,2011-05-16,601
2010-09-01,2011-05-17,2012-05-15,597
2010-09-01,2012-05-16,9999-12-31,594
2010-10-01,2010-11-17,2010-12-15,519
2010-10-01,2010-12-16,2011-01-18,534
2010-10-01,2011-01-19,2011-05-16,533
2010-10-01,2011-05-17,2012-05-15,539
2010-10-01,2012-05-16,9999-12-31,543
2010-11-01,2010-12-16,2011-01-18,555
2010-11-01,2011-01-19,2011-02-15,553
2010-11-01,2011-02-16,2011-05-16,548
2010-11-01,2011-05-17,2012-05-15,551
2010-11-01,2012-05-16,9999-12-31,545
2010-12-01,2011-01-19,2011-02-15,529
2010-12-01,2011-02-16,2011-03-15,520
2010-12-01,2011-03-16,2011-05-16,522
2010-12-01,2011-05-17,2012-05-15,526
2010-12-01,2012-05-16,9999-12-31,539
2011-01-01,2011-02-16,2011-03-15,596
2011-01-01,2011-03-16,2011-04-18,618
2011-01-01,2011-04-19,2011-05-16,628
2011-01-01,2011-05-17,2012-05-15,636
2011-01-01,2012-05-16,2013-05-15,632
2011-01-01,2013-05-16,9999-12-31,630
2011-02-01,2011-03-16,2011-04-18,479
2011-02-01,2011-04-19,2011-05-16,512
2011-02-01,2011-05-17,2013-05-15,518
2011-02-01,2013-05-16,9999-12-31,517
2011-03-01,2011-04-19,2011-05-16,549
2011-03-01,2011-05-17,2011-06-15,585
2011-03-01,2011-06-16,2012-05-15,593
2011-03-01,2012-05-16,9999-12-31,600
2011-04-01,2011-05-17,2011-06-15,523
2011-04-01,2011-06-16,2011-07-18,541
2011-04-01,2011-07-19,2012-05-15,549
2011-04-01,2012-05-16,2013-05-15,552
2011-04-01,2013-05-16,9999-12-31,554
2011-05-01,2011-06-16,2011-07-18,560
2011-05-01,2011-07-19,2011-08-15,549
2011-05-01,2011-08-16,2012-05-15,553
2011-05-01,2012-05-16,2013-05-15,551
2011-05-01,2013-05-16,9999-12-31,561
2011-06-01,2011-07-19,2011-08-15,629
2011-06-01,2011-08-16,2011-09-19,613
2011-06-01,2011-09-20,2013-05-15,615
2011-06-01,2013-05-16,9999-12-31,608
2011-07-01,2011-08-16,2011-09-19,604
2011-07-01,2011-09-20,2011-10-18,601
2011-07-01,2011-10-19,2012-05-15,615
2011-07-01,2012-05-16,2013-05-15,614
2011-07-01,2013-05-16,9999-12-31,623
2011-08-01,2011-09-20,2011-10-18,571
2011-08-01,2011-10-19,2011-11-16,572
2011-08-01,2011-11-17,2012-05-15,585
2011-08-01,2012-05-16,2013-05-15,581
2011-08-01,2013-05-16,9999-12-31,585
2011-09-01,2011-10-19,2011-11-16,658
2011-09-01,2011-11-17,2011-12-19,630
2011-09-01,2011-12-20,2012-05-15,646
2011-09-01,2012-05-16,2013-05-15,647
2011-09-01,2013-05-16,9999-12-31,650
2011-10-01,2011-11-17,2011-12-19,628
2011-10-01,2011-12-20,2012-01-18,627
2011-10-01,2012-01-19,2012-05-15,628
2011-10-01,2012-05-16,2013-05-15,630
2011-10-01,2013-05-16,9999-12-31,610
2011-11-01,2011-12-20,2012-02-15,685
2011-11-01,2012-02-16,2012-05-15,702
2011-11-01,2012-05-16,2013-05-15,708
2011-11-01,2013-05-16,9999-12-31,711
2011-12-01,2012-01-19,2012-02-15,657
2011-12-01,2012-02-16,2012-03-19,689
2011-12-01,2012-03-20,2012-05-15,681
2011-12-01,2012-05-16,2013-05-15,697
2011-12-01,2013-05-16,9999-12-31,694
2012-01-01,2012-02-16,2012-03-19,699
2012-01-01,2012-03-20,2012-04-16,706
2012-01-01,2012-04-17,2012-05-15,714
2012-01-01,2012-05-16,2013-05-15,720
2012-01-01,2013-05-16,9999-12-31,723
2012-02-01,2012-03-20,2012-04-16,698
2012-02-01,2012-04-17,2012-05-15,694
2012-02-01,2012-05-16,2013-05-15,718
2012-02-01,2013-05-16,2014-05-15,713
2012-02-01,2014-05-16,9999-12-31,704
2012-03-01,2012-04-17,2012-05-15,654
2012-03-01,2012-05-16,2012-06-18,699
2012-03-01,2012-06-19,2013-05-15,706
2012-03-01,2013-05-16,2014-05-15,707
2012-03-01,2014-05-16,9999-12-31,695
2012-04-01,2012-05-16,2012-06-18,717
2012-04-01,2012-06-19,2012-07-17,744
2012-04-01,2012-07-18,2013-05-15,747
2012-04-01,2013-05-16,2014-05-15,754
2012-04-01,2014-05-16,9999-12-31,753
2012-05-01,2012-06-19,2012-07-17,708
2012-05-01,2012-07-18,2012-08-15,711
2012-05-01,2012-08-16,2013-05-15,706
2012-05-01,2013-05-16,2014-05-15,711
2012-05-01,2014-05-16,9999-12-31,708
2012-06-01,2012-07-18,2012-08-15,760
2012-06-01,2012-08-16,2013-05-15,754
2012-06-01,2013-05-16,9999-12-31,757
2012-07-01,2012-08-16,2012-09-18,746
2012-07-01,2012-09-19,2012-10-16,733
2012-07-01,2012-10-17,2013-05-15,728
2012-07-01,2013-05-16,2014-05-15,741
2012-07-01,2014-05-16,9999-12-31,740
2012-08-01,2012-09-19,2012-10-16,750
2012-08-01,2012-10-17,2012-11-19,758
2012-08-01,2012-11-20,2013-05-15,750
2012-08-01,2013-05-16,2014-05-15,749
2012-08-01,2014-05-16,9999-12-31,754
2012-09-01,2012-10-17,2012-11-19,872
2012-09-01,2012-11-20,2012-12-18,863
2012-09-01,2012-12-19,2013-05-15,843
2012-09-01,2013-05-16,2014-05-15,854
2012-09-01,2014-05-16,9999-12-31,847
2012-10-01,2012-11-20,2012-12-18,894
2012-10-01,2012-12-19,2013-01-16,888
2012-10-01,2013-01-17,2013-05-15,889
2012-10-01,2013-05-16,2014-05-15,864
2012-10-01,2014-05-16,9999-12-31,915
2012-11-01,2012-12-19,2013-01-16,861
2012-11-01,2013-01-17,2013-02-19,851
2012-11-01,2013-02-20,2013-05-15,841
2012-11-01,2013-05-16,2014-05-15,842
2012-11-01,2014-05-16,9999-12-31,833
2012-12-01,2013-01-17,2013-02-19,954
2012-12-01,2013-02-20,2013-03-18,973
2012-12-01,2013-03-19,2013-05-15,982
2012-12-01,2013-05-16,2014-05-15,983
2012-12-01,2014-05-16,9999-12-31,976
2013-01-01,2013-02-20,2013-03-18,890
2013-01-01,2013-03-19,2013-04-15,910
2013-01-01,2013-04-16,2013-05-15,902
2013-01-01,2013-05-16,2014-05-15,898
2013-01-01,2014-05-16,2015-05-18,896
2013-01-01,2015-05-19,9999-12-31,888
2013-02-01,2013-03-19,2013-04-15,917
2013-02-01,2013-04-16,2013-05-15,968
2013-02-01,2013-05-16,2014-05-15,969
2013-02-01,2014-05-16,2015-05-18,951
2013-02-01,2015-05-19,2018-05-15,970
2013-02-01,2018-05-16,9999-12-31,962.0
2013-03-01,2013-04-16,2013-05-15,1036
2013-03-01,2013-05-16,2013-06-17,1021
2013-03-01,2013-06-18,2014-05-15,1005
2013-03-01,2014-05-16,2015-05-18,994
2013-03-01,2015-05-19,2018-05-15,999
2013-03-01,2018-05-16,9999-12-31,1010.0
2013-04-01,2013-05-16,2013-06-17,853
2013-04-01,2013-06-18,2013-07-16,856
2013-04-01,2013-07-17,2014-05-15,852
2013-04-01,2014-05-16,2015-05-18,848
2013-04-01,2015-05-19,2018-05-15,826
2013-04-01,2018-05-16,9999-12-31,835.0
2013-05-01,2013-06-18,2013-07-16,914
2013-05-01,2013-07-17,2013-08-15,928
2013-05-01,2013-08-16,2014-05-15,919
2013-05-01,2014-05-16,2015-05-18,915
2013-05-01,2015-05-19,2018-05-15,920
2013-05-01,2018-05-16,9999-12-31,930.0
2013-06-01,2013-07-17,2013-08-15,836
2013-06-01,2013-08-16,2013-09-17,846
2013-06-01,2013-09-18,2014-05-15,835
2013-06-01,2014-05-16,2015-05-18,831
2013-06-01,2015-05-19,2018-05-15,852
2013-06-01,2018-05-16,9999-12-31,839.0
2013-07-01,2013-08-16,2013-09-17,896
2013-07-01,2013-09-18,2013-11-25,883
2013-07-01,2013-11-26,2014-05-15,891
2013-07-01,2014-05-16,2015-05-18,898
2013-07-01,2015-05-19,2018-05-15,891
2013-07-01,2018-05-16,9999-12-31,880.0
2013-08-01,2013-09-18,2013-11-25,891
2013-08-01,2013-11-26,2014-05-15,883
2013-08-01,2014-05-16,2015-05-18,885
2013-08-01,2015-05-19,2018-05-15,898
2013-08-01,2018-05-16,9999-12-31,917.0
2013-09-01,2013-12-18,2014-05-15,873
2013-09-01,2014-05-16,2015-05-18,863
2013-09-01,2015-05-19,2018-05-15,860
2013-09-01,2018-05-16,9999-12-31,850.0
2013-10-01,2013-12-18,2014-01-16,889
2013-10-01,2014-01-17,2014-05-15,899
2013-10-01,2014-05-16,2015-05-18,936
2013-10-01,2015-05-19,2018-05-15,921
2013-10-01,2018-05-16,9999-12-31,925.0
2013-11-01,2013-12-18,2014-01-16,1091
2013-11-01,2014-01-17,2014-02-18,1107
2013-11-01,2014-02-19,2014-05-15,1101
2013-11-01,2014-05-16,2015-05-18,1105
2013-11-01,2015-05-19,2018-05-15,1104
2013-11-01,2018-05-16,9999-12-31,1100.0
2013-12-01,2014-01-17,2014-02-18,999
2013-12-01,2014-02-19,2014-03-17,1048
2013-12-01,2014-03-18,2014-05-15,1024
2013-12-01,2014-05-16,2015-05-18,1034
2013-12-01,2015-05-19,2018-05-15,1010
2013-12-01,2018-05-16,9999-12-31,1002.0
2014-01-01,2014-02-19,2014-03-17,880
2014-01-01,2014-03-18,2014-04-15,909
2014-01-01,2014-04-16,2014-05-15,903
2014-01-01,2014-05-16,2015-05-18,897
2014-01-01,2015-05-19,2016-05-16,888
2014-01-01,2016-05-17,2018-05-15,902
2014-01-01,2018-05-16,2019-05-15,890.0
2014-01-01,2019-05-16,9999-12-31,888.0
2014-02-01,2014-03-18,2014-04-15,907
2014-02-01,2014-04-16,2014-05-15,920
2014-02-01,2014-05-16,2015-05-18,928
2014-02-01,2015-05-19,2016-05-16,951
2014-02-01,2016-05-17,2018-05-15,948
2014-02-01,2018-05-16,2019-05-15,941.0
2014-02-01,2019-05-16,9999-12-31,944.0
2014-03-01,2014-04-16,2014-05-15,946
2014-03-01,2014-05-16,2014-06-16,947
2014-03-01,2014-06-17,2015-05-18,950
2014-03-01,2015-05-19,2016-05-16,963
2014-03-01,2016-05-17,2018-05-15,973
2014-03-01,2018-05-16,9999-12-31,970.0
2014-04-01,2014-05-16,2014-06-16,1072
2014-04-01,2014-06-17,2014-07-16,1071
2014-04-01,2014-07-17,2015-05-18,1063
2014-04-01,2015-05-19,2016-05-16,1039
2014-04-01,2016-05-17,2018-05-15,1038
2014-04-01,2018-05-16,2019-05-15,1049.0
2014-04-01,2019-05-16,9999-12-31,1043.0
2014-05-01,2014-06-17,2014-07-16,1001
2014-05-01,2014-07-17,2014-08-18,985
2014-05-01,2014-08-19,2015-05-18,984
2014-05-01,2015-05-19,2016-05-16,986
2014-05-01,2016-05-17,2018-05-15,987
2014-05-01,2018-05-16,2019-05-15,1008.0
2014-05-01,2019-05-16,9999-12-31,1007.0
2014-06-01,2014-07-17,2014-08-18,893
2014-06-01,2014-08-19,2014-09-17,945
2014-06-01,2014-09-18,2015-05-18,909
2014-06-01,2015-05-19,2016-05-16,927
2014-06-01,2016-05-17,2018-05-15,928
2014-06-01,2018-05-16,2019-05-15,903.0
2014-06-01,2019-05-16,9999-12-31,911.0
2014-07-01,2014-08-19,2014-09-17,1093
2014-07-01,2014-09-18,2014-10-16,1117
2014-07-01,2014-10-17,2015-05-18,1098
2014-07-01,2015-05-19,2016-05-16,1095
2014-07-01,2016-05-17,2018-05-15,1085
2014-07-01,2018-05-16,2019-05-15,1082.0
2014-07-01,2019-05-16,9999-12-31,1085.0
2014-08-01,2014-09-18,2014-10-16,956
2014-08-01,2014-10-17,2014-11-18,957
2014-08-01,2014-11-19,2015-05-18,963
2014-08-01,2015-05-19,2016-05-16,966
2014-08-01,2016-05-17,2018-05-15,984
2014-08-01,2018-05-16,2019-05-15,983.0
2014-08-01,2019-05-16,9999-12-31,984.0
2014-09-01,2014-10-17,2014-11-18,1017
2014-09-01,2014-11-19,2014-12-15,1038
2014-09-01,2014-12-16,2015-05-18,1028
2014-09-01,2015-05-19,2016-05-16,1026
2014-09-01,2016-05-17,2018-05-15,999
2014-09-01,2018-05-16,2019-05-15,1020.0
2014-09-01,2019-05-16,9999-12-31,1023.0
2014-10-01,2014-11-19,2014-12-15,1009
2014-10-01,2014-12-16,2015-01-20,1045
2014-10-01,2015-01-21,2015-05-18,1092
2014-10-01,2015-05-19,2016-05-16,1079
2014-10-01,2016-05-17,2018-05-15,1094
2014-10-01,2018-05-16,2019-05-15,1077.0
2014-10-01,2019-05-16,9999-12-31,1074.0
2014-11-01,2014-12-16,2015-01-20,1028
2014-11-01,2015-01-21,2015-02-17,1043
2014-11-01,2015-02-18,2015-05-18,1015
2014-11-01,2015-05-19,2016-05-16,1007
2014-11-01,2016-05-17,2018-05-15,994
2014-11-01,2018-05-16,9999-12-31,1001.0
2014-12-01,2015-01-21,2015-02-17,1089
2014-12-01,2015-02-18,2015-03-16,1087
2014-12-01,2015-03-17,2015-05-18,1081
2014-12-01,2015-05-19,2016-05-16,1080
2014-12-01,2016-05-17,2018-05-15,1081
2014-12-01,2018-05-16,2019-05-15,1068.0
2014-12-01,2019-05-16,9999-12-31,1073.0
2015-01-01,2015-02-18,2015-03-16,1065
2015-01-01,2015-03-17,2015-04-15,1081
2015-01-01,2015-04-16,2015-05-18,1072
2015-01-01,2015-05-19,2016-05-16,1080
2015-01-01,2016-05-17,2018-05-15,1101
2015-01-01,2018-05-16,2019-05-15,1094.0
2015-01-01,2019-05-16,2020-05-18,1092.0
2015-01-01,2020-05-19,9999-12-31,1085.0
2015-02-01,2015-03-17,2015-04-15,897
2015-02-01,2015-04-16,2015-05-18,908
2015-02-01,2015-05-19,2016-05-16,900
2015-02-01,2016-05-17,2017-05-15,893
2015-02-01,2017-05-16,2018-05-15,887
2015-02-01,2018-05-16,2020-05-18,888.0
2015-02-01,2020-05-19,9999-12-31,886.0
2015-03-01,2015-04-16,2015-05-18,926
2015-03-01,2015-05-19,2015-06-15,944
2015-03-01,2015-06-16,2016-05-16,954
2015-03-01,2016-05-17,2017-05-15,964
2015-03-01,2017-05-16,2018-05-15,974
2015-03-01,2018-05-16,2019-05-15,963.0
2015-03-01,2019-05-16,2020-05-18,962.0
2015-03-01,2020-05-19,9999-12-31,960.0
2015-04-01,2015-05-19,2015-06-15,1135
2015-04-01,2015-06-16,2015-07-16,1165
2015-04-01,2015-07-17,2016-05-16,1190
2015-04-01,2016-05-17,2017-05-15,1192
2015-04-01,2017-05-16,2018-05-15,1200
2015-04-01,2018-05-16,2019-05-15,1203.0
2015-04-01,2019-05-16,2020-05-18,1191.0
2015-04-01,2020-05-19,9999-12-31,1190.0
2015-05-01,2015-06-16,2015-07-16,1036
2015-05-01,2015-07-17,2015-08-17,1069
2015-05-01,2015-08-18,2016-05-16,1072
2015-05-01,2016-05-17,2017-05-15,1063
2015-05-01,2017-05-16,2018-05-15,1066
2015-05-01,2018-05-16,2019-05-15,1079.0
2015-05-01,2019-05-16,2020-05-18,1081.0
2015-05-01,2020-05-19,9999-12-31,1079.0
2015-06-01,2015-07-17,2015-08-17,1174
2015-06-01,2015-08-18,2015-09-16,1204
2015-06-01,2015-09-17,2016-05-16,1211
2015-06-01,2016-05-17,2017-05-15,1213
2015-06-01,2017-05-16,2018-05-15,1201
2015-06-01,2018-05-16,2019-05-15,1185.0
2015-06-01,2019-05-16,2020-05-18,1199.0
2015-06-01,2020-05-19,9999-12-31,1205.0
2015-07-01,2015-08-18,2015-09-16,1206
2015-07-01,2015-09-17,2015-10-19,1161
2015-07-01,2015-10-20,2016-05-16,1152
2015-07-01,2016-05-17,2017-05-15,1147
2015-07-01,2017-05-16,2018-05-15,1140
2015-07-01,2018-05-16,2019-05-15,1133.0
2015-07-01,2019-05-16,2020-05-18,1138.0
2015-07-01,2020-05-19,9999-12-31,1146.0
2015-08-01,2015-09-17,2015-10-19,1126
2015-08-01,2015-10-20,2015-11-17,1132
2015-08-01,2015-11-18,2016-05-16,1116
2015-08-01,2016-05-17,2017-05-15,1132
2015-08-01,2017-05-16,2019-05-15,1134
2015-08-01,2019-05-16,2020-05-18,1132.0
2015-08-01,2020-05-19,9999-12-31,1130.0
2015-09-01,2015-10-20,2015-11-17,1206
2015-09-01,2015-11-18,2015-12-15,1191
2015-09-01,2015-12-16,2016-05-16,1207
2015-09-01,2016-05-17,2017-05-15,1189
2015-09-01,2017-05-16,2018-05-15,1209
2015-09-01,2018-05-16,2019-05-15,1212.0
2015-09-01,2019-05-16,2020-05-18,1215.0
2015-09-01,2020-05-19,9999-12-31,1224.0
2015-10-01,2015-11-18,2015-12-15,1060
2015-10-01,2015-12-16,2016-01-19,1062
2015-10-01,2016-01-20,2016-05-16,1071
2015-10-01,2016-05-17,2017-05-15,1073
2015-10-01,2017-05-16,2018-05-15,1059
2015-10-01,2018-05-16,2019-05-15,1064.0
2015-10-01,2019-05-16,2020-05-18,1062.0
2015-10-01,2020-05-19,9999-12-31,1058.0
2015-11-01,2015-12-16,2016-01-19,1173
2015-11-01,2016-01-20,2016-02-16,1179
2015-11-01,2016-02-17,2016-05-16,1176
2015-11-01,2016-05-17,2017-05-15,1171
2015-11-01,2017-05-16,2018-05-15,1176
2015-11-01,2018-05-16,2019-05-15,1171.0
2015-11-01,2019-05-16,2020-05-18,1169.0
2015-11-01,2020-05-19,9999-12-31,1172.0
2015-12-01,2016-01-20,2016-02-16,1149
2015-12-01,2016-02-17,2016-03-15,1143
2015-12-01,2016-03-16,2016-05-16,1159
2015-12-01,2016-05-17,2017-05-15,1160
2015-12-01,2017-05-16,2018-05-15,1138
2015-12-01,2018-05-16,2019-05-15,1155.0
2015-12-01,2019-05-16,2020-05-18,1157.0
2015-12-01,2020-05-19,9999-12-31,1146.0
2016-01-01,2016-02-17,2016-03-15,1099
2016-01-01,2016-03-16,2016-04-18,1120
2016-01-01,2016-04-19,2016-05-16,1117
2016-01-01,2016-05-17,2017-05-15,1128
2016-01-01,2017-05-16,2018-05-15,1123
2016-01-01,2018-05-16,2020-05-18,1114.0
2016-01-01,2020-05-19,2021-05-17,1103.0
2016-01-01,2021-05-18,9999-12-31,1092.0
2016-02-01,2016-03-16,2016-04-18,1178
2016-02-01,2016-04-19,2016-05-16,1194
2016-02-01,2016-05-17,2017-05-15,1213
2016-02-01,2017-05-16,2018-05-15,1209
2016-02-01,2018-05-16,2019-05-15,1202.0
2016-02-01,2019-05-16,2020-05-18,1208.0
2016-02-01,2020-05-19,2021-05-17,1203.0
2016-02-01,2021-05-18,9999-12-31,1225.0
2016-03-01,2016-04-19,2016-05-16,1089
2016-03-01,2016-05-17,2016-06-16,1099
2016-03-01,2016-06-17,2017-05-15,1113
2016-03-01,2017-05-16,2018-05-15,1128
2016-03-01,2018-05-16,2020-05-18,1115.0
2016-03-01,2020-05-19,2021-05-17,1114.0
2016-03-01,2021-05-18,9999-12-31,1111.0
2016-04-01,2016-05-17,2016-06-16,1172
2016-04-01,2016-06-17,2016-07-18,1167
2016-04-01,2016-07-19,2017-05-15,1155
2016-04-01,2017-05-16,2018-05-15,1164
2016-04-01,2018-05-16,2019-05-15,1173.0
2016-04-01,2019-05-16,2020-05-18,1160.0
2016-04-01,2020-05-19,2021-05-17,1158.0
2016-04-01,2021-05-18,9999-12-31,1163.0
2016-05-01,2016-06-17,2016-07-18,1164
2016-05-01,2016-07-19,2016-08-15,1135
2016-05-01,2016-08-16,2017-05-15,1128
2016-05-01,2017-05-16,2018-05-15,1119
2016-05-01,2018-05-16,2019-05-15,1133.0
2016-05-01,2019-05-16,2021-05-17,1131.0
2016-05-01,2021-05-18,9999-12-31,1148.0
2016-06-01,2016-07-19,2016-08-15,1189
2016-06-01,2016-08-16,2016-09-19,1186
2016-06-01,2016-09-20,2017-05-15,1195
2016-06-01,2017-05-16,2018-05-15,1190
2016-06-01,2018-05-16,2019-05-15,1183.0
2016-06-01,2019-05-16,2020-05-18,1191.0
2016-06-01,2020-05-19,2021-05-17,1200.0
2016-06-01,2021-05-18,9999-12-31,1203.0
2016-07-01,2016-08-16,2016-09-19,1211
2016-07-01,2016-09-20,2016-10-18,1212
2016-07-01,2016-10-19,2017-05-15,1218
2016-07-01,2017-05-16,2018-05-15,1223
2016-07-01,2018-05-16,2019-05-15,1225.0
2016-07-01,2019-05-16,2020-05-18,1232.0
2016-07-01,2020-05-19,2021-05-17,1245.0
2016-07-01,2021-05-18,9999-12-31,1239.0
2016-08-01,2016-09-20,2016-10-18,1142
2016-08-01,2016-10-19,2016-11-16,1150
2016-08-01,2016-11-17,2018-05-15,1164
2016-08-01,2018-05-16,2019-05-15,1161.0
2016-08-01,2019-05-16,2020-05-18,1159.0
2016-08-01,2020-05-19,2021-05-17,1155.0
2016-08-01,2021-05-18,9999-12-31,1171.0
2016-09-01,2016-10-19,2016-11-16,1047
2016-09-01,2016-11-17,2016-12-15,1054
2016-09-01,2016-12-16,2017-05-15,1052
2016-09-01,2017-05-16,2018-05-15,1062
2016-09-01,2018-05-16,2019-05-15,1064.0
2016-09-01,2019-05-16,2020-05-18,1063.0
2016-09-01,2020-05-19,2021-05-17,1072.0
2016-09-01,2021-05-18,9999-12-31,1068.0
2016-10-01,2016-11-17,2016-12-15,1323
2016-10-01,2016-12-16,2017-01-18,1340
2016-10-01,2017-01-19,2017-05-15,1320
2016-10-01,2017-05-16,2018-05-15,1328
2016-10-01,2018-05-16,2019-05-15,1327.0
2016-10-01,2019-05-16,2020-05-18,1325.0
2016-10-01,2020-05-19,2021-05-17,1321.0
2016-10-01,2021-05-18,9999-12-31,1313.0
2016-11-01,2016-12-16,2017-01-18,1090
2016-11-01,2017-01-19,2017-02-15,1102
2016-11-01,2017-02-16,2018-05-15,1149
2016-11-01,2018-05-16,2019-05-15,1151.0
2016-11-01,2019-05-16,2021-05-17,1150.0
2016-11-01,2021-05-18,9999-12-31,1140.0
2016-12-01,2017-01-19,2017-02-15,1226
2016-12-01,2017-02-16,2017-03-15,1279
2016-12-01,2017-03-16,2017-05-15,1275
2016-12-01,2017-05-16,2018-05-15,1268
2016-12-01,2018-05-16,2019-05-15,1280.0
2016-12-01,2019-05-16,2020-05-18,1287.0
2016-12-01,2020-05-19,2021-05-17,1267.0
2016-12-01,2021-05-18,9999-12-31,1252.0
2017-01-01,2017-02-16,2017-03-15,1246
2017-01-01,2017-03-16,2017-04-17,1251
2017-01-01,2017-04-18,2017-05-15,1241
2017-01-01,2017-05-16,2018-05-15,1236
2017-01-01,2018-05-16,2019-05-15,1225.0
2017-01-01,2019-05-16,2020-05-18,1221.0
2017-01-01,2020-05-19,2021-05-17,1206.0
2017-01-01,2021-05-18,2022-05-17,1193.0
2017-01-01,2022-05-18,9999-12-31,1190.0
2017-02-01,2017-03-16,2017-04-17,1288
2017-02-01,2017-04-18,2017-05-15,1303
2017-02-01,2017-05-16,2018-05-15,1288
2017-02-01,2018-05-16,2019-05-15,1289.0
2017-02-01,2019-05-16,2020-05-18,1292.0
2017-02-01,2020-05-19,2021-05-17,1282.0
2017-02-01,2021-05-18,2022-05-17,1281.0
2017-02-01,2022-05-18,9999-12-31,1271.0
2017-03-01,2017-04-18,2017-05-15,1215
2017-03-01,2017-05-16,2017-06-15,1203
2017-03-01,2017-06-16,2018-05-15,1189.0
2017-03-01,2018-05-16,2020-05-18,1179.0
2017-03-01,2020-05-19,2021-05-17,1186.0
2017-03-01,2021-05-18,9999-12-31,1190.0
2017-04-01,2017-05-16,2017-06-15,1172
2017-04-01,2017-06-16,2017-07-18,1156.0
2017-04-01,2017-07-19,2018-05-15,1154.0
2017-04-01,2018-05-16,2019-05-15,1165.0
2017-04-01,2019-05-16,2020-05-18,1152.0
2017-04-01,2020-05-19,2021-05-17,1150.0
2017-04-01,2021-05-18,2022-05-17,1145.0
2017-04-01,2022-05-18,9999-12-31,1146.0
2017-05-01,2017-06-16,2017-07-18,1092.0
2017-05-01,2017-07-19,2017-08-15,1122.0
2017-05-01,2017-08-16,2018-05-15,1129.0
2017-05-01,2018-05-16,2019-05-15,1122.0
2017-05-01,2019-05-16,2020-05-18,1124.0
2017-05-01,2020-05-19,2021-05-17,1123.0
2017-05-01,2021-05-18,2022-05-17,1160.0
2017-05-01,2022-05-18,9999-12-31,1157.0
2017-06-01,2017-07-19,2017-08-15,1215.0
2017-06-01,2017-08-16,2017-09-18,1213.0
2017-06-01,2017-09-19,2018-05-15,1217.0
2017-06-01,2018-05-16,2019-05-15,1225.0
2017-06-01,2019-05-16,2020-05-18,1232.0
2017-06-01,2020-05-19,2021-05-17,1243.0
2017-06-01,2021-05-18,2022-05-17,1247.0
2017-06-01,2022-05-18,9999-12-31,1249.0
2017-07-01,2017-08-16,2017-09-18,1155.0
2017-07-01,2017-09-19,2017-10-17,1190.0
2017-07-01,2017-10-18,2019-05-15,1185.0
2017-07-01,2019-05-16,2020-05-18,1196.0
2017-07-01,2020-05-19,2021-05-17,1207.0
2017-07-01,2021-05-18,2022-05-17,1202.0
2017-07-01,2022-05-18,9999-12-31,1206.0
2017-08-01,2017-09-19,2017-10-17,1180.0
2017-08-01,2017-10-18,2017-11-16,1183.0
2017-08-01,2017-11-17,2019-05-15,1172.0
2017-08-01,2019-05-16,2020-05-18,1167.0
2017-08-01,2020-05-19,2021-05-17,1163.0
2017-08-01,2021-05-18,9999-12-31,1159.0
2017-09-01,2017-10-18,2017-11-16,1127.0
2017-09-01,2017-11-17,2017-12-18,1135.0
2017-09-01,2017-12-19,2018-05-15,1159.0
2017-09-01,2018-05-16,2019-05-15,1158.0
2017-09-01,2019-05-16,2020-05-18,1163.0
2017-09-01,2020-05-19,2021-05-17,1174.0
2017-09-01,2021-05-18,2022-05-17,1175.0
2017-09-01,2022-05-18,9999-12-31,1181.0
2017-10-01,2017-11-17,2017-12-18,1290.0
2017-10-01,2017-12-19,2018-01-17,1256.0
2017-10-01,2018-01-18,2018-05-15,1261.0
2017-10-01,2018-05-16,2019-05-15,1265.0
2017-10-01,2019-05-16,2020-05-18,1261.0
2017-10-01,2020-05-19,2021-05-17,1256.0
2017-10-01,2021-05-18,2022-05-17,1248.0
2017-10-01,2022-05-18,9999-12-31,1257.0
2017-11-01,2017-12-19,2018-01-17,1297.0
2017-11-01,2018-01-18,2018-05-15,1299.0
2017-11-01,2018-05-16,2019-05-15,1303.0
2017-11-01,2019-05-16,2020-05-18,1299.0
2017-11-01,2020-05-19,2021-05-17,1300.0
2017-11-01,2021-05-18,2022-05-17,1278.0
2017-11-01,2022-05-18,9999-12-31,1273.0
2017-12-01,2018-01-18,2018-02-15,1192.0
2017-12-01,2018-02-16,2018-03-15,1209.0
2017-12-01,2018-03-16,2018-05-15,1207.0
2017-12-01,2018-05-16,2019-05-15,1210.0
2017-12-01,2019-05-16,2020-05-18,1219.0
2017-12-01,2020-05-19,2021-05-17,1199.0
2017-12-01,2021-05-18,2022-05-17,1182.0
2017-12-01,2022-05-18,9999-12-31,1177.0
2018-01-01,2018-02-16,2018-03-15,1326.0
2018-01-01,2018-03-16,2018-04-16,1329.0
2018-01-01,2018-04-17,2018-05-15,1339.0
2018-01-01,2018-05-16,2019-05-15,1334.0
2018-01-01,2019-05-16,2020-05-18,1335.0
2018-01-01,2020-05-19,2021-05-17,1314.0
2018-01-01,2021-05-18,2022-05-17,1309.0
2018-01-01,2022-05-18,2023-05-16,1301.0
2018-01-01,2023-05-17,9999-12-31,1299.0
2018-02-01,2018-03-16,2018-04-16,1236.0
2018-02-01,2018-04-17,2018-05-15,1295.0
2018-02-01,2018-05-16,2019-05-15,1290.0
2018-02-01,2019-05-16,2020-05-18,1295.0
2018-02-01,2020-05-19,2021-05-17,1288.0
2018-02-01,2021-05-18,2022-05-17,1289.0
2018-02-01,2022-05-18,2023-05-16,1279.0
2018-02-01,2023-05-17,9999-12-31,1277.0
2018-03-01,2018-04-17,2018-05-15,1319.0
2018-03-01,2018-05-16,2018-06-18,1336.0
2018-03-01,2018-06-19,2019-05-15,1327.0
2018-03-01,2019-05-16,2020-05-18,1332.0
2018-03-01,2020-05-19,2021-05-17,1335.0
2018-03-01,2021-05-18,2022-05-17,1327.0
2018-03-01,2022-05-18,2023-05-16,1324.0
2018-03-01,2023-05-17,9999-12-31,1318.0
2018-04-01,2018-05-16,2018-06-18,1287.0
2018-04-01,2018-06-19,2018-07-17,1286.0
2018-04-01,2018-07-18,2019-05-15,1276.0
2018-04-01,2019-05-16,2020-05-18,1267.0
2018-04-01,2020-05-19,2021-05-17,1269.0
2018-04-01,2021-05-18,2022-05-17,1285.0
2018-04-01,2022-05-18,2023-05-16,1286.0
2018-04-01,2023-05-17,9999-12-31,1276.0
2018-05-01,2018-06-19,2018-07-17,1350.0
2018-05-01,2018-07-18,2018-08-15,1337.0
2018-05-01,2018-08-16,2019-05-15,1329.0
2018-05-01,2019-05-16,2020-05-18,1332.0
2018-05-01,2020-05-19,2021-05-17,1334.0
2018-05-01,2021-05-18,2022-05-17,1354.0
2018-05-01,2022-05-18,2023-05-16,1358.0
2018-05-01,2023-05-17,9999-12-31,1357.0
2018-06-01,2018-07-18,2018-08-15,1173.0
2018-06-01,2018-08-16,2018-09-18,1158.0
2018-06-01,2018-09-19,2019-05-15,1177.0
2018-06-01,2019-05-16,2020-05-18,1180.0
2018-06-01,2020-05-19,2021-05-17,1190.0
2018-06-01,2021-05-18,2023-05-16,1199.0
2018-06-01,2023-05-17,9999-12-31,1192.0
2018-07-01,2018-08-16,2018-09-18,1168.0
2018-07-01,2018-09-19,2018-10-16,1174.0
2018-07-01,2018-10-17,2020-05-18,1184.0
2018-07-01,2020-05-19,2021-05-17,1195.0
2018-07-01,2021-05-18,2022-05-17,1193.0
2018-07-01,2022-05-18,2023-05-16,1199.0
2018-07-01,2023-05-17,9999-12-31,1208.0
2018-08-01,2018-09-19,2018-10-16,1282.0
2018-08-01,2018-10-17,2018-11-19,1268.0
2018-08-01,2018-11-20,2019-05-15,1280.0
2018-08-01,2019-05-16,2020-05-18,1279.0
2018-08-01,2020-05-19,2021-05-17,1280.0
2018-08-01,2021-05-18,2022-05-17,1288.0
2018-08-01,2022-05-18,2023-05-16,1289.0
2018-08-01,2023-05-17,9999-12-31,1288.0
2018-09-01,2018-10-17,2018-11-19,1201.0
2018-09-01,2018-11-20,2018-12-17,1210.0
2018-09-01,2018-12-18,2019-05-15,1237.0
2018-09-01,2019-05-16,2020-05-18,1236.0
2018-09-01,2020-05-19,2021-05-17,1246.0
2018-09-01,2021-05-18,2022-05-17,1238.0
2018-09-01,2022-05-18,2023-05-16,1247.0
2018-09-01,2023-05-17,9999-12-31,1250.0
2018-10-01,2018-11-20,2018-12-17,1228.0
2018-10-01,2018-12-18,2019-02-25,1217.0
2018-10-01,2019-02-26,2019-05-15,1209.0
2018-10-01,2019-05-16,2020-05-18,1211.0
2018-10-01,2020-05-19,2021-05-17,1207.0
2018-10-01,2021-05-18,2022-05-17,1208.0
2018-10-01,2022-05-18,2023-05-16,1220.0
2018-10-01,2023-05-17,9999-12-31,1221.0
2018-11-01,2018-12-18,2019-02-25,1256.0
2018-11-01,2019-02-26,2019-03-07,1214.0
2018-11-01,2019-03-08,2019-05-15,1206.0
2018-11-01,2019-05-16,2020-05-18,1202.0
2018-11-01,2020-05-19,2021-05-17,1204.0
2018-11-01,2021-05-18,2022-05-17,1183.0
2018-11-01,2022-05-18,2023-05-16,1177.0
2018-11-01,2023-05-17,9999-12-31,1181.0
2018-12-01,2019-02-26,2019-03-07,1078.0
2018-12-01,2019-03-08,2019-03-25,1037.0
2018-12-01,2019-03-26,2019-05-15,1140.0
2018-12-01,2019-05-16,2020-05-18,1142.0
2018-12-01,2020-05-19,2021-05-17,1117.0
2018-12-01,2021-05-18,2022-05-17,1095.0
2018-12-01,2022-05-18,2023-05-16,1089.0
2018-12-01,2023-05-17,9999-12-31,1095.0
2019-01-01,2019-03-08,2019-03-25,1230.0
2019-01-01,2019-03-26,2019-04-18,1273.0
2019-01-01,2019-04-19,2019-05-15,1298.0
2019-01-01,2019-05-16,2020-05-18,1291.0
2019-01-01,2020-05-19,2021-05-17,1272.0
2019-01-01,2021-05-18,2022-05-17,1244.0
2019-01-01,2022-05-18,2024-05-15,1232.0
2019-01-01,2024-05-16,9999-12-31,1226.0
2019-02-01,2019-03-26,2019-04-18,1162.0
2019-02-01,2019-04-19,2019-05-15,1142.0
2019-02-01,2019-05-16,2020-05-18,1149.0
2019-02-01,2020-05-19,2021-05-17,1137.0
2019-02-01,2021-05-18,2022-05-17,1142.0
2019-02-01,2022-05-18,2023-05-16,1129.0
2019-02-01,2023-05-17,2024-05-15,1128.0
2019-02-01,2024-05-16,9999-12-31,1121.0
2019-03-01,2019-04-19,2019-05-15,1139.0
2019-03-01,2019-05-16,2019-06-17,1168.0
2019-03-01,2019-06-18,2020-05-18,1199.0
2019-03-01,2020-05-19,2022-05-17,1203.0
2019-03-01,2022-05-18,2023-05-16,1200.0
2019-03-01,2023-05-17,2024-05-15,1195.0
2019-03-01,2024-05-16,9999-12-31,1191.0
2019-04-01,2019-05-16,2019-06-17,1235.0
2019-04-01,2019-06-18,2019-07-16,1281.0
2019-04-01,2019-07-17,2020-05-18,1270.0
2019-04-01,2020-05-19,2021-05-17,1267.0
2019-04-01,2021-05-18,2022-05-17,1282.0
2019-04-01,2022-05-18,2023-05-16,1280.0
2019-04-01,2023-05-17,2024-05-15,1267.0
2019-04-01,2024-05-16,9999-12-31,1272.0
2019-05-01,2019-06-18,2019-07-16,1269.0
2019-05-01,2019-07-17,2019-08-15,1265.0
2019-05-01,2019-08-16,2020-05-18,1264.0
2019-05-01,2020-05-19,2021-05-17,1268.0
2019-05-01,2021-05-18,2022-05-17,1303.0
2019-05-01,2022-05-18,2023-05-16,1308.0
2019-05-01,2023-05-17,2024-05-15,1307.0
2019-05-01,2024-05-16,9999-12-31,1293.0
2019-06-01,2019-07-17,2019-08-15,1253.0
2019-06-01,2019-08-16,2019-09-17,1241.0
2019-06-01,2019-09-18,2020-05-18,1233.0
2019-06-01,2020-05-19,2021-05-17,1235.0
2019-06-01,2021-05-18,2022-05-17,1237.0
2019-06-01,2022-05-18,2023-05-16,1235.0
2019-06-01,2023-05-17,2024-05-15,1228.0
2019-06-01,2024-05-16,9999-12-31,1243.0
2019-07-01,2019-08-16,2019-09-17,1191.0
2019-07-01,2019-09-18,2019-10-16,1215.0
2019-07-01,2019-10-17,2020-05-18,1204.0
2019-07-01,2020-05-19,2021-05-17,1212.0
2019-07-01,2021-05-18,2022-05-17,1224.0
2019-07-01,2022-05-18,2023-05-16,1232.0
2019-07-01,2023-05-17,2024-05-15,1245.0
2019-07-01,2024-05-16,9999-12-31,1240.0
2019-08-01,2019-09-18,2019-10-16,1364.0
2019-08-01,2019-10-17,2019-11-18,1386.0
2019-08-01,2019-11-19,2020-05-18,1375.0
2019-08-01,2020-05-19,2021-05-17,1377.0
2019-08-01,2021-05-18,2022-05-17,1371.0
2019-08-01,2022-05-18,2023-05-16,1370.0
2019-08-01,2023-05-17,2024-05-15,1367.0
2019-08-01,2024-05-16,9999-12-31,1375.0
2019-09-01,2019-10-17,2019-11-18,1256.0
2019-09-01,2019-11-19,2020-05-18,1266.0
2019-09-01,2020-05-19,2021-05-17,1274.0
2019-09-01,2021-05-18,2022-05-17,1285.0
2019-09-01,2022-05-18,2023-05-16,1297.0
2019-09-01,2023-05-17,2024-05-15,1300.0
2019-09-01,2024-05-16,9999-12-31,1311.0
2019-10-01,2019-11-19,2019-12-16,1314.0
2019-10-01,2019-12-17,2020-01-16,1323.0
2019-10-01,2020-01-17,2021-05-17,1340.0
2019-10-01,2021-05-18,2022-05-17,1318.0
2019-10-01,2022-05-18,2023-05-16,1328.0
2019-10-01,2023-05-17,2024-05-15,1332.0
2019-10-01,2024-05-16,9999-12-31,1325.0
2019-11-01,2019-12-17,2020-01-16,1365.0
2019-11-01,2020-01-17,2020-02-18,1375.0
2019-11-01,2020-02-19,2020-05-18,1381.0
2019-11-01,2020-05-19,2021-05-17,1371.0
2019-11-01,2021-05-18,2022-05-17,1350.0
2019-11-01,2022-05-18,2023-05-16,1343.0
2019-11-01,2023-05-17,2024-05-15,1346.0
2019-11-01,2024-05-16,9999-12-31,1353.0
2019-12-01,2020-01-17,2020-02-18,1608.0
2019-12-01,2020-02-19,2020-03-17,1626.0
2019-12-01,2020-03-18,2020-05-18,1601.0
2019-12-01,2020-05-19,2021-05-17,1587.0
2019-12-01,2021-05-18,2022-05-17,1547.0
2019-12-01,2022-05-18,2023-05-16,1538.0
2019-12-01,2023-05-17,2024-05-15,1551.0
2019-12-01,2024-05-16,9999-12-31,1548.0
2020-01-01,2020-02-19,2020-03-17,1567.0
2020-01-01,2020-03-18,2020-04-15,1624.0
2020-01-01,2020-04-16,2020-05-18,1619.0
2020-01-01,2020-05-19,2021-05-17,1617.0
2020-01-01,2021-05-18,2022-05-17,1589.0
2020-01-01,2022-05-18,2023-05-16,1569.0
2020-01-01,2023-05-17,2024-05-15,1572.0
2020-01-01,2024-05-16,2025-05-15,1578.0
2020-01-01,2025-05-16,9999-12-31,1581.0
2020-02-01,2020-03-18,2020-04-15,1599.0
2020-02-01,2020-04-16,2020-05-18,1564.0
2020-02-01,2020-05-19,2021-05-17,1567.0
2020-02-01,2021-05-18,2022-05-17,1589.0
2020-02-01,2022-05-18,2023-05-16,1571.0
2020-02-01,2023-05-17,2024-05-15,1565.0
2020-02-01,2024-05-16,2025-05-15,1537.0
2020-02-01,2025-05-16,9999-12-31,1549.0
2020-03-01,2020-04-16,2020-05-18,1216.0
2020-03-01,2020-05-19,2020-06-16,1276.0
2020-03-01,2020-06-17,2021-05-17,1269.0
2020-03-01,2021-05-18,2022-05-17,1277.0
2020-03-01,2022-05-18,2023-05-16,1270.0
2020-03-01,2023-05-17,2024-05-15,1267.0
2020-03-01,2024-05-16,2025-05-15,1252.0
2020-03-01,2025-05-16,9999-12-31,1266.0
2020-04-01,2020-05-19,2020-06-16,891.0
2020-04-01,2020-06-17,2021-05-17,934.0
2020-04-01,2021-05-18,2023-05-16,938.0
2020-04-01,2023-05-17,2024-05-15,925.0
2020-04-01,2024-05-16,2025-05-15,931.0
2020-04-01,2025-05-16,9999-12-31,936.0
2020-05-01,2020-06-17,2020-07-16,974.0
2020-05-01,2020-07-17,2020-08-17,1011.0
2020-05-01,2020-08-18,2021-05-17,1038.0
2020-05-01,2021-05-18,2022-05-17,1046.0
2020-05-01,2022-05-18,2023-05-16,1055.0
2020-05-01,2023-05-17,2024-05-15,1054.0
2020-05-01,2024-05-16,2025-05-15,1053.0
2020-05-01,2025-05-16,9999-12-31,1039.0
2020-06-01,2020-07-17,2020-08-17,1186.0
2020-06-01,2020-08-18,2020-09-16,1220.0
2020-06-01,2020-09-17,2021-05-17,1265.0
2020-06-01,2021-05-18,2022-05-17,1273.0
2020-06-01,2022-05-18,2023-05-16,1269.0
2020-06-01,2023-05-17,2024-05-15,1266.0
2020-06-01,2024-05-16,2025-05-15,1254.0
2020-06-01,2025-05-16,9999-12-31,1266.0
2020-07-01,2020-08-18,2020-09-16,1496.0
2020-07-01,2020-09-17,2020-10-19,1492.0
2020-07-01,2020-10-20,2021-05-17,1487.0
2020-07-01,2021-05-18,2022-05-17,1497.0
2020-07-01,2022-05-18,2023-05-16,1510.0
2020-07-01,2023-05-17,2024-05-15,1529.0
2020-07-01,2024-05-16,2025-05-15,1523.0
2020-07-01,2025-05-16,9999-12-31,1526.0
2020-08-01,2020-09-17,2020-10-19,1416.0
2020-08-01,2020-10-20,2020-11-17,1388.0
2020-08-01,2020-11-18,2021-05-17,1373.0
2020-08-01,2021-05-18,2023-05-16,1376.0
2020-08-01,2023-05-17,2024-05-15,1377.0
2020-08-01,2024-05-16,2025-05-15,1401.0
2020-08-01,2025-05-16,9999-12-31,1396.0
2020-09-01,2020-10-20,2020-11-17,1415.0
2020-09-01,2020-11-18,2020-12-16,1459.0
2020-09-01,2020-12-17,2021-05-17,1437.0
2020-09-01,2021-05-18,2022-05-17,1448.0
2020-09-01,2022-05-18,2023-05-16,1461.0
2020-09-01,2023-05-17,2025-05-15,1463.0
2020-09-01,2025-05-16,9999-12-31,1473.0
2020-10-01,2020-11-18,2020-12-16,1530.0
2020-10-01,2020-12-17,2021-01-20,1528.0
2020-10-01,2021-01-21,2021-05-17,1530.0
2020-10-01,2021-05-18,2022-05-17,1514.0
2020-10-01,2022-05-18,2023-05-16,1530.0
2020-10-01,2023-05-17,2024-05-15,1537.0
2020-10-01,2024-05-16,9999-12-31,1543.0
2020-11-01,2020-12-17,2021-01-20,1547.0
2020-11-01,2021-01-21,2021-02-17,1578.0
2020-11-01,2021-02-18,2021-05-17,1553.0
2020-11-01,2021-05-18,2022-05-17,1551.0
2020-11-01,2022-05-18,2023-05-16,1541.0
2020-11-01,2023-05-17,2024-05-15,1545.0
2020-11-01,2024-05-16,2025-05-15,1553.0
2020-11-01,2025-05-16,9999-12-31,1543.0
2020-12-01,2021-01-21,2021-02-17,1669.0
2020-12-01,2021-02-18,2021-03-16,1680.0
2020-12-01,2021-03-17,2021-05-17,1670.0
2020-12-01,2021-05-18,2022-05-17,1661.0
2020-12-01,2022-05-18,2023-05-16,1651.0
2020-12-01,2023-05-17,2024-05-15,1663.0
2020-12-01,2024-05-16,2025-05-15,1635.0
2020-12-01,2025-05-16,9999-12-31,1614.0
2021-01-01,2021-02-18,2021-03-16,1580.0
2021-01-01,2021-03-17,2021-04-15,1584.0
2021-01-01,2021-04-16,2021-05-17,1642.0
2021-01-01,2021-05-18,2022-05-17,1625.0
2021-01-01,2022-05-18,2024-05-15,1602.0
2021-01-01,2024-05-16,2025-05-15,1639.0
2021-01-01,2025-05-16,2026-05-20,1630.0
2021-01-01,2026-05-21,9999-12-31,1624.0
2021-02-01,2021-03-17,2021-04-15,1421.0
2021-02-01,2021-04-16,2021-05-17,1457.0
2021-02-01,2021-05-18,2022-05-17,1447.0
2021-02-01,2022-05-18,2023-05-16,1430.0
2021-02-01,2023-05-17,2024-05-15,1422.0
2021-02-01,2024-05-16,2025-05-15,1407.0
2021-02-01,2025-05-16,2026-05-20,1404.0
2021-02-01,2026-05-21,9999-12-31,1398.0
2021-03-01,2021-04-16,2021-05-17,1739.0
2021-03-01,2021-05-18,2021-06-15,1733.0
2021-03-01,2021-06-16,2022-05-17,1725.0
2021-03-01,2022-05-18,2023-05-16,1711.0
2021-03-01,2023-05-17,2024-05-15,1700.0
2021-03-01,2024-05-16,2025-05-15,1668.0
2021-03-01,2025-05-16,2026-05-20,1696.0
2021-03-01,2026-05-21,9999-12-31,1688.0
2021-04-01,2021-05-18,2021-06-15,1569.0
2021-04-01,2021-06-16,2021-07-19,1517.0
2021-04-01,2021-07-20,2022-05-17,1514.0
2021-04-01,2022-05-18,2023-05-16,1505.0
2021-04-01,2023-05-17,2024-05-15,1484.0
2021-04-01,2024-05-16,2025-05-15,1492.0
2021-04-01,2025-05-16,2026-05-20,1495.0
2021-04-01,2026-05-21,9999-12-31,1489.0
2021-05-01,2021-06-16,2021-07-19,1572.0
2021-05-01,2021-07-20,2021-08-17,1546.0
2021-05-01,2021-08-18,2022-05-17,1594.0
2021-05-01,2022-05-18,2023-05-16,1605.0
2021-05-01,2023-05-17,2024-05-15,1600.0
2021-05-01,2024-05-16,2025-05-15,1607.0
2021-05-01,2025-05-16,2026-05-20,1589.0
2021-05-01,2026-05-21,9999-12-31,1600.0
2021-06-01,2021-07-20,2021-08-17,1643.0
2021-06-01,2021-08-18,2021-09-20,1650.0
2021-06-01,2021-09-21,2022-05-17,1657.0
2021-06-01,2022-05-18,2023-05-16,1664.0
2021-06-01,2023-05-17,2024-05-15,1661.0
2021-06-01,2024-05-16,2025-05-15,1638.0
2021-06-01,2025-05-16,2026-05-20,1650.0
2021-06-01,2026-05-21,9999-12-31,1664.0
2021-07-01,2021-08-18,2021-09-20,1534.0
2021-07-01,2021-09-21,2021-10-18,1554.0
2021-07-01,2021-10-19,2022-05-17,1562.0
2021-07-01,2022-05-18,2023-05-16,1573.0
2021-07-01,2023-05-17,2024-05-15,1593.0
2021-07-01,2024-05-16,2025-05-15,1600.0
2021-07-01,2025-05-16,2026-05-20,1597.0
2021-07-01,2026-05-21,9999-12-31,1600.0
2021-08-01,2021-09-21,2021-10-18,1615.0
2021-08-01,2021-10-19,2021-11-16,1580.0
2021-08-01,2021-11-17,2022-05-17,1573.0
2021-08-01,2022-05-18,2024-05-15,1576.0
2021-08-01,2024-05-16,2025-05-15,1595.0
2021-08-01,2025-05-16,2026-05-20,1594.0
2021-08-01,2026-05-21,9999-12-31,1596.0
2021-09-01,2021-10-19,2021-11-16,1555.0
2021-09-01,2021-11-17,2021-12-15,1530.0
2021-09-01,2021-12-16,2022-05-17,1550.0
2021-09-01,2022-05-18,2023-05-16,1559.0
2021-09-01,2023-05-17,2024-05-15,1560.0
2021-09-01,2024-05-16,2025-05-15,1563.0
2021-09-01,2025-05-16,2026-05-20,1577.0
2021-09-01,2026-05-21,9999-12-31,1576.0
2021-10-01,2021-11-17,2021-12-15,1520.0
2021-10-01,2021-12-16,2022-01-18,1502.0
2021-10-01,2022-01-19,2022-05-17,1552.0
2021-10-01,2022-05-18,2023-05-16,1563.0
2021-10-01,2023-05-17,2024-05-15,1572.0
2021-10-01,2024-05-16,2025-05-15,1587.0
2021-10-01,2025-05-16,2026-05-20,1579.0
2021-10-01,2026-05-21,9999-12-31,1587.0
2021-11-01,2021-12-16,2022-01-18,1679.0
2021-11-01,2022-01-19,2022-02-16,1678.0
2021-11-01,2022-02-17,2022-05-17,1703.0
2021-11-01,2022-05-18,2023-05-16,1706.0
2021-11-01,2023-05-17,2024-05-15,1712.0
2021-11-01,2024-05-16,2025-05-15,1704.0
2021-11-01,2025-05-16,2026-05-20,1705.0
2021-11-01,2026-05-21,9999-12-31,1707.0
2021-12-01,2022-01-19,2022-02-16,1702.0
2021-12-01,2022-02-17,2022-03-16,1708.0
2021-12-01,2022-03-17,2022-05-17,1754.0
2021-12-01,2022-05-18,2023-05-16,1768.0
2021-12-01,2023-05-17,2024-05-15,1787.0
2021-12-01,2024-05-16,2025-05-15,1757.0
2021-12-01,2025-05-16,2026-05-20,1722.0
2021-12-01,2026-05-21,9999-12-31,1711.0
2022-01-01,2022-02-17,2022-03-16,1638.0
2022-01-01,2022-03-17,2022-04-18,1657.0
2022-01-01,2022-04-19,2022-05-17,1679.0
2022-01-01,2022-05-18,2023-05-16,1666.0
2022-01-01,2023-05-17,2024-05-15,1669.0
2022-01-01,2024-05-16,2025-05-15,1712.0
2022-01-01,2025-05-16,2026-05-20,1702.0
2022-01-01,2026-05-21,9999-12-31,1693.0
2022-02-01,2022-03-17,2022-04-18,1769.0
2022-02-01,2022-04-19,2022-05-17,1788.0
2022-02-01,2022-05-18,2023-05-16,1777.0
2022-02-01,2023-05-17,2024-05-15,1771.0
2022-02-01,2024-05-16,2025-05-15,1742.0
2022-02-01,2025-05-16,2026-05-20,1735.0
2022-02-01,2026-05-21,9999-12-31,1730.0
2022-03-01,2022-04-19,2022-05-17,1793.0
2022-03-01,2022-05-18,2022-06-15,1728.0
2022-03-01,2022-06-16,2023-05-16,1716.0
2022-03-01,2023-05-17,2024-05-15,1713.0
2022-03-01,2024-05-16,2025-05-15,1678.0
2022-03-01,2025-05-16,2026-05-20,1712.0
2022-03-01,2026-05-21,9999-12-31,1700.0
2022-04-01,2022-05-18,2022-06-15,1724.0
2022-04-01,2022-06-16,2022-07-18,1810.0
2022-04-01,2022-07-19,2023-05-16,1805.0
2022-04-01,2023-05-17,2024-05-15,1803.0
2022-04-01,2024-05-16,2025-05-15,1828.0
2022-04-01,2025-05-16,2026-05-20,1820.0
2022-04-01,2026-05-21,9999-12-31,1807.0
2022-05-01,2022-06-16,2022-07-18,1549.0
2022-05-01,2022-07-19,2022-08-15,1591.0
2022-05-01,2022-08-16,2023-05-16,1562.0
2022-05-01,2023-05-17,2024-05-15,1543.0
2022-05-01,2024-05-16,2025-05-15,1540.0
2022-05-01,2025-05-16,2026-05-20,1531.0
2022-05-01,2026-05-21,9999-12-31,1546.0
2022-06-01,2022-07-19,2022-08-15,1559.0
2022-06-01,2022-08-16,2022-09-19,1599.0
2022-06-01,2022-09-20,2023-05-16,1575.0
2022-06-01,2023-05-17,2024-05-15,1561.0
2022-06-01,2024-05-16,2025-05-15,1542.0
2022-06-01,2025-05-16,2026-05-20,1551.0
2022-06-01,2026-05-21,9999-12-31,1556.0
2022-07-01,2022-08-16,2022-09-19,1446.0
2022-07-01,2022-09-20,2022-10-18,1404.0
2022-07-01,2022-10-19,2023-05-16,1377.0
2022-07-01,2023-05-17,2024-05-15,1371.0
2022-07-01,2024-05-16,2025-05-15,1392.0
2022-07-01,2025-05-16,2026-05-20,1381.0
2022-07-01,2026-05-21,9999-12-31,1382.0
2022-08-01,2022-09-20,2022-10-18,1575.0
2022-08-01,2022-10-19,2022-11-16,1566.0
2022-08-01,2022-11-17,2023-05-16,1508.0
2022-08-01,2023-05-17,2024-05-15,1505.0
2022-08-01,2024-05-16,2025-05-15,1520.0
2022-08-01,2025-05-16,2026-05-20,1531.0
2022-08-01,2026-05-21,9999-12-31,1532.0
2022-09-01,2022-10-19,2022-11-16,1439.0
2022-09-01,2022-11-17,2022-12-19,1488.0
2022-09-01,2022-12-20,2023-05-16,1465.0
2022-09-01,2023-05-17,2024-05-15,1463.0
2022-09-01,2024-05-16,2025-05-15,1470.0
2022-09-01,2025-05-16,2026-05-20,1488.0
2022-09-01,2026-05-21,9999-12-31,1481.0
2022-10-01,2022-11-17,2022-12-19,1425.0
2022-10-01,2022-12-20,2023-01-18,1434.0
2022-10-01,2023-01-19,2023-05-16,1426.0
2022-10-01,2023-05-17,2024-05-15,1432.0
2022-10-01,2024-05-16,2025-05-15,1440.0
2022-10-01,2025-05-16,2026-05-20,1435.0
2022-10-01,2026-05-21,9999-12-31,1446.0
2022-11-01,2022-12-20,2023-01-18,1427.0
2022-11-01,2023-01-19,2023-02-15,1401.0
2022-11-01,2023-02-16,2023-05-16,1419.0
2022-11-01,2023-05-17,2024-05-15,1427.0
2022-11-01,2024-05-16,2025-05-15,1420.0
2022-11-01,2025-05-16,2026-05-20,1424.0
2022-11-01,2026-05-21,9999-12-31,1434.0
2022-12-01,2023-01-19,2023-02-15,1382.0
2022-12-01,2023-02-16,2023-03-15,1371.0
2022-12-01,2023-03-16,2023-05-16,1348.0
2022-12-01,2023-05-17,2024-05-15,1357.0
2022-12-01,2024-05-16,2025-05-15,1340.0
2022-12-01,2025-05-16,2026-05-20,1308.0
2022-12-01,2026-05-21,9999-12-31,1296.0
2023-01-01,2023-02-16,2023-03-15,1309.0
2023-01-01,2023-03-16,2023-04-17,1321.0
2023-01-01,2023-04-18,2023-05-16,1334.0
2023-01-01,2023-05-17,2024-05-15,1340.0
2023-01-01,2024-05-16,2026-05-20,1361.0
2023-01-01,2026-05-21,9999-12-31,1358.0
2023-02-01,2023-03-16,2023-04-17,1450.0
2023-02-01,2023-04-18,2023-05-16,1432.0
2023-02-01,2023-05-17,2024-05-15,1436.0
2023-02-01,2024-05-16,2025-05-15,1404.0
2023-02-01,2025-05-16,2026-05-20,1399.0
2023-02-01,2026-05-21,9999-12-31,1395.0
2023-03-01,2023-04-18,2023-05-16,1420.0
2023-03-01,2023-05-17,2023-06-19,1371.0
2023-03-01,2023-06-20,2024-05-15,1380.0
2023-03-01,2024-05-16,2025-05-15,1342.0
2023-03-01,2025-05-16,2026-05-20,1377.0
2023-03-01,2026-05-21,9999-12-31,1366.0
2023-04-01,2023-05-17,2023-06-19,1401.0
2023-04-01,2023-06-20,2023-07-18,1340.0
2023-04-01,2023-07-19,2024-05-15,1348.0
2023-04-01,2024-05-16,2025-05-15,1368.0
2023-04-01,2025-05-16,2026-05-20,1354.0
2023-04-01,2026-05-21,9999-12-31,1343.0
2023-05-01,2023-06-20,2023-07-18,1631.0
2023-05-01,2023-07-19,2023-08-15,1559.0
2023-05-01,2023-08-16,2025-05-15,1583.0
2023-05-01,2025-05-16,2026-05-20,1584.0
2023-05-01,2026-05-21,9999-12-31,1609.0
2023-06-01,2023-07-19,2023-08-15,1434.0
2023-06-01,2023-08-16,2023-09-18,1398.0
2023-06-01,2023-09-19,2024-05-15,1418.0
2023-06-01,2024-05-16,2025-05-15,1415.0
2023-06-01,2025-05-16,2026-05-20,1421.0
2023-06-01,2026-05-21,9999-12-31,1420.0
2023-07-01,2023-08-16,2023-09-18,1452.0
2023-07-01,2023-09-19,2023-10-17,1447.0
2023-07-01,2023-10-18,2024-05-15,1451.0
2023-07-01,2024-05-16,2025-05-15,1473.0
2023-07-01,2025-05-16,2026-05-20,1460.0
2023-07-01,2026-05-21,9999-12-31,1464.0
2023-08-01,2023-09-19,2023-10-17,1283.0
2023-08-01,2023-10-18,2023-11-16,1269.0
2023-08-01,2023-11-17,2025-05-15,1305.0
2023-08-01,2025-05-16,2026-05-20,1317.0
2023-08-01,2026-05-21,9999-12-31,1321.0
2023-09-01,2023-10-18,2023-11-16,1358.0
2023-09-01,2023-11-17,2023-12-18,1346.0
2023-09-01,2023-12-19,2024-05-15,1356.0
2023-09-01,2024-05-16,2025-05-15,1363.0
2023-09-01,2025-05-16,2026-05-20,1371.0
2023-09-01,2026-05-21,9999-12-31,1369.0
2023-10-01,2023-11-17,2023-12-18,1372.0
2023-10-01,2023-12-19,2024-01-17,1359.0
2023-10-01,2024-01-18,2024-05-15,1376.0
2023-10-01,2024-05-16,2025-05-15,1365.0
2023-10-01,2025-05-16,2026-05-20,1368.0
2023-10-01,2026-05-21,9999-12-31,1380.0
2023-11-01,2023-12-19,2024-01-17,1560.0
2023-11-01,2024-01-18,2024-02-15,1525.0
2023-11-01,2024-02-16,2024-05-15,1512.0
2023-11-01,2024-05-16,2025-05-15,1510.0
2023-11-01,2025-05-16,2026-05-20,1514.0
2023-11-01,2026-05-21,9999-12-31,1522.0
2023-12-01,2024-01-18,2024-02-15,1460.0
2023-12-01,2024-02-16,2024-03-18,1562.0
2023-12-01,2024-03-19,2024-05-15,1566.0
2023-12-01,2024-05-16,2025-05-15,1568.0
2023-12-01,2025-05-16,2026-05-20,1521.0
2023-12-01,2026-05-21,9999-12-31,1504.0
2024-01-01,2024-02-16,2024-03-18,1331.0
2024-01-01,2024-03-19,2024-04-15,1374.0
2024-01-01,2024-04-16,2024-05-15,1375.0
2024-01-01,2024-05-16,2025-05-15,1376.0
2024-01-01,2025-05-16,2026-05-20,1381.0
2024-01-01,2026-05-21,9999-12-31,1378.0
2024-02-01,2024-03-19,2024-04-15,1521.0
2024-02-01,2024-04-16,2024-05-15,1549.0
2024-02-01,2024-05-16,2025-05-15,1546.0
2024-02-01,2025-05-16,2026-05-20,1552.0
2024-02-01,2026-05-21,9999-12-31,1555.0
2024-03-01,2024-04-16,2024-05-15,1321.0
2024-03-01,2024-05-16,2024-06-19,1287.0
2024-03-01,2024-06-20,2025-05-15,1299.0
2024-03-01,2025-05-16,2026-05-20,1312.0
2024-03-01,2026-05-21,9999-12-31,1297.0
2024-04-01,2024-05-16,2024-06-19,1360.0
2024-04-01,2024-06-20,2024-07-16,1352.0
2024-04-01,2024-07-17,2025-05-15,1377.0
2024-04-01,2025-05-16,2026-05-20,1385.0
2024-04-01,2026-05-21,9999-12-31,1379.0
2024-05-01,2024-06-20,2024-07-16,1277.0
2024-05-01,2024-07-17,2024-08-15,1314.0
2024-05-01,2024-08-16,2025-05-15,1315.0
2024-05-01,2025-05-16,2026-05-20,1316.0
2024-05-01,2026-05-21,9999-12-31,1329.0
2024-06-01,2024-07-17,2024-08-15,1353.0
2024-06-01,2024-08-16,2025-05-15,1329.0
2024-06-01,2025-05-16,2026-05-20,1327.0
2024-06-01,2026-05-21,9999-12-31,1318.0
2024-07-01,2024-08-16,2024-09-17,1238.0
2024-07-01,2024-09-18,2024-10-17,1237.0
2024-07-01,2024-10-18,2025-05-15,1262.0
2024-07-01,2025-05-16,2026-05-20,1265.0
2024-07-01,2026-05-21,9999-12-31,1269.0
2024-08-01,2024-09-18,2024-10-17,1356.0
2024-08-01,2024-10-18,2024-11-18,1361.0
2024-08-01,2024-11-19,2025-05-15,1379.0
2024-08-01,2025-05-16,2026-05-20,1391.0
2024-08-01,2026-05-21,9999-12-31,1394.0
2024-09-01,2024-10-18,2024-11-18,1354.0
2024-09-01,2024-11-19,2024-12-17,1353.0
2024-09-01,2024-12-18,2025-05-15,1355.0
2024-09-01,2025-05-16,9999-12-31,1357.0
2024-10-01,2024-11-19,2024-12-17,1311.0
2024-10-01,2024-12-18,2025-01-16,1312.0
2024-10-01,2025-01-17,2025-05-15,1344.0
2024-10-01,2025-05-16,2026-05-20,1352.0
2024-10-01,2026-05-21,9999-12-31,1370.0
2024-11-01,2024-12-18,2025-01-16,1289.0
2024-11-01,2025-01-17,2025-02-18,1294.0
2024-11-01,2025-02-19,2025-05-15,1305.0
2024-11-01,2025-05-16,2026-05-20,1295.0
2024-11-01,2026-05-21,9999-12-31,1300.0
2024-12-01,2025-01-17,2025-02-18,1499.0
2024-12-01,2025-02-19,2025-03-17,1515.0
2024-12-01,2025-03-18,2025-05-15,1526.0
2024-12-01,2025-05-16,2026-05-20,1514.0
2024-12-01,2026-05-21,9999-12-31,1494.0
2025-01-01,2025-02-19,2025-03-17,1366.0
2025-01-01,2025-03-18,2025-04-16,1350.0
2025-01-01,2025-04-17,2025-05-15,1361.0
2025-01-01,2025-05-16,2026-05-20,1358.0
2025-01-01,2026-05-21,9999-12-31,1353.0
2025-02-01,2025-03-18,2025-04-16,1501.0
2025-02-01,2025-04-17,2025-05-15,1494.0
2025-02-01,2025-05-16,2026-05-20,1490.0
2025-02-01,2026-05-21,9999-12-31,1491.0
2025-03-01,2025-04-17,2025-05-15,1324.0
2025-03-01,2025-05-16,2025-06-17,1339.0
2025-03-01,2025-06-18,2026-05-20,1355.0
2025-03-01,2026-05-21,9999-12-31,1346.0
2025-04-01,2025-05-16,2025-06-17,1361.0
2025-04-01,2025-06-18,2025-07-17,1392.0
2025-04-01,2025-07-18,2026-05-20,1398.0
2025-04-01,2026-05-21,9999-12-31,1400.0
2025-05-01,2025-06-18,2025-07-17,1256.0
2025-05-01,2025-07-18,2025-08-18,1263.0
2025-05-01,2025-08-19,2026-05-20,1282.0
2025-05-01,2026-05-21,9999-12-31,1289.0
2025-06-01,2025-07-18,2025-08-18,1321.0
2025-06-01,2025-08-19,2025-09-16,1358.0
2025-06-01,2025-09-17,2026-05-20,1382.0
2025-06-01,2026-05-21,9999-12-31,1379.0
2025-07-01,2025-08-19,2025-09-16,1428.0
2025-07-01,2025-09-17,2026-01-08,1429.0
2025-07-01,2026-01-09,2026-05-20,1420.0
2025-07-01,2026-05-21,9999-12-31,1432.0
2025-08-01,2025-09-17,2026-01-08,1307.0
2025-08-01,2026-01-09,9999-12-31,1291.0
2025-09-01,2026-01-09,2026-02-17,1306.0
2025-09-01,2026-02-18,2026-05-20,1328.0
2025-09-01,2026-05-21,9999-12-31,1319.0
2025-10-01,2026-01-09,2026-02-17,1246.0
2025-10-01,2026-02-18,2026-05-20,1272.0
2025-10-01,2026-05-21,9999-12-31,1273.0
2025-11-01,2026-02-18,2026-03-11,1322.0
2025-11-01,2026-03-12,2026-05-20,1324.0
2025-11-01,2026-05-21,9999-12-31,1319.0
2025-12-01,2026-02-18,2026-03-11,1404.0
2025-12-01,2026-03-12,2026-04-28,1387.0
2025-12-01,2026-04-29,2026-05-20,1373.0
2025-12-01,2026-05-21,9999-12-31,1378.0
2026-01-01,2026-03-12,2026-04-28,1487.0
2026-01-01,2026-04-29,2026-05-20,1398.0
2026-01-01,2026-05-21,9999-12-31,1385.0
2026-02-01,2026-04-29,2026-05-20,1356.0
2026-02-01,2026-05-21,9999-12-31,1346.0
2026-03-01,2026-04-29,2026-05-20,1502.0
2026-03-01,2026-05-21,2026-06-15,1507.0
2026-03-01,2026-06-16,9999-12-31,1522.0
2026-04-01,2026-05-21,2026-06-15,1465.0
2026-04-01,2026-06-16,2026-07-16,1392.0
2026-04-01,2026-07-17,9999-12-31,1414.0
2026-05-01,2026-06-16,2026-07-16,1177.0
2026-05-01,2026-07-17,2026-08-17,1199.0
2026-05-01,2026-08-18,9999-12-31,1182.0
2026-06-01,2026-07-17,2026-08-17,1427.0
2026-06-01,2026-08-18,9999-12-31,1415.0
2026-07-01,2026-08-18,9999-12-31,1239.0
