date,realtime_start,realtime_end,value
1976-01-01,2013-01-31,2018-09-27,12.8
1976-01-01,2018-09-28,9999-12-31,12.814
1976-02-01,2013-01-31,2018-09-27,13.3
1976-02-01,2018-09-28,9999-12-31,13.34
1976-03-01,2013-01-31,2018-09-27,13.4
1976-03-01,2018-09-28,9999-12-31,13.378
1976-04-01,2013-01-31,2018-09-27,13.2
1976-04-01,2018-09-28,9999-12-31,13.223
1976-05-01,2013-01-31,2015-01-05,12.9
1976-05-01,2015-01-06,2018-09-27,13.0
1976-05-01,2018-09-28,9999-12-31,12.962
1976-06-01,2013-01-31,2015-01-05,13.0
1976-06-01,2015-01-06,2018-09-27,13.1
1976-06-01,2018-09-28,9999-12-31,13.051
1976-07-01,2013-01-31,2015-01-05,13.4
1976-07-01,2015-01-06,2018-09-27,13.5
1976-07-01,2018-09-28,9999-12-31,13.466
1976-08-01,2013-01-31,2018-09-27,13.0
1976-08-01,2018-09-28,9999-12-31,12.953
1976-09-01,2013-01-31,2018-09-27,13.6
1976-09-01,2018-09-28,9999-12-31,13.61
1976-10-01,2013-01-31,2018-09-27,12.8
1976-10-01,2018-09-28,9999-12-31,12.823
1976-11-01,2013-01-31,2018-09-27,13.3
1976-11-01,2018-09-28,9999-12-31,13.332
1976-12-01,2013-01-31,2018-09-27,14.5
1976-12-01,2018-09-28,9999-12-31,14.527
1977-01-01,2013-01-31,2018-09-27,14.4
1977-01-01,2018-09-28,9999-12-31,14.396
1977-02-01,2013-01-31,2018-09-27,14.7
1977-02-01,2018-09-28,9999-12-31,14.709
1977-03-01,2013-01-31,2018-09-27,15.2
1977-03-01,2018-09-28,9999-12-31,15.17
1977-04-01,2013-01-31,2015-01-05,15.2
1977-04-01,2015-01-06,2018-09-27,15.1
1977-04-01,2018-09-28,9999-12-31,15.135
1977-05-01,2013-01-31,2018-09-27,15.0
1977-05-01,2018-09-28,9999-12-31,14.984
1977-06-01,2013-01-31,2018-09-27,15.0
1977-06-01,2018-09-28,9999-12-31,14.952
1977-07-01,2013-01-31,2018-09-27,14.6
1977-07-01,2018-09-28,9999-12-31,14.641
1977-08-01,2013-01-31,2018-09-27,14.9
1977-08-01,2018-09-28,9999-12-31,14.859
1977-09-01,2013-01-31,2018-09-27,14.7
1977-09-01,2018-09-28,9999-12-31,14.65
1977-10-01,2013-01-31,9999-12-31,14.9
1977-11-01,2013-01-31,2018-09-27,14.8
1977-11-01,2018-09-28,9999-12-31,14.799
1977-12-01,2013-01-31,2018-09-27,15.2
1977-12-01,2018-09-28,9999-12-31,15.175
1978-01-01,2013-01-31,2018-09-27,13.7
1978-01-01,2018-09-28,9999-12-31,13.704
1978-02-01,2013-01-31,2018-09-27,14.4
1978-02-01,2018-09-28,9999-12-31,14.363
1978-03-01,2013-01-31,2018-09-27,15.2
1978-03-01,2018-09-28,9999-12-31,15.166
1978-04-01,2013-01-31,2018-09-27,16.2
1978-04-01,2018-09-28,9999-12-31,16.198
1978-05-01,2013-01-31,2018-09-27,16.3
1978-05-01,2018-09-28,9999-12-31,16.298
1978-06-01,2013-01-31,2015-01-05,16.4
1978-06-01,2015-01-06,2018-09-27,16.3
1978-06-01,2018-09-28,9999-12-31,16.348
1978-07-01,2013-01-31,2018-09-27,15.5
1978-07-01,2018-09-28,9999-12-31,15.528
1978-08-01,2013-01-31,2015-01-05,16.1
1978-08-01,2015-01-06,2018-09-27,16.0
1978-08-01,2018-09-28,9999-12-31,16.045
1978-09-01,2013-01-31,2018-09-27,14.6
1978-09-01,2018-09-28,9999-12-31,14.641
1978-10-01,2013-01-31,2015-01-05,15.9
1978-10-01,2015-01-06,2018-09-27,15.8
1978-10-01,2018-09-28,9999-12-31,15.845
1978-11-01,2013-01-31,2018-09-27,15.5
1978-11-01,2018-09-28,9999-12-31,15.484
1978-12-01,2013-01-31,2018-09-27,15.3
1978-12-01,2018-09-28,9999-12-31,15.338
1979-01-01,2013-01-31,2015-01-05,15.0
1979-01-01,2015-01-06,2018-09-27,15.1
1979-01-01,2018-09-28,9999-12-31,15.061
1979-02-01,2013-01-31,2015-01-05,15.4
1979-02-01,2015-01-06,2018-09-27,15.3
1979-02-01,2018-09-28,9999-12-31,15.321
1979-03-01,2013-01-31,2015-01-05,15.2
1979-03-01,2015-01-06,2018-09-27,15.3
1979-03-01,2018-09-28,9999-12-31,15.275
1979-04-01,2013-01-31,2018-09-27,14.7
1979-04-01,2018-09-28,9999-12-31,14.742
1979-05-01,2013-01-31,2018-09-27,14.4
1979-05-01,2018-09-28,9999-12-31,14.374
1979-06-01,2013-01-31,2015-01-05,12.8
1979-06-01,2015-01-06,2018-09-27,12.7
1979-06-01,2018-09-28,9999-12-31,12.744
1979-07-01,2013-01-31,2018-09-27,14.1
1979-07-01,2018-09-28,9999-12-31,14.112
1979-08-01,2013-01-31,2018-09-27,14.3
1979-08-01,2018-09-28,9999-12-31,14.344
1979-09-01,2013-01-31,2018-09-27,14.3
1979-09-01,2018-09-28,9999-12-31,14.292
1979-10-01,2013-01-31,2018-09-27,13.1
1979-10-01,2018-09-28,9999-12-31,13.112
1979-11-01,2013-01-31,2015-01-05,13.1
1979-11-01,2015-01-06,2018-09-27,13.0
1979-11-01,2018-09-28,9999-12-31,13.025
1979-12-01,2013-01-31,2018-09-27,13.5
1979-12-01,2018-09-28,9999-12-31,13.496
1980-01-01,2013-01-31,2018-09-27,14.4
1980-01-01,2018-09-28,9999-12-31,14.439
1980-02-01,2013-01-31,2018-09-27,13.3
1980-02-01,2018-09-28,9999-12-31,13.276
1980-03-01,2013-01-31,2018-09-27,12.1
1980-03-01,2018-09-28,9999-12-31,12.077
1980-04-01,2013-01-31,2018-09-27,10.4
1980-04-01,2018-09-28,9999-12-31,10.444
1980-05-01,2013-01-31,2018-09-27,9.5
1980-05-01,2018-09-28,9999-12-31,9.54
1980-06-01,2013-01-31,2015-01-05,10.5
1980-06-01,2015-01-06,2018-09-27,10.4
1980-06-01,2018-09-28,9999-12-31,10.449
1980-07-01,2013-01-31,2018-09-27,11.7
1980-07-01,2018-09-28,9999-12-31,11.664
1980-08-01,2013-01-31,2018-09-27,11.2
1980-08-01,2018-09-28,9999-12-31,11.154
1980-09-01,2013-01-31,2018-09-27,10.9
1980-09-01,2018-09-28,9999-12-31,10.912
1980-10-01,2013-01-31,2018-09-27,11.4
1980-10-01,2018-09-28,9999-12-31,11.412
1980-11-01,2013-01-31,2015-01-05,11.2
1980-11-01,2015-01-06,2018-09-27,11.3
1980-11-01,2018-09-28,9999-12-31,11.257
1980-12-01,2013-01-31,2018-09-27,10.9
1980-12-01,2018-09-28,9999-12-31,10.939
1981-01-01,2013-01-31,2015-01-05,11.2
1981-01-01,2015-01-06,2018-09-27,11.3
1981-01-01,2018-09-28,9999-12-31,11.282
1981-02-01,2013-01-31,2015-01-05,12.3
1981-02-01,2015-01-06,2018-09-27,12.4
1981-02-01,2018-09-28,9999-12-31,12.351
1981-03-01,2013-01-31,2018-09-27,12.4
1981-03-01,2018-09-28,9999-12-31,12.427
1981-04-01,2013-01-31,2018-09-27,10.5
1981-04-01,2018-09-28,9999-12-31,10.49
1981-05-01,2013-01-31,2015-01-05,10.3
1981-05-01,2015-01-06,2018-09-27,10.4
1981-05-01,2018-09-28,9999-12-31,10.354
1981-06-01,2013-01-31,2018-09-27,10.4
1981-06-01,2018-09-28,9999-12-31,10.415
1981-07-01,2013-01-31,2018-09-27,10.4
1981-07-01,2018-09-28,9999-12-31,10.428
1981-08-01,2013-01-31,2018-09-27,12.7
1981-08-01,2018-09-28,9999-12-31,12.681
1981-09-01,2013-01-31,2018-09-27,11.1
1981-09-01,2018-09-28,9999-12-31,11.08
1981-10-01,2013-01-31,2018-09-27,9.4
1981-10-01,2018-09-28,9999-12-31,9.418
1981-11-01,2013-01-31,2018-09-27,9.5
1981-11-01,2018-09-28,9999-12-31,9.494
1981-12-01,2013-01-31,2015-01-05,9.0
1981-12-01,2015-01-06,2018-09-27,9.1
1981-12-01,2018-09-28,9999-12-31,9.055
1982-01-01,2013-01-31,2018-09-27,10.3
1982-01-01,2018-09-28,9999-12-31,10.285
1982-02-01,2013-01-31,2018-09-27,10.9
1982-02-01,2018-09-28,9999-12-31,10.924
1982-03-01,2013-01-31,2018-09-27,10.7
1982-03-01,2018-09-28,9999-12-31,10.651
1982-04-01,2013-01-31,2018-09-27,9.7
1982-04-01,2018-09-28,9999-12-31,9.747
1982-05-01,2013-01-31,2018-09-27,11.1
1982-05-01,2018-09-28,9999-12-31,11.103
1982-06-01,2013-01-31,2018-09-27,9.6
1982-06-01,2018-09-28,9999-12-31,9.613
1982-07-01,2013-01-31,2018-09-27,9.8
1982-07-01,2018-09-28,9999-12-31,9.759
1982-08-01,2013-01-31,2015-01-05,10.0
1982-08-01,2015-01-06,2018-09-27,9.9
1982-08-01,2018-09-28,9999-12-31,9.947
1982-09-01,2013-01-31,2015-01-05,11.2
1982-09-01,2015-01-06,2018-09-27,11.1
1982-09-01,2018-09-28,9999-12-31,11.129
1982-10-01,2013-01-31,2015-01-05,10.2
1982-10-01,2015-01-06,2018-09-27,10.1
1982-10-01,2018-09-28,9999-12-31,10.14
1982-11-01,2013-01-31,2015-01-05,12.1
1982-11-01,2015-01-06,2018-09-27,12.0
1982-11-01,2018-09-28,9999-12-31,12.03
1982-12-01,2013-01-31,2015-01-05,11.3
1982-12-01,2015-01-06,2018-09-27,11.2
1982-12-01,2018-09-28,9999-12-31,11.249
1983-01-01,2013-01-31,2018-09-27,10.9
1983-01-01,2018-09-28,9999-12-31,10.865
1983-02-01,2013-01-31,2018-09-27,10.6
1983-02-01,2018-09-28,9999-12-31,10.608
1983-03-01,2013-01-31,2018-09-27,11.0
1983-03-01,2018-09-28,9999-12-31,11.023
1983-04-01,2013-01-31,2018-09-27,11.7
1983-04-01,2018-09-28,9999-12-31,11.673
1983-05-01,2013-01-31,2015-01-05,12.1
1983-05-01,2015-01-06,2018-09-27,12.0
1983-05-01,2018-09-28,9999-12-31,12.028
1983-06-01,2013-01-31,2018-09-27,13.0
1983-06-01,2018-09-28,9999-12-31,12.96
1983-07-01,2013-01-31,2018-09-27,12.9
1983-07-01,2018-09-28,9999-12-31,12.917
1983-08-01,2013-01-31,2018-09-27,12.2
1983-08-01,2018-09-28,9999-12-31,12.246
1983-09-01,2013-01-31,2018-09-27,12.5
1983-09-01,2018-09-28,9999-12-31,12.451
1983-10-01,2013-01-31,2018-09-27,13.3
1983-10-01,2018-09-28,9999-12-31,13.311
1983-11-01,2013-01-31,2018-09-27,13.1
1983-11-01,2018-09-28,9999-12-31,13.125
1983-12-01,2013-01-31,2018-09-27,14.5
1983-12-01,2018-09-28,9999-12-31,14.503
1984-01-01,2013-01-31,2018-09-27,14.2
1984-01-01,2018-09-28,9999-12-31,14.21
1984-02-01,2013-01-31,2018-09-27,14.4
1984-02-01,2018-09-28,9999-12-31,14.381
1984-03-01,2013-01-31,2018-09-27,14.2
1984-03-01,2018-09-28,9999-12-31,14.21
1984-04-01,2013-01-31,2018-09-27,14.4
1984-04-01,2018-09-28,9999-12-31,14.357
1984-05-01,2013-01-31,2018-09-27,14.9
1984-05-01,2018-09-28,9999-12-31,14.856
1984-06-01,2013-01-31,2018-09-27,14.7
1984-06-01,2018-09-28,9999-12-31,14.673
1984-07-01,2013-01-31,2018-09-27,14.8
1984-07-01,2018-09-28,9999-12-31,14.758
1984-08-01,2013-01-31,2018-09-27,14.3
1984-08-01,2018-09-28,9999-12-31,14.279
1984-09-01,2013-01-31,2018-09-27,14.0
1984-09-01,2018-09-28,9999-12-31,13.959
1984-10-01,2013-01-31,2018-09-27,14.6
1984-10-01,2018-09-28,9999-12-31,14.642
1984-11-01,2013-01-31,2015-01-05,14.7
1984-11-01,2015-01-06,2018-09-27,14.8
1984-11-01,2018-09-28,9999-12-31,14.774
1984-12-01,2013-01-31,2018-09-27,14.6
1984-12-01,2018-09-28,9999-12-31,14.602
1985-01-01,2013-01-31,2018-09-27,15.6
1985-01-01,2018-09-28,9999-12-31,15.563
1985-02-01,2013-01-31,2018-09-27,15.7
1985-02-01,2018-09-28,9999-12-31,15.724
1985-03-01,2013-01-31,2015-01-05,15.3
1985-03-01,2015-01-06,2018-09-27,15.4
1985-03-01,2018-09-28,9999-12-31,15.358
1985-04-01,2013-01-31,2018-09-27,15.5
1985-04-01,2018-09-28,9999-12-31,15.521
1985-05-01,2013-01-31,2018-09-27,15.6
1985-05-01,2018-09-28,9999-12-31,15.561
1985-06-01,2013-01-31,2018-09-27,15.1
1985-06-01,2018-09-28,9999-12-31,15.093
1985-07-01,2013-01-31,2018-09-27,15.5
1985-07-01,2018-09-28,9999-12-31,15.498
1985-08-01,2013-01-31,2018-09-27,16.9
1985-08-01,2018-09-28,9999-12-31,16.91
1985-09-01,2013-01-31,2018-09-27,19.1
1985-09-01,2018-09-28,9999-12-31,19.104
1985-10-01,2013-01-31,2018-09-27,14.2
1985-10-01,2018-09-28,9999-12-31,14.185
1985-11-01,2013-01-31,2018-09-27,14.6
1985-11-01,2018-09-28,9999-12-31,14.622
1985-12-01,2013-01-31,2018-09-27,15.7
1985-12-01,2018-09-28,9999-12-31,15.711
1986-01-01,2013-01-31,2018-09-27,16.1
1986-01-01,2018-09-28,9999-12-31,16.06
1986-02-01,2013-01-31,2015-01-05,15.3
1986-02-01,2015-01-06,2018-09-27,15.4
1986-02-01,2018-09-28,9999-12-31,15.371
1986-03-01,2013-01-31,2018-09-27,14.2
1986-03-01,2018-09-28,9999-12-31,14.161
1986-04-01,2013-01-31,2015-01-05,15.9
1986-04-01,2015-01-06,2018-09-27,15.8
1986-04-01,2018-09-28,9999-12-31,15.849
1986-05-01,2013-01-31,2018-09-27,16.3
1986-05-01,2018-09-28,9999-12-31,16.302
1986-06-01,2013-01-31,2018-09-27,15.9
1986-06-01,2018-09-28,9999-12-31,15.92
1986-07-01,2013-01-31,2015-01-05,15.8
1986-07-01,2015-01-06,2018-09-27,15.7
1986-07-01,2018-09-28,9999-12-31,15.742
1986-08-01,2013-01-31,2018-09-27,17.3
1986-08-01,2018-09-28,9999-12-31,17.285
1986-09-01,2013-01-31,2018-09-27,21.5
1986-09-01,2018-09-28,9999-12-31,21.495
1986-10-01,2013-01-31,2018-09-27,14.8
1986-10-01,2018-09-28,9999-12-31,14.793
1986-11-01,2013-01-31,2018-09-27,14.8
1986-11-01,2018-09-28,9999-12-31,14.822
1986-12-01,2013-01-31,2018-09-27,18.1
1986-12-01,2018-09-28,9999-12-31,18.079
1987-01-01,2013-01-31,2015-01-05,12.5
1987-01-01,2015-01-06,2018-09-27,12.4
1987-01-01,2018-09-28,9999-12-31,12.414
1987-02-01,2013-01-31,2018-09-27,15.1
1987-02-01,2018-09-28,9999-12-31,15.109
1987-03-01,2013-01-31,2018-09-27,15.3
1987-03-01,2018-09-28,9999-12-31,15.299
1987-04-01,2013-01-31,2018-09-27,15.5
1987-04-01,2018-09-28,9999-12-31,15.452
1987-05-01,2013-01-31,2018-09-27,14.6
1987-05-01,2018-09-28,9999-12-31,14.572
1987-06-01,2013-01-31,2018-09-27,15.6
1987-06-01,2018-09-28,9999-12-31,15.619
1987-07-01,2013-01-31,2018-09-27,15.7
1987-07-01,2018-09-28,9999-12-31,15.655
1987-08-01,2013-01-31,2018-09-27,17.1
1987-08-01,2018-09-28,9999-12-31,17.092
1987-09-01,2013-01-31,2018-09-27,16.1
1987-09-01,2018-09-28,9999-12-31,16.119
1987-10-01,2013-01-31,2018-09-27,14.3
1987-10-01,2018-09-28,9999-12-31,14.258
1987-11-01,2013-01-31,2018-09-27,14.5
1987-11-01,2018-09-28,9999-12-31,14.543
1987-12-01,2013-01-31,2015-01-05,15.7
1987-12-01,2015-01-06,2018-09-27,15.6
1987-12-01,2018-09-28,9999-12-31,15.645
1988-01-01,2013-01-31,2018-09-27,16.1
1988-01-01,2018-09-28,9999-12-31,16.083
1988-02-01,2013-01-31,2018-09-27,16.5
1988-02-01,2018-09-28,9999-12-31,16.513
1988-03-01,2013-01-31,2015-01-05,16.1
1988-03-01,2015-01-06,2018-09-27,16.2
1988-03-01,2018-09-28,9999-12-31,16.182
1988-04-01,2013-01-31,2018-09-27,15.5
1988-04-01,2018-09-28,9999-12-31,15.545
1988-05-01,2013-01-31,2018-09-27,15.9
1988-05-01,2018-09-28,9999-12-31,15.941
1988-06-01,2013-01-31,2015-01-05,15.8
1988-06-01,2015-01-06,2018-09-27,15.9
1988-06-01,2018-09-28,9999-12-31,15.854
1988-07-01,2013-01-31,2018-09-27,15.7
1988-07-01,2018-09-28,9999-12-31,15.704
1988-08-01,2013-01-31,2018-09-27,15.4
1988-08-01,2018-09-28,9999-12-31,15.385
1988-09-01,2013-01-31,2018-09-27,15.0
1988-09-01,2018-09-28,9999-12-31,15.047
1988-10-01,2013-01-31,2015-01-05,15.1
1988-10-01,2015-01-06,2018-09-27,15.2
1988-10-01,2018-09-28,9999-12-31,15.162
1988-11-01,2013-01-31,2018-09-27,15.4
1988-11-01,2018-09-28,9999-12-31,15.394
1988-12-01,2013-01-31,2018-09-27,16.4
1988-12-01,2018-09-28,9999-12-31,16.437
1989-01-01,2013-01-31,2018-09-27,15.4
1989-01-01,2018-09-28,9999-12-31,15.372
1989-02-01,2013-01-31,2018-09-27,15.0
1989-02-01,2018-09-28,9999-12-31,14.991
1989-03-01,2013-01-31,2018-09-27,14.7
1989-03-01,2018-09-28,9999-12-31,14.662
1989-04-01,2013-01-31,2018-09-27,16.0
1989-04-01,2018-09-28,9999-12-31,16.024
1989-05-01,2013-01-31,2015-01-05,15.2
1989-05-01,2015-01-06,2018-09-27,15.3
1989-05-01,2018-09-28,9999-12-31,15.267
1989-06-01,2013-01-31,2018-09-27,14.4
1989-06-01,2018-09-28,9999-12-31,14.384
1989-07-01,2013-01-31,2018-09-27,14.7
1989-07-01,2018-09-28,9999-12-31,14.695
1989-08-01,2013-01-31,2018-09-27,16.5
1989-08-01,2018-09-28,9999-12-31,16.547
1989-09-01,2013-01-31,2018-09-27,15.7
1989-09-01,2018-09-28,9999-12-31,15.66
1989-10-01,2013-01-31,2018-09-27,13.6
1989-10-01,2018-09-28,9999-12-31,13.581
1989-11-01,2013-01-31,2018-09-27,13.4
1989-11-01,2018-09-28,9999-12-31,13.37
1989-12-01,2013-01-31,2018-09-27,13.6
1989-12-01,2018-09-28,9999-12-31,13.55
1990-01-01,2013-01-31,2018-09-27,16.3
1990-01-01,2018-09-28,9999-12-31,16.308
1990-02-01,2013-01-31,2018-09-27,14.4
1990-02-01,2018-09-28,9999-12-31,14.363
1990-03-01,2013-01-31,2018-09-27,14.5
1990-03-01,2018-09-28,9999-12-31,14.486
1990-04-01,2013-01-31,2018-09-27,14.3
1990-04-01,2018-09-28,9999-12-31,14.281
1990-05-01,2013-01-31,2018-09-27,14.0
1990-05-01,2018-09-28,9999-12-31,14.022
1990-06-01,2013-01-31,2015-01-05,14.2
1990-06-01,2015-01-06,2018-09-27,14.1
1990-06-01,2018-09-28,9999-12-31,14.149
1990-07-01,2013-01-31,2018-09-27,14.1
1990-07-01,2018-09-28,9999-12-31,14.081
1990-08-01,2013-01-31,2018-09-27,13.9
1990-08-01,2018-09-28,9999-12-31,13.859
1990-09-01,2013-01-31,2018-09-27,14.3
1990-09-01,2018-09-28,9999-12-31,14.298
1990-10-01,2013-01-31,2015-01-05,13.8
1990-10-01,2015-01-06,2018-09-27,13.7
1990-10-01,2018-09-28,9999-12-31,13.749
1990-11-01,2013-01-31,2015-01-05,13.2
1990-11-01,2015-01-06,2018-09-27,13.1
1990-11-01,2018-09-28,9999-12-31,13.134
1990-12-01,2013-01-31,2018-09-27,13.0
1990-12-01,2018-09-28,9999-12-31,12.958
1991-01-01,2013-01-31,2018-09-27,11.8
1991-01-01,2018-09-28,9999-12-31,11.829
1991-02-01,2013-01-31,2018-09-27,12.4
1991-02-01,2018-09-28,9999-12-31,12.409
1991-03-01,2013-01-31,2018-09-27,12.8
1991-03-01,2018-09-28,9999-12-31,12.848
1991-04-01,2013-01-31,2018-09-27,12.0
1991-04-01,2018-09-28,9999-12-31,12.038
1991-05-01,2013-01-31,2018-09-27,12.5
1991-05-01,2018-09-28,9999-12-31,12.487
1991-06-01,2013-01-31,2018-09-27,12.7
1991-06-01,2018-09-28,9999-12-31,12.719
1991-07-01,2013-01-31,2015-01-05,12.9
1991-07-01,2015-01-06,2018-09-27,13.0
1991-07-01,2018-09-28,9999-12-31,12.972
1991-08-01,2013-01-31,2018-09-27,12.6
1991-08-01,2018-09-28,9999-12-31,12.565
1991-09-01,2013-01-31,2018-09-27,13.1
1991-09-01,2018-09-28,9999-12-31,13.107
1991-10-01,2013-01-31,2018-09-27,12.2
1991-10-01,2018-09-28,9999-12-31,12.217
1991-11-01,2013-01-31,2018-09-27,12.6
1991-11-01,2018-09-28,9999-12-31,12.576
1991-12-01,2013-01-31,2015-01-05,12.6
1991-12-01,2015-01-06,2018-09-27,12.7
1991-12-01,2018-09-28,9999-12-31,12.658
1992-01-01,2013-01-31,2018-09-27,12.6
1992-01-01,2018-09-28,9999-12-31,12.591
1992-02-01,2013-01-31,2018-09-27,12.9
1992-02-01,2018-09-28,9999-12-31,12.927
1992-03-01,2013-01-31,2018-09-27,12.8
1992-03-01,2018-09-28,9999-12-31,12.824
1992-04-01,2013-01-31,2015-01-05,12.5
1992-04-01,2015-01-06,2018-09-27,12.6
1992-04-01,2018-09-28,9999-12-31,12.55
1992-05-01,2013-01-31,2018-09-27,13.1
1992-05-01,2018-09-28,9999-12-31,13.098
1992-06-01,2013-01-31,2018-09-27,13.5
1992-06-01,2018-09-28,9999-12-31,13.543
1992-07-01,2013-01-31,2018-09-27,12.9
1992-07-01,2018-09-28,9999-12-31,12.853
1992-08-01,2013-01-31,2018-09-27,12.9
1992-08-01,2018-09-28,9999-12-31,12.873
1992-09-01,2013-01-31,2018-09-27,13.4
1992-09-01,2018-09-28,9999-12-31,13.378
1992-10-01,2013-01-31,2018-09-27,13.7
1992-10-01,2018-09-28,9999-12-31,13.655
1992-11-01,2013-01-31,2015-01-05,13.3
1992-11-01,2015-01-06,2018-09-27,13.2
1992-11-01,2018-09-28,9999-12-31,13.218
1992-12-01,2013-01-31,2018-09-27,13.8
1992-12-01,2018-09-28,9999-12-31,13.784
1993-01-01,2013-01-31,2018-09-27,13.5
1993-01-01,2018-09-28,9999-12-31,13.457
1993-02-01,2013-01-31,2018-09-27,13.0
1993-02-01,2018-09-28,9999-12-31,12.969
1993-03-01,2013-01-31,2018-09-27,13.3
1993-03-01,2018-09-28,9999-12-31,13.326
1993-04-01,2013-01-31,2018-09-27,14.5
1993-04-01,2018-09-28,9999-12-31,14.527
1993-05-01,2013-01-31,2018-09-27,14.5
1993-05-01,2018-09-28,9999-12-31,14.519
1993-06-01,2013-01-31,2018-09-27,14.5
1993-06-01,2018-09-28,9999-12-31,14.49
1993-07-01,2013-01-31,2015-01-05,14.4
1993-07-01,2015-01-06,2018-09-27,14.5
1993-07-01,2018-09-28,9999-12-31,14.451
1993-08-01,2013-01-31,2018-09-27,13.6
1993-08-01,2018-09-28,9999-12-31,13.584
1993-09-01,2013-01-31,2018-09-27,14.0
1993-09-01,2018-09-28,9999-12-31,13.99
1993-10-01,2013-01-31,2018-09-27,14.9
1993-10-01,2018-09-28,9999-12-31,14.911
1993-11-01,2013-01-31,2015-01-05,14.8
1993-11-01,2015-01-06,2018-09-27,14.9
1993-11-01,2018-09-28,9999-12-31,14.882
1993-12-01,2013-01-31,2018-09-27,15.0
1993-12-01,2018-09-28,9999-12-31,15.004
1994-01-01,2013-01-31,2015-01-05,15.3
1994-01-01,2015-01-06,2018-09-27,15.4
1994-01-01,2018-09-28,9999-12-31,15.379
1994-02-01,2013-01-31,2018-09-27,15.5
1994-02-01,2018-09-28,9999-12-31,15.52
1994-03-01,2013-01-31,2018-09-27,15.3
1994-03-01,2018-09-28,9999-12-31,15.301
1994-04-01,2013-01-31,2018-09-27,16.0
1994-04-01,2018-09-28,9999-12-31,16.013
1994-05-01,2013-01-31,2015-01-05,14.5
1994-05-01,2015-01-06,2018-09-27,14.6
1994-05-01,2018-09-28,9999-12-31,14.577
1994-06-01,2013-01-31,2018-09-27,15.1
1994-06-01,2018-09-28,9999-12-31,15.109
1994-07-01,2013-01-31,2018-09-27,14.9
1994-07-01,2018-09-28,9999-12-31,14.875
1994-08-01,2013-01-31,2018-09-27,15.4
1994-08-01,2018-09-28,9999-12-31,15.359
1994-09-01,2013-01-31,2018-09-27,15.3
1994-09-01,2018-09-28,9999-12-31,15.274
1994-10-01,2013-01-31,2018-09-27,15.9
1994-10-01,2018-09-28,9999-12-31,15.894
1994-11-01,2013-01-31,2018-09-27,15.9
1994-11-01,2018-09-28,9999-12-31,15.89
1994-12-01,2013-01-31,2018-09-27,15.6
1994-12-01,2018-09-28,9999-12-31,15.584
1995-01-01,2013-01-31,2018-09-27,14.8
1995-01-01,2018-09-28,9999-12-31,14.801
1995-02-01,2013-01-31,2018-09-27,14.9
1995-02-01,2018-09-28,9999-12-31,14.861
1995-03-01,2013-01-31,2018-09-27,15.3
1995-03-01,2018-09-28,9999-12-31,15.256
1995-04-01,2013-01-31,2018-09-27,14.4
1995-04-01,2018-09-28,9999-12-31,14.378
1995-05-01,2013-01-31,2018-09-27,14.8
1995-05-01,2018-09-28,9999-12-31,14.806
1995-06-01,2013-01-31,2018-09-27,15.4
1995-06-01,2018-09-28,9999-12-31,15.407
1995-07-01,2013-01-31,9999-12-31,14.7
1995-08-01,2013-01-31,2018-09-27,15.4
1995-08-01,2018-09-28,9999-12-31,15.368
1995-09-01,2013-01-31,2013-08-01,15.4
1995-09-01,2013-08-02,2018-09-27,15.3
1995-09-01,2018-09-28,9999-12-31,15.338
1995-10-01,2013-01-31,2018-09-27,14.9
1995-10-01,2018-09-28,9999-12-31,14.861
1995-11-01,2013-01-31,2018-09-27,15.4
1995-11-01,2018-09-28,9999-12-31,15.38
1995-12-01,2013-01-31,2018-09-27,16.3
1995-12-01,2018-09-28,9999-12-31,16.262
1996-01-01,2013-01-31,2018-09-27,14.8
1996-01-01,2018-09-28,9999-12-31,14.812
1996-02-01,2013-01-31,2018-09-27,15.6
1996-02-01,2018-09-28,9999-12-31,15.587
1996-03-01,2013-01-31,2013-08-01,16.1
1996-03-01,2013-08-02,2018-09-27,16.0
1996-03-01,2018-09-28,9999-12-31,16.044
1996-04-01,2013-01-31,2018-09-27,15.5
1996-04-01,2018-09-28,9999-12-31,15.466
1996-05-01,2013-01-31,2018-09-27,16.0
1996-05-01,2018-09-28,9999-12-31,15.993
1996-06-01,2013-01-31,2013-08-01,15.2
1996-06-01,2013-08-02,2018-09-27,15.3
1996-06-01,2018-09-28,9999-12-31,15.256
1996-07-01,2013-01-31,2018-09-27,15.1
1996-07-01,2018-09-28,9999-12-31,15.074
1996-08-01,2013-01-31,2018-09-27,15.5
1996-08-01,2018-09-28,9999-12-31,15.486
1996-09-01,2013-01-31,2013-08-01,15.6
1996-09-01,2013-08-02,2018-09-27,15.5
1996-09-01,2018-09-28,9999-12-31,15.534
1996-10-01,2013-01-31,2018-09-27,15.3
1996-10-01,2018-09-28,9999-12-31,15.308
1996-11-01,2013-01-31,2018-09-27,15.7
1996-11-01,2018-09-28,9999-12-31,15.712
1996-12-01,2013-01-31,2013-08-01,15.1
1996-12-01,2013-08-02,2018-09-27,15.2
1996-12-01,2018-09-28,9999-12-31,15.183
1997-01-01,2013-01-31,2018-09-27,15.7
1997-01-01,2018-09-28,9999-12-31,15.682
1997-02-01,2013-01-31,2018-09-27,15.3
1997-02-01,2018-09-28,9999-12-31,15.271
1997-03-01,2013-01-31,2018-09-27,15.8
1997-03-01,2018-09-28,9999-12-31,15.816
1997-04-01,2013-01-31,2018-09-27,15.1
1997-04-01,2018-09-28,9999-12-31,15.058
1997-05-01,2013-01-31,2018-09-27,15.1
1997-05-01,2018-09-28,9999-12-31,15.088
1997-06-01,2013-01-31,2018-09-27,14.5
1997-06-01,2018-09-28,9999-12-31,14.524
1997-07-01,2013-01-31,2018-09-27,15.6
1997-07-01,2018-09-28,9999-12-31,15.568
1997-08-01,2013-01-31,2013-08-01,16.2
1997-08-01,2013-08-02,2018-09-27,16.1
1997-08-01,2018-09-28,9999-12-31,16.148
1997-09-01,2013-01-31,2018-09-27,15.1
1997-09-01,2018-09-28,9999-12-31,15.096
1997-10-01,2013-01-31,2018-09-27,15.4
1997-10-01,2018-09-28,9999-12-31,15.431
1997-11-01,2013-01-31,2018-09-27,15.8
1997-11-01,2018-09-28,9999-12-31,15.825
1997-12-01,2013-01-31,2018-09-27,16.5
1997-12-01,2018-09-28,9999-12-31,16.474
1998-01-01,2013-01-31,2018-09-27,14.8
1998-01-01,2018-09-28,9999-12-31,14.789
1998-02-01,2013-01-31,2018-09-27,15.2
1998-02-01,2018-09-28,9999-12-31,15.232
1998-03-01,2013-01-31,2018-09-27,15.4
1998-03-01,2018-09-28,9999-12-31,15.405
1998-04-01,2013-01-31,2018-09-27,15.9
1998-04-01,2018-09-28,9999-12-31,15.923
1998-05-01,2013-01-31,2013-08-01,17.0
1998-05-01,2013-08-02,2018-09-27,17.1
1998-05-01,2018-09-28,9999-12-31,17.057
1998-06-01,2013-01-31,2013-08-01,16.7
1998-06-01,2013-08-02,2018-09-27,16.8
1998-06-01,2018-09-28,9999-12-31,16.771
1998-07-01,2013-01-31,2013-08-01,14.6
1998-07-01,2013-08-02,2018-09-27,14.7
1998-07-01,2018-09-28,9999-12-31,14.668
1998-08-01,2013-01-31,2013-08-01,14.7
1998-08-01,2013-08-02,2018-09-27,14.8
1998-08-01,2018-09-28,9999-12-31,14.796
1998-09-01,2013-01-31,2018-09-27,16.3
1998-09-01,2018-09-28,9999-12-31,16.313
1998-10-01,2013-01-31,2018-09-27,17.1
1998-10-01,2018-09-28,9999-12-31,17.131
1998-11-01,2013-01-31,2018-09-27,16.1
1998-11-01,2018-09-28,9999-12-31,16.118
1998-12-01,2013-01-31,2018-09-27,17.4
1998-12-01,2018-09-28,9999-12-31,17.409
1999-01-01,2013-01-31,2018-09-27,16.6
1999-01-01,2018-09-28,9999-12-31,16.593
1999-02-01,2013-01-31,2018-09-27,17.1
1999-02-01,2018-09-28,9999-12-31,17.097
1999-03-01,2013-01-31,2018-09-27,16.8
1999-03-01,2018-09-28,9999-12-31,16.832
1999-04-01,2013-01-31,2018-09-27,16.9
1999-04-01,2018-09-28,9999-12-31,16.929
1999-05-01,2013-01-31,2018-09-27,17.6
1999-05-01,2018-09-28,9999-12-31,17.564
1999-06-01,2013-01-31,2018-09-27,17.3
1999-06-01,2018-09-28,9999-12-31,17.346
1999-07-01,2013-01-31,2018-09-27,17.7
1999-07-01,2018-09-28,9999-12-31,17.688
1999-08-01,2013-01-31,2018-09-27,17.6
1999-08-01,2018-09-28,9999-12-31,17.641
1999-09-01,2013-01-31,2013-08-01,17.6
1999-09-01,2013-08-02,2018-09-27,17.7
1999-09-01,2018-09-28,9999-12-31,17.662
1999-10-01,2013-01-31,2013-08-01,17.6
1999-10-01,2013-08-02,2018-09-27,17.7
1999-10-01,2018-09-28,9999-12-31,17.684
1999-11-01,2013-01-31,2018-09-27,17.6
1999-11-01,2018-09-28,9999-12-31,17.62
1999-12-01,2013-01-31,2018-09-27,18.3
1999-12-01,2018-09-28,9999-12-31,18.322
2000-01-01,2013-01-31,2013-08-01,18.8
2000-01-01,2013-08-02,2018-09-27,18.6
2000-01-01,2018-09-28,9999-12-31,18.635
2000-02-01,2013-01-31,2018-09-27,19.4
2000-02-01,2018-09-28,9999-12-31,19.401
2000-03-01,2013-01-31,2013-08-01,18.4
2000-03-01,2013-08-02,2018-09-27,18.3
2000-03-01,2018-09-28,9999-12-31,18.343
2000-04-01,2013-01-31,2013-08-01,18.0
2000-04-01,2013-08-02,2018-09-27,17.9
2000-04-01,2018-09-28,9999-12-31,17.939
2000-05-01,2013-01-31,2018-09-27,17.9
2000-05-01,2018-09-28,9999-12-31,17.943
2000-06-01,2013-01-31,2018-09-27,17.6
2000-06-01,2018-09-28,9999-12-31,17.596
2000-07-01,2013-01-31,2018-09-27,17.3
2000-07-01,2018-09-28,9999-12-31,17.316
2000-08-01,2013-01-31,2013-08-01,17.3
2000-08-01,2013-08-02,2018-09-27,17.5
2000-08-01,2018-09-28,9999-12-31,17.531
2000-09-01,2013-01-31,2013-08-01,18.6
2000-09-01,2013-08-02,2018-09-27,18.7
2000-09-01,2018-09-28,9999-12-31,18.654
2000-10-01,2013-01-31,2013-08-01,17.6
2000-10-01,2013-08-02,2018-09-27,17.5
2000-10-01,2018-09-28,9999-12-31,17.514
2000-11-01,2013-01-31,2013-08-01,16.7
2000-11-01,2013-08-02,2018-09-27,16.6
2000-11-01,2018-09-28,9999-12-31,16.634
2000-12-01,2013-01-31,2013-08-01,16.1
2000-12-01,2013-08-02,2018-09-27,16.2
2000-12-01,2018-09-28,9999-12-31,16.222
2001-01-01,2013-01-31,2013-08-01,17.6
2001-01-01,2013-08-02,2018-09-27,17.7
2001-01-01,2018-09-28,9999-12-31,17.652
2001-02-01,2013-01-31,2018-09-27,17.8
2001-02-01,2018-09-28,9999-12-31,17.826
2001-03-01,2013-01-31,2013-08-01,17.3
2001-03-01,2013-08-02,2018-09-27,17.2
2001-03-01,2018-09-28,9999-12-31,17.248
2001-04-01,2013-01-31,2013-08-01,16.8
2001-04-01,2013-08-02,2018-09-27,16.9
2001-04-01,2018-09-28,9999-12-31,16.872
2001-05-01,2013-01-31,2018-09-27,16.9
2001-05-01,2018-09-28,9999-12-31,16.876
2001-06-01,2013-01-31,2018-09-27,17.5
2001-06-01,2018-09-28,9999-12-31,17.464
2001-07-01,2013-01-31,2013-08-01,16.4
2001-07-01,2013-08-02,2018-09-27,16.5
2001-07-01,2018-09-28,9999-12-31,16.463
2001-08-01,2013-01-31,2018-09-27,16.3
2001-08-01,2018-09-28,9999-12-31,16.348
2001-09-01,2013-01-31,2013-08-01,16.3
2001-09-01,2013-08-02,2018-09-27,16.4
2001-09-01,2018-09-28,9999-12-31,16.365
2001-10-01,2013-01-31,2013-08-01,22.0
2001-10-01,2013-08-02,2018-09-27,22.1
2001-10-01,2018-09-28,9999-12-31,22.055
2001-11-01,2013-01-31,2018-09-27,18.0
2001-11-01,2018-09-28,9999-12-31,18.031
2001-12-01,2013-01-31,2013-08-01,16.4
2001-12-01,2013-08-02,2018-09-27,16.5
2001-12-01,2018-09-28,9999-12-31,16.465
2002-01-01,2013-01-31,2018-09-27,16.5
2002-01-01,2018-09-28,9999-12-31,16.523
2002-02-01,2013-01-31,2018-09-27,17.3
2002-02-01,2018-09-28,9999-12-31,17.304
2002-03-01,2013-01-31,2018-09-27,17.1
2002-03-01,2018-09-28,2020-07-30,17.109
2002-03-01,2020-07-31,9999-12-31,17.107
2002-04-01,2013-01-31,2013-08-01,17.6
2002-04-01,2013-08-02,2018-09-27,17.7
2002-04-01,2018-09-28,2020-07-30,17.667
2002-04-01,2020-07-31,9999-12-31,17.668
2002-05-01,2013-01-31,2013-08-01,16.1
2002-05-01,2013-08-02,2018-09-27,16.2
2002-05-01,2018-09-28,2020-07-30,16.198
2002-05-01,2020-07-31,9999-12-31,16.197
2002-06-01,2013-01-31,2018-07-30,16.9
2002-06-01,2018-07-31,2018-09-27,17.0
2002-06-01,2018-09-28,9999-12-31,16.953
2002-07-01,2013-01-31,2013-08-01,18.1
2002-07-01,2013-08-02,2018-07-30,18.2
2002-07-01,2018-07-31,2018-09-27,18.1
2002-07-01,2018-09-28,2020-07-30,18.144
2002-07-01,2020-07-31,9999-12-31,18.147
2002-08-01,2013-01-31,2018-09-27,18.4
2002-08-01,2018-09-28,9999-12-31,18.449
2002-09-01,2013-01-31,2013-08-01,16.6
2002-09-01,2013-08-02,2018-09-27,16.7
2002-09-01,2018-09-28,9999-12-31,16.665
2002-10-01,2013-01-31,2013-08-01,16.2
2002-10-01,2013-08-02,2018-09-27,16.3
2002-10-01,2018-09-28,2020-07-30,16.26
2002-10-01,2020-07-31,9999-12-31,16.259
2002-11-01,2013-01-31,2018-09-27,16.5
2002-11-01,2018-09-28,9999-12-31,16.52
2002-12-01,2013-01-31,2018-09-27,17.9
2002-12-01,2018-09-28,9999-12-31,17.866
2003-01-01,2013-01-31,2018-09-27,16.7
2003-01-01,2018-09-28,2020-07-30,16.706
2003-01-01,2020-07-31,9999-12-31,16.708
2003-02-01,2013-01-31,2018-09-27,16.1
2003-02-01,2018-09-28,9999-12-31,16.114
2003-03-01,2013-01-31,2018-09-27,16.5
2003-03-01,2018-09-28,2020-07-30,16.466
2003-03-01,2020-07-31,9999-12-31,16.467
2003-04-01,2013-01-31,2018-07-30,16.7
2003-04-01,2018-07-31,2018-09-27,16.8
2003-04-01,2018-09-28,2020-07-30,16.754
2003-04-01,2020-07-31,9999-12-31,16.751
2003-05-01,2013-01-31,2018-09-27,16.5
2003-05-01,2018-09-28,2020-07-30,16.471
2003-05-01,2020-07-31,9999-12-31,16.47
2003-06-01,2013-01-31,2018-09-27,17.0
2003-06-01,2018-09-28,2020-07-30,17.014
2003-06-01,2020-07-31,9999-12-31,17.013
2003-07-01,2013-01-31,2018-09-27,17.1
2003-07-01,2018-09-28,2020-07-30,17.113
2003-07-01,2020-07-31,9999-12-31,17.117
2003-08-01,2013-01-31,2013-08-01,18.2
2003-08-01,2013-08-02,2018-09-27,18.3
2003-08-01,2018-09-28,9999-12-31,18.262
2003-09-01,2013-01-31,2013-08-01,17.2
2003-09-01,2013-08-02,2018-09-27,17.3
2003-09-01,2018-09-28,2020-07-30,17.287
2003-09-01,2020-07-31,9999-12-31,17.286
2003-10-01,2013-01-31,2013-08-01,16.4
2003-10-01,2013-08-02,2018-09-27,16.5
2003-10-01,2018-09-28,2020-07-30,16.49
2003-10-01,2020-07-31,9999-12-31,16.489
2003-11-01,2013-01-31,2018-09-27,17.6
2003-11-01,2018-09-28,9999-12-31,17.563
2003-12-01,2013-01-31,2018-09-27,17.4
2003-12-01,2018-09-28,9999-12-31,17.357
2004-01-01,2013-01-31,2018-09-27,16.7
2004-01-01,2018-09-28,2020-07-30,16.694
2004-01-01,2020-07-31,9999-12-31,16.695
2004-02-01,2013-01-31,2018-09-27,17.0
2004-02-01,2018-09-28,9999-12-31,17.032
2004-03-01,2013-01-31,2018-09-27,17.2
2004-03-01,2018-09-28,2020-07-30,17.246
2004-03-01,2020-07-31,9999-12-31,17.247
2004-04-01,2013-01-31,2020-07-30,16.9
2004-04-01,2020-07-31,9999-12-31,16.898
2004-05-01,2013-01-31,2018-09-27,18.2
2004-05-01,2018-09-28,2020-07-30,18.187
2004-05-01,2020-07-31,9999-12-31,18.186
2004-06-01,2013-01-31,2018-09-27,16.2
2004-06-01,2018-09-28,2020-07-30,16.174
2004-06-01,2020-07-31,9999-12-31,16.173
2004-07-01,2013-01-31,2018-09-27,17.3
2004-07-01,2018-09-28,2020-07-30,17.304
2004-07-01,2020-07-31,9999-12-31,17.309
2004-08-01,2013-01-31,2013-08-01,17.1
2004-08-01,2013-08-02,2018-09-27,17.2
2004-08-01,2018-09-28,2020-07-30,17.158
2004-08-01,2020-07-31,9999-12-31,17.157
2004-09-01,2013-01-31,2013-08-01,17.8
2004-09-01,2013-08-02,2018-09-27,17.9
2004-09-01,2018-09-28,2020-07-30,17.876
2004-09-01,2020-07-31,9999-12-31,17.875
2004-10-01,2013-01-31,2013-08-01,17.6
2004-10-01,2013-08-02,2018-09-27,17.5
2004-10-01,2018-09-28,9999-12-31,17.514
2004-11-01,2013-01-31,2018-09-27,17.4
2004-11-01,2018-09-28,9999-12-31,17.362
2004-12-01,2013-01-31,2018-09-27,18.1
2004-12-01,2018-09-28,9999-12-31,18.102
2005-01-01,2013-01-31,2018-09-27,16.9
2005-01-01,2018-09-28,2020-07-30,16.888
2005-01-01,2020-07-31,9999-12-31,16.889
2005-02-01,2013-01-31,2018-09-27,16.9
2005-02-01,2018-09-28,2020-07-30,16.887
2005-02-01,2020-07-31,9999-12-31,16.886
2005-03-01,2013-01-31,2018-09-27,17.4
2005-03-01,2018-09-28,2020-07-30,17.417
2005-03-01,2020-07-31,9999-12-31,17.413
2005-04-01,2013-01-31,2018-09-27,17.8
2005-04-01,2018-09-28,2020-07-30,17.754
2005-04-01,2020-07-31,9999-12-31,17.756
2005-05-01,2013-01-31,2018-09-27,17.4
2005-05-01,2018-09-28,9999-12-31,17.414
2005-06-01,2013-01-31,2018-09-27,18.5
2005-06-01,2018-09-28,2020-07-30,18.483
2005-06-01,2020-07-31,9999-12-31,18.482
2005-07-01,2013-01-31,2018-09-27,21.1
2005-07-01,2018-09-28,2020-07-30,21.129
2005-07-01,2020-07-31,9999-12-31,21.135
2005-08-01,2013-01-31,2018-09-27,17.4
2005-08-01,2018-09-28,2020-07-30,17.419
2005-08-01,2020-07-31,9999-12-31,17.418
2005-09-01,2013-01-31,2018-09-27,16.9
2005-09-01,2018-09-28,2020-07-30,16.928
2005-09-01,2020-07-31,9999-12-31,16.927
2005-10-01,2013-01-31,2018-09-27,15.3
2005-10-01,2018-09-28,9999-12-31,15.336
2005-11-01,2013-01-31,2018-09-27,16.5
2005-11-01,2018-09-28,9999-12-31,16.524
2005-12-01,2013-01-31,2018-09-27,17.2
2005-12-01,2018-09-28,9999-12-31,17.174
2006-01-01,2013-01-31,2018-09-27,18.1
2006-01-01,2018-09-28,9999-12-31,18.081
2006-02-01,2013-01-31,2018-09-27,17.1
2006-02-01,2018-09-28,2020-07-30,17.072
2006-02-01,2020-07-31,9999-12-31,17.071
2006-03-01,2013-01-31,2018-09-27,17.0
2006-03-01,2018-09-28,2020-07-30,16.959
2006-03-01,2020-07-31,9999-12-31,16.96
2006-04-01,2013-01-31,2013-08-01,17.2
2006-04-01,2013-08-02,2018-09-27,17.1
2006-04-01,2018-09-28,2020-07-30,17.129
2006-04-01,2020-07-31,9999-12-31,17.127
2006-05-01,2013-01-31,2018-09-27,16.7
2006-05-01,2018-09-28,9999-12-31,16.729
2006-06-01,2013-01-31,2013-08-01,16.8
2006-06-01,2013-08-02,2018-09-27,16.9
2006-06-01,2018-09-28,2020-07-30,16.901
2006-06-01,2020-07-31,9999-12-31,16.9
2006-07-01,2013-01-31,2013-08-01,17.6
2006-07-01,2013-08-02,2018-09-27,17.7
2006-07-01,2018-09-28,2020-07-30,17.655
2006-07-01,2020-07-31,9999-12-31,17.662
2006-08-01,2013-01-31,2018-09-27,16.5
2006-08-01,2018-09-28,2020-07-30,16.459
2006-08-01,2020-07-31,9999-12-31,16.458
2006-09-01,2013-01-31,2013-08-01,16.9
2006-09-01,2013-08-02,2018-09-27,17.0
2006-09-01,2018-09-28,2020-07-30,16.975
2006-09-01,2020-07-31,9999-12-31,16.974
2006-10-01,2013-01-31,2018-09-27,16.9
2006-10-01,2018-09-28,2020-07-30,16.866
2006-10-01,2020-07-31,9999-12-31,16.865
2006-11-01,2013-01-31,2013-08-01,16.6
2006-11-01,2013-08-02,2018-09-27,16.7
2006-11-01,2018-09-28,9999-12-31,16.657
2006-12-01,2013-01-31,2013-08-01,17.2
2006-12-01,2013-08-02,2018-09-27,17.1
2006-12-01,2018-09-28,9999-12-31,17.107
2007-01-01,2013-01-31,2018-09-27,16.9
2007-01-01,2018-09-28,9999-12-31,16.896
2007-02-01,2013-01-31,2018-09-27,17.2
2007-02-01,2018-09-28,9999-12-31,17.169
2007-03-01,2013-01-31,2018-09-27,16.4
2007-03-01,2018-09-28,2020-07-30,16.436
2007-03-01,2020-07-31,9999-12-31,16.438
2007-04-01,2013-01-31,2018-09-27,16.6
2007-04-01,2018-09-28,2020-07-30,16.617
2007-04-01,2020-07-31,9999-12-31,16.615
2007-05-01,2013-01-31,2018-09-27,16.7
2007-05-01,2018-09-28,9999-12-31,16.661
2007-06-01,2013-01-31,2018-09-27,16.2
2007-06-01,2018-09-28,9999-12-31,16.179
2007-07-01,2013-01-31,2018-09-27,15.8
2007-07-01,2018-09-28,2020-07-30,15.834
2007-07-01,2020-07-31,9999-12-31,15.837
2007-08-01,2013-01-31,2018-09-27,16.4
2007-08-01,2018-09-28,2020-07-30,16.38
2007-08-01,2020-07-31,9999-12-31,16.379
2007-09-01,2013-01-31,2018-09-27,16.5
2007-09-01,2018-09-28,2020-07-30,16.533
2007-09-01,2020-07-31,9999-12-31,16.532
2007-10-01,2013-01-31,2018-09-27,16.5
2007-10-01,2018-09-28,2020-07-30,16.456
2007-10-01,2020-07-31,9999-12-31,16.455
2007-11-01,2013-01-31,2018-09-27,16.4
2007-11-01,2018-09-28,9999-12-31,16.354
2007-12-01,2013-01-31,2018-09-27,16.0
2007-12-01,2018-09-28,9999-12-31,16.03
2008-01-01,2013-01-31,2013-08-01,15.8
2008-01-01,2013-08-02,2018-09-27,15.7
2008-01-01,2018-09-28,2020-07-30,15.706
2008-01-01,2020-07-31,9999-12-31,15.705
2008-02-01,2013-01-31,2013-08-01,15.8
2008-02-01,2013-08-02,2018-09-27,15.5
2008-02-01,2018-09-28,2020-07-30,15.492
2008-02-01,2020-07-31,9999-12-31,15.491
2008-03-01,2013-01-31,2013-08-01,15.2
2008-03-01,2013-08-02,2018-09-27,15.1
2008-03-01,2018-09-28,2020-07-30,15.116
2008-03-01,2020-07-31,9999-12-31,15.114
2008-04-01,2013-01-31,2013-08-01,14.8
2008-04-01,2013-08-02,2018-09-27,14.6
2008-04-01,2018-09-28,2020-07-30,14.602
2008-04-01,2020-07-31,9999-12-31,14.605
2008-05-01,2013-01-31,2013-08-01,14.5
2008-05-01,2013-08-02,2018-09-27,14.7
2008-05-01,2018-09-28,9999-12-31,14.697
2008-06-01,2013-01-31,2013-08-01,14.2
2008-06-01,2013-08-02,2018-09-27,14.4
2008-06-01,2018-09-28,9999-12-31,14.377
2008-07-01,2013-01-31,2018-09-27,13.0
2008-07-01,2018-09-28,2020-07-30,13.003
2008-07-01,2020-07-31,9999-12-31,13.006
2008-08-01,2013-01-31,2013-08-01,13.8
2008-08-01,2013-08-02,2018-09-27,14.1
2008-08-01,2018-09-28,9999-12-31,14.119
2008-09-01,2013-01-31,2018-09-27,13.0
2008-09-01,2018-09-28,2020-07-30,12.962
2008-09-01,2020-07-31,9999-12-31,12.961
2008-10-01,2013-01-31,2018-09-27,10.9
2008-10-01,2018-09-28,9999-12-31,10.933
2008-11-01,2013-01-31,2018-09-27,10.5
2008-11-01,2018-09-28,2020-07-30,10.525
2008-11-01,2020-07-31,9999-12-31,10.526
2008-12-01,2013-01-31,2018-09-27,10.4
2008-12-01,2018-09-28,9999-12-31,10.383
2009-01-01,2013-01-31,2018-09-27,9.8
2009-01-01,2018-09-28,9999-12-31,9.786
2009-02-01,2013-01-31,2018-09-27,9.2
2009-02-01,2018-09-28,9999-12-31,9.223
2009-03-01,2013-01-31,2013-08-01,9.7
2009-03-01,2013-08-02,2018-07-30,9.8
2009-03-01,2018-07-31,2018-09-27,9.7
2009-03-01,2018-09-28,9999-12-31,9.748
2009-04-01,2013-01-31,2018-09-27,9.4
2009-04-01,2018-09-28,2020-07-30,9.38
2009-04-01,2020-07-31,9999-12-31,9.379
2009-05-01,2013-01-31,2018-09-27,10.2
2009-05-01,2018-09-28,9999-12-31,10.176
2009-06-01,2013-01-31,2018-09-27,10.1
2009-06-01,2018-09-28,9999-12-31,10.149
2009-07-01,2013-01-31,2018-09-27,11.6
2009-07-01,2018-09-28,2020-07-30,11.565
2009-07-01,2020-07-31,9999-12-31,11.566
2009-08-01,2013-01-31,2018-09-27,14.8
2009-08-01,2018-09-28,9999-12-31,14.754
2009-09-01,2013-01-31,2018-09-27,9.5
2009-09-01,2018-09-28,2020-07-30,9.536
2009-09-01,2020-07-31,9999-12-31,9.535
2009-10-01,2013-01-31,2018-09-27,10.6
2009-10-01,2018-09-28,9999-12-31,10.576
2009-11-01,2013-01-31,2018-09-27,11.0
2009-11-01,2018-09-28,2020-07-30,11.04
2009-11-01,2020-07-31,9999-12-31,11.041
2009-12-01,2013-01-31,2018-09-27,11.3
2009-12-01,2018-09-28,9999-12-31,11.284
2010-01-01,2013-01-31,2018-09-27,10.9
2010-01-01,2018-09-28,9999-12-31,10.893
2010-02-01,2013-01-31,2018-09-27,10.3
2010-02-01,2018-09-28,9999-12-31,10.315
2010-03-01,2013-01-31,2013-08-01,11.7
2010-03-01,2013-08-02,2018-09-27,11.8
2010-03-01,2018-09-28,9999-12-31,11.772
2010-04-01,2013-01-31,2013-08-01,11.3
2010-04-01,2013-08-02,2018-09-27,11.5
2010-04-01,2018-09-28,9999-12-31,11.454
2010-05-01,2013-01-31,2013-08-01,11.9
2010-05-01,2013-08-02,2018-09-27,12.0
2010-05-01,2018-09-28,9999-12-31,12.03
2010-06-01,2013-01-31,2018-09-27,11.6
2010-06-01,2018-09-28,9999-12-31,11.598
2010-07-01,2013-01-31,2018-09-27,11.9
2010-07-01,2018-09-28,2020-07-30,11.947
2010-07-01,2020-07-31,9999-12-31,11.948
2010-08-01,2013-01-31,2018-09-27,12.0
2010-08-01,2018-09-28,9999-12-31,12.014
2010-09-01,2013-01-31,2013-08-01,12.0
2010-09-01,2013-08-02,2018-09-27,11.9
2010-09-01,2018-09-28,9999-12-31,11.922
2010-10-01,2013-01-31,2018-09-27,12.4
2010-10-01,2018-09-28,9999-12-31,12.414
2010-11-01,2013-01-31,2013-08-01,12.4
2010-11-01,2013-08-02,9999-12-31,12.3
2010-12-01,2013-01-31,2013-08-01,12.7
2010-12-01,2013-08-02,2018-09-27,12.6
2010-12-01,2018-09-28,2020-07-30,12.606
2010-12-01,2020-07-31,9999-12-31,12.605
2011-01-01,2013-01-31,2013-08-01,12.8
2011-01-01,2013-08-02,2014-07-31,12.7
2011-01-01,2014-08-01,2018-09-27,12.8
2011-01-01,2018-09-28,9999-12-31,12.806
2011-02-01,2013-01-31,2018-09-27,13.1
2011-02-01,2018-09-28,9999-12-31,13.081
2011-03-01,2013-01-31,2013-08-01,13.0
2011-03-01,2013-08-02,2014-07-31,13.1
2011-03-01,2014-08-01,2016-10-03,13.2
2011-03-01,2016-10-04,2018-09-27,13.3
2011-03-01,2018-09-28,9999-12-31,13.259
2011-04-01,2013-01-31,2013-08-01,13.2
2011-04-01,2013-08-02,2016-09-05,13.4
2011-04-01,2016-09-06,2018-09-27,13.3
2011-04-01,2018-09-28,2020-07-30,13.327
2011-04-01,2020-07-31,9999-12-31,13.326
2011-05-01,2013-01-31,2013-08-01,12.2
2011-05-01,2013-08-02,2018-09-27,12.3
2011-05-01,2018-09-28,9999-12-31,12.28
2011-06-01,2013-01-31,2014-07-31,12.0
2011-06-01,2014-08-01,2018-09-27,11.9
2011-06-01,2018-09-28,9999-12-31,11.886
2011-07-01,2013-01-31,2018-09-27,12.7
2011-07-01,2018-09-28,2020-07-30,12.719
2011-07-01,2020-07-31,9999-12-31,12.72
2011-08-01,2013-01-31,2014-07-31,12.7
2011-08-01,2014-08-01,2018-09-27,12.6
2011-08-01,2018-09-28,9999-12-31,12.604
2011-09-01,2013-01-31,2013-08-01,13.4
2011-09-01,2013-08-02,2014-07-31,13.3
2011-09-01,2014-08-01,2018-09-27,13.4
2011-09-01,2018-09-28,9999-12-31,13.356
2011-10-01,2013-01-31,2014-07-31,13.6
2011-10-01,2014-08-01,2018-09-27,13.7
2011-10-01,2018-09-28,2020-07-30,13.731
2011-10-01,2020-07-31,9999-12-31,13.73
2011-11-01,2013-01-31,2013-08-01,13.8
2011-11-01,2013-08-02,2014-07-31,13.7
2011-11-01,2014-08-01,2016-10-03,13.6
2011-11-01,2016-10-04,2018-09-27,13.7
2011-11-01,2018-09-28,2020-07-30,13.742
2011-11-01,2020-07-31,9999-12-31,13.743
2011-12-01,2013-01-31,2013-08-01,13.9
2011-12-01,2013-08-02,2018-09-27,13.8
2011-12-01,2018-09-28,9999-12-31,13.798
2012-01-01,2013-01-31,2013-08-01,14.3
2012-01-01,2013-08-02,2014-07-31,14.2
2012-01-01,2014-08-01,2016-09-05,14.3
2012-01-01,2016-09-06,2018-09-27,14.4
2012-01-01,2018-09-28,9999-12-31,14.395
2012-02-01,2013-01-31,2015-08-02,14.8
2012-02-01,2015-08-03,2016-09-05,14.9
2012-02-01,2016-09-06,2018-09-27,15.0
2012-02-01,2018-09-28,9999-12-31,14.975
2012-03-01,2013-01-31,2013-08-01,14.4
2012-03-01,2013-08-02,2015-08-02,14.5
2012-03-01,2015-08-03,2018-09-27,14.6
2012-03-01,2018-09-28,9999-12-31,14.594
2012-04-01,2013-01-31,2013-08-01,14.4
2012-04-01,2013-08-02,2015-08-02,14.7
2012-04-01,2015-08-03,2018-09-27,14.8
2012-04-01,2018-09-28,2020-07-30,14.77
2012-04-01,2020-07-31,9999-12-31,14.769
2012-05-01,2013-01-31,2013-08-01,14.3
2012-05-01,2013-08-02,2014-07-31,14.5
2012-05-01,2014-08-01,2016-09-05,14.4
2012-05-01,2016-09-06,2018-09-27,14.5
2012-05-01,2018-09-28,9999-12-31,14.496
2012-06-01,2013-01-31,2014-07-31,14.7
2012-06-01,2014-08-01,2015-08-02,14.6
2012-06-01,2015-08-03,2016-09-05,14.5
2012-06-01,2016-09-06,2016-10-03,14.4
2012-06-01,2016-10-04,2018-09-27,14.5
2012-06-01,2018-09-28,9999-12-31,14.467
2012-07-01,2013-01-31,2013-08-01,14.4
2012-07-01,2013-08-02,2016-09-05,14.5
2012-07-01,2016-09-06,2018-09-27,14.4
2012-07-01,2018-09-28,9999-12-31,14.38
2012-08-01,2013-01-31,2014-07-31,14.8
2012-08-01,2014-08-01,2015-08-02,14.6
2012-08-01,2015-08-03,2016-10-03,14.5
2012-08-01,2016-10-04,2018-09-27,14.4
2012-08-01,2018-09-28,9999-12-31,14.444
2012-09-01,2013-01-31,2013-08-01,15.2
2012-09-01,2013-08-02,2015-08-02,15.1
2012-09-01,2015-08-03,2016-10-03,15.2
2012-09-01,2016-10-04,2018-09-27,15.1
2012-09-01,2018-09-28,9999-12-31,15.099
2012-10-01,2013-01-31,2013-08-01,14.5
2012-10-01,2013-08-02,2014-07-31,14.6
2012-10-01,2014-08-01,2015-08-02,14.7
2012-10-01,2015-08-03,2018-09-27,14.8
2012-10-01,2018-09-28,2020-07-30,14.831
2012-10-01,2020-07-31,9999-12-31,14.83
2012-11-01,2013-01-31,2013-08-01,15.8
2012-11-01,2013-08-02,2014-07-31,15.6
2012-11-01,2014-08-01,2015-08-02,15.5
2012-11-01,2015-08-03,2016-10-03,15.4
2012-11-01,2016-10-04,2018-09-27,15.5
2012-11-01,2018-09-28,9999-12-31,15.456
2012-12-01,2013-01-31,2013-08-01,15.7
2012-12-01,2013-08-02,2014-07-31,15.5
2012-12-01,2014-08-01,2016-09-05,15.6
2012-12-01,2016-09-06,2018-09-27,15.5
2012-12-01,2018-09-28,9999-12-31,15.462
2013-01-01,2013-02-05,2013-02-28,15.6
2013-01-01,2013-03-01,2014-07-31,15.5
2013-01-01,2014-08-01,2015-08-02,15.6
2013-01-01,2015-08-03,2016-09-05,15.7
2013-01-01,2016-09-06,2018-09-27,15.8
2013-01-01,2018-09-28,9999-12-31,15.813
2013-02-01,2013-03-04,2013-08-01,15.7
2013-02-01,2013-08-02,2014-07-31,15.6
2013-02-01,2014-08-01,2015-08-02,15.7
2013-02-01,2015-08-03,2016-09-05,15.9
2013-02-01,2016-09-06,2018-07-30,16.0
2013-02-01,2018-07-31,2018-09-27,15.9
2013-02-01,2018-09-28,9999-12-31,15.861
2013-03-01,2013-04-29,2013-08-01,15.5
2013-03-01,2013-08-02,2015-08-02,15.6
2013-03-01,2015-08-03,2016-09-05,15.7
2013-03-01,2016-09-06,2018-07-30,15.8
2013-03-01,2018-07-31,2018-09-27,15.7
2013-03-01,2018-09-28,2019-07-29,15.724
2013-03-01,2019-07-30,2020-07-30,15.723
2013-03-01,2020-07-31,9999-12-31,15.721
2013-04-01,2013-05-02,2013-08-01,15.2
2013-04-01,2013-08-02,2014-07-31,15.5
2013-04-01,2014-08-01,2015-08-02,15.6
2013-04-01,2015-08-03,2016-08-01,15.7
2013-04-01,2016-08-02,2018-09-27,15.8
2013-04-01,2018-09-28,2019-07-29,15.808
2013-04-01,2019-07-30,2020-07-30,15.81
2013-04-01,2020-07-31,9999-12-31,15.811
2013-05-01,2013-06-04,2013-08-01,15.6
2013-05-01,2013-08-02,2015-08-02,15.8
2013-05-01,2015-08-03,2018-07-30,15.7
2013-05-01,2018-07-31,2018-09-27,15.9
2013-05-01,2018-09-28,9999-12-31,15.884
2013-06-01,2013-07-03,2014-07-31,16.2
2013-06-01,2014-08-01,2015-08-02,16.1
2013-06-01,2015-08-03,2016-08-01,16.0
2013-06-01,2016-08-02,2018-09-27,16.1
2013-06-01,2018-09-28,2020-07-30,16.148
2013-06-01,2020-07-31,9999-12-31,16.149
2013-07-01,2013-08-06,2014-07-31,16.1
2013-07-01,2014-08-01,2015-08-02,16.0
2013-07-01,2015-08-03,2016-08-01,16.1
2013-07-01,2016-08-02,2018-09-27,16.0
2013-07-01,2018-09-28,9999-12-31,16.021
2013-08-01,2013-09-05,2014-07-31,16.4
2013-08-01,2014-08-01,2015-08-02,16.2
2013-08-01,2015-08-03,2018-07-30,16.0
2013-08-01,2018-07-31,2018-09-27,15.8
2013-08-01,2018-09-28,9999-12-31,15.827
2013-09-01,2013-10-17,2014-07-31,15.6
2013-09-01,2014-08-01,2015-08-02,15.7
2013-09-01,2015-08-03,2016-08-01,15.8
2013-09-01,2016-08-02,2016-09-05,15.7
2013-09-01,2016-09-06,2018-07-30,15.5
2013-09-01,2018-07-31,2018-09-27,15.9
2013-09-01,2018-09-28,9999-12-31,15.857
2013-10-01,2013-11-05,2014-07-31,15.5
2013-10-01,2014-08-01,2015-08-02,15.6
2013-10-01,2015-08-03,2018-09-27,15.7
2013-10-01,2018-09-28,2019-07-29,15.729
2013-10-01,2019-07-30,2020-07-30,15.728
2013-10-01,2020-07-31,9999-12-31,15.727
2013-11-01,2013-12-04,2014-07-31,16.7
2013-11-01,2014-08-01,2015-08-02,16.6
2013-11-01,2015-08-03,2016-08-01,16.5
2013-11-01,2016-08-02,2016-09-05,16.4
2013-11-01,2016-09-06,2018-07-30,16.5
2013-11-01,2018-07-31,2018-09-27,16.1
2013-11-01,2018-09-28,2020-07-30,16.078
2013-11-01,2020-07-31,9999-12-31,16.079
2013-12-01,2014-01-06,2014-01-30,15.6
2013-12-01,2014-01-31,2014-07-31,15.7
2013-12-01,2014-08-01,2018-09-27,15.8
2013-12-01,2018-09-28,2019-07-29,15.835
2013-12-01,2019-07-30,2020-07-30,15.834
2013-12-01,2020-07-31,9999-12-31,15.835
2014-01-01,2014-02-05,2014-08-03,15.5
2014-01-01,2014-08-04,2016-08-01,15.6
2014-01-01,2016-08-02,2016-09-05,15.7
2014-01-01,2016-09-06,2017-08-01,15.8
2014-01-01,2017-08-02,2018-07-30,15.7
2014-01-01,2018-07-31,2018-09-27,15.6
2014-01-01,2018-09-28,2019-07-29,15.623
2014-01-01,2019-07-30,9999-12-31,15.614
2014-02-01,2014-03-05,2014-03-27,15.7
2014-02-01,2014-03-28,2014-07-31,15.6
2014-02-01,2014-08-01,2015-08-02,15.7
2014-02-01,2015-08-03,2016-09-05,15.9
2014-02-01,2016-09-06,2018-07-30,16.0
2014-02-01,2018-07-31,2018-09-27,15.9
2014-02-01,2018-09-28,2019-07-29,15.942
2014-02-01,2019-07-30,9999-12-31,15.993
2014-03-01,2014-04-02,2014-07-31,16.7
2014-03-01,2014-08-01,2016-08-01,16.8
2014-03-01,2016-08-02,2017-08-01,17.0
2014-03-01,2017-08-02,2018-07-30,17.2
2014-03-01,2018-07-31,2018-09-27,17.0
2014-03-01,2018-09-28,2019-07-29,17.029
2014-03-01,2019-07-30,9999-12-31,16.985
2014-04-01,2014-05-05,2015-08-02,16.4
2014-04-01,2015-08-03,2016-08-01,16.6
2014-04-01,2016-08-02,2016-09-05,16.7
2014-04-01,2016-09-06,2017-08-01,16.6
2014-04-01,2017-08-02,2018-09-27,16.7
2014-04-01,2018-09-28,2019-07-29,16.684
2014-04-01,2019-07-30,2020-07-30,16.697
2014-04-01,2020-07-31,9999-12-31,16.695
2014-05-01,2014-06-04,2014-07-31,17.1
2014-05-01,2014-08-01,2014-08-03,17.0
2014-05-01,2014-08-04,2015-08-02,17.1
2014-05-01,2015-08-03,2016-08-01,17.0
2014-05-01,2016-08-02,2016-09-05,16.9
2014-05-01,2016-09-06,2017-08-01,17.0
2014-05-01,2017-08-02,2018-09-27,17.1
2014-05-01,2018-09-28,2019-07-29,17.128
2014-05-01,2019-07-30,9999-12-31,17.137
2014-06-01,2014-07-03,2014-08-03,17.3
2014-06-01,2014-08-04,2015-08-02,17.2
2014-06-01,2015-08-03,2016-08-01,17.1
2014-06-01,2016-08-02,2017-08-01,17.2
2014-06-01,2017-08-02,2018-07-30,17.4
2014-06-01,2018-07-31,2018-09-27,17.5
2014-06-01,2018-09-28,2019-07-29,17.505
2014-06-01,2019-07-30,9999-12-31,17.516
2014-07-01,2014-08-04,2015-08-02,16.8
2014-07-01,2015-08-03,2016-09-05,16.9
2014-07-01,2016-09-06,2018-07-30,17.0
2014-07-01,2018-07-31,2018-09-27,17.2
2014-07-01,2018-09-28,2019-07-29,17.201
2014-07-01,2019-07-30,9999-12-31,17.277
2014-08-01,2014-09-04,2015-08-02,17.9
2014-08-01,2015-08-03,2016-08-01,17.7
2014-08-01,2016-08-02,2016-09-05,17.6
2014-08-01,2016-09-06,2017-08-01,17.5
2014-08-01,2017-08-02,2018-07-30,17.7
2014-08-01,2018-07-31,2018-09-27,17.2
2014-08-01,2018-09-28,2019-07-29,17.191
2014-08-01,2019-07-30,9999-12-31,17.239
2014-09-01,2014-10-02,2015-08-02,16.8
2014-09-01,2015-08-03,2016-08-01,16.9
2014-09-01,2016-08-02,2018-07-30,16.7
2014-09-01,2018-07-31,2018-09-27,17.0
2014-09-01,2018-09-28,2019-07-29,16.996
2014-09-01,2019-07-30,9999-12-31,16.959
2014-10-01,2014-11-04,2015-08-02,16.8
2014-10-01,2015-08-03,2016-08-01,16.9
2014-10-01,2016-08-02,2017-08-01,16.8
2014-10-01,2017-08-02,2018-07-30,16.7
2014-10-01,2018-07-31,2018-09-27,16.8
2014-10-01,2018-09-28,2019-07-29,16.798
2014-10-01,2019-07-30,2020-07-30,16.757
2014-10-01,2020-07-31,9999-12-31,16.756
2014-11-01,2014-12-03,2015-08-02,17.5
2014-11-01,2015-08-03,2016-09-05,17.4
2014-11-01,2016-09-06,2017-08-01,17.3
2014-11-01,2017-08-02,2018-07-30,17.2
2014-11-01,2018-07-31,2018-09-27,17.0
2014-11-01,2018-09-28,2019-07-29,17.012
2014-11-01,2019-07-30,2020-07-30,16.947
2014-11-01,2020-07-31,9999-12-31,16.949
2014-12-01,2015-01-06,2016-08-01,17.2
2014-12-01,2016-08-02,2016-09-05,17.4
2014-12-01,2016-09-06,2017-08-01,17.3
2014-12-01,2017-08-02,2018-07-30,17.1
2014-12-01,2018-07-31,2018-09-27,17.2
2014-12-01,2018-09-28,2019-07-29,17.19
2014-12-01,2019-07-30,2020-07-30,17.179
2014-12-01,2020-07-31,9999-12-31,17.178
2015-01-01,2015-02-04,2015-08-02,17.0
2015-01-01,2015-08-03,2016-08-01,17.1
2015-01-01,2016-08-02,2016-08-02,17.2
2015-01-01,2016-08-03,2016-09-05,17.3
2015-01-01,2016-09-06,2017-08-01,17.2
2015-01-01,2017-08-02,2018-07-30,17.1
2015-01-01,2018-07-31,2018-09-27,17.0
2015-01-01,2018-09-28,2019-07-29,16.961
2015-01-01,2019-07-30,2020-07-30,16.935
2015-01-01,2020-07-31,2021-02-04,16.904
2015-01-01,2021-02-05,2021-07-29,16.913
2015-01-01,2021-07-30,2023-10-05,16.912
2015-01-01,2023-10-06,9999-12-31,16.91
2015-02-01,2015-03-04,2015-08-02,16.6
2015-02-01,2015-08-03,2016-08-01,16.8
2015-02-01,2016-08-02,2017-08-01,16.9
2015-02-01,2017-08-02,2018-09-27,16.8
2015-02-01,2018-09-28,2019-07-29,16.81
2015-02-01,2019-07-30,2020-07-30,16.889
2015-02-01,2020-07-31,2021-02-04,16.886
2015-02-01,2021-02-05,2023-10-05,16.895
2015-02-01,2023-10-06,9999-12-31,16.891
2015-03-01,2015-04-02,2016-08-01,17.5
2015-03-01,2016-08-02,2017-08-01,17.8
2015-03-01,2017-08-02,2018-09-27,17.9
2015-03-01,2018-09-28,2019-07-29,17.862
2015-03-01,2019-07-30,2020-07-30,17.849
2015-03-01,2020-07-31,2021-02-04,17.885
2015-03-01,2021-02-05,2021-07-29,17.893
2015-03-01,2021-07-30,2023-10-05,17.894
2015-03-01,2023-10-06,9999-12-31,17.896
2015-04-01,2015-05-04,2015-08-02,16.9
2015-04-01,2015-08-03,2016-08-01,17.1
2015-04-01,2016-08-02,2016-09-05,17.3
2015-04-01,2016-09-06,2017-08-01,17.2
2015-04-01,2017-08-02,2018-07-30,17.4
2015-04-01,2018-07-31,2018-09-27,17.6
2015-04-01,2018-09-28,2019-07-29,17.614
2015-04-01,2019-07-30,2020-07-30,17.638
2015-04-01,2020-07-31,2021-02-04,17.675
2015-04-01,2021-02-05,2021-07-29,17.687
2015-04-01,2021-07-30,2023-10-05,17.689
2015-04-01,2023-10-06,9999-12-31,17.693
2015-05-01,2015-06-03,2016-08-01,18.1
2015-05-01,2016-08-02,2016-09-05,18.0
2015-05-01,2016-09-06,2018-07-30,18.1
2015-05-01,2018-07-31,2018-09-27,18.0
2015-05-01,2018-09-28,2019-07-29,18.018
2015-05-01,2019-07-30,2020-07-30,18.017
2015-05-01,2020-07-31,2021-02-04,17.932
2015-05-01,2021-02-05,2023-10-05,17.945
2015-05-01,2023-10-06,9999-12-31,17.929
2015-06-01,2015-07-02,2015-08-02,17.6
2015-06-01,2015-08-03,2016-08-01,17.4
2015-06-01,2016-08-02,2016-09-05,17.5
2015-06-01,2016-09-06,2017-08-01,17.6
2015-06-01,2017-08-02,2018-09-27,17.8
2015-06-01,2018-09-28,2019-07-29,17.843
2015-06-01,2019-07-30,2020-07-30,17.87
2015-06-01,2020-07-31,2021-02-04,17.869
2015-06-01,2021-02-05,2023-10-05,17.881
2015-06-01,2023-10-06,9999-12-31,17.889
2015-07-01,2015-08-04,2015-08-27,18.0
2015-07-01,2015-08-28,2016-08-01,17.9
2015-07-01,2016-08-02,2016-08-02,18.0
2015-07-01,2016-08-03,2016-09-05,17.9
2015-07-01,2016-09-06,2018-07-30,18.0
2015-07-01,2018-07-31,2018-09-27,18.2
2015-07-01,2018-09-28,2019-07-29,18.227
2015-07-01,2019-07-30,2020-07-30,18.314
2015-07-01,2020-07-31,2021-02-04,18.293
2015-07-01,2021-02-05,2021-07-29,18.304
2015-07-01,2021-07-30,2023-10-05,18.305
2015-07-01,2023-10-06,9999-12-31,18.318
2015-08-01,2015-09-02,2016-09-05,18.2
2015-08-01,2016-09-06,2017-08-01,18.0
2015-08-01,2017-08-02,2018-07-30,18.2
2015-08-01,2018-07-31,2018-09-27,18.4
2015-08-01,2018-09-28,2019-07-29,18.37
2015-08-01,2019-07-30,2020-07-30,18.44
2015-08-01,2020-07-31,2021-02-04,18.396
2015-08-01,2021-02-05,2021-07-29,18.408
2015-08-01,2021-07-30,2023-10-05,18.407
2015-08-01,2023-10-06,9999-12-31,18.391
2015-09-01,2015-10-05,2016-08-01,18.5
2015-09-01,2016-08-02,2018-07-30,18.4
2015-09-01,2018-07-31,2018-09-27,18.3
2015-09-01,2018-09-28,2019-07-29,18.29
2015-09-01,2019-07-30,2020-07-30,18.232
2015-09-01,2020-07-31,2021-02-04,18.259
2015-09-01,2021-02-05,2021-07-29,18.272
2015-09-01,2021-07-30,2023-10-05,18.273
2015-09-01,2023-10-06,9999-12-31,18.281
2015-10-01,2015-11-04,2015-12-01,18.6
2015-10-01,2015-12-02,2016-01-05,18.5
2015-10-01,2016-01-06,2016-08-01,18.6
2015-10-01,2016-08-02,2017-08-01,18.5
2015-10-01,2017-08-02,2018-07-30,18.4
2015-10-01,2018-07-31,2018-09-27,18.3
2015-10-01,2018-09-28,2019-07-29,18.274
2015-10-01,2019-07-30,2020-07-30,18.202
2015-10-01,2020-07-31,2021-02-04,18.257
2015-10-01,2021-02-05,2021-07-29,18.271
2015-10-01,2021-07-30,2023-10-05,18.272
2015-10-01,2023-10-06,9999-12-31,18.27
2015-11-01,2015-12-02,2016-02-02,18.5
2015-11-01,2016-02-03,2016-08-01,18.6
2015-11-01,2016-08-02,2016-09-05,18.4
2015-11-01,2016-09-06,2017-08-01,18.6
2015-11-01,2017-08-02,2018-09-27,18.4
2015-11-01,2018-09-28,2019-07-29,18.391
2015-11-01,2019-07-30,2020-07-30,18.316
2015-11-01,2020-07-31,2021-02-04,18.308
2015-11-01,2021-02-05,2021-07-29,18.322
2015-11-01,2021-07-30,2023-10-05,18.32
2015-11-01,2023-10-06,9999-12-31,18.314
2015-12-01,2016-01-06,2016-02-02,17.7
2015-12-01,2016-02-03,2016-08-01,17.6
2015-12-01,2016-08-02,2016-10-03,17.9
2015-12-01,2016-10-04,2017-08-01,17.8
2015-12-01,2017-08-02,2018-07-30,17.6
2015-12-01,2018-07-31,2018-09-27,17.5
2015-12-01,2018-09-28,2019-07-29,17.485
2015-12-01,2019-07-30,2020-07-30,17.441
2015-12-01,2020-07-31,2021-02-04,17.48
2015-12-01,2021-02-05,2023-10-05,17.492
2015-12-01,2023-10-06,9999-12-31,17.503
2016-01-01,2016-02-03,2016-08-01,17.9
2016-01-01,2016-08-02,2016-08-02,18.0
2016-01-01,2016-08-03,2016-09-05,17.9
2016-01-01,2016-09-06,2017-08-01,18.2
2016-01-01,2017-08-02,2018-09-27,18.1
2016-01-01,2018-09-28,2019-07-29,18.116
2016-01-01,2019-07-30,2020-07-30,18.091
2016-01-01,2020-07-31,2021-02-04,18.064
2016-01-01,2021-02-05,2021-07-29,18.072
2016-01-01,2021-07-30,2022-10-06,18.071
2016-01-01,2022-10-07,2023-10-05,18.07
2016-01-01,2023-10-06,9999-12-31,18.054
2016-02-01,2016-03-02,2016-08-01,17.9
2016-02-01,2016-08-02,2017-08-01,18.0
2016-02-01,2017-08-02,2018-02-04,17.9
2016-02-01,2018-02-05,2018-07-30,18.0
2016-02-01,2018-07-31,2018-09-27,17.9
2016-02-01,2018-09-28,2019-02-06,17.921
2016-02-01,2019-02-07,2019-07-29,17.922
2016-02-01,2019-07-30,2020-07-30,18.025
2016-02-01,2020-07-31,2021-02-04,18.022
2016-02-01,2021-02-05,2021-07-29,18.032
2016-02-01,2021-07-30,2023-10-05,18.08
2016-02-01,2023-10-06,9999-12-31,18.096
2016-03-01,2016-04-04,2016-08-01,16.9
2016-03-01,2016-08-02,2016-09-05,17.2
2016-03-01,2016-09-06,2017-08-01,17.0
2016-03-01,2017-08-02,2018-07-30,17.2
2016-03-01,2018-07-31,2018-09-27,17.3
2016-03-01,2018-09-28,2019-07-29,17.337
2016-03-01,2019-07-30,2020-07-30,17.328
2016-03-01,2020-07-31,2021-02-04,17.394
2016-03-01,2021-02-05,2021-07-29,17.404
2016-03-01,2021-07-30,2022-10-06,17.289
2016-03-01,2022-10-07,2023-10-05,17.29
2016-03-01,2023-10-06,9999-12-31,17.291
2016-04-01,2016-05-04,2016-05-30,17.8
2016-04-01,2016-05-31,2016-08-01,17.7
2016-04-01,2016-08-02,2016-09-05,17.9
2016-04-01,2016-09-06,2017-08-01,17.8
2016-04-01,2017-08-02,2018-07-30,17.9
2016-04-01,2018-07-31,2018-09-27,17.7
2016-04-01,2018-09-28,2019-07-29,17.691
2016-04-01,2019-07-30,2020-07-30,17.715
2016-04-01,2020-07-31,2021-02-04,17.693
2016-04-01,2021-02-05,2021-07-29,17.705
2016-04-01,2021-07-30,2022-10-06,17.665
2016-04-01,2022-10-07,2023-10-05,17.664
2016-04-01,2023-10-06,9999-12-31,17.669
2016-05-01,2016-06-02,2016-08-01,17.8
2016-05-01,2016-08-02,2016-09-05,17.6
2016-05-01,2016-09-06,2017-08-01,17.5
2016-05-01,2017-08-02,2018-07-30,17.6
2016-05-01,2018-07-31,2018-09-27,17.7
2016-05-01,2018-09-28,2019-07-29,17.713
2016-05-01,2019-07-30,2020-07-30,17.758
2016-05-01,2020-07-31,2021-02-04,17.698
2016-05-01,2021-02-05,2021-07-29,17.709
2016-05-01,2021-07-30,2023-10-05,17.697
2016-05-01,2023-10-06,9999-12-31,17.695
2016-06-01,2016-07-05,2016-08-01,17.0
2016-06-01,2016-08-02,2016-09-05,17.1
2016-06-01,2016-09-06,2017-08-01,17.2
2016-06-01,2017-08-02,2018-07-30,17.4
2016-06-01,2018-07-31,2018-09-27,17.7
2016-06-01,2018-09-28,2019-02-06,17.726
2016-06-01,2019-02-07,2019-07-29,17.727
2016-06-01,2019-07-30,2020-07-30,17.73
2016-06-01,2020-07-31,2021-02-04,17.736
2016-06-01,2021-02-05,2021-07-29,17.747
2016-06-01,2021-07-30,2022-10-06,17.729
2016-06-01,2022-10-07,2023-10-05,17.728
2016-06-01,2023-10-06,9999-12-31,17.735
2016-07-01,2016-08-03,2016-08-28,18.2
2016-07-01,2016-08-29,2016-09-05,18.1
2016-07-01,2016-09-06,2017-08-01,18.2
2016-07-01,2017-08-02,2018-07-30,18.1
2016-07-01,2018-07-31,2018-09-27,18.0
2016-07-01,2018-09-28,2019-07-29,18.033
2016-07-01,2019-07-30,2020-07-30,18.108
2016-07-01,2020-07-31,2021-02-04,18.057
2016-07-01,2021-02-05,2021-07-29,18.066
2016-07-01,2021-07-30,2023-10-05,18.123
2016-07-01,2023-10-06,9999-12-31,18.109
2016-08-01,2016-09-06,2016-10-03,17.2
2016-08-01,2016-10-04,2017-08-01,17.3
2016-08-01,2017-08-02,2018-07-30,17.5
2016-08-01,2018-07-31,2018-09-27,17.8
2016-08-01,2018-09-28,2019-07-29,17.787
2016-08-01,2019-07-30,2020-07-30,17.899
2016-08-01,2020-07-31,2021-02-04,17.875
2016-08-01,2021-02-05,2021-07-29,17.886
2016-08-01,2021-07-30,2022-10-06,17.916
2016-08-01,2022-10-07,2023-10-05,17.917
2016-08-01,2023-10-06,9999-12-31,17.927
2016-09-01,2016-10-04,2016-10-30,18.1
2016-09-01,2016-10-31,2016-12-01,18.0
2016-09-01,2016-12-02,2017-08-01,18.1
2016-09-01,2017-08-02,2018-09-27,18.0
2016-09-01,2018-09-28,2019-07-29,18.032
2016-09-01,2019-07-30,2020-07-30,17.961
2016-09-01,2020-07-31,2021-02-04,17.944
2016-09-01,2021-02-05,2021-07-29,17.959
2016-09-01,2021-07-30,2022-10-06,17.948
2016-09-01,2022-10-07,2023-10-05,17.949
2016-09-01,2023-10-06,9999-12-31,17.956
2016-10-01,2016-11-09,2017-08-01,18.3
2016-10-01,2017-08-02,2018-07-30,18.2
2016-10-01,2018-07-31,2018-09-27,18.0
2016-10-01,2018-09-28,2019-07-29,17.98
2016-10-01,2019-07-30,2020-07-30,17.856
2016-10-01,2020-07-31,2021-02-04,17.94
2016-10-01,2021-02-05,2021-07-29,17.956
2016-10-01,2021-07-30,2022-10-06,17.967
2016-10-01,2022-10-07,2023-10-05,17.966
2016-10-01,2023-10-06,9999-12-31,17.954
2016-11-01,2016-12-02,2017-08-01,18.1
2016-11-01,2017-08-02,2018-07-30,17.9
2016-11-01,2018-07-31,2018-09-27,17.8
2016-11-01,2018-09-28,2019-02-06,17.82
2016-11-01,2019-02-07,2019-07-29,17.819
2016-11-01,2019-07-30,2020-07-30,17.748
2016-11-01,2020-07-31,2021-02-04,17.757
2016-11-01,2021-02-05,2021-07-29,17.775
2016-11-01,2021-07-30,2023-10-05,17.785
2016-11-01,2023-10-06,9999-12-31,17.792
2016-12-01,2017-01-05,2017-08-01,18.7
2016-12-01,2017-08-02,2018-07-30,18.4
2016-12-01,2018-07-31,2018-09-27,18.2
2016-12-01,2018-09-28,2019-07-29,18.243
2016-12-01,2019-07-30,2020-07-30,18.18
2016-12-01,2020-07-31,2021-02-04,18.218
2016-12-01,2021-02-05,2021-07-29,18.236
2016-12-01,2021-07-30,2022-10-06,18.279
2016-12-01,2022-10-07,2023-10-05,18.278
2016-12-01,2023-10-06,9999-12-31,18.277
2017-01-01,2017-02-02,2017-02-28,17.9
2017-01-01,2017-03-01,2017-04-04,17.8
2017-01-01,2017-04-05,2017-08-01,17.9
2017-01-01,2017-08-02,2018-09-27,17.7
2017-01-01,2018-09-28,2019-02-06,17.692
2017-01-01,2019-02-07,2019-07-29,17.678
2017-01-01,2019-07-30,2020-07-30,17.665
2017-01-01,2020-07-31,2021-02-04,17.638
2017-01-01,2021-02-05,2021-07-29,17.651
2017-01-01,2021-07-30,2022-10-06,17.635
2017-01-01,2022-10-07,2023-10-05,17.654
2017-01-01,2023-10-06,9999-12-31,17.652
2017-02-01,2017-03-02,2017-04-30,17.9
2017-02-01,2017-05-01,2017-08-01,17.8
2017-02-01,2017-08-02,2018-09-27,17.7
2017-02-01,2018-09-28,2019-02-06,17.664
2017-02-01,2019-02-07,2019-07-29,17.651
2017-02-01,2019-07-30,2020-07-30,17.773
2017-02-01,2020-07-31,2021-02-04,17.776
2017-02-01,2021-02-05,2021-07-29,17.791
2017-02-01,2021-07-30,2022-10-06,17.833
2017-02-01,2022-10-07,2023-10-05,17.702
2017-02-01,2023-10-06,9999-12-31,17.699
2017-03-01,2017-04-05,2017-08-01,16.9
2017-03-01,2017-08-02,2018-09-27,17.1
2017-03-01,2018-09-28,2019-02-06,17.144
2017-03-01,2019-02-07,2019-07-29,17.13
2017-03-01,2019-07-30,2020-07-30,17.097
2017-03-01,2020-07-31,2021-02-04,17.127
2017-03-01,2021-02-05,2021-07-29,17.141
2017-03-01,2021-07-30,2022-10-06,16.995
2017-03-01,2022-10-07,2023-10-05,17.047
2017-03-01,2023-10-06,9999-12-31,17.061
2017-04-01,2017-05-01,2017-08-01,17.2
2017-04-01,2017-08-02,2018-07-30,17.4
2017-04-01,2018-07-31,2018-09-27,17.2
2017-04-01,2018-09-28,2019-02-06,17.243
2017-04-01,2019-02-07,2019-07-29,17.229
2017-04-01,2019-07-30,2020-07-30,17.281
2017-04-01,2020-07-31,2021-02-04,17.285
2017-04-01,2021-02-05,2021-07-29,17.3
2017-04-01,2021-07-30,2022-10-06,17.214
2017-04-01,2022-10-07,2023-10-05,17.188
2017-04-01,2023-10-06,9999-12-31,17.166
2017-05-01,2017-06-02,2017-08-01,17.0
2017-05-01,2017-08-02,2018-07-30,17.1
2017-05-01,2018-07-31,2018-09-27,17.2
2017-05-01,2018-09-28,2019-02-06,17.214
2017-05-01,2019-02-07,2019-07-29,17.2
2017-05-01,2019-07-30,2020-07-30,17.254
2017-05-01,2020-07-31,2021-02-04,17.184
2017-05-01,2021-02-05,2021-07-29,17.198
2017-05-01,2021-07-30,2022-10-06,17.158
2017-05-01,2022-10-07,2023-10-05,17.07
2017-05-01,2023-10-06,9999-12-31,17.081
2017-06-01,2017-07-05,2017-08-01,16.8
2017-06-01,2017-08-02,2018-07-30,17.0
2017-06-01,2018-07-31,2018-09-27,17.2
2017-06-01,2018-09-28,2019-02-06,17.209
2017-06-01,2019-02-07,2019-07-29,17.195
2017-06-01,2019-07-30,2020-07-30,17.209
2017-06-01,2020-07-31,2021-02-04,17.184
2017-06-01,2021-02-05,2021-07-29,17.194
2017-06-01,2021-07-30,2022-10-06,17.236
2017-06-01,2022-10-07,2023-10-05,17.122
2017-06-01,2023-10-06,9999-12-31,17.13
2017-07-01,2017-08-02,2018-09-27,17.1
2017-07-01,2018-09-28,2019-02-06,17.108
2017-07-01,2019-02-07,2019-07-29,17.094
2017-07-01,2019-07-30,2020-07-30,17.18
2017-07-01,2020-07-31,2021-02-04,17.167
2017-07-01,2021-02-05,2021-07-29,17.179
2017-07-01,2021-07-30,2022-10-06,17.253
2017-07-01,2022-10-07,2023-10-05,17.251
2017-07-01,2023-10-06,9999-12-31,17.237
2017-08-01,2017-09-19,2017-09-28,16.4
2017-08-01,2017-09-29,2017-11-02,16.5
2017-08-01,2017-11-03,2018-07-30,16.4
2017-08-01,2018-07-31,2018-09-27,16.9
2017-08-01,2018-09-28,2019-02-06,16.881
2017-08-01,2019-02-07,2019-07-29,16.867
2017-08-01,2019-07-30,2020-07-30,17.016
2017-08-01,2020-07-31,2021-02-04,17.014
2017-08-01,2021-02-05,2021-07-29,17.026
2017-08-01,2021-07-30,2022-10-06,17.067
2017-08-01,2022-10-07,2023-10-05,17.04
2017-08-01,2023-10-06,9999-12-31,17.051
2017-09-01,2017-10-04,2018-07-30,18.9
2017-09-01,2018-07-31,2018-09-27,18.5
2017-09-01,2018-09-28,2019-02-06,18.528
2017-09-01,2019-02-07,2019-07-29,18.514
2017-09-01,2019-07-30,2020-07-30,18.381
2017-09-01,2020-07-31,2021-02-04,18.324
2017-09-01,2021-02-05,2021-07-29,18.337
2017-09-01,2021-07-30,2022-10-06,18.331
2017-09-01,2022-10-07,2023-10-05,18.318
2017-09-01,2023-10-06,9999-12-31,18.313
2017-10-01,2017-11-03,2018-07-30,18.4
2017-10-01,2018-07-31,2018-09-27,18.3
2017-10-01,2018-09-28,2019-02-06,18.316
2017-10-01,2019-02-07,2019-07-29,18.301
2017-10-01,2019-07-30,2020-07-30,18.198
2017-10-01,2020-07-31,2021-02-04,18.321
2017-10-01,2021-02-05,2021-07-29,18.336
2017-10-01,2021-07-30,2022-10-06,18.334
2017-10-01,2022-10-07,2023-10-05,18.484
2017-10-01,2023-10-06,9999-12-31,18.482
2017-11-01,2017-12-05,2017-12-21,17.8
2017-11-01,2017-12-22,2018-07-30,17.9
2017-11-01,2018-07-31,2018-09-27,18.0
2017-11-01,2018-09-28,2019-02-06,17.967
2017-11-01,2019-02-07,2019-07-29,17.952
2017-11-01,2019-07-30,2020-07-30,17.862
2017-11-01,2020-07-31,2021-02-04,17.878
2017-11-01,2021-02-05,2021-07-29,17.892
2017-11-01,2021-07-30,2022-10-06,17.914
2017-11-01,2022-10-07,2023-10-05,17.995
2017-11-01,2023-10-06,9999-12-31,18.003
2017-12-01,2018-01-04,2018-07-30,18.2
2017-12-01,2018-07-31,2018-09-27,17.8
2017-12-01,2018-09-28,2019-02-06,17.807
2017-12-01,2019-02-07,2019-07-29,17.802
2017-12-01,2019-07-30,2020-07-30,17.697
2017-12-01,2020-07-31,2021-02-04,17.714
2017-12-01,2021-02-05,2021-07-29,17.729
2017-12-01,2021-07-30,2022-10-06,17.801
2017-12-01,2022-10-07,2023-10-05,17.903
2017-12-01,2023-10-06,9999-12-31,17.887
2018-01-01,2018-02-05,2018-09-27,17.5
2018-01-01,2018-09-28,2019-02-06,17.542
2018-01-01,2019-02-07,2019-07-29,17.541
2018-01-01,2019-07-30,2020-07-30,17.552
2018-01-01,2020-07-31,2021-02-04,17.536
2018-01-01,2021-02-05,2021-07-29,17.55
2018-01-01,2021-07-30,2022-10-06,17.492
2018-01-01,2022-10-07,2023-10-05,17.508
2018-01-01,2023-10-06,9999-12-31,17.176
2018-02-01,2018-03-01,2018-04-03,17.4
2018-02-01,2018-04-04,2018-05-08,17.5
2018-02-01,2018-05-09,2018-09-27,17.4
2018-02-01,2018-09-28,2019-02-06,17.395
2018-02-01,2019-02-07,2019-07-29,17.393
2018-02-01,2019-07-30,2020-07-30,17.555
2018-02-01,2020-07-31,2021-02-04,17.557
2018-02-01,2021-02-05,2021-07-29,17.57
2018-02-01,2021-07-30,2022-10-06,17.637
2018-02-01,2022-10-07,2023-10-05,17.461
2018-02-01,2023-10-06,9999-12-31,17.447
2018-03-01,2018-04-04,2018-05-08,17.9
2018-03-01,2018-05-09,2018-07-30,17.8
2018-03-01,2018-07-31,2018-09-27,17.7
2018-03-01,2018-09-28,2019-02-06,17.71
2018-03-01,2019-02-07,2019-07-29,17.708
2018-03-01,2019-07-30,2020-07-30,17.695
2018-03-01,2020-07-31,2021-02-04,17.706
2018-03-01,2021-02-05,2021-07-29,17.715
2018-03-01,2021-07-30,2022-10-06,17.561
2018-03-01,2022-10-07,2023-10-05,17.628
2018-03-01,2023-10-06,9999-12-31,17.662
2018-04-01,2018-05-09,2018-05-30,17.5
2018-04-01,2018-05-31,2018-09-27,17.6
2018-04-01,2018-09-28,2019-02-06,17.647
2018-04-01,2019-02-07,2019-07-29,17.648
2018-04-01,2019-07-30,2020-07-30,17.774
2018-04-01,2020-07-31,2021-02-04,17.794
2018-04-01,2021-02-05,2021-07-29,17.806
2018-04-01,2021-07-30,2022-10-06,17.673
2018-04-01,2022-10-07,2023-10-05,17.651
2018-04-01,2023-10-06,9999-12-31,17.584
2018-05-01,2018-06-08,2018-07-30,17.3
2018-05-01,2018-07-31,2018-08-09,17.6
2018-05-01,2018-08-10,2018-09-27,17.7
2018-05-01,2018-09-28,2019-02-06,17.656
2018-05-01,2019-02-07,2019-07-29,17.655
2018-05-01,2019-07-30,2020-07-30,17.778
2018-05-01,2020-07-31,2021-02-04,17.709
2018-05-01,2021-02-05,2021-07-29,17.721
2018-05-01,2021-07-30,2022-10-06,17.677
2018-05-01,2022-10-07,2023-10-05,17.558
2018-05-01,2023-10-06,9999-12-31,17.829
2018-06-01,2018-07-06,2018-07-30,17.9
2018-06-01,2018-07-31,2018-09-27,17.7
2018-06-01,2018-09-28,2019-07-29,17.71
2018-06-01,2019-07-30,2020-07-30,17.701
2018-06-01,2020-07-31,2021-02-04,17.65
2018-06-01,2021-02-05,2021-07-29,17.661
2018-06-01,2021-07-30,2022-10-06,17.735
2018-06-01,2022-10-07,2023-10-05,17.571
2018-06-01,2023-10-06,9999-12-31,17.743
2018-07-01,2018-08-10,2018-08-29,17.1
2018-07-01,2018-08-30,2018-09-27,17.2
2018-07-01,2018-09-28,2018-10-04,17.191
2018-07-01,2018-10-05,2018-12-20,17.211
2018-07-01,2018-12-21,2019-07-29,17.21
2018-07-01,2019-07-30,2020-07-30,17.384
2018-07-01,2020-07-31,2021-02-04,17.398
2018-07-01,2021-02-05,2021-07-29,17.41
2018-07-01,2021-07-30,2022-10-06,17.502
2018-07-01,2022-10-07,2023-10-05,17.456
2018-07-01,2023-10-06,9999-12-31,17.629
2018-08-01,2018-09-07,2018-09-27,17.0
2018-08-01,2018-09-28,2018-10-04,17.041
2018-08-01,2018-10-05,2018-11-06,17.13
2018-08-01,2018-11-07,2018-11-28,17.2
2018-08-01,2018-11-29,2019-02-06,17.199
2018-08-01,2019-02-07,2019-07-29,17.197
2018-08-01,2019-07-30,2020-07-30,17.361
2018-08-01,2020-07-31,2021-02-04,17.314
2018-08-01,2021-02-05,2021-07-29,17.324
2018-08-01,2021-07-30,2022-10-06,17.393
2018-08-01,2022-10-07,2023-10-05,17.39
2018-08-01,2023-10-06,9999-12-31,17.564
2018-09-01,2018-10-05,2018-11-06,17.898
2018-09-01,2018-11-07,2018-11-28,17.964
2018-09-01,2018-11-29,2019-02-06,17.965
2018-09-01,2019-02-07,2019-07-29,17.966
2018-09-01,2019-07-30,2020-07-30,17.842
2018-09-01,2020-07-31,2021-02-04,17.801
2018-09-01,2021-02-05,2021-07-29,17.812
2018-09-01,2021-07-30,2022-10-06,17.811
2018-09-01,2022-10-07,2023-10-05,17.828
2018-09-01,2023-10-06,9999-12-31,17.776
2018-10-01,2018-11-07,2018-11-28,18.029
2018-10-01,2018-11-29,2018-12-06,17.992
2018-10-01,2018-12-07,2019-02-06,18.016
2018-10-01,2019-02-07,2019-07-29,18.102
2018-10-01,2019-07-30,2020-07-30,17.999
2018-10-01,2020-07-31,2021-02-04,18.142
2018-10-01,2021-02-05,2021-07-29,18.155
2018-10-01,2021-07-30,2022-10-06,18.112
2018-10-01,2022-10-07,2023-10-05,18.299
2018-10-01,2023-10-06,9999-12-31,17.991
2018-11-01,2018-12-07,2018-12-20,17.946
2018-11-01,2018-12-21,2019-02-06,17.898
2018-11-01,2019-02-07,2019-07-29,17.94
2018-11-01,2019-07-30,2020-07-30,17.88
2018-11-01,2020-07-31,2021-02-04,17.844
2018-11-01,2021-02-05,2021-07-29,17.854
2018-11-01,2021-07-30,2022-10-06,17.939
2018-11-01,2022-10-07,2023-10-05,18.02
2018-11-01,2023-10-06,9999-12-31,18.061
2018-12-01,2019-02-07,2019-07-29,18.003
2018-12-01,2019-07-30,2020-07-30,17.886
2018-12-01,2020-07-31,2021-02-04,17.949
2018-12-01,2021-02-05,2021-07-29,17.962
2018-12-01,2021-07-30,2022-10-06,18.006
2018-12-01,2022-10-07,2023-10-05,18.167
2018-12-01,2023-10-06,9999-12-31,18.077
2019-01-01,2019-02-07,2019-02-28,17.089
2019-01-01,2019-03-01,2019-03-07,17.131
2019-01-01,2019-03-08,2019-04-04,17.209
2019-01-01,2019-04-05,2019-07-29,17.221
2019-01-01,2019-07-30,2019-08-08,17.238
2019-01-01,2019-08-09,2019-10-03,17.237
2019-01-01,2019-10-04,2019-12-05,17.238
2019-01-01,2019-12-06,2020-01-30,17.237
2019-01-01,2020-01-31,2020-07-30,17.238
2019-01-01,2020-07-31,2021-02-04,17.305
2019-01-01,2021-02-05,2021-07-29,17.312
2019-01-01,2021-07-30,2022-10-06,17.265
2019-01-01,2022-10-07,2023-10-05,17.291
2019-01-01,2023-10-06,2024-09-26,16.91
2019-01-01,2024-09-27,9999-12-31,16.97
2019-02-01,2019-03-08,2019-03-28,17.091
2019-02-01,2019-03-29,2019-04-04,17.033
2019-02-01,2019-04-05,2019-05-09,17.04
2019-02-01,2019-05-10,2019-07-29,16.887
2019-02-01,2019-07-30,2020-07-30,17.026
2019-02-01,2020-07-31,2021-02-04,17.098
2019-02-01,2021-02-05,2021-07-29,17.107
2019-02-01,2021-07-30,2022-10-06,17.185
2019-02-01,2022-10-07,2023-10-05,16.968
2019-02-01,2023-10-06,2024-09-26,16.945
2019-02-01,2024-09-27,9999-12-31,16.962
2019-03-01,2019-04-05,2019-04-28,18.009
2019-03-01,2019-04-29,2019-05-09,17.993
2019-03-01,2019-05-10,2019-06-06,17.96
2019-03-01,2019-06-07,2019-07-29,17.864
2019-03-01,2019-07-30,2019-10-03,17.773
2019-03-01,2019-10-04,2019-12-05,17.774
2019-03-01,2019-12-06,2020-07-30,17.773
2019-03-01,2020-07-31,2021-02-04,17.83
2019-03-01,2021-02-05,2021-02-25,17.837
2019-03-01,2021-02-26,2021-07-29,17.838
2019-03-01,2021-07-30,2022-10-06,17.656
2019-03-01,2022-10-07,2023-10-05,17.733
2019-03-01,2023-10-06,2024-09-26,17.732
2019-03-01,2024-09-27,9999-12-31,17.842
2019-04-01,2019-05-10,2019-05-30,16.933
2019-04-01,2019-05-31,2019-06-06,16.97
2019-04-01,2019-06-07,2019-07-04,16.887
2019-04-01,2019-07-05,2019-07-29,16.918
2019-04-01,2019-07-30,2019-10-03,17.048
2019-04-01,2019-10-04,2019-12-05,17.049
2019-04-01,2019-12-06,2020-01-30,17.048
2019-04-01,2020-01-31,2020-07-30,17.049
2019-04-01,2020-07-31,2020-11-24,17.155
2019-04-01,2020-11-25,2021-02-04,17.156
2019-04-01,2021-02-05,2021-07-29,17.164
2019-04-01,2021-07-30,2022-10-06,16.997
2019-04-01,2022-10-07,2023-10-05,16.898
2019-04-01,2023-10-06,2024-09-26,16.868
2019-04-01,2024-09-27,9999-12-31,16.968
2019-05-01,2019-06-07,2019-06-27,17.854
2019-05-01,2019-06-28,2019-07-04,17.842
2019-05-01,2019-07-05,2019-07-29,17.934
2019-05-01,2019-07-30,2019-08-08,18.001
2019-05-01,2019-08-09,2020-01-30,17.932
2019-05-01,2020-01-31,2020-07-30,17.933
2019-05-01,2020-07-31,2021-02-04,17.862
2019-05-01,2021-02-05,2021-07-29,17.869
2019-05-01,2021-07-30,2022-10-06,17.84
2019-05-01,2022-10-07,2023-10-05,17.725
2019-05-01,2023-10-06,2024-09-26,18.027
2019-05-01,2024-09-27,9999-12-31,17.967
2019-06-01,2019-07-05,2019-07-29,17.835
2019-06-01,2019-07-30,2019-08-08,17.766
2019-06-01,2019-08-09,2019-09-05,17.661
2019-06-01,2019-09-06,2019-10-03,17.705
2019-06-01,2019-10-04,2019-12-05,17.704
2019-06-01,2019-12-06,2020-07-30,17.705
2019-06-01,2020-07-31,2020-11-24,17.74
2019-06-01,2020-11-25,2021-02-04,17.741
2019-06-01,2021-02-05,2021-07-29,17.749
2019-06-01,2021-07-30,2022-10-06,17.832
2019-06-01,2022-10-07,2023-10-05,17.68
2019-06-01,2023-10-06,2024-09-26,17.815
2019-06-01,2024-09-27,9999-12-31,17.781
2019-07-01,2019-08-09,2019-08-29,17.339
2019-07-01,2019-08-30,2019-09-05,17.39
2019-07-01,2019-09-06,2019-10-03,17.41
2019-07-01,2019-10-04,2019-12-05,17.442
2019-07-01,2019-12-06,2020-01-30,17.443
2019-07-01,2020-01-31,2020-07-30,17.442
2019-07-01,2020-07-31,2021-02-04,17.527
2019-07-01,2021-02-05,2021-07-29,17.534
2019-07-01,2021-07-30,2022-10-06,17.597
2019-07-01,2022-10-07,2023-10-05,17.551
2019-07-01,2023-10-06,2024-09-26,17.731
2019-07-01,2024-09-27,9999-12-31,17.682
2019-08-01,2019-09-06,2019-09-26,17.503
2019-08-01,2019-09-27,2019-10-03,17.531
2019-08-01,2019-10-04,2019-11-07,17.541
2019-08-01,2019-11-08,2019-12-05,17.511
2019-08-01,2019-12-06,2020-07-30,17.512
2019-08-01,2020-07-31,2021-02-04,17.6
2019-08-01,2021-02-05,2021-07-29,17.607
2019-08-01,2021-07-30,2022-10-06,17.645
2019-08-01,2022-10-07,2023-10-05,17.635
2019-08-01,2023-10-06,2024-09-26,17.859
2019-08-01,2024-09-27,9999-12-31,17.882
2019-09-01,2019-10-04,2019-10-30,17.689
2019-09-01,2019-10-31,2019-11-07,17.759
2019-09-01,2019-11-08,2019-12-05,17.712
2019-09-01,2019-12-06,2020-07-30,17.723
2019-09-01,2020-07-31,2021-02-04,17.643
2019-09-01,2021-02-05,2021-07-29,17.65
2019-09-01,2021-07-30,2022-10-06,17.714
2019-09-01,2022-10-07,2023-10-05,17.77
2019-09-01,2023-10-06,2024-09-26,17.746
2019-09-01,2024-09-27,9999-12-31,17.72
2019-10-01,2019-11-08,2019-11-26,17.083
2019-10-01,2019-11-27,2019-12-05,17.071
2019-10-01,2019-12-06,2020-01-14,17.056
2019-10-01,2020-01-15,2020-07-30,17.046
2019-10-01,2020-07-31,2020-11-24,17.272
2019-10-01,2020-11-25,2021-02-04,17.273
2019-10-01,2021-02-05,2021-07-29,17.283
2019-10-01,2021-07-30,2022-10-06,17.23
2019-10-01,2022-10-07,2023-10-05,17.425
2019-10-01,2023-10-06,2024-09-26,17.087
2019-10-01,2024-09-27,9999-12-31,17.049
2019-11-01,2019-12-06,2019-12-19,17.653
2019-11-01,2019-12-20,2020-01-14,17.554
2019-11-01,2020-01-15,2020-02-06,17.548
2019-11-01,2020-02-07,2020-07-30,17.447
2019-11-01,2020-07-31,2021-02-04,17.437
2019-11-01,2021-02-05,2021-07-29,17.447
2019-11-01,2021-07-30,2022-10-06,17.557
2019-11-01,2022-10-07,2023-10-05,17.645
2019-11-01,2023-10-06,2024-09-26,17.594
2019-11-01,2024-09-27,9999-12-31,17.549
2019-12-01,2020-01-15,2020-01-30,17.197
2019-12-01,2020-01-31,2020-02-06,17.173
2019-12-01,2020-02-07,2020-03-05,17.12
2019-12-01,2020-03-06,2020-04-02,17.159
2019-12-01,2020-04-03,2020-07-30,17.12
2019-12-01,2020-07-31,2021-02-04,17.289
2019-12-01,2021-02-05,2021-07-29,17.298
2019-12-01,2021-07-30,2022-10-06,17.339
2019-12-01,2022-10-07,2023-10-05,17.54
2019-12-01,2023-10-06,2024-09-26,17.551
2019-12-01,2024-09-27,9999-12-31,17.491
2020-01-01,2020-02-07,2020-02-27,17.311
2020-01-01,2020-02-28,2020-03-05,17.253
2020-01-01,2020-03-06,2020-04-02,17.361
2020-01-01,2020-04-03,2020-04-29,17.352
2020-01-01,2020-04-30,2020-07-30,17.364
2020-01-01,2020-07-31,2021-02-04,17.311
2020-01-01,2021-02-05,2021-07-29,17.32
2020-01-01,2021-07-30,2022-10-06,17.306
2020-01-01,2022-10-07,2023-10-05,17.314
2020-01-01,2023-10-06,2024-09-26,16.841
2020-01-01,2024-09-27,2025-10-02,16.893
2020-01-01,2025-10-03,9999-12-31,16.85
2020-02-01,2020-03-06,2020-03-26,17.295
2020-02-01,2020-03-27,2020-04-02,17.285
2020-02-01,2020-04-03,2020-04-29,17.19
2020-02-01,2020-04-30,2020-07-30,17.203
2020-02-01,2020-07-31,2021-02-04,17.214
2020-02-01,2021-02-05,2021-07-29,17.224
2020-02-01,2021-07-30,2022-10-06,17.337
2020-02-01,2022-10-07,2023-10-05,17.061
2020-02-01,2023-10-06,2024-09-26,17.026
2020-02-01,2024-09-27,2025-10-02,17.088
2020-02-01,2025-10-03,9999-12-31,17.13
2020-03-01,2020-04-03,2020-04-29,11.663
2020-03-01,2020-04-30,2020-06-04,11.742
2020-03-01,2020-06-05,2020-07-30,11.779
2020-03-01,2020-07-31,2020-10-04,11.809
2020-03-01,2020-10-05,2021-02-04,11.748
2020-03-01,2021-02-05,2021-07-29,11.75
2020-03-01,2021-07-30,2022-10-06,11.635
2020-03-01,2022-10-07,2023-10-05,11.68
2020-03-01,2023-10-06,2024-09-26,11.736
2020-03-01,2024-09-27,2025-10-02,11.836
2020-03-01,2025-10-03,9999-12-31,11.825
2020-04-01,2020-05-08,2020-06-04,8.841
2020-04-01,2020-06-05,2020-07-02,9.073
2020-04-01,2020-07-03,2020-07-30,9.051
2020-04-01,2020-07-31,2020-10-04,9.089
2020-04-01,2020-10-05,2020-11-05,9.06
2020-04-01,2020-11-06,2021-02-04,9.059
2020-04-01,2021-02-05,2021-07-29,9.062
2020-04-01,2021-07-30,2022-10-06,8.961
2020-04-01,2022-10-07,2023-10-05,8.923
2020-04-01,2023-10-06,2024-09-26,8.834
2020-04-01,2024-09-27,2025-10-02,8.944
2020-04-01,2025-10-03,9999-12-31,8.919
2020-05-01,2020-06-05,2020-06-25,12.58
2020-05-01,2020-06-26,2020-07-02,12.494
2020-05-01,2020-07-03,2020-07-30,12.624
2020-05-01,2020-07-31,2020-09-03,12.499
2020-05-01,2020-09-04,2020-09-30,12.44
2020-05-01,2020-10-01,2020-10-04,12.441
2020-05-01,2020-10-05,2020-11-05,12.408
2020-05-01,2020-11-06,2021-02-04,12.407
2020-05-01,2021-02-05,2021-07-29,12.412
2020-05-01,2021-07-30,2022-10-06,12.438
2020-05-01,2022-10-07,2023-10-05,12.328
2020-05-01,2023-10-06,2024-09-26,12.549
2020-05-01,2024-09-27,2025-10-02,12.508
2020-05-01,2025-10-03,9999-12-31,12.543
2020-06-01,2020-07-03,2020-07-30,13.351
2020-06-01,2020-07-31,2020-08-06,13.395
2020-06-01,2020-08-07,2020-09-03,13.411
2020-06-01,2020-09-04,2020-10-04,13.359
2020-06-01,2020-10-05,2020-11-05,13.35
2020-06-01,2020-11-06,2020-12-01,13.352
2020-06-01,2020-12-02,2021-02-04,13.354
2020-06-01,2021-02-05,2021-07-29,13.36
2020-06-01,2021-07-30,2022-10-06,13.447
2020-06-01,2022-10-07,2023-10-05,13.271
2020-06-01,2023-10-06,2024-09-26,13.545
2020-06-01,2024-09-27,2025-10-02,13.47
2020-06-01,2025-10-03,9999-12-31,13.532
2020-07-01,2020-08-07,2020-08-27,14.915
2020-07-01,2020-08-28,2020-09-03,14.899
2020-07-01,2020-09-04,2020-10-04,15.006
2020-07-01,2020-10-05,2020-10-29,15.002
2020-07-01,2020-10-30,2020-11-05,14.987
2020-07-01,2020-11-06,2020-12-01,14.95
2020-07-01,2020-12-02,2021-02-04,14.998
2020-07-01,2021-02-05,2021-07-29,15.002
2020-07-01,2021-07-30,2022-10-06,15.089
2020-07-01,2022-10-07,2023-10-05,15.075
2020-07-01,2023-10-06,2024-09-26,15.279
2020-07-01,2024-09-27,2025-10-02,15.225
2020-07-01,2025-10-03,9999-12-31,15.182
2020-08-01,2020-09-04,2020-09-30,15.589
2020-08-01,2020-10-01,2020-10-04,15.631
2020-08-01,2020-10-05,2020-10-29,15.621
2020-08-01,2020-10-30,2020-11-05,15.592
2020-08-01,2020-11-06,2020-12-01,15.555
2020-08-01,2020-12-02,2021-02-04,15.537
2020-08-01,2021-02-05,2021-07-29,15.54
2020-08-01,2021-07-30,2022-10-06,15.677
2020-08-01,2022-10-07,2023-10-05,15.704
2020-08-01,2023-10-06,2024-09-26,15.868
2020-08-01,2024-09-27,2025-10-02,15.932
2020-08-01,2025-10-03,9999-12-31,16.09
2020-09-01,2020-10-05,2020-10-29,16.756
2020-09-01,2020-10-30,2020-11-05,16.913
2020-09-01,2020-11-06,2020-12-01,16.726
2020-09-01,2020-12-02,2021-02-04,16.728
2020-09-01,2021-02-05,2021-07-29,16.733
2020-09-01,2021-07-30,2022-10-06,16.703
2020-09-01,2022-10-07,2023-10-05,16.692
2020-09-01,2023-10-06,2024-09-26,16.77
2020-09-01,2024-09-27,2025-10-02,16.739
2020-09-01,2025-10-03,9999-12-31,16.713
2020-10-01,2020-11-06,2020-11-24,16.676
2020-10-01,2020-11-25,2020-12-01,16.674
2020-10-01,2020-12-02,2021-01-28,16.745
2020-10-01,2021-01-29,2021-07-29,16.838
2020-10-01,2021-07-30,2022-10-06,16.852
2020-10-01,2022-10-07,2023-10-05,17.084
2020-10-01,2023-10-06,2024-09-26,16.663
2020-10-01,2024-09-27,2025-10-02,16.613
2020-10-01,2025-10-03,9999-12-31,16.564
2020-11-01,2020-12-02,2020-12-22,15.966
2020-11-01,2020-12-23,2021-01-28,16.03
2020-11-01,2021-01-29,2021-02-04,16.126
2020-11-01,2021-02-05,2021-07-29,16.192
2020-11-01,2021-07-30,2022-10-06,16.339
2020-11-01,2022-10-07,2023-10-05,16.492
2020-11-01,2023-10-06,2024-09-26,16.405
2020-11-01,2024-09-27,2025-10-02,16.352
2020-11-01,2025-10-03,9999-12-31,16.298
2020-12-01,2021-01-29,2021-02-04,16.728
2020-12-01,2021-02-05,2021-07-29,16.687
2020-12-01,2021-07-30,2022-10-06,16.761
2020-12-01,2022-10-07,2023-10-05,16.927
2020-12-01,2023-10-06,2024-09-26,17.052
2020-12-01,2024-09-27,2025-10-02,16.972
2020-12-01,2025-10-03,9999-12-31,16.906
2021-01-01,2021-02-05,2021-02-25,17.11
2021-01-01,2021-02-26,2021-03-04,17.159
2021-01-01,2021-03-05,2021-04-01,17.149
2021-01-01,2021-04-02,2021-04-29,17.261
2021-01-01,2021-04-30,2021-05-03,17.314
2021-01-01,2021-05-04,2021-07-01,17.295
2021-01-01,2021-07-02,2021-07-29,17.331
2021-01-01,2021-07-30,2021-08-05,17.284
2021-01-01,2021-08-06,2022-10-06,17.287
2021-01-01,2022-10-07,2023-10-05,17.327
2021-01-01,2023-10-06,2024-09-26,16.629
2021-01-01,2024-09-27,2025-10-02,16.697
2021-01-01,2025-10-03,9999-12-31,16.719
2021-02-01,2021-03-05,2021-03-25,16.16
2021-02-01,2021-03-26,2021-04-01,16.122
2021-02-01,2021-04-02,2021-04-29,16.214
2021-02-01,2021-04-30,2021-05-03,16.221
2021-02-01,2021-05-04,2021-07-01,16.353
2021-02-01,2021-07-02,2021-07-29,16.289
2021-02-01,2021-07-30,2021-08-05,16.379
2021-02-01,2021-08-06,2022-02-03,16.39
2021-02-01,2022-02-04,2022-10-06,16.392
2021-02-01,2022-10-07,2023-10-05,16.106
2021-02-01,2023-10-06,2024-09-26,16.076
2021-02-01,2024-09-27,2025-10-02,16.124
2021-02-01,2025-10-03,9999-12-31,16.146
2021-03-01,2021-04-02,2021-04-29,18.198
2021-03-01,2021-04-30,2021-05-03,18.367
2021-03-01,2021-05-04,2021-07-01,18.475
2021-03-01,2021-07-02,2021-07-29,18.425
2021-03-01,2021-07-30,2021-08-05,18.134
2021-03-01,2021-08-06,2022-02-03,18.154
2021-03-01,2022-02-04,2022-10-06,18.155
2021-03-01,2022-10-07,2023-10-05,18.223
2021-03-01,2023-10-06,2024-09-26,18.287
2021-03-01,2024-09-27,2025-10-02,18.496
2021-03-01,2025-10-03,9999-12-31,18.451
2021-04-01,2021-05-04,2021-05-27,19.006
2021-04-01,2021-05-28,2021-06-03,18.976
2021-04-01,2021-06-04,2021-06-24,19.244
2021-04-01,2021-06-25,2021-07-01,19.243
2021-04-01,2021-07-02,2021-07-29,19.073
2021-04-01,2021-07-30,2021-08-05,18.783
2021-04-01,2021-08-06,2022-02-03,18.782
2021-04-01,2022-02-04,2022-10-06,18.78
2021-04-01,2022-10-07,2023-10-05,18.655
2021-04-01,2023-10-06,2024-09-26,18.502
2021-04-01,2024-09-27,2025-10-02,18.697
2021-04-01,2025-10-03,9999-12-31,18.574
2021-05-01,2021-06-04,2021-06-24,17.541
2021-05-01,2021-06-25,2021-07-01,17.474
2021-05-01,2021-07-02,2021-07-29,17.529
2021-05-01,2021-07-30,2021-08-05,17.516
2021-05-01,2021-08-06,2022-02-03,17.391
2021-05-01,2022-02-04,2022-10-06,17.392
2021-05-01,2022-10-07,2023-10-05,17.177
2021-05-01,2023-10-06,2024-08-29,17.567
2021-05-01,2024-08-30,2024-09-26,17.565
2021-05-01,2024-09-27,2025-10-02,17.466
2021-05-01,2025-10-03,9999-12-31,17.519
2021-06-01,2021-07-02,2021-07-29,15.837
2021-06-01,2021-07-30,2021-09-02,15.865
2021-06-01,2021-09-03,2021-10-07,15.95
2021-06-01,2021-10-08,2022-02-03,15.949
2021-06-01,2022-02-04,2022-10-06,15.948
2021-06-01,2022-10-07,2023-10-05,15.757
2021-06-01,2023-10-06,2024-09-26,15.996
2021-06-01,2024-09-27,2025-10-02,15.903
2021-06-01,2025-10-03,9999-12-31,16.056
2021-07-01,2021-08-06,2021-08-26,15.232
2021-07-01,2021-08-27,2021-09-02,15.19
2021-07-01,2021-09-03,2021-10-07,15.057
2021-07-01,2021-10-08,2021-10-28,15.147
2021-07-01,2021-10-29,2021-11-04,15.122
2021-07-01,2021-11-05,2022-02-03,15.107
2021-07-01,2022-02-04,2022-10-06,15.104
2021-07-01,2022-10-07,2023-10-05,15.067
2021-07-01,2023-10-06,2024-09-26,15.306
2021-07-01,2024-09-27,2025-10-02,15.207
2021-07-01,2025-10-03,9999-12-31,15.187
2021-08-01,2021-09-03,2021-09-30,13.486
2021-08-01,2021-10-01,2021-10-07,13.473
2021-08-01,2021-10-08,2021-10-28,13.42
2021-08-01,2021-10-29,2021-11-04,13.402
2021-08-01,2021-11-05,2022-02-03,13.505
2021-08-01,2022-02-04,2022-10-06,13.503
2021-08-01,2022-10-07,2023-10-05,13.486
2021-08-01,2023-10-06,2024-08-29,13.749
2021-08-01,2024-08-30,2024-09-26,13.748
2021-08-01,2024-09-27,2025-10-02,13.765
2021-08-01,2025-10-03,9999-12-31,13.874
2021-09-01,2021-10-08,2021-10-28,12.593
2021-09-01,2021-10-29,2021-11-04,12.562
2021-09-01,2021-11-05,2021-12-02,12.62
2021-09-01,2021-12-03,2022-02-03,12.689
2021-09-01,2022-02-04,2022-10-06,12.692
2021-09-01,2022-10-07,2023-10-05,12.731
2021-09-01,2023-10-06,2024-08-29,12.747
2021-09-01,2024-08-30,2024-09-26,12.748
2021-09-01,2024-09-27,2025-10-02,12.722
2021-09-01,2025-10-03,9999-12-31,12.731
2021-10-01,2021-11-05,2021-11-23,13.434
2021-10-01,2021-11-24,2021-12-02,13.424
2021-10-01,2021-12-03,2022-01-27,13.396
2021-10-01,2022-01-28,2022-02-03,13.489
2021-10-01,2022-02-04,2022-10-06,13.486
2021-10-01,2022-10-07,2023-10-05,13.662
2021-10-01,2023-10-06,2024-09-26,13.25
2021-10-01,2024-09-27,2025-10-02,13.181
2021-10-01,2025-10-03,9999-12-31,13.156
2021-11-01,2021-12-03,2021-12-22,13.344
2021-11-01,2021-12-23,2022-01-27,13.296
2021-11-01,2022-01-28,2022-02-03,13.335
2021-11-01,2022-02-04,2022-10-06,13.474
2021-11-01,2022-10-07,2023-10-05,13.542
2021-11-01,2023-10-06,2024-09-26,13.553
2021-11-01,2024-09-27,2025-10-02,13.484
2021-11-01,2025-10-03,9999-12-31,13.37
2021-12-01,2022-01-28,2022-02-03,12.799
2021-12-01,2022-02-04,2022-10-06,13.004
2021-12-01,2022-10-07,2023-03-02,13.173
2021-12-01,2023-03-03,2023-10-05,13.172
2021-12-01,2023-10-06,2024-08-29,13.244
2021-12-01,2024-08-30,2024-09-26,13.245
2021-12-01,2024-09-27,2025-10-02,13.166
2021-12-01,2025-10-03,9999-12-31,13.123
2022-01-01,2022-02-04,2022-02-24,15.567
2022-01-01,2022-02-25,2022-03-03,15.459
2022-01-01,2022-03-04,2022-04-07,15.475
2022-01-01,2022-04-08,2022-04-28,15.459
2022-01-01,2022-04-29,2022-05-05,15.491
2022-01-01,2022-05-06,2022-10-06,15.49
2022-01-01,2022-10-07,2022-11-30,15.549
2022-01-01,2022-12-01,2023-02-02,15.548
2022-01-01,2023-02-03,2023-10-05,15.55
2022-01-01,2023-10-06,2024-08-29,14.798
2022-01-01,2024-08-30,2024-09-26,14.797
2022-01-01,2024-09-27,2025-10-02,14.866
2022-01-01,2025-10-03,9999-12-31,14.886
2022-02-01,2022-03-04,2022-03-30,14.542
2022-02-01,2022-03-31,2022-04-07,14.482
2022-02-01,2022-04-08,2022-04-28,14.424
2022-02-01,2022-04-29,2022-05-05,14.451
2022-02-01,2022-05-06,2022-10-06,14.429
2022-02-01,2022-10-07,2023-02-02,14.164
2022-02-01,2023-02-03,2023-10-05,14.166
2022-02-01,2023-10-06,2024-08-29,14.109
2022-02-01,2024-08-30,2024-09-26,14.108
2022-02-01,2024-09-27,2025-10-02,14.168
2022-02-01,2025-10-03,2025-12-04,14.199
2022-02-01,2025-12-05,9999-12-31,14.198
2022-03-01,2022-04-08,2022-04-28,13.727
2022-03-01,2022-04-29,2022-05-05,13.832
2022-03-01,2022-05-06,2022-05-26,13.88
2022-03-01,2022-05-27,2022-10-06,13.881
2022-03-01,2022-10-07,2023-02-02,14.003
2022-03-01,2023-02-03,2023-10-05,14.007
2022-03-01,2023-10-06,2024-09-26,14.049
2022-03-01,2024-09-27,2025-09-04,14.253
2022-03-01,2025-09-05,2025-10-02,14.254
2022-03-01,2025-10-03,9999-12-31,14.221
2022-04-01,2022-05-06,2022-05-26,14.76
2022-04-01,2022-05-27,2022-06-02,14.719
2022-04-01,2022-06-03,2022-07-07,14.938
2022-04-01,2022-07-08,2022-07-28,14.912
2022-04-01,2022-07-29,2022-08-25,14.951
2022-04-01,2022-08-26,2022-10-06,14.956
2022-04-01,2022-10-07,2023-02-02,14.74
2022-04-01,2023-02-03,2023-10-05,14.739
2022-04-01,2023-10-06,2024-08-29,14.486
2022-04-01,2024-08-30,2024-09-26,14.487
2022-04-01,2024-09-27,2025-09-04,14.681
2022-04-01,2025-09-05,2025-10-02,14.682
2022-04-01,2025-10-03,9999-12-31,14.615
2022-05-01,2022-06-03,2022-06-29,13.127
2022-05-01,2022-06-30,2022-07-07,13.168
2022-05-01,2022-07-08,2022-07-28,13.198
2022-05-01,2022-07-29,2022-08-04,13.249
2022-05-01,2022-08-05,2022-08-25,13.254
2022-05-01,2022-08-26,2022-10-06,13.258
2022-05-01,2022-10-07,2023-02-02,13.044
2022-05-01,2023-02-03,2023-10-05,13.043
2022-05-01,2023-10-06,2024-08-29,13.4
2022-05-01,2024-08-30,2024-09-26,13.399
2022-05-01,2024-09-27,2025-10-02,13.286
2022-05-01,2025-10-03,9999-12-31,13.291
2022-06-01,2022-07-08,2022-07-28,13.47
2022-06-01,2022-07-29,2022-08-04,13.486
2022-06-01,2022-08-05,2022-08-25,13.481
2022-06-01,2022-08-26,2022-10-06,13.491
2022-06-01,2022-10-07,2022-11-30,13.523
2022-06-01,2022-12-01,2023-02-02,13.522
2022-06-01,2023-02-03,2023-10-05,13.52
2022-06-01,2023-10-06,2024-08-29,13.748
2022-06-01,2024-08-30,2024-09-26,13.749
2022-06-01,2024-09-27,2025-10-02,13.669
2022-06-01,2025-10-03,9999-12-31,13.821
2022-07-01,2022-08-05,2022-08-25,13.822
2022-07-01,2022-08-26,2022-10-06,13.801
2022-07-01,2022-10-07,2022-10-27,13.756
2022-07-01,2022-10-28,2022-11-30,13.811
2022-07-01,2022-12-01,2023-02-02,13.81
2022-07-01,2023-02-03,2023-10-05,13.805
2022-07-01,2023-10-06,2024-09-26,13.965
2022-07-01,2024-09-27,2025-09-04,13.867
2022-07-01,2025-09-05,2025-10-02,13.866
2022-07-01,2025-10-03,9999-12-31,13.87
2022-08-01,2022-09-02,2022-10-06,13.623
2022-08-01,2022-10-07,2022-10-27,13.621
2022-08-01,2022-10-28,2022-11-03,13.69
2022-08-01,2022-11-04,2023-02-02,13.74
2022-08-01,2023-02-03,2023-10-05,13.738
2022-08-01,2023-10-06,2024-08-29,14.01
2022-08-01,2024-08-30,2024-09-26,14.008
2022-08-01,2024-09-27,2025-09-04,14.064
2022-08-01,2025-09-05,2025-10-02,14.063
2022-08-01,2025-10-03,9999-12-31,14.184
2022-09-01,2022-10-07,2022-10-27,13.996
2022-09-01,2022-10-28,2022-11-03,14.057
2022-09-01,2022-11-04,2022-12-01,14.047
2022-09-01,2022-12-02,2023-02-02,14.108
2022-09-01,2023-02-03,2023-10-05,14.113
2022-09-01,2023-10-06,2024-08-29,14.191
2022-09-01,2024-08-30,2024-09-26,14.192
2022-09-01,2024-09-27,2025-10-02,14.136
2022-09-01,2025-10-03,9999-12-31,14.12
2022-10-01,2022-11-04,2022-11-30,15.396
2022-10-01,2022-12-01,2022-12-01,15.94
2022-10-01,2022-12-02,2023-01-26,15.613
2022-10-01,2023-01-27,2023-02-02,15.713
2022-10-01,2023-02-03,2023-10-05,15.773
2022-10-01,2023-10-06,2024-08-29,15.157
2022-10-01,2024-08-30,2024-09-26,15.158
2022-10-01,2024-09-27,2025-10-02,15.091
2022-10-01,2025-10-03,9999-12-31,15.099
2022-11-01,2022-12-02,2022-12-22,14.633
2022-11-01,2022-12-23,2023-01-26,14.645
2022-11-01,2023-01-27,2023-02-02,14.723
2022-11-01,2023-02-03,2023-10-05,14.851
2022-11-01,2023-10-06,2024-08-29,14.785
2022-11-01,2024-08-30,2024-09-26,14.786
2022-11-01,2024-09-27,2025-10-02,14.733
2022-11-01,2025-10-03,9999-12-31,14.583
2022-12-01,2023-01-27,2023-02-02,13.754
2022-12-01,2023-02-03,2023-10-05,13.875
2022-12-01,2023-10-06,2024-08-29,14.048
2022-12-01,2024-08-30,2024-09-26,14.049
2022-12-01,2024-09-27,2025-10-02,13.935
2022-12-01,2025-10-03,9999-12-31,13.874
2023-01-01,2023-02-03,2023-03-02,16.205
2023-01-01,2023-03-03,2023-04-06,16.379
2023-01-01,2023-04-07,2023-04-27,16.539
2023-01-01,2023-04-28,2023-05-04,16.551
2023-01-01,2023-05-05,2023-10-05,16.455
2023-01-01,2023-10-06,2024-01-25,15.605
2023-01-01,2024-01-26,2024-08-29,15.606
2023-01-01,2024-08-30,2024-09-26,15.605
2023-01-01,2024-09-27,2025-10-02,15.665
2023-01-01,2025-10-03,9999-12-31,15.657
2023-02-01,2023-03-03,2023-03-30,15.336
2023-02-01,2023-03-31,2023-04-06,15.411
2023-02-01,2023-04-07,2023-04-27,15.516
2023-02-01,2023-04-28,2023-05-04,15.535
2023-02-01,2023-05-05,2023-09-28,15.438
2023-02-01,2023-09-29,2023-10-05,15.437
2023-02-01,2023-10-06,2024-01-25,15.378
2023-02-01,2024-01-26,2024-02-01,15.379
2023-02-01,2024-02-02,2024-08-29,15.38
2023-02-01,2024-08-30,2024-09-26,15.379
2023-02-01,2024-09-27,2025-10-02,15.434
2023-02-01,2025-10-03,9999-12-31,15.47
2023-03-01,2023-04-07,2023-04-27,15.299
2023-03-01,2023-04-28,2023-05-04,15.324
2023-03-01,2023-05-05,2023-06-01,15.326
2023-03-01,2023-06-02,2023-10-05,15.404
2023-03-01,2023-10-06,2023-12-28,15.441
2023-03-01,2023-12-29,2024-02-01,15.442
2023-03-01,2024-02-02,2024-08-29,15.439
2023-03-01,2024-08-30,2024-09-26,15.438
2023-03-01,2024-09-27,2025-10-02,15.668
2023-03-01,2025-10-03,9999-12-31,15.621
2023-04-01,2023-05-05,2023-05-25,16.477
2023-04-01,2023-05-26,2023-06-01,16.453
2023-04-01,2023-06-02,2023-07-06,16.627
2023-04-01,2023-07-07,2023-07-27,16.626
2023-04-01,2023-07-28,2023-10-05,16.587
2023-04-01,2023-10-06,2023-12-28,16.21
2023-04-01,2023-12-29,2024-01-25,16.212
2023-04-01,2024-01-26,2024-02-01,16.213
2023-04-01,2024-02-02,2024-08-29,16.209
2023-04-01,2024-08-30,2024-09-26,16.21
2023-04-01,2024-09-27,2025-10-02,16.446
2023-04-01,2025-10-03,9999-12-31,16.41
2023-05-01,2023-06-02,2023-06-29,15.603
2023-05-01,2023-06-30,2023-07-06,15.624
2023-05-01,2023-07-07,2023-07-27,15.643
2023-05-01,2023-07-28,2023-08-30,15.619
2023-05-01,2023-08-31,2023-10-05,15.63
2023-05-01,2023-10-06,2024-01-25,16.079
2023-05-01,2024-01-26,2024-02-01,16.081
2023-05-01,2024-02-02,2024-08-29,16.083
2023-05-01,2024-08-30,2024-09-26,16.081
2023-05-01,2024-09-27,2025-10-02,15.948
2023-05-01,2025-10-03,9999-12-31,15.931
2023-06-01,2023-07-07,2023-07-27,16.226
2023-06-01,2023-07-28,2023-08-30,16.195
2023-06-01,2023-08-31,2023-09-28,16.186
2023-06-01,2023-09-29,2023-10-05,16.189
2023-06-01,2023-10-06,2023-11-02,16.602
2023-06-01,2023-11-03,2023-12-28,16.607
2023-06-01,2023-12-29,2024-01-25,16.609
2023-06-01,2024-01-26,2024-02-01,16.606
2023-06-01,2024-02-02,2024-08-29,16.607
2023-06-01,2024-08-30,2024-09-26,16.608
2023-06-01,2024-09-27,2025-09-04,16.428
2023-06-01,2025-09-05,2025-10-02,16.429
2023-06-01,2025-10-03,9999-12-31,16.606
2023-07-01,2023-08-04,2023-08-30,16.318
2023-07-01,2023-08-31,2023-09-28,16.254
2023-07-01,2023-09-29,2023-10-05,16.27
2023-07-01,2023-10-06,2023-10-26,16.441
2023-07-01,2023-10-27,2023-11-02,16.442
2023-07-01,2023-11-03,2024-01-25,16.446
2023-07-01,2024-01-26,2024-02-01,16.449
2023-07-01,2024-02-02,2024-09-26,16.443
2023-07-01,2024-09-27,2025-10-02,16.302
2023-07-01,2025-10-03,9999-12-31,16.321
2023-08-01,2023-09-29,2023-10-05,15.547
2023-08-01,2023-10-06,2023-10-26,15.888
2023-08-01,2023-10-27,2023-11-02,15.898
2023-08-01,2023-11-03,2023-12-28,15.814
2023-08-01,2023-12-29,2024-01-25,15.838
2023-08-01,2024-01-26,2024-02-01,15.841
2023-08-01,2024-02-02,2024-08-29,15.84
2023-08-01,2024-08-30,2024-09-26,15.838
2023-08-01,2024-09-27,2025-09-04,15.909
2023-08-01,2025-09-05,2025-10-02,15.908
2023-08-01,2025-10-03,9999-12-31,16.071
2023-09-01,2023-10-06,2023-10-26,16.18
2023-09-01,2023-10-27,2023-11-02,16.233
2023-09-01,2023-11-03,2023-12-07,16.184
2023-09-01,2023-12-08,2023-12-28,16.183
2023-09-01,2023-12-29,2024-01-25,16.16
2023-09-01,2024-01-26,2024-02-01,16.272
2023-09-01,2024-02-02,2024-08-29,16.27
2023-09-01,2024-08-30,2024-09-26,16.272
2023-09-01,2024-09-27,2025-09-04,16.193
2023-09-01,2025-09-05,2025-10-02,16.194
2023-09-01,2025-10-03,9999-12-31,16.209
2023-10-01,2023-11-03,2023-12-07,15.972
2023-10-01,2023-12-08,2023-12-28,15.91
2023-10-01,2023-12-29,2024-01-25,15.897
2023-10-01,2024-01-26,2024-02-01,15.94
2023-10-01,2024-02-02,2024-08-29,15.919
2023-10-01,2024-08-30,2024-09-26,15.92
2023-10-01,2024-09-27,2025-02-06,15.799
2023-10-01,2025-02-07,2025-09-04,15.805
2023-10-01,2025-09-05,2025-10-02,15.806
2023-10-01,2025-10-03,9999-12-31,15.738
2023-11-01,2023-12-08,2023-12-28,15.863
2023-11-01,2023-12-29,2024-01-25,15.798
2023-11-01,2024-01-26,2024-02-01,15.87
2023-11-01,2024-02-02,2024-08-29,16.016
2023-11-01,2024-08-30,2024-09-26,16.017
2023-11-01,2024-09-27,2025-02-06,15.945
2023-11-01,2025-02-07,2025-10-02,15.939
2023-11-01,2025-10-03,9999-12-31,15.782
2023-12-01,2024-01-26,2024-02-01,16.352
2023-12-01,2024-02-02,2024-08-29,16.574
2023-12-01,2024-08-30,2024-09-26,16.575
2023-12-01,2024-09-27,2025-02-06,16.386
2023-12-01,2025-02-07,2025-09-04,16.385
2023-12-01,2025-09-05,2025-10-02,16.386
2023-12-01,2025-10-03,9999-12-31,16.321
2024-01-01,2024-02-02,2024-02-28,15.485
2024-01-01,2024-02-29,2024-03-28,15.483
2024-01-01,2024-03-29,2024-04-04,15.427
2024-01-01,2024-04-05,2024-04-25,15.379
2024-01-01,2024-04-26,2024-05-02,15.412
2024-01-01,2024-05-03,2024-08-29,15.396
2024-01-01,2024-08-30,2024-09-05,15.394
2024-01-01,2024-09-06,2024-09-26,15.406
2024-01-01,2024-09-27,2025-01-30,15.513
2024-01-01,2025-01-31,2025-02-06,15.535
2024-01-01,2025-02-07,2025-09-04,15.536
2024-01-01,2025-09-05,2025-10-02,15.535
2024-01-01,2025-10-03,2026-02-05,15.566
2024-01-01,2026-02-06,9999-12-31,15.558
2024-02-01,2024-03-29,2024-04-04,16.295
2024-02-01,2024-04-05,2024-04-25,16.196
2024-02-01,2024-04-26,2024-05-02,16.226
2024-02-01,2024-05-03,2024-05-30,16.208
2024-02-01,2024-05-31,2024-06-06,16.096
2024-02-01,2024-06-07,2024-09-05,16.098
2024-02-01,2024-09-06,2024-09-26,16.087
2024-02-01,2024-09-27,2025-01-30,16.191
2024-02-01,2025-01-31,2025-02-06,16.179
2024-02-01,2025-02-07,2025-09-04,16.177
2024-02-01,2025-09-05,2025-10-02,16.178
2024-02-01,2025-10-03,2026-02-05,16.262
2024-02-01,2026-02-06,9999-12-31,16.255
2024-03-01,2024-04-05,2024-04-25,15.967
2024-03-01,2024-04-26,2024-05-02,16.028
2024-03-01,2024-05-03,2024-06-06,16.012
2024-03-01,2024-06-07,2024-08-29,15.932
2024-03-01,2024-08-30,2024-09-05,15.929
2024-03-01,2024-09-06,2024-09-26,15.93
2024-03-01,2024-09-27,2025-01-30,16.186
2024-03-01,2025-01-31,2025-02-06,16.135
2024-03-01,2025-02-07,2025-09-04,16.136
2024-03-01,2025-09-05,2025-10-02,16.135
2024-03-01,2025-10-03,2026-02-05,16.217
2024-03-01,2026-02-06,9999-12-31,16.21
2024-04-01,2024-05-03,2024-05-30,16.218
2024-04-01,2024-05-31,2024-06-06,16.266
2024-04-01,2024-06-07,2024-07-04,16.295
2024-04-01,2024-07-05,2024-07-25,16.353
2024-04-01,2024-07-26,2024-08-01,16.349
2024-04-01,2024-08-02,2024-08-29,16.342
2024-04-01,2024-08-30,2024-09-05,16.345
2024-04-01,2024-09-06,2024-09-26,16.341
2024-04-01,2024-09-27,2025-01-30,16.57
2024-04-01,2025-01-31,2025-02-06,16.531
2024-04-01,2025-02-07,2025-09-04,16.529
2024-04-01,2025-09-05,2025-10-02,16.53
2024-04-01,2025-10-03,2026-02-05,16.442
2024-04-01,2026-02-06,2026-02-19,16.459
2024-04-01,2026-02-20,9999-12-31,16.458
2024-05-01,2024-06-07,2024-06-27,16.412
2024-05-01,2024-06-28,2024-07-04,16.386
2024-05-01,2024-07-05,2024-08-01,16.42
2024-05-01,2024-08-02,2024-08-29,16.484
2024-05-01,2024-08-30,2024-09-05,16.48
2024-05-01,2024-09-06,2024-09-26,16.482
2024-05-01,2024-09-27,2025-01-30,16.373
2024-05-01,2025-01-31,2025-02-06,16.308
2024-05-01,2025-02-07,2025-09-04,16.309
2024-05-01,2025-09-05,2025-10-02,16.308
2024-05-01,2025-10-03,2026-02-05,16.345
2024-05-01,2026-02-06,9999-12-31,16.361
2024-06-01,2024-07-05,2024-07-25,15.786
2024-06-01,2024-07-26,2024-08-01,15.727
2024-06-01,2024-08-02,2024-09-05,15.629
2024-06-01,2024-09-06,2024-09-26,15.631
2024-06-01,2024-09-27,2025-01-30,15.471
2024-06-01,2025-01-31,2025-02-06,15.434
2024-06-01,2025-02-07,2025-10-02,15.433
2024-06-01,2025-10-03,2026-02-05,15.774
2024-06-01,2026-02-06,9999-12-31,15.79
2024-07-01,2024-08-02,2024-08-29,16.302
2024-07-01,2024-08-30,2024-09-05,16.348
2024-07-01,2024-09-06,2024-09-26,16.367
2024-07-01,2024-09-27,2024-10-03,16.219
2024-07-01,2024-10-04,2024-10-30,16.378
2024-07-01,2024-10-31,2024-11-26,16.373
2024-07-01,2024-11-27,2025-01-30,16.367
2024-07-01,2025-01-31,2025-02-06,16.338
2024-07-01,2025-02-07,2025-10-02,16.347
2024-07-01,2025-10-03,2026-02-05,16.325
2024-07-01,2026-02-06,9999-12-31,16.337
2024-08-01,2024-09-06,2024-09-26,15.64
2024-08-01,2024-09-27,2024-10-03,15.711
2024-08-01,2024-10-04,2024-10-30,15.765
2024-08-01,2024-10-31,2024-11-26,15.824
2024-08-01,2024-11-27,2024-12-05,15.829
2024-08-01,2024-12-06,2025-01-30,15.757
2024-08-01,2025-01-31,2025-02-06,15.658
2024-08-01,2025-02-07,2025-10-02,15.638
2024-08-01,2025-10-03,2026-02-05,15.962
2024-08-01,2026-02-06,2026-02-19,15.977
2024-08-01,2026-02-20,9999-12-31,15.978
2024-09-01,2024-10-04,2024-10-30,16.252
2024-09-01,2024-10-31,2025-01-30,16.244
2024-09-01,2025-01-31,2025-02-06,16.247
2024-09-01,2025-02-07,2025-10-02,16.275
2024-09-01,2025-10-03,2026-02-05,16.318
2024-09-01,2026-02-06,9999-12-31,16.341
2024-10-01,2024-11-27,2024-12-05,16.427
2024-10-01,2024-12-06,2025-01-30,16.715
2024-10-01,2025-01-31,2025-02-06,16.582
2024-10-01,2025-02-07,2025-09-04,16.581
2024-10-01,2025-09-05,2025-10-02,16.582
2024-10-01,2025-10-03,2026-02-05,16.556
2024-10-01,2026-02-06,9999-12-31,16.493
2024-11-01,2024-12-06,2024-12-19,17.002
2024-11-01,2024-12-20,2025-01-30,17.012
2024-11-01,2025-01-31,2025-02-06,17.139
2024-11-01,2025-02-07,2025-10-02,17.15
2024-11-01,2025-10-03,2026-02-05,17.005
2024-11-01,2026-02-06,9999-12-31,16.908
2024-12-01,2025-01-31,2025-02-06,17.22
2024-12-01,2025-02-07,2025-09-04,17.323
2024-12-01,2025-09-05,2025-10-02,17.324
2024-12-01,2025-10-03,2026-02-05,17.305
2024-12-01,2026-02-06,9999-12-31,17.301
2025-01-01,2025-02-07,2025-02-27,16.137
2025-01-01,2025-02-28,2025-03-06,16.1
2025-01-01,2025-03-07,2025-03-27,15.988
2025-01-01,2025-03-28,2025-04-03,15.989
2025-01-01,2025-04-04,2025-04-29,15.984
2025-01-01,2025-04-30,2025-09-04,16.026
2025-01-01,2025-09-05,2025-10-02,16.025
2025-01-01,2025-10-03,2026-01-21,15.949
2025-01-01,2026-01-22,2026-02-05,15.948
2025-01-01,2026-02-06,9999-12-31,15.95
2025-02-01,2025-03-07,2025-03-27,16.459
2025-02-01,2025-03-28,2025-04-03,16.435
2025-02-01,2025-04-04,2025-04-29,16.447
2025-02-01,2025-04-30,2025-05-08,16.504
2025-02-01,2025-05-09,2025-10-02,16.397
2025-02-01,2025-10-03,2026-01-21,16.441
2025-02-01,2026-01-22,2026-02-05,16.44
2025-02-01,2026-02-06,9999-12-31,16.419
2025-03-01,2025-04-04,2025-04-29,18.17
2025-03-01,2025-04-30,2025-05-08,18.283
2025-03-01,2025-05-09,2025-10-02,18.281
2025-03-01,2025-10-03,2026-02-05,18.331
2025-03-01,2026-02-06,9999-12-31,18.35
2025-04-01,2025-05-09,2025-05-29,17.778
2025-04-01,2025-05-30,2025-06-05,17.706
2025-04-01,2025-06-06,2025-07-06,17.716
2025-04-01,2025-07-07,2025-07-30,17.741
2025-04-01,2025-07-31,2025-08-07,17.74
2025-04-01,2025-08-08,2025-10-02,17.741
2025-04-01,2025-10-03,2026-02-05,17.59
2025-04-01,2026-02-06,9999-12-31,17.583
2025-05-01,2025-06-06,2025-06-26,16.092
2025-05-01,2025-06-27,2025-07-06,16.097
2025-05-01,2025-07-07,2025-07-30,16.052
2025-05-01,2025-07-31,2025-08-07,16.055
2025-05-01,2025-08-08,2025-10-02,16.058
2025-05-01,2025-10-03,2026-02-05,16.067
2025-05-01,2026-02-06,9999-12-31,16.043
2025-06-01,2025-07-07,2025-07-30,15.777
2025-06-01,2025-07-31,2025-10-02,15.767
2025-06-01,2025-10-03,2025-12-04,16.042
2025-06-01,2025-12-05,2026-02-05,16.265
2025-06-01,2026-02-06,9999-12-31,16.282
2025-07-01,2025-08-08,2025-08-28,16.866
2025-07-01,2025-08-29,2025-09-04,16.853
2025-07-01,2025-09-05,2025-10-02,16.988
2025-07-01,2025-10-03,2025-12-04,16.896
2025-07-01,2025-12-05,2026-02-05,16.969
2025-07-01,2026-02-06,2026-02-19,16.985
2025-07-01,2026-02-20,2026-04-02,16.986
2025-07-01,2026-04-03,9999-12-31,16.998
2025-08-01,2025-09-05,2025-10-02,16.492
2025-08-01,2025-10-03,2025-12-04,16.802
2025-08-01,2025-12-05,2026-02-05,16.916
2025-08-01,2026-02-06,2026-02-19,16.91
2025-08-01,2026-02-20,2026-04-02,16.911
2025-08-01,2026-04-03,9999-12-31,16.9
2025-09-01,2025-12-05,2026-02-05,16.663
2025-09-01,2026-02-06,2026-02-19,16.982
2025-09-01,2026-02-20,9999-12-31,16.985
2025-10-01,2025-12-05,2026-01-21,15.63
2025-10-01,2026-01-22,2026-02-05,15.807
2025-10-01,2026-02-06,2026-02-19,15.836
2025-10-01,2026-02-20,2026-04-02,15.843
2025-10-01,2026-04-03,9999-12-31,15.845
2025-11-01,2025-12-05,2025-12-25,15.963
2025-11-01,2025-12-26,2026-01-21,15.926
2025-11-01,2026-01-22,2026-02-05,16.117
2025-11-01,2026-02-06,2026-02-19,16.003
2025-11-01,2026-02-20,9999-12-31,16.006
2025-12-01,2026-01-22,2026-02-05,16.481
2025-12-01,2026-02-06,2026-02-19,16.394
2025-12-01,2026-02-20,2026-04-02,16.401
2025-12-01,2026-04-03,9999-12-31,16.4
2026-01-01,2026-02-06,2026-02-19,15.396
2026-01-01,2026-02-20,2026-03-05,15.199
2026-01-01,2026-03-06,2026-04-02,15.209
2026-01-01,2026-04-03,2026-04-29,15.215
2026-01-01,2026-04-30,2026-05-27,15.197
2026-01-01,2026-05-28,2026-07-29,14.987
2026-01-01,2026-07-30,2026-08-06,14.988
2026-01-01,2026-08-07,9999-12-31,14.999
2026-02-01,2026-03-06,2026-04-02,16.118
2026-02-01,2026-04-03,2026-04-29,16.134
2026-02-01,2026-04-30,2026-05-27,16.098
2026-02-01,2026-05-28,2026-07-29,15.881
2026-02-01,2026-07-30,2026-08-06,15.883
2026-02-01,2026-08-07,9999-12-31,15.893
2026-03-01,2026-04-03,2026-04-29,16.686
2026-03-01,2026-04-30,2026-05-27,16.696
2026-03-01,2026-05-28,2026-06-24,16.537
2026-03-01,2026-06-25,2026-07-02,16.536
2026-03-01,2026-07-03,2026-07-29,16.676
2026-03-01,2026-07-30,2026-08-06,16.678
2026-03-01,2026-08-07,9999-12-31,16.66
2026-04-01,2026-05-28,2026-06-04,16.318
2026-04-01,2026-06-05,2026-07-02,16.395
2026-04-01,2026-07-03,2026-07-29,16.588
2026-04-01,2026-07-30,2026-08-06,16.605
2026-04-01,2026-08-07,2026-09-03,16.642
2026-04-01,2026-09-04,9999-12-31,16.636
2026-05-01,2026-06-05,2026-06-24,16.485
2026-05-01,2026-06-25,2026-07-02,16.508
2026-05-01,2026-07-03,2026-07-29,16.506
2026-05-01,2026-07-30,2026-08-06,16.52
2026-05-01,2026-08-07,2026-09-03,16.748
2026-05-01,2026-09-04,9999-12-31,16.744
2026-06-01,2026-07-03,2026-07-29,16.949
2026-06-01,2026-07-30,2026-08-06,17.037
2026-06-01,2026-08-07,2026-09-03,17.043
2026-06-01,2026-09-04,9999-12-31,17.221
2026-07-01,2026-08-07,2026-08-25,16.782
2026-07-01,2026-08-26,9999-12-31,16.757
2026-08-01,2026-09-04,9999-12-31,17.19
