date,value
1914-11-20,0.0
1914-11-27,0.0
1914-12-04,0.0
1914-12-11,0.0
1914-12-18,0.0
1914-12-24,0.0
1914-12-31,0.0
1915-01-08,0.0
1915-01-15,0.0
1915-01-22,0.0
1915-01-29,0.0
1915-02-05,0.0
1915-02-12,0.0
1915-02-19,0.0
1915-02-26,0.0
1915-03-05,0.0
1915-03-12,0.0
1915-03-19,0.0
1915-03-26,0.0
1915-04-02,0.0
1915-04-09,0.045
1915-04-16,0.051
1915-04-23,1.865
1915-04-30,2.064
1915-05-07,3.093
1915-05-14,5.496
1915-05-21,2.442
1915-05-28,3.118
1915-06-04,3.653
1915-06-11,5.335
1915-06-18,4.667
1915-06-25,3.29
1915-07-02,1.673
1915-07-09,2.1
1915-07-16,1.885
1915-07-23,1.409
1915-07-30,1.723
1915-08-06,1.732
1915-08-13,2.14
1915-08-20,2.197
1915-08-27,1.567
1915-09-03,3.526
1915-09-10,3.068
1915-09-17,2.924
1915-09-24,2.663
1915-10-01,2.666
1915-10-08,2.587
1915-10-15,2.54
1915-10-22,2.793
1915-10-29,2.641
1915-11-05,3.147
1915-11-12,4.022
1915-11-19,3.999
1915-11-26,4.159
1915-12-03,8.565
1915-12-10,7.236
1915-12-17,7.036
1915-12-23,7.634
1915-12-30,7.596
1916-01-07,0.125
1916-01-14,0.134
1916-01-21,0.137
1916-01-28,0.141
1916-02-04,0.137
1916-02-11,0.141
1916-02-18,0.14
1916-02-25,0.15
1916-03-03,0.141
1916-03-10,0.145
1916-03-17,0.148
1916-03-24,0.154
1916-03-31,0.153
1916-04-07,0.138
1916-04-14,0.526
1916-04-21,0.643
1916-04-28,0.66
1916-05-05,0.208
1916-05-12,0.227
1916-05-19,0.25
1916-05-26,0.226
1916-06-02,0.224
1916-06-09,0.247
1916-06-16,0.26
1916-06-23,0.275
1916-06-30,0.287
1916-07-07,0.224
1916-07-14,0.237
1916-07-21,0.251
1916-07-28,0.262
1916-08-04,0.266
1916-08-11,0.288
1916-08-18,0.29
1916-08-25,0.305
1916-09-01,0.291
1916-09-08,0.317
1916-09-15,0.347
1916-09-22,0.356
1916-09-29,0.374
1916-10-06,0.462
1916-10-13,0.464
1916-10-20,0.484
1916-10-27,0.536
1916-11-03,0.425
1916-11-10,0.519
1916-11-17,0.59
1916-11-24,0.632
1916-12-01,0.706
1916-12-08,0.808
1916-12-15,0.816
1916-12-22,0.782
1916-12-29,0.778
1917-01-05,0.243
1917-01-12,0.271
1917-01-19,0.269
1917-01-26,0.289
1917-02-02,0.352
1917-02-09,0.304
1917-02-16,0.51
1917-02-23,0.522
1917-03-02,0.489
1917-03-09,0.504
1917-03-16,0.48
1917-03-23,0.516
1917-03-30,0.525
1917-04-06,0.62
1917-04-13,0.614
1917-04-20,0.446
1917-04-27,0.448
1917-05-04,25.573
1917-05-11,10.734
1917-05-18,1.781
1917-05-25,76.82
1917-06-01,1.833
1917-06-08,1.854
1917-06-15,2.047
1917-06-22,2.377
1917-06-29,2.524
1917-07-06,21.908
1917-07-13,1.887
1917-07-20,2.192
1917-07-27,2.088
1917-08-03,2.976
1917-08-10,2.039
1917-08-17,2.18
1917-08-24,12.145
1917-08-31,12.196
1917-09-07,2.346
1917-09-14,2.456
1917-09-21,2.617
1917-09-28,2.906
1917-10-05,3.206
1917-10-12,4.178
1917-10-19,3.552
1917-10-26,3.859
1917-11-02,4.186
1917-11-09,4.245
1917-11-16,4.383
1917-11-23,4.583
1917-11-30,4.553
1917-12-07,4.986
1917-12-14,5.365
1917-12-21,6.19
1917-12-28,6.722
1918-01-04,2.255
1918-01-11,2.418
1918-01-18,2.705
1918-01-25,3.782
1918-02-01,3.682
1918-02-08,4.278
1918-02-15,4.803
1918-02-21,5.943
1918-03-01,6.199
1918-03-08,7.326
1918-03-15,7.55
1918-03-22,8.367
1918-03-29,8.369
1918-04-05,9.933
1918-04-12,10.585
1918-04-19,11.171
1918-04-26,11.467
1918-05-03,9.638
1918-05-10,11.697
1918-05-17,12.821
1918-05-24,13.294
1918-05-31,5.583
1918-06-07,6.855
1918-06-14,12.291
1918-06-21,12.335
1918-06-28,12.629
1918-07-05,21.477
1918-07-12,21.965
1918-07-19,23.292
1918-07-26,24.647
1918-08-02,25.545
1918-08-09,26.811
1918-08-16,27.702
1918-08-23,29.351
1918-08-30,31.305
1918-09-06,31.71
1918-09-13,33.615
1918-09-20,34.597
1918-09-27,35.857
1918-10-04,37.732
1918-10-10,39.046
1918-10-18,40.552
1918-10-25,42.865
1918-11-01,45.086
1918-11-08,47.237
1918-11-15,48.472
1918-11-22,50.867
1918-11-29,54.492
1918-12-06,55.559
1918-12-13,54.209
1918-12-20,54.224
1918-12-27,55.309
1919-01-03,34.108
1919-01-10,35.486
1919-01-17,36.481
1919-01-24,39.61
1919-01-31,40.619
1919-02-07,42.314
1919-02-14,43.773
1919-02-21,44.733
1919-02-28,46.003
1919-03-07,47.491
1919-03-14,21.739
1919-03-21,23.269
1919-03-28,30.014
1919-04-04,25.817
1919-04-11,26.971
1919-04-18,28.112
1919-04-25,30.098
1919-05-02,31.196
1919-05-09,32.522
1919-05-16,33.626
1919-05-23,35.451
1919-05-29,36.452
1919-06-06,38.166
1919-06-13,39.672
1919-06-20,41.714
1919-06-27,42.656
1919-07-03,10.762
1919-07-11,12.899
1919-07-18,14.711
1919-07-25,16.565
1919-08-01,17.77
1919-08-08,19.172
1919-08-15,20.384
1919-08-22,21.876
1919-08-29,23.07
1919-09-05,24.495
1919-09-12,25.938
1919-09-19,27.288
1919-09-26,28.978
1919-10-03,30.995
1919-10-10,32.848
1919-10-17,34.615
1919-10-24,36.981
1919-10-31,38.88
1919-11-07,42.233
1919-11-14,44.335
1919-11-21,47.628
1919-11-28,50.058
1919-12-05,52.677
1919-12-12,55.322
1919-12-19,56.451
1919-12-26,58.751
1920-01-02,16.073
1920-01-09,18.057
1920-01-16,20.523
1920-01-23,24.492
1920-01-30,25.302
1920-02-06,28.396
1920-02-13,31.106
1920-02-20,34.404
1920-02-27,37.117
1920-03-05,40.097
1920-03-12,40.19
1920-03-19,42.149
1920-03-26,45.469
1920-04-02,47.98
1920-04-09,50.464
1920-04-16,53.483
1920-04-23,57.288
1920-04-30,60.187
1920-05-07,63.357
1920-05-14,66.005
1920-05-21,69.827
1920-05-28,72.384
1920-06-04,75.947
1920-06-11,78.942
1920-06-18,82.101
1920-06-25,85.056
1920-07-02,40.017
1920-07-09,42.542
1920-07-16,45.779
1920-07-23,49.122
1920-07-30,52.184
1920-08-06,55.012
1920-08-13,57.795
1920-08-20,61.872
1920-08-27,64.785
1920-09-03,67.703
1920-09-10,70.562
1920-09-17,73.955
1920-09-24,78.531
1920-10-01,81.396
1920-10-08,84.921
1920-10-15,88.489
1920-10-22,92.048
1920-10-29,95.316
1920-11-05,99.271
1920-11-12,101.893
1920-11-19,104.646
1920-11-26,107.534
1920-12-03,111.235
1920-12-10,113.948
1920-12-17,116.841
1920-12-23,119.716
1920-12-30,121.939
1921-01-07,21.651
1921-01-14,23.983
1921-01-21,26.678
1921-01-28,28.31
1921-02-04,30.818
1921-02-11,33.173
1921-02-18,35.591
1921-02-25,38.225
1921-03-04,41.226
1921-03-11,43.796
1921-03-18,46.063
1921-03-25,48.633
1921-04-01,50.885
1921-04-08,52.993
1921-04-15,54.833
1921-04-22,56.982
1921-04-27,58.243
1921-05-04,60.064
1921-05-11,29.133
1921-05-18,29.487
1921-05-25,29.757
1921-06-01,30.885
1921-06-08,31.036
1921-06-15,31.011
1921-06-22,31.717
1921-06-29,32.034
1921-07-06,16.718
1921-07-13,16.746
1921-07-20,17.453
1921-07-27,17.549
1921-08-03,17.967
1921-08-10,18.451
1921-08-17,19.131
1921-08-24,19.129
1921-08-31,19.442
1921-09-07,20.183
1921-09-14,19.883
1921-09-21,20.993
1921-09-28,21.326
1921-10-05,21.75
1921-10-11,22.412
1921-10-19,22.458
1921-10-26,22.743
1921-11-02,23.585
1921-11-09,24.202
1921-11-16,24.147
1921-11-23,24.633
1921-11-30,24.856
1921-12-07,25.454
1921-12-14,25.582
1921-12-21,25.949
1921-12-28,25.323
1922-01-04,15.648
1922-01-11,15.729
1922-01-18,15.4
1922-01-25,15.29
1922-02-01,15.188
1922-02-08,15.768
1922-02-15,15.839
1922-02-21,16.29
1922-03-01,15.924
1922-03-08,16.578
1922-03-15,17.109
1922-03-22,17.442
1922-03-29,17.813
1922-04-05,17.755
1922-04-12,17.907
1922-04-19,17.979
1922-04-26,18.413
1922-05-03,18.945
1922-05-10,19.524
1922-05-17,19.094
1922-05-24,19.754
1922-05-31,19.798
1922-06-07,20.174
1922-06-14,20.409
1922-06-21,20.659
1922-06-28,20.82
1922-07-05,20.496
1922-07-12,21.351
1922-07-19,20.719
1922-07-26,21.28
1922-08-02,21.242
1922-08-09,21.788
1922-08-16,21.709
1922-08-23,22.223
1922-08-30,22.551
1922-09-06,22.227
1922-09-13,22.765
1922-09-20,23.081
1922-09-27,23.638
1922-10-04,23.668
1922-10-11,24.247
1922-10-18,24.802
1922-10-25,25.346
1922-11-01,25.253
1922-11-08,25.939
1922-11-15,26.279
1922-11-22,26.875
1922-11-29,26.898
1922-12-06,27.772
1922-12-13,28.326
1922-12-20,28.474
1922-12-27,29.247
1923-01-03,9.58
1923-01-10,10.338
1923-01-17,9.85
1923-01-24,11.196
1923-01-31,10.049
1923-02-07,10.634
1923-02-14,11.145
1923-02-21,11.712
1923-02-28,11.689
1923-03-07,12.316
1923-03-14,12.885
1923-03-21,13.524
1923-03-28,14.453
1923-04-04,14.572
1923-04-11,15.38
1923-04-18,15.135
1923-04-25,16.025
1923-05-02,15.972
1923-05-09,16.826
1923-05-16,16.99
1923-05-23,17.623
1923-05-29,17.786
1923-06-06,18.164
1923-06-13,18.458
1923-06-20,18.839
1923-06-27,19.44
1923-07-03,16.487
1923-07-11,17.071
1923-07-18,17.5
1923-07-25,17.951
1923-08-01,17.896
1923-08-08,18.506
1923-08-15,18.66
1923-08-22,19.278
1923-08-29,20.161
1923-09-05,19.879
1923-09-12,20.58
1923-09-19,21.455
1923-09-26,21.311
1923-10-03,21.423
1923-10-10,22.32
1923-10-17,22.447
1923-10-24,23.207
1923-10-31,23.21
1923-11-07,23.757
1923-11-14,24.505
1923-11-21,24.754
1923-11-28,25.379
1923-12-05,25.41
1923-12-12,25.751
1923-12-19,25.879
1923-12-26,26.701
1924-01-02,12.171
1924-01-09,12.646
1924-01-16,12.46
1924-01-23,12.759
1924-01-30,12.936
1924-02-06,12.816
1924-02-13,13.11
1924-02-20,13.248
1924-02-27,13.74
1924-03-05,13.71
1924-03-12,14.269
1924-03-19,14.029
1924-03-26,15.155
1924-04-02,14.418
1924-04-09,14.78
1924-04-16,14.154
1924-04-23,14.557
1924-04-30,14.158
1924-05-07,14.591
1924-05-14,14.624
1924-05-21,14.79
1924-05-28,15.006
1924-06-04,14.78
1924-06-11,15.148
1924-06-18,15.0
1924-06-25,15.308
1924-07-02,11.614
1924-07-09,12.046
1924-07-16,11.901
1924-07-23,12.065
1924-07-30,12.127
1924-08-06,12.006
1924-08-13,12.002
1924-08-20,11.932
1924-08-27,12.248
1924-09-03,11.995
1924-09-10,12.46
1924-09-17,12.026
1924-09-24,12.582
1924-10-01,12.211
1924-10-08,12.754
1924-10-15,12.788
1924-10-22,12.927
1924-10-29,13.305
1924-11-05,13.089
1924-11-12,13.587
1924-11-19,13.643
1924-11-26,14.137
1924-12-03,14.135
1924-12-10,13.863
1924-12-17,13.843
1924-12-24,14.409
1924-12-31,9.059
1925-01-07,9.558
1925-01-14,9.744
1925-01-21,9.84
1925-01-28,10.323
1925-02-04,9.978
1925-02-11,10.502
1925-02-18,10.494
1925-02-25,11.149
1925-03-04,10.837
1925-03-11,11.3
1925-03-18,11.294
1925-03-25,11.943
1925-04-01,11.701
1925-04-08,12.289
1925-04-15,12.052
1925-04-22,12.404
1925-04-29,12.732
1925-05-06,12.671
1925-05-13,13.066
1925-05-20,13.149
1925-05-27,13.696
1925-06-03,13.501
1925-06-10,14.32
1925-06-17,14.504
1925-06-24,14.339
1925-07-01,10.598
1925-07-08,11.187
1925-07-15,11.249
1925-07-22,11.55
1925-07-29,11.97
1925-08-05,11.905
1925-08-12,12.324
1925-08-19,12.517
1925-08-26,13.064
1925-09-02,12.889
1925-09-09,13.526
1925-09-16,13.591
1925-09-23,14.213
1925-09-30,14.193
1925-10-07,14.853
1925-10-14,15.418
1925-10-21,15.872
1925-10-28,16.599
1925-11-04,16.592
1925-11-10,17.105
1925-11-18,17.257
1925-11-25,18.053
1925-12-02,18.258
1925-12-09,19.374
1925-12-16,19.318
1925-12-23,20.157
1925-12-30,20.447
1926-01-06,10.413
1926-01-13,10.809
1926-01-20,11.81
1926-01-27,11.481
1926-02-03,11.339
1926-02-10,12.06
1926-02-17,11.98
1926-02-24,12.663
1926-03-03,12.652
1926-03-10,13.48
1926-03-17,13.335
1926-03-24,14.06
1926-03-31,14.148
1926-04-07,14.893
1926-04-14,15.403
1926-04-21,15.411
1926-04-28,15.87
1926-05-05,15.624
1926-05-12,16.375
1926-05-19,16.319
1926-05-26,17.185
1926-06-02,17.351
1926-06-09,17.94
1926-06-16,17.764
1926-06-23,18.451
1926-06-30,14.83
1926-07-07,15.512
1926-07-14,16.592
1926-07-21,16.205
1926-07-28,16.981
1926-08-04,16.691
1926-08-11,17.257
1926-08-18,17.483
1926-08-25,18.376
1926-09-01,18.266
1926-09-08,18.823
1926-09-15,19.138
1926-09-22,19.874
1926-09-29,20.337
1926-10-06,20.437
1926-10-13,21.41
1926-10-20,21.419
1926-10-27,22.254
1926-11-03,23.351
1926-11-10,23.071
1926-11-17,23.178
1926-11-24,23.841
1926-12-01,23.776
1926-12-08,24.632
1926-12-15,25.014
1926-12-22,25.596
1926-12-29,26.15
1927-01-05,9.719
1927-01-12,10.079
1927-01-19,10.078
1927-01-26,10.456
1927-02-02,10.239
1927-02-09,10.551
1927-02-16,10.6
1927-02-23,11.133
1927-03-02,10.856
1927-03-09,11.451
1927-03-16,11.603
1927-03-23,12.172
1927-03-30,12.709
1927-04-06,12.656
1927-04-13,13.002
1927-04-20,13.018
1927-04-27,13.317
1927-05-04,13.05
1927-05-11,13.59
1927-05-18,13.62
1927-05-25,14.154
1927-06-01,14.015
1927-06-08,14.384
1927-06-15,14.673
1927-06-22,15.059
1927-06-29,15.596
1927-07-06,11.885
1927-07-13,11.907
1927-07-20,12.476
1927-07-27,12.382
1927-08-03,12.124
1927-08-10,13.264
1927-08-17,12.699
1927-08-24,13.274
1927-08-31,13.161
1927-09-07,13.67
1927-09-14,14.252
1927-09-21,14.468
1927-09-28,14.921
1927-10-05,14.946
1927-10-12,15.319
1927-10-19,15.593
1927-10-26,16.882
1927-11-02,16.186
1927-11-09,17.005
1927-11-16,17.138
1927-11-23,17.786
1927-11-30,17.524
1927-12-07,18.271
1927-12-14,19.052
1927-12-21,19.116
1927-12-28,19.808
1928-01-04,8.823
1928-01-11,9.696
1928-01-18,9.813
1928-01-25,10.513
1928-02-01,10.399
1928-02-08,11.098
1928-02-15,11.302
1928-02-22,11.8
1928-02-29,11.571
1928-03-07,12.224
1928-03-14,12.883
1928-03-21,13.199
1928-03-28,13.857
1928-04-04,14.163
1928-04-11,15.001
1928-04-18,15.382
1928-04-25,16.297
1928-05-02,16.107
1928-05-09,16.966
1928-05-16,17.426
1928-05-23,17.988
1928-05-30,18.404
1928-06-06,19.001
1928-06-13,19.943
1928-06-20,20.353
1928-06-27,21.304
1928-07-03,18.953
1928-07-11,18.762
1928-07-18,19.574
1928-07-25,20.598
1928-08-01,21.186
1928-08-08,22.137
1928-08-15,22.982
1928-08-22,23.829
1928-08-29,24.623
1928-09-05,25.163
1928-09-12,26.632
1928-09-19,27.537
1928-09-26,29.266
1928-10-03,29.642
1928-10-10,30.786
1928-10-17,32.525
1928-10-24,33.851
1928-10-31,34.495
1928-11-07,35.713
1928-11-14,36.403
1928-11-21,37.381
1928-11-28,38.496
1928-12-05,39.271
1928-12-12,40.972
1928-12-19,41.118
1928-12-26,42.73
1929-01-02,13.641
1929-01-09,14.615
1929-01-16,15.373
1929-01-23,15.812
1929-01-30,16.496
1929-02-06,16.999
1929-02-13,17.914
1929-02-20,18.387
1929-02-27,18.966
1929-03-06,19.427
1929-03-13,21.105
1929-03-20,1.061
1929-03-27,22.059
1929-04-03,22.63
1929-04-10,22.961
1929-04-17,23.386
1929-04-24,24.19
1929-05-01,24.072
1929-05-08,25.262
1929-05-15,26.162
1929-05-22,26.824
1929-05-29,27.927
1929-06-05,28.418
1929-06-12,29.695
1929-06-19,29.428
1929-06-26,30.584
1929-07-03,26.25
1929-07-10,26.71
1929-07-17,27.691
1929-07-24,28.1
1929-07-31,28.396
1929-08-07,29.682
1929-08-14,30.99
1929-08-21,31.724
1929-08-28,32.941
1929-09-04,34.157
1929-09-11,35.15
1929-09-18,35.703
1929-09-25,36.673
1929-10-02,37.146
1929-10-09,38.333
1929-10-16,39.024
1929-10-23,40.21
1929-10-30,42.068
1929-11-06,42.763
1929-11-13,43.594
1929-11-20,44.099
1929-11-27,45.082
1929-12-04,45.163
1929-12-11,46.161
1929-12-18,47.121
1929-12-24,48.004
1929-12-31,14.216
1930-01-08,14.846
1930-01-15,15.336
1930-01-22,15.564
1930-01-29,16.03
1930-02-05,16.051
1930-02-12,16.568
1930-02-19,16.86
1930-02-26,17.797
1930-03-05,17.648
1930-03-12,18.277
1930-03-19,18.062
1930-03-26,18.792
1930-04-02,18.312
1930-04-09,18.683
1930-04-16,18.959
1930-04-23,19.341
1930-04-30,18.766
1930-05-07,19.094
1930-05-14,19.222
1930-05-21,19.702
1930-05-28,19.816
1930-06-04,19.276
1930-06-11,19.603
1930-06-18,19.374
1930-06-25,19.994
1930-07-02,14.722
1930-07-09,15.198
1930-07-16,14.728
1930-07-23,15.117
1930-07-30,15.15
1930-08-06,14.908
1930-08-13,15.201
1930-08-20,15.029
1930-08-27,15.444
1930-09-03,15.024
1930-09-10,15.337
1930-09-17,15.224
1930-09-24,15.513
1930-10-01,15.107
1930-10-08,15.514
1930-10-15,16.992
1930-10-22,17.576
1930-10-29,17.507
1930-11-05,17.541
1930-11-12,17.778
1930-11-19,18.05
1930-11-26,18.269
1930-12-03,18.226
1930-12-10,18.503
1930-12-17,18.704
1930-12-24,19.149
1930-12-31,11.694
1931-01-07,12.339
1931-01-14,12.445
1931-01-21,12.311
1931-01-28,12.559
1931-02-04,12.567
1931-02-11,12.791
1931-02-18,13.013
1931-02-25,13.324
1931-03-04,13.364
1931-03-11,13.733
1931-03-18,14.154
1931-03-25,14.257
1931-04-01,14.515
1931-04-08,15.004
1931-04-15,15.408
1931-04-22,15.544
1931-04-29,15.744
1931-05-06,16.02
1931-05-13,16.214
1931-05-20,16.301
1931-05-27,16.678
1931-06-03,16.991
1931-06-10,17.798
1931-06-17,17.256
1931-06-24,17.476
1931-07-01,12.631
1931-07-08,13.007
1931-07-15,13.183
1931-07-22,13.514
1931-07-29,13.878
1931-08-05,14.685
1931-08-12,15.376
1931-08-19,15.816
1931-08-26,15.557
1931-09-02,15.852
1931-09-09,16.277
1931-09-16,15.873
1931-09-23,15.751
1931-09-30,16.551
1931-10-07,17.576
1931-10-14,18.732
1931-10-21,19.062
1931-10-28,19.389
1931-11-04,20.27
1931-11-11,19.878
1931-11-18,19.968
1931-11-25,19.452
1931-12-02,19.438
1931-12-09,19.861
1931-12-16,19.633
1931-12-23,20.439
1931-12-30,22.127
1932-01-06,24.344
1932-01-13,25.126
1932-01-20,25.032
1932-01-27,26.067
1932-02-03,26.305
1932-02-10,26.997
1932-02-17,27.509
1932-02-24,28.899
1932-03-02,28.261
1932-03-09,29.471
1932-03-16,29.099
1932-03-23,28.977
1932-03-30,29.26
1932-04-06,30.099
1932-04-13,31.626
1932-04-20,30.897
1932-04-27,31.357
1932-05-04,31.669
1932-05-11,32.191
1932-05-18,32.371
1932-05-25,33.081
1932-06-01,33.385
1932-06-08,34.129
1932-06-15,34.94
1932-06-22,37.506
1932-06-29,38.163
1932-07-06,33.956
1932-07-13,34.952
1932-07-20,35.499
1932-07-27,36.408
1932-08-03,36.909
1932-08-10,39.102
1932-08-17,36.752
1932-08-24,37.672
1932-08-31,38.402
1932-09-07,39.715
1932-09-14,42.355
1932-09-21,38.962
1932-09-28,40.636
1932-10-05,41.168
1932-10-12,42.738
1932-10-19,42.252
1932-10-26,42.54
1932-11-02,42.35
1932-11-09,43.738
1932-11-16,43.794
1932-11-23,43.759
1932-11-30,44.061
1932-12-07,44.586
1932-12-14,47.103
1932-12-21,45.429
1932-12-28,47.06
1933-01-04,16.613
1933-01-11,17.484
1933-01-18,18.606
1933-01-25,20.296
1933-02-01,19.69
1933-02-08,20.126
1933-02-15,20.025
1933-02-22,20.863
1933-03-01,24.321
1933-03-08,27.899
1933-03-15,28.095
1933-03-22,26.488
1933-03-29,25.185
1933-04-05,25.439
1933-04-12,27.356
1933-04-19,25.781
1933-04-26,25.692
1933-05-03,25.947
1933-05-10,25.231
1933-05-17,24.944
1933-05-24,25.529
1933-05-31,26.32
1933-06-07,26.789
1933-06-14,31.79
1933-06-21,26.864
1933-06-28,27.822
1933-07-05,24.036
1933-07-12,25.466
1933-07-19,24.714
1933-07-26,25.422
1933-08-02,29.536
1933-08-09,31.123
1933-08-16,27.454
1933-08-23,28.513
1933-08-30,28.626
1933-09-06,29.039
1933-09-13,31.789
1933-09-20,31.837
1933-09-27,32.07
1933-10-04,33.233
1933-10-11,34.121
1933-10-18,3.678
1933-10-25,35.987
1933-11-01,34.091
1933-11-08,35.499
1933-11-15,34.812
1933-11-22,35.79
1933-11-29,35.678
1933-12-06,36.145
1933-12-13,39.87
1933-12-20,38.208
1933-12-27,38.588
1934-01-03,32.559
1934-01-10,35.035
1934-01-17,33.566
1934-01-24,34.673
1934-01-31,34.843
1934-02-07,44.332
1934-02-14,35.952
1934-02-21,36.653
1934-02-28,38.706
1934-03-07,40.236
1934-03-14,50.115
1934-03-21,48.88
1934-03-28,50.993
1934-04-04,46.73
1934-04-11,62.355
1934-04-18,24.133
1934-04-25,25.057
1934-05-02,24.693
1934-05-09,25.578
1934-05-16,24.681
1934-05-23,25.436
1934-05-30,26.124
1934-06-06,31.419
1934-06-13,37.304
1934-06-20,27.242
1934-06-27,27.162
1934-07-03,22.6
1934-07-11,23.959
1934-07-18,24.167
1934-07-25,25.41
1934-08-01,27.33
1934-08-08,24.914
1934-08-15,25.17
1934-08-22,27.349
1934-08-29,28.534
1934-09-05,37.031
1934-09-12,26.574
1934-09-19,27.701
1934-09-26,28.109
1934-10-03,28.165
1934-10-10,29.616
1934-10-17,29.437
1934-10-24,29.704
1934-10-31,30.274
1934-11-07,32.021
1934-11-14,31.756
1934-11-21,31.929
1934-11-28,32.284
1934-12-05,29.066
1934-12-12,32.144
1934-12-19,26.538
1934-12-26,26.682
1935-01-02,2.946
1935-01-09,3.421
1935-01-16,3.355
1935-01-23,4.059
1935-01-30,5.685
1935-02-06,5.27
1935-02-13,5.782
1935-02-20,7.296
1935-02-27,6.593
1935-03-06,6.9
1935-03-13,9.041
1935-03-20,7.813
1935-03-27,8.145
1935-04-03,7.789
1935-04-10,8.814
1935-04-17,8.863
1935-04-24,9.681
1935-05-01,11.078
1935-05-08,10.524
1935-05-15,10.434
1935-05-22,10.831
1935-05-29,11.731
1935-06-05,11.731
1935-06-12,14.272
1935-06-19,12.664
1935-06-26,13.475
1935-07-03,9.088
1935-07-10,13.53
1935-07-17,9.445
1935-07-24,10.875
1935-07-31,10.79
1935-08-07,10.174
1935-08-14,10.597
1935-08-21,10.479
1935-08-28,11.898
1935-09-04,12.519
1935-09-11,14.311
1935-09-18,12.737
1935-09-25,13.794
1935-10-02,13.653
1935-10-09,14.848
1935-10-16,14.512
1935-10-23,15.415
1935-10-30,22.254
1935-11-06,21.729
1935-11-13,19.815
1935-11-20,16.77
1935-11-27,16.914
1935-12-04,26.181
1935-12-11,35.197
1935-12-18,17.645
1935-12-24,17.97
1935-12-31,3.974
1936-01-08,3.002
1936-01-15,3.338
1936-01-22,3.655
1936-01-29,5.279
1936-02-05,5.73
1936-02-12,4.77
1936-02-19,4.715
1936-02-26,5.026
1936-03-04,20.204
1936-03-11,26.992
1936-03-18,7.678
1936-03-25,7.281
1936-04-01,7.408
1936-04-08,7.36
1936-04-15,7.489
1936-04-22,7.785
1936-04-29,9.005
1936-05-06,8.68
1936-05-13,8.697
1936-05-20,9.243
1936-05-27,8.998
1936-06-03,46.064
1936-06-10,55.228
1936-06-17,10.429
1936-06-24,11.262
1936-07-01,8.953
1936-07-08,9.744
1936-07-15,10.431
1936-07-22,10.491
1936-07-29,10.824
1936-08-05,10.347
1936-08-12,10.99
1936-08-19,10.326
1936-08-26,10.621
1936-09-02,10.778
1936-09-09,44.159
1936-09-16,12.167
1936-09-23,12.293
1936-09-30,12.197
1936-10-07,12.392
1936-10-14,13.341
1936-10-21,12.721
1936-10-28,13.032
1936-11-04,13.201
1936-11-11,13.565
1936-11-18,13.503
1936-11-25,14.487
1936-12-02,14.906
1936-12-09,35.111
1936-12-16,16.002
1936-12-23,16.486
1936-12-30,21.917
1937-01-06,4.745
1937-01-13,5.365
1937-01-20,5.131
1937-01-27,5.655
1937-02-03,5.632
1937-02-10,5.34
1937-02-17,5.034
1937-02-24,5.796
1937-03-03,5.364
1937-03-10,7.397
1937-03-17,5.923
1937-03-24,6.517
1937-03-31,5.93
1937-04-07,6.77
1937-04-14,8.413
1937-04-21,6.728
1937-04-28,7.965
1937-05-05,6.833
1937-05-12,7.41
1937-05-19,7.041
1937-05-26,7.677
1937-06-02,7.196
1937-06-09,8.644
1937-06-16,7.402
1937-06-23,8.484
1937-06-30,5.428
1937-07-07,4.443
1937-07-14,4.886
1937-07-21,5.22
1937-07-28,6.297
1937-08-04,5.004
1937-08-11,5.672
1937-08-18,5.598
1937-08-25,6.485
1937-09-01,5.767
1937-09-08,7.23
1937-09-15,6.693
1937-09-22,6.952
1937-09-29,7.567
1937-10-06,7.336
1937-10-13,8.996
1937-10-20,7.597
1937-10-27,8.582
1937-11-03,7.579
1937-11-10,8.339
1937-11-17,8.151
1937-11-24,8.823
1937-12-01,8.338
1937-12-08,11.987
1937-12-15,9.301
1937-12-22,10.032
1937-12-29,10.945
1938-01-05,3.46
1938-01-12,3.962
1938-01-19,7.462
1938-01-26,4.999
1938-02-02,5.139
1938-02-09,5.462
1938-02-16,5.379
1938-02-23,5.646
1938-03-02,5.961
1938-03-09,8.307
1938-03-16,7.029
1938-03-23,7.721
1938-03-30,8.272
1938-04-06,8.186
1938-04-13,9.491
1938-04-20,10.364
1938-04-27,11.819
1938-05-04,10.685
1938-05-11,11.386
1938-05-18,10.89
1938-05-25,11.181
1938-06-01,11.145
1938-06-08,12.563
1938-06-15,11.796
1938-06-22,12.179
1938-06-29,13.504
1938-07-06,8.354
1938-07-13,9.553
1938-07-20,8.822
1938-07-27,9.602
1938-08-03,9.11
1938-08-10,9.645
1938-08-17,9.392
1938-08-24,9.897
1938-08-31,9.576
1938-09-07,9.874
1938-09-14,12.965
1938-09-21,10.219
1938-09-28,10.685
1938-10-05,10.754
1938-10-12,11.447
1938-10-19,11.056
1938-10-26,11.512
1938-11-02,10.927
1938-11-09,11.473
1938-11-16,11.124
1938-11-23,11.603
1938-11-30,11.803
1938-12-07,11.75
1938-12-14,15.856
1938-12-21,11.509
1938-12-28,11.736
1939-01-04,1.981
1939-01-11,2.298
1939-01-18,2.202
1939-01-25,2.426
1939-02-01,3.131
1939-02-08,2.589
1939-02-15,2.947
1939-02-22,2.955
1939-03-01,3.044
1939-03-08,3.336
1939-03-15,3.65
1939-03-22,3.665
1939-03-29,3.929
1939-04-05,4.017
1939-04-12,4.686
1939-04-19,4.153
1939-04-26,4.574
1939-05-03,4.519
1939-05-10,5.051
1939-05-17,5.285
1939-05-24,4.961
1939-05-31,5.325
1939-06-07,6.827
1939-06-14,10.344
1939-06-21,5.621
1939-06-28,6.666
1939-07-05,2.181
1939-07-12,2.148
1939-07-19,2.172
1939-07-26,2.42
1939-08-02,2.879
1939-08-09,2.806
1939-08-16,2.948
1939-08-23,3.118
1939-08-30,3.948
1939-09-06,3.557
1939-09-13,6.243
1939-09-20,3.894
1939-09-27,4.97
1939-10-04,3.815
1939-10-11,4.371
1939-10-18,3.935
1939-10-25,4.147
1939-11-01,4.278
1939-11-08,4.453
1939-11-15,4.853
1939-11-22,4.848
1939-11-29,5.98
1939-12-06,6.124
1939-12-13,9.237
1939-12-20,5.26
1939-12-27,5.575
1940-01-03,1.332
1940-01-10,1.518
1940-01-17,1.498
1940-01-24,1.991
1940-01-31,2.153
1940-02-07,2.415
1940-02-14,2.867
1940-02-21,2.733
1940-02-28,3.14
1940-03-06,3.098
1940-03-13,6.452
1940-03-20,3.375
1940-03-27,4.371
1940-04-03,3.568
1940-04-10,4.415
1940-04-17,3.902
1940-04-24,4.566
1940-05-01,4.064
1940-05-08,4.484
1940-05-15,4.5
1940-05-22,4.728
1940-05-29,5.181
1940-06-05,5.277
1940-06-12,9.297
1940-06-19,5.301
1940-06-26,5.786
1940-07-03,1.373
1940-07-10,1.881
1940-07-17,1.69
1940-07-24,2.205
1940-07-31,2.303
1940-08-07,2.46
1940-08-14,2.891
1940-08-21,2.896
1940-08-28,3.284
1940-09-04,2.853
1940-09-11,6.129
1940-09-18,3.137
1940-09-25,3.653
1940-10-02,3.441
1940-10-09,3.874
1940-10-16,3.658
1940-10-23,4.147
1940-10-30,5.057
1940-11-06,4.331
1940-11-13,4.935
1940-11-20,4.656
1940-11-27,5.088
1940-12-04,4.972
1940-12-11,7.761
1940-12-18,5.129
1940-12-24,5.437
1940-12-31,2.196
1941-01-08,2.109
1941-01-15,2.173
1941-01-22,2.428
1941-01-29,2.953
1941-02-05,2.657
1941-02-12,3.132
1941-02-19,3.102
1941-02-26,3.561
1941-03-05,3.36
1941-03-12,6.364
1941-03-19,3.688
1941-03-26,4.087
1941-04-02,3.775
1941-04-09,4.752
1941-04-16,4.116
1941-04-23,4.571
1941-04-30,5.156
1941-05-07,4.893
1941-05-14,5.504
1941-05-21,5.117
1941-05-28,5.612
1941-06-04,5.312
1941-06-11,7.133
1941-06-18,5.61
1941-06-25,6.086
1941-07-02,1.747
1941-07-09,2.229
1941-07-16,2.115
1941-07-23,2.658
1941-07-30,3.033
1941-08-06,2.704
1941-08-13,3.231
1941-08-20,2.931
1941-08-27,3.315
1941-09-03,3.08
1941-09-10,6.558
1941-09-17,3.473
1941-09-24,3.95
1941-10-01,3.692
1941-10-08,4.307
1941-10-15,4.186
1941-10-22,4.388
1941-10-29,5.192
1941-11-05,4.818
1941-11-12,5.201
1941-11-19,4.999
1941-11-26,5.525
1941-12-03,5.036
1941-12-10,7.537
1941-12-17,5.564
1941-12-24,5.838
1941-12-31,2.15
1942-01-07,2.55
1942-01-14,3.179
1942-01-21,3.323
1942-01-28,2.852
1942-02-04,2.653
1942-02-11,3.421
1942-02-18,3.082
1942-02-25,3.739
1942-03-04,3.34
1942-03-11,7.592
1942-03-18,4.326
1942-03-25,4.197
1942-04-01,4.227
1942-04-08,4.317
1942-04-15,4.452
1942-04-22,4.823
1942-04-29,7.041
1942-05-06,4.992
1942-05-13,5.72
1942-05-20,5.563
1942-05-27,5.917
1942-06-03,5.575
1942-06-10,8.671
1942-06-17,6.271
1942-06-24,6.322
1942-07-01,1.876
1942-07-08,2.44
1942-07-15,2.684
1942-07-22,3.084
1942-07-29,3.409
1942-08-05,3.304
1942-08-12,3.831
1942-08-19,3.55
1942-08-26,4.135
1942-09-02,3.758
1942-09-09,6.98
1942-09-16,4.173
1942-09-23,4.407
1942-09-30,4.443
1942-10-07,4.769
1942-10-14,5.945
1942-10-21,5.314
1942-10-28,5.677
1942-11-04,5.248
1942-11-11,5.639
1942-11-18,5.769
1942-11-25,6.279
1942-12-02,6.0
1942-12-09,8.473
1942-12-16,6.526
1942-12-23,6.595
1942-12-30,8.069
1943-01-06,3.201
1943-01-13,4.008
1943-01-20,3.645
1943-01-27,3.833
1943-02-03,3.464
1943-02-10,4.147
1943-02-17,4.404
1943-02-24,4.921
1943-03-03,4.714
1943-03-10,8.512
1943-03-17,10.393
1943-03-24,8.837
1943-03-31,5.582
1943-04-07,6.138
1943-04-14,7.667
1943-04-21,7.319
1943-04-28,8.355
1943-05-05,6.979
1943-05-12,7.071
1943-05-19,6.934
1943-05-26,8.004
1943-06-02,7.176
1943-06-09,10.788
1943-06-16,7.827
1943-06-23,8.451
1943-06-30,4.672
1943-07-07,7.918
1943-07-14,5.906
1943-07-21,5.309
1943-07-28,5.581
1943-08-04,5.77
1943-08-11,5.546
1943-08-18,5.539
1943-08-25,5.885
1943-09-01,6.079
1943-09-08,6.809
1943-09-15,7.539
1943-09-22,7.844
1943-09-29,8.535
1943-10-06,7.956
1943-10-13,7.727
1943-10-20,6.896
1943-10-27,7.645
1943-11-03,7.428
1943-11-10,7.781
1943-11-17,8.251
1943-11-24,8.29
1943-12-01,8.39
1943-12-08,10.095
1943-12-15,9.291
1943-12-22,9.535
1943-12-29,10.156
1944-01-05,5.375
1944-01-12,6.135
1944-01-19,5.749
1944-01-26,7.02
1944-02-02,7.264
1944-02-09,7.561
1944-02-16,7.922
1944-02-23,6.936
1944-03-01,6.073
1944-03-08,11.008
1944-03-15,7.685
1944-03-22,7.479
1944-03-29,8.009
1944-04-05,8.016
1944-04-12,8.503
1944-04-19,8.979
1944-04-26,9.071
1944-05-03,9.318
1944-05-10,9.324
1944-05-17,9.696
1944-05-24,9.698
1944-05-31,10.14
1944-06-07,10.752
1944-06-14,15.745
1944-06-21,11.282
1944-06-28,12.208
1944-07-05,6.979
1944-07-12,7.484
1944-07-19,6.786
1944-07-26,7.546
1944-08-02,6.916
1944-08-09,9.919
1944-08-16,7.708
1944-08-23,8.522
1944-08-30,8.691
1944-09-06,8.674
1944-09-13,9.133
1944-09-20,9.175
1944-09-27,9.533
1944-10-04,9.599
1944-10-11,9.589
1944-10-18,10.151
1944-10-25,10.336
1944-11-01,10.514
1944-11-08,10.816
1944-11-15,11.246
1944-11-22,11.407
1944-11-29,11.661
1944-12-06,11.183
1944-12-13,11.722
1944-12-20,11.646
1944-12-27,12.072
1945-01-03,6.87
1945-01-10,7.527
1945-01-17,7.528
1945-01-24,8.05
1945-01-31,7.515
1945-02-07,8.239
1945-02-14,8.584
1945-02-21,8.808
1945-02-28,8.609
1945-03-07,9.186
1945-03-14,9.519
1945-03-21,9.589
1945-03-28,9.93
1945-04-04,9.863
1945-04-11,10.535
1945-04-18,10.627
1945-04-25,11.213
1945-05-02,10.767
1945-05-09,11.481
1945-05-16,11.559
1945-05-23,11.853
1945-05-30,12.37
1945-06-06,11.772
1945-06-13,12.417
1945-06-20,12.143
1945-06-27,12.781
1945-07-03,7.712
1945-07-11,8.527
1945-07-18,8.333
1945-07-25,8.054
1945-08-01,8.306
1945-08-08,9.112
1945-08-15,9.337
1945-08-22,9.772
1945-08-29,9.793
1945-09-05,9.839
1945-09-12,10.393
1945-09-19,10.763
1945-09-26,10.816
1945-10-03,10.216
1945-10-10,10.72
1945-10-17,10.914
1945-10-24,11.338
1945-10-31,11.541
1945-11-07,11.088
1945-11-14,11.943
1945-11-21,11.587
1945-11-28,12.288
1945-12-05,11.457
1945-12-12,12.109
1945-12-19,11.906
1945-12-26,12.781
1946-01-02,7.733
1946-01-09,8.013
1946-01-16,8.458
1946-01-23,9.841
1946-01-30,9.933
1946-02-06,10.283
1946-02-13,10.314
1946-02-20,10.133
1946-02-27,10.694
1946-03-06,11.581
1946-03-13,11.284
1946-03-20,11.575
1946-03-27,11.908
1946-04-03,11.846
1946-04-10,11.76
1946-04-17,12.122
1946-04-24,12.971
1946-05-01,12.694
1946-05-08,12.888
1946-05-15,13.139
1946-05-22,12.915
1946-05-29,13.828
1946-06-05,13.719
1946-06-12,14.476
1946-06-19,14.243
1946-06-26,15.769
1946-07-03,9.371
1946-07-10,10.506
1946-07-17,12.295
1946-07-24,10.636
1946-07-31,9.772
1946-08-07,11.526
1946-08-14,10.885
1946-08-21,11.295
1946-08-28,12.39
1946-09-04,12.082
1946-09-11,11.9
1946-09-18,11.697
1946-09-25,13.317
1946-10-02,13.32
1946-10-09,12.443
1946-10-16,12.515
1946-10-23,12.722
1946-10-30,13.736
1946-11-06,13.529
1946-11-13,14.617
1946-11-20,14.087
1946-11-27,14.962
1946-12-04,14.008
1946-12-11,14.955
1946-12-18,14.799
1946-12-24,17.018
1946-12-31,9.392
1947-01-08,10.057
1947-01-15,10.736
1947-01-22,10.162
1947-01-29,11.33
1947-02-05,10.997
1947-02-12,11.882
1947-02-19,11.12
1947-02-26,12.382
1947-03-05,11.253
1947-03-12,12.345
1947-03-19,11.687
1947-03-26,13.207
1947-04-02,13.106
1947-04-09,12.842
1947-04-16,12.722
1947-04-23,15.271
1947-04-30,12.679
1947-05-07,12.762
1947-05-14,13.813
1947-05-21,13.133
1947-05-28,14.06
1947-06-04,13.658
1947-06-11,14.793
1947-06-18,14.717
1947-06-25,16.459
1947-07-02,9.016
1947-07-09,9.639
1947-07-16,10.804
1947-07-23,11.749
1947-07-30,12.936
1947-08-06,12.708
1947-08-13,14.134
1947-08-20,15.518
1947-08-27,16.495
1947-09-03,16.32
1947-09-10,17.009
1947-09-17,18.598
1947-09-24,20.899
1947-10-01,18.774
1947-10-08,20.272
1947-10-15,20.627
1947-10-22,20.764
1947-10-29,21.299
1947-11-05,19.693
1947-11-12,20.03
1947-11-19,20.696
1947-11-26,20.405
1947-12-03,20.226
1947-12-10,20.665
1947-12-17,22.792
1947-12-24,22.191
1947-12-31,22.285
1948-01-07,15.586
1948-01-14,16.495
1948-01-21,15.565
1948-01-28,16.256
1948-02-04,14.818
1948-02-11,14.559
1948-02-18,15.673
1948-02-25,15.647
1948-03-03,14.817
1948-03-10,15.011
1948-03-17,14.55
1948-03-24,16.213
1948-03-31,15.927
1948-04-07,16.319
1948-04-14,17.572
1948-04-21,16.736
1948-04-28,17.453
1948-05-05,15.892
1948-05-12,16.393
1948-05-19,17.81
1948-05-26,17.883
1948-06-02,16.819
1948-06-09,17.054
1948-06-16,18.252
1948-06-23,19.207
1948-06-30,12.621
1948-07-07,13.493
1948-07-14,14.424
1948-07-21,13.606
1948-07-28,14.618
1948-08-04,12.261
1948-08-11,13.78
1948-08-18,11.928
1948-08-25,13.794
1948-09-01,12.556
1948-09-08,13.433
1948-09-15,13.803
1948-09-22,15.934
1948-09-29,15.945
1948-10-06,14.979
1948-10-13,16.022
1948-10-20,14.908
1948-10-27,15.288
1948-11-03,12.912
1948-11-10,12.779
1948-11-17,12.418
1948-11-24,14.503
1948-12-01,13.778
1948-12-08,16.893
1948-12-15,15.025
1948-12-22,15.293
1948-12-29,18.12
1949-01-05,10.269
1949-01-12,11.83
1949-01-19,10.878
1949-01-26,12.282
1949-02-02,10.715
1949-02-09,10.802
1949-02-16,11.021
1949-02-23,15.303
1949-03-02,11.407
1949-03-09,11.832
1949-03-16,12.668
1949-03-23,16.837
1949-03-30,15.002
1949-04-06,14.356
1949-04-13,14.39
1949-04-20,13.805
1949-04-27,15.18
1949-05-04,12.618
1949-05-11,12.399
1949-05-18,12.282
1949-05-25,12.878
1949-06-01,12.659
1949-06-08,13.845
1949-06-15,14.193
1949-06-22,14.772
1949-06-29,17.07
1949-07-06,9.966
1949-07-13,10.011
1949-07-20,9.178
1949-07-27,11.187
1949-08-03,8.957
1949-08-10,9.552
1949-08-17,8.597
1949-08-24,9.151
1949-08-31,8.525
1949-09-07,9.193
1949-09-14,10.433
1949-09-21,10.033
1949-09-28,12.515
1949-10-05,11.768
1949-10-12,12.353
1949-10-19,11.914
1949-10-26,12.884
1949-11-02,11.438
1949-11-09,12.411
1949-11-16,12.831
1949-11-23,13.346
1949-11-30,12.623
1949-12-07,13.655
1949-12-14,14.88
1949-12-21,15.207
1949-12-28,16.722
1950-01-04,9.243
1950-01-11,9.322
1950-01-18,8.171
1950-01-25,10.055
1950-02-01,8.249
1950-02-08,8.799
1950-02-15,9.675
1950-02-22,11.244
1950-03-01,9.965
1950-03-08,11.417
1950-03-15,12.014
1950-03-22,12.02
1950-03-29,13.255
1950-04-05,12.822
1950-04-12,12.964
1950-04-19,12.479
1950-04-26,14.377
1950-05-03,12.746
1950-05-10,13.892
1950-05-17,13.12
1950-05-24,15.127
1950-05-31,14.264
1950-06-07,14.733
1950-06-14,15.816
1950-06-21,16.311
1950-06-28,16.377
1950-07-05,9.773
1950-07-12,10.023
1950-07-19,8.852
1950-07-26,11.619
1950-08-02,9.575
1950-08-09,10.57
1950-08-16,11.071
1950-08-23,10.759
1950-08-30,9.753
1950-09-06,8.4
1950-09-13,8.813
1950-09-20,7.379
1950-09-27,10.396
1950-10-04,8.344
1950-10-11,9.271
1950-10-18,9.631
1950-10-25,10.843
1950-11-01,8.703
1950-11-08,9.459
1950-11-15,10.489
1950-11-22,10.869
1950-11-29,12.24
1950-12-06,11.632
1950-12-13,12.205
1950-12-20,11.469
1950-12-27,12.703
1951-01-03,5.734
1951-01-10,6.445
1951-01-17,6.978
1951-01-24,8.195
1951-01-31,8.422
1951-02-07,9.333
1951-02-14,10.447
1951-02-21,12.431
1951-02-28,10.985
1951-03-07,11.183
1951-03-14,11.444
1951-03-21,11.36
1951-03-28,12.735
1951-04-04,12.454
1951-04-11,12.043
1951-04-18,12.61
1951-04-25,14.419
1951-05-02,12.639
1951-05-09,12.342
1951-05-16,13.453
1951-05-23,15.822
1951-05-30,16.576
1951-06-06,16.126
1951-06-13,17.583
1951-06-20,20.097
1951-06-27,21.06
1951-07-03,12.723
1951-07-11,13.59
1951-07-18,14.434
1951-07-25,17.283
1951-08-01,13.682
1951-08-08,14.762
1951-08-15,15.738
1951-08-22,15.268
1951-08-29,15.718
1951-09-05,15.402
1951-09-12,16.272
1951-09-19,16.627
1951-09-26,18.743
1951-10-03,16.47
1951-10-10,17.178
1951-10-17,16.77
1951-10-24,15.901
1951-10-31,16.066
1951-11-07,16.321
1951-11-14,17.678
1951-11-21,17.246
1951-11-28,18.634
1951-12-05,18.127
1951-12-12,19.356
1951-12-19,18.722
1951-12-26,23.806
1952-01-02,12.494
1952-01-09,12.78
1952-01-16,12.559
1952-01-23,13.461
1952-01-30,13.533
1952-02-06,13.276
1952-02-13,13.979
1952-02-20,14.264
1952-02-27,14.865
1952-03-05,14.531
1952-03-12,14.969
1952-03-19,15.518
1952-03-26,17.982
1952-04-02,15.209
1952-04-09,15.805
1952-04-16,16.508
1952-04-23,17.162
1952-04-30,17.33
1952-05-07,17.152
1952-05-14,17.73
1952-05-21,17.54
1952-05-28,18.969
1952-06-04,17.991
1952-06-11,19.854
1952-06-18,19.113
1952-06-25,21.229
1952-07-02,11.588
1952-07-09,13.283
1952-07-16,13.223
1952-07-23,14.781
1952-07-30,14.577
1952-08-06,14.935
1952-08-13,14.738
1952-08-20,15.883
1952-08-27,17.573
1952-09-03,16.444
1952-09-10,15.715
1952-09-17,15.831
1952-09-24,18.162
1952-10-01,16.166
1952-10-08,16.413
1952-10-15,17.853
1952-10-22,17.122
1952-10-29,18.379
1952-11-05,18.494
1952-11-12,19.165
1952-11-19,19.094
1952-11-26,20.292
1952-12-03,19.501
1952-12-10,22.269
1952-12-17,21.468
1952-12-23,23.938
1952-12-30,23.713
1953-01-07,15.237
1953-01-14,16.102
1953-01-21,16.227
1953-01-28,18.821
1953-02-04,15.751
1953-02-11,16.212
1953-02-18,16.451
1953-02-25,17.445
1953-03-04,16.029
1953-03-11,16.209
1953-03-18,17.082
1953-03-25,17.779
1953-04-01,16.35
1953-04-08,16.775
1953-04-15,18.106
1953-04-22,19.26
1953-04-29,20.786
1953-05-06,18.416
1953-05-13,20.062
1953-05-20,20.177
1953-05-27,22.533
1953-06-03,20.692
1953-06-10,22.433
1953-06-17,21.909
1953-06-24,24.409
1953-07-01,15.704
1953-07-08,17.338
1953-07-15,17.156
1953-07-22,19.181
1953-07-29,18.643
1953-08-05,17.449
1953-08-12,17.521
1953-08-19,18.548
1953-08-26,19.751
1953-09-02,18.621
1953-09-09,19.398
1953-09-16,20.283
1953-09-23,20.679
1953-09-30,20.693
1953-10-07,20.985
1953-10-14,22.363
1953-10-21,21.801
1953-10-28,22.149
1953-11-04,20.017
1953-11-11,21.741
1953-11-18,21.181
1953-11-25,22.147
1953-12-02,21.098
1953-12-09,23.079
1953-12-16,22.767
1953-12-23,24.717
1953-12-30,25.958
1954-01-06,17.208
1954-01-13,17.875
1954-01-20,17.583
1954-01-27,16.722
1954-02-03,15.097
1954-02-10,16.515
1954-02-17,16.39
1954-02-24,17.581
1954-03-03,15.986
1954-03-10,16.84
1954-03-17,16.877
1954-03-24,18.35
1954-03-31,18.081
1954-04-07,18.123
1954-04-14,19.368
1954-04-21,18.048
1954-04-28,19.359
1954-05-05,18.287
1954-05-12,19.055
1954-05-19,20.3
1954-05-26,22.024
1954-06-02,19.616
1954-06-09,21.009
1954-06-16,19.987
1954-06-23,22.986
1954-06-30,12.63
1954-07-07,13.844
1954-07-14,13.809
1954-07-21,14.604
1954-07-28,15.109
1954-08-04,14.113
1954-08-11,13.696
1954-08-18,14.161
1954-08-25,15.314
1954-09-01,14.725
1954-09-08,15.424
1954-09-15,17.128
1954-09-22,17.613
1954-09-29,17.719
1954-10-06,17.861
1954-10-13,19.634
1954-10-20,18.477
1954-10-27,20.384
1954-11-03,19.404
1954-11-10,19.314
1954-11-17,19.311
1954-11-24,21.13
1954-12-01,20.284
1954-12-08,21.487
1954-12-15,20.849
1954-12-22,22.168
1954-12-29,22.983
1955-01-05,14.05
1955-01-12,14.539
1955-01-19,14.88
1955-01-26,15.475
1955-02-02,14.418
1955-02-09,13.819
1955-02-16,14.047
1955-02-23,15.891
1955-03-02,14.577
1955-03-09,14.435
1955-03-16,14.767
1955-03-23,15.43
1955-03-30,16.39
1955-04-06,16.257
1955-04-13,17.285
1955-04-20,17.614
1955-04-27,18.005
1955-05-04,17.571
1955-05-11,18.693
1955-05-18,17.778
1955-05-25,19.141
1955-06-01,18.563
1955-06-08,19.596
1955-06-15,19.179
1955-06-22,20.505
1955-06-29,20.832
1955-07-06,13.604
1955-07-13,13.8
1955-07-20,14.399
1955-07-27,14.804
1955-08-03,14.064
1955-08-10,14.214
1955-08-17,14.667
1955-08-24,14.589
1955-08-31,14.85
1955-09-07,15.108
1955-09-14,16.103
1955-09-21,15.514
1955-09-28,17.252
1955-10-05,17.982
1955-10-12,19.644
1955-10-19,19.269
1955-10-26,20.239
1955-11-02,19.388
1955-11-09,21.01
1955-11-16,19.695
1955-11-23,20.482
1955-11-30,20.28
1955-12-07,21.84
1955-12-14,22.954
1955-12-21,23.386
1955-12-28,23.69
1956-01-04,14.502
1956-01-11,13.833
1956-01-18,13.888
1956-01-25,13.092
1956-02-01,12.733
1956-02-08,13.853
1956-02-15,14.091
1956-02-22,14.252
1956-02-29,15.841
1956-03-07,15.667
1956-03-14,16.551
1956-03-21,15.947
1956-03-28,17.577
1956-04-04,18.134
1956-04-11,18.14
1956-04-18,17.715
1956-04-25,17.913
1956-05-02,18.669
1956-05-09,18.869
1956-05-16,18.689
1956-05-23,19.661
1956-05-30,20.786
1956-06-06,22.109
1956-06-13,21.981
1956-06-20,22.621
1956-06-27,23.598
1956-07-04,14.87
1956-07-11,14.681
1956-07-18,14.659
1956-07-25,13.885
1956-08-01,13.903
1956-08-08,14.306
1956-08-15,16.824
1956-08-22,16.246
1956-08-29,17.951
1956-09-05,19.856
1956-09-12,18.692
1956-09-19,22.248
1956-09-26,19.686
1956-10-03,17.937
1956-10-10,19.885
1956-10-17,20.817
1956-10-24,20.885
1956-10-31,20.545
1956-11-07,21.896
1956-11-14,21.649
1956-11-21,22.996
1956-11-28,24.814
1956-12-05,26.242
1956-12-12,27.914
1956-12-19,29.397
1956-12-26,30.679
1957-01-02,16.978
1957-01-09,17.557
1957-01-16,17.332
1957-01-23,15.459
1957-01-30,15.749
1957-02-06,14.842
1957-02-13,15.359
1957-02-20,14.476
1957-02-27,15.873
1957-03-06,16.702
1957-03-13,17.177
1957-03-20,17.881
1957-03-27,18.748
1957-04-03,17.744
1957-04-10,19.127
1957-04-17,18.511
1957-04-24,19.43
1957-05-01,17.901
1957-05-08,18.78
1957-05-15,18.063
1957-05-22,19.194
1957-05-29,20.425
1957-06-05,21.895
1957-06-12,21.124
1957-06-19,21.635
1957-06-26,22.638
1957-07-03,15.641
1957-07-10,15.204
1957-07-17,15.938
1957-07-24,14.031
1957-07-31,13.925
1957-08-07,13.798
1957-08-14,14.679
1957-08-21,14.478
1957-08-28,18.716
1957-09-04,18.179
1957-09-11,19.505
1957-09-18,17.622
1957-09-25,18.522
1957-10-02,18.451
1957-10-09,20.366
1957-10-16,18.599
1957-10-23,19.83
1957-10-30,19.712
1957-11-06,22.23
1957-11-13,21.502
1957-11-20,21.39
1957-11-27,22.898
1957-12-04,24.23
1957-12-11,24.409
1957-12-18,24.692
1957-12-25,25.75
1957-12-31,14.948
1958-01-08,13.329
1958-01-15,13.987
1958-01-22,13.736
1958-01-29,15.235
1958-02-05,14.568
1958-02-12,16.154
1958-02-19,15.379
1958-02-26,16.653
1958-03-05,15.739
1958-03-12,17.087
1958-03-19,16.569
1958-03-26,18.232
1958-04-02,16.898
1958-04-09,17.997
1958-04-16,17.921
1958-04-23,19.531
1958-04-30,18.453
1958-05-07,19.648
1958-05-14,19.45
1958-05-21,20.668
1958-05-28,20.931
1958-06-04,21.497
1958-06-11,21.845
1958-06-18,22.631
1958-06-25,23.68
1958-07-02,13.145
1958-07-09,13.963
1958-07-16,14.514
1958-07-23,15.091
1958-07-30,15.886
1958-08-06,14.115
1958-08-13,15.777
1958-08-20,14.836
1958-08-27,16.93
1958-09-03,17.163
1958-09-10,18.244
1958-09-17,17.576
1958-09-24,19.088
1958-10-01,18.097
1958-10-08,20.534
1958-10-15,21.969
1958-10-22,21.804
1958-10-29,22.455
1958-11-05,22.601
1958-11-12,23.711
1958-11-19,24.342
1958-11-26,25.078
1958-12-03,33.614
1958-12-10,34.117
1958-12-17,33.852
1958-12-23,33.618
1958-12-31,21.683
1959-01-07,21.368
1959-01-14,23.882
1959-01-21,22.084
1959-01-28,23.981
1959-02-04,23.512
1959-02-11,25.956
1959-02-18,25.135
1959-02-25,26.884
1959-03-04,25.428
1959-03-11,27.108
1959-03-18,26.847
1959-03-25,29.159
1959-04-01,26.154
1959-04-08,29.317
1959-04-15,30.156
1959-04-22,29.878
1959-04-29,32.023
1959-05-06,35.182
1959-05-13,39.019
1959-05-20,38.029
1959-05-27,38.419
1959-06-03,38.378
1959-06-10,38.982
1959-06-17,39.293
1959-06-24,39.957
1959-07-01,30.589
1959-07-08,33.16
1959-07-15,35.884
1959-07-22,35.9
1959-07-29,36.018
1959-08-05,36.878
1959-08-12,38.861
1959-08-19,37.58
1959-08-26,38.722
1959-09-02,39.301
1959-09-09,39.985
1959-09-16,40.242
1959-09-23,39.434
1959-09-30,39.806
1959-10-07,37.772
1959-10-14,38.869
1959-10-21,37.494
1959-10-28,37.003
1959-11-04,38.286
1959-11-11,39.815
1959-11-18,40.105
1959-11-25,42.132
1959-12-02,45.425
1959-12-09,47.27
1959-12-16,45.148
1959-12-22,42.865
1959-12-30,45.564
1960-01-06,28.138
1960-01-13,28.107
1960-01-20,26.389
1960-01-27,26.432
1960-02-03,24.201
1960-02-10,26.606
1960-02-17,31.642
1960-02-24,32.274
1960-03-02,30.951
1960-03-09,33.245
1960-03-16,33.995
1960-03-23,33.421
1960-03-30,35.661
1960-04-06,34.868
1960-04-13,36.078
1960-04-20,49.057
1960-04-27,43.395
1960-05-04,41.354
1960-05-11,41.434
1960-05-18,42.677
1960-05-25,43.486
1960-06-01,44.506
1960-06-08,45.937
1960-06-15,45.593
1960-06-22,45.931
1960-06-29,48.831
1960-07-06,36.815
1960-07-13,37.373
1960-07-20,42.336
1960-07-27,42.715
1960-08-03,45.562
1960-08-10,43.152
1960-08-17,43.023
1960-08-24,42.352
1960-08-31,41.55
1960-09-07,41.467
1960-09-14,40.001
1960-09-21,39.529
1960-09-28,41.245
1960-10-05,42.402
1960-10-12,43.681
1960-10-19,42.998
1960-10-26,44.502
1960-11-02,46.925
1960-11-09,49.687
1960-11-16,50.302
1960-11-23,48.177
1960-11-30,46.81
1960-12-07,44.326
1960-12-14,44.745
1960-12-21,41.611
1960-12-28,44.661
1961-01-04,30.424
1961-01-11,31.221
1961-01-18,33.146
1961-01-25,33.734
1961-02-01,32.0
1961-02-08,36.0
1961-02-15,35.0
1961-02-22,37.0
1961-03-01,31.0
1961-03-08,34.0
1961-03-15,31.0
1961-03-22,33.0
1961-03-29,30.0
1961-04-05,30.0
1961-04-12,31.0
1961-04-19,39.0
1961-04-26,37.0
1961-05-03,38.0
1961-05-10,43.0
1961-05-17,46.0
1961-05-24,49.0
1961-05-31,47.0
1961-06-07,49.0
1961-06-14,54.0
1961-06-21,52.0
1961-06-28,53.0
1961-07-05,46.0
1961-07-12,42.0
1961-07-19,41.0
1961-07-26,48.0
1961-08-02,52.0
1961-08-09,55.0
1961-08-16,63.0
1961-08-23,56.0
1961-08-30,58.0
1961-09-06,65.0
1961-09-13,66.0
1961-09-20,64.0
1961-09-27,60.0
1961-10-04,86.0
1961-10-11,91.0
1961-10-18,69.0
1961-10-25,70.0
1961-11-01,72.0
1961-11-08,73.0
1961-11-15,73.0
1961-11-22,77.0
1961-11-29,75.0
1961-12-06,81.0
1961-12-13,77.0
1961-12-20,77.0
1961-12-27,79.0
1962-01-03,64.0
1962-01-10,60.0
1962-01-17,61.0
1962-01-24,63.0
1962-01-31,69.0
1962-02-07,68.0
1962-02-14,65.0
1962-02-21,64.0
1962-02-28,65.0
1962-03-07,67.0
1962-03-14,65.0
1962-03-21,69.0
1962-03-28,69.0
1962-04-04,74.0
1962-04-11,76.0
1962-04-18,76.0
1962-04-25,73.0
1962-05-02,75.0
1962-05-09,76.0
1962-05-16,75.0
1962-05-23,71.0
1962-05-30,74.0
1962-06-06,76.0
1962-06-13,76.0
1962-06-20,74.0
1962-06-27,80.0
1962-07-04,62.0
1962-07-11,68.0
1962-07-18,62.0
1962-07-25,61.0
1962-08-01,66.0
1962-08-08,69.0
1962-08-15,70.0
1962-08-22,68.0
1962-08-29,68.0
1962-09-05,71.0
1962-09-12,72.0
1962-09-19,67.0
1962-09-26,64.0
1962-10-03,71.0
1962-10-10,70.0
1962-10-17,79.0
1962-10-24,72.0
1962-10-31,75.0
1962-11-07,76.0
1962-11-14,74.0
1962-11-21,76.0
1962-11-28,78.0
1962-12-05,78.0
1962-12-12,83.0
1962-12-19,81.0
1962-12-26,85.0
1963-01-02,65.0
1963-01-09,67.0
1963-01-16,67.0
1963-01-23,64.0
1963-01-30,70.0
1963-02-06,73.0
1963-02-13,71.0
1963-02-20,67.0
1963-02-27,70.0
1963-03-06,67.0
1963-03-13,69.0
1963-03-20,67.0
1963-03-27,69.0
1963-04-03,74.0
1963-04-10,71.0
1963-04-17,76.0
1963-04-24,75.0
1963-05-01,79.0
1963-05-08,79.0
1963-05-15,80.0
1963-05-22,73.0
1963-05-29,79.0
1963-06-05,80.0
1963-06-12,81.0
1963-06-19,81.0
1963-06-26,85.0
1963-07-03,77.0
1963-07-10,77.0
1963-07-17,72.0
1963-07-24,75.0
1963-07-31,76.0
1963-08-07,76.0
1963-08-14,77.0
1963-08-21,79.0
1963-08-28,78.0
1963-09-04,85.0
1963-09-11,79.0
1963-09-18,78.0
1963-09-25,77.0
1963-10-02,81.0
1963-10-09,84.0
1963-10-16,82.0
1963-10-23,78.0
1963-10-30,86.0
1963-11-06,93.0
1963-11-13,87.0
1963-11-20,88.0
1963-11-27,93.0
1963-12-04,94.0
1963-12-11,97.0
1963-12-18,95.0
1963-12-25,100.0
1963-12-31,82.0
1964-01-08,84.0
1964-01-15,81.0
1964-01-22,79.0
1964-01-29,81.0
1964-02-05,80.0
1964-02-12,83.0
1964-02-19,82.0
1964-02-26,88.0
1964-03-04,92.0
1964-03-11,93.0
1964-03-18,93.0
1964-03-25,92.0
1964-04-01,94.0
1964-04-08,92.0
1964-04-15,95.0
1964-04-22,88.0
1964-04-29,91.0
1964-05-06,103.0
1964-05-13,102.0
1964-05-20,108.0
1964-05-27,111.0
1964-06-03,115.0
1964-06-10,119.0
1964-06-17,113.0
1964-06-24,116.0
1964-07-01,100.0
1964-07-08,106.0
1964-07-15,99.0
1964-07-22,89.0
1964-07-29,95.0
1964-08-05,104.0
1964-08-12,104.0
1964-08-19,96.0
1964-08-26,102.0
1964-09-02,103.0
1964-09-09,139.0
1964-09-16,103.0
1964-09-23,97.0
1964-09-30,106.0
1964-10-07,110.0
1964-10-14,103.0
1964-10-21,96.0
1964-10-28,104.0
1964-11-04,111.0
1964-11-11,114.0
1964-11-18,116.0
1964-11-25,118.0
1964-12-02,132.0
1964-12-09,134.0
1964-12-16,136.0
1964-12-23,130.0
1964-12-30,130.0
1965-01-06,639.0
1965-01-13,639.0
1965-01-20,633.0
1965-01-27,635.0
1965-02-03,648.0
1965-02-10,645.0
1965-02-17,604.0
1965-02-24,599.0
1965-03-03,602.0
1965-03-10,605.0
1965-03-17,565.0
1965-03-24,563.0
1965-03-31,567.0
1965-04-07,569.0
1965-04-14,527.0
1965-04-21,518.0
1965-04-28,519.0
1965-05-05,526.0
1965-05-12,482.0
1965-05-19,487.0
1965-05-26,496.0
1965-06-02,508.0
1965-06-09,499.0
1965-06-16,459.0
1965-06-23,456.0
1965-06-30,443.0
1965-07-07,448.0
1965-07-14,396.0
1965-07-21,391.0
1965-07-28,396.0
1965-08-04,412.0
1965-08-11,403.0
1965-08-18,363.0
1965-08-25,362.0
1965-09-01,364.0
1965-09-08,374.0
1965-09-15,323.0
1965-09-22,323.0
1965-09-29,336.0
1965-10-06,346.0
1965-10-13,303.0
1965-10-20,291.0
1965-10-27,286.0
1965-11-03,311.0
1965-11-10,313.0
1965-11-17,188.0
1965-11-24,188.0
1965-12-01,201.0
1965-12-08,211.0
1965-12-15,205.0
1965-12-22,204.0
1965-12-29,206.0
1966-01-05,192.0
1966-01-12,179.0
1966-01-19,164.0
1966-01-26,168.0
1966-02-02,181.0
1966-02-09,186.0
1966-02-16,191.0
1966-02-23,182.0
1966-03-02,198.0
1966-03-09,195.0
1966-03-16,193.0
1966-03-23,193.0
1966-03-30,195.0
1966-04-06,202.0
1966-04-13,191.0
1966-04-20,172.0
1966-04-27,182.0
1966-05-04,199.0
1966-05-11,195.0
1966-05-18,203.0
1966-05-25,204.0
1966-06-01,216.0
1966-06-08,224.0
1966-06-15,216.0
1966-06-22,220.0
1966-06-29,222.0
1966-07-06,224.0
1966-07-13,215.0
1966-07-20,203.0
1966-07-27,198.0
1966-08-03,213.0
1966-08-10,208.0
1966-08-17,202.0
1966-08-24,202.0
1966-08-31,231.0
1966-09-07,235.0
1966-09-14,229.0
1966-09-21,223.0
1966-09-28,220.0
1966-10-05,252.0
1966-10-12,254.0
1966-10-19,219.0
1966-10-26,227.0
1966-11-02,260.0
1966-11-09,242.0
1966-11-16,245.0
1966-11-23,237.0
1966-11-30,271.0
1966-12-07,263.0
1966-12-14,255.0
1966-12-21,256.0
1966-12-28,256.0
1967-01-04,240.0
1967-01-11,236.0
1967-01-18,223.0
1967-01-25,224.0
1967-02-01,222.0
1967-02-08,241.0
1967-02-15,238.0
1967-02-22,232.0
1967-03-01,225.0
1967-03-08,252.0
1967-03-15,228.0
1967-03-22,223.0
1967-03-29,218.0
1967-04-05,232.0
1967-04-12,222.0
1967-04-19,221.0
1967-04-26,221.0
1967-05-03,239.0
1967-05-10,232.0
1967-05-17,228.0
1967-05-24,230.0
1967-05-31,245.0
1967-06-07,238.0
1967-06-14,229.0
1967-06-21,244.0
1967-06-28,244.0
1967-07-05,252.0
1967-07-12,246.0
1967-07-19,241.0
1967-07-26,241.0
1967-08-02,255.0
1967-08-09,253.0
1967-08-16,246.0
1967-08-23,244.0
1967-08-30,239.0
1967-09-06,267.0
1967-09-13,251.0
1967-09-20,247.0
1967-09-27,261.0
1967-10-04,279.0
1967-10-11,292.0
1967-10-18,280.0
1967-10-25,267.0
1967-11-01,286.0
1967-11-08,289.0
1967-11-15,284.0
1967-11-22,303.0
1967-11-29,301.0
1967-12-06,317.0
1967-12-13,307.0
1967-12-20,301.0
1967-12-27,308.0
1968-01-03,317.0
1968-01-10,306.0
1968-01-17,302.0
1968-01-24,297.0
1968-01-31,318.0
1968-02-07,322.0
1968-02-14,302.0
1968-02-21,299.0
1968-02-28,295.0
1968-03-06,318.0
1968-03-13,312.0
1968-03-20,315.0
1968-03-27,307.0
1968-04-03,338.0
1968-04-10,326.0
1968-04-17,333.0
1968-04-24,321.0
1968-05-01,361.0
1968-05-08,344.0
1968-05-15,346.0
1968-05-22,340.0
1968-05-29,342.0
1968-06-05,365.0
1968-06-12,373.0
1968-06-19,372.0
1968-06-26,380.0
1968-07-03,381.0
1968-07-10,367.0
1968-07-17,363.0
1968-07-24,350.0
1968-07-31,375.0
1968-08-07,386.0
1968-08-14,366.0
1968-08-21,386.0
1968-08-28,376.0
1968-09-04,394.0
1968-09-11,387.0
1968-09-18,367.0
1968-09-25,374.0
1968-10-02,398.0
1968-10-09,386.0
1968-10-16,394.0
1968-10-23,393.0
1968-10-30,386.0
1968-11-06,406.0
1968-11-13,406.0
1968-11-20,404.0
1968-11-27,401.0
1968-12-04,412.0
1968-12-11,412.0
1968-12-18,391.0
1968-12-25,403.0
1968-12-31,396.0
1969-01-08,399.0
1969-01-15,387.0
1969-01-22,375.0
1969-01-29,358.0
1969-02-05,379.0
1969-02-12,387.0
1969-02-19,396.0
1969-02-26,394.0
1969-03-05,422.0
1969-03-12,404.0
1969-03-19,398.0
1969-03-26,399.0
1969-04-02,427.0
1969-04-09,429.0
1969-04-16,399.0
1969-04-23,410.0
1969-04-30,443.0
1969-05-07,427.0
1969-05-14,421.0
1969-05-21,465.0
1969-05-28,462.0
1969-06-04,487.0
1969-06-11,475.0
1969-06-18,466.0
1969-06-25,449.0
1969-07-02,464.0
1969-07-09,465.0
1969-07-16,481.0
1969-07-23,462.0
1969-07-30,452.0
1969-08-06,512.0
1969-08-13,484.0
1969-08-20,491.0
1969-08-27,503.0
1969-09-03,532.0
1969-09-10,509.0
1969-09-17,475.0
1969-09-24,476.0
1969-10-01,505.0
1969-10-08,525.0
1969-10-15,561.0
1969-10-22,520.0
1969-10-29,522.0
1969-11-05,573.0
1969-11-12,569.0
1969-11-19,585.0
1969-11-26,599.0
1969-12-03,650.0
1969-12-10,610.0
1969-12-17,614.0
1969-12-24,596.0
1969-12-31,581.0
1970-01-07,568.0
1970-01-14,561.0
1970-01-21,535.0
1970-01-28,521.0
1970-02-04,565.0
1970-02-11,565.0
1970-02-18,574.0
1970-02-25,539.0
1970-03-04,552.0
1970-03-11,532.0
1970-03-18,535.0
1970-03-25,513.0
1970-04-01,525.0
1970-04-08,511.0
1970-04-15,518.0
1970-04-22,507.0
1970-04-29,508.0
1970-05-06,600.0
1970-05-13,584.0
1970-05-20,594.0
1970-05-27,600.0
1970-06-03,638.0
1970-06-10,612.0
1970-06-17,619.0
1970-06-24,603.0
1970-07-01,609.0
1970-07-08,595.0
1970-07-15,622.0
1970-07-22,592.0
1970-07-29,575.0
1970-08-05,627.0
1970-08-12,616.0
1970-08-19,628.0
1970-08-26,614.0
1970-09-02,655.0
1970-09-09,626.0
1970-09-16,614.0
1970-09-23,611.0
1970-09-30,626.0
1970-10-07,610.0
1970-10-14,615.0
1970-10-21,594.0
1970-10-28,570.0
1970-11-04,603.0
1970-11-11,600.0
1970-11-18,603.0
1970-11-25,607.0
1970-12-02,656.0
1970-12-09,604.0
1970-12-16,627.0
1970-12-23,578.0
1970-12-30,560.0
1971-01-06,567.0
1971-01-13,549.0
1971-01-20,551.0
1971-01-27,519.0
1971-02-03,527.0
1971-02-10,514.0
1971-02-17,544.0
1971-02-24,521.0
1971-03-03,554.0
1971-03-10,537.0
1971-03-17,525.0
1971-03-24,537.0
1971-03-31,546.0
1971-04-07,592.0
1971-04-14,520.0
1971-04-21,518.0
1971-04-28,510.0
1971-05-05,570.0
1971-05-12,532.0
1971-05-19,559.0
1971-05-26,542.0
1971-06-02,562.0
1971-06-09,550.0
1971-06-16,537.0
1971-06-23,548.0
1971-06-30,546.0
1971-07-07,548.0
1971-07-14,552.0
1971-07-21,568.0
1971-07-28,542.0
1971-08-04,621.0
1971-08-11,585.0
1971-08-18,592.0
1971-08-25,585.0
1971-09-01,619.0
1971-09-08,607.0
1971-09-15,605.0
1971-09-22,580.0
1971-09-29,582.0
1971-10-06,616.0
1971-10-13,641.0
1971-10-20,588.0
1971-10-27,583.0
1971-11-03,614.0
1971-11-10,591.0
1971-11-17,597.0
1971-11-24,615.0
1971-12-01,599.0
1971-12-08,610.0
1971-12-15,588.0
1971-12-22,573.0
1971-12-29,631.0
1972-01-05,570.0
1972-01-12,576.0
1972-01-19,565.0
1972-01-26,546.0
1972-02-02,556.0
1972-02-09,545.0
1972-02-16,551.0
1972-02-23,523.0
1972-03-01,525.0
1972-03-08,524.0
1972-03-15,505.0
1972-03-22,513.0
1972-03-29,534.0
1972-04-05,565.0
1972-04-12,548.0
1972-04-19,548.0
1972-04-26,553.0
1972-05-03,566.0
1972-05-10,552.0
1972-05-17,551.0
1972-05-24,555.0
1972-05-31,576.0
1972-06-07,570.0
1972-06-14,559.0
1972-06-21,562.0
1972-06-28,589.0
1972-07-05,583.0
1972-07-12,561.0
1972-07-19,575.0
1972-07-26,545.0
1972-08-02,577.0
1972-08-09,573.0
1972-08-16,570.0
1972-08-23,554.0
1972-08-30,578.0
1972-09-06,543.0
1972-09-13,544.0
1972-09-20,530.0
1972-09-27,533.0
1972-10-04,590.0
1972-10-11,588.0
1972-10-18,579.0
1972-10-25,583.0
1972-11-01,605.0
1972-11-08,605.0
1972-11-15,581.0
1972-11-22,586.0
1972-11-29,574.0
1972-12-06,679.0
1972-12-13,614.0
1972-12-20,591.0
1972-12-27,574.0
1973-01-03,636.0
1973-01-10,586.0
1973-01-17,609.0
1973-01-24,630.0
1973-01-31,678.0
1973-02-07,645.0
1973-02-14,731.0
1973-02-21,652.0
1973-02-28,688.0
1973-03-07,656.0
1973-03-14,682.0
1973-03-21,668.0
1973-03-28,685.0
1973-04-04,708.0
1973-04-11,716.0
1973-04-18,756.0
1973-04-25,740.0
1973-05-02,772.0
1973-05-09,800.0
1973-05-16,872.0
1973-05-23,853.0
1973-05-30,801.0
1973-06-06,830.0
1973-06-13,839.0
1973-06-20,830.0
1973-06-27,821.0
1973-07-04,898.0
1973-07-11,841.0
1973-07-18,862.0
1973-07-25,847.0
1973-08-01,944.0
1973-08-08,898.0
1973-08-15,912.0
1973-08-22,917.0
1973-08-29,963.0
1973-09-05,890.0
1973-09-12,875.0
1973-09-19,887.0
1973-09-26,948.0
1973-10-03,1409.0
1973-10-10,953.0
1973-10-17,957.0
1973-10-24,1001.0
1973-10-31,987.0
1973-11-07,930.0
1973-11-14,957.0
1973-11-21,1059.0
1973-11-28,973.0
1973-12-05,975.0
1973-12-12,959.0
1973-12-19,1046.0
1973-12-26,1049.0
1974-01-02,998.0
1974-01-09,975.0
1974-01-16,1034.0
1974-01-23,975.0
1974-01-30,994.0
1974-02-06,965.0
1974-02-13,1026.0
1974-02-20,1023.0
1974-02-27,969.0
1974-03-06,972.0
1974-03-13,1030.0
1974-03-20,1001.0
1974-03-27,1002.0
1974-04-03,971.0
1974-04-10,1034.0
1974-04-17,1048.0
1974-04-24,1078.0
1974-05-01,1077.0
1974-05-08,1138.0
1974-05-15,1168.0
1974-05-22,1165.0
1974-05-29,1458.0
1974-06-05,1105.0
1974-06-12,1149.0
1974-06-19,1094.0
1974-06-26,1129.0
1974-07-03,1153.0
1974-07-10,1222.0
1974-07-17,1137.0
1974-07-24,1205.0
1974-07-31,1155.0
1974-08-07,1163.0
1974-08-14,1160.0
1974-08-21,1193.0
1974-08-28,1220.0
1974-09-04,1298.0
1974-09-11,1223.0
1974-09-18,1195.0
1974-09-25,1289.0
1974-10-02,1264.0
1974-10-09,1181.0
1974-10-16,1249.0
1974-10-23,1198.0
1974-10-30,1192.0
1974-11-06,1165.0
1974-11-13,1137.0
1974-11-20,1198.0
1974-11-27,1229.0
1974-12-04,1349.0
1974-12-11,1171.0
1974-12-18,1262.0
1974-12-25,1276.0
1975-01-01,1148.0
1975-01-08,1138.0
1975-01-15,1201.0
1975-01-22,1475.0
1975-01-29,1191.0
1975-02-05,2985.0
1975-02-12,1211.0
1975-02-19,1148.0
1975-02-26,1040.0
1975-03-05,1072.0
1975-03-12,1073.0
1975-03-19,1048.0
1975-03-26,1056.0
1975-04-02,1070.0
1975-04-09,1083.0
1975-04-16,1121.0
1975-04-23,1112.0
1975-04-30,1182.0
1975-05-07,1159.0
1975-05-14,1165.0
1975-05-21,1205.0
1975-05-28,1151.0
1975-06-04,1098.0
1975-06-11,1106.0
1975-06-18,1084.0
1975-06-25,1262.0
1975-07-02,1027.0
1975-07-09,1067.0
1975-07-16,1138.0
1975-07-23,1021.0
1975-07-30,1077.0
1975-08-06,983.0
1975-08-13,978.0
1975-08-20,1034.0
1975-08-27,998.0
1975-09-03,1038.0
1975-09-10,966.0
1975-09-17,974.0
1975-09-24,1188.0
1975-10-01,1167.0
1975-10-08,1081.0
1975-10-15,1059.0
1975-10-22,1134.0
1975-10-29,1150.0
1975-11-05,1145.0
1975-11-12,1086.0
1975-11-19,1185.0
1975-11-26,1208.0
1975-12-03,1106.0
1975-12-10,1075.0
1975-12-17,1084.0
1975-12-24,1231.0
1975-12-31,1097.0
1976-01-07,1098.0
1976-01-14,1075.0
1976-01-21,1059.0
1976-01-28,1121.0
1976-02-04,1056.0
1976-02-11,1051.0
1976-02-18,1072.0
1976-02-25,1165.0
1976-03-03,1059.0
1976-03-10,1069.0
1976-03-17,1057.0
1976-03-24,1051.0
1976-03-31,1087.0
1976-04-07,980.0
1976-04-14,1054.0
1976-04-21,1242.0
1976-04-28,1119.0
1976-05-05,1096.0
1976-05-12,1124.0
1976-05-19,1138.0
1976-05-26,1122.0
1976-06-02,1057.0
1976-06-09,1054.0
1976-06-16,1106.0
1976-06-23,1093.0
1976-06-30,1143.0
1976-07-07,1140.0
1976-07-14,1100.0
1976-07-21,1044.0
1976-07-28,1152.0
1976-08-04,1140.0
1976-08-11,1033.0
1976-08-18,1174.0
1976-08-25,1177.0
1976-09-01,1037.0
1976-09-08,1065.0
1976-09-15,1071.0
1976-09-22,1081.0
1976-09-29,1248.0
1976-10-06,998.0
1976-10-13,1134.0
1976-10-20,1126.0
1976-10-27,1094.0
1976-11-03,1118.0
1976-11-10,1231.0
1976-11-17,1017.0
1976-11-24,1080.0
1976-12-01,1036.0
1976-12-08,951.0
1976-12-15,1023.0
1976-12-22,1056.0
1976-12-29,1152.0
1977-01-05,1003.0
1977-01-12,998.0
1977-01-19,981.0
1977-01-26,1020.0
1977-02-02,945.0
1977-02-09,990.0
1977-02-16,999.0
1977-02-23,1088.0
1977-03-02,1019.0
1977-03-09,946.0
1977-03-16,953.0
1977-03-23,996.0
1977-03-30,998.0
1977-04-06,900.0
1977-04-13,952.0
1977-04-20,969.0
1977-04-27,979.0
1977-05-04,1062.0
1977-05-11,1039.0
1977-05-18,988.0
1977-05-25,1001.0
1977-06-01,992.0
1977-06-08,903.0
1977-06-15,952.0
1977-06-22,1007.0
1977-06-29,1087.0
1977-07-06,1051.0
1977-07-13,1035.0
1977-07-20,1035.0
1977-07-27,1047.0
1977-08-03,1051.0
1977-08-10,992.0
1977-08-17,994.0
1977-08-24,1031.0
1977-08-31,1089.0
1977-09-07,974.0
1977-09-14,1091.0
1977-09-21,1031.0
1977-09-28,1188.0
1977-10-05,1115.0
1977-10-12,1060.0
1977-10-19,1097.0
1977-10-26,1150.0
1977-11-02,1154.0
1977-11-09,1226.0
1977-11-16,1183.0
1977-11-23,1378.0
1977-11-30,1128.0
1977-12-07,1150.0
1977-12-14,1212.0
1977-12-21,1226.0
1977-12-28,1341.0
1978-01-04,1168.0
1978-01-11,1200.0
1978-01-18,1272.0
1978-01-25,1335.0
1978-02-01,1570.0
1978-02-08,1418.0
1978-02-15,1736.0
1978-02-22,1417.0
1978-03-01,1396.0
1978-03-08,1519.0
1978-03-15,2277.0
1978-03-22,1393.0
1978-03-29,1306.0
1978-04-05,1265.0
1978-04-12,1331.0
1978-04-19,1308.0
1978-04-26,1287.0
1978-05-03,1463.0
1978-05-10,1507.0
1978-05-17,1348.0
1978-05-24,1436.0
1978-05-31,1488.0
1978-06-07,1484.0
1978-06-14,1910.0
1978-06-21,1464.0
1978-06-28,1566.0
1978-07-05,1465.0
1978-07-12,1576.0
1978-07-19,1651.0
1978-07-26,1531.0
1978-08-02,1498.0
1978-08-09,1390.0
1978-08-16,1392.0
1978-08-23,1579.0
1978-08-30,1639.0
1978-09-06,1396.0
1978-09-13,1430.0
1978-09-20,2126.0
1978-09-27,1697.0
1978-10-04,1670.0
1978-10-11,1713.0
1978-10-18,1685.0
1978-10-25,1916.0
1978-11-01,1730.0
1978-11-08,1602.0
1978-11-15,1585.0
1978-11-22,1652.0
1978-11-29,1784.0
1978-12-06,1516.0
1978-12-13,1854.0
1978-12-20,1905.0
1978-12-27,1946.0
1979-01-03,2064.0
1979-01-10,1956.0
1979-01-17,1986.0
1979-01-24,1875.0
1979-01-31,1715.0
1979-02-07,1730.0
1979-02-14,1546.0
1979-02-21,1715.0
1979-02-28,1859.0
1979-03-07,1774.0
1979-03-14,1947.0
1979-03-21,1601.0
1979-03-28,1902.0
1979-04-04,1384.0
1979-04-11,1709.0
1979-04-18,1692.0
1979-04-25,1783.0
1979-05-02,1682.0
1979-05-09,1653.0
1979-05-16,1661.0
1979-05-23,1576.0
1979-05-30,1719.0
1979-06-06,1601.0
1979-06-13,1792.0
1979-06-20,1595.0
1979-06-27,1713.0
1979-07-04,1779.0
1979-07-11,1711.0
1979-07-18,1761.0
1979-07-25,1801.0
1979-08-01,1867.0
1979-08-08,1811.0
1979-08-15,1839.0
1979-08-22,1887.0
1979-08-29,1979.0
1979-09-05,1981.0
1979-09-12,1916.0
1979-09-19,1831.0
1979-09-26,1897.0
1979-10-03,1908.0
1979-10-10,2022.0
1979-10-17,2180.0
1979-10-24,1982.0
1979-10-31,2014.0
1979-11-07,1809.0
1979-11-14,2321.0
1979-11-21,2079.0
1979-11-28,2049.0
1979-12-05,2435.0
1979-12-12,2301.0
1979-12-19,2385.0
1979-12-26,2729.0
1980-01-02,2582.0
1980-01-09,2345.0
1980-01-16,2246.0
1980-01-23,2353.0
1980-01-30,2147.0
1980-02-06,2028.0
1980-02-13,2193.0
1980-02-20,2231.0
1980-02-27,1948.0
1980-03-05,2011.0
1980-03-12,2012.0
1980-03-19,2112.0
1980-03-26,2224.0
1980-04-02,2141.0
1980-04-09,2113.0
1980-04-16,2288.0
1980-04-23,2348.0
1980-04-30,2470.0
1980-05-07,2400.0
1980-05-14,2355.0
1980-05-21,2294.0
1980-05-28,2407.0
1980-06-04,2292.0
1980-06-11,2288.0
1980-06-18,2548.0
1980-06-25,2263.0
1980-07-02,2239.0
1980-07-09,2007.0
1980-07-16,1991.0
1980-07-23,2002.0
1980-07-30,1880.0
1980-08-06,1682.0
1980-08-13,1695.0
1980-08-20,2059.0
1980-08-27,1803.0
1980-09-03,1701.0
1980-09-10,1732.0
1980-09-17,1803.0
1980-09-24,1830.0
1980-10-01,2139.0
1980-10-08,1797.0
1980-10-15,1958.0
1980-10-22,1873.0
1980-10-29,1903.0
1980-11-05,1895.0
1980-11-12,1986.0
1980-11-19,2064.0
1980-11-26,1978.0
1980-12-03,1888.0
1980-12-10,2030.0
1980-12-17,2349.0
1980-12-24,2107.0
1980-12-31,2240.0
1981-01-07,2181.0
1981-01-14,2222.0
1981-01-21,2058.0
1981-01-28,2017.0
1981-02-04,1890.0
1981-02-11,2042.0
1981-02-18,1817.0
1981-02-25,1755.0
1981-03-04,2378.0
1981-03-11,1871.0
1981-03-18,1906.0
1981-03-25,1959.0
1981-04-01,1940.0
1981-04-08,2053.0
1981-04-15,1923.0
1981-04-22,2252.0
1981-04-29,2273.0
1981-05-06,1874.0
1981-05-13,1903.0
1981-05-20,1901.0
1981-05-27,1965.0
1981-06-03,1677.0
1981-06-10,1615.0
1981-06-17,1956.0
1981-06-24,2455.0
1981-07-01,2530.0
1981-07-08,1850.0
1981-07-15,1780.0
1981-07-22,2289.0
1981-07-29,2885.0
1981-08-05,1712.0
1981-08-12,1633.0
1981-08-19,1946.0
1981-08-26,1786.0
1981-09-02,1799.0
1981-09-09,2333.0
1981-09-16,1843.0
1981-09-23,1932.0
1981-09-30,2427.0
1981-10-07,1936.0
1981-10-14,2208.0
1981-10-21,2355.0
1981-10-28,2000.0
1981-11-04,2255.0
1981-11-11,2158.0
1981-11-18,2423.0
1981-11-25,2677.0
1981-12-02,2831.0
1981-12-09,2851.0
1981-12-16,2975.0
1981-12-23,2436.0
1981-12-30,2480.0
1982-01-06,2532.0
1982-01-13,2384.0
1982-01-20,2425.0
1982-01-27,2196.0
1982-02-03,2636.0
1982-02-10,2096.0
1982-02-17,2610.0
1982-02-24,2061.0
1982-03-03,2226.0
1982-03-10,2210.0
1982-03-17,2070.0
1982-03-24,1984.0
1982-03-31,2155.0
1982-04-07,2001.0
1982-04-14,2053.0
1982-04-21,2306.0
1982-04-28,2374.0
1982-05-05,2149.0
1982-05-12,2121.0
1982-05-19,2174.0
1982-05-26,2184.0
1982-06-02,2319.0
1982-06-09,2702.0
1982-06-16,2166.0
1982-06-23,2267.0
1982-06-30,2073.0
1982-07-07,2295.0
1982-07-14,2034.0
1982-07-21,2236.0
1982-07-28,2149.0
1982-08-04,2066.0
1982-08-11,2029.0
1982-08-18,2120.0
1982-08-25,2065.0
1982-09-01,1808.0
1982-09-08,1711.0
1982-09-15,1749.0
1982-09-22,1756.0
1982-09-29,1696.0
1982-10-06,1698.0
1982-10-13,1768.0
1982-10-20,1864.0
1982-10-27,1671.0
1982-11-03,1648.0
1982-11-10,1625.0
1982-11-17,1632.0
1982-11-24,1581.0
1982-12-01,1682.0
1982-12-08,2148.0
1982-12-15,1848.0
1982-12-22,1734.0
1982-12-29,1784.0
1983-01-05,1806.0
1983-01-12,1858.0
1983-01-19,1837.0
1983-01-26,1705.0
1983-02-02,1669.0
1983-02-09,1612.0
1983-02-16,1603.0
1983-02-23,1639.0
1983-03-02,1678.0
1983-03-09,1623.0
1983-03-16,1776.0
1983-03-23,1621.0
1983-03-30,1699.0
1983-04-06,1721.0
1983-04-13,1695.0
1983-04-20,1748.0
1983-04-27,1906.0
1983-05-04,1696.0
1983-05-11,1577.0
1983-05-18,1600.0
1983-05-25,1698.0
1983-06-01,1966.0
1983-06-08,1785.0
1983-06-15,1787.0
1983-06-22,1937.0
1983-06-29,1927.0
1983-07-06,1979.0
1983-07-13,1862.0
1983-07-20,2048.0
1983-07-27,1890.0
1983-08-03,1959.0
1983-08-10,1894.0
1983-08-17,2089.0
1983-08-24,1990.0
1983-08-31,2056.0
1983-09-07,2095.0
1983-09-14,2109.0
1983-09-21,2290.0
1983-09-28,2346.0
1983-10-05,2248.0
1983-10-12,2265.0
1983-10-19,2331.0
1983-10-26,2193.0
1983-11-02,2145.0
1983-11-09,2677.0
1983-11-16,2214.0
1983-11-23,2164.0
1983-11-30,2369.0
1983-12-07,2223.0
1983-12-14,2212.0
1983-12-21,2271.0
1983-12-28,2278.0
1984-01-04,2515.0
1984-01-11,2291.0
1984-01-18,2231.0
1984-01-25,2210.0
1984-02-01,2340.0
1984-02-08,2106.0
1984-02-15,2033.0
1984-02-22,2023.0
1984-02-29,2109.0
1984-03-07,2159.0
1984-03-14,2335.0
1984-03-21,2124.0
1984-03-28,2301.0
1984-04-04,2340.0
1984-04-11,2330.0
1984-04-18,2312.0
1984-04-25,2660.0
1984-05-02,2841.0
1984-05-09,2416.0
1984-05-16,2193.0
1984-05-23,2382.0
1984-05-30,2338.0
1984-06-06,2358.0
1984-06-13,2355.0
1984-06-20,2847.0
1984-06-27,2530.0
1984-07-04,2485.0
1984-07-11,2567.0
1984-07-18,2705.0
1984-07-25,2553.0
1984-08-01,2530.0
1984-08-08,2379.0
1984-08-15,2404.0
1984-08-22,2422.0
1984-08-29,2356.0
1984-09-05,2391.0
1984-09-12,2625.0
1984-09-19,2753.0
1984-09-26,2583.0
1984-10-03,2512.0
1984-10-10,2616.0
1984-10-17,2573.0
1984-10-24,2492.0
1984-10-31,2433.0
1984-11-07,2518.0
1984-11-14,2528.0
1984-11-21,2479.0
1984-11-28,2484.0
1984-12-05,2556.0
1984-12-12,2616.0
1984-12-19,2570.0
1984-12-26,2561.0
1985-01-02,2874.0
1985-01-09,2574.0
1985-01-16,2625.0
1985-01-23,2361.0
1985-01-30,2359.0
1985-02-06,2283.0
1985-02-13,2236.0
1985-02-20,2284.0
1985-02-27,2321.0
1985-03-06,2318.0
1985-03-13,2261.0
1985-03-20,2218.0
1985-03-27,2412.0
1985-04-03,2378.0
1985-04-10,2402.0
1985-04-17,2378.0
1985-04-24,2520.0
1985-05-01,2666.0
1985-05-08,2438.0
1985-05-15,2375.0
1985-05-22,2372.0
1985-05-29,2335.0
1985-06-05,2320.0
1985-06-12,2305.0
1985-06-19,2423.0
1985-06-26,2381.0
1985-07-03,2253.0
1985-07-10,2231.0
1985-07-17,2285.0
1985-07-24,2245.0
1985-07-31,2212.0
1985-08-07,2224.0
1985-08-14,2217.0
1985-08-21,2182.0
1985-08-28,2182.0
1985-09-04,2212.0
1985-09-11,2381.0
1985-09-18,2259.0
1985-09-25,2244.0
1985-10-02,2145.0
1985-10-09,2337.0
1985-10-16,2281.0
1985-10-23,2234.0
1985-10-30,2131.0
1985-11-06,2247.0
1985-11-13,2240.0
1985-11-20,2173.0
1985-11-27,2141.0
1985-12-04,2407.0
1985-12-11,2331.0
1985-12-18,2297.0
1985-12-25,2236.0
1985-12-31,2378.0
1986-01-08,2302.0
1986-01-15,2256.0
1986-01-22,2254.0
1986-01-29,2230.0
1986-02-05,2160.0
1986-02-12,2101.0
1986-02-19,2044.0
1986-02-26,2234.0
1986-03-05,2125.0
1986-03-12,2144.0
1986-03-19,2053.0
1986-03-26,2195.0
1986-04-02,2139.0
1986-04-09,2136.0
1986-04-16,2080.0
1986-04-23,2268.0
1986-04-30,2217.0
1986-05-07,2116.0
1986-05-14,2087.0
1986-05-21,2262.0
1986-05-28,2160.0
1986-06-04,2178.0
1986-06-11,2248.0
1986-06-18,2316.0
1986-06-25,2236.0
1986-07-02,2139.0
1986-07-09,2112.0
1986-07-16,2280.0
1986-07-23,2141.0
1986-07-30,2104.0
1986-08-06,2087.0
1986-08-13,2175.0
1986-08-20,2133.0
1986-08-27,2103.0
1986-09-03,2118.0
1986-09-10,2233.0
1986-09-17,2202.0
1986-09-24,2147.0
1986-10-01,2143.0
1986-10-08,2193.0
1986-10-15,2145.0
1986-10-22,2181.0
1986-10-29,2067.0
1986-11-05,2258.0
1986-11-12,2291.0
1986-11-19,2110.0
1986-11-26,2074.0
1986-12-03,2203.0
1986-12-10,2230.0
1986-12-17,2231.0
1986-12-24,2379.0
1986-12-31,2340.0
1987-01-07,2203.0
1987-01-14,2249.0
1987-01-21,2103.0
1987-01-28,2252.0
1987-02-04,2161.0
1987-02-11,2064.0
1987-02-18,2016.0
1987-02-25,2126.0
1987-03-04,2239.0
1987-03-11,2146.0
1987-03-18,2025.0
1987-03-25,2153.0
1987-04-01,2333.0
1987-04-08,2595.0
1987-04-15,2538.0
1987-04-22,2889.0
1987-04-29,3024.0
1987-05-06,2482.0
1987-05-13,2524.0
1987-05-20,2386.0
1987-05-27,2588.0
1987-06-03,2228.0
1987-06-10,2302.0
1987-06-17,2573.0
1987-06-24,2604.0
1987-07-01,2293.0
1987-07-08,2232.0
1987-07-15,2358.0
1987-07-22,2288.0
1987-07-29,2186.0
1987-08-05,2187.0
1987-08-12,2330.0
1987-08-19,2276.0
1987-08-26,2398.0
1987-09-02,2247.0
1987-09-09,2532.0
1987-09-16,2859.0
1987-09-23,3660.0
1987-09-30,2389.0
1987-10-07,2626.0
1987-10-14,2540.0
1987-10-21,2725.0
1987-10-28,2807.0
1987-11-04,2603.0
1987-11-11,2792.0
1987-11-18,2746.0
1987-11-25,2720.0
1987-12-02,3109.0
1987-12-09,2717.0
1987-12-16,2698.0
1987-12-23,2691.0
1987-12-30,3053.0
1988-01-06,3015.0
1988-01-13,2985.0
1988-01-20,2857.0
1988-01-27,3020.0
1988-02-03,2529.0
1988-02-10,2422.0
1988-02-17,2434.0
1988-02-24,2540.0
1988-03-02,2511.0
1988-03-09,2473.0
1988-03-16,2435.0
1988-03-23,2593.0
1988-03-30,2547.0
1988-04-06,2626.0
1988-04-13,2475.0
1988-04-20,2871.0
1988-04-27,2671.0
1988-05-04,2470.0
1988-05-11,2633.0
1988-05-18,2590.0
1988-05-25,2669.0
1988-06-01,2509.0
1988-06-08,2499.0
1988-06-15,2691.0
1988-06-22,2711.0
1988-06-29,2847.0
1988-07-06,2595.0
1988-07-13,2747.0
1988-07-20,2650.0
1988-07-27,2588.0
1988-08-03,2524.0
1988-08-10,2700.0
1988-08-17,2632.0
1988-08-24,2667.0
1988-08-31,2613.0
1988-09-07,2896.0
1988-09-14,2915.0
1988-09-21,3365.0
1988-09-28,2953.0
1988-10-05,2821.0
1988-10-12,2834.0
1988-10-19,2766.0
1988-10-26,2743.0
1988-11-02,2931.0
1988-11-09,2939.0
1988-11-16,2885.0
1988-11-23,2951.0
1988-11-30,3221.0
1988-12-07,3082.0
1988-12-14,3099.0
1988-12-21,3032.0
1988-12-28,3487.0
1989-01-04,3421.0
1989-01-11,3206.0
1989-01-18,3007.0
1989-01-25,3349.0
1989-02-01,3043.0
1989-02-08,2877.0
1989-02-15,2816.0
1989-02-22,3055.0
1989-03-01,3012.0
1989-03-08,3000.0
1989-03-15,3006.0
1989-03-22,3201.0
1989-03-29,3191.0
1989-04-05,3087.0
1989-04-12,3151.0
1989-04-19,3394.0
1989-04-26,3549.0
1989-05-03,3730.0
1989-05-10,3680.0
1989-05-17,3357.0
1989-05-24,3276.0
1989-05-31,3212.0
1989-06-07,3136.0
1989-06-14,3382.0
1989-06-21,3305.0
1989-06-28,3258.0
1989-07-05,3102.0
1989-07-12,3355.0
1989-07-19,2925.0
1989-07-26,2880.0
1989-08-02,2800.0
1989-08-09,2900.0
1989-08-16,2780.0
1989-08-23,2775.0
1989-08-30,2744.0
1989-09-06,2931.0
1989-09-13,2951.0
1989-09-20,2994.0
1989-09-27,2903.0
1989-10-04,2961.0
1989-10-11,2917.0
1989-10-18,2854.0
1989-10-25,2651.0
1989-11-01,2790.0
1989-11-08,2809.0
1989-11-15,2628.0
1989-11-22,2701.0
1989-11-29,3041.0
1989-12-06,2952.0
1989-12-13,3003.0
1989-12-20,2808.0
1989-12-27,3198.0
1990-01-03,3980.0
1990-01-10,3943.0
1990-01-17,3795.0
1990-01-24,3915.0
1990-01-31,3911.0
1990-02-07,3740.0
1990-02-14,3599.0
1990-02-21,3852.0
1990-02-28,3853.0
1990-03-07,3987.0
1990-03-14,3714.0
1990-03-21,3999.0
1990-03-28,3981.0
1990-04-04,3835.0
1990-04-11,3930.0
1990-04-18,4081.0
1990-04-25,3892.0
1990-05-02,4029.0
1990-05-09,4040.0
1990-05-16,4182.0
1990-05-23,4115.0
1990-05-30,4131.0
1990-06-06,4318.0
1990-06-13,4542.0
1990-06-20,4277.0
1990-06-27,4311.0
1990-07-04,3714.0
1990-07-11,4070.0
1990-07-18,3609.0
1990-07-25,3778.0
1990-08-01,3523.0
1990-08-08,3719.0
1990-08-15,3514.0
1990-08-22,3445.0
1990-08-29,3559.0
1990-09-05,4258.0
1990-09-12,4198.0
1990-09-19,4043.0
1990-09-26,3925.0
1990-10-03,4038.0
1990-10-10,3938.0
1990-10-17,3761.0
1990-10-24,3687.0
1990-10-31,3569.0
1990-11-07,3680.0
1990-11-14,3609.0
1990-11-21,3587.0
1990-11-28,3850.0
1990-12-05,3679.0
1990-12-12,3657.0
1990-12-19,3291.0
1990-12-26,3575.0
1991-01-02,3035.0
1991-01-09,2977.0
1991-01-16,2945.0
1991-01-23,3131.0
1991-01-30,3195.0
1991-02-06,3201.0
1991-02-13,3363.0
1991-02-20,3438.0
1991-02-27,3377.0
1991-03-06,3063.0
1991-03-13,3027.0
1991-03-20,3177.0
1991-03-27,3000.0
1991-04-03,2484.0
1991-04-10,2426.0
1991-04-17,2333.0
1991-04-24,2355.0
1991-05-01,2270.0
1991-05-08,2266.0
1991-05-15,2327.0
1991-05-22,2295.0
1991-05-29,2373.0
1991-06-05,2521.0
1991-06-12,2680.0
1991-06-19,2416.0
1991-06-26,2634.0
1991-07-03,2457.0
1991-07-10,2633.0
1991-07-17,2232.0
1991-07-24,2322.0
1991-07-31,2370.0
1991-08-07,2583.0
1991-08-14,2553.0
1991-08-21,2406.0
1991-08-28,2468.0
1991-09-04,3008.0
1991-09-11,2886.0
1991-09-18,2764.0
1991-09-25,2740.0
1991-10-02,2860.0
1991-10-09,2837.0
1991-10-16,2676.0
1991-10-23,2637.0
1991-10-30,2774.0
1991-11-06,2760.0
1991-11-13,2789.0
1991-11-20,2584.0
1991-11-27,2857.0
1991-12-04,2877.0
1991-12-11,2880.0
1991-12-18,2652.0
1991-12-25,2885.0
1992-01-01,2810.0
1992-01-08,2645.0
1992-01-15,2556.0
1992-01-22,2724.0
1992-01-29,2594.0
1992-02-05,2359.0
1992-02-12,2326.0
1992-02-19,2484.0
1992-02-26,2369.0
1992-03-04,2224.0
1992-03-11,2228.0
1992-03-18,2311.0
1992-03-25,2235.0
1992-04-01,2202.0
1992-04-08,2166.0
1992-04-15,2138.0
1992-04-22,2057.0
1992-04-29,2002.0
1992-05-06,1965.0
1992-05-13,2105.0
1992-05-20,2035.0
1992-05-27,2088.0
1992-06-03,2041.0
1992-06-10,2113.0
1992-06-17,2050.0
1992-06-24,2030.0
1992-07-01,1901.0
1992-07-08,2020.0
1992-07-15,1941.0
1992-07-22,1888.0
1992-07-29,1858.0
1992-08-05,1949.0
1992-08-12,1886.0
1992-08-19,1850.0
1992-08-26,1809.0
1992-09-02,1938.0
1992-09-09,1850.0
1992-09-16,1807.0
1992-09-23,1814.0
1992-09-30,1843.0
1992-10-07,1746.0
1992-10-14,1769.0
1992-10-21,1651.0
1992-10-28,1752.0
1992-11-04,1763.0
1992-11-11,1788.0
1992-11-18,1776.0
1992-11-25,1860.0
1992-12-02,1818.0
1992-12-09,1781.0
1992-12-16,1780.0
1992-12-23,1990.0
1992-12-30,1873.0
1993-01-06,2337.0
1993-01-13,2242.0
1993-01-20,2366.0
1993-01-27,2281.0
1993-02-03,2254.0
1993-02-10,2213.0
1993-02-17,2307.0
1993-02-24,2304.0
1993-03-03,2290.0
1993-03-10,2254.0
1993-03-17,2303.0
1993-03-24,2268.0
1993-03-31,2251.0
1993-04-07,2215.0
1993-04-14,2302.0
1993-04-21,2214.0
1993-04-28,2189.0
1993-05-05,2156.0
1993-05-12,2269.0
1993-05-19,2205.0
1993-05-26,2239.0
1993-06-02,2216.0
1993-06-09,2366.0
1993-06-16,2336.0
1993-06-23,2340.0
1993-06-30,2229.0
1993-07-07,2328.0
1993-07-14,2331.0
1993-07-21,2288.0
1993-07-28,2236.0
1993-08-04,2376.0
1993-08-11,2353.0
1993-08-18,2329.0
1993-08-25,2296.0
1993-09-01,2408.0
1993-09-08,2460.0
1993-09-15,2351.0
1993-09-22,2387.0
1993-09-29,2418.0
1993-10-06,2372.0
1993-10-13,2349.0
1993-10-20,2302.0
1993-10-27,2397.0
1993-11-03,2376.0
1993-11-10,2393.0
1993-11-17,2363.0
1993-11-24,2510.0
1993-12-01,2461.0
1993-12-08,2414.0
1993-12-15,2408.0
1993-12-22,2570.0
1993-12-29,2533.0
1994-01-05,2389.0
1994-01-12,2353.0
1994-01-19,2621.0
1994-01-26,2450.0
1994-02-02,2448.0
1994-02-09,2388.0
1994-02-16,2517.0
1994-02-23,2515.0
1994-03-02,2549.0
1994-03-09,2486.0
1994-03-16,2619.0
1994-03-23,2609.0
1994-03-30,2625.0
1994-04-06,2659.0
1994-04-13,2705.0
1994-04-20,2749.0
1994-04-27,2705.0
1994-05-04,2707.0
1994-05-11,2879.0
1994-05-18,2947.0
1994-05-25,2924.0
1994-06-01,3084.0
1994-06-08,3176.0
1994-06-15,3164.0
1994-06-22,3128.0
1994-06-29,3230.0
1994-07-06,3278.0
1994-07-13,3285.0
1994-07-20,3269.0
1994-07-27,3133.0
1994-08-03,3504.0
1994-08-10,3392.0
1994-08-17,3272.0
1994-08-24,3418.0
1994-08-31,3632.0
1994-09-07,3518.0
1994-09-14,3428.0
1994-09-21,3398.0
1994-09-28,3607.0
1994-10-05,3576.0
1994-10-12,3565.0
1994-10-19,3608.0
1994-10-26,3775.0
1994-11-02,3924.0
1994-11-09,3768.0
1994-11-16,3900.0
1994-11-23,4197.0
1994-11-30,4210.0
1994-12-07,4026.0
1994-12-14,4187.0
1994-12-21,4610.0
1994-12-28,4473.0
1995-01-04,4659.0
1995-01-11,4299.0
1995-01-18,4681.0
1995-01-25,4414.0
1995-02-01,4370.0
1995-02-08,4295.0
1995-02-15,4549.0
1995-02-22,4604.0
1995-03-01,4437.0
1995-03-08,4369.0
1995-03-15,4780.0
1995-03-22,4587.0
1995-03-29,4544.0
1995-04-05,4360.0
1995-04-12,4687.0
1995-04-19,4667.0
1995-04-26,4596.0
1995-05-03,4473.0
1995-05-10,4674.0
1995-05-17,4619.0
1995-05-24,4594.0
1995-05-31,4481.0
1995-06-07,4818.0
1995-06-14,4701.0
1995-06-21,4824.0
1995-06-28,4610.0
1995-07-05,4619.0
1995-07-12,4499.0
1995-07-19,4374.0
1995-07-26,4313.0
1995-08-02,4518.0
1995-08-09,4468.0
1995-08-16,4390.0
1995-08-23,4342.0
1995-08-30,4606.0
1995-09-06,4477.0
1995-09-13,4549.0
1995-09-20,4454.0
1995-09-27,4623.0
1995-10-04,4423.0
1995-10-11,4382.0
1995-10-18,4270.0
1995-10-25,4425.0
1995-11-01,4412.0
1995-11-08,4402.0
1995-11-15,4544.0
1995-11-22,4576.0
1995-11-29,4516.0
1995-12-06,4453.0
1995-12-13,4317.0
1995-12-20,4592.0
1995-12-27,4466.0
1996-01-03,4328.0
1996-01-10,4141.0
1996-01-17,4280.0
1996-01-24,4192.0
1996-01-31,4181.0
1996-02-07,4111.0
1996-02-14,4270.0
1996-02-21,4192.0
1996-02-28,4185.0
1996-03-06,4074.0
1996-03-13,4481.0
1996-03-20,4152.0
1996-03-27,4206.0
1996-04-03,4067.0
1996-04-10,4316.0
1996-04-17,4300.0
1996-04-24,4303.0
1996-05-01,4064.0
1996-05-08,4328.0
1996-05-15,4226.0
1996-05-22,4217.0
1996-05-29,4153.0
1996-06-05,4411.0
1996-06-12,4391.0
1996-06-19,4415.0
1996-06-26,4314.0
1996-07-03,4416.0
1996-07-10,4364.0
1996-07-17,4323.0
1996-07-24,4182.0
1996-07-31,5156.0
1996-08-07,4372.0
1996-08-14,4345.0
1996-08-21,4226.0
1996-08-28,4524.0
1996-09-04,4397.0
1996-09-11,4442.0
1996-09-18,4273.0
1996-09-25,4584.0
1996-10-02,4431.0
1996-10-09,4411.0
1996-10-16,4271.0
1996-10-23,4531.0
1996-10-30,4475.0
1996-11-06,4443.0
1996-11-13,4467.0
1996-11-20,4709.0
1996-11-27,4666.0
1996-12-04,4612.0
1996-12-11,4720.0
1996-12-18,4928.0
1996-12-25,4707.0
1997-01-01,4732.0
1997-01-08,4465.0
1997-01-15,4814.0
1997-01-22,4591.0
1997-01-29,4654.0
1997-02-05,4393.0
1997-02-12,4722.0
1997-02-19,4601.0
1997-02-26,4576.0
1997-03-05,4473.0
1997-03-12,4792.0
1997-03-19,4696.0
1997-03-26,4672.0
1997-04-02,4553.0
1997-04-09,4951.0
1997-04-16,5059.0
1997-04-23,5040.0
1997-04-30,5551.0
1997-05-07,5360.0
1997-05-14,5012.0
1997-05-21,4844.0
1997-05-28,4799.0
1997-06-04,5079.0
1997-06-11,4939.0
1997-06-18,4858.0
1997-06-25,4860.0
1997-07-02,4779.0
1997-07-09,4691.0
1997-07-16,4691.0
1997-07-23,4575.0
1997-07-30,4929.0
1997-08-06,4728.0
1997-08-13,4786.0
1997-08-20,4639.0
1997-08-27,5037.0
1997-09-03,4903.0
1997-09-10,4928.0
1997-09-17,4715.0
1997-09-24,4991.0
1997-10-01,4841.0
1997-10-08,4841.0
1997-10-15,4682.0
1997-10-22,4972.0
1997-10-29,4825.0
1997-11-05,4826.0
1997-11-12,4743.0
1997-11-19,4931.0
1997-11-26,4853.0
1997-12-03,4900.0
1997-12-10,4653.0
1997-12-17,4941.0
1997-12-24,4932.0
1997-12-31,4846.0
1998-01-07,4581.0
1998-01-14,4775.0
1998-01-21,4718.0
1998-01-28,4635.0
1998-02-04,4476.0
1998-02-11,4759.0
1998-02-18,4715.0
1998-02-25,4716.0
1998-03-04,4558.0
1998-03-11,4840.0
1998-03-18,4692.0
1998-03-25,4693.0
1998-04-01,4601.0
1998-04-08,4761.0
1998-04-15,4794.0
1998-04-22,4807.0
1998-04-29,4838.0
1998-05-06,4802.0
1998-05-13,4771.0
1998-05-20,4715.0
1998-05-27,4639.0
1998-06-03,4907.0
1998-06-10,4821.0
1998-06-17,4802.0
1998-06-24,4741.0
1998-07-01,4733.0
1998-07-08,4637.0
1998-07-15,4636.0
1998-07-22,4530.0
1998-07-29,4796.0
1998-08-05,4633.0
1998-08-12,4700.0
1998-08-19,4525.0
1998-08-26,4849.0
1998-09-02,4698.0
1998-09-09,4690.0
1998-09-16,4540.0
1998-09-23,4762.0
1998-09-30,4637.0
1998-10-07,4506.0
1998-10-14,4451.0
1998-10-21,4588.0
1998-10-28,4477.0
1998-11-04,4393.0
1998-11-11,4356.0
1998-11-18,4471.0
1998-11-25,4428.0
1998-12-02,4376.0
1998-12-09,4357.0
1998-12-16,4477.0
1998-12-23,4448.0
1998-12-30,4464.0
1999-01-06,4089.0
1999-01-13,4194.0
1999-01-20,4226.0
1999-01-27,4192.0
1999-02-03,3925.0
1999-02-10,4355.0
1999-02-17,4212.0
1999-02-24,4285.0
1999-03-03,4087.0
1999-03-10,4403.0
1999-03-17,4277.0
1999-03-24,4449.0
1999-03-31,4328.0
1999-04-07,4379.0
1999-04-14,4239.0
1999-04-21,4184.0
1999-04-28,4230.0
1999-05-05,4411.0
1999-05-12,4327.0
1999-05-19,4318.0
1999-05-26,4185.0
1999-06-02,4333.0
1999-06-09,4334.0
1999-06-16,4272.0
1999-06-23,4202.0
1999-06-30,4654.0
1999-07-07,4297.0
1999-07-14,4323.0
1999-07-21,4028.0
1999-07-28,4337.0
1999-08-04,4219.0
1999-08-11,4528.0
1999-08-18,4186.0
1999-08-25,4558.0
1999-09-01,4648.0
1999-09-08,4790.0
1999-09-15,4660.0
1999-09-22,5068.0
1999-09-29,5012.0
1999-10-06,4683.0
1999-10-13,4262.0
1999-10-20,4463.0
1999-10-27,4444.0
1999-11-03,4360.0
1999-11-10,4343.0
1999-11-17,4518.0
1999-11-24,4583.0
1999-12-01,4457.0
1999-12-08,4457.0
1999-12-15,4616.0
1999-12-22,4605.0
1999-12-29,4478.0
2000-01-05,4261.0
2000-01-12,4515.0
2000-01-19,4514.0
2000-01-26,4465.0
2000-02-02,4410.0
2000-02-09,4715.0
2000-02-16,4716.0
2000-02-23,4689.0
2000-03-01,4652.0
2000-03-08,4926.0
2000-03-15,4852.0
2000-03-22,4811.0
2000-03-29,4833.0
2000-04-05,4855.0
2000-04-12,4856.0
2000-04-19,4853.0
2000-04-26,4826.0
2000-05-03,4818.0
2000-05-10,4813.0
2000-05-17,4744.0
2000-05-24,4734.0
2000-05-31,4752.0
2000-06-07,4887.0
2000-06-14,4844.0
2000-06-21,4767.0
2000-06-28,4811.0
2000-07-05,4604.0
2000-07-12,4758.0
2000-07-19,4433.0
2000-07-26,4888.0
2000-08-02,4786.0
2000-08-09,4866.0
2000-08-16,4344.0
2000-08-23,4329.0
2000-08-30,4374.0
2000-09-06,4427.0
2000-09-13,4369.0
2000-09-20,4328.0
2000-09-27,4338.0
2000-10-04,4323.0
2000-10-11,4287.0
2000-10-18,4295.0
2000-10-25,4293.0
2000-11-01,4296.0
2000-11-08,4272.0
2000-11-15,4364.0
2000-11-22,4368.0
2000-11-29,4409.0
2000-12-06,4397.0
2000-12-13,4622.0
2000-12-20,4375.0
2000-12-27,4341.0
2001-01-03,4091.0
2001-01-10,4139.0
2001-01-17,4079.0
2001-01-24,4023.0
2001-01-31,3960.0
2001-02-07,3996.0
2001-02-14,3980.0
2001-02-21,3907.0
2001-02-28,3931.0
2001-03-07,3947.0
2001-03-14,3925.0
2001-03-21,3843.0
2001-03-28,3817.0
2001-04-04,3748.0
2001-04-11,3674.0
2001-04-18,3583.0
2001-04-25,3524.0
2001-05-02,3510.0
2001-05-09,3461.0
2001-05-16,3418.0
2001-05-23,3398.0
2001-05-30,3390.0
2001-06-06,3370.0
2001-06-13,3388.0
2001-06-20,3358.0
2001-06-27,3305.0
2001-07-04,3071.0
2001-07-11,3071.0
2001-07-18,3030.0
2001-07-25,3068.0
2001-08-01,3055.0
2001-08-08,3069.0
2001-08-15,3062.0
2001-08-22,3068.0
2001-08-29,3055.0
2001-09-05,3049.0
2001-09-12,7189.0
2001-09-19,4575.0
2001-09-26,2944.0
2001-10-03,2926.0
2001-10-10,2916.0
2001-10-17,2847.0
2001-10-24,2827.0
2001-10-31,2773.0
2001-11-07,2752.0
2001-11-14,2744.0
2001-11-21,2696.0
2001-11-28,2687.0
2001-12-05,2681.0
2001-12-12,2664.0
2001-12-19,2605.0
2001-12-26,2594.0
2002-01-02,2376.0
2002-01-09,2362.0
2002-01-16,2353.0
2002-01-23,2309.0
2002-01-30,2322.0
2002-02-06,2300.0
2002-02-13,2338.0
2002-02-20,2336.0
2002-02-27,2361.0
2002-03-06,2373.0
2002-03-13,2417.0
2002-03-20,2381.0
2002-03-27,2440.0
2002-04-03,2436.0
2002-04-10,2463.0
2002-04-17,2393.0
2002-04-24,2423.0
2002-05-01,2373.0
2002-05-08,2415.0
2002-05-15,2447.0
2002-05-22,2469.0
2002-05-29,2522.0
2002-06-05,2508.0
2002-06-12,2563.0
2002-06-19,2554.0
2002-06-26,2583.0
2002-07-03,2317.0
2002-07-10,2382.0
2002-07-17,2365.0
2002-07-24,2391.0
2002-07-31,2363.0
2002-08-07,2377.0
2002-08-14,2400.0
2002-08-21,2388.0
2002-08-28,2392.0
2002-09-04,2405.0
2002-09-11,2425.0
2002-09-18,2392.0
2002-09-25,2432.0
2002-10-02,2407.0
2002-10-09,2454.0
2002-10-16,2393.0
2002-10-23,2424.0
2002-10-30,2452.0
2002-11-06,2439.0
2002-11-13,2469.0
2002-11-20,2421.0
2002-11-27,2427.0
2002-12-04,2425.0
2002-12-11,2451.0
2002-12-18,1359.0
2002-12-25,1413.0
2003-01-01,1163.0
2003-01-08,1188.0
2003-01-15,1212.0
2003-01-22,1197.0
2003-01-29,1232.0
2003-02-05,1215.0
2003-02-12,1266.0
2003-02-19,1229.0
2003-02-26,1272.0
2003-03-05,1252.0
2003-03-12,1278.0
2003-03-19,1253.0
2003-03-26,1297.0
2003-04-02,1263.0
2003-04-09,1309.0
2003-04-16,1296.0
2003-04-23,1340.0
2003-04-30,1325.0
2003-05-07,1352.0
2003-05-14,1395.0
2003-05-21,1375.0
2003-05-28,1405.0
2003-06-04,1379.0
2003-06-11,1427.0
2003-06-18,1402.0
2003-06-25,1470.0
2003-07-02,1191.0
2003-07-09,1206.0
2003-07-16,1187.0
2003-07-23,1253.0
2003-07-30,1273.0
2003-08-06,1252.0
2003-08-13,1290.0
2003-08-20,1262.0
2003-08-27,1307.0
2003-09-03,1296.0
2003-09-10,1315.0
2003-09-17,1308.0
2003-09-24,1354.0
2003-10-01,1320.0
2003-10-08,1359.0
2003-10-15,1353.0
2003-10-22,1380.0
2003-10-29,1417.0
2003-11-05,1378.0
2003-11-12,1417.0
2003-11-19,1398.0
2003-11-26,1441.0
2003-12-03,1431.0
2003-12-10,1460.0
2003-12-17,1437.0
2003-12-24,1487.0
2003-12-31,1206.0
2004-01-07,1213.0
2004-01-14,1293.0
2004-01-21,1357.0
2004-01-28,1404.0
2004-02-04,1321.0
2004-02-11,1373.0
2004-02-18,1353.0
2004-02-25,1350.0
2004-03-03,1323.0
2004-03-10,1361.0
2004-03-17,1335.0
2004-03-24,1383.0
2004-03-31,1337.0
2004-04-07,1356.0
2004-04-14,1398.0
2004-04-21,1377.0
2004-04-28,1430.0
2004-05-05,1398.0
2004-05-12,1442.0
2004-05-19,1424.0
2004-05-26,1463.0
2004-06-02,1452.0
2004-06-09,1491.0
2004-06-16,1477.0
2004-06-23,1529.0
2004-06-30,1220.0
2004-07-07,1261.0
2004-07-14,1304.0
2004-07-21,1277.0
2004-07-28,1356.0
2004-08-04,1312.0
2004-08-11,1360.0
2004-08-18,1340.0
2004-08-25,1396.0
2004-09-01,1370.0
2004-09-08,1424.0
2004-09-15,1393.0
2004-09-22,1418.0
2004-09-29,1484.0
2004-10-06,1476.0
2004-10-13,1577.0
2004-10-20,1472.0
2004-10-27,1524.0
2004-11-03,1597.0
2004-11-10,1528.0
2004-11-17,1507.0
2004-11-24,1561.0
2004-12-01,1546.0
2004-12-08,1600.0
2004-12-15,1579.0
2004-12-22,1614.0
2004-12-29,1659.0
2005-01-05,1180.0
2005-01-12,1226.0
2005-01-19,1200.0
2005-01-26,1235.0
2005-02-02,1213.0
2005-02-09,1287.0
2005-02-16,1246.0
2005-02-23,1315.0
2005-03-02,1298.0
2005-03-09,1353.0
2005-03-16,1312.0
2005-03-23,1385.0
2005-03-30,1412.0
2005-04-06,1388.0
2005-04-13,1428.0
2005-04-20,1414.0
2005-04-27,1473.0
2005-05-04,1443.0
2005-05-11,1482.0
2005-05-18,1468.0
2005-05-25,1524.0
2005-06-01,1475.0
2005-06-08,1556.0
2005-06-15,1542.0
2005-06-22,1580.0
2005-06-29,1637.0
2005-07-06,1230.0
2005-07-13,1260.0
2005-07-20,1232.0
2005-07-27,1281.0
2005-08-03,1263.0
2005-08-10,1318.0
2005-08-17,1296.0
2005-08-24,1355.0
2005-08-31,1315.0
2005-09-07,1379.0
2005-09-14,1424.0
2005-09-21,1405.0
2005-09-28,1441.0
2005-10-05,1427.0
2005-10-12,1510.0
2005-10-19,1473.0
2005-10-26,1510.0
2005-11-02,1500.0
2005-11-09,1536.0
2005-11-16,1526.0
2005-11-23,1557.0
2005-11-30,1538.0
2005-12-07,1633.0
2005-12-14,1670.0
2005-12-21,1641.0
2005-12-28,1706.0
2006-01-04,1200.0
2006-01-11,1249.0
2006-01-18,1217.0
2006-01-25,1279.0
2006-02-01,1247.0
2006-02-08,1311.0
2006-02-15,1294.0
2006-02-22,1345.0
2006-03-01,1318.0
2006-03-08,1382.0
2006-03-15,1357.0
2006-03-22,1412.0
2006-03-29,1460.0
2006-04-05,1435.0
2006-04-12,1489.0
2006-04-19,1475.0
2006-04-26,1511.0
2006-05-03,1499.0
2006-05-10,1545.0
2006-05-17,1526.0
2006-05-24,1603.0
2006-05-31,1585.0
2006-06-07,1646.0
2006-06-14,1687.0
2006-06-21,1658.0
2006-06-28,1717.0
2006-07-05,1237.0
2006-07-12,1294.0
2006-07-19,1266.0
2006-07-26,1317.0
2006-08-02,1302.0
2006-08-09,1371.0
2006-08-16,1344.0
2006-08-23,1402.0
2006-08-30,1448.0
2006-09-06,1421.0
2006-09-13,1472.0
2006-09-20,1446.0
2006-09-27,1511.0
2006-10-04,1397.0
2006-10-11,1532.0
2006-10-18,1515.0
2006-10-25,1558.0
2006-11-01,1549.0
2006-11-08,1601.0
2006-11-15,1927.0
2006-11-22,1965.0
2006-11-29,2003.0
2006-12-06,2006.0
2006-12-13,2058.0
2006-12-20,2014.0
2006-12-27,2081.0
2007-01-03,1564.0
2007-01-10,1647.0
2007-01-17,1647.0
2007-01-24,1722.0
2007-01-31,1739.0
2007-02-07,1808.0
2007-02-14,1833.0
2007-02-21,1823.0
2007-02-28,1840.0
2007-03-07,1930.0
2007-03-14,1926.0
2007-03-21,1926.0
2007-03-28,1974.0
2007-04-04,2017.0
2007-04-11,2026.0
2007-04-18,2025.0
2007-04-25,2062.0
2007-05-02,2135.0
2007-05-09,2179.0
2007-05-16,2127.0
2007-05-23,2179.0
2007-05-30,2242.0
2007-06-06,2271.0
2007-06-13,2287.0
2007-06-20,2273.0
2007-06-27,2362.0
2007-07-04,1877.0
2007-07-11,1906.0
2007-07-18,1887.0
2007-07-25,1961.0
2007-08-01,1973.0
2007-08-08,2049.0
2007-08-15,1993.0
2007-08-22,2052.0
2007-08-29,2108.0
2007-09-05,2171.0
2007-09-12,2195.0
2007-09-19,2179.0
2007-09-26,2215.0
2007-10-03,2289.0
2007-10-10,2350.0
2007-10-17,2310.0
2007-10-24,2356.0
2007-10-31,2179.0
2007-11-07,2458.0
2007-11-14,2456.0
2007-11-21,2453.0
2007-11-28,2472.0
2007-12-05,2595.0
2007-12-12,2600.0
2007-12-19,2568.0
2007-12-26,2633.0
2008-01-02,1735.0
2008-01-09,1810.0
2008-01-16,1820.0
2008-01-23,1812.0
2008-01-30,1755.0
2008-02-06,1858.0
2008-02-13,1883.0
2008-02-20,1886.0
2008-02-27,1943.0
2008-03-05,1921.0
2008-03-12,1974.0
2008-03-19,1976.0
2008-03-26,2030.0
2008-04-02,2041.0
2008-04-09,2109.0
2008-04-16,2056.0
2008-04-23,2129.0
2008-04-30,2085.0
2008-05-07,2137.0
2008-05-14,2157.0
2008-05-21,2163.0
2008-05-28,2214.0
2008-06-04,2229.0
2008-06-11,2252.0
2008-06-18,2244.0
2008-06-25,2298.0
2008-07-02,1772.0
2008-07-09,1883.0
2008-07-16,1898.0
2008-07-23,1994.0
2008-07-30,2064.0
2008-08-06,2114.0
2008-08-13,2170.0
2008-08-20,2183.0
2008-08-27,2267.0
2008-09-03,2287.0
2008-09-10,2346.0
2008-09-17,2372.0
2008-09-24,2514.0
2008-10-01,2484.0
2008-10-08,2597.0
2008-10-15,2878.0
2008-10-22,2301.0
2008-10-29,2286.0
2008-11-05,2393.0
2008-11-12,2335.0
2008-11-19,2645.0
2008-11-26,8517.0
2008-12-03,8810.0
2008-12-10,7117.0
2008-12-17,7724.0
2008-12-24,7239.0
2008-12-31,5281.0
2009-01-07,5341.0
2009-01-14,5569.0
2009-01-21,7058.0
2009-01-28,7083.0
2009-02-04,7069.0
2009-02-11,7238.0
2009-02-18,7207.0
2009-02-25,7333.0
2009-03-04,7332.0
2009-03-11,7652.0
2009-03-18,7727.0
2009-03-25,7731.0
2009-04-01,7790.0
2009-04-08,7976.0
2009-04-15,8839.0
2009-04-22,8235.0
2009-04-29,8271.0
2009-05-06,4432.0
2009-05-13,4797.0
2009-05-20,4840.0
2009-05-27,4739.0
2009-06-03,4771.0
2009-06-10,4519.0
2009-06-17,4768.0
2009-06-24,4639.0
2009-07-01,3997.0
2009-07-08,3923.0
2009-07-15,4233.0
2009-07-22,3996.0
2009-07-29,4219.0
2009-08-05,4329.0
2009-08-12,4652.0
2009-08-19,5095.0
2009-08-26,5005.0
2009-09-02,4847.0
2009-09-09,5138.0
2009-09-16,5201.0
2009-09-23,5385.0
2009-09-30,5562.0
2009-10-07,5431.0
2009-10-14,9865.0
2009-10-21,7365.0
2009-10-28,8775.0
2009-11-04,8633.0
2009-11-11,9687.0
2009-11-18,9465.0
2009-11-25,9012.0
2009-12-02,8959.0
2009-12-09,10944.0
2009-12-16,17721.0
2009-12-23,11339.0
2009-12-30,10451.0
2010-01-06,8738.0
2010-01-13,16679.0
2010-01-20,11862.0
2010-01-27,9586.0
2010-02-03,9015.0
2010-02-10,15987.0
2010-02-17,10640.0
2010-02-24,9871.0
2010-03-03,8697.0
2010-03-10,10862.0
2010-03-17,9555.0
2010-03-24,9328.0
2010-03-31,9372.0
2010-04-07,9552.0
2010-04-14,11781.0
2010-04-21,10926.0
2010-04-28,11976.0
2010-05-05,12006.0
2010-05-12,12766.0
2010-05-19,12466.0
2010-05-26,12162.0
2010-06-02,11913.0
2010-06-09,11841.0
2010-06-16,12884.0
2010-06-23,12213.0
2010-06-30,11284.0
2010-07-07,11139.0
2010-07-14,13605.0
2010-07-21,11313.0
2010-07-28,11914.0
2010-08-04,11973.0
2010-08-11,13749.0
2010-08-18,11527.0
2010-08-25,11680.0
2010-09-01,11520.0
2010-09-08,11736.0
2010-09-15,11661.0
2010-09-22,11828.0
2010-09-29,11756.0
2010-10-06,11890.0
2010-10-13,11887.0
2010-10-20,12027.0
2010-10-27,12860.0
2010-11-03,31835.0
2010-11-10,39666.0
2010-11-17,39902.0
2010-11-24,39851.0
2010-12-01,39934.0
2010-12-08,40017.0
2010-12-15,40132.0
2010-12-22,40228.0
2010-12-29,40368.0
2011-01-05,40011.0
2011-01-12,40835.0
2011-01-19,15598.0
2011-01-26,14208.0
2011-02-02,15161.0
2011-02-09,14622.0
2011-02-16,14378.0
2011-02-23,15544.0
2011-03-02,15485.0
2011-03-09,15305.0
2011-03-16,15944.0
2011-03-23,15567.0
2011-03-30,15057.0
2011-04-06,15474.0
2011-04-13,16076.0
2011-04-20,15865.0
2011-04-27,18344.0
2011-05-04,16900.0
2011-05-11,16017.0
2011-05-18,16438.0
2011-05-25,16328.0
2011-06-01,17009.0
2011-06-08,17038.0
2011-06-15,16029.0
2011-06-22,17110.0
2011-06-29,16703.0
2011-07-06,16637.0
2011-07-13,16292.0
2011-07-20,16175.0
2011-07-27,13108.0
2011-08-03,13752.0
2011-08-10,14424.0
2011-08-17,15266.0
2011-08-24,15346.0
2011-08-31,15174.0
2011-09-07,15093.0
2011-09-14,15372.0
2011-09-21,15672.0
2011-09-28,15358.0
2011-10-05,15290.0
2011-10-12,16298.0
2011-10-19,15837.0
2011-10-26,12620.0
2011-11-02,13177.0
2011-11-09,13978.0
2011-11-16,14866.0
2011-11-23,14603.0
2011-11-30,14714.0
2011-12-07,15104.0
2011-12-14,15333.0
2011-12-21,15771.0
2011-12-28,15680.0
2012-01-04,13850.0
2012-01-11,16706.0
2012-01-18,15288.0
2012-01-25,15277.0
2012-02-01,16334.0
2012-02-08,17314.0
2012-02-15,17219.0
2012-02-22,17464.0
2012-02-29,18231.0
2012-03-07,17640.0
2012-03-14,17638.0
2012-03-21,16467.0
2012-03-28,16476.0
2012-04-04,15879.0
2012-04-11,17416.0
2012-04-18,16673.0
2012-04-25,19297.0
2012-05-02,18110.0
2012-05-09,17908.0
2012-05-16,17688.0
2012-05-23,18104.0
2012-05-30,17669.0
2012-06-06,17845.0
2012-06-13,22673.0
2012-06-20,18797.0
2012-06-27,17254.0
2012-07-04,18992.0
2012-07-11,16996.0
2012-07-18,11407.0
2012-07-25,11922.0
2012-08-01,11520.0
2012-08-08,11148.0
2012-08-15,8850.0
2012-08-22,9487.0
2012-08-29,9576.0
2012-09-05,9351.0
2012-09-12,9917.0
2012-09-19,10213.0
2012-09-26,10155.0
2012-10-03,10843.0
2012-10-10,10731.0
2012-10-17,10643.0
2012-10-24,10192.0
2012-10-31,9979.0
2012-11-07,9994.0
2012-11-14,19650.0
2012-11-21,12426.0
2012-11-28,10759.0
2012-12-05,11642.0
2012-12-12,20193.0
2012-12-19,11399.0
2012-12-26,10056.0
2013-01-02,8346.0
2013-01-09,9161.0
2013-01-16,10909.0
2013-01-23,10118.0
2013-01-30,8252.0
2013-02-06,8532.0
2013-02-13,10544.0
2013-02-20,9572.0
2013-02-27,9444.0
2013-03-06,10054.0
2013-03-13,11562.0
2013-03-20,11260.0
2013-03-27,9117.0
2013-04-03,9894.0
2013-04-10,10988.0
2013-04-17,11648.0
2013-04-24,9608.0
2013-05-01,10225.0
2013-05-08,9632.0
2013-05-15,8753.0
2013-05-22,9157.0
2013-05-29,7451.0
2013-06-05,7600.0
2013-06-12,8414.0
2013-06-19,9138.0
2013-06-26,6242.0
2013-07-03,7512.0
2013-07-10,6439.0
2013-07-17,8269.0
2013-07-24,8417.0
2013-07-31,7884.0
2013-08-07,9015.0
2013-08-14,9837.0
2013-08-21,7974.0
2013-08-28,8384.0
2013-09-04,7986.0
2013-09-11,8222.0
2013-09-18,8982.0
2013-09-25,9491.0
2013-10-02,10028.0
2013-10-09,10234.0
2013-10-16,9347.0
2013-10-23,9634.0
2013-10-30,9080.0
2013-11-06,8546.0
2013-11-13,11982.0
2013-11-20,8375.0
2013-11-27,8537.0
2013-12-04,7547.0
2013-12-11,12567.0
2013-12-18,8061.0
2013-12-25,9549.0
2014-01-01,8035.0
2014-01-08,7935.0
2014-01-15,7458.0
2014-01-22,7734.0
2014-01-29,7623.0
2014-02-05,7971.0
2014-02-12,6212.0
2014-02-19,6938.0
2014-02-26,5429.0
2014-03-05,6755.0
2014-03-12,6629.0
2014-03-19,6598.0
2014-03-26,5665.0
2014-04-02,5907.0
2014-04-09,7181.0
2014-04-16,7331.0
2014-04-23,6430.0
2014-04-30,6588.0
2014-05-07,7309.0
2014-05-14,7220.0
2014-05-21,7036.0
2014-05-28,7162.0
2014-06-04,6954.0
2014-06-11,7481.0
2014-06-18,7024.0
2014-06-25,7074.0
2014-07-02,6522.0
2014-07-09,6689.0
2014-07-16,6256.0
2014-07-23,6535.0
2014-07-30,6087.0
2014-08-06,6664.0
2014-08-13,7345.0
2014-08-20,6604.0
2014-08-27,6638.0
2014-09-03,6992.0
2014-09-10,6693.0
2014-09-17,6607.0
2014-09-24,6232.0
2014-10-01,6363.0
2014-10-08,6938.0
2014-10-15,7965.0
2014-10-22,6766.0
2014-10-29,6618.0
2014-11-05,5880.0
2014-11-12,6854.0
2014-11-19,6466.0
2014-11-26,6561.0
2014-12-03,5742.0
2014-12-10,6909.0
2014-12-17,6443.0
2014-12-24,6142.0
2014-12-31,4304.0
2015-01-07,5426.0
2015-01-14,8314.0
2015-01-21,5917.0
2015-01-28,4915.0
2015-02-04,5660.0
2015-02-11,6320.0
2015-02-18,6669.0
2015-02-25,5983.0
2015-03-04,6667.0
2015-03-11,6203.0
2015-03-18,7076.0
2015-03-25,6648.0
2015-04-01,6553.0
2015-04-08,7470.0
2015-04-15,7967.0
2015-04-22,8673.0
2015-04-29,7661.0
2015-05-06,7399.0
2015-05-13,10328.0
2015-05-20,6985.0
2015-05-27,6859.0
2015-06-03,7726.0
2015-06-10,7427.0
2015-06-17,7111.0
2015-06-24,7108.0
2015-07-01,6192.0
2015-07-08,7235.0
2015-07-15,7183.0
2015-07-22,6334.0
2015-07-29,6751.0
2015-08-05,6821.0
2015-08-12,7806.0
2015-08-19,6761.0
2015-08-26,6925.0
2015-09-02,6739.0
2015-09-09,6962.0
2015-09-16,7073.0
2015-09-23,6471.0
2015-09-30,6724.0
2015-10-07,7067.0
2015-10-14,9166.0
2015-10-21,7380.0
2015-10-28,6474.0
2015-11-04,6423.0
2015-11-11,8297.0
2015-11-18,6600.0
2015-11-25,6984.0
2015-12-02,6745.0
2015-12-09,8012.0
2015-12-16,7346.0
2015-12-23,7069.0
2015-12-30,6903.0
2016-01-06,6147.0
2016-01-13,7869.0
2016-01-20,6438.0
2016-01-27,5829.0
2016-02-03,6881.0
2016-02-10,6965.0
2016-02-17,6590.0
2016-02-24,6321.0
2016-03-02,6110.0
2016-03-09,6833.0
2016-03-16,6606.0
2016-03-23,6623.0
2016-03-30,6823.0
2016-04-06,6813.0
2016-04-13,8890.0
2016-04-20,6359.0
2016-04-27,6084.0
2016-05-04,7245.0
2016-05-11,7098.0
2016-05-18,6601.0
2016-05-25,6095.0
2016-06-01,6673.0
2016-06-08,7704.0
2016-06-15,6597.0
2016-06-22,7166.0
2016-06-29,6575.0
2016-07-06,7294.0
2016-07-13,6731.0
2016-07-20,7332.0
2016-07-27,6068.0
2016-08-03,7307.0
2016-08-10,6982.0
2016-08-17,6882.0
2016-08-24,6203.0
2016-08-31,5787.0
2016-09-07,6830.0
2016-09-14,8671.0
2016-09-21,6947.0
2016-09-28,6219.0
2016-10-05,6310.0
2016-10-12,6698.0
2016-10-19,6436.0
2016-10-26,5556.0
2016-11-02,6939.0
2016-11-09,6746.0
2016-11-16,5285.0
2016-11-23,5924.0
2016-11-30,5200.0
2016-12-07,6741.0
2016-12-14,6343.0
2016-12-21,5893.0
2016-12-28,5953.0
2017-01-04,5594.0
2017-01-11,6780.0
2017-01-18,8260.0
2017-01-25,5611.0
2017-02-01,6226.0
2017-02-08,7016.0
2017-02-15,6365.0
2017-02-22,6684.0
2017-03-01,6750.0
2017-03-08,6464.0
2017-03-15,6739.0
2017-03-22,7211.0
2017-03-29,6850.0
2017-04-05,6352.0
2017-04-12,8783.0
2017-04-19,6680.0
2017-04-26,6401.0
2017-05-03,6564.0
2017-05-10,6860.0
2017-05-17,6913.0
2017-05-24,6746.0
2017-05-31,6251.0
2017-06-07,7385.0
2017-06-14,7609.0
2017-06-21,7493.0
2017-06-28,6481.0
2017-07-05,6503.0
2017-07-12,6325.0
2017-07-19,6857.0
2017-07-26,5669.0
2017-08-02,6989.0
2017-08-09,6342.0
2017-08-16,7009.0
2017-08-23,6231.0
2017-08-30,6716.0
2017-09-06,6418.0
2017-09-13,7823.0
2017-09-20,5880.0
2017-09-27,6052.0
2017-10-04,6197.0
2017-10-11,7198.0
2017-10-18,6026.0
2017-10-25,6275.0
2017-11-01,5850.0
2017-11-08,7038.0
2017-11-15,6486.0
2017-11-22,7164.0
2017-11-29,5908.0
2017-12-06,6787.0
2017-12-13,7726.0
2017-12-20,6925.0
2017-12-27,5931.0
2018-01-03,5481.0
2018-01-10,5844.0
2018-01-17,6728.0
2018-01-24,5836.0
2018-01-31,5666.0
2018-02-07,5138.0
2018-02-14,6385.0
2018-02-21,5290.0
2018-02-28,5893.0
2018-03-07,5782.0
2018-03-14,6541.0
2018-03-21,5110.0
2018-03-28,6117.0
2018-04-04,5006.0
2018-04-11,6606.0
